id,source_id,split,label,mentions_disaster_type,reports_event_occurrence,describes_threat_or_danger,mentions_cause_or_trigger,mentions_location,mentions_time_or_recency,includes_source_or_report,first_person_witnessing,mentions_casualties_or_injuries,mentions_property_damage,mentions_infrastructure_disruption,mentions_scale_or_intensity,calls_for_help,mentions_rescue_or_emergency_services,mentions_evacuation_or_shelter,gives_safety_instruction,uses_metaphor_or_idiom,refers_to_entertainment_or_sports,expresses_joke_or_sarcasm,discusses_non_event_context
disaster_00001,7229,train,real disaster,0,0,0,0,0,0,0,0,0,0,0,0,0,0,0,0,1,1,1,1
disaster_00003,4957,train,real disaster,1,1,0,1,1,1,1,0,0,0,0,0,0,0,0,0,0,0,0,0
disaster_00004,5734,train,not disaster,1,0,0,1,0,0,0,0,0,0,0,0,0,0,0,0,1,0,1,1
disaster_00005,8515,train,not disaster,0,0,0,0,0,0,0,0,0,0,0,0,0,0,0,0,1,0,1,1
disaster_00002,1154,train,not disaster,0,0,0,0,0,0,0,0,0,0,0,0,0,0,0,0,1,0,0,1
disaster_00000,4268,train,not disaster,0,0,0,0,0,0,0,0,0,0,0,0,0,0,0,0,1,0,0,1
disaster_00006,10382,train,real disaster,1,1,0,0,1,0,1,0,0,0,0,0,0,1,0,0,0,0,0,0
disaster_00007,8144,train,real disaster,0,1,1,0,1,0,0,0,1,0,0,1,0,1,0,0,0,0,0,0
disaster_00008,9897,train,not disaster,0,0,0,0,0,1,0,1,0,0,0,0,0,0,0,0,1,0,1,1
disaster_00009,10125,train,not disaster,0,0,0,0,0,0,0,0,0,0,0,0,0,0,0,0,1,1,0,1
disaster_00011,4498,test,not disaster,0,0,0,0,0,0,1,0,0,0,0,0,0,0,0,0,0,0,0,1
disaster_00010,10864,train,real disaster,1,1,1,0,1,1,0,1,0,0,0,0,0,0,1,0,1,0,1,0
disaster_00014,6276,train,real disaster,1,0,1,1,0,1,1,0,0,0,0,0,0,0,0,0,0,0,0,1
disaster_00012,1669,train,real disaster,1,0,0,0,1,1,0,0,0,0,0,0,0,0,0,0,0,0,0,1
disaster_00013,4884,train,not disaster,1,1,0,0,0,0,0,1,0,0,0,0,0,0,0,0,0,0,0,0
disaster_00017,8329,train,real disaster,1,0,0,0,1,0,1,0,0,0,0,0,0,0,0,0,1,0,0,1
disaster_00016,6334,train,not disaster,0,0,0,0,0,0,0,0,0,0,0,0,0,0,0,0,1,0,1,1
disaster_00019,1041,train,not disaster,0,0,0,0,0,0,0,1,0,0,0,0,0,0,0,0,0,0,1,0
disaster_00020,9905,train,not disaster,0,0,0,0,0,0,0,0,0,0,0,0,0,0,0,0,1,0,0,0
disaster_00021,2731,train,not disaster,0,0,0,0,0,0,0,0,0,0,0,0,0,0,0,0,1,1,0,0
disaster_00018,9343,train,real disaster,0,0,0,0,0,0,0,1,0,0,0,0,0,0,0,0,1,0,1,0
disaster_00024,229,train,real disaster,1,1,0,0,1,1,1,0,0,0,0,0,0,0,0,0,0,0,0,0
disaster_00022,3548,train,real disaster,1,1,0,0,1,0,0,0,0,0,0,0,0,0,0,0,0,0,0,0
disaster_00023,7112,train,not disaster,0,0,0,0,1,0,1,0,0,0,0,0,0,0,0,0,0,0,0,0
disaster_00015,4542,train,real disaster,0,1,1,0,1,1,0,0,0,0,0,0,1,0,0,0,0,0,0,0
disaster_00027,7912,test,not disaster,0,0,0,0,0,1,0,0,0,0,0,0,0,0,0,0,1,0,1,0
disaster_00026,7996,train,real disaster,1,1,0,0,1,0,1,0,0,1,0,0,0,0,0,0,0,0,0,0
disaster_00025,2550,train,not disaster,0,0,0,0,0,0,0,0,0,0,0,0,0,0,0,0,0,0,0,1
disaster_00028,8553,train,not disaster,0,0,0,0,0,0,0,0,0,0,0,0,0,0,0,0,1,0,1,1
disaster_00030,8740,test,not disaster,0,0,0,0,0,0,0,0,0,0,0,0,0,0,0,0,1,0,0,1
disaster_00032,8412,train,real disaster,1,1,1,1,1,0,0,0,0,0,0,0,0,0,0,0,0,0,0,0
disaster_00033,8808,train,not disaster,0,0,0,0,0,0,0,0,0,0,0,0,0,0,0,0,1,1,0,1
disaster_00031,10052,test,not disaster,0,0,0,0,0,0,0,0,0,0,0,0,0,0,0,0,0,0,0,1
disaster_00029,3829,train,not disaster,0,0,0,0,0,0,0,0,0,0,0,0,0,0,0,0,1,1,0,1
disaster_00034,10288,train,real disaster,0,0,0,0,0,0,0,0,0,0,0,0,0,0,0,0,0,0,0,1
disaster_00037,8969,train,not disaster,1,0,0,0,0,0,0,0,0,0,0,0,0,0,0,0,1,1,0,1
disaster_00035,8908,train,real disaster,1,0,0,0,0,0,0,0,0,0,0,0,0,0,0,0,1,1,0,1
disaster_00038,8334,train,real disaster,1,1,0,0,1,0,1,0,0,0,0,0,0,0,0,0,0,0,0,1
disaster_00039,10612,test,real disaster,1,1,1,0,0,0,1,0,1,0,0,0,0,1,0,0,0,0,0,0
disaster_00041,4523,train,real disaster,0,0,0,0,1,0,0,0,0,0,0,0,0,0,1,0,0,0,0,1
disaster_00036,5362,train,real disaster,1,1,0,0,1,0,0,0,0,0,0,0,0,1,0,0,0,0,0,0
disaster_00042,9313,test,not disaster,0,0,0,0,0,0,0,0,0,0,0,0,0,0,0,0,1,0,0,1
disaster_00043,3115,train,real disaster,1,1,0,0,1,0,1,0,0,0,0,0,0,0,0,0,0,0,0,0
disaster_00040,3448,train,not disaster,0,0,0,0,0,0,0,0,0,0,0,0,0,0,0,0,1,1,1,1
disaster_00045,4240,train,not disaster,0,0,0,0,0,0,0,0,0,0,0,0,0,0,0,0,1,0,1,1
disaster_00044,10223,test,real disaster,1,1,0,0,1,1,1,0,0,0,0,1,0,0,0,0,0,0,0,0
disaster_00046,5555,train,not disaster,0,0,0,0,0,0,0,0,0,0,0,0,0,0,0,0,1,0,0,1
disaster_00047,6141,train,not disaster,1,1,1,1,1,0,1,0,0,0,0,0,0,0,0,0,0,0,0,0
disaster_00048,9612,train,real disaster,1,1,1,0,0,1,1,0,0,0,0,0,0,0,0,0,0,0,0,0
disaster_00051,9293,train,not disaster,0,0,0,0,0,0,1,0,0,0,0,0,0,0,0,0,0,0,0,1
disaster_00050,1174,train,real disaster,0,0,0,0,1,0,0,0,0,0,0,0,0,0,0,0,1,0,0,1
disaster_00049,10352,train,not disaster,0,0,0,0,0,0,0,0,0,0,0,0,0,0,0,0,0,1,0,1
disaster_00052,6197,train,real disaster,1,1,1,0,0,0,1,1,0,0,0,0,0,0,0,0,0,0,0,0
disaster_00054,5577,train,not disaster,0,0,0,0,0,0,0,0,0,0,0,0,0,0,0,0,0,0,0,1
disaster_00053,2725,train,not disaster,0,0,0,0,0,0,0,0,0,0,0,0,0,0,0,0,1,0,1,1
disaster_00057,829,train,real disaster,1,1,1,1,0,0,1,0,0,0,0,0,0,0,0,0,0,0,0,0
disaster_00055,7044,train,not disaster,0,0,0,0,0,0,1,0,0,0,0,0,0,0,0,0,1,1,0,1
disaster_00060,2865,train,not disaster,0,0,0,0,0,0,0,1,0,0,0,0,0,0,0,0,0,0,0,0
disaster_00058,6277,train,real disaster,1,0,0,0,1,0,1,0,0,0,0,0,0,0,0,0,0,0,0,1
disaster_00062,1249,train,not disaster,0,0,0,0,0,0,0,0,0,0,0,0,0,0,0,0,0,0,0,1
disaster_00056,1488,train,not disaster,0,0,0,0,1,1,0,0,0,0,0,0,0,0,0,0,1,1,0,1
disaster_00059,6404,train,not disaster,1,0,0,0,1,0,1,0,0,0,0,0,0,0,0,0,0,1,0,1
disaster_00061,2955,train,not disaster,0,0,0,0,0,0,0,0,0,0,0,0,0,0,0,0,1,0,1,1
disaster_00066,3543,test,real disaster,1,1,1,0,1,0,0,0,0,0,0,0,0,0,0,0,0,0,0,0
disaster_00064,1061,train,real disaster,0,0,0,0,0,0,0,0,0,0,0,0,0,0,0,0,1,0,0,1
disaster_00065,9278,train,not disaster,0,0,0,0,0,0,0,0,0,0,0,0,0,0,0,0,1,1,1,1
disaster_00063,1487,train,not disaster,0,1,0,0,1,0,0,0,1,0,0,0,0,0,0,0,0,0,0,0
disaster_00067,9617,train,real disaster,1,0,0,0,1,0,0,0,0,0,0,0,0,0,0,0,1,1,1,1
disaster_00072,4785,train,real disaster,0,1,1,1,1,0,1,0,0,0,1,0,0,0,1,0,0,0,0,0
disaster_00071,3001,test,not disaster,0,0,0,0,0,0,0,0,1,0,0,0,0,0,0,0,0,1,0,0
disaster_00070,7478,train,not disaster,0,0,0,0,0,0,0,0,0,0,0,0,0,0,0,0,1,0,0,1
disaster_00069,9431,train,real disaster,1,1,0,1,1,1,1,0,1,0,0,0,0,0,0,0,0,0,0,0
disaster_00068,956,train,not disaster,0,0,0,0,0,0,0,0,0,0,0,0,0,0,0,0,0,0,1,0
disaster_00074,2423,train,not disaster,0,0,0,0,0,0,0,0,0,0,0,0,0,0,0,0,0,1,0,1
disaster_00073,5322,train,not disaster,1,0,0,0,0,0,0,0,0,0,0,0,0,0,0,0,1,0,1,0
disaster_00075,6769,train,not disaster,0,0,0,0,0,0,0,0,0,0,0,0,0,0,0,0,0,0,0,0
disaster_00078,6065,train,real disaster,1,0,0,0,0,1,0,0,0,0,0,0,0,0,0,0,1,0,1,1
disaster_00077,1878,train,not disaster,1,1,1,0,0,0,1,0,0,0,0,0,0,0,0,0,0,1,0,0
disaster_00079,5037,train,real disaster,1,1,0,0,1,1,1,0,0,0,0,0,0,0,0,0,0,0,0,0
disaster_00080,4057,train,real disaster,1,1,1,0,1,0,1,0,0,1,0,0,0,0,1,0,0,0,0,0
disaster_00081,8699,test,not disaster,1,1,1,0,0,0,1,0,0,1,0,0,0,0,0,0,0,0,1,0
disaster_00076,5935,train,not disaster,0,0,0,0,1,1,0,0,0,0,0,0,0,0,0,0,1,1,1,1
disaster_00082,5409,test,real disaster,0,0,0,0,1,0,1,0,0,0,0,0,0,1,0,0,0,0,0,1
disaster_00083,4619,train,not disaster,0,0,0,0,1,0,0,0,0,0,0,0,0,0,0,0,0,0,0,1
disaster_00085,7071,train,not disaster,0,0,0,0,0,0,0,0,0,0,0,0,0,0,0,0,1,1,1,1
disaster_00084,3786,train,not disaster,0,0,0,0,0,0,0,0,0,0,0,0,0,0,0,0,1,0,0,0
disaster_00086,4464,train,real disaster,1,1,0,0,1,0,0,0,0,0,0,0,0,0,0,0,0,1,0,0
disaster_00087,7350,train,not disaster,0,0,0,0,0,0,0,0,0,0,0,0,0,0,0,0,1,0,1,1
disaster_00088,6848,train,not disaster,0,0,0,0,0,0,0,0,0,0,0,0,0,0,0,0,1,1,1,1
disaster_00089,853,train,not disaster,1,1,1,1,0,0,1,0,0,0,1,0,0,0,0,0,0,0,0,0
disaster_00092,6133,test,not disaster,0,0,0,0,0,0,1,0,0,0,0,0,0,0,0,0,0,0,0,1
disaster_00091,5243,train,not disaster,0,0,0,0,0,0,0,0,0,0,0,0,0,0,0,0,1,1,0,0
disaster_00090,7780,train,real disaster,0,1,0,0,1,0,0,0,0,0,1,0,0,1,0,0,0,0,0,0
disaster_00093,6746,test,not disaster,0,0,0,0,0,0,0,0,0,0,0,0,0,0,0,0,1,0,1,1
disaster_00094,9531,train,real disaster,1,1,1,1,1,1,1,0,0,0,0,0,0,0,0,0,0,0,0,0
disaster_00095,9408,train,not disaster,0,0,0,0,0,0,0,0,0,0,0,0,0,0,0,0,1,0,0,1
disaster_00098,8189,train,real disaster,0,1,0,0,1,0,1,0,1,0,0,0,0,1,0,0,0,0,0,0
disaster_00099,10744,train,real disaster,1,1,0,0,1,0,1,0,0,1,0,0,0,0,0,0,0,0,0,0
disaster_00096,5834,test,real disaster,1,1,1,0,1,0,1,0,0,0,0,1,0,0,0,1,0,0,0,0
disaster_00100,2306,test,not disaster,0,0,0,0,0,0,0,0,0,0,0,0,0,0,0,0,0,0,0,1
disaster_00101,6376,test,real disaster,1,1,1,0,1,1,0,0,0,0,0,0,0,0,0,0,0,0,0,0
disaster_00102,6453,train,real disaster,1,1,0,0,1,0,1,0,1,1,0,0,0,0,0,0,0,0,0,0
disaster_00097,3741,train,not disaster,0,0,0,0,0,0,0,0,0,0,0,0,0,0,0,0,0,0,0,1
disaster_00103,496,train,not disaster,0,0,0,0,0,0,0,0,0,0,0,0,0,0,0,0,1,1,0,1
disaster_00105,2605,train,real disaster,1,1,0,1,0,0,0,0,0,0,0,0,0,0,0,0,0,0,0,0
disaster_00107,2857,test,real disaster,1,1,0,0,1,1,0,0,0,1,0,0,0,0,0,0,0,0,0,0
disaster_00104,1388,train,not disaster,0,0,0,0,0,0,0,0,0,0,0,0,0,0,0,0,0,0,0,1
disaster_00106,10215,train,real disaster,1,1,0,0,1,0,1,0,0,0,0,1,0,0,0,0,0,0,0,1
disaster_00108,8444,train,not disaster,0,0,0,0,0,0,0,0,0,0,0,0,0,0,0,0,0,1,0,1
disaster_00109,1301,train,not disaster,0,0,0,0,0,1,0,0,0,0,0,0,0,0,0,0,1,0,0,1
disaster_00111,6349,train,not disaster,1,0,0,0,0,0,0,0,0,0,0,0,0,0,0,0,1,1,1,1
disaster_00112,3259,train,not disaster,0,0,0,0,1,0,0,0,0,0,0,0,0,0,0,0,0,0,0,1
disaster_00110,2655,train,not disaster,0,0,0,0,0,0,0,0,0,0,0,0,0,0,0,0,1,0,1,1
disaster_00114,9174,train,real disaster,1,1,1,1,1,0,1,0,1,0,0,0,0,0,0,0,0,0,0,0
disaster_00116,7188,train,not disaster,1,0,0,0,0,0,0,0,0,0,0,0,0,0,0,0,1,1,0,0
disaster_00115,1094,train,not disaster,1,0,0,0,0,0,0,0,0,0,0,0,0,0,0,0,1,1,1,1
disaster_00113,5588,train,not disaster,0,0,0,0,0,0,0,0,0,0,0,0,0,0,0,0,0,0,0,1
disaster_00117,7938,train,not disaster,1,1,1,0,0,0,1,0,0,0,0,0,0,0,0,0,1,0,0,0
disaster_00118,5600,train,real disaster,1,1,1,0,1,1,1,0,0,0,0,0,0,0,0,1,0,0,0,0
disaster_00119,5843,train,not disaster,0,0,0,0,1,1,1,0,0,0,0,0,0,0,0,0,0,0,0,0
disaster_00121,1090,train,not disaster,0,0,0,0,0,0,0,0,0,0,0,0,0,0,0,0,1,0,1,1
disaster_00120,4406,test,not disaster,0,0,0,0,0,0,0,0,0,0,0,0,0,0,0,0,1,0,1,1
disaster_00123,4442,train,not disaster,0,0,1,0,0,0,0,0,0,0,0,0,0,0,0,0,1,0,1,0
disaster_00122,6783,train,not disaster,0,0,0,0,0,0,0,0,0,0,0,0,0,0,0,0,0,0,0,1
disaster_00125,2238,train,real disaster,1,0,0,0,1,0,0,0,0,0,0,0,0,1,0,0,0,0,0,0
disaster_00124,609,test,not disaster,1,1,1,0,1,0,1,0,0,1,0,0,0,0,0,0,0,0,0,0
disaster_00128,867,train,real disaster,1,0,1,0,0,1,1,0,0,0,0,0,0,0,0,0,0,0,0,1
disaster_00126,4753,train,real disaster,0,0,0,0,0,0,0,0,0,0,0,0,0,0,1,0,0,1,0,0
disaster_00130,6002,train,not disaster,0,0,0,0,0,1,1,0,0,0,0,0,0,0,0,1,0,0,0,0
disaster_00127,371,test,not disaster,0,0,0,0,0,1,0,0,0,0,0,0,0,0,0,0,1,1,1,1
disaster_00131,7433,train,not disaster,0,0,0,0,0,1,0,1,0,1,0,0,0,0,0,0,1,0,1,0
disaster_00129,9942,train,not disaster,0,0,0,0,0,0,0,0,0,0,0,0,0,0,0,0,1,0,1,1
disaster_00132,10426,train,real disaster,1,0,0,1,0,0,0,0,0,0,0,0,0,0,0,0,0,0,0,1
disaster_00136,3775,test,not disaster,0,0,0,0,0,0,0,0,0,0,0,0,0,0,0,0,1,0,0,1
disaster_00134,281,train,not disaster,0,1,0,0,0,1,0,0,0,0,0,0,0,1,0,0,0,0,0,0
disaster_00135,4744,train,not disaster,0,1,1,1,1,0,0,1,0,0,0,0,0,0,1,0,1,1,1,0
disaster_00137,5617,train,real disaster,1,1,1,0,1,0,1,0,0,0,0,1,0,0,0,0,0,0,0,0
disaster_00138,6053,test,real disaster,1,1,1,0,1,1,1,0,0,0,0,0,0,0,0,1,0,0,0,0
disaster_00133,536,train,not disaster,0,0,0,0,1,0,1,0,0,0,0,0,0,0,0,0,0,0,0,1
disaster_00140,2047,test,real disaster,1,0,1,1,1,0,1,0,1,0,0,0,0,0,0,0,0,0,0,0
disaster_00141,5672,train,real disaster,1,0,0,0,0,0,1,0,0,0,0,0,0,0,0,0,0,0,0,0
disaster_00143,7319,test,real disaster,1,0,1,1,0,0,0,1,0,0,0,0,0,0,0,0,0,0,0,1
disaster_00144,2275,train,real disaster,0,0,0,0,0,0,0,0,0,0,0,0,0,0,0,0,1,0,1,1
disaster_00139,6315,train,real disaster,1,0,1,0,1,0,0,0,0,0,1,0,0,0,1,0,0,0,0,0
disaster_00145,782,train,not disaster,0,0,0,0,0,0,0,0,0,0,0,0,0,0,0,0,1,1,0,1
disaster_00142,4018,train,not disaster,0,0,0,0,1,1,0,0,0,0,0,0,0,0,0,0,1,0,1,1
disaster_00148,1302,train,not disaster,0,0,0,0,0,0,0,0,0,0,0,0,0,0,0,0,0,0,0,1
disaster_00147,3464,train,not disaster,0,0,0,0,0,0,0,0,0,0,0,0,0,0,0,0,1,0,0,1
disaster_00149,8555,test,not disaster,0,0,0,0,0,0,0,0,0,0,0,0,0,0,0,0,1,0,1,1
disaster_00146,7552,train,real disaster,1,1,0,0,1,0,0,0,1,0,0,1,0,0,0,0,0,0,0,0
disaster_00150,2592,test,not disaster,1,0,0,0,0,0,0,0,0,0,0,0,0,0,0,0,1,1,0,1
disaster_00152,5719,test,real disaster,1,0,0,0,0,0,0,0,0,0,0,0,0,0,0,0,1,0,1,0
disaster_00153,6305,train,not disaster,1,0,1,0,0,0,0,1,0,0,0,0,0,0,0,0,0,0,1,1
disaster_00151,2429,train,not disaster,0,0,0,0,0,0,0,0,0,0,0,0,0,0,0,0,1,0,0,1
disaster_00155,2210,test,not disaster,0,0,0,0,1,1,0,0,0,0,0,0,0,0,0,0,1,1,0,1
disaster_00154,356,test,real disaster,0,0,1,0,1,0,1,0,0,0,0,0,0,0,0,0,0,0,0,1
disaster_00156,2176,test,not disaster,0,0,0,0,0,0,0,0,0,0,0,0,0,0,0,0,1,1,1,1
disaster_00159,1208,train,not disaster,1,0,0,0,0,0,0,0,0,0,0,0,0,0,0,0,1,1,1,1
disaster_00158,8187,test,real disaster,0,1,1,0,1,0,1,0,1,0,0,1,0,1,0,0,0,0,0,0
disaster_00157,8289,test,real disaster,0,0,0,0,0,0,1,0,0,0,0,0,0,1,0,0,1,0,1,1
disaster_00161,1866,train,not disaster,1,1,0,1,0,0,0,1,0,1,0,0,0,0,0,0,0,0,1,0
disaster_00160,7032,train,not disaster,0,0,0,0,0,0,0,0,0,0,0,0,0,0,0,0,0,0,0,1
disaster_00162,7800,train,not disaster,0,0,0,0,0,0,0,0,0,0,0,0,0,0,0,0,0,0,0,1
disaster_00164,1582,train,real disaster,1,0,0,0,1,1,0,0,0,0,0,0,0,0,0,0,1,0,1,1
disaster_00163,4051,train,real disaster,1,0,1,1,0,0,0,0,0,0,0,0,0,0,1,0,0,0,0,1
disaster_00165,3670,train,not disaster,0,0,1,0,0,0,0,0,0,0,0,0,0,0,0,0,0,0,0,0
disaster_00166,7047,train,not disaster,0,0,0,0,1,0,0,1,0,0,0,1,0,0,0,0,1,1,0,1
disaster_00168,4657,train,real disaster,1,1,1,0,1,0,0,0,0,1,1,0,0,0,0,0,0,0,0,0
disaster_00169,4191,train,not disaster,0,0,0,0,0,0,0,0,0,0,0,0,0,0,0,0,1,1,1,1
disaster_00167,3423,train,real disaster,1,1,0,0,1,0,1,0,0,0,0,0,0,0,0,0,0,0,0,0
disaster_00173,1798,train,not disaster,1,0,1,0,1,0,0,0,0,0,0,0,0,0,0,1,0,0,0,1
disaster_00170,2220,train,not disaster,0,0,0,0,1,0,0,0,0,0,0,0,0,0,0,0,0,0,0,1
disaster_00172,5683,train,real disaster,1,0,0,0,1,0,0,0,0,0,0,0,0,0,0,0,1,0,1,1
disaster_00171,10381,train,not disaster,0,0,0,0,0,0,0,0,0,0,0,0,0,0,0,0,0,1,0,1
disaster_00175,5064,train,real disaster,0,0,0,0,1,0,1,0,0,0,0,1,0,0,0,0,1,0,0,1
disaster_00174,2069,train,real disaster,1,0,1,0,1,0,0,0,1,0,0,1,0,0,0,0,0,0,0,0
disaster_00177,10525,train,real disaster,1,1,0,0,1,0,1,0,0,0,1,0,0,0,0,0,0,0,0,0
disaster_00178,2849,train,real disaster,1,1,0,1,1,0,1,0,1,0,0,1,0,0,0,0,0,0,0,0
disaster_00176,6729,train,real disaster,0,0,0,0,0,0,0,0,0,0,0,0,0,0,0,0,1,0,1,1
disaster_00181,9382,train,real disaster,1,1,1,1,0,0,0,0,0,0,0,0,0,0,0,0,0,0,0,1
disaster_00179,9632,train,not disaster,1,1,1,0,1,1,0,0,0,0,0,0,0,0,0,0,0,0,0,0
disaster_00180,2501,train,real disaster,1,1,0,0,1,0,1,0,0,0,0,0,0,0,0,0,0,0,0,0
disaster_00182,7818,train,not disaster,0,0,0,0,0,0,1,0,0,0,0,0,0,0,0,0,0,0,0,1
disaster_00184,10837,train,not disaster,1,0,0,0,0,0,0,0,0,0,0,0,0,0,0,0,1,1,1,1
disaster_00183,3705,train,not disaster,0,0,0,0,0,0,0,0,0,0,0,0,1,0,0,0,1,0,1,1
disaster_00186,10258,train,not disaster,0,0,0,0,0,0,0,0,0,0,0,0,0,0,0,0,1,0,1,1
disaster_00185,10379,train,not disaster,0,0,1,1,1,0,0,0,0,0,0,0,0,0,0,0,0,0,0,1
disaster_00189,1474,train,real disaster,0,0,0,0,0,0,0,0,0,0,0,0,0,0,0,0,1,1,1,1
disaster_00188,1394,train,not disaster,0,0,0,0,0,0,0,0,0,0,0,0,0,0,0,0,0,0,0,1
disaster_00190,1951,test,not disaster,1,0,0,0,0,0,0,0,0,1,0,0,0,0,0,0,1,0,1,1
disaster_00191,5038,train,not disaster,0,1,0,0,1,0,1,0,0,0,0,0,0,0,0,0,0,0,0,0
disaster_00195,5345,train,real disaster,1,0,0,0,1,0,0,0,0,0,0,0,0,0,0,0,1,0,1,1
disaster_00192,3185,test,not disaster,1,0,0,0,0,0,0,1,0,0,0,0,0,0,0,0,1,1,1,1
disaster_00193,6950,train,real disaster,1,1,1,0,1,0,0,0,1,0,0,0,0,0,0,0,0,0,0,0
disaster_00194,3853,train,real disaster,0,0,0,0,0,0,0,0,0,0,0,0,0,0,0,0,0,0,0,1
disaster_00198,7873,test,real disaster,1,1,1,1,1,0,1,0,0,0,0,0,0,0,1,0,0,0,0,0
disaster_00197,5149,train,not disaster,0,0,0,0,0,0,0,0,0,0,0,0,0,0,0,0,1,0,1,1
disaster_00187,2352,train,real disaster,0,0,0,0,0,0,0,0,0,0,0,0,0,0,0,0,1,0,0,1
disaster_00199,10098,test,real disaster,1,1,1,0,1,1,0,0,0,0,0,0,0,0,0,0,0,0,0,0
disaster_00200,6552,test,real disaster,0,0,0,0,1,1,0,0,0,0,0,0,0,0,0,0,1,1,0,1
disaster_00201,1637,test,real disaster,1,1,1,1,1,1,0,0,0,0,0,0,0,0,0,0,0,0,0,0
disaster_00196,5794,train,not disaster,0,0,0,0,1,0,0,0,0,0,0,0,0,0,0,0,1,1,0,0
disaster_00203,5999,train,real disaster,0,0,0,0,1,0,0,0,0,0,0,0,0,0,0,0,0,0,0,1
disaster_00202,2368,train,real disaster,0,0,0,0,0,0,0,0,0,0,0,0,0,0,0,0,1,0,0,0
disaster_00206,3494,train,real disaster,1,0,0,0,1,0,0,0,0,0,0,0,0,0,0,0,1,0,1,1
disaster_00207,2588,train,real disaster,1,1,0,0,1,0,1,0,1,0,0,0,0,0,0,0,0,0,0,0
disaster_00205,10010,train,not disaster,0,0,0,0,0,0,0,0,0,0,0,0,0,0,0,0,1,1,0,1
disaster_00204,7542,train,real disaster,1,1,0,0,1,0,1,0,0,0,0,1,0,0,0,0,0,0,0,0
disaster_00209,5569,train,real disaster,1,1,1,1,0,0,1,0,1,0,0,0,0,0,0,0,0,0,0,0
disaster_00208,1864,train,not disaster,1,1,1,1,0,1,0,1,1,0,0,1,0,0,0,0,0,0,0,0
disaster_00212,2908,train,not disaster,0,0,1,0,0,0,0,0,0,0,0,0,0,0,0,0,0,0,0,0
disaster_00211,4758,train,real disaster,0,1,0,0,0,0,0,1,0,0,1,0,0,0,1,0,0,0,0,0
disaster_00210,7659,train,not disaster,0,0,0,0,0,0,0,0,0,0,0,0,0,0,0,0,0,1,0,0
disaster_00214,6683,train,real disaster,1,1,1,1,1,0,0,0,0,1,1,0,0,0,0,0,0,0,0,0
disaster_00213,543,test,not disaster,0,0,0,0,0,0,0,0,0,0,0,0,0,0,0,0,0,1,0,1
disaster_00216,3277,test,not disaster,0,0,0,0,0,0,0,0,0,0,0,0,0,0,0,0,1,0,0,1
disaster_00215,2457,test,not disaster,0,0,0,0,0,0,0,0,0,0,0,0,0,0,0,0,1,0,1,1
disaster_00217,4677,train,not disaster,1,0,0,0,0,0,0,0,0,0,0,0,0,0,0,0,1,0,1,1
disaster_00218,1701,train,real disaster,1,1,1,0,0,0,1,0,0,1,0,0,0,0,0,0,0,0,0,0
disaster_00219,1380,train,not disaster,0,0,0,0,0,0,0,0,0,0,0,0,0,0,0,0,0,0,0,1
disaster_00221,1128,train,not disaster,0,0,0,0,0,0,0,0,0,0,0,0,0,0,0,0,1,1,1,1
disaster_00222,9031,test,not disaster,0,0,0,0,0,0,0,0,0,0,0,0,0,0,0,0,1,0,0,1
disaster_00220,10665,train,not disaster,0,0,0,0,0,0,0,0,0,0,0,0,0,0,0,0,1,0,1,1
disaster_00225,316,train,not disaster,1,0,1,1,1,0,0,0,0,0,0,0,0,0,0,0,0,0,0,1
disaster_00223,1979,train,real disaster,1,1,0,1,1,0,1,0,0,0,0,0,0,0,0,0,0,0,0,0
disaster_00226,4492,train,not disaster,0,0,1,0,0,0,0,0,0,0,0,0,0,0,0,0,1,1,1,1
disaster_00224,8538,test,not disaster,0,0,0,0,0,0,0,0,0,0,0,0,0,0,0,0,1,1,1,1
disaster_00227,5274,train,not disaster,0,0,0,0,0,0,0,0,0,0,0,0,0,0,0,0,1,0,1,1
disaster_00228,215,train,not disaster,1,0,1,0,0,1,0,0,1,0,0,0,0,0,0,0,1,0,1,1
disaster_00230,4802,train,real disaster,1,1,0,0,1,0,0,0,0,0,0,0,0,0,1,0,0,0,1,0
disaster_00229,4630,train,not disaster,0,0,0,0,0,0,0,0,0,0,0,0,0,1,0,0,0,0,0,1
disaster_00231,5284,train,not disaster,0,0,0,0,0,1,0,0,0,0,0,0,0,0,0,0,1,1,0,1
disaster_00233,3593,train,not disaster,0,0,0,0,0,0,1,0,0,0,0,0,0,0,0,0,0,1,0,0
disaster_00232,4846,train,real disaster,0,0,0,0,1,1,0,1,0,0,0,0,0,0,1,0,0,1,0,0
disaster_00234,10396,test,real disaster,1,0,0,0,0,0,0,0,0,0,0,0,0,0,0,0,1,0,0,1
disaster_00236,3585,test,not disaster,0,0,0,0,0,0,0,0,0,0,0,0,0,0,0,0,0,0,0,0
disaster_00235,7428,test,not disaster,0,0,0,0,0,0,0,0,0,0,0,0,0,0,0,0,1,1,0,0
disaster_00237,4355,train,not disaster,1,0,0,0,0,0,0,0,0,0,0,0,0,0,0,0,1,1,0,1
disaster_00239,8858,train,not disaster,0,0,0,0,0,0,0,0,0,0,0,0,0,0,0,0,1,0,1,1
disaster_00238,2121,test,real disaster,0,0,0,0,0,0,0,0,0,0,0,0,0,0,0,1,0,0,0,1
disaster_00240,10029,train,not disaster,0,0,0,0,0,0,0,0,0,0,0,0,0,0,0,0,0,1,0,1
disaster_00242,5653,test,real disaster,1,0,0,0,1,1,1,0,0,0,0,0,0,0,0,0,0,0,0,0
disaster_00244,10079,train,real disaster,1,1,1,0,1,1,1,0,0,0,0,0,0,0,0,0,0,0,0,0
disaster_00245,997,train,not disaster,0,0,0,0,1,0,0,0,0,0,0,0,0,0,0,0,0,0,0,1
disaster_00241,817,train,not disaster,0,0,0,0,0,0,0,0,0,0,0,0,0,0,0,0,1,0,0,1
disaster_00247,2367,train,real disaster,0,1,1,0,0,1,0,0,1,0,0,1,0,0,0,0,0,0,0,0
disaster_00243,3281,train,not disaster,0,0,0,0,0,1,0,1,0,0,0,0,0,0,0,0,1,1,0,0
disaster_00249,9670,train,real disaster,1,1,0,0,0,1,1,0,0,0,0,0,0,0,0,0,0,0,0,0
disaster_00248,7679,train,not disaster,0,0,0,0,0,0,0,0,0,0,0,0,0,0,0,0,1,1,0,1
disaster_00252,8892,train,not disaster,1,0,0,0,0,0,0,0,0,0,0,0,0,0,0,0,1,1,0,1
disaster_00246,2755,train,real disaster,1,1,1,1,1,0,1,0,0,0,1,0,0,0,1,0,0,0,0,0
disaster_00251,174,train,not disaster,1,0,0,0,0,0,0,0,0,0,0,0,0,0,0,0,1,0,0,1
disaster_00250,1689,train,real disaster,0,0,0,0,1,1,1,0,0,0,0,0,0,0,0,0,1,1,0,0
disaster_00253,8320,train,not disaster,1,0,0,0,1,0,1,0,0,0,0,0,0,0,0,0,1,0,0,1
disaster_00254,4847,train,not disaster,0,1,0,0,1,0,1,0,0,0,0,0,0,0,1,0,0,0,0,0
disaster_00255,3463,train,real disaster,1,1,1,0,1,0,0,0,0,0,1,0,0,0,0,0,0,0,0,0
disaster_00256,6148,train,real disaster,1,1,1,0,1,0,0,0,0,0,0,0,0,1,0,0,0,0,0,0
disaster_00259,2301,train,not disaster,0,1,0,1,1,0,1,0,1,0,0,0,0,0,0,0,0,1,0,0
disaster_00257,9644,test,real disaster,1,1,1,0,1,1,1,0,0,0,0,0,0,0,0,1,0,0,0,0
disaster_00258,1433,train,real disaster,0,0,0,0,0,0,0,0,0,0,0,0,0,0,0,0,1,1,1,1
disaster_00261,4518,train,not disaster,0,0,0,0,0,0,0,0,0,0,0,0,0,1,0,0,0,0,0,1
disaster_00262,6529,train,not disaster,0,0,0,0,0,0,0,0,0,0,0,0,0,0,0,0,1,1,0,1
disaster_00263,2158,train,not disaster,0,0,0,0,1,1,0,0,0,0,0,0,0,0,0,0,1,1,0,1
disaster_00260,7437,test,real disaster,0,0,0,0,1,0,0,0,0,0,0,0,0,0,0,0,0,0,0,0
disaster_00265,3276,train,not disaster,0,0,0,0,0,0,0,0,0,0,0,0,0,0,0,0,1,0,1,1
disaster_00266,9864,train,not disaster,0,0,0,0,0,0,0,0,0,0,0,0,0,0,0,0,1,0,1,0
disaster_00264,7310,train,not disaster,0,0,0,0,0,0,0,0,0,0,0,0,0,0,0,0,1,0,1,1
disaster_00267,9663,train,not disaster,1,0,0,0,0,0,0,0,0,0,0,0,0,0,0,0,1,1,0,1
disaster_00268,8717,test,not disaster,0,0,0,0,0,0,0,0,0,0,0,0,0,0,0,0,1,0,0,1
disaster_00270,2089,train,real disaster,0,0,0,0,0,0,1,0,0,0,0,0,0,0,0,0,0,0,0,0
disaster_00269,10202,train,real disaster,1,1,1,0,0,0,1,0,0,0,0,0,0,0,0,0,0,0,0,0
disaster_00271,518,train,not disaster,0,0,0,0,0,0,0,0,0,0,0,0,0,0,0,0,0,1,0,1
disaster_00273,8520,test,not disaster,0,0,0,0,0,1,0,0,0,0,0,0,0,0,0,0,1,1,1,1
disaster_00275,7987,train,real disaster,1,1,0,0,1,0,1,0,0,1,0,0,0,0,0,0,0,0,0,0
disaster_00272,3879,train,real disaster,1,0,0,0,0,0,0,0,0,0,0,0,0,0,0,0,1,0,0,1
disaster_00277,6575,train,not disaster,0,0,0,0,1,0,0,0,0,0,0,0,0,0,0,0,0,0,0,1
disaster_00274,7443,train,not disaster,0,0,0,0,0,0,0,0,0,0,0,0,0,0,0,0,1,0,1,1
disaster_00278,7949,train,not disaster,1,0,0,0,0,0,0,0,0,0,0,0,0,0,0,0,0,0,1,0
disaster_00276,7311,train,not disaster,0,0,0,0,0,0,0,0,0,0,0,0,0,0,0,0,1,1,1,1
disaster_00280,6643,train,not disaster,0,0,0,0,0,1,0,0,0,0,0,0,0,0,0,0,1,0,1,1
disaster_00282,10851,train,real disaster,1,1,1,0,1,0,1,0,1,0,0,1,0,0,0,1,0,0,0,0
disaster_00283,6371,train,not disaster,1,0,0,0,1,0,0,0,0,0,0,0,0,0,0,0,0,1,0,0
disaster_00281,6422,train,not disaster,1,0,0,0,0,0,0,0,0,0,0,0,0,0,0,0,1,0,1,1
disaster_00279,24,train,not disaster,0,0,0,0,0,0,0,0,0,0,0,0,0,0,0,0,0,0,0,1
disaster_00284,10766,test,real disaster,1,1,0,0,1,0,1,0,0,1,0,0,0,0,0,0,0,0,0,0
disaster_00285,2074,train,not disaster,0,0,0,0,1,0,0,0,0,0,0,0,0,0,0,0,1,0,1,1
disaster_00288,8291,train,real disaster,0,0,0,0,0,0,0,1,0,0,0,0,0,0,0,0,1,0,0,1
disaster_00287,2183,test,real disaster,0,0,0,0,0,0,0,0,0,0,0,0,0,0,0,0,0,0,0,1
disaster_00286,6928,train,not disaster,0,0,0,0,0,0,0,0,0,0,0,0,0,0,0,0,1,0,1,0
disaster_00289,2190,train,real disaster,1,1,0,0,1,1,1,0,0,0,0,0,0,0,0,0,0,0,0,0
disaster_00290,3868,train,not disaster,1,0,0,0,1,0,0,0,0,0,0,0,0,0,0,0,0,0,0,1
disaster_00292,10506,train,real disaster,1,0,0,0,1,0,1,0,0,0,0,0,0,0,0,0,0,0,0,1
disaster_00293,7588,train,real disaster,1,1,0,0,0,0,0,0,1,0,0,1,0,0,0,0,0,0,0,0
disaster_00294,8955,train,not disaster,1,0,0,0,0,0,0,0,0,0,0,0,0,0,0,0,1,0,0,1
disaster_00298,1953,train,not disaster,1,0,0,0,0,0,0,0,0,0,0,0,0,0,0,0,1,0,1,1
disaster_00297,10264,train,not disaster,0,0,0,0,0,0,0,0,0,0,0,0,0,0,0,0,1,0,0,1
disaster_00296,334,train,real disaster,0,0,0,0,0,0,0,0,0,0,0,0,0,0,0,0,1,0,1,1
disaster_00299,564,train,not disaster,0,0,0,0,0,0,0,0,0,0,0,0,0,0,0,0,0,0,0,0
disaster_00291,527,train,not disaster,0,0,0,0,0,0,1,0,0,0,0,0,0,0,0,0,1,0,0,1
disaster_00302,5068,train,not disaster,0,0,0,0,0,1,0,0,0,0,0,0,0,0,0,0,1,0,1,1
disaster_00300,10083,train,real disaster,1,1,0,1,1,0,0,0,0,0,0,0,0,0,0,0,0,0,0,0
disaster_00295,1168,test,not disaster,0,0,0,0,1,0,1,0,0,0,0,0,0,0,0,0,0,0,0,1
disaster_00306,9121,train,real disaster,1,1,1,0,1,0,1,0,0,0,0,0,0,0,0,0,0,0,0,0
disaster_00307,3725,train,real disaster,1,1,0,0,1,0,1,0,1,1,0,0,0,0,0,0,0,0,0,0
disaster_00309,10783,test,real disaster,1,1,0,0,0,0,1,0,0,1,0,0,0,0,0,0,0,0,0,0
disaster_00301,9441,train,real disaster,1,0,0,0,1,0,0,0,0,0,0,0,0,0,0,0,0,0,0,0
disaster_00303,5964,train,not disaster,0,0,0,0,1,0,1,0,0,0,0,0,0,0,0,0,0,1,0,1
disaster_00304,225,train,real disaster,1,0,0,0,0,0,0,0,0,0,0,0,0,0,0,0,0,0,0,1
disaster_00310,10436,train,real disaster,1,1,1,0,1,0,0,0,0,0,0,0,0,0,0,0,0,0,0,0
disaster_00305,6626,test,not disaster,0,0,0,0,0,1,0,0,0,0,0,1,0,0,0,0,1,1,1,1
disaster_00308,5570,train,not disaster,0,0,0,0,0,0,0,0,0,0,0,0,0,0,0,0,0,0,0,1
disaster_00311,1754,train,real disaster,1,0,0,0,0,0,0,0,1,1,0,0,0,0,0,0,0,0,0,1
disaster_00313,2648,train,real disaster,1,1,1,1,0,1,1,0,0,0,0,0,0,0,0,0,0,0,0,0
disaster_00315,10709,train,not disaster,0,0,0,0,0,0,0,0,0,0,0,0,0,0,0,0,1,0,0,1
disaster_00316,2207,train,not disaster,0,0,0,0,0,0,0,0,0,0,0,0,0,0,0,0,1,0,0,1
disaster_00312,8287,train,real disaster,0,1,1,0,1,0,1,0,0,0,0,0,0,0,0,0,0,1,0,0
disaster_00314,7755,train,real disaster,0,0,0,0,1,0,1,0,0,0,0,0,0,1,0,0,0,0,0,1
disaster_00317,9344,test,not disaster,0,0,0,0,0,0,0,0,0,0,0,0,0,0,0,0,1,1,1,1
disaster_00318,2969,train,real disaster,0,0,0,0,0,0,0,1,1,0,0,0,0,0,0,0,0,1,0,0
disaster_00321,9973,test,not disaster,1,0,0,0,0,0,0,0,0,0,0,0,0,0,0,0,1,0,0,1
disaster_00319,7631,train,not disaster,0,0,0,0,0,0,0,0,0,0,0,0,0,0,0,0,0,0,0,1
disaster_00322,5858,train,real disaster,1,1,0,0,1,1,0,1,0,1,0,0,0,0,0,0,0,0,0,0
disaster_00323,7609,test,not disaster,0,1,0,0,1,0,1,0,0,0,0,0,0,0,0,0,0,0,0,0
disaster_00320,3296,train,not disaster,0,0,0,0,0,0,0,0,0,0,0,0,0,0,0,0,1,0,1,1
disaster_00327,9674,train,real disaster,1,0,0,0,1,0,0,0,1,0,0,0,0,0,0,0,0,1,0,0
disaster_00325,9750,train,real disaster,1,1,1,0,1,0,0,1,0,1,0,0,0,0,0,0,0,0,0,0
disaster_00326,1245,train,real disaster,0,0,0,0,0,0,0,0,0,0,0,0,0,0,0,0,1,0,1,1
disaster_00328,419,train,not disaster,0,0,0,0,1,0,0,0,0,0,0,0,0,0,0,0,0,0,0,1
disaster_00324,9919,test,not disaster,0,0,0,0,0,0,0,0,0,0,0,0,0,0,0,0,0,0,0,0
disaster_00330,2245,train,not disaster,0,0,0,0,0,0,0,0,0,0,0,0,0,0,0,0,1,0,1,1
disaster_00333,4893,test,not disaster,1,0,0,0,0,0,0,0,0,0,0,0,0,0,0,0,1,0,1,1
disaster_00332,8738,test,real disaster,0,0,0,0,0,1,0,0,0,0,0,0,0,0,0,0,1,1,1,1
disaster_00331,10141,train,not disaster,0,0,0,0,0,1,1,0,0,0,0,0,0,0,0,0,0,0,0,1
disaster_00335,5863,train,real disaster,1,1,1,1,0,1,0,1,0,1,0,0,0,0,0,0,0,0,0,0
disaster_00334,4627,train,real disaster,0,0,0,0,1,0,0,0,0,0,0,0,0,0,0,0,0,0,0,1
disaster_00337,3289,train,not disaster,0,1,1,0,1,0,1,0,0,0,0,0,0,0,0,0,0,0,0,0
disaster_00329,791,train,real disaster,0,0,0,0,0,0,0,0,0,0,0,0,0,0,0,0,0,1,0,1
disaster_00336,3877,test,real disaster,1,0,0,0,1,1,1,0,0,0,0,0,0,0,0,0,0,0,0,1
disaster_00338,5899,train,not disaster,0,0,0,0,0,0,0,0,0,0,0,0,0,0,0,0,1,0,0,1
disaster_00339,5496,train,not disaster,1,0,0,0,0,0,0,0,0,0,0,0,0,0,0,0,1,0,0,0
disaster_00342,10307,train,real disaster,1,0,0,0,0,0,0,0,0,0,0,0,0,0,0,0,0,0,0,1
disaster_00341,9815,test,not disaster,0,0,0,1,0,0,0,0,1,0,0,0,0,0,0,0,0,0,0,0
disaster_00340,3904,train,real disaster,1,0,0,1,1,1,0,0,1,0,0,0,0,0,0,0,0,0,0,1
disaster_00343,2016,train,real disaster,0,0,0,0,0,0,0,0,1,0,0,0,1,0,0,0,0,0,0,1
disaster_00345,10410,train,real disaster,0,0,0,0,0,0,0,0,0,0,0,0,0,0,0,0,0,0,0,1
disaster_00346,5492,train,not disaster,1,0,0,0,0,0,0,0,0,0,0,0,0,0,0,0,1,0,1,1
disaster_00344,10340,train,real disaster,0,0,0,0,0,0,0,0,0,0,0,0,0,0,0,0,1,0,1,1
disaster_00347,4270,train,not disaster,0,0,0,0,0,0,0,0,0,0,0,0,0,0,0,0,1,0,0,1
disaster_00348,9736,test,not disaster,0,0,0,0,0,0,0,0,0,0,0,0,0,0,0,0,1,0,0,1
disaster_00349,7669,train,not disaster,0,0,0,0,0,0,0,0,0,0,0,0,0,0,0,0,1,0,0,1
disaster_00352,753,train,not disaster,0,0,0,0,1,1,0,0,0,0,0,0,0,0,0,0,0,1,0,1
disaster_00351,5524,train,real disaster,1,1,0,1,1,1,0,0,1,1,0,0,0,0,0,0,0,0,0,0
disaster_00355,10782,train,real disaster,1,1,0,0,1,0,1,0,1,0,0,0,0,0,0,0,0,0,0,0
disaster_00353,435,train,not disaster,1,0,0,0,0,0,1,0,0,0,0,0,0,0,0,0,1,1,0,1
disaster_00354,2078,train,real disaster,0,0,0,0,0,1,0,0,0,0,0,0,0,0,0,0,0,0,0,1
disaster_00350,8368,train,not disaster,0,0,0,0,0,0,0,0,0,0,0,0,0,0,0,0,1,0,0,1
disaster_00358,6427,test,real disaster,1,0,0,0,0,0,0,0,0,0,0,0,0,0,0,0,1,0,0,1
disaster_00357,7410,train,not disaster,1,0,1,1,0,0,0,0,0,0,0,0,0,0,0,0,1,0,1,1
disaster_00359,9182,train,not disaster,1,0,0,0,0,0,0,0,0,0,0,0,0,0,0,0,1,1,0,0
disaster_00360,1099,train,not disaster,1,1,1,0,0,0,0,0,0,1,0,0,0,0,0,0,0,0,0,0
disaster_00361,8297,train,not disaster,1,1,0,0,1,1,0,0,0,0,0,0,0,0,0,0,0,0,0,1
disaster_00356,9292,train,not disaster,0,0,0,0,0,0,0,0,0,0,0,0,0,0,0,0,0,1,0,1
disaster_00363,1753,train,real disaster,1,0,0,0,0,0,0,0,0,0,0,0,0,0,0,0,1,0,1,1
disaster_00364,7179,train,real disaster,1,0,0,0,0,0,0,0,0,0,0,0,0,0,0,0,0,0,0,0
disaster_00362,9592,train,not disaster,0,0,0,0,0,0,0,1,0,0,0,0,0,0,0,0,0,0,0,0
disaster_00365,9120,test,real disaster,1,1,1,0,1,0,1,0,0,0,0,0,0,0,0,0,0,0,0,0
disaster_00366,1277,train,real disaster,1,1,1,0,0,0,0,1,1,0,0,0,0,0,0,0,0,0,0,0
disaster_00367,10591,train,real disaster,1,1,1,0,1,0,1,0,1,0,0,0,0,1,0,0,0,0,0,0
disaster_00368,8931,test,not disaster,0,0,0,0,0,0,0,0,0,0,0,0,0,0,0,0,1,1,0,1
disaster_00369,8432,train,real disaster,1,1,1,1,1,0,0,0,0,0,0,0,0,0,0,0,0,0,0,0
disaster_00370,5175,test,real disaster,1,0,1,1,1,0,1,0,1,0,0,0,0,0,0,0,0,0,0,0
disaster_00371,697,test,not disaster,1,1,1,0,0,0,0,1,0,0,0,0,0,0,0,0,0,0,1,0
disaster_00372,5095,train,real disaster,1,0,0,0,1,0,0,1,0,0,0,0,0,0,0,0,1,0,0,1
disaster_00375,3158,test,not disaster,0,0,0,0,1,0,0,0,0,0,0,0,0,0,0,0,1,0,0,1
disaster_00377,10064,train,real disaster,1,1,0,1,1,0,1,0,0,0,0,0,0,0,0,0,0,0,0,0
disaster_00373,9345,test,not disaster,0,0,0,0,0,0,0,0,0,0,0,0,0,0,0,0,1,0,0,1
disaster_00376,1537,train,not disaster,0,0,0,0,0,0,0,0,0,0,0,0,0,0,0,0,1,1,1,1
disaster_00378,3101,train,real disaster,0,1,0,0,0,0,1,0,1,0,0,0,0,0,0,0,0,0,0,0
disaster_00379,2237,test,not disaster,0,0,0,0,1,0,0,0,0,0,0,0,0,0,0,0,0,0,0,1
disaster_00380,2442,train,not disaster,0,0,0,0,0,1,0,0,0,0,0,0,0,0,0,0,0,1,0,0
disaster_00381,8567,train,not disaster,0,0,0,0,0,0,0,0,0,0,0,0,0,0,0,0,0,0,1,0
disaster_00382,6681,test,real disaster,1,1,0,1,0,1,0,1,0,0,1,0,0,0,0,0,0,0,0,0
disaster_00384,3824,train,real disaster,1,0,1,0,1,0,0,0,0,0,0,0,0,0,0,0,0,0,0,0
disaster_00383,3356,train,not disaster,0,0,0,0,0,0,0,0,0,0,0,0,0,0,0,0,1,1,1,1
disaster_00386,7867,test,not disaster,0,0,0,0,0,1,0,0,0,0,0,0,0,0,0,0,1,1,1,1
disaster_00385,1823,train,not disaster,1,1,1,1,0,0,0,1,1,0,0,0,0,0,0,0,0,0,0,0
disaster_00388,9096,train,real disaster,1,1,1,1,1,0,1,0,0,0,0,0,0,0,0,0,0,0,0,0
disaster_00387,7754,train,not disaster,0,1,0,0,0,0,1,0,0,0,0,0,0,1,0,0,0,0,0,0
disaster_00391,8684,train,real disaster,1,1,0,0,1,0,1,0,0,0,1,0,0,0,0,0,0,0,0,0
disaster_00390,9941,train,not disaster,0,0,0,0,0,0,0,0,0,0,0,0,0,0,0,0,1,0,1,1
disaster_00389,1431,train,not disaster,0,0,0,0,0,0,0,0,0,0,0,0,0,0,0,0,0,1,1,1
disaster_00392,10142,train,real disaster,0,0,0,0,1,1,1,0,0,0,0,0,0,0,0,0,0,0,0,1
disaster_00393,8694,train,not disaster,0,0,0,0,0,0,0,0,0,0,0,0,0,0,0,0,1,0,0,1
disaster_00394,688,test,real disaster,1,1,0,0,1,0,1,0,0,0,0,0,0,0,0,0,0,0,0,0
disaster_00395,7554,train,real disaster,1,1,0,0,0,0,0,0,1,0,0,1,0,0,0,0,0,0,0,0
disaster_00396,8279,train,real disaster,0,0,0,0,1,0,0,0,0,0,0,0,0,0,0,0,1,1,1,1
disaster_00398,3323,train,not disaster,0,0,0,0,0,0,0,0,0,0,0,0,0,0,0,0,1,1,0,0
disaster_00397,7357,train,not disaster,0,0,0,0,1,0,0,0,0,0,0,0,0,0,0,0,1,0,1,1
disaster_00400,10314,train,not disaster,0,0,0,0,0,0,0,0,0,0,0,0,0,0,0,0,1,1,0,1
disaster_00399,1040,train,real disaster,0,0,0,0,0,0,0,0,0,0,0,0,0,0,0,0,1,0,0,1
disaster_00401,3239,test,not disaster,0,0,0,0,0,0,0,0,0,0,0,0,0,0,0,0,1,0,0,1
disaster_00402,2177,train,real disaster,1,1,0,0,1,1,1,0,0,0,0,0,0,0,0,0,0,0,0,0
disaster_00403,2060,train,not disaster,0,0,0,0,1,1,0,0,0,0,0,0,0,0,0,0,0,0,0,1
disaster_00405,5024,test,real disaster,1,1,0,0,1,1,1,0,0,0,0,0,0,0,0,0,0,0,0,0
disaster_00407,9220,train,real disaster,1,1,1,1,1,0,1,0,1,0,0,0,0,0,0,0,0,0,0,0
disaster_00404,7847,train,not disaster,0,0,0,0,0,1,1,0,0,0,0,0,0,0,0,0,1,0,0,1
disaster_00374,5043,train,not disaster,0,0,0,0,1,0,0,0,0,0,0,0,0,0,0,0,0,0,0,1
disaster_00408,786,train,not disaster,0,0,0,0,0,0,0,1,0,0,0,0,0,0,0,0,0,0,0,0
disaster_00410,6259,train,real disaster,1,0,1,1,0,1,1,0,0,0,0,0,0,0,0,0,0,0,0,1
disaster_00409,9661,train,not disaster,1,0,0,0,0,0,0,0,0,0,0,0,0,0,0,0,1,0,0,1
disaster_00411,5025,train,real disaster,0,0,0,0,1,0,1,0,0,0,0,0,0,0,0,0,0,0,0,1
disaster_00413,9797,train,real disaster,1,0,0,0,1,0,0,0,0,0,0,0,0,0,0,0,0,1,0,1
disaster_00412,1114,train,not disaster,1,0,0,0,0,0,0,0,0,0,0,0,0,0,0,0,1,0,1,0
disaster_00415,9416,train,real disaster,0,0,0,0,0,0,1,0,0,0,0,0,0,0,0,0,0,0,0,0
disaster_00414,5892,train,not disaster,0,0,0,0,0,0,0,0,0,0,0,0,0,0,0,0,0,0,0,1
disaster_00419,7544,train,real disaster,1,1,0,0,1,1,1,0,0,0,0,0,0,0,0,0,0,0,0,0
disaster_00418,9033,test,not disaster,0,0,0,0,0,0,0,0,0,0,0,0,0,0,0,0,0,0,0,1
disaster_00420,754,test,not disaster,0,0,0,0,0,0,0,0,0,0,0,0,0,0,0,0,0,0,1,1
disaster_00417,2194,train,real disaster,0,0,0,0,0,0,0,0,0,0,0,0,0,0,0,0,1,0,0,1
disaster_00416,1480,train,not disaster,0,0,0,0,0,0,0,0,0,0,0,0,0,0,0,0,0,0,0,1
disaster_00423,4391,train,real disaster,1,0,0,0,0,0,0,0,0,0,0,0,0,0,0,0,0,0,0,0
disaster_00424,9810,train,not disaster,0,0,0,1,0,0,0,0,0,0,0,0,0,0,0,0,0,0,0,1
disaster_00422,1275,train,not disaster,0,0,0,0,0,0,0,0,1,0,0,0,1,0,0,0,1,0,0,1
disaster_00426,1881,test,not disaster,0,0,0,0,0,0,0,0,0,0,0,0,0,0,0,0,1,1,0,1
disaster_00406,9042,test,real disaster,1,1,1,1,0,0,1,0,0,0,0,0,0,0,0,0,0,0,0,0
disaster_00428,5291,train,not disaster,0,0,0,0,0,0,0,0,0,0,0,0,0,0,0,0,1,0,0,1
disaster_00421,10667,train,real disaster,1,1,0,0,1,0,1,0,1,0,0,0,0,0,0,0,0,0,0,0
disaster_00429,7628,train,not disaster,0,0,0,0,0,0,0,0,0,0,0,0,0,0,0,0,1,1,0,1
disaster_00430,10458,test,real disaster,1,0,0,0,0,0,0,0,0,0,0,0,0,0,0,0,1,0,1,1
disaster_00431,7675,test,not disaster,0,0,0,0,0,0,0,1,0,0,0,0,0,0,0,0,1,0,1,0
disaster_00433,5886,train,not disaster,0,0,0,0,0,0,0,0,0,0,0,0,0,0,0,0,0,1,0,1
disaster_00434,344,test,not disaster,0,0,0,0,1,0,0,1,0,0,0,0,0,0,0,0,1,1,1,1
disaster_00432,481,train,not disaster,0,0,0,0,0,0,0,0,0,0,0,0,0,0,0,0,1,1,0,0
disaster_00435,1051,train,real disaster,0,0,0,0,0,0,0,1,1,0,0,0,0,0,0,0,0,0,0,0
disaster_00437,10203,train,real disaster,1,1,1,0,0,0,1,0,0,0,0,1,0,0,0,0,0,0,1,0
disaster_00438,2912,train,not disaster,0,0,0,0,0,1,0,0,0,0,0,0,0,0,0,0,1,1,0,1
disaster_00427,8317,train,real disaster,1,0,0,0,1,0,1,0,0,0,0,0,0,0,0,0,1,0,0,1
disaster_00425,8939,train,real disaster,1,0,0,0,1,0,0,1,0,0,0,0,0,0,0,0,1,0,1,1
disaster_00440,3521,train,real disaster,1,1,1,1,0,0,0,0,0,0,0,0,0,0,0,0,0,0,0,0
disaster_00436,7052,train,real disaster,0,0,0,0,0,0,0,0,0,0,0,0,0,0,0,0,1,0,1,1
disaster_00441,64,train,not disaster,1,0,0,0,1,0,0,1,0,0,0,0,0,0,0,0,1,0,1,1
disaster_00439,4687,train,not disaster,0,0,1,0,0,0,0,0,0,0,0,0,0,0,0,0,1,0,0,0
disaster_00442,6196,train,real disaster,1,0,0,0,0,0,1,0,0,0,0,0,0,0,0,0,0,0,0,0
disaster_00443,4329,train,real disaster,1,1,1,0,0,1,0,1,0,0,0,0,0,0,0,0,0,0,0,0
disaster_00444,5807,train,not disaster,0,0,0,0,0,0,0,0,0,0,0,0,0,0,0,0,0,0,0,1
disaster_00445,3935,train,real disaster,0,0,0,0,0,0,0,0,1,0,0,0,0,0,0,0,1,1,0,1
disaster_00446,402,train,not disaster,0,0,0,0,0,0,0,0,0,0,0,0,0,0,0,0,1,0,1,1
disaster_00448,2732,train,not disaster,0,0,0,0,0,1,0,1,0,0,0,0,0,0,0,0,1,1,0,0
disaster_00447,5497,train,real disaster,1,0,0,0,0,0,0,1,0,0,0,0,0,0,0,0,1,0,1,1
disaster_00449,3038,train,real disaster,0,0,0,0,1,0,1,0,0,0,0,0,0,0,0,0,0,0,0,1
disaster_00451,10325,train,not disaster,0,0,0,0,0,1,0,0,0,0,0,0,0,0,0,0,1,1,1,1
disaster_00450,7718,train,not disaster,0,0,0,0,0,0,0,0,0,0,0,0,0,0,0,0,1,0,1,0
disaster_00453,2242,train,real disaster,1,0,0,0,1,1,1,0,0,0,0,0,0,1,0,0,0,0,0,0
disaster_00452,1479,train,real disaster,0,0,0,0,0,0,0,0,0,0,0,0,0,0,0,0,1,0,1,1
disaster_00454,1361,train,not disaster,0,0,0,0,0,1,0,0,0,0,0,0,0,0,0,0,1,1,0,1
disaster_00455,3573,train,not disaster,0,0,0,0,0,0,0,0,0,0,0,0,0,0,0,0,1,0,0,1
disaster_00456,2641,train,not disaster,1,1,0,1,0,0,0,1,0,0,0,0,0,0,0,0,0,0,0,0
disaster_00459,6709,train,not disaster,0,0,0,0,0,0,1,1,0,0,0,0,0,0,0,0,1,0,1,1
disaster_00458,5041,train,not disaster,0,0,0,0,0,1,1,0,0,0,0,0,0,0,0,0,0,0,0,1
disaster_00460,2282,train,real disaster,0,0,0,0,0,0,0,0,0,0,0,0,0,0,0,0,1,0,1,1
disaster_00462,1538,train,not disaster,0,0,0,0,0,0,0,0,0,0,0,0,0,0,0,0,1,1,0,1
disaster_00461,5841,train,real disaster,0,0,0,0,1,0,0,0,0,0,0,0,0,0,0,0,1,0,1,1
disaster_00457,8712,train,not disaster,0,0,0,0,0,0,0,0,0,0,0,0,0,0,0,0,1,0,0,1
disaster_00463,4564,train,not disaster,0,0,0,0,0,1,0,0,0,0,0,0,0,0,0,1,0,0,0,1
disaster_00465,3275,train,not disaster,0,0,0,0,0,0,0,0,0,0,0,0,0,0,0,0,1,0,0,1
disaster_00466,3961,train,real disaster,1,0,0,0,1,0,1,0,0,0,0,0,0,0,0,0,0,0,0,1
disaster_00464,7173,train,real disaster,1,0,0,0,0,0,0,0,0,0,0,0,0,0,0,0,1,0,0,0
disaster_00467,8550,train,not disaster,0,0,0,0,0,0,0,0,0,0,0,0,0,0,0,0,1,0,1,0
disaster_00470,4770,train,real disaster,0,1,0,0,1,0,0,0,0,0,0,0,0,0,1,0,1,0,1,0
disaster_00471,9262,train,not disaster,0,0,0,0,0,0,0,0,0,0,0,0,0,0,0,0,0,0,0,0
disaster_00472,7701,train,not disaster,0,0,0,0,0,0,1,0,0,0,0,0,0,0,0,0,1,0,1,1
disaster_00469,1898,train,not disaster,0,0,0,0,0,0,0,0,0,0,0,0,0,0,0,0,1,0,0,1
disaster_00473,8021,train,not disaster,0,0,0,0,0,0,0,0,0,0,0,0,0,0,0,0,1,0,1,1
disaster_00474,2828,train,real disaster,1,1,0,1,1,0,1,0,0,0,0,0,0,0,0,0,0,0,0,0
disaster_00476,9363,train,not disaster,0,0,0,0,0,1,0,1,0,0,0,0,0,0,0,0,1,0,1,0
disaster_00475,10429,train,not disaster,0,0,0,0,1,1,0,0,0,0,0,0,0,0,0,0,1,1,0,0
disaster_00477,2993,train,real disaster,0,1,0,0,1,0,1,0,1,0,0,0,0,0,0,0,0,1,0,0
disaster_00478,9504,test,real disaster,0,0,0,0,0,0,0,1,0,0,0,0,0,0,0,0,1,1,1,1
disaster_00479,4568,train,real disaster,1,1,1,0,1,0,0,0,0,0,0,0,0,0,0,1,0,0,0,0
disaster_00468,4819,train,real disaster,1,1,1,0,1,0,1,0,0,0,0,0,0,0,1,0,0,0,0,0
disaster_00481,5685,train,real disaster,1,0,0,1,1,1,0,0,0,0,0,0,0,0,0,0,0,0,0,1
disaster_00482,5805,train,not disaster,0,0,0,0,0,0,0,0,0,0,0,0,0,0,0,0,1,0,1,1
disaster_00480,7438,train,not disaster,0,0,0,0,0,0,0,0,0,0,0,0,0,0,0,0,1,0,1,1
disaster_00487,2278,test,not disaster,0,0,0,0,0,0,0,0,0,0,0,0,0,0,0,0,1,0,0,1
disaster_00483,4486,train,not disaster,0,0,0,0,0,0,0,0,0,0,0,0,0,0,0,0,1,0,1,1
disaster_00485,5906,train,not disaster,0,0,0,0,0,0,0,0,0,0,0,0,0,0,0,0,0,0,0,0
disaster_00486,599,train,not disaster,0,0,0,0,0,0,0,0,0,0,0,0,0,0,0,0,1,1,0,1
disaster_00488,9646,train,real disaster,1,1,0,0,1,0,0,0,0,0,0,0,0,0,0,0,0,0,0,0
disaster_00484,7277,test,real disaster,0,0,1,1,1,0,1,0,0,0,0,0,0,0,0,0,1,0,0,1
disaster_00490,923,train,real disaster,1,0,1,0,1,0,0,0,0,0,0,0,0,0,0,0,0,0,0,1
disaster_00489,498,train,not disaster,0,0,0,0,0,0,0,0,0,0,0,0,0,0,0,0,0,1,0,1
disaster_00491,9925,test,not disaster,0,0,0,0,0,0,0,0,0,0,0,0,0,0,0,0,0,0,0,1
disaster_00492,2569,train,not disaster,1,0,0,0,0,0,0,0,0,0,0,0,0,0,0,0,0,0,0,0
disaster_00493,5741,train,real disaster,1,0,1,0,1,1,0,0,0,0,0,0,0,0,0,0,0,0,0,0
disaster_00496,6064,train,real disaster,1,1,1,0,0,1,1,0,0,0,0,0,0,0,0,0,0,0,0,0
disaster_00495,1660,test,real disaster,1,0,0,1,1,1,1,0,0,0,0,0,0,0,0,0,0,0,0,0
disaster_00494,1132,test,not disaster,0,0,0,1,0,0,0,1,0,0,0,0,0,0,0,0,1,1,0,1
disaster_00497,10265,train,real disaster,1,0,1,1,1,0,0,0,0,0,0,0,0,0,0,0,1,0,0,1
disaster_00498,4617,train,not disaster,0,0,0,0,1,1,0,0,0,0,0,0,0,1,0,0,0,0,0,1
disaster_00500,5620,train,real disaster,1,0,0,0,0,0,0,0,0,0,0,0,0,0,0,0,0,0,0,0
disaster_00499,803,test,not disaster,0,0,0,0,0,0,0,0,0,0,0,0,0,0,0,0,1,0,1,1
disaster_00501,4264,test,real disaster,0,1,1,0,0,0,0,0,0,0,0,0,1,1,0,0,0,0,0,0
disaster_00503,4335,train,real disaster,1,1,1,1,0,0,0,0,0,0,0,0,0,0,1,0,0,0,0,0
disaster_00504,5410,test,real disaster,1,1,0,1,1,1,1,0,0,0,1,0,0,0,0,0,0,0,0,0
disaster_00502,6611,train,not disaster,0,0,0,0,0,0,0,0,0,0,0,0,0,0,0,0,1,0,1,1
disaster_00505,10748,train,real disaster,1,1,0,0,1,0,1,0,0,0,0,0,0,0,0,0,0,0,0,0
disaster_00508,139,train,real disaster,1,1,0,0,1,1,1,0,1,0,0,0,0,0,0,0,0,0,0,0
disaster_00506,9868,test,real disaster,0,0,0,0,0,0,0,0,0,0,0,0,0,0,0,0,1,1,1,1
disaster_00507,6199,train,real disaster,0,0,1,1,0,0,0,0,0,0,0,0,0,0,0,0,0,0,0,1
disaster_00509,2490,train,not disaster,1,1,1,1,0,0,0,0,1,0,0,0,0,0,0,0,0,1,0,0
disaster_00511,10813,train,not disaster,0,0,0,0,0,1,0,0,0,0,0,0,0,0,0,0,1,0,1,1
disaster_00513,5909,test,not disaster,0,0,0,0,0,0,0,0,0,0,0,0,0,0,0,0,1,1,1,1
disaster_00512,9047,train,real disaster,1,1,0,1,0,0,1,0,0,1,0,0,0,0,0,0,0,0,0,0
disaster_00510,1,train,real disaster,1,0,0,1,0,0,0,0,0,0,0,0,0,0,0,0,0,0,0,1
disaster_00514,212,train,real disaster,1,1,0,1,0,0,0,0,1,0,0,0,0,0,0,0,0,1,0,0
disaster_00516,5608,train,real disaster,1,1,1,0,0,1,1,0,0,0,0,0,0,0,0,1,0,0,0,0
disaster_00517,846,test,real disaster,1,1,1,1,0,0,1,0,0,0,1,0,0,0,0,0,0,0,0,0
disaster_00515,1356,train,not disaster,1,0,0,0,0,0,0,0,0,1,0,0,0,0,0,0,1,0,0,1
disaster_00518,3956,train,real disaster,1,0,0,1,1,1,1,0,0,0,0,0,0,0,0,0,0,0,0,1
disaster_00520,5966,train,real disaster,1,0,1,0,0,0,0,0,0,0,0,0,0,0,0,0,0,0,0,0
disaster_00521,7641,train,not disaster,0,0,0,0,0,0,0,0,0,0,0,0,0,0,0,0,0,0,0,1
disaster_00519,8742,train,not disaster,0,0,0,0,0,0,0,1,0,0,0,0,0,0,0,0,0,0,1,0
disaster_00523,10290,test,not disaster,0,0,0,0,0,1,0,0,0,0,0,0,0,0,0,0,1,0,0,1
disaster_00522,1534,train,real disaster,1,0,0,0,1,1,0,0,0,0,0,0,0,0,0,0,0,0,0,0
disaster_00526,5854,train,real disaster,1,1,0,0,1,0,1,0,0,0,0,0,0,0,0,0,0,0,0,0
disaster_00524,5721,train,not disaster,1,0,0,0,0,0,0,0,0,0,0,0,0,0,0,0,1,1,0,1
disaster_00525,5324,train,real disaster,1,0,0,0,0,0,0,0,0,0,0,0,0,0,0,0,1,0,1,1
disaster_00528,5912,test,not disaster,0,0,0,0,0,0,0,0,0,0,0,0,0,0,0,0,1,0,0,0
disaster_00531,3064,test,not disaster,0,1,1,0,0,0,1,0,1,0,0,0,0,0,0,0,0,0,0,0
disaster_00527,384,train,not disaster,0,0,1,0,1,0,1,0,0,0,0,0,0,0,0,0,0,0,0,1
disaster_00530,7120,test,real disaster,1,1,1,1,0,0,1,0,1,0,0,0,0,0,0,0,0,0,0,0
disaster_00529,10331,train,real disaster,0,1,1,0,1,1,0,0,0,0,0,0,0,1,0,0,0,0,0,0
disaster_00532,8130,train,not disaster,0,0,0,0,0,0,0,0,0,0,0,0,0,0,0,0,1,1,1,1
disaster_00533,3184,test,not disaster,0,0,0,0,1,1,0,0,0,0,0,0,0,0,0,0,0,0,0,1
disaster_00534,10462,train,real disaster,1,0,0,0,1,0,0,0,0,0,0,0,0,0,0,0,1,0,1,1
disaster_00536,1750,train,real disaster,1,1,1,1,1,0,0,0,0,1,0,0,0,0,0,0,1,0,1,0
disaster_00537,2971,train,not disaster,0,0,0,0,0,0,0,0,0,0,0,0,0,0,0,0,1,1,0,1
disaster_00535,8361,train,not disaster,0,0,0,0,0,0,0,0,0,0,0,0,0,0,0,0,1,0,1,1
disaster_00538,8710,train,real disaster,1,1,1,0,1,0,1,0,0,0,0,0,0,0,0,0,0,0,0,0
disaster_00540,8655,test,real disaster,1,1,0,0,1,1,1,0,0,0,0,0,0,1,0,0,0,0,0,0
disaster_00539,10821,train,not disaster,0,0,0,0,0,0,1,0,0,0,0,0,0,0,0,0,1,1,0,1
disaster_00541,9538,train,real disaster,1,0,1,1,1,1,0,0,0,0,0,0,0,0,0,0,1,0,1,1
disaster_00542,4027,train,not disaster,0,0,0,0,0,0,0,0,0,0,0,0,0,0,0,0,1,0,0,1
disaster_00543,10558,test,not disaster,1,0,0,0,0,0,0,0,0,0,0,0,0,0,0,0,1,0,1,1
disaster_00544,1340,test,not disaster,0,0,0,0,0,0,0,0,0,0,0,0,0,0,0,0,1,0,1,1
disaster_00545,6788,train,real disaster,0,0,0,0,0,0,0,0,0,0,0,0,0,0,0,0,0,0,0,1
disaster_00546,8348,train,not disaster,0,0,0,0,0,0,0,0,0,0,0,0,0,0,0,0,0,0,0,1
disaster_00548,83,train,real disaster,1,1,0,0,1,0,1,0,0,0,0,1,0,0,0,0,1,0,0,0
disaster_00547,9118,train,real disaster,1,1,1,1,1,0,1,0,0,0,0,0,0,0,0,0,0,0,0,0
disaster_00549,7115,test,not disaster,0,0,0,0,0,0,0,0,0,0,0,0,0,0,0,0,0,0,0,1
disaster_00550,121,train,real disaster,1,1,0,0,1,0,0,0,0,0,1,0,0,0,0,0,0,0,0,0
disaster_00551,5825,test,real disaster,1,1,1,0,1,1,1,0,0,0,0,1,0,0,0,1,0,0,0,0
disaster_00552,2416,test,not disaster,1,0,1,1,1,0,0,1,0,0,0,0,0,0,0,0,1,0,1,1
disaster_00553,3834,test,not disaster,0,0,0,0,1,0,0,0,0,0,0,0,0,0,0,0,0,1,0,1
disaster_00554,3483,train,not disaster,0,0,0,0,0,1,0,0,0,0,0,0,0,0,0,0,1,1,0,1
disaster_00557,16,train,real disaster,0,1,1,1,0,1,0,0,1,0,0,0,0,0,0,0,0,0,0,0
disaster_00556,7192,train,not disaster,1,0,0,0,0,0,0,0,0,0,0,0,0,0,0,0,1,0,1,1
disaster_00558,1799,train,not disaster,1,0,1,1,1,0,1,0,0,0,0,0,0,0,0,0,0,0,0,1
disaster_00559,6570,train,real disaster,0,0,0,0,0,0,0,0,0,0,0,0,0,0,0,0,1,1,1,1
disaster_00561,8397,train,real disaster,1,1,1,1,1,0,0,0,0,0,0,0,0,0,0,0,0,0,0,0
disaster_00562,4300,train,real disaster,1,0,0,0,1,0,1,0,1,0,0,0,0,0,0,0,0,1,0,0
disaster_00564,873,test,real disaster,1,1,1,1,0,1,1,0,0,0,1,0,0,0,0,0,0,0,0,0
disaster_00555,9712,train,not disaster,0,0,0,0,0,0,0,0,0,0,0,0,0,0,0,0,1,0,0,1
disaster_00563,2959,train,not disaster,0,0,0,0,0,0,0,0,0,0,0,0,0,0,0,0,1,1,1,1
disaster_00565,9456,test,real disaster,1,0,0,0,1,0,1,0,0,0,0,0,0,0,0,0,0,0,0,1
disaster_00560,7174,test,real disaster,1,0,0,0,0,0,0,0,0,0,0,0,0,0,0,0,1,1,1,1
disaster_00567,762,test,not disaster,0,0,0,0,1,1,0,0,0,0,0,0,0,0,0,0,0,1,0,1
disaster_00566,3662,train,real disaster,0,0,0,0,0,0,0,0,0,0,0,0,0,0,0,0,1,0,0,1
disaster_00570,5882,train,real disaster,1,1,1,1,1,0,0,1,0,0,0,0,0,0,0,0,0,0,0,0
disaster_00568,9629,test,real disaster,1,1,1,0,1,0,0,0,0,0,0,1,0,0,0,0,0,0,0,0
disaster_00569,1562,train,not disaster,1,0,0,0,0,0,0,0,0,0,0,0,0,0,0,0,1,0,1,1
disaster_00571,9023,train,not disaster,0,0,0,0,0,0,0,0,0,0,0,0,0,0,0,0,1,1,1,1
disaster_00572,2476,train,real disaster,1,1,0,0,1,1,1,0,0,0,0,0,0,0,0,0,0,0,0,0
disaster_00573,9524,train,not disaster,1,0,0,0,0,0,1,0,0,0,0,0,0,0,0,0,1,0,1,1
disaster_00576,5950,train,real disaster,1,1,1,0,1,0,0,0,0,1,1,0,0,0,0,0,0,0,0,0
disaster_00575,1017,test,not disaster,0,0,0,0,0,1,0,0,0,0,0,0,0,0,0,0,1,0,1,1
disaster_00578,7837,test,not disaster,0,0,0,0,0,0,0,0,0,0,0,0,0,0,0,0,0,0,0,1
disaster_00574,6,test,real disaster,1,1,1,0,1,0,0,0,0,0,0,1,0,0,1,0,0,0,0,0
disaster_00577,938,train,real disaster,1,1,0,0,1,1,1,0,0,0,0,0,0,0,0,0,0,0,0,0
disaster_00579,3200,train,not disaster,0,0,0,0,0,1,0,0,0,0,0,0,0,0,0,0,1,0,1,1
disaster_00580,8314,train,real disaster,1,0,0,0,1,0,1,0,0,0,0,0,0,0,0,0,1,0,0,1
disaster_00581,7793,train,not disaster,0,1,1,0,1,0,1,0,0,0,0,0,0,1,0,0,0,0,0,0
disaster_00582,9260,train,not disaster,0,0,0,0,0,0,0,0,0,0,0,0,0,0,0,0,1,1,1,1
disaster_00583,10846,train,real disaster,1,1,1,0,0,0,0,0,0,0,0,0,0,0,0,0,0,0,1,0
disaster_00585,4182,train,not disaster,0,0,0,0,0,0,0,0,0,0,0,0,0,0,0,0,1,0,1,1
disaster_00584,7476,train,not disaster,0,0,0,0,0,0,1,0,0,0,0,0,0,0,0,0,1,0,0,1
disaster_00589,7849,test,not disaster,0,0,0,0,0,1,1,0,0,0,0,0,0,0,0,0,1,0,0,1
disaster_00586,2766,train,not disaster,0,0,0,0,0,0,0,0,0,0,0,0,0,0,0,0,0,0,0,1
disaster_00591,4722,train,not disaster,0,0,0,0,0,0,0,0,0,0,0,0,0,0,1,0,1,0,1,1
disaster_00590,2869,train,real disaster,1,1,0,0,1,0,1,0,0,1,0,0,0,0,0,0,0,0,0,0
disaster_00592,10774,train,real disaster,1,1,0,0,1,0,1,0,0,1,0,0,0,0,0,0,0,0,0,0
disaster_00587,2195,train,real disaster,1,0,1,0,0,0,0,0,0,1,0,0,0,0,0,0,0,1,0,1
disaster_00588,10785,test,not disaster,0,0,0,0,0,1,0,0,0,0,0,0,0,0,0,0,0,1,0,1
disaster_00595,6614,train,real disaster,1,1,1,1,1,0,0,0,0,0,0,0,0,0,0,0,0,0,0,0
disaster_00594,6128,test,not disaster,0,0,0,0,0,0,0,0,0,0,0,0,0,0,0,0,1,0,1,1
disaster_00593,1621,train,real disaster,1,1,1,1,1,1,0,0,1,0,0,1,0,0,0,0,0,0,0,1
disaster_00596,10472,train,not disaster,1,0,0,1,1,1,0,0,0,0,0,0,0,0,0,1,0,0,0,1
disaster_00597,10732,train,not disaster,0,0,0,0,0,0,0,0,0,0,0,0,0,0,0,0,1,0,1,1
disaster_00599,9723,train,real disaster,1,1,1,0,1,0,1,0,0,0,0,0,0,0,0,0,0,0,0,0
disaster_00600,2833,train,real disaster,1,1,1,0,1,1,0,0,0,0,0,0,0,0,0,0,0,0,0,0
disaster_00598,6559,train,not disaster,0,0,0,0,1,0,0,1,1,0,0,0,0,0,0,0,0,0,0,0
disaster_00603,7183,test,real disaster,1,0,0,0,0,0,0,0,0,0,0,0,0,0,0,0,1,1,1,1
disaster_00602,3695,train,not disaster,0,0,0,0,0,1,0,1,0,0,0,0,0,0,0,0,1,1,1,1
disaster_00601,3750,test,not disaster,0,0,1,1,1,0,0,0,0,0,0,0,1,0,0,0,0,0,0,1
disaster_00604,10172,train,real disaster,1,1,1,0,1,1,1,0,0,1,0,0,0,0,0,0,0,0,0,0
disaster_00605,9257,train,not disaster,0,0,0,0,0,0,0,0,0,0,0,0,0,0,0,0,0,0,1,0
disaster_00609,6727,test,not disaster,0,0,0,0,0,0,0,0,0,0,0,0,0,0,0,0,1,0,1,0
disaster_00608,1130,train,not disaster,0,0,0,1,0,0,0,0,0,0,0,0,0,0,0,0,0,1,0,1
disaster_00610,6415,train,real disaster,1,0,0,0,0,0,1,0,0,0,0,0,0,0,0,0,0,0,0,0
disaster_00607,8006,train,real disaster,1,1,0,0,1,0,1,0,0,1,0,0,0,0,0,0,0,0,0,0
disaster_00606,2050,train,not disaster,0,0,0,0,0,0,0,0,1,0,0,0,0,0,0,0,1,0,1,1
disaster_00611,2116,train,not disaster,0,0,0,0,0,0,1,0,0,0,0,0,0,0,0,0,0,0,0,1
disaster_00613,1883,test,real disaster,0,0,0,0,0,0,0,0,0,0,0,0,0,0,0,0,1,0,0,1
disaster_00615,10207,train,real disaster,1,1,1,0,1,0,0,0,0,0,0,0,0,1,0,0,0,0,0,0
disaster_00612,2445,train,not disaster,0,0,0,0,0,0,0,0,0,0,0,0,0,0,0,0,1,0,0,1
disaster_00616,3805,train,not disaster,0,0,0,0,0,0,0,0,0,0,0,0,0,0,0,0,1,1,0,1
disaster_00617,3798,train,not disaster,1,0,1,0,0,0,0,0,0,0,0,0,0,0,0,0,1,1,1,1
disaster_00614,390,test,real disaster,1,0,1,1,0,0,0,0,0,0,0,0,0,0,0,0,1,1,0,1
disaster_00618,4875,train,not disaster,1,0,1,0,0,0,0,0,0,0,0,0,0,0,0,0,1,1,1,1
disaster_00621,9788,train,not disaster,1,0,0,0,1,0,0,0,0,0,0,0,0,0,0,0,0,1,0,1
disaster_00623,8966,train,real disaster,1,0,0,0,1,0,0,0,0,0,0,0,0,0,0,0,0,0,0,0
disaster_00619,775,test,real disaster,0,0,0,0,0,0,0,0,0,0,0,0,0,0,0,0,1,0,1,1
disaster_00622,7161,test,not disaster,1,0,0,0,0,0,0,0,0,0,0,0,0,0,0,0,1,0,1,1
disaster_00624,3123,train,real disaster,1,1,0,0,1,0,1,0,0,0,0,0,0,0,0,0,0,0,0,0
disaster_00628,10722,train,real disaster,1,1,0,0,1,0,1,0,1,0,0,0,0,0,0,0,0,0,0,0
disaster_00625,10091,train,real disaster,1,1,1,0,1,0,0,0,0,0,0,1,0,0,0,0,0,0,0,0
disaster_00626,9989,train,real disaster,1,1,1,0,0,0,0,1,0,0,0,0,0,0,0,0,0,0,0,0
disaster_00620,10609,test,not disaster,0,0,0,0,0,0,0,0,0,0,0,0,0,0,0,0,1,0,0,1
disaster_00629,3567,train,not disaster,0,0,0,0,1,0,0,0,0,0,0,0,0,0,0,0,1,1,1,1
disaster_00630,9645,test,real disaster,1,1,1,0,1,1,1,0,0,0,0,0,0,0,0,1,0,0,0,0
disaster_00627,4642,train,not disaster,0,0,0,0,0,0,0,0,0,0,0,0,0,1,0,0,1,1,0,1
disaster_00632,876,test,real disaster,1,0,0,0,0,1,1,0,0,0,0,0,0,0,0,0,0,0,0,1
disaster_00631,3154,train,not disaster,1,0,1,1,0,0,0,0,0,0,0,0,0,0,0,0,1,0,0,0
disaster_00633,5094,train,real disaster,1,0,0,0,0,0,1,0,0,0,0,0,0,0,0,0,1,0,0,1
disaster_00634,9938,train,not disaster,0,0,0,0,0,1,0,0,0,0,0,0,0,0,0,0,0,1,0,0
disaster_00636,6506,test,real disaster,1,1,0,1,1,0,0,0,1,0,0,0,0,1,0,0,0,0,0,0
disaster_00638,9151,train,real disaster,1,1,1,1,1,0,1,0,1,0,0,0,0,0,0,0,0,0,0,0
disaster_00637,1439,train,not disaster,0,0,0,0,1,0,0,0,0,0,0,0,0,0,0,0,1,1,1,1
disaster_00635,4823,train,real disaster,0,0,0,0,1,0,0,0,0,0,0,0,0,0,0,0,0,0,0,1
disaster_00641,9574,train,real disaster,0,0,0,0,0,0,0,0,0,0,0,0,0,0,0,0,1,1,1,1
disaster_00639,2811,train,not disaster,1,0,0,0,0,0,0,0,0,0,0,0,0,0,0,0,1,0,0,1
disaster_00640,4491,train,real disaster,0,1,1,1,0,0,0,1,1,0,0,0,0,0,0,0,0,0,0,0
disaster_00642,2758,train,not disaster,0,0,0,0,0,1,0,0,0,0,0,0,0,0,0,1,0,0,1,1
disaster_00643,8923,train,real disaster,1,0,0,1,1,0,1,0,0,0,0,0,0,0,0,0,1,1,1,1
disaster_00644,6438,train,real disaster,1,1,0,0,0,1,1,0,1,1,0,0,0,0,0,0,0,0,0,0
disaster_00646,7075,train,not disaster,1,0,0,0,0,0,0,0,0,0,0,0,0,0,0,0,1,1,0,1
disaster_00648,4032,train,real disaster,0,0,0,0,0,0,0,0,1,0,0,1,0,0,0,0,0,0,0,1
disaster_00645,2659,train,not disaster,0,0,0,0,0,0,0,0,0,0,0,0,0,0,0,0,0,0,0,1
disaster_00649,2203,train,not disaster,1,0,1,0,0,1,0,0,0,0,0,0,0,0,0,0,1,0,1,1
disaster_00651,429,train,not disaster,1,0,0,0,0,0,0,0,0,0,0,0,0,0,0,0,1,0,1,1
disaster_00650,7833,train,not disaster,0,0,0,0,0,0,0,0,0,0,0,0,0,0,0,0,0,0,0,1
disaster_00652,5391,train,not disaster,1,0,0,0,1,0,0,0,0,0,0,0,0,1,0,0,0,0,0,1
disaster_00653,9887,train,not disaster,0,0,0,0,0,0,0,0,0,0,0,0,0,0,0,0,0,0,0,1
disaster_00654,8839,train,not disaster,0,0,0,0,1,0,0,0,0,0,0,0,0,0,0,0,0,1,0,0
disaster_00656,149,train,not disaster,0,0,0,0,0,0,0,0,0,0,0,0,0,0,0,0,1,0,0,1
disaster_00657,457,train,not disaster,0,0,0,0,0,0,0,0,0,0,0,0,0,0,0,0,1,1,0,1
disaster_00655,119,train,not disaster,1,1,0,0,0,0,0,1,0,0,0,0,0,0,0,0,0,0,1,0
disaster_00661,7616,test,not disaster,0,0,0,0,0,0,0,0,0,0,0,0,0,0,0,0,0,1,0,1
disaster_00658,10540,train,real disaster,1,1,1,1,0,0,1,0,0,0,0,0,0,1,0,0,0,0,0,0
disaster_00660,1385,train,not disaster,0,0,0,0,0,0,1,0,0,0,0,0,0,0,0,0,0,0,0,1
disaster_00662,10412,train,real disaster,0,0,0,0,0,1,0,0,0,0,0,0,0,0,0,0,1,0,0,1
disaster_00659,3171,train,not disaster,0,0,0,0,0,1,0,1,0,0,0,1,0,0,0,0,1,0,1,1
disaster_00665,3425,train,not disaster,1,0,1,1,0,0,0,0,0,0,0,0,0,0,0,0,1,0,0,1
disaster_00647,5050,train,not disaster,0,0,0,0,1,0,0,0,0,0,0,0,0,0,0,0,0,0,0,1
disaster_00664,7,train,real disaster,1,1,1,1,1,0,1,0,0,0,1,0,0,0,0,0,0,0,0,0
disaster_00666,5559,train,real disaster,0,0,0,0,0,0,0,0,0,0,0,0,0,0,0,0,0,1,0,1
disaster_00663,9881,test,not disaster,0,0,0,0,0,0,0,0,0,0,0,0,0,0,0,0,1,0,1,1
disaster_00667,2663,train,not disaster,0,0,0,0,0,0,0,0,0,0,0,0,0,0,0,0,1,0,1,1
disaster_00669,3816,train,not disaster,0,0,0,0,0,0,0,0,0,0,0,0,0,0,0,0,1,1,0,1
disaster_00668,1091,train,not disaster,0,0,0,0,0,0,0,1,0,1,0,0,0,0,0,0,1,1,1,0
disaster_00670,107,train,real disaster,1,1,1,0,1,1,0,0,0,0,1,0,0,0,0,0,0,0,0,0
disaster_00672,3495,train,real disaster,1,1,0,0,1,0,1,0,0,0,0,0,0,1,0,0,0,0,0,1
disaster_00673,8378,train,not disaster,0,0,0,0,0,0,0,0,0,0,0,0,0,0,0,0,1,1,1,1
disaster_00674,10278,train,not disaster,0,0,0,0,0,0,0,0,0,0,0,0,0,0,0,0,1,1,1,1
disaster_00676,10448,train,real disaster,1,1,0,0,1,0,0,0,0,0,0,0,0,1,0,0,0,0,0,0
disaster_00675,5116,train,not disaster,0,0,0,0,0,0,0,0,0,0,0,0,0,0,0,0,1,0,0,1
disaster_00671,436,train,not disaster,0,0,0,0,0,0,0,0,0,0,0,0,0,0,0,0,1,1,1,1
disaster_00677,310,train,real disaster,1,1,1,1,0,1,1,0,0,0,0,0,0,1,0,0,0,0,0,0
disaster_00679,3282,train,not disaster,0,0,1,0,1,0,0,0,0,1,0,0,0,0,0,1,0,0,0,1
disaster_00678,9816,train,not disaster,0,0,0,0,0,0,0,0,0,0,0,0,0,0,0,0,0,1,0,1
disaster_00680,5071,train,real disaster,0,0,0,0,1,0,1,0,0,0,0,0,0,0,0,0,1,0,0,1
disaster_00683,6380,train,real disaster,1,1,1,0,1,1,0,0,0,0,0,0,0,1,0,0,0,0,0,0
disaster_00682,2240,train,not disaster,0,0,0,0,1,0,0,0,0,0,0,0,0,0,0,0,0,0,0,1
disaster_00681,1544,train,not disaster,0,0,0,0,0,0,0,0,0,0,0,0,0,0,0,0,1,0,1,1
disaster_00686,1308,train,not disaster,0,0,0,0,0,0,0,0,0,0,0,0,0,0,0,0,1,0,0,1
disaster_00688,8484,train,not disaster,0,0,0,0,0,0,0,0,0,0,0,0,0,0,0,0,0,0,0,0
disaster_00685,4303,train,real disaster,1,1,1,0,1,1,1,0,0,0,0,0,0,0,0,0,0,0,0,0
disaster_00687,7366,train,not disaster,0,0,0,0,0,0,1,0,0,0,0,0,0,0,0,0,1,1,0,1
disaster_00689,216,train,real disaster,1,1,0,0,1,0,1,0,0,0,0,0,0,1,0,0,0,0,0,0
disaster_00690,6913,train,real disaster,0,0,0,0,0,0,0,0,0,0,0,0,0,0,0,0,1,0,0,1
disaster_00692,9195,test,real disaster,1,0,1,0,0,0,0,0,0,0,0,0,0,0,0,0,1,0,1,1
disaster_00693,8863,train,real disaster,0,0,0,0,0,0,0,0,0,0,0,0,0,0,0,0,0,0,0,1
disaster_00691,3535,train,real disaster,1,1,0,0,1,0,0,0,1,0,0,0,0,0,0,0,0,0,0,0
disaster_00695,4088,train,real disaster,1,1,0,0,1,0,1,0,1,0,0,0,0,0,1,0,0,0,0,0
disaster_00696,4318,train,real disaster,1,1,1,0,0,0,0,0,0,0,0,0,0,0,0,0,0,0,0,0
disaster_00684,1672,train,real disaster,1,0,0,0,0,0,0,0,0,1,0,0,0,0,0,0,0,0,0,1
disaster_00698,3691,train,not disaster,0,0,0,0,0,0,0,0,0,0,0,0,0,0,0,0,1,0,0,1
disaster_00697,5612,test,real disaster,1,1,0,0,1,0,0,0,0,0,0,0,0,0,0,0,0,0,0,0
disaster_00694,6108,train,not disaster,1,0,0,0,1,0,0,0,0,0,0,0,0,0,0,0,1,1,1,1
disaster_00699,10700,train,not disaster,0,0,0,0,1,0,0,0,0,0,0,0,0,0,0,0,1,1,0,1
disaster_00700,1224,train,not disaster,0,0,0,0,0,0,0,0,0,0,0,0,0,0,0,0,1,1,0,1
disaster_00703,6880,train,real disaster,1,1,1,1,1,0,0,0,0,0,0,0,0,0,0,0,0,0,0,0
disaster_00701,6607,test,not disaster,0,0,1,0,0,0,0,0,0,0,0,0,0,0,0,0,0,0,0,1
disaster_00702,6218,train,real disaster,1,0,0,0,0,0,1,0,0,0,0,0,0,0,0,0,0,0,0,0
disaster_00704,2943,train,real disaster,1,1,1,0,1,0,0,0,0,0,0,0,0,0,0,0,0,0,0,0
disaster_00707,1614,train,real disaster,1,1,0,1,1,1,1,1,0,0,0,0,0,0,0,0,0,0,0,0
disaster_00705,10482,test,not disaster,1,0,0,0,0,0,0,0,0,0,0,0,0,0,0,1,1,0,0,1
disaster_00706,3952,train,real disaster,1,0,0,1,1,1,1,0,0,0,0,0,0,0,0,0,0,0,0,1
disaster_00708,10374,train,real disaster,0,0,0,0,0,0,0,0,0,0,0,0,0,0,0,0,0,0,0,1
disaster_00709,2864,train,not disaster,0,0,0,0,0,0,0,0,0,0,0,0,0,0,0,0,1,0,0,1
disaster_00714,9770,train,not disaster,0,0,0,0,1,0,0,0,0,0,0,0,0,0,0,0,0,1,0,1
disaster_00712,2559,test,not disaster,1,0,0,0,0,0,0,0,0,0,0,0,0,0,0,0,1,0,1,1
disaster_00710,9217,train,real disaster,1,1,0,1,1,0,1,0,1,0,0,0,0,0,0,0,0,0,0,0
disaster_00711,8758,train,not disaster,0,0,0,0,0,0,0,0,0,0,0,0,0,0,0,0,0,1,0,1
disaster_00713,6940,train,real disaster,1,1,0,0,1,0,0,0,0,0,0,0,0,0,0,0,0,0,0,0
disaster_00716,2523,train,not disaster,0,0,0,0,0,0,0,0,0,0,0,0,0,0,0,0,0,0,0,1
disaster_00715,3528,train,real disaster,1,0,1,0,0,0,0,0,0,0,0,0,0,0,0,0,1,0,1,0
disaster_00719,7467,train,not disaster,0,0,0,0,0,1,0,0,0,0,0,0,0,0,0,0,1,0,0,1
disaster_00718,5131,train,real disaster,1,1,0,0,1,0,1,0,1,0,0,0,0,0,0,0,0,0,0,0
disaster_00721,640,train,not disaster,0,0,0,0,0,1,0,0,0,0,0,0,0,0,0,0,1,0,0,1
disaster_00722,8062,train,not disaster,0,0,0,0,1,0,1,0,0,0,0,0,0,0,0,0,0,0,0,1
disaster_00720,5210,train,real disaster,1,1,1,0,1,0,1,0,1,0,0,0,0,0,0,0,0,0,0,0
disaster_00724,9529,train,real disaster,1,1,1,1,1,0,1,0,1,0,0,0,0,0,0,0,0,0,0,0
disaster_00723,3625,train,real disaster,0,0,0,0,0,0,0,0,0,0,0,0,0,0,0,0,1,1,0,1
disaster_00717,6420,train,real disaster,1,0,0,0,0,0,0,0,0,0,0,0,0,0,0,0,1,1,1,1
disaster_00725,10114,train,not disaster,0,0,0,0,0,1,0,0,0,0,0,0,0,0,0,0,1,1,0,1
disaster_00726,712,train,real disaster,1,1,1,1,1,0,1,0,0,0,0,0,0,0,0,0,0,0,0,0
disaster_00727,3819,train,real disaster,1,1,1,0,0,1,1,0,0,0,0,0,0,1,0,0,0,0,0,0
disaster_00728,6977,train,not disaster,1,1,1,0,1,0,0,1,0,0,0,0,0,1,0,0,0,0,1,0
disaster_00731,5916,train,not disaster,0,0,1,0,1,0,0,0,0,0,0,1,0,0,0,0,0,1,1,1
disaster_00729,3132,train,real disaster,1,1,0,0,1,0,0,0,0,0,0,0,0,0,0,0,0,0,0,0
disaster_00730,1213,train,not disaster,0,0,0,0,0,0,0,0,0,0,0,0,0,0,0,0,0,0,0,1
disaster_00732,2441,test,real disaster,0,0,0,0,1,0,0,0,0,0,0,0,0,0,0,0,1,0,1,1
disaster_00733,10060,train,real disaster,1,1,0,0,1,0,1,0,0,0,0,0,0,0,0,0,0,0,0,0
disaster_00735,7288,train,real disaster,1,1,0,0,1,0,1,0,0,0,0,0,0,0,0,0,0,0,0,0
disaster_00734,495,train,not disaster,0,0,0,0,1,1,0,0,0,0,0,0,0,0,0,0,1,1,1,1
disaster_00736,8242,train,real disaster,0,0,0,0,0,0,0,0,0,0,0,0,0,1,0,0,1,0,1,1
disaster_00738,2272,train,not disaster,0,0,0,0,0,0,0,1,0,0,0,0,1,0,0,0,1,1,1,1
disaster_00737,9235,train,real disaster,1,1,0,1,1,0,1,0,1,0,0,0,0,0,0,0,0,0,0,0
disaster_00740,1647,train,real disaster,1,0,0,0,1,1,0,0,0,0,0,0,0,0,0,0,0,0,0,0
disaster_00739,6845,test,not disaster,0,0,0,0,0,0,0,0,0,0,0,0,0,0,0,0,1,1,1,1
disaster_00743,7831,train,not disaster,0,0,0,0,0,0,0,0,0,0,0,0,0,0,0,0,1,0,0,1
disaster_00746,1613,train,not disaster,0,0,0,0,0,0,0,0,0,0,0,0,0,0,0,0,1,1,1,1
disaster_00745,2394,test,not disaster,0,0,0,0,0,0,0,0,0,0,0,0,0,0,0,0,1,0,1,1
disaster_00741,2957,train,not disaster,0,0,0,0,0,0,0,0,0,0,0,0,0,0,0,0,0,0,0,1
disaster_00742,5219,train,not disaster,0,0,0,0,0,0,1,0,0,0,0,0,0,0,0,0,0,1,0,0
disaster_00744,6091,train,not disaster,0,0,0,0,1,0,0,1,0,0,0,0,0,0,0,0,0,0,0,0
disaster_00750,4524,train,not disaster,0,0,0,0,0,0,0,0,0,0,0,0,0,0,0,0,1,0,1,0
disaster_00752,10541,train,not disaster,1,0,0,0,1,0,0,0,0,0,0,0,0,0,0,0,0,0,0,1
disaster_00747,2209,train,not disaster,1,0,0,0,0,0,0,0,0,0,0,0,0,0,0,0,0,0,0,1
disaster_00748,9636,test,real disaster,1,1,1,0,1,1,1,0,0,0,0,0,0,0,0,1,0,0,0,0
disaster_00749,7723,train,not disaster,0,0,0,0,1,0,0,0,0,0,0,0,0,0,0,0,1,0,1,1
disaster_00751,118,train,real disaster,1,1,0,0,0,1,0,1,0,0,0,0,0,0,0,0,0,0,0,0
disaster_00753,1676,test,real disaster,0,0,0,0,1,1,1,0,0,0,0,0,0,0,0,0,1,1,0,0
disaster_00756,1657,train,real disaster,1,0,0,1,1,1,1,0,0,0,0,0,0,0,0,0,0,0,0,0
disaster_00754,2844,train,not disaster,0,0,0,0,1,0,1,0,0,0,0,0,0,0,0,0,0,0,0,0
disaster_00755,2506,train,real disaster,1,1,0,0,1,0,1,0,0,0,0,0,0,0,0,0,0,0,0,0
disaster_00757,276,train,real disaster,1,1,0,0,1,0,1,0,1,0,0,0,0,1,0,0,0,0,0,0
disaster_00759,7906,train,real disaster,1,0,1,1,0,0,1,0,0,0,0,0,0,0,0,1,0,0,0,1
disaster_00761,4129,train,real disaster,1,1,1,0,1,0,0,0,0,0,0,0,0,0,0,0,0,0,0,1
disaster_00760,9244,train,not disaster,0,0,0,0,0,1,0,0,0,0,0,0,0,0,0,0,1,0,1,1
disaster_00763,6184,train,not disaster,0,0,0,0,1,0,0,0,0,0,0,0,0,0,0,0,1,1,1,1
disaster_00758,8337,test,not disaster,1,1,0,0,1,1,1,0,0,0,0,0,0,0,0,0,1,0,0,1
disaster_00762,10087,test,real disaster,1,1,1,0,1,1,0,0,0,0,0,0,0,0,0,0,0,0,0,0
disaster_00766,2545,train,real disaster,1,1,0,0,1,0,0,0,0,0,1,0,0,0,0,0,0,0,0,0
disaster_00765,5634,test,not disaster,0,0,0,0,1,0,1,0,0,0,0,1,0,0,0,0,1,0,0,1
disaster_00767,4609,train,not disaster,0,0,0,0,0,0,0,0,0,0,0,0,0,1,0,0,0,0,0,1
disaster_00770,6166,train,not disaster,0,0,0,0,0,0,0,0,0,0,0,0,0,0,0,0,1,0,1,1
disaster_00769,4585,train,real disaster,0,0,0,0,1,0,1,0,0,0,0,0,1,0,1,0,0,0,0,1
disaster_00764,5867,train,not disaster,0,0,0,0,0,0,0,0,0,0,0,0,0,0,0,0,0,0,0,1
disaster_00772,6169,train,not disaster,0,0,0,0,1,0,1,0,0,0,0,0,0,0,0,0,1,0,0,1
disaster_00768,9787,test,not disaster,0,0,0,0,0,0,0,1,0,0,0,0,0,0,0,0,1,0,1,1
disaster_00775,5647,test,not disaster,0,0,0,0,0,0,0,0,0,0,0,0,0,0,0,0,1,0,0,1
disaster_00773,2028,train,not disaster,0,0,0,0,0,0,0,0,0,0,0,0,0,0,0,0,0,1,0,1
disaster_00771,9569,train,not disaster,1,0,0,0,1,0,0,0,0,0,0,0,0,0,0,0,0,0,0,0
disaster_00776,1622,train,not disaster,0,0,0,0,1,0,0,0,0,0,0,0,0,0,0,0,1,0,1,1
disaster_00777,1547,train,not disaster,0,0,0,0,0,0,0,0,0,0,0,0,0,0,0,0,1,0,0,1
disaster_00778,7497,train,real disaster,1,1,1,1,1,0,1,0,0,0,0,1,0,0,0,0,0,0,0,0
disaster_00779,1296,train,real disaster,0,0,0,0,0,0,0,0,0,0,0,0,0,0,0,0,1,0,1,1
disaster_00781,3373,train,not disaster,0,1,0,0,1,0,1,0,0,1,0,0,0,0,0,0,0,0,0,0
disaster_00780,8171,train,real disaster,1,1,1,0,0,0,1,0,1,0,0,1,0,1,0,0,0,0,0,0
disaster_00782,2347,train,real disaster,0,0,0,0,0,0,0,0,0,0,0,0,0,0,0,0,1,1,0,0
disaster_00784,4768,train,real disaster,1,1,1,1,1,0,0,0,0,0,1,0,0,1,1,0,0,0,0,0
disaster_00783,2692,train,real disaster,0,0,0,0,0,0,0,0,0,0,0,0,0,0,0,0,1,0,1,1
disaster_00785,3245,test,not disaster,0,0,0,0,0,0,0,0,0,0,0,0,0,0,0,0,1,0,0,1
disaster_00788,1887,train,real disaster,1,0,1,1,0,0,0,0,1,0,0,0,0,0,0,0,0,0,0,1
disaster_00786,871,test,real disaster,1,1,1,0,0,0,1,0,0,0,1,0,0,0,0,0,0,0,0,0
disaster_00787,2109,test,real disaster,0,0,0,0,0,0,0,0,0,0,0,0,0,0,0,0,1,0,1,1
disaster_00774,10711,test,real disaster,1,0,0,0,0,0,0,0,0,0,0,0,0,0,0,0,0,1,0,0
disaster_00789,2782,test,real disaster,0,0,0,0,0,1,0,0,0,0,0,0,0,0,0,0,1,0,1,1
disaster_00791,6055,train,real disaster,0,0,0,0,0,1,0,1,0,0,0,1,0,0,0,0,1,0,1,0
disaster_00792,1379,test,not disaster,0,0,0,0,0,0,0,0,0,0,0,0,0,0,0,0,0,0,0,1
disaster_00793,9208,train,real disaster,1,0,0,0,0,0,0,0,0,0,0,0,0,0,0,0,1,0,0,1
disaster_00796,5148,test,real disaster,0,1,0,0,0,0,1,0,1,0,0,0,0,0,0,0,0,0,0,0
disaster_00795,2160,train,not disaster,0,0,1,1,0,0,1,0,0,0,0,0,0,0,0,0,0,0,1,1
disaster_00797,6269,train,real disaster,1,1,1,0,1,1,0,0,0,0,0,0,0,0,0,0,0,0,0,0
disaster_00798,7507,train,real disaster,1,1,0,0,1,0,1,0,0,0,0,1,0,0,0,0,0,0,0,0
disaster_00790,6243,test,not disaster,1,0,1,1,0,1,1,0,0,0,0,0,0,0,0,0,0,0,0,1
disaster_00794,9826,train,real disaster,1,0,1,1,0,0,1,0,1,0,0,0,0,0,0,0,0,1,0,0
disaster_00799,10681,train,real disaster,1,1,1,1,1,0,1,0,1,0,0,0,0,0,0,0,0,0,0,0
disaster_00801,3685,train,not disaster,0,0,0,0,0,0,0,0,0,0,0,0,0,0,0,0,0,0,0,0
disaster_00802,6660,train,not disaster,1,0,0,0,0,0,1,0,0,0,0,0,0,0,0,0,1,0,0,1
disaster_00800,10372,train,not disaster,0,0,1,0,0,0,0,0,0,0,0,0,0,0,0,0,1,0,0,1
disaster_00804,8045,train,real disaster,0,0,0,0,1,0,1,0,0,0,0,1,0,0,0,0,0,0,0,1
disaster_00803,9280,train,not disaster,0,0,0,0,0,0,0,0,0,0,0,0,0,0,0,0,1,0,1,1
disaster_00808,9154,train,real disaster,1,1,1,1,1,0,1,0,1,0,0,0,0,0,0,0,0,0,0,0
disaster_00806,163,test,not disaster,1,0,0,0,0,0,0,0,0,0,0,0,0,0,0,0,0,0,0,0
disaster_00807,3812,train,real disaster,1,1,1,0,1,1,0,0,0,0,0,0,0,1,0,0,0,0,0,0
disaster_00805,9687,train,not disaster,0,0,0,0,0,0,0,0,0,0,0,0,0,0,0,0,0,1,0,1
disaster_00810,4771,test,real disaster,1,1,1,0,1,0,1,0,0,0,0,1,0,0,1,0,0,0,0,0
disaster_00809,5889,train,not disaster,0,0,0,0,1,0,0,0,0,0,0,0,0,0,0,0,0,0,0,1
disaster_00812,97,train,real disaster,1,1,0,0,1,0,0,0,0,0,1,0,0,0,0,0,0,0,0,0
disaster_00814,194,test,not disaster,0,0,0,0,0,0,0,0,0,0,0,0,0,0,0,0,1,0,0,1
disaster_00813,2421,test,not disaster,0,0,0,0,0,0,0,0,0,0,0,0,0,0,0,0,0,1,0,0
disaster_00811,7114,train,not disaster,0,0,0,0,0,0,0,0,0,0,0,0,0,0,0,0,0,0,0,1
disaster_00816,2356,train,not disaster,0,0,0,0,0,0,0,0,0,0,0,0,0,0,0,0,1,0,0,1
disaster_00819,7163,train,real disaster,1,1,1,0,1,0,1,0,0,0,0,0,0,0,0,1,0,0,0,0
disaster_00817,360,test,real disaster,0,0,1,0,1,0,1,0,0,0,0,0,1,0,0,0,0,0,0,1
disaster_00815,1633,train,real disaster,1,0,0,0,1,0,1,0,0,0,0,0,0,0,0,0,0,0,0,1
disaster_00820,10109,train,not disaster,0,0,0,0,0,0,0,0,0,0,0,0,0,0,0,0,1,0,0,1
disaster_00818,4108,train,real disaster,1,1,1,0,1,0,1,0,0,0,0,1,0,0,0,0,0,0,0,0
disaster_00821,1727,test,real disaster,1,0,0,0,0,0,0,0,0,0,0,0,0,0,0,0,1,0,1,1
disaster_00822,5664,train,real disaster,1,1,0,0,1,0,1,0,0,0,0,1,0,0,1,0,0,0,0,0
disaster_00823,3237,train,not disaster,0,0,0,0,0,0,0,0,0,0,0,0,0,0,0,0,1,0,0,1
disaster_00826,347,train,not disaster,0,0,1,1,1,0,0,0,0,0,0,0,0,0,0,0,1,0,0,1
disaster_00827,2773,train,not disaster,0,0,0,0,1,1,0,1,0,0,0,0,0,0,0,0,0,0,0,0
disaster_00828,2192,train,real disaster,1,1,0,0,1,1,1,0,0,0,0,0,0,0,0,0,0,0,0,0
disaster_00825,6306,train,not disaster,0,0,0,0,0,1,0,1,0,0,0,0,0,0,0,0,1,0,1,0
disaster_00824,7733,train,not disaster,0,0,0,0,0,0,0,0,0,0,0,0,0,0,0,0,0,0,1,1
disaster_00831,6774,train,real disaster,1,1,1,0,1,1,0,0,0,0,0,0,0,0,0,0,0,0,0,0
disaster_00830,3778,test,not disaster,0,0,0,0,0,0,1,0,0,1,0,0,0,0,0,0,0,0,0,0
disaster_00833,1813,train,real disaster,1,0,0,0,0,0,0,0,0,0,0,0,0,0,0,0,1,0,1,1
disaster_00829,3403,train,not disaster,1,0,1,1,0,0,0,0,0,0,0,0,0,0,0,0,1,0,0,1
disaster_00834,7781,train,real disaster,1,1,1,0,1,0,1,0,0,0,0,0,0,1,0,0,0,0,0,0
disaster_00835,2555,train,not disaster,0,0,0,0,1,0,1,0,0,0,0,0,0,0,0,0,0,1,0,1
disaster_00832,7030,train,not disaster,0,0,0,0,0,0,0,0,0,0,0,0,0,0,0,0,0,0,0,1
disaster_00836,4039,train,not disaster,1,0,1,0,0,0,0,0,0,0,0,0,0,0,0,0,0,0,0,1
disaster_00838,10088,test,real disaster,1,1,0,1,1,0,0,0,0,0,0,0,0,0,0,0,0,0,0,0
disaster_00837,7043,train,not disaster,1,0,0,0,0,0,1,0,0,0,0,0,0,0,0,0,1,1,0,1
disaster_00839,4813,train,real disaster,1,1,1,0,1,0,0,0,0,0,0,0,0,1,1,0,0,0,0,0
disaster_00840,9556,train,real disaster,0,0,0,0,0,0,0,0,0,0,0,0,0,0,0,0,1,1,0,1
disaster_00843,7749,train,not disaster,0,0,0,0,0,0,0,0,0,0,0,0,0,1,0,0,1,0,1,1
disaster_00841,3365,test,not disaster,0,0,0,0,0,1,0,1,0,0,0,0,0,0,0,0,1,1,0,0
disaster_00842,812,train,not disaster,0,0,0,0,0,0,0,0,0,0,0,0,0,0,0,0,0,1,0,1
disaster_00844,7680,train,not disaster,0,0,0,0,0,0,0,0,0,0,0,0,0,0,0,0,0,0,0,0
disaster_00845,10358,train,real disaster,0,0,0,0,1,0,0,0,0,0,0,0,0,0,0,0,0,0,0,1
disaster_00848,9678,train,not disaster,0,0,0,0,0,0,0,0,0,0,0,0,0,0,0,0,1,0,1,1
disaster_00847,942,test,not disaster,0,0,0,0,0,0,0,0,0,0,0,0,0,0,0,0,1,1,1,1
disaster_00846,2861,train,not disaster,0,0,0,0,0,0,0,0,0,0,0,0,0,0,0,0,1,0,1,1
disaster_00850,5614,train,not disaster,0,0,0,0,0,0,0,0,0,0,0,0,0,0,0,0,0,0,0,1
disaster_00851,9500,train,real disaster,1,1,1,0,1,1,0,0,1,0,0,0,0,1,0,0,0,0,0,0
disaster_00853,3527,test,real disaster,1,1,0,0,0,0,1,0,0,0,0,0,0,0,0,0,0,0,0,0
disaster_00849,9002,train,not disaster,0,0,0,0,0,0,0,0,0,0,0,0,0,0,0,0,0,0,1,1
disaster_00852,1972,train,real disaster,1,1,1,1,0,0,0,0,0,0,0,0,0,0,0,0,0,0,0,0
disaster_00855,4332,train,not disaster,1,0,0,0,0,0,0,0,0,0,0,0,0,0,0,0,1,0,0,1
disaster_00854,714,train,real disaster,1,1,1,0,0,0,1,0,0,0,0,0,0,0,0,0,0,0,0,0
disaster_00856,3248,train,real disaster,1,1,0,0,1,0,1,0,0,0,0,0,0,0,0,0,0,0,0,0
disaster_00857,9873,train,not disaster,0,0,0,0,1,0,0,0,0,0,0,0,0,0,0,0,1,0,1,1
disaster_00860,5829,train,real disaster,1,1,0,0,1,1,1,0,0,0,0,0,0,0,0,0,0,0,0,0
disaster_00858,3724,test,real disaster,0,0,0,0,1,0,0,0,0,1,0,0,0,0,0,0,1,0,1,1
disaster_00859,9906,train,not disaster,0,0,0,0,0,0,0,0,0,0,0,0,0,0,0,0,1,0,1,1
disaster_00864,8294,train,not disaster,1,1,0,0,1,0,1,0,0,0,0,0,0,0,0,0,0,0,0,1
disaster_00866,10486,train,real disaster,1,1,0,0,1,0,1,0,0,0,0,1,0,0,0,0,0,0,0,0
disaster_00861,7391,train,not disaster,0,0,0,0,0,0,0,0,0,0,0,0,0,0,0,0,1,0,1,1
disaster_00862,10422,test,not disaster,0,0,0,0,1,1,0,1,0,0,0,0,0,0,0,0,1,0,1,1
disaster_00863,3428,train,not disaster,0,0,0,0,1,0,0,0,0,0,0,0,0,0,0,0,1,0,0,1
disaster_00865,8842,train,not disaster,0,0,0,0,0,0,0,0,0,0,0,0,0,0,0,0,1,0,1,1
disaster_00867,1010,train,not disaster,0,0,0,0,0,0,0,0,0,0,0,0,0,0,0,0,1,1,0,1
disaster_00870,738,test,real disaster,1,1,1,1,1,0,1,0,0,0,0,0,0,0,0,0,0,0,0,0
disaster_00868,7069,test,not disaster,0,0,0,0,0,1,0,0,0,0,0,0,0,0,0,0,1,0,0,1
disaster_00869,1634,train,real disaster,1,0,0,1,1,1,0,0,0,0,0,0,0,0,0,0,0,0,0,1
disaster_00871,190,train,not disaster,1,0,0,0,0,0,0,0,0,0,0,0,0,0,0,0,0,0,0,0
disaster_00872,6994,test,not disaster,0,0,0,0,0,0,0,0,0,0,0,0,0,0,0,0,1,0,1,1
disaster_00875,2277,test,not disaster,0,0,1,0,0,0,0,0,0,0,0,0,0,0,0,0,0,0,1,0
disaster_00873,1105,test,not disaster,1,0,0,1,0,1,0,1,0,0,0,0,0,0,0,0,1,1,1,1
disaster_00876,9737,train,real disaster,1,1,1,0,1,0,1,1,0,1,0,0,0,0,0,0,0,0,0,0
disaster_00878,6436,train,real disaster,1,1,1,1,1,0,1,0,1,0,0,0,0,1,0,0,0,0,0,0
disaster_00874,7452,train,not disaster,0,0,0,0,1,0,1,0,0,0,0,0,0,0,0,0,0,0,0,1
disaster_00879,7560,test,real disaster,1,1,0,0,0,0,1,0,1,0,0,1,0,0,0,0,0,0,0,0
disaster_00880,4632,train,real disaster,0,1,1,0,1,0,0,0,1,0,0,0,0,1,0,0,0,0,0,0
disaster_00877,2990,train,not disaster,0,0,0,0,0,1,0,1,0,0,0,0,0,0,0,0,1,1,0,1
disaster_00881,5313,test,not disaster,1,0,0,0,0,0,0,0,0,0,0,0,0,0,0,0,1,0,0,1
disaster_00883,3914,train,real disaster,0,1,0,0,1,0,0,0,1,0,0,0,0,0,0,0,0,0,0,0
disaster_00882,8111,train,not disaster,0,0,0,0,0,0,0,0,0,0,0,0,1,0,0,0,0,0,0,1
disaster_00884,2408,train,not disaster,0,0,0,0,0,0,0,0,0,0,0,0,0,0,0,0,1,0,0,1
disaster_00885,5828,train,not disaster,0,0,0,0,0,0,0,0,0,0,0,0,0,0,0,0,1,0,0,1
disaster_00888,9157,train,real disaster,1,1,1,1,1,0,1,0,0,0,0,0,0,0,0,0,0,0,0,0
disaster_00886,4702,test,not disaster,0,0,0,0,1,0,0,1,0,0,0,0,0,0,0,0,1,0,1,0
disaster_00887,4281,train,not disaster,0,0,0,0,0,0,0,0,0,0,0,0,0,0,0,0,0,1,0,1
disaster_00889,5359,train,not disaster,1,0,0,0,0,1,0,0,0,0,0,0,0,0,0,0,1,0,1,1
disaster_00890,7504,train,real disaster,1,1,0,0,1,0,1,0,0,0,0,1,0,0,0,0,0,0,0,0
disaster_00893,5449,train,not disaster,0,0,0,0,0,0,1,0,0,0,0,0,0,1,0,0,0,0,0,1
disaster_00894,9308,train,not disaster,0,0,0,0,0,1,0,0,0,0,0,0,0,0,0,0,1,0,0,1
disaster_00896,4918,train,real disaster,1,0,0,0,0,0,0,0,0,0,0,0,0,0,0,0,1,1,0,1
disaster_00892,8500,train,real disaster,0,0,0,0,0,0,0,0,0,0,0,0,0,0,0,0,1,0,1,1
disaster_00897,10790,train,not disaster,0,0,0,0,0,0,1,0,0,0,0,0,0,0,0,0,1,0,0,1
disaster_00895,6191,test,real disaster,0,0,1,1,0,0,0,0,0,0,0,0,0,0,0,1,0,0,0,1
disaster_00898,3355,train,real disaster,1,1,1,1,1,0,1,0,0,1,0,0,0,1,0,0,0,0,0,0
disaster_00899,6208,train,real disaster,1,0,0,0,0,0,0,0,0,0,0,0,0,0,0,0,1,0,0,1
disaster_00891,3199,test,real disaster,0,0,0,0,1,1,0,1,0,0,0,0,0,0,0,0,1,0,1,1
disaster_00901,8914,test,not disaster,1,0,0,0,1,0,1,0,0,0,0,0,0,0,0,0,1,0,1,1
disaster_00903,675,train,real disaster,1,0,0,0,1,0,0,0,0,0,0,0,0,0,0,0,1,0,0,1
disaster_00902,8364,train,not disaster,0,0,0,0,0,0,0,0,0,0,0,0,0,0,0,0,1,0,1,1
disaster_00905,6485,test,not disaster,0,0,0,0,0,0,0,0,0,0,0,0,0,0,0,0,1,0,0,1
disaster_00906,1724,train,real disaster,1,0,0,0,0,0,0,0,0,0,0,0,0,1,0,0,0,0,0,1
disaster_00900,2898,train,not disaster,0,0,0,0,0,0,0,0,0,0,0,0,0,0,0,0,1,0,1,1
disaster_00904,7973,test,real disaster,1,1,0,0,1,0,1,0,0,1,0,0,0,0,0,0,0,0,0,0
disaster_00908,3440,train,not disaster,0,0,0,0,0,0,0,0,0,0,0,0,0,0,0,0,1,0,1,1
disaster_00907,5978,test,not disaster,0,0,0,0,0,0,1,0,0,0,0,0,0,0,0,0,1,1,1,1
disaster_00912,6523,train,not disaster,0,0,0,0,0,0,0,0,0,0,0,0,0,0,0,1,0,0,0,1
disaster_00910,6391,train,real disaster,1,1,0,0,0,1,1,0,0,0,0,0,0,0,0,0,0,0,0,0
disaster_00909,3191,train,not disaster,0,0,0,0,0,0,1,0,0,0,0,0,0,0,0,0,1,0,0,1
disaster_00911,1037,train,not disaster,0,0,0,0,0,0,0,0,0,0,0,0,0,0,0,0,1,0,1,1
disaster_00917,8860,train,not disaster,0,0,0,0,0,0,0,0,0,0,0,0,0,0,0,0,1,0,1,1
disaster_00914,9221,test,real disaster,1,1,1,1,1,1,1,0,0,0,0,0,0,0,0,0,0,0,0,0
disaster_00915,8158,train,real disaster,1,1,1,0,1,0,0,0,1,0,0,1,0,1,0,0,0,0,0,0
disaster_00916,8262,train,real disaster,0,0,0,0,1,0,1,0,0,0,0,0,0,0,0,0,0,1,0,1
disaster_00920,1164,train,not disaster,1,1,1,1,0,0,0,0,0,0,0,0,0,0,0,0,1,0,0,1
disaster_00913,3263,test,not disaster,0,0,0,0,0,0,0,0,0,0,0,0,0,0,0,0,1,1,1,1
disaster_00921,7061,train,not disaster,0,0,0,0,0,1,0,0,0,0,0,0,0,0,0,0,1,1,0,1
disaster_00918,1666,train,not disaster,1,0,0,1,0,0,0,0,0,0,0,0,0,0,0,0,0,0,0,1
disaster_00923,8074,train,not disaster,0,0,0,0,0,0,0,0,0,0,0,0,0,0,0,0,1,0,1,1
disaster_00922,5575,train,not disaster,1,0,0,0,0,0,0,0,1,0,0,1,0,0,0,0,0,0,0,1
disaster_00925,3835,test,not disaster,1,0,1,1,1,0,0,0,0,0,0,0,0,1,0,0,1,0,1,1
disaster_00924,9548,train,not disaster,0,0,0,0,0,0,0,0,0,0,0,0,0,0,0,0,1,1,0,1
disaster_00926,7285,test,real disaster,1,0,0,0,1,0,1,0,0,0,0,0,0,0,0,0,0,0,0,0
disaster_00928,7138,train,not disaster,0,0,0,0,0,0,0,0,0,0,0,0,0,0,0,0,1,0,1,1
disaster_00929,5286,train,not disaster,1,0,1,0,0,0,0,0,0,0,0,0,0,0,0,0,1,0,1,1
disaster_00927,6009,test,not disaster,1,0,1,1,0,0,0,0,0,0,0,0,1,0,0,1,0,0,0,1
disaster_00931,1324,train,real disaster,1,1,1,0,1,0,1,0,0,0,0,0,0,0,0,0,0,0,0,0
disaster_00930,8087,train,not disaster,0,0,0,0,0,0,0,0,0,0,0,0,0,0,0,0,0,0,0,1
disaster_00933,5411,train,not disaster,0,0,0,0,0,0,0,0,0,0,0,0,0,1,0,0,0,1,0,1
disaster_00934,5538,train,not disaster,0,1,0,0,1,0,0,0,0,1,0,0,0,0,0,0,0,0,0,0
disaster_00936,10286,train,real disaster,1,1,0,1,1,1,0,0,0,0,0,0,0,0,0,0,0,0,0,1
disaster_00935,951,test,not disaster,0,0,0,0,0,0,0,0,0,0,0,0,0,0,0,0,1,1,0,1
disaster_00938,5452,test,not disaster,0,0,0,0,1,1,0,0,0,0,0,0,0,1,0,0,0,0,0,1
disaster_00939,7957,train,not disaster,1,0,0,0,0,0,0,0,0,0,0,0,0,0,0,0,1,0,0,1
disaster_00937,6554,train,real disaster,0,0,0,0,0,0,0,0,1,0,0,0,0,0,0,0,1,1,0,1
disaster_00932,327,train,not disaster,0,0,0,0,0,0,0,0,0,0,0,0,0,0,0,0,1,1,0,0
disaster_00940,1269,train,real disaster,0,0,0,0,0,1,0,0,0,0,0,0,0,0,0,0,1,1,1,1
disaster_00942,9967,train,not disaster,1,0,0,0,0,0,0,0,0,0,0,0,0,0,0,0,1,0,1,1
disaster_00941,4759,test,not disaster,0,0,0,0,0,0,0,0,0,0,0,0,0,0,0,0,1,1,1,1
disaster_00944,6501,train,real disaster,1,1,1,0,1,0,1,0,1,0,0,0,0,1,0,0,0,0,0,0
disaster_00945,5693,train,real disaster,1,1,0,0,1,0,1,0,0,0,0,0,0,0,0,0,0,0,0,0
disaster_00943,3827,train,not disaster,0,0,0,0,0,0,0,0,0,0,0,0,0,0,0,0,1,1,0,1
disaster_00947,8989,train,real disaster,1,0,0,0,0,1,0,0,0,0,0,0,0,0,0,0,1,0,0,1
disaster_00948,7106,train,real disaster,1,1,1,1,0,0,0,0,1,0,0,0,0,0,0,0,0,0,0,0
disaster_00950,1126,train,not disaster,0,0,0,0,0,0,0,0,0,0,0,0,0,0,0,0,1,0,1,1
disaster_00951,7001,train,not disaster,0,0,0,0,0,0,0,0,0,0,0,0,0,0,0,0,1,1,1,1
disaster_00919,6796,test,not disaster,0,0,0,0,0,0,0,0,0,0,0,0,0,0,0,0,1,0,0,1
disaster_00952,4887,train,not disaster,1,0,0,0,0,0,0,0,0,0,0,0,0,0,0,0,1,0,0,1
disaster_00946,2649,train,real disaster,1,0,0,0,0,0,0,0,0,0,0,0,0,0,0,0,1,1,1,1
disaster_00953,8658,train,not disaster,1,0,0,0,1,0,0,0,0,0,0,0,0,0,0,0,1,1,1,1
disaster_00954,7944,train,real disaster,1,1,0,1,0,1,0,1,0,1,0,0,0,0,0,0,1,0,1,0
disaster_00955,3229,train,not disaster,0,0,0,0,0,0,0,0,0,0,0,0,0,0,0,0,1,0,1,1
disaster_00958,7334,test,real disaster,1,1,1,1,1,0,0,0,0,0,0,0,0,0,0,0,0,0,0,0
disaster_00957,8393,test,real disaster,1,1,1,1,1,0,0,0,0,0,0,0,0,0,0,0,0,0,0,0
disaster_00956,6383,train,real disaster,1,1,1,1,1,0,1,0,0,0,0,0,0,0,0,0,0,0,0,0
disaster_00959,7510,test,real disaster,1,1,0,0,1,0,1,0,0,0,0,1,0,0,0,0,0,0,0,0
disaster_00961,6185,test,real disaster,1,0,0,0,0,1,1,0,0,0,0,0,0,0,0,0,0,0,0,1
disaster_00960,8414,train,not disaster,1,0,0,0,0,0,0,0,0,0,0,0,0,0,0,0,1,1,1,1
disaster_00962,6317,train,real disaster,1,0,1,1,1,0,1,0,0,0,0,0,0,0,0,0,0,0,0,0
disaster_00963,8346,train,not disaster,0,0,0,0,0,0,0,0,0,0,0,0,0,0,0,0,1,0,1,1
disaster_00967,9123,train,real disaster,1,1,1,1,1,0,1,0,0,0,0,0,0,0,0,0,0,0,0,0
disaster_00965,4049,train,real disaster,1,1,1,0,1,0,0,0,0,0,0,1,0,0,1,0,0,0,0,0
disaster_00964,4124,test,real disaster,0,0,0,0,0,0,1,0,0,0,0,0,0,0,0,0,0,0,0,1
disaster_00966,10832,train,not disaster,1,0,0,1,0,0,1,0,0,0,0,0,0,0,0,0,1,0,0,1
disaster_00969,358,train,not disaster,0,0,0,0,1,0,0,0,0,0,0,0,1,0,0,0,0,1,0,1
disaster_00970,6809,test,not disaster,0,0,0,0,0,0,0,1,0,0,0,0,0,0,0,0,1,0,1,0
disaster_00968,7968,test,real disaster,1,1,0,0,1,0,1,0,0,1,0,0,0,0,0,0,0,0,0,0
disaster_00972,9110,train,real disaster,1,1,1,1,1,0,1,0,0,0,0,0,0,0,0,0,0,0,0,0
disaster_00971,7604,train,not disaster,0,0,0,0,1,0,0,0,0,0,0,0,0,0,0,0,0,1,0,1
disaster_00974,3648,train,not disaster,0,0,1,1,0,0,1,0,0,0,0,1,0,0,0,0,0,0,0,1
disaster_00976,5790,train,not disaster,0,0,0,0,0,0,0,0,0,0,0,0,0,0,0,0,1,1,0,1
disaster_00973,6323,train,not disaster,0,0,0,0,0,0,0,0,0,0,0,0,0,0,0,1,1,0,0,1
disaster_00975,3016,train,not disaster,0,0,0,0,0,0,0,0,0,0,0,0,0,0,0,0,0,1,0,1
disaster_00978,9303,train,not disaster,0,0,0,0,0,1,0,1,0,0,0,0,0,0,0,0,1,1,1,1
disaster_00977,3916,train,real disaster,1,1,0,1,1,0,0,0,0,0,0,0,0,0,0,0,0,0,0,0
disaster_00979,4476,train,real disaster,1,1,1,1,0,0,0,1,0,0,0,0,0,0,0,0,0,0,0,0
disaster_00981,10492,train,real disaster,1,0,0,0,0,0,0,0,0,0,0,0,0,0,0,0,1,0,0,1
disaster_00980,3286,test,real disaster,1,0,1,0,1,0,0,0,0,1,0,0,0,0,0,0,0,0,0,1
disaster_00984,10021,train,not disaster,0,0,0,0,0,0,0,0,0,0,0,0,0,0,0,0,1,0,1,1
disaster_00982,7343,train,not disaster,0,0,0,0,1,0,1,0,0,0,0,0,0,0,0,0,0,0,0,1
disaster_00985,10153,train,real disaster,0,0,0,1,1,0,0,0,0,0,0,0,0,0,0,0,0,0,0,1
disaster_00986,9420,train,real disaster,1,0,1,1,0,1,1,0,0,0,0,0,0,0,0,0,0,0,0,1
disaster_00987,6915,train,not disaster,0,0,0,0,0,0,0,0,0,0,0,0,0,0,0,0,1,0,0,1
disaster_00949,3957,train,real disaster,1,0,0,0,1,0,0,0,0,0,0,1,0,0,0,0,1,0,0,1
disaster_00989,6355,train,not disaster,0,0,0,0,0,0,0,0,0,0,0,0,0,0,0,0,1,1,1,1
disaster_00983,9144,train,real disaster,1,1,1,1,1,1,0,0,1,0,0,0,0,1,0,0,0,0,0,0
disaster_00988,7521,train,real disaster,1,1,0,0,1,0,1,0,0,0,0,1,0,0,0,0,0,0,0,0
disaster_00990,2255,train,not disaster,0,0,0,0,0,0,0,0,0,0,0,0,0,0,0,0,1,0,1,0
disaster_00992,726,train,not disaster,1,0,0,1,0,0,0,0,0,0,0,0,0,0,0,0,0,0,0,1
disaster_00991,3212,train,real disaster,1,1,0,0,1,0,1,0,0,0,0,0,0,0,0,0,0,0,0,0
disaster_00996,8425,train,not disaster,1,0,0,0,0,1,0,0,0,0,0,0,0,0,0,0,1,1,0,1
disaster_00995,3045,train,not disaster,0,0,0,0,0,0,0,0,0,0,0,0,0,0,0,0,1,0,1,1
disaster_00994,8377,train,not disaster,0,0,0,0,0,0,0,0,0,0,0,0,0,0,0,0,1,0,1,1
disaster_00993,6412,train,not disaster,0,0,0,0,0,0,0,0,0,0,0,0,0,0,0,0,1,1,0,1
disaster_00998,2297,train,not disaster,0,0,0,0,1,0,0,0,0,0,0,0,0,0,0,0,1,0,1,1
disaster_00997,1288,train,not disaster,0,0,0,0,0,0,0,0,0,0,0,0,0,0,0,0,1,1,1,1
disaster_01001,5319,train,real disaster,1,0,0,0,0,1,0,0,0,0,0,0,0,0,0,0,1,0,1,1
disaster_00999,3391,train,real disaster,0,1,0,0,1,0,0,0,0,1,0,0,0,0,0,0,0,0,0,0
disaster_01002,5069,train,not disaster,0,0,0,0,0,0,0,0,0,0,0,0,0,0,0,0,1,1,0,1
disaster_01000,10869,train,real disaster,1,1,1,0,0,0,1,0,0,1,0,0,0,0,0,0,0,0,0,0
disaster_01003,1611,train,not disaster,0,0,0,0,0,0,1,0,0,0,0,0,0,0,0,1,1,0,1,1
disaster_01004,745,test,real disaster,1,1,1,1,1,0,1,0,0,0,0,0,0,0,0,0,0,0,0,0
disaster_01007,2458,train,real disaster,1,1,1,1,1,0,0,0,1,0,0,0,0,1,0,0,0,0,0,0
disaster_01006,9360,train,not disaster,0,0,0,0,1,1,0,0,0,0,0,0,0,0,0,0,1,0,1,1
disaster_01005,3587,train,not disaster,0,0,0,0,0,0,0,0,0,0,0,0,0,0,0,0,1,0,0,1
disaster_01009,4252,test,real disaster,1,0,1,0,0,0,0,0,1,1,0,0,0,0,0,0,1,0,1,1
disaster_01008,9591,test,not disaster,1,0,0,1,0,0,0,0,0,0,0,0,0,0,0,0,0,0,1,0
disaster_01013,5135,train,real disaster,1,1,0,0,1,0,1,0,1,0,0,0,0,1,0,0,0,0,0,0
disaster_01012,4392,train,real disaster,1,1,0,0,1,0,1,0,0,0,0,1,0,0,0,0,0,0,0,0
disaster_01014,4341,train,real disaster,1,1,1,0,0,1,0,1,0,0,0,0,0,0,0,0,0,0,0,0
disaster_01011,2464,test,not disaster,0,0,0,0,0,0,0,0,0,0,0,0,0,0,0,0,1,1,0,1
disaster_01015,8443,train,not disaster,0,0,0,0,0,0,0,0,0,0,0,0,0,0,0,0,1,0,1,0
disaster_01010,4926,train,not disaster,0,0,0,0,0,0,0,1,0,0,0,0,0,0,0,0,0,1,0,1
disaster_01017,1191,train,not disaster,0,0,0,0,0,0,0,0,0,0,0,0,0,0,0,0,0,0,0,0
disaster_01019,868,train,not disaster,0,0,1,0,0,0,1,0,0,0,1,0,0,0,0,0,0,0,0,1
disaster_01018,5868,test,real disaster,1,1,1,1,1,0,1,0,0,0,1,0,0,0,0,0,0,0,0,0
disaster_01016,4415,test,not disaster,0,0,1,0,0,0,0,0,0,0,0,0,0,0,0,0,0,0,0,1
disaster_01020,7393,train,not disaster,1,0,1,0,1,0,0,0,0,1,0,1,0,0,0,0,0,0,0,0
disaster_01021,5853,train,not disaster,1,0,0,0,0,0,0,0,0,0,0,0,0,0,0,0,1,0,0,1
disaster_01022,2009,train,not disaster,0,0,0,0,0,0,0,1,0,0,0,0,0,0,0,0,1,0,1,1
disaster_01025,3415,train,real disaster,1,1,1,1,1,0,1,0,1,0,0,0,0,0,0,0,0,0,0,0
disaster_01023,6602,train,not disaster,0,0,0,0,0,0,0,0,0,0,0,0,0,0,0,0,0,0,0,1
disaster_01024,9337,train,real disaster,0,0,0,0,0,0,0,0,0,0,0,0,0,0,0,0,1,0,0,1
disaster_01026,8512,test,not disaster,0,0,0,0,0,0,0,0,0,0,0,0,0,0,0,0,1,0,1,0
disaster_01029,9503,train,real disaster,1,1,1,0,0,0,1,1,0,0,0,0,0,0,0,0,0,0,0,0
disaster_01030,8872,train,real disaster,1,0,0,0,1,0,0,0,0,0,0,0,0,0,0,0,0,0,0,0
disaster_01028,5757,train,real disaster,0,0,0,0,0,0,1,0,0,0,0,0,0,0,0,0,0,0,0,0
disaster_01031,4322,train,real disaster,1,0,0,0,1,0,0,0,0,0,0,0,0,0,0,0,0,0,0,0
disaster_01027,3597,train,not disaster,0,0,0,0,0,0,0,0,0,0,0,0,0,0,0,0,0,1,0,0
disaster_01033,4695,train,not disaster,0,0,0,0,0,0,0,0,0,0,0,0,0,0,0,0,1,0,0,1
disaster_01032,4544,train,not disaster,0,0,0,0,0,0,0,0,0,0,0,0,0,0,0,0,1,0,1,1
disaster_01037,9029,train,real disaster,0,0,0,0,0,0,0,0,0,0,0,0,0,0,0,0,0,0,0,1
disaster_01036,10600,train,real disaster,1,1,1,0,1,0,0,0,1,0,0,0,0,1,0,0,0,0,0,0
disaster_01034,10457,test,real disaster,1,1,1,1,1,0,0,0,0,0,0,1,0,0,0,0,0,0,0,0
disaster_01039,3421,train,not disaster,1,0,1,0,0,0,0,0,0,0,0,0,0,0,0,0,1,0,0,1
disaster_01035,7840,train,not disaster,0,0,0,0,1,0,0,1,0,0,0,0,0,0,0,0,1,0,1,1
disaster_01040,8020,test,real disaster,0,1,0,0,1,0,1,0,0,0,0,1,0,0,1,0,0,0,0,0
disaster_01041,10260,train,not disaster,0,0,0,0,1,0,0,0,0,0,0,0,0,0,0,0,1,1,1,1
disaster_01042,2851,train,real disaster,1,1,0,1,1,0,0,0,0,1,0,0,0,0,0,0,0,0,0,0
disaster_01044,4931,train,not disaster,1,0,0,1,0,0,0,0,0,0,0,0,0,0,0,0,1,0,0,1
disaster_01045,5186,train,real disaster,0,0,0,0,0,0,0,0,0,0,0,0,0,0,0,0,1,1,1,1
disaster_01046,1556,train,real disaster,1,1,1,0,1,1,0,0,0,0,0,0,0,0,0,0,0,0,0,0
disaster_01038,8315,train,real disaster,0,1,0,0,1,1,1,0,0,1,0,0,0,0,0,0,0,0,0,0
disaster_01047,171,train,not disaster,0,0,0,0,0,0,0,0,0,0,0,0,0,0,0,0,1,1,0,1
disaster_01048,3489,train,real disaster,1,1,0,0,1,0,0,1,0,0,0,0,0,0,0,0,0,0,0,0
disaster_01043,6281,train,real disaster,1,0,0,0,0,0,1,0,0,0,0,0,0,0,0,0,0,0,0,1
disaster_01050,7175,train,not disaster,0,0,0,0,0,0,0,0,0,0,0,0,0,0,0,0,1,0,1,1
disaster_01049,9085,test,real disaster,1,0,1,1,0,0,0,0,0,0,0,0,0,0,0,0,0,0,0,1
disaster_01052,10625,train,real disaster,1,1,1,0,1,0,1,0,1,0,0,0,0,1,0,0,0,0,0,0
disaster_01051,66,train,real disaster,1,1,1,0,1,0,1,0,0,0,0,1,0,0,0,0,0,0,0,0
disaster_01054,8890,train,not disaster,0,0,0,0,0,0,0,0,0,0,0,0,0,0,0,0,0,0,0,1
disaster_01053,7477,test,not disaster,0,0,0,0,0,0,0,0,0,0,0,0,0,0,0,0,1,1,0,1
disaster_01057,8008,train,not disaster,0,1,0,0,1,0,1,0,0,1,0,0,0,0,0,0,0,0,0,0
disaster_01055,6293,train,not disaster,1,1,1,1,1,0,0,0,0,0,0,0,0,0,0,0,0,0,0,0
disaster_01060,1610,train,real disaster,1,0,0,0,1,0,0,0,0,0,0,0,0,0,0,0,0,0,0,1
disaster_01059,4958,train,not disaster,1,0,0,1,0,1,0,0,1,0,0,0,0,0,0,0,1,1,1,1
disaster_01058,8584,train,real disaster,0,0,0,0,0,0,0,1,0,0,0,0,0,0,0,0,1,1,1,1
disaster_01056,231,train,real disaster,1,1,0,0,0,1,0,0,1,0,0,0,0,0,0,0,0,0,0,0
disaster_01062,4986,test,not disaster,1,0,0,0,0,0,0,0,0,0,0,0,0,0,0,0,0,0,0,1
disaster_01065,3857,test,not disaster,0,0,0,0,0,1,0,0,0,0,0,0,0,0,0,0,1,0,0,1
disaster_01066,9367,train,not disaster,0,0,0,0,1,0,0,0,0,0,0,0,0,0,0,0,0,1,0,1
disaster_01064,7569,train,real disaster,1,1,0,0,0,0,0,0,1,0,0,1,0,0,0,0,0,0,0,0
disaster_01061,1772,train,real disaster,1,0,0,0,0,1,0,0,0,0,0,0,0,0,0,0,0,0,0,1
disaster_01069,6394,test,real disaster,1,0,0,0,0,0,0,1,0,0,0,0,0,0,0,0,0,0,0,0
disaster_01067,8276,train,not disaster,0,0,0,0,1,0,0,0,0,0,0,0,0,0,0,0,1,1,1,1
disaster_01071,1280,train,not disaster,0,0,1,0,0,0,0,0,1,0,0,0,0,0,0,0,1,0,1,1
disaster_01070,1525,train,not disaster,0,0,0,0,0,0,0,0,0,0,0,0,0,0,0,0,0,0,0,1
disaster_01068,10038,train,not disaster,0,0,0,0,0,0,0,0,0,0,0,0,0,0,0,0,1,0,1,1
disaster_01063,8516,train,not disaster,0,0,0,0,0,0,0,0,0,0,0,0,0,0,0,0,1,1,1,1
disaster_01072,314,train,not disaster,1,0,1,1,1,0,0,0,0,0,0,1,0,0,0,0,1,0,1,1
disaster_01073,3570,train,not disaster,0,0,0,0,0,0,0,0,0,0,0,0,0,0,0,0,0,1,0,1
disaster_01075,10632,test,real disaster,1,1,1,0,1,0,1,0,1,0,0,0,0,1,0,0,0,0,0,0
disaster_01074,7813,train,not disaster,0,0,0,0,0,0,1,0,0,0,0,0,0,0,0,0,0,0,0,1
disaster_01076,2279,train,not disaster,0,0,0,0,0,0,0,1,0,0,0,0,0,0,0,0,1,0,0,1
disaster_01077,9659,train,not disaster,0,0,0,0,0,0,0,1,0,0,0,0,0,0,0,0,1,0,1,1
disaster_01078,1991,train,real disaster,1,1,0,0,1,0,0,1,0,0,0,0,0,1,0,0,0,0,0,0
disaster_01079,2647,train,real disaster,1,1,0,0,1,0,1,0,0,0,0,0,0,0,0,0,0,0,0,0
disaster_01082,10056,test,not disaster,0,0,0,0,0,0,0,0,0,0,0,0,0,0,0,0,1,0,1,1
disaster_01080,3950,train,real disaster,0,0,0,0,0,0,0,0,0,0,0,0,0,0,0,0,1,0,0,1
disaster_01081,1129,train,not disaster,0,0,0,0,0,0,0,0,0,0,0,0,0,0,0,0,1,1,0,1
disaster_01083,7046,train,not disaster,0,0,0,0,0,0,0,1,0,0,0,0,0,0,0,0,1,0,1,1
disaster_01084,2422,test,not disaster,0,0,0,0,0,0,0,0,0,0,0,0,0,0,0,0,0,1,0,1
disaster_01086,4479,train,real disaster,0,0,1,1,0,0,0,1,0,0,0,0,0,0,0,0,0,0,0,1
disaster_01085,2046,train,not disaster,0,0,0,0,0,0,0,0,0,0,0,0,0,0,0,0,1,1,0,1
disaster_01089,7982,test,real disaster,1,1,0,0,1,0,1,0,0,1,0,0,0,0,0,0,0,0,0,0
disaster_01088,7748,train,real disaster,0,1,1,0,1,0,1,0,0,0,0,0,0,1,0,0,0,0,0,0
disaster_01087,1892,test,real disaster,0,0,0,0,0,0,0,0,0,0,0,0,0,0,0,0,1,0,1,0
disaster_01091,4161,test,not disaster,0,0,0,0,0,0,0,0,0,0,0,0,0,0,0,0,1,0,0,1
disaster_01094,3661,train,not disaster,0,0,0,0,0,0,0,0,0,0,0,0,0,0,0,0,1,1,0,1
disaster_01092,493,test,not disaster,1,1,1,0,0,1,1,0,0,0,0,0,0,0,0,0,1,1,1,1
disaster_01093,9264,train,not disaster,0,0,0,0,0,0,0,0,0,0,0,0,0,0,0,0,1,1,0,1
disaster_01090,8622,train,not disaster,0,0,0,0,0,1,0,0,0,0,0,0,0,0,0,0,0,0,0,1
disaster_01095,4709,train,not disaster,0,0,0,0,0,0,0,0,0,0,0,0,0,0,0,0,0,0,0,1
disaster_01097,3908,test,real disaster,1,1,0,1,1,0,1,0,0,0,0,0,0,0,0,0,0,0,0,0
disaster_01096,615,train,not disaster,1,1,0,1,1,0,1,0,0,1,0,0,0,0,0,0,0,0,0,0
disaster_01098,5074,train,real disaster,0,0,0,1,1,0,0,0,0,0,0,0,0,0,0,0,0,0,0,1
disaster_01099,8582,train,not disaster,0,0,0,0,0,0,0,0,0,0,0,0,0,0,0,0,1,0,1,0
disaster_01100,4068,train,real disaster,1,0,1,1,0,0,0,0,0,0,0,0,0,0,1,0,0,0,0,1
disaster_01102,10255,train,real disaster,0,1,0,0,1,0,1,1,0,1,1,0,0,0,0,0,1,0,0,0
disaster_01101,2022,train,real disaster,1,1,1,0,0,0,0,0,1,0,0,1,0,0,0,0,0,0,0,0
disaster_01104,5087,test,real disaster,1,0,1,0,1,0,1,0,0,0,0,0,0,0,0,0,1,0,0,1
disaster_01103,8669,train,real disaster,1,1,0,0,1,0,0,0,0,0,0,0,0,0,0,0,0,0,0,0
disaster_01106,4762,train,real disaster,0,1,0,0,1,1,1,0,0,0,0,0,0,0,1,0,0,0,0,0
disaster_01105,8494,train,not disaster,0,0,0,0,0,0,0,0,0,0,0,0,0,0,0,0,1,0,1,1
disaster_01107,10557,test,not disaster,1,0,0,0,0,0,0,0,0,0,0,0,0,0,0,0,1,0,1,1
disaster_01109,7693,train,not disaster,1,0,0,0,0,0,0,0,0,0,0,0,0,0,0,0,1,0,0,1
disaster_01110,9324,test,not disaster,1,0,0,0,0,1,0,0,0,0,0,0,1,0,0,0,1,1,0,1
disaster_01108,5722,train,real disaster,1,1,0,0,1,0,0,0,0,0,0,0,0,0,0,0,0,0,0,0
disaster_01111,3218,train,not disaster,0,0,0,0,0,0,0,0,0,0,0,0,0,0,0,0,1,0,0,1
disaster_01112,7116,train,not disaster,0,0,0,0,0,0,1,0,0,0,0,0,0,0,0,0,0,0,0,1
disaster_01116,4666,test,not disaster,1,0,0,0,0,0,0,1,0,0,0,0,0,0,0,0,1,1,1,0
disaster_01115,8096,train,real disaster,1,1,1,0,1,0,1,0,0,0,0,0,0,1,0,0,0,0,0,0
disaster_01114,5674,train,not disaster,0,0,0,0,0,0,0,0,0,0,0,0,0,0,0,0,1,0,0,1
disaster_01113,1167,train,not disaster,0,0,0,0,0,0,0,0,0,0,0,0,0,0,0,0,1,0,1,1
disaster_01118,727,train,real disaster,1,0,0,0,0,0,1,0,0,0,0,0,0,0,0,0,0,1,0,1
disaster_01117,6384,train,real disaster,1,0,1,0,0,0,0,0,0,0,0,0,0,0,0,0,0,0,0,1
disaster_01120,10350,test,not disaster,0,0,0,0,0,0,1,0,0,0,0,0,0,0,0,0,0,1,0,1
disaster_01121,10613,train,real disaster,1,1,1,0,0,0,1,0,1,0,0,0,0,1,0,0,0,0,0,0
disaster_01119,9242,train,real disaster,1,1,1,0,0,0,1,0,0,0,0,0,0,0,0,0,0,0,0,0
disaster_01124,2157,test,not disaster,0,0,0,0,0,0,0,0,0,0,0,0,0,0,0,0,1,0,0,1
disaster_01122,7654,train,not disaster,0,0,0,0,0,1,0,0,0,0,0,0,0,0,0,0,0,0,0,0
disaster_01126,3715,train,real disaster,1,1,0,0,1,0,1,0,1,1,0,0,0,0,0,0,0,0,0,0
disaster_01125,4769,train,real disaster,1,1,1,0,1,0,1,0,0,0,0,0,0,0,1,0,0,0,0,0
disaster_01129,4407,train,not disaster,0,0,0,0,0,0,0,0,0,0,0,0,0,0,0,0,1,0,1,1
disaster_01128,6686,train,real disaster,1,1,0,0,1,0,1,0,1,0,0,0,0,0,0,0,0,0,0,0
disaster_01127,2082,test,not disaster,0,0,0,0,0,0,0,0,0,0,0,0,0,0,0,0,0,1,1,1
disaster_01131,2413,train,not disaster,0,0,0,0,0,0,0,0,0,0,0,0,0,0,0,0,1,0,1,1
disaster_01123,7362,train,real disaster,0,0,0,0,0,0,1,0,0,0,0,0,0,0,0,0,1,1,0,1
disaster_01133,9212,train,real disaster,1,1,1,1,1,0,1,0,1,0,0,0,0,0,0,0,0,0,0,0
disaster_01132,10818,test,not disaster,0,0,0,0,0,0,0,0,0,0,0,0,0,0,0,0,1,1,1,1
disaster_01134,307,test,not disaster,0,0,0,0,0,0,0,0,0,0,0,0,0,0,0,0,1,1,0,0
disaster_01135,976,train,not disaster,0,0,0,0,0,0,0,0,0,0,0,0,0,0,0,0,0,0,1,1
disaster_01130,3216,train,not disaster,0,0,0,0,0,0,0,0,0,0,0,0,0,0,0,0,1,0,0,1
disaster_01136,7627,train,not disaster,0,0,0,0,1,0,0,0,0,0,0,0,0,0,0,0,1,1,0,1
disaster_01137,2231,train,not disaster,1,0,1,1,0,0,1,0,0,0,0,0,0,0,0,0,0,0,0,1
disaster_01138,912,train,real disaster,1,0,1,1,1,0,1,1,0,0,0,0,0,1,0,0,0,0,0,0
disaster_01140,294,train,not disaster,0,0,1,0,0,0,0,0,0,0,0,0,0,1,0,0,0,0,1,1
disaster_01142,7532,train,real disaster,1,1,0,0,1,0,1,0,0,0,0,1,0,0,0,0,0,0,0,0
disaster_01139,2942,test,real disaster,0,0,1,0,0,0,0,0,0,0,0,0,0,0,0,0,1,0,1,1
disaster_01141,8843,test,not disaster,0,0,0,0,0,0,0,0,0,0,0,0,0,0,0,0,1,0,1,1
disaster_01143,8927,train,not disaster,1,0,0,0,0,0,0,0,0,0,0,0,0,0,0,0,1,0,1,1
disaster_01144,2752,train,not disaster,0,0,0,0,1,0,0,0,0,0,0,0,0,0,0,0,0,0,0,1
disaster_01147,7720,test,not disaster,0,0,0,0,1,0,0,1,0,0,0,0,0,0,0,0,1,0,1,0
disaster_01145,7685,train,not disaster,0,0,0,0,0,0,0,0,0,0,0,0,0,0,0,0,1,0,0,1
disaster_01148,1199,train,not disaster,0,0,0,0,0,0,0,0,0,0,0,0,0,0,0,0,1,0,1,1
disaster_01149,4295,train,not disaster,0,0,0,0,0,0,0,0,0,0,0,0,0,0,0,0,1,0,1,1
disaster_01146,1549,train,real disaster,1,1,1,1,0,0,0,0,0,0,0,0,0,0,0,0,0,0,0,0
disaster_01150,10730,test,not disaster,0,0,0,0,0,1,0,0,0,0,0,0,0,0,0,0,1,0,1,1
disaster_01155,3477,test,real disaster,1,1,0,0,1,1,1,0,0,0,1,0,0,0,0,0,0,0,0,0
disaster_01154,8561,train,not disaster,0,0,0,0,0,0,0,0,0,0,0,0,0,0,0,0,1,1,1,1
disaster_01152,6656,train,not disaster,1,0,0,0,0,1,0,0,0,0,0,0,0,0,0,0,0,1,0,0
disaster_01153,10320,train,not disaster,0,0,0,0,0,0,0,0,0,0,0,0,0,0,0,0,1,1,0,1
disaster_01156,3474,train,real disaster,1,1,0,0,0,0,1,0,0,0,0,0,0,0,0,0,0,0,0,0
disaster_01151,7459,train,not disaster,0,0,0,0,0,0,0,0,0,0,0,0,0,0,0,0,1,0,0,1
disaster_01157,6036,test,real disaster,1,1,1,1,1,0,1,0,0,0,0,0,0,0,0,0,0,0,0,0
disaster_01158,6973,train,real disaster,1,1,0,0,1,0,0,0,1,0,0,0,0,0,0,0,0,0,0,0
disaster_01160,2406,train,not disaster,0,0,0,0,0,0,0,0,0,0,0,0,0,0,0,0,1,1,0,1
disaster_01159,2204,test,not disaster,1,0,0,0,0,0,0,0,0,0,1,0,0,0,0,0,1,1,1,1
disaster_01161,1773,train,not disaster,1,0,1,1,0,0,1,0,0,0,0,0,0,0,0,0,0,0,0,1
disaster_01162,7281,train,real disaster,1,1,0,1,1,1,1,0,0,0,0,0,0,0,0,0,0,0,0,0
disaster_01163,10844,train,real disaster,1,1,1,0,1,1,1,0,0,0,0,0,0,0,0,1,0,0,0,0
disaster_01166,5983,train,real disaster,1,1,1,0,1,1,0,0,0,0,0,0,0,0,0,0,0,0,0,0
disaster_01165,9509,train,real disaster,1,0,1,0,1,0,0,0,0,0,0,0,0,0,0,0,0,0,0,1
disaster_01164,9769,train,not disaster,0,0,0,0,0,0,0,0,0,0,0,0,0,0,0,0,1,1,0,0
disaster_01167,9034,train,real disaster,0,1,1,0,1,0,0,0,0,0,0,0,0,1,0,0,0,1,0,0
disaster_01172,8945,train,real disaster,1,1,1,0,1,0,1,0,0,0,0,0,0,0,0,0,0,0,0,0
disaster_01169,10176,train,not disaster,1,0,0,0,1,0,0,0,0,0,0,1,0,0,0,0,0,0,0,0
disaster_01171,8700,test,not disaster,0,0,0,0,1,0,0,0,0,0,0,0,0,0,0,0,0,0,0,1
disaster_01168,6271,train,real disaster,1,0,0,1,0,0,0,0,0,0,0,0,0,0,0,0,0,0,0,1
disaster_01173,10641,train,real disaster,0,0,0,0,1,0,0,0,0,0,0,0,0,0,0,0,1,0,0,1
disaster_01175,370,train,not disaster,0,0,1,0,1,0,1,0,0,0,0,0,0,0,0,0,0,0,0,1
disaster_01170,40,test,not disaster,0,0,0,0,0,0,0,0,0,0,0,0,0,0,0,0,0,0,1,0
disaster_01174,9932,train,not disaster,0,0,0,0,0,1,1,0,0,0,0,0,0,0,0,0,1,1,0,0
disaster_01176,4113,train,real disaster,1,1,1,1,1,0,1,0,0,0,0,0,0,0,0,0,0,0,0,0
disaster_01178,5855,test,real disaster,0,0,0,1,1,0,0,0,0,0,0,0,0,0,0,0,0,0,0,0
disaster_01179,10390,train,real disaster,1,0,1,0,0,0,0,0,0,0,0,0,0,0,0,0,1,0,1,0
disaster_01180,3077,test,real disaster,1,0,0,0,0,0,1,0,0,0,0,0,0,0,0,0,0,0,0,1
disaster_01177,2479,train,not disaster,0,0,0,0,1,0,0,0,0,0,0,0,0,0,0,0,1,1,0,1
disaster_01181,345,train,not disaster,0,0,0,0,0,0,0,0,0,0,0,0,0,0,0,0,1,1,0,0
disaster_01182,2643,test,not disaster,1,0,0,0,0,0,0,1,0,0,0,0,0,0,0,0,1,1,1,1
disaster_01183,258,train,real disaster,0,1,1,0,0,0,0,1,0,0,0,1,0,1,0,0,0,0,0,0
disaster_01187,10231,train,not disaster,0,0,0,0,0,0,0,0,0,0,0,0,0,0,0,0,0,0,0,1
disaster_01184,5442,train,not disaster,0,0,0,0,0,0,0,0,0,0,0,0,0,1,0,0,0,0,0,1
disaster_01186,1298,train,not disaster,0,0,0,0,0,0,0,0,0,0,0,0,0,0,0,0,1,0,1,1
disaster_01185,3892,train,not disaster,0,0,0,0,0,0,0,0,0,0,0,0,0,0,0,0,0,0,0,1
disaster_01189,513,train,real disaster,0,0,0,0,0,0,0,0,0,0,0,0,0,0,0,0,1,0,0,1
disaster_01192,5677,train,real disaster,1,1,0,0,1,1,1,0,1,0,0,0,0,0,0,0,0,0,0,0
disaster_01188,9450,train,real disaster,1,1,0,0,1,0,1,0,0,0,0,0,0,0,0,0,0,0,0,0
disaster_01190,2684,test,not disaster,0,0,0,0,0,0,0,0,0,0,0,0,0,0,0,0,0,0,1,1
disaster_01191,7160,train,real disaster,1,0,0,0,0,0,0,0,0,0,0,0,0,0,0,0,1,1,1,1
disaster_01193,421,train,not disaster,0,0,0,0,0,0,0,0,0,0,0,0,0,0,0,0,1,1,0,1
disaster_01194,8205,test,not disaster,0,0,0,0,0,0,0,0,0,0,0,0,0,0,0,0,1,0,1,1
disaster_01195,5652,train,real disaster,1,1,0,0,1,1,1,0,0,0,0,1,0,0,0,0,0,0,0,0
disaster_01197,777,train,not disaster,0,0,0,0,0,0,0,0,0,0,0,0,0,0,0,0,0,0,0,1
disaster_01199,4812,train,real disaster,0,1,1,0,1,0,1,0,0,0,0,0,0,1,1,0,0,0,0,0
disaster_01196,8727,train,not disaster,0,0,0,0,0,0,0,1,0,0,0,0,0,0,0,0,1,0,1,1
disaster_01198,8002,test,real disaster,1,1,0,0,1,0,1,0,0,1,0,0,0,0,0,0,0,0,0,0
disaster_01201,3669,test,not disaster,0,0,0,0,1,0,0,0,0,0,0,0,0,0,0,0,1,1,0,1
disaster_01203,10488,train,real disaster,1,1,0,0,1,1,0,0,0,0,0,0,0,0,0,0,0,0,0,0
disaster_01200,10802,train,not disaster,0,0,0,0,0,0,0,0,0,0,0,0,0,0,0,0,1,0,1,1
disaster_01204,8119,test,real disaster,0,0,0,0,0,1,0,0,0,0,0,0,0,0,0,0,1,0,1,1
disaster_01205,5467,train,not disaster,1,0,0,0,0,0,0,0,0,0,0,0,0,0,0,0,1,1,0,1
disaster_01202,3173,train,not disaster,0,0,0,0,0,0,0,0,0,0,0,0,0,0,0,0,1,0,1,1
disaster_01209,1350,train,not disaster,1,0,0,0,0,1,1,0,0,0,0,0,0,0,0,0,1,1,1,1
disaster_01206,10206,train,real disaster,1,1,1,1,1,0,1,0,0,0,0,0,0,0,0,0,0,0,0,0
disaster_01207,8210,test,not disaster,0,0,0,0,0,0,0,0,0,0,0,0,0,0,0,0,1,0,1,1
disaster_01210,7871,train,not disaster,0,0,0,0,0,1,1,0,0,0,0,1,0,0,0,0,1,0,0,1
disaster_01211,4975,train,real disaster,1,1,0,0,1,0,1,0,0,0,0,0,0,1,0,0,0,0,0,0
disaster_01214,6613,train,not disaster,0,0,0,0,0,1,0,0,0,0,0,0,0,0,0,0,1,0,1,1
disaster_01208,1486,train,not disaster,0,0,0,0,0,0,0,0,0,0,0,0,0,0,0,0,0,0,0,1
disaster_01212,10217,test,real disaster,1,1,0,0,1,0,0,0,0,0,1,0,0,0,0,0,0,0,0,0
disaster_01213,9374,test,not disaster,0,0,0,0,0,1,0,1,0,0,0,0,0,0,0,0,1,0,0,1
disaster_01215,6449,test,not disaster,0,0,0,0,0,0,0,0,0,0,0,0,0,0,0,0,1,1,1,1
disaster_01216,7773,train,not disaster,1,1,1,0,1,0,0,0,0,0,0,0,0,1,0,0,0,0,0,0
disaster_01218,2900,train,real disaster,0,0,0,0,0,0,0,0,0,0,0,0,0,0,0,0,1,0,1,1
disaster_01217,2366,train,not disaster,0,0,0,0,0,0,0,1,0,0,0,0,0,0,0,0,0,0,0,0
disaster_01221,8208,train,not disaster,0,0,1,0,1,0,0,0,0,0,0,0,0,0,0,0,1,1,1,1
disaster_01219,994,train,not disaster,0,0,0,0,0,0,0,0,0,0,0,0,0,0,0,0,1,0,1,1
disaster_01220,4800,train,real disaster,1,1,1,0,1,1,1,0,0,0,1,1,0,0,0,0,0,0,0,0
disaster_01223,3303,train,not disaster,0,0,0,0,0,1,0,1,0,0,0,0,0,0,0,0,1,0,1,1
disaster_01224,9654,train,not disaster,1,1,1,0,0,1,0,0,0,0,0,0,0,0,0,0,0,0,0,0
disaster_01226,604,train,real disaster,1,1,0,0,1,0,1,0,0,0,0,0,0,0,0,0,0,0,0,0
disaster_01225,8763,train,not disaster,0,0,0,0,1,0,0,0,0,0,0,0,0,0,0,0,0,0,0,1
disaster_01227,109,train,not disaster,1,0,1,1,0,0,1,0,0,0,0,0,0,0,0,0,0,0,0,1
disaster_01222,598,train,real disaster,0,0,0,0,0,0,0,0,0,0,0,0,0,0,0,0,0,0,0,1
disaster_01231,4912,train,not disaster,1,0,0,0,0,0,0,0,0,0,0,0,0,0,0,0,1,0,1,1
disaster_01228,3299,train,real disaster,0,0,0,0,1,0,0,0,0,0,0,0,0,0,0,0,1,1,1,1
disaster_01229,10337,train,real disaster,0,0,1,0,0,0,0,0,0,0,0,0,0,0,0,0,0,0,0,1
disaster_01233,3222,train,not disaster,0,0,0,0,0,0,0,0,0,0,0,0,0,0,0,0,1,0,0,1
disaster_01230,1093,test,not disaster,1,0,0,1,1,0,1,0,0,0,0,0,0,0,0,0,1,0,1,1
disaster_01234,2112,train,not disaster,0,0,1,1,0,0,0,0,0,0,0,0,0,0,0,0,1,0,0,1
disaster_01232,9338,train,not disaster,0,0,0,0,0,0,0,0,0,0,0,0,0,0,0,0,1,0,1,0
disaster_01236,209,train,real disaster,1,1,0,0,0,1,0,0,1,0,0,0,0,0,0,0,0,0,0,0
disaster_01235,8431,test,real disaster,1,1,1,1,1,0,0,0,0,0,0,0,0,0,0,0,0,0,0,0
disaster_01237,5168,train,real disaster,1,0,1,1,0,0,0,0,1,0,0,1,0,0,0,0,0,0,0,1
disaster_01238,7864,train,not disaster,0,0,0,0,0,0,0,0,0,0,0,0,0,0,0,0,1,0,1,1
disaster_01239,10546,train,not disaster,0,0,0,0,0,0,0,0,0,0,0,0,0,0,0,0,1,0,1,0
disaster_01240,877,test,real disaster,1,1,1,1,0,0,1,0,0,0,1,0,0,0,0,0,0,0,0,0
disaster_01242,3611,train,not disaster,0,0,0,0,0,1,0,0,0,0,0,0,0,0,0,0,0,1,0,1
disaster_01241,3093,train,real disaster,0,0,1,0,1,0,0,0,1,0,0,0,0,0,0,1,0,0,0,1
disaster_01244,1499,train,not disaster,0,0,0,0,0,0,0,0,0,0,0,0,0,0,0,0,0,0,0,1
disaster_01246,5448,train,not disaster,0,0,0,0,1,0,0,0,0,0,0,0,0,1,0,0,0,1,0,1
disaster_01245,737,train,real disaster,1,1,1,1,1,0,1,0,0,0,0,0,0,0,0,0,0,0,0,0
disaster_01247,8999,train,not disaster,0,0,1,0,0,0,0,0,0,0,0,0,0,1,0,1,0,0,0,1
disaster_01249,2606,train,not disaster,0,0,0,0,0,1,0,1,0,0,0,0,0,0,0,0,0,0,0,0
disaster_01243,2744,train,not disaster,0,0,0,0,0,0,0,0,0,0,0,0,0,0,0,0,1,1,1,1
disaster_01248,7934,test,not disaster,1,0,0,0,0,0,0,0,0,0,0,0,0,0,0,0,1,1,1,1
disaster_01251,10093,train,real disaster,1,1,0,0,0,0,1,0,0,0,0,0,0,0,0,0,0,0,0,0
disaster_01252,8888,train,not disaster,0,0,0,0,0,0,0,0,0,0,0,0,0,0,0,0,0,0,1,1
disaster_01253,3225,train,not disaster,0,0,0,0,0,0,0,0,0,0,0,0,0,0,0,0,1,0,1,1
disaster_01250,7529,test,not disaster,0,0,0,0,0,0,0,0,0,0,0,0,0,0,0,0,1,0,1,1
disaster_01256,3139,train,real disaster,1,1,0,0,1,0,1,0,0,0,0,0,0,0,0,0,0,0,0,0
disaster_01254,4351,train,real disaster,1,1,0,0,1,0,1,0,0,0,0,0,0,0,0,0,0,0,0,0
disaster_01258,4742,test,real disaster,1,1,1,0,1,0,1,0,0,0,0,0,0,1,1,0,0,0,0,0
disaster_01255,1327,train,not disaster,0,0,0,0,0,0,0,0,0,0,0,0,0,0,0,0,1,1,1,1
disaster_01259,2976,test,not disaster,0,0,0,0,0,0,0,0,0,0,0,0,0,0,0,0,0,1,0,0
disaster_01257,6455,test,real disaster,1,0,1,0,0,0,0,0,0,0,0,0,0,0,0,0,0,0,0,0
disaster_01260,2733,train,not disaster,1,0,0,0,1,0,1,0,0,0,0,0,0,0,0,0,1,0,0,1
disaster_01261,9611,train,real disaster,1,1,1,0,0,1,1,0,0,0,0,0,0,0,0,0,0,0,0,0
disaster_01262,4104,train,real disaster,1,0,0,0,1,0,1,0,0,0,0,0,0,0,0,0,0,0,0,1
disaster_01264,1482,train,not disaster,0,0,0,0,0,0,0,0,0,0,0,0,0,0,0,0,0,0,0,1
disaster_01263,3664,train,real disaster,0,0,0,0,0,0,0,0,0,0,0,0,0,0,0,0,1,1,1,1
disaster_01265,8267,train,not disaster,0,0,0,0,0,0,0,0,0,0,0,0,0,0,0,0,1,0,1,1
disaster_01266,7610,test,not disaster,0,0,0,0,0,0,0,0,0,0,0,0,0,0,0,0,1,1,0,1
disaster_01268,6126,train,real disaster,0,0,0,0,0,1,0,0,0,0,0,0,0,0,0,0,1,1,0,0
disaster_01267,3265,train,not disaster,0,0,0,0,0,0,0,0,0,0,0,0,0,0,0,0,1,0,0,1
disaster_01269,2510,train,real disaster,1,1,0,0,1,0,0,0,0,0,0,0,0,0,0,0,0,0,0,0
disaster_01270,929,train,not disaster,0,0,0,0,0,0,0,0,0,0,0,0,0,0,0,0,0,0,0,1
disaster_01272,5,test,real disaster,0,1,1,0,0,0,1,0,0,0,0,0,0,1,1,1,0,0,0,0
disaster_01271,631,train,not disaster,0,0,0,0,0,0,0,0,0,0,0,0,0,0,0,0,0,0,1,1
disaster_01274,1638,train,real disaster,1,0,0,1,1,0,0,0,0,0,0,0,0,0,0,0,0,0,0,1
disaster_01275,5956,test,not disaster,0,0,0,0,0,0,0,0,0,0,0,0,0,0,0,0,1,1,1,1
disaster_01276,1832,train,not disaster,0,0,0,0,0,0,0,0,0,0,0,0,0,0,0,0,1,0,1,1
disaster_01278,10361,train,not disaster,1,0,1,1,0,0,1,0,0,0,0,0,0,0,0,0,0,0,0,1
disaster_01277,10406,train,real disaster,0,0,0,0,1,0,0,1,0,0,0,0,0,0,0,0,0,0,0,0
disaster_01273,7118,test,not disaster,0,0,0,0,0,0,0,0,0,0,0,0,0,0,0,0,1,0,0,1
disaster_01279,2256,train,not disaster,0,0,0,0,0,0,0,0,0,0,0,0,0,0,0,0,1,0,1,1
disaster_01280,1212,train,not disaster,1,0,0,0,0,0,0,0,0,0,0,0,0,0,0,0,1,0,1,1
disaster_01281,6730,train,not disaster,0,0,0,0,0,1,0,0,0,0,0,0,0,0,0,0,1,1,1,1
disaster_01282,3655,test,not disaster,0,0,0,0,0,0,0,0,0,0,0,0,0,0,0,0,1,1,1,1
disaster_01284,6854,train,real disaster,1,0,1,0,0,0,0,0,0,0,0,0,0,0,0,0,0,0,0,1
disaster_01286,144,train,real disaster,1,1,0,1,1,0,1,0,1,0,0,0,0,1,0,0,0,0,0,0
disaster_01288,8110,test,real disaster,0,1,0,0,0,0,0,0,0,0,0,0,0,1,0,0,0,0,0,0
disaster_01285,2500,train,real disaster,1,1,1,1,1,0,1,0,1,0,0,0,0,0,0,0,0,0,0,0
disaster_01283,9009,train,not disaster,0,0,0,0,0,0,0,0,0,0,0,0,0,0,0,1,0,0,0,1
disaster_01289,7426,test,not disaster,0,0,0,0,0,0,0,0,0,0,0,0,0,0,0,0,1,0,1,1
disaster_01287,6402,train,real disaster,1,0,0,0,0,0,0,0,0,0,0,0,0,0,0,0,1,0,1,0
disaster_01294,9438,test,real disaster,0,0,0,0,0,0,1,0,0,0,0,0,0,0,0,0,0,0,0,0
disaster_01292,5454,train,real disaster,0,0,0,0,0,1,0,1,0,0,0,0,0,1,0,0,0,0,0,0
disaster_01290,1691,train,not disaster,1,0,0,0,0,0,0,0,0,0,0,0,0,0,0,0,1,0,1,1
disaster_01298,4,test,real disaster,1,1,0,0,1,0,0,0,0,0,0,0,0,0,0,0,0,0,0,0
disaster_01295,1707,test,not disaster,0,0,0,0,1,1,1,0,0,0,0,0,0,0,0,0,1,1,0,0
disaster_01297,838,train,real disaster,1,1,1,1,0,0,1,0,0,0,1,0,0,0,0,0,0,0,1,0
disaster_01296,8172,train,real disaster,0,0,0,0,0,0,0,0,0,0,0,0,0,0,0,0,1,0,0,1
disaster_01293,991,train,not disaster,0,0,0,0,1,1,0,0,0,0,0,0,0,0,0,0,1,1,0,1
disaster_01302,7089,train,not disaster,0,0,0,0,0,0,1,0,0,0,0,0,0,0,0,0,1,0,0,1
disaster_01303,4693,train,real disaster,1,1,1,0,1,0,1,0,0,1,0,0,0,0,0,0,0,0,0,0
disaster_01299,5758,train,not disaster,1,0,0,0,0,0,0,0,0,0,0,0,0,0,0,0,1,0,1,1
disaster_01305,5604,train,real disaster,1,0,0,0,1,1,0,0,0,0,0,0,0,0,0,0,0,0,0,1
disaster_01306,5446,train,not disaster,0,0,0,0,0,0,0,0,0,0,0,0,0,1,0,0,0,0,0,1
disaster_01304,8757,train,not disaster,0,0,0,0,0,1,0,0,0,0,0,0,0,0,0,0,0,1,0,0
disaster_01307,3005,train,real disaster,0,0,0,0,0,0,0,0,0,0,0,0,0,0,0,0,0,1,0,1
disaster_01308,461,train,not disaster,0,0,1,1,0,0,1,0,0,0,0,0,0,0,0,0,1,0,0,1
disaster_01310,3144,test,real disaster,1,1,0,0,0,0,1,0,0,0,0,0,0,0,0,0,0,0,0,0
disaster_01301,3056,train,real disaster,0,0,1,0,0,0,0,0,1,0,0,1,1,0,0,0,1,0,1,1
disaster_01311,8835,test,not disaster,0,0,0,0,0,0,0,0,0,0,0,0,0,0,0,0,0,1,0,0
disaster_01312,9813,test,real disaster,1,1,1,1,1,0,1,0,1,0,0,0,0,1,0,0,0,0,0,0
disaster_01309,10608,train,not disaster,0,0,0,0,0,0,1,0,0,0,0,0,0,0,0,0,1,0,0,1
disaster_01313,6636,test,not disaster,0,0,0,0,0,0,0,0,0,0,0,0,0,0,0,0,1,1,1,1
disaster_01300,4732,train,real disaster,0,0,0,0,0,0,0,0,0,0,0,0,0,0,1,0,0,0,0,1
disaster_01316,3260,train,not disaster,0,0,0,0,0,0,0,0,0,0,0,0,0,0,0,0,1,0,1,1
disaster_01314,3111,test,real disaster,1,1,0,0,1,0,1,0,0,0,0,0,0,0,0,0,0,0,0,0
disaster_01315,2882,train,not disaster,0,0,0,0,0,0,0,0,0,0,0,0,0,0,0,0,0,1,0,0
disaster_01317,8061,train,not disaster,0,0,0,0,0,0,0,0,0,0,0,0,0,0,0,0,1,1,1,1
disaster_01291,6020,train,real disaster,0,0,0,0,0,0,0,0,0,0,0,0,0,0,0,0,1,0,1,1
disaster_01319,10423,train,not disaster,0,0,0,0,0,0,0,0,0,0,0,0,0,0,0,0,1,0,0,1
disaster_01320,4946,test,not disaster,1,0,0,0,0,0,0,0,0,0,0,0,0,0,0,0,1,0,1,1
disaster_01321,9808,train,real disaster,0,0,0,0,0,0,1,0,0,0,0,0,0,0,0,0,0,0,0,1
disaster_01323,6897,train,real disaster,1,1,1,1,1,0,0,0,0,0,0,0,0,0,0,0,0,0,1,1
disaster_01318,7176,test,not disaster,0,0,0,0,0,0,0,0,0,0,0,0,0,0,0,0,1,1,1,1
disaster_01322,2599,train,not disaster,1,0,0,0,1,0,0,0,0,0,0,0,0,0,0,0,0,0,0,0
disaster_01325,4840,train,real disaster,1,1,1,0,0,1,0,0,0,0,0,0,0,0,1,1,0,0,0,0
disaster_01324,3944,train,not disaster,0,0,0,0,0,0,0,0,0,0,0,0,0,0,0,0,1,1,0,1
disaster_01326,4045,train,not disaster,0,0,0,0,0,0,0,0,0,0,0,0,0,0,0,0,1,1,1,1
disaster_01327,2307,train,real disaster,1,0,1,1,0,0,0,0,0,0,0,0,0,1,0,0,0,0,0,0
disaster_01328,8352,test,not disaster,0,0,0,0,0,0,0,0,0,0,0,0,0,0,0,0,1,0,1,1
disaster_01329,2770,train,not disaster,0,0,0,0,0,1,0,0,0,0,0,0,0,0,0,0,0,0,0,1
disaster_01331,8399,train,not disaster,0,0,0,0,0,0,0,0,0,0,0,0,0,0,0,0,0,1,0,0
disaster_01330,6893,test,real disaster,1,0,0,1,1,0,0,0,1,0,0,0,0,0,0,0,0,0,0,1
disaster_01335,1710,train,real disaster,1,1,0,1,1,0,1,0,1,1,0,0,0,0,0,0,0,0,0,0
disaster_01333,5226,train,real disaster,1,1,1,1,1,0,0,0,1,0,0,0,0,0,0,0,0,0,0,0
disaster_01334,9468,train,not disaster,1,0,0,1,0,0,0,0,0,0,0,0,0,0,0,0,1,0,0,1
disaster_01332,6217,train,not disaster,1,0,0,0,1,0,1,0,0,0,0,0,0,0,0,0,0,0,0,0
disaster_01338,10675,train,not disaster,1,1,1,1,0,1,0,0,0,0,0,0,0,0,0,0,0,0,0,0
disaster_01339,6772,train,real disaster,1,1,1,0,1,1,0,0,0,0,0,0,0,0,0,0,0,0,0,0
disaster_01341,7201,test,real disaster,1,0,0,0,0,0,0,0,0,0,1,0,0,0,0,0,1,1,1,1
disaster_01340,2284,train,not disaster,0,0,0,0,0,0,0,0,0,0,0,0,0,0,0,0,1,0,1,1
disaster_01342,3617,train,not disaster,0,0,0,0,0,0,0,0,0,0,0,0,0,0,0,0,0,1,0,1
disaster_01337,3754,test,not disaster,0,0,0,0,0,0,0,0,0,0,0,0,0,0,0,0,1,0,0,1
disaster_01343,972,train,not disaster,0,0,0,0,0,0,0,0,0,0,0,0,0,0,0,0,1,0,1,1
disaster_01336,2817,train,real disaster,1,0,1,0,1,1,0,0,0,0,0,0,1,0,0,0,0,0,0,0
disaster_01346,784,train,not disaster,0,0,0,0,0,0,0,0,0,0,0,0,0,0,0,0,1,1,1,1
disaster_01344,7268,train,real disaster,1,0,1,0,1,0,0,0,0,0,0,0,0,0,0,0,0,0,0,1
disaster_01347,6616,test,not disaster,0,0,0,0,1,0,0,0,0,0,0,0,0,0,0,0,0,1,0,0
disaster_01345,1312,test,not disaster,0,0,0,0,0,0,0,0,0,0,0,0,0,0,0,0,1,0,1,1
disaster_01348,3777,train,not disaster,0,0,0,0,0,0,0,0,0,0,0,0,0,0,0,0,0,1,0,1
disaster_01349,8176,test,real disaster,1,1,1,0,0,0,1,0,1,0,0,1,1,1,0,0,0,0,0,0
disaster_01351,141,train,not disaster,0,0,0,0,0,0,0,0,0,0,0,0,0,0,0,0,0,0,0,0
disaster_01350,7155,test,not disaster,1,0,0,0,0,0,0,0,0,0,0,0,0,0,0,0,1,1,1,1
disaster_01354,4814,test,not disaster,0,1,0,0,1,0,1,0,0,0,0,0,0,1,1,0,0,0,0,0
disaster_01352,10731,test,not disaster,0,0,0,0,0,0,0,0,0,0,0,0,0,0,0,0,1,0,1,0
disaster_01357,1501,test,not disaster,0,0,0,0,0,0,1,0,0,0,0,0,0,0,0,0,1,0,0,1
disaster_01355,10830,train,not disaster,0,0,0,0,0,0,0,0,0,0,0,0,0,0,0,0,1,0,1,0
disaster_01356,6596,train,not disaster,0,0,0,0,1,0,1,0,0,0,0,0,0,0,0,0,0,0,0,1
disaster_01353,1602,train,not disaster,0,0,0,0,0,0,0,0,0,0,0,0,0,0,0,0,0,0,1,1
disaster_01361,5520,test,not disaster,0,0,0,0,0,0,0,0,0,0,0,0,0,0,0,0,1,1,1,0
disaster_01359,1591,train,real disaster,0,0,0,0,0,0,0,0,0,0,0,0,0,0,0,0,1,1,1,1
disaster_01360,10428,train,not disaster,1,0,0,0,1,0,0,0,0,0,0,0,0,0,0,0,1,1,1,1
disaster_01362,2058,train,not disaster,0,0,0,0,0,0,0,0,0,0,0,0,0,0,0,0,1,0,1,1
disaster_01358,8212,train,not disaster,0,0,0,0,0,1,0,0,0,0,0,0,0,0,0,0,1,0,1,1
disaster_01363,9351,train,real disaster,0,0,1,0,0,1,0,0,0,0,0,0,0,0,0,0,1,0,0,1
disaster_01366,5775,train,real disaster,1,0,0,0,1,0,1,0,0,0,0,0,0,0,0,0,0,0,0,1
disaster_01364,10824,train,not disaster,0,0,0,0,0,1,0,1,0,0,0,0,0,0,0,0,1,1,1,1
disaster_01365,10576,train,not disaster,1,0,0,0,1,0,1,0,0,0,0,0,0,0,0,0,0,0,0,1
disaster_01367,5059,train,not disaster,1,1,0,1,0,0,1,0,0,0,0,0,0,0,0,0,0,0,0,0
disaster_01369,10212,train,real disaster,1,1,0,0,1,1,1,0,0,0,0,1,0,0,0,0,0,0,0,0
disaster_01368,6723,train,not disaster,0,0,0,0,0,0,0,0,0,0,0,0,0,0,0,0,0,1,0,1
disaster_01371,6302,train,not disaster,0,0,0,0,0,0,0,0,0,0,0,0,0,0,0,0,1,0,0,1
disaster_01372,7999,train,real disaster,1,1,0,0,1,0,1,0,0,1,0,0,0,0,0,0,0,0,0,0
disaster_01370,10321,train,not disaster,0,0,0,0,0,0,0,0,0,0,0,0,0,0,0,0,1,0,1,1
disaster_01373,1939,train,not disaster,1,0,0,0,0,0,0,0,0,0,0,0,0,0,0,0,1,1,1,1
disaster_01374,3070,train,not disaster,0,0,0,0,0,0,0,0,0,0,0,0,0,0,0,0,1,0,1,1
disaster_01375,131,test,real disaster,1,1,0,0,1,0,0,0,0,1,0,0,0,0,0,0,0,0,0,0
disaster_01379,7573,train,real disaster,1,1,0,0,0,0,1,0,1,0,0,1,0,0,0,0,0,0,0,0
disaster_01377,2948,train,not disaster,0,0,1,0,0,1,0,0,0,0,0,0,0,0,0,0,0,0,0,1
disaster_01382,7461,train,not disaster,1,0,0,0,1,0,0,0,0,0,0,0,0,0,0,0,0,0,0,1
disaster_01378,8385,test,not disaster,0,0,0,0,0,0,0,0,0,0,0,0,0,0,0,0,1,1,0,1
disaster_01381,4543,train,real disaster,0,0,0,0,1,0,0,0,0,0,0,0,0,1,0,0,0,0,0,0
disaster_01383,10850,test,real disaster,1,1,1,0,1,1,1,0,0,0,0,0,0,0,0,1,0,0,0,0
disaster_01380,4482,train,not disaster,0,0,0,0,1,1,0,1,0,0,0,0,0,0,0,0,1,0,0,1
disaster_01384,10687,train,not disaster,0,0,0,0,0,0,0,0,0,0,0,0,0,0,0,0,1,0,0,0
disaster_01386,1952,train,real disaster,1,1,1,0,1,0,1,0,0,1,0,0,0,0,1,0,0,0,0,0
disaster_01387,6535,train,not disaster,0,0,0,0,0,0,0,0,1,0,0,0,0,0,0,0,0,1,0,1
disaster_01376,9982,train,not disaster,0,0,0,0,0,0,0,0,0,0,0,0,0,0,0,0,0,0,0,0
disaster_01385,7159,test,not disaster,1,0,0,0,0,0,0,0,0,0,0,0,0,0,0,0,1,1,1,1
disaster_01388,3043,train,not disaster,0,0,0,0,1,0,0,1,0,0,0,0,0,0,0,0,1,1,1,1
disaster_01390,8610,train,not disaster,0,0,0,0,0,0,0,0,0,0,0,0,0,0,0,0,1,1,0,1
disaster_01389,1182,train,not disaster,0,0,0,0,0,0,0,0,0,0,0,0,0,0,0,0,0,1,0,1
disaster_01391,4635,train,not disaster,0,0,0,0,1,0,0,0,0,0,0,0,0,1,0,0,0,0,0,1
disaster_01393,6216,train,real disaster,0,0,0,0,0,0,1,0,0,0,0,0,0,1,0,0,1,0,0,1
disaster_01394,2400,train,real disaster,0,1,1,1,0,0,0,0,1,0,0,0,1,0,0,0,0,0,0,0
disaster_01392,3772,train,real disaster,0,0,0,0,1,0,0,0,0,0,0,0,0,0,0,0,1,0,0,1
disaster_01396,8477,train,not disaster,0,0,0,0,0,0,0,0,0,0,0,0,0,0,0,0,1,1,1,1
disaster_01395,9586,train,real disaster,1,1,0,1,0,0,0,1,0,0,0,0,0,0,0,0,0,0,0,0
disaster_01398,9606,train,not disaster,0,0,0,0,1,0,0,0,0,0,0,0,0,0,0,0,0,0,0,0
disaster_01397,7340,train,not disaster,0,0,0,0,1,1,1,0,0,0,0,0,0,0,0,0,0,0,0,0
disaster_01402,9511,train,real disaster,1,1,1,0,1,0,1,0,0,0,0,0,0,0,0,0,0,0,0,0
disaster_01400,2889,train,real disaster,1,1,0,0,1,0,0,0,0,1,0,0,0,0,0,0,0,0,0,0
disaster_01399,2437,train,not disaster,0,0,0,0,0,0,0,0,0,0,0,0,0,0,0,0,0,1,0,1
disaster_01401,1331,test,not disaster,0,0,0,0,0,0,0,0,0,0,0,0,0,0,0,0,1,1,1,1
disaster_01403,1253,train,not disaster,0,0,0,0,0,0,0,0,0,0,0,0,0,0,0,0,1,0,1,1
disaster_01405,10275,test,not disaster,0,0,0,0,0,0,0,0,0,0,0,0,0,0,0,0,1,0,1,1
disaster_01406,6758,test,real disaster,1,1,1,1,1,1,1,0,0,0,0,0,0,0,0,0,1,0,1,0
disaster_01404,8755,test,not disaster,0,0,0,0,0,1,0,0,0,0,0,0,0,0,0,0,0,1,0,1
disaster_01407,810,test,not disaster,0,0,0,0,0,0,0,0,0,0,0,0,0,0,0,0,0,0,0,1
disaster_01412,5404,test,not disaster,1,0,0,0,1,0,0,0,0,0,0,0,0,1,0,0,0,0,0,0
disaster_01410,8113,train,real disaster,1,1,0,0,1,0,1,0,0,0,0,0,0,1,0,0,0,0,0,0
disaster_01411,9231,train,real disaster,1,0,0,1,0,1,1,0,0,0,0,0,0,0,0,0,1,0,0,1
disaster_01408,4791,train,real disaster,1,1,0,0,1,0,1,0,0,0,0,0,0,0,1,0,0,0,0,0
disaster_01409,4580,train,real disaster,0,0,0,0,0,1,0,0,0,0,0,0,0,0,0,1,0,0,0,1
disaster_01415,2111,test,not disaster,0,0,0,0,0,0,0,0,0,0,0,0,0,0,0,0,1,0,0,1
disaster_01413,4020,train,real disaster,0,0,0,0,1,0,0,0,0,0,0,0,0,0,0,0,1,1,1,1
disaster_01417,8875,train,not disaster,0,0,0,0,1,0,0,0,0,0,0,0,0,0,0,0,1,0,1,1
disaster_01418,2033,train,real disaster,0,0,0,0,0,0,0,0,0,0,0,0,0,0,0,0,1,1,1,1
disaster_01414,6737,train,not disaster,1,0,0,0,1,0,0,1,0,0,0,0,0,0,0,0,1,0,1,1
disaster_01420,10040,train,real disaster,1,0,1,1,1,0,0,0,0,0,0,0,0,0,0,0,0,0,0,1
disaster_01419,5908,train,not disaster,0,0,0,0,0,0,0,0,0,0,0,0,0,0,0,0,1,0,1,1
disaster_01416,6773,train,real disaster,1,1,0,1,1,0,1,0,0,0,0,0,0,0,0,0,0,0,0,0
disaster_01422,3029,train,not disaster,0,0,0,0,0,0,1,0,0,0,0,0,0,0,0,0,1,0,0,1
disaster_01423,8284,test,real disaster,0,0,0,1,0,0,0,0,0,0,0,0,0,0,0,0,0,0,0,1
disaster_01421,2125,train,real disaster,0,1,0,0,0,1,0,1,0,1,0,1,0,0,0,0,0,0,0,0
disaster_01426,6981,train,real disaster,1,1,0,0,1,0,1,0,0,0,0,0,0,0,0,0,0,0,0,0
disaster_01425,6799,train,not disaster,0,0,0,0,0,0,0,1,0,0,0,0,0,0,0,0,1,0,1,0
disaster_01428,9119,train,real disaster,1,1,1,1,1,0,1,0,1,0,0,0,0,0,0,0,0,0,0,0
disaster_01429,4313,train,not disaster,1,0,0,0,0,0,0,0,0,0,0,0,0,0,0,0,1,1,0,1
disaster_01430,10359,train,not disaster,0,0,1,1,1,0,0,0,0,0,0,0,0,0,0,0,0,0,0,1
disaster_01427,6490,train,not disaster,0,0,0,0,0,1,0,0,1,0,0,0,0,0,0,0,0,0,0,1
disaster_01431,9273,train,not disaster,0,0,0,0,0,1,0,0,0,0,0,0,0,0,0,0,1,1,0,1
disaster_01432,6850,train,real disaster,0,0,0,1,0,0,0,0,0,0,0,0,0,0,0,0,0,0,0,1
disaster_01434,8375,train,not disaster,0,0,0,0,0,0,0,0,0,0,0,0,0,0,0,0,1,0,1,1
disaster_01433,3659,test,not disaster,0,0,0,0,0,0,1,0,0,0,0,0,0,0,0,0,1,1,1,1
disaster_01424,10401,train,not disaster,0,0,0,0,1,0,0,0,0,0,0,0,0,0,0,0,0,0,0,1
disaster_01435,1070,train,not disaster,0,0,0,0,0,0,0,0,0,0,0,0,0,0,0,0,1,1,1,1
disaster_01437,5466,train,not disaster,0,0,0,0,0,0,0,0,0,0,0,0,0,0,0,0,1,1,0,0
disaster_01436,5556,train,not disaster,0,0,0,0,0,0,0,0,0,0,0,0,0,0,0,0,0,0,0,1
disaster_01439,7337,train,real disaster,1,1,1,1,1,0,1,0,0,0,0,0,0,0,0,0,0,0,0,0
disaster_01438,2241,train,not disaster,1,1,0,0,0,1,0,0,0,0,0,0,0,0,0,0,0,0,0,0
disaster_01440,2973,train,real disaster,1,1,1,1,1,0,1,0,1,0,0,1,0,1,0,0,0,0,0,0
disaster_01441,3554,train,real disaster,0,0,0,1,1,0,0,1,0,0,1,0,0,0,0,0,1,0,1,1
disaster_01442,5212,test,not disaster,0,0,0,0,0,1,0,1,0,0,0,0,0,0,0,0,0,0,1,1
disaster_01444,7553,train,real disaster,1,0,0,0,0,0,1,0,0,0,0,0,0,0,0,0,1,0,0,1
disaster_01446,7211,train,not disaster,1,0,0,0,0,0,0,0,0,0,0,0,0,0,0,0,1,0,1,1
disaster_01445,5326,train,not disaster,1,0,0,0,0,0,0,0,0,0,0,0,0,0,0,0,1,0,0,0
disaster_01448,450,train,not disaster,0,0,0,0,0,0,0,0,0,0,0,0,0,0,0,0,1,1,0,1
disaster_01449,8728,train,not disaster,0,0,0,0,0,0,0,0,0,0,0,0,0,0,0,0,1,1,0,1
disaster_01447,9861,train,not disaster,0,0,0,0,0,0,0,0,0,0,0,0,0,0,0,0,0,0,0,0
disaster_01451,59,train,not disaster,0,0,0,0,0,0,0,0,0,0,0,0,0,0,0,0,0,0,0,1
disaster_01443,1122,train,real disaster,1,1,1,1,0,0,0,0,0,0,0,0,0,0,0,0,0,0,0,0
disaster_01450,3059,train,not disaster,0,0,1,0,0,1,0,0,1,0,0,1,0,0,0,0,1,0,0,1
disaster_01453,4393,train,real disaster,1,1,0,0,1,0,0,0,0,0,0,0,0,0,0,0,0,1,1,0
disaster_01452,9869,test,not disaster,0,0,0,0,0,0,0,0,0,0,0,0,0,0,0,0,0,0,0,0
disaster_01454,9640,train,not disaster,1,1,0,1,1,1,0,1,0,0,0,1,0,0,0,0,0,1,0,0
disaster_01455,1837,test,not disaster,0,0,0,0,0,0,0,0,0,0,0,0,0,0,0,0,0,0,0,1
disaster_01457,10330,train,real disaster,1,0,0,1,1,1,0,0,0,0,0,0,0,0,0,0,0,0,0,0
disaster_01456,4153,train,not disaster,0,0,0,0,0,0,0,0,0,0,0,0,1,0,0,0,1,0,0,1
disaster_01458,8920,train,not disaster,1,0,0,0,0,0,0,0,0,0,0,0,0,0,0,0,1,0,1,0
disaster_01460,9589,test,real disaster,1,1,0,0,0,0,0,1,0,0,0,0,0,0,0,0,0,0,0,0
disaster_01459,4766,train,real disaster,0,1,1,1,1,0,1,0,0,0,1,0,0,0,1,0,0,0,0,0
disaster_01462,1084,train,not disaster,1,0,0,1,1,0,0,0,0,0,0,0,0,0,0,0,1,1,1,1
disaster_01464,8674,train,real disaster,0,1,0,1,1,0,1,0,0,0,1,0,0,0,0,0,0,0,0,0
disaster_01461,8510,train,not disaster,0,0,0,0,0,0,0,0,0,0,0,0,0,0,0,0,1,0,0,1
disaster_01463,7195,train,not disaster,0,0,0,0,0,0,0,0,0,0,0,0,0,0,0,0,1,0,1,1
disaster_01465,5990,train,not disaster,1,1,1,0,1,0,1,0,0,0,0,0,0,0,0,0,0,0,0,0
disaster_01466,7994,train,real disaster,1,1,0,0,1,0,1,0,0,1,0,0,0,0,0,0,0,0,0,0
disaster_01469,6100,train,not disaster,0,0,0,0,0,0,0,0,0,0,0,0,0,0,0,0,1,0,1,1
disaster_01470,5439,train,not disaster,0,0,0,0,0,0,1,0,0,0,0,0,0,0,0,0,0,0,0,1
disaster_01471,8,train,real disaster,1,1,1,1,1,0,0,0,0,0,1,0,0,0,0,0,0,0,0,0
disaster_01467,9698,test,not disaster,0,0,0,0,0,0,0,0,0,0,0,0,0,0,0,0,0,0,0,1
disaster_01468,1956,test,not disaster,1,0,0,1,0,0,0,0,0,1,1,0,0,0,0,0,1,0,1,1
disaster_01474,8155,train,real disaster,1,1,1,0,1,0,1,0,1,0,0,0,1,1,0,0,0,0,0,0
disaster_01473,8009,test,real disaster,0,0,0,0,1,0,0,0,0,0,0,1,0,0,0,0,0,0,0,0
disaster_01472,3896,train,not disaster,0,0,0,0,0,0,0,0,0,0,0,0,0,0,0,0,0,0,0,1
disaster_01475,6000,train,real disaster,1,0,0,0,0,0,1,0,0,0,0,0,0,0,0,0,0,0,0,1
disaster_01477,3572,train,real disaster,0,0,1,0,0,0,0,0,1,1,0,1,1,0,0,0,1,0,0,1
disaster_01476,3639,train,not disaster,0,0,0,0,0,0,0,0,0,0,0,0,0,0,0,0,1,0,0,1
disaster_01478,7963,train,real disaster,1,1,0,0,1,1,1,0,0,1,0,0,0,0,0,0,0,0,0,0
disaster_01479,5105,train,not disaster,1,0,1,0,0,0,0,0,1,0,0,0,0,0,0,0,1,0,0,1
disaster_01481,8039,train,not disaster,0,0,0,0,1,0,1,0,0,0,0,1,0,0,0,0,0,0,0,0
disaster_01480,9585,train,not disaster,0,0,0,0,0,0,0,0,0,0,0,0,0,0,0,0,1,1,0,1
disaster_01483,9730,train,real disaster,1,1,0,0,1,0,1,0,0,0,0,0,0,0,0,0,0,0,0,0
disaster_01482,9401,train,real disaster,0,0,0,0,0,0,1,0,0,0,0,0,0,0,0,0,0,0,0,1
disaster_01484,6461,test,real disaster,0,1,1,1,0,0,0,0,1,0,0,0,0,0,0,0,0,1,1,0
disaster_01486,8150,train,real disaster,1,1,1,0,1,0,0,0,0,0,0,1,0,1,0,0,0,0,0,0
disaster_01489,4005,test,not disaster,0,0,0,0,0,0,0,0,0,0,0,0,0,0,0,0,1,1,1,1
disaster_01485,8025,train,not disaster,0,0,0,0,1,1,1,0,0,0,0,1,0,0,0,0,0,0,0,0
disaster_01487,8023,train,not disaster,0,0,0,0,1,1,1,0,0,0,0,1,0,0,0,0,0,0,0,0
disaster_01488,2225,train,real disaster,1,0,0,0,0,0,0,0,0,0,0,0,0,0,0,0,1,0,0,1
disaster_01490,6892,train,real disaster,1,1,1,0,1,0,1,0,0,0,0,0,0,0,0,0,0,0,0,0
disaster_01492,656,test,not disaster,0,0,0,0,0,0,0,0,0,0,0,0,0,0,0,0,1,0,1,1
disaster_01495,2689,train,not disaster,0,0,0,0,0,0,0,0,0,0,0,0,0,0,0,0,1,0,0,1
disaster_01491,941,train,not disaster,0,0,0,0,0,0,0,0,0,0,0,0,0,0,0,0,1,0,1,1
disaster_01496,5172,test,real disaster,0,1,0,0,0,1,1,0,1,0,0,1,0,0,0,0,0,0,0,0
disaster_01497,9760,train,not disaster,0,0,0,0,0,0,0,0,0,0,0,0,0,0,0,0,1,0,1,1
disaster_01494,6917,train,not disaster,1,0,1,0,0,0,0,0,0,0,0,0,0,0,0,0,0,0,0,1
disaster_01493,10736,test,real disaster,1,1,0,0,1,0,1,0,1,1,0,0,0,0,0,0,0,0,0,0
disaster_01498,7095,train,not disaster,0,0,0,0,0,0,0,0,0,0,0,0,0,0,0,0,0,0,0,1
disaster_01499,9210,train,real disaster,1,1,1,1,1,0,1,0,1,0,0,0,0,0,0,0,0,0,0,0
disaster_01501,1971,train,real disaster,1,1,1,0,1,0,0,0,0,0,0,1,0,0,0,1,0,0,0,0
disaster_01500,2635,train,not disaster,1,1,1,0,1,0,0,0,0,1,0,0,0,0,0,0,0,0,0,0
disaster_01503,5920,test,not disaster,0,0,0,0,0,0,1,0,0,0,0,0,0,0,0,0,0,1,0,1
disaster_01502,4325,train,not disaster,1,0,0,0,0,0,0,0,0,0,0,0,0,0,0,0,1,1,0,1
disaster_01504,3102,train,real disaster,0,0,1,0,1,0,0,0,1,0,0,0,0,0,0,1,0,0,0,1
disaster_01505,6004,train,not disaster,1,0,1,1,0,0,0,0,0,0,0,0,1,0,0,1,0,0,0,1
disaster_01509,8231,train,not disaster,0,0,0,0,0,0,0,0,0,0,0,0,0,0,0,0,1,0,1,1
disaster_01508,1573,train,real disaster,1,0,1,0,0,0,0,0,0,0,0,0,0,0,0,0,1,0,1,0
disaster_01507,4922,test,not disaster,0,0,0,0,0,0,0,0,0,0,0,0,0,0,0,0,1,1,0,1
disaster_01510,3663,train,real disaster,0,0,0,0,0,0,0,0,0,0,0,0,0,0,0,0,0,0,0,1
disaster_01506,4679,train,not disaster,0,0,0,0,0,1,0,1,0,0,0,0,0,0,0,0,1,0,1,1
disaster_01512,2947,train,not disaster,0,0,1,0,0,0,0,0,0,0,0,0,0,0,0,0,1,0,1,1
disaster_01514,1360,test,real disaster,0,0,0,0,0,0,0,0,0,0,0,0,0,0,0,0,1,1,0,1
disaster_01515,884,train,not disaster,0,0,0,0,0,0,1,0,0,0,0,0,0,0,0,0,0,0,0,1
disaster_01516,2452,train,not disaster,0,0,0,0,0,0,0,0,0,0,0,0,0,0,0,0,1,0,0,1
disaster_01511,1744,test,not disaster,1,0,0,0,0,1,0,0,0,0,0,0,0,1,0,0,1,0,0,1
disaster_01517,3095,train,real disaster,1,1,0,0,1,0,1,0,1,0,0,0,0,0,0,0,0,0,0,0
disaster_01518,7933,test,not disaster,0,0,0,0,0,0,0,0,0,0,0,0,0,0,0,0,0,1,0,1
disaster_01519,4454,train,not disaster,0,1,1,0,0,1,0,1,1,0,0,0,0,0,0,0,0,0,1,0
disaster_01520,10301,train,not disaster,0,0,0,0,0,0,0,0,0,0,0,0,0,0,0,0,1,0,1,1
disaster_01521,2619,train,real disaster,1,0,0,0,0,0,0,0,0,0,0,0,0,0,0,0,1,1,0,1
disaster_01522,6540,test,not disaster,0,0,0,0,0,0,1,0,1,0,0,0,0,0,0,0,0,1,0,1
disaster_01513,410,train,real disaster,0,0,0,0,0,0,0,0,0,0,0,0,0,0,0,0,1,0,0,0
disaster_01523,10690,train,not disaster,0,0,0,0,0,0,0,0,0,0,0,0,0,0,0,0,1,0,1,1
disaster_01524,7359,test,not disaster,0,0,0,0,0,0,0,0,0,0,0,0,0,0,0,0,1,0,1,1
disaster_01525,10413,test,not disaster,0,0,0,0,1,1,0,0,0,0,0,0,0,0,0,0,1,0,0,1
disaster_01528,9980,train,not disaster,1,0,0,0,0,0,0,0,0,0,0,0,0,0,0,0,1,0,0,1
disaster_01527,6484,train,real disaster,1,1,1,1,1,1,1,0,1,0,0,0,0,1,0,0,0,0,0,0
disaster_01529,55,test,real disaster,1,1,0,0,1,0,0,0,0,1,0,0,0,0,0,0,0,0,0,0
disaster_01530,3700,test,not disaster,0,0,0,0,1,0,0,0,0,0,0,0,0,0,0,0,0,0,0,1
disaster_01531,8386,train,not disaster,0,0,0,0,0,0,0,0,0,0,0,0,0,0,0,0,0,0,1,1
disaster_01533,7799,test,not disaster,0,0,0,0,0,0,1,0,0,0,0,0,0,0,0,0,0,0,0,1
disaster_01532,5644,train,not disaster,1,0,0,0,0,1,0,0,0,0,0,0,0,0,0,0,1,1,1,1
disaster_01536,10873,train,real disaster,1,1,0,0,1,0,1,0,0,1,0,0,0,0,0,0,0,0,0,0
disaster_01526,8005,train,real disaster,1,1,0,0,1,0,1,0,0,1,0,0,0,0,0,0,0,0,0,0
disaster_01535,9247,train,real disaster,0,1,0,0,0,0,1,0,1,0,0,0,0,0,0,0,0,0,0,0
disaster_01534,1104,test,not disaster,1,0,0,0,0,0,0,0,0,0,0,0,0,0,0,0,1,0,1,1
disaster_01537,7255,train,real disaster,0,0,1,0,0,0,0,0,0,0,0,0,0,0,0,0,1,0,0,1
disaster_01541,6878,test,not disaster,1,0,0,0,0,0,1,0,0,0,0,0,0,0,0,0,1,0,0,1
disaster_01538,10419,train,not disaster,0,0,0,0,0,0,0,0,0,0,0,0,0,0,0,0,1,1,0,0
disaster_01542,9449,test,real disaster,1,0,0,0,0,0,1,0,0,0,0,0,0,0,0,0,0,0,0,1
disaster_01540,7945,test,not disaster,1,1,1,0,1,1,0,1,0,0,0,0,0,0,0,0,0,0,1,0
disaster_01539,7128,test,real disaster,1,0,1,1,1,1,0,0,0,0,0,0,0,0,0,0,0,0,0,1
disaster_01543,5759,train,real disaster,1,1,1,1,1,0,1,0,1,0,0,0,0,0,0,0,0,0,0,1
disaster_01548,4590,train,real disaster,0,0,1,1,1,0,0,0,0,0,1,0,0,0,0,0,0,0,0,1
disaster_01545,6358,train,real disaster,1,0,0,0,1,1,0,0,0,0,0,0,0,1,0,0,0,0,0,1
disaster_01544,2668,train,not disaster,0,0,0,0,0,0,0,0,0,0,0,0,0,0,0,0,0,0,0,1
disaster_01547,5475,train,not disaster,1,0,0,0,0,0,0,0,0,0,0,0,0,0,0,0,1,0,1,1
disaster_01546,1425,train,not disaster,0,0,0,0,0,0,0,0,1,0,0,0,0,0,0,0,1,0,1,1
disaster_01550,8787,train,not disaster,0,0,0,0,1,0,0,1,0,0,0,0,0,0,0,0,1,1,1,1
disaster_01552,799,test,not disaster,0,0,0,0,0,0,0,0,0,0,0,0,0,0,0,0,1,1,0,1
disaster_01553,4416,train,not disaster,0,0,1,0,0,0,0,0,0,0,0,0,0,0,0,0,1,0,1,0
disaster_01551,2502,train,real disaster,0,0,0,0,0,0,0,0,0,0,0,0,0,0,0,0,1,1,0,1
disaster_01554,10499,train,real disaster,0,0,0,0,0,0,0,0,0,0,0,0,0,0,0,1,0,0,0,0
disaster_01549,3820,train,not disaster,0,0,0,0,0,0,0,0,0,0,0,0,0,0,0,0,1,1,1,1
disaster_01556,3889,train,not disaster,1,0,0,0,0,0,0,0,0,0,0,0,0,0,0,0,1,0,0,1
disaster_01557,1683,train,real disaster,0,0,0,0,1,0,0,0,0,0,0,0,0,0,0,0,1,1,1,1
disaster_01559,4988,test,real disaster,1,1,1,1,0,0,1,0,0,0,0,0,0,0,0,0,0,0,0,0
disaster_01555,7054,train,not disaster,0,0,0,0,0,0,0,0,0,0,0,0,0,0,0,0,1,0,1,1
disaster_01560,9393,train,real disaster,1,0,0,1,1,0,0,0,0,0,0,0,0,0,0,0,0,0,0,1
disaster_01558,8057,train,real disaster,0,0,0,0,1,1,0,0,0,0,0,0,0,0,0,0,0,0,0,1
disaster_01561,10657,train,real disaster,0,1,1,0,0,0,1,0,1,0,0,0,0,0,0,0,0,0,0,0
disaster_01562,2056,train,real disaster,0,0,0,0,0,0,0,0,1,0,0,0,0,0,0,0,1,0,1,1
disaster_01564,6165,train,real disaster,0,0,0,0,1,0,1,0,0,0,0,0,0,0,0,0,0,1,0,1
disaster_01563,7358,test,not disaster,0,0,0,0,0,0,1,0,0,0,0,0,0,0,0,0,1,0,0,1
disaster_01565,7579,train,real disaster,1,1,0,0,0,0,1,0,1,0,0,1,0,0,0,0,0,0,0,0
disaster_01566,3765,train,real disaster,0,1,0,1,1,0,1,0,0,1,0,0,0,0,0,0,0,0,0,0
disaster_01569,2468,train,real disaster,1,1,0,0,1,0,0,0,1,0,0,0,0,1,0,0,0,0,0,0
disaster_01567,3241,train,not disaster,0,0,0,0,0,1,0,0,0,0,0,0,0,0,0,0,0,0,0,1
disaster_01568,5622,train,real disaster,1,1,0,0,1,0,1,0,1,0,0,1,0,0,0,0,0,0,0,0
disaster_01572,622,train,not disaster,1,0,0,0,1,0,0,1,0,0,0,0,0,0,0,0,1,1,1,1
disaster_01570,2391,train,not disaster,0,0,0,0,0,0,0,0,0,0,0,0,0,0,0,0,0,0,0,1
disaster_01571,10201,train,real disaster,1,1,0,0,1,1,1,0,0,0,0,0,0,0,0,0,0,0,0,0
disaster_01574,9978,train,real disaster,1,1,0,0,1,0,0,0,0,0,0,0,0,0,0,0,1,0,0,1
disaster_01573,9053,train,real disaster,1,1,0,1,0,1,1,0,1,0,0,0,0,0,0,0,0,0,0,0
disaster_01576,8350,train,not disaster,0,0,0,0,1,0,0,0,0,0,0,0,0,0,0,0,1,0,1,1
disaster_01577,7060,train,not disaster,1,1,0,1,0,0,0,0,0,0,0,0,0,0,0,0,0,0,0,0
disaster_01578,4468,train,not disaster,0,1,1,0,0,1,0,1,0,0,0,0,0,0,0,0,0,0,0,0
disaster_01579,6571,train,real disaster,1,1,0,0,1,0,0,0,1,0,0,0,0,0,0,0,0,0,0,0
disaster_01575,5180,test,not disaster,0,0,0,0,0,0,0,0,0,0,0,0,0,0,0,0,1,1,1,1
disaster_01580,8656,train,real disaster,1,1,1,0,1,1,1,0,0,0,0,0,0,0,0,0,0,0,0,0
disaster_01583,9991,train,real disaster,1,1,1,0,1,1,0,0,0,0,0,0,0,0,0,0,0,0,0,0
disaster_01584,9627,test,real disaster,1,1,1,0,1,1,1,0,0,0,0,0,0,0,0,1,0,0,0,0
disaster_01582,5997,train,not disaster,1,0,0,0,0,0,1,0,0,0,0,0,0,0,0,0,0,0,0,1
disaster_01581,3825,train,not disaster,0,0,0,0,0,0,0,0,0,0,0,0,0,0,0,0,0,0,1,1
disaster_01585,3451,train,real disaster,1,1,0,1,1,0,1,0,0,0,0,0,0,0,0,0,0,0,0,0
disaster_01589,1995,train,real disaster,1,1,1,1,1,0,1,0,0,0,0,0,0,0,0,0,0,0,0,0
disaster_01588,8935,test,real disaster,1,0,0,0,0,0,1,0,0,0,0,0,0,0,0,0,0,0,0,1
disaster_01586,1905,test,not disaster,1,0,0,0,0,0,0,0,0,0,0,0,0,0,0,0,1,0,0,0
disaster_01587,85,train,not disaster,0,0,0,0,0,0,0,0,0,0,0,0,0,0,0,0,1,1,0,1
disaster_01590,1985,test,real disaster,1,1,0,0,0,0,0,0,0,0,0,0,0,0,0,0,0,0,0,1
disaster_01593,5234,test,real disaster,1,1,0,1,1,0,1,0,1,0,0,0,0,0,0,0,0,0,0,0
disaster_01594,7005,train,not disaster,0,0,0,0,0,0,0,0,0,0,0,0,0,0,0,0,0,1,0,1
disaster_01591,5190,test,real disaster,1,1,1,0,1,0,1,0,1,0,0,0,0,1,0,0,0,0,0,0
disaster_01595,2122,train,not disaster,0,0,0,0,0,0,0,0,0,0,0,0,0,0,0,0,1,0,1,1
disaster_01592,10159,train,real disaster,1,1,1,1,1,0,0,0,0,0,0,0,0,0,0,0,0,0,0,0
disaster_01596,8866,test,not disaster,0,0,0,0,0,0,0,0,0,0,0,0,0,0,0,0,1,0,1,1
disaster_01597,338,train,real disaster,1,1,1,1,0,1,1,0,0,0,0,0,0,1,0,0,0,0,0,0
disaster_01599,506,train,not disaster,0,0,0,0,0,0,0,0,0,0,0,0,0,0,0,0,1,1,0,1
disaster_01600,7381,test,not disaster,0,0,0,0,0,1,0,0,0,0,0,0,0,0,0,0,1,1,0,1
disaster_01598,7807,train,not disaster,0,0,1,0,1,1,0,1,0,0,0,0,0,0,0,0,0,0,0,0
disaster_01602,2006,test,not disaster,0,0,0,0,0,0,1,0,0,0,0,0,0,0,0,0,1,0,0,1
disaster_01601,9134,test,real disaster,1,1,1,1,1,0,1,0,0,0,0,0,0,0,0,0,0,0,0,0
disaster_01606,8551,train,not disaster,0,0,0,0,0,0,0,0,0,0,0,0,0,0,0,0,1,0,1,0
disaster_01604,7707,train,not disaster,0,0,0,0,0,0,0,0,0,0,0,0,0,0,0,0,1,0,0,0
disaster_01603,644,train,real disaster,1,0,0,1,0,0,1,0,1,0,0,0,0,0,0,0,0,1,0,1
disaster_01605,6066,train,not disaster,0,0,0,0,0,0,0,0,0,0,0,0,0,0,0,0,1,0,1,1
disaster_01607,484,train,not disaster,1,0,1,0,1,0,0,0,0,0,0,0,0,0,0,0,1,0,0,1
disaster_01608,7784,train,real disaster,0,1,1,1,0,0,1,0,1,0,0,0,0,1,0,0,0,0,1,0
disaster_01609,8837,train,not disaster,0,0,0,0,0,0,1,0,0,0,0,0,0,0,0,0,1,1,0,1
disaster_01610,4556,train,not disaster,0,0,0,0,0,0,0,0,0,0,0,0,0,0,1,0,1,1,0,1
disaster_01611,6267,test,not disaster,1,0,1,1,0,1,1,0,0,0,0,0,0,0,0,0,0,0,0,1
disaster_01613,2266,train,not disaster,0,0,0,0,0,0,0,0,0,0,0,0,0,0,0,0,1,0,1,1
disaster_01612,4250,train,not disaster,0,0,0,0,0,0,0,0,0,0,0,0,0,0,0,0,1,1,0,1
disaster_01617,6808,train,not disaster,0,0,0,0,0,0,0,1,0,0,0,0,0,0,0,0,1,0,1,0
disaster_01615,10464,train,not disaster,0,0,0,0,0,0,0,0,0,0,1,0,0,0,0,0,1,0,1,1
disaster_01614,1015,train,not disaster,0,0,0,0,1,0,0,0,0,0,0,0,0,0,0,0,1,0,0,1
disaster_01616,3629,test,not disaster,0,0,0,0,1,0,0,0,0,0,0,0,0,0,0,0,1,0,1,1
disaster_01619,10561,train,real disaster,1,1,0,1,0,0,1,0,0,0,0,0,0,0,0,0,0,0,0,0
disaster_01620,6198,test,real disaster,1,0,0,0,0,1,1,0,0,0,0,0,0,0,0,0,0,0,0,0
disaster_01618,8232,test,not disaster,0,0,0,0,0,0,0,0,0,0,0,0,0,0,0,0,1,0,1,1
disaster_01621,5271,train,not disaster,0,0,0,0,0,0,0,0,0,0,0,0,0,0,0,0,1,0,0,1
disaster_01622,4658,train,real disaster,1,1,1,0,1,0,1,0,0,1,0,0,0,0,0,0,0,0,0,0
disaster_01623,4065,test,real disaster,0,0,0,0,1,1,1,0,0,0,0,0,0,0,0,0,0,0,0,1
disaster_01626,5383,train,real disaster,1,0,0,1,0,0,0,0,0,0,0,0,0,0,0,0,0,0,0,0
disaster_01624,128,train,real disaster,1,1,0,0,1,0,1,0,0,1,0,0,0,0,0,0,0,0,0,0
disaster_01627,9173,train,real disaster,1,1,1,1,1,0,1,0,1,0,0,0,0,0,0,0,0,0,0,0
disaster_01628,33,train,not disaster,0,0,0,0,0,0,0,0,0,0,0,0,0,0,0,0,0,0,0,1
disaster_01625,5378,train,not disaster,1,1,0,0,0,0,0,1,0,1,0,0,0,0,0,0,1,0,1,0
disaster_01629,9547,train,not disaster,0,0,0,0,1,0,1,0,0,0,0,0,0,0,0,0,1,0,0,1
disaster_01630,2244,train,not disaster,0,0,1,1,0,0,0,0,0,0,0,0,1,0,0,0,0,0,0,1
disaster_01634,3919,train,real disaster,1,1,0,1,1,0,1,0,0,0,0,0,0,0,0,0,0,0,0,0
disaster_01633,10101,test,real disaster,1,1,0,0,0,0,0,1,0,0,0,0,0,0,0,0,0,0,1,0
disaster_01635,10626,test,real disaster,0,0,0,0,0,0,0,0,1,0,0,1,0,0,0,0,0,0,0,1
disaster_01632,1316,test,not disaster,0,0,0,0,0,0,0,0,0,0,0,0,0,0,0,0,1,0,1,1
disaster_01631,7897,train,real disaster,1,0,0,0,1,0,1,0,0,0,1,0,0,0,0,0,0,0,0,0
disaster_01637,10794,train,not disaster,1,1,0,0,1,0,0,1,0,1,0,0,0,0,0,0,0,0,1,0
disaster_01639,5016,train,not disaster,0,0,0,0,0,0,1,0,0,0,0,0,0,0,0,0,0,0,0,0
disaster_01636,5894,train,not disaster,0,0,0,0,0,0,0,0,0,0,0,0,0,0,0,0,1,0,1,1
disaster_01638,9377,train,not disaster,0,0,0,0,0,0,0,0,0,0,0,0,0,0,0,0,0,0,0,1
disaster_01640,6694,train,not disaster,0,0,0,0,0,0,0,0,0,0,0,0,0,0,0,0,1,1,1,1
disaster_01641,563,train,not disaster,1,1,0,1,1,0,1,0,0,0,0,0,0,0,0,0,0,0,0,0
disaster_01642,818,train,not disaster,0,0,0,0,0,0,0,0,0,0,0,0,0,0,0,0,1,1,0,1
disaster_01645,4749,train,real disaster,1,1,0,0,1,0,1,0,0,0,0,0,0,0,1,0,0,0,0,0
disaster_01644,7862,train,real disaster,0,0,0,0,0,0,1,0,0,0,0,0,0,0,0,0,1,0,0,1
disaster_01647,8068,train,not disaster,0,0,0,0,0,0,1,0,0,0,0,0,0,0,0,0,0,0,0,1
disaster_01643,7135,train,real disaster,1,1,1,1,0,0,1,0,1,0,0,0,0,0,0,0,0,0,0,0
disaster_01646,9888,train,not disaster,0,0,0,0,0,0,0,0,0,0,0,0,0,0,0,0,1,0,1,1
disaster_01648,10237,train,real disaster,0,0,0,0,0,0,0,0,0,0,0,0,0,0,0,0,1,1,1,1
disaster_01649,6183,train,not disaster,0,0,0,0,1,0,0,0,0,0,0,0,0,0,0,0,1,0,0,1
disaster_01652,3394,train,not disaster,0,0,0,0,0,0,0,0,0,0,0,0,0,0,0,0,0,1,0,1
disaster_01650,8141,train,real disaster,0,1,0,0,1,0,0,0,0,0,0,0,0,1,0,0,0,0,0,0
disaster_01651,2530,train,real disaster,1,1,0,0,1,0,0,0,0,0,0,0,0,0,0,0,0,0,0,0
disaster_01653,4383,train,not disaster,0,0,0,0,0,1,0,0,0,0,0,0,0,0,0,0,1,1,1,1
disaster_01654,1759,train,real disaster,1,0,0,0,0,0,0,0,0,1,0,0,0,0,0,0,1,0,0,1
disaster_01655,8330,train,real disaster,1,0,0,0,1,0,1,0,0,0,0,0,0,0,0,0,1,0,0,1
disaster_01657,3713,train,not disaster,0,0,0,0,0,0,0,0,0,0,0,0,0,0,0,0,1,0,0,1
disaster_01658,592,test,real disaster,1,1,0,1,1,0,1,0,0,0,0,0,0,0,0,0,0,0,0,0
disaster_01656,8339,train,not disaster,0,0,0,0,0,0,1,0,0,1,0,0,0,0,0,0,1,1,0,0
disaster_01659,3319,train,real disaster,0,1,0,1,1,0,0,0,0,1,0,0,0,0,0,0,0,0,0,1
disaster_01663,7696,train,not disaster,0,0,0,0,1,0,0,0,0,0,0,0,0,0,0,0,1,0,1,1
disaster_01664,5368,train,real disaster,1,1,0,0,1,1,0,0,0,0,0,1,0,1,0,0,1,0,1,0
disaster_01661,1315,train,not disaster,0,0,0,0,0,0,0,0,0,0,0,0,0,0,0,0,1,0,1,1
disaster_01662,6301,train,not disaster,1,1,1,0,0,0,1,0,0,0,0,0,0,0,0,0,0,0,0,0
disaster_01666,6292,train,real disaster,1,1,1,1,1,0,1,0,0,0,0,0,0,0,0,0,0,0,0,0
disaster_01660,1475,train,not disaster,0,0,0,0,0,1,0,1,0,0,0,0,0,0,0,0,0,0,0,1
disaster_01665,2565,train,real disaster,1,1,0,0,1,0,0,0,0,0,0,0,0,0,0,0,0,0,0,0
disaster_01667,2799,train,not disaster,0,0,0,0,0,1,0,0,0,0,0,0,0,0,0,0,0,0,1,1
disaster_01668,8129,train,real disaster,0,1,0,0,0,0,1,0,0,0,0,0,0,0,0,0,0,0,0,0
disaster_01670,3130,train,real disaster,1,1,0,1,1,0,1,0,0,0,0,0,0,0,0,0,0,0,0,0
disaster_01669,5952,train,not disaster,0,0,0,0,0,0,0,0,0,0,0,0,0,0,0,0,1,1,0,1
disaster_01671,1072,train,not disaster,0,0,0,0,0,0,0,0,0,0,0,0,0,0,0,0,1,0,0,1
disaster_01672,4680,train,not disaster,0,0,0,0,0,0,0,0,0,0,0,0,0,0,0,0,1,0,0,1
disaster_01676,2714,train,not disaster,0,0,0,0,0,0,0,1,0,0,0,0,0,0,0,0,1,0,1,1
disaster_01674,5203,train,real disaster,1,0,0,0,1,1,1,0,1,0,0,0,0,0,0,0,0,0,0,1
disaster_01677,6106,train,not disaster,0,0,0,0,0,0,0,0,0,0,0,0,0,0,0,0,1,0,0,1
disaster_01675,3513,train,real disaster,1,1,0,0,1,1,0,0,0,0,0,0,0,1,0,0,0,0,0,0
disaster_01673,806,train,not disaster,1,0,0,0,1,0,0,0,0,0,0,0,0,0,0,0,1,1,0,1
disaster_01680,293,train,real disaster,1,1,0,0,1,0,0,0,1,0,0,0,0,1,0,0,0,0,0,0
disaster_01679,9838,train,real disaster,0,0,0,1,0,0,0,0,0,0,0,0,0,0,0,0,0,0,0,1
disaster_01682,3837,train,real disaster,0,0,0,0,0,0,0,0,0,0,0,0,0,0,0,0,1,1,0,1
disaster_01681,3337,train,real disaster,1,1,0,0,1,0,1,0,0,1,0,0,0,0,0,0,0,0,0,0
disaster_01683,3702,train,not disaster,0,0,0,0,0,0,0,0,0,0,0,0,0,0,0,0,1,0,0,1
disaster_01678,1383,train,not disaster,0,0,0,0,0,0,0,0,0,0,0,0,0,0,0,0,0,0,0,1
disaster_01685,5874,train,real disaster,1,1,1,1,1,0,0,1,0,0,0,0,0,0,0,0,0,0,0,0
disaster_01684,5347,train,not disaster,1,0,0,0,0,0,0,0,0,0,0,0,0,0,0,0,1,1,0,1
disaster_01688,9872,train,not disaster,0,0,0,0,1,0,0,0,0,0,0,0,0,0,0,0,1,0,0,1
disaster_01687,6905,test,real disaster,1,0,0,0,0,0,0,0,0,0,0,0,0,0,0,0,0,0,0,1
disaster_01686,9362,train,not disaster,0,0,0,0,0,0,0,0,0,0,0,0,0,0,0,0,1,1,0,1
disaster_01691,7789,train,real disaster,1,1,1,0,1,0,1,0,1,0,0,0,0,1,0,0,0,0,0,0
disaster_01692,1229,train,not disaster,0,0,0,0,0,0,0,0,0,0,0,0,0,0,0,0,1,0,0,0
disaster_01693,3797,train,not disaster,0,0,0,0,0,0,0,0,0,0,0,0,0,0,0,0,1,0,0,0
disaster_01690,1337,train,not disaster,0,0,0,0,0,0,0,0,0,0,0,0,0,0,0,0,1,0,1,0
disaster_01695,2095,train,not disaster,0,0,0,0,0,0,0,0,0,0,0,0,0,0,0,0,1,1,0,1
disaster_01696,1219,train,not disaster,0,0,0,0,0,0,0,1,0,0,0,0,0,0,0,0,0,1,0,0
disaster_01689,8797,train,not disaster,0,0,1,0,0,0,0,0,0,0,0,0,0,0,0,0,1,0,1,1
disaster_01694,5102,train,real disaster,0,0,0,0,1,0,1,0,0,0,0,0,0,0,0,0,0,0,0,1
disaster_01699,3510,train,real disaster,1,1,0,0,1,0,0,0,0,0,0,1,0,0,0,0,0,0,0,0
disaster_01697,10115,train,not disaster,0,0,0,0,1,0,1,0,0,0,0,0,0,0,0,0,0,0,0,1
disaster_01698,1733,train,not disaster,1,0,0,0,0,0,0,0,0,0,0,0,0,0,0,0,1,0,1,1
disaster_01701,2336,train,not disaster,0,1,1,0,1,0,0,0,0,0,0,0,0,0,0,0,1,0,0,1
disaster_01700,1835,train,not disaster,0,0,0,0,0,1,0,0,0,0,0,0,0,0,0,0,1,1,1,1
disaster_01704,3049,train,not disaster,0,0,0,0,0,0,0,0,0,0,0,0,0,0,0,0,1,0,1,1
disaster_01705,4704,train,not disaster,0,1,1,0,1,1,1,0,0,0,0,1,0,0,0,0,0,0,0,0
disaster_01702,1207,train,not disaster,0,0,0,0,1,0,0,0,0,0,0,0,0,0,0,0,0,0,0,1
disaster_01703,4808,train,not disaster,0,0,0,0,1,0,0,1,0,0,0,0,0,0,1,0,1,1,1,1
disaster_01706,7165,test,not disaster,1,0,0,0,0,0,0,0,0,0,0,0,0,0,0,0,1,1,1,1
disaster_01707,4995,train,not disaster,1,0,0,0,0,1,0,0,0,0,0,0,0,0,0,0,1,0,0,1
disaster_01709,9384,test,not disaster,0,0,0,0,0,0,0,0,0,0,0,0,0,0,0,0,0,0,0,1
disaster_01708,934,train,not disaster,0,0,0,0,0,0,0,0,0,0,0,0,0,0,0,0,1,0,1,1
disaster_01713,5576,train,real disaster,0,0,0,0,0,0,0,0,0,0,0,0,0,0,0,0,1,1,1,1
disaster_01712,9040,train,real disaster,0,0,0,0,0,0,0,0,0,0,0,0,0,0,0,0,0,0,0,0
disaster_01711,2749,train,not disaster,1,0,0,0,0,0,1,0,0,0,0,0,0,0,0,0,1,0,0,1
disaster_01710,6344,train,real disaster,1,1,0,0,1,1,0,0,0,0,0,0,0,1,0,0,0,0,0,0
disaster_01714,10251,train,not disaster,0,0,0,0,0,0,0,0,0,0,0,0,0,0,0,0,1,1,0,1
disaster_01715,7056,train,not disaster,0,0,0,0,0,0,0,0,0,0,0,0,0,0,0,0,1,1,1,1
disaster_01716,298,train,not disaster,0,0,0,0,0,0,0,0,0,0,0,0,0,0,0,0,1,1,1,1
disaster_01717,7898,train,real disaster,1,1,1,0,1,0,0,0,0,0,0,0,0,0,0,0,0,0,0,0
disaster_01718,9410,train,real disaster,0,1,1,0,1,0,1,0,1,0,0,0,0,1,0,0,0,0,0,0
disaster_01719,8209,train,not disaster,0,0,0,0,0,1,0,0,0,0,0,0,1,0,0,0,0,0,0,1
disaster_01720,4122,train,real disaster,1,0,1,1,1,0,1,0,0,0,0,0,0,0,0,0,0,0,0,1
disaster_01722,251,train,not disaster,0,0,0,0,0,0,1,0,0,0,0,0,0,1,0,0,0,0,0,1
disaster_01721,3308,train,not disaster,0,0,0,0,0,0,0,1,0,0,0,0,0,0,0,0,1,0,1,1
disaster_01723,297,train,not disaster,0,0,1,0,0,0,0,0,0,0,0,0,0,0,0,0,1,0,0,1
disaster_01726,3042,train,not disaster,1,1,0,0,1,0,1,0,1,0,0,0,0,0,0,0,0,0,0,0
disaster_01724,4328,test,real disaster,1,1,1,0,1,0,0,0,0,0,1,1,0,0,0,1,0,0,0,0
disaster_01725,9835,test,not disaster,0,0,0,0,0,0,0,0,0,0,0,0,0,0,0,0,1,0,1,1
disaster_01729,3667,train,not disaster,0,0,0,0,0,0,0,0,0,0,0,0,0,0,0,0,1,1,0,1
disaster_01731,7832,train,not disaster,0,0,0,0,0,0,1,0,0,0,0,0,0,0,0,0,0,0,0,1
disaster_01727,3578,train,real disaster,0,0,0,0,1,0,0,0,0,0,0,0,0,0,0,0,1,0,0,1
disaster_01728,5791,test,real disaster,0,0,0,0,0,0,0,0,0,0,0,0,0,0,0,0,1,1,0,1
disaster_01732,4205,train,not disaster,0,0,0,0,0,0,0,0,0,0,0,0,0,0,0,0,1,1,0,1
disaster_01730,5260,train,not disaster,0,0,1,0,0,1,0,1,0,0,0,0,0,0,0,0,1,0,0,0
disaster_01733,8971,train,real disaster,1,1,1,0,1,0,1,0,0,0,0,0,0,0,0,0,0,0,0,0
disaster_01734,10554,train,not disaster,1,0,0,0,1,0,1,0,0,0,0,0,0,0,0,0,0,0,0,1
disaster_01737,7650,train,not disaster,1,1,1,1,0,1,0,1,0,0,0,0,0,0,0,0,1,0,1,1
disaster_01736,7652,train,not disaster,0,0,0,0,1,0,0,0,0,0,0,0,0,0,0,0,1,1,1,1
disaster_01735,6512,train,not disaster,0,0,1,1,0,0,1,0,1,0,0,0,0,0,0,0,0,0,0,1
disaster_01738,3398,train,not disaster,0,1,1,1,1,1,1,0,0,1,0,1,0,0,0,0,0,0,0,0
disaster_01740,2325,test,not disaster,0,0,0,0,1,1,0,0,0,0,0,0,0,0,0,0,1,1,1,1
disaster_01739,7643,train,real disaster,0,0,0,0,0,0,0,0,0,0,0,0,0,0,0,0,1,0,0,1
disaster_01742,4006,train,real disaster,1,1,1,0,1,0,1,0,1,0,0,0,0,0,0,0,0,0,0,0
disaster_01741,8777,train,not disaster,1,1,1,0,0,1,0,1,0,0,0,0,0,0,0,0,0,0,0,0
disaster_01743,2661,train,not disaster,0,0,0,0,0,0,0,0,0,0,0,0,0,0,0,0,0,1,0,1
disaster_01744,9132,test,real disaster,1,1,1,1,1,0,1,0,0,0,0,0,0,0,0,0,0,0,0,0
disaster_01745,8754,train,not disaster,0,0,0,0,0,0,1,0,0,0,0,0,0,1,0,0,0,0,0,1
disaster_01748,10034,test,real disaster,0,0,0,0,0,0,1,0,0,0,0,0,0,0,0,0,0,0,0,1
disaster_01749,6109,train,not disaster,0,0,0,0,0,0,0,0,0,0,0,0,0,0,0,0,1,0,1,1
disaster_01750,9082,train,real disaster,0,0,0,1,0,0,0,0,0,0,0,0,0,0,0,0,0,0,0,1
disaster_01751,10780,train,real disaster,1,1,0,0,1,0,1,0,0,0,0,0,0,0,0,0,0,0,0,0
disaster_01746,7167,test,real disaster,1,0,0,0,0,0,0,0,0,0,0,0,0,0,0,0,1,0,0,0
disaster_01754,1954,train,real disaster,1,1,1,0,1,0,0,0,0,1,0,0,0,0,0,0,0,0,0,0
disaster_01747,268,train,not disaster,0,0,0,0,1,0,1,0,0,0,0,0,0,1,0,0,0,0,0,1
disaster_01755,9796,train,not disaster,0,0,0,0,0,1,0,0,0,0,0,0,0,0,0,0,0,1,0,1
disaster_01753,9595,train,real disaster,1,1,0,0,0,1,0,1,0,0,0,0,0,0,0,0,0,0,0,0
disaster_01756,8226,test,not disaster,0,0,0,0,0,0,0,0,0,0,0,0,0,0,0,0,1,1,1,1
disaster_01758,2181,train,not disaster,0,0,0,0,0,0,0,0,0,0,0,0,0,0,0,0,1,1,0,1
disaster_01757,4593,train,real disaster,1,1,1,0,1,1,0,0,0,0,0,0,0,0,0,1,0,0,0,0
disaster_01760,4894,train,not disaster,1,0,1,0,0,0,0,0,0,0,0,0,0,0,0,0,1,1,1,1
disaster_01761,7491,train,not disaster,0,0,1,0,1,0,0,0,0,0,0,0,0,0,0,0,1,0,0,1
disaster_01762,10833,test,not disaster,0,0,0,0,1,1,0,1,0,0,0,0,0,0,0,0,1,1,1,0
disaster_01763,1124,train,not disaster,0,0,0,0,0,0,0,0,0,0,0,0,0,0,0,0,1,1,0,1
disaster_01764,1264,train,not disaster,0,0,0,0,0,0,0,0,0,0,0,0,0,0,0,0,1,0,0,1
disaster_01767,3150,train,real disaster,1,1,0,0,1,0,1,0,1,0,0,0,0,0,0,0,0,0,0,0
disaster_01766,8490,train,not disaster,0,0,0,0,0,0,0,0,0,0,0,0,0,0,0,0,1,0,1,0
disaster_01768,6448,train,real disaster,1,1,1,0,1,0,1,0,1,0,0,0,0,1,0,0,0,0,0,0
disaster_01769,2329,train,not disaster,0,0,0,0,0,0,0,0,0,0,0,0,0,0,0,0,0,0,0,1
disaster_01771,5236,train,not disaster,0,0,0,0,0,0,0,0,0,0,0,0,0,0,0,0,1,0,0,0
disaster_01770,7149,train,not disaster,1,0,0,0,0,0,0,0,0,0,0,0,0,0,0,0,1,0,1,1
disaster_01752,5055,train,not disaster,0,0,0,0,1,0,0,0,0,0,0,0,0,0,0,0,0,0,0,1
disaster_01759,3719,train,not disaster,1,1,0,0,1,0,0,0,0,1,0,1,0,0,0,0,0,1,0,0
disaster_01772,3034,train,not disaster,0,0,1,0,0,0,0,0,1,0,0,0,0,0,0,0,1,0,1,1
disaster_01773,6257,test,not disaster,0,0,1,0,0,0,1,0,0,0,0,0,0,0,0,1,0,0,0,1
disaster_01777,1890,train,real disaster,1,1,1,1,1,0,1,0,0,0,0,0,0,0,0,0,0,0,0,0
disaster_01776,10315,train,real disaster,0,0,0,0,0,0,0,0,0,0,0,0,0,0,0,0,0,0,0,1
disaster_01765,4891,train,not disaster,1,0,0,0,0,0,0,0,0,0,0,0,0,0,0,0,1,0,0,1
disaster_01778,10280,train,not disaster,0,0,0,0,0,0,0,1,0,0,0,0,0,0,0,0,1,0,1,1
disaster_01781,9230,train,real disaster,1,1,0,1,1,0,1,0,1,0,0,0,0,0,0,0,0,0,0,0
disaster_01779,4537,train,real disaster,0,0,0,0,1,0,1,0,0,0,0,0,0,1,0,0,0,0,0,1
disaster_01774,10303,train,not disaster,0,0,0,0,0,0,0,0,0,0,0,0,0,0,0,0,1,0,1,1
disaster_01775,7109,train,not disaster,0,0,0,0,0,0,0,0,0,0,0,0,0,0,0,0,0,0,0,1
disaster_01784,9371,train,not disaster,0,0,0,0,0,0,0,0,0,0,0,0,0,0,0,0,1,0,1,1
disaster_01783,1045,test,not disaster,0,1,0,1,0,0,0,1,1,0,0,0,0,0,0,0,0,0,0,0
disaster_01782,8434,train,real disaster,0,0,0,0,1,1,0,0,0,0,0,0,0,0,0,0,0,1,0,1
disaster_01785,7142,train,not disaster,0,0,0,0,0,0,1,0,0,0,0,0,0,0,0,0,0,0,0,1
disaster_01786,4641,train,real disaster,0,1,0,1,1,0,0,0,0,0,1,0,0,0,0,0,0,0,0,0
disaster_01787,6896,test,real disaster,1,1,1,0,0,0,0,0,0,0,0,0,0,0,0,0,1,0,0,0
disaster_01780,2114,train,not disaster,0,0,0,0,0,0,0,0,0,0,0,0,0,0,0,0,1,0,0,1
disaster_01790,10627,train,real disaster,1,1,1,0,1,0,1,0,1,0,0,0,0,1,0,0,0,0,0,0
disaster_01788,7093,train,not disaster,0,0,0,0,1,0,0,0,0,0,0,0,0,0,0,0,1,1,1,1
disaster_01789,1919,train,not disaster,0,0,0,0,0,0,1,0,0,0,0,0,0,0,0,0,0,1,0,1
disaster_01791,1319,train,not disaster,0,0,0,0,0,1,0,0,0,0,0,0,0,0,0,0,1,0,1,1
disaster_01792,7203,test,real disaster,0,0,0,0,0,0,0,0,0,0,0,0,0,0,0,0,1,0,1,1
disaster_01793,2173,train,real disaster,1,0,0,0,0,0,1,0,0,0,0,0,0,0,0,0,0,0,0,1
disaster_01794,10450,train,real disaster,1,1,0,0,1,0,0,0,0,0,0,0,0,0,0,0,0,0,0,0
disaster_01796,10805,train,not disaster,0,0,0,0,0,0,0,0,0,0,0,0,0,0,0,0,1,0,1,1
disaster_01799,5638,test,real disaster,0,0,0,0,0,0,0,0,0,0,0,0,0,0,0,0,0,0,0,1
disaster_01798,2970,train,not disaster,0,0,0,0,0,0,0,0,0,0,0,0,0,0,0,0,1,1,0,1
disaster_01795,4531,test,not disaster,0,0,0,0,0,0,0,0,0,0,0,0,0,0,0,0,1,0,0,1
disaster_01800,7583,test,real disaster,1,1,0,0,0,0,0,0,1,0,0,1,0,0,0,0,0,0,0,0
disaster_01797,10304,train,real disaster,1,1,1,0,0,0,1,0,0,0,0,0,0,0,0,0,0,0,0,0
disaster_01801,9883,train,real disaster,0,0,0,0,0,0,0,0,0,0,0,0,0,0,0,0,1,0,1,0
disaster_01804,979,train,not disaster,1,0,0,0,0,0,0,0,0,0,0,0,0,0,0,0,1,1,0,1
disaster_01803,9946,test,not disaster,0,0,0,0,0,0,0,0,0,0,0,0,0,0,0,0,1,1,0,1
disaster_01806,9688,train,not disaster,0,0,0,0,0,0,0,0,0,0,0,0,0,0,0,0,0,0,0,1
disaster_01805,3650,test,real disaster,0,0,0,0,0,0,0,0,0,0,0,0,0,0,0,0,1,0,0,1
disaster_01802,9171,test,real disaster,1,1,1,1,1,0,1,0,1,0,0,0,0,0,0,0,0,0,0,0
disaster_01807,3870,train,not disaster,0,0,0,0,0,0,0,0,0,0,0,0,0,0,0,0,0,0,0,1
disaster_01808,8288,train,not disaster,1,0,0,0,1,0,0,0,0,0,0,0,0,0,0,0,1,0,0,1
disaster_01810,10562,test,not disaster,1,0,0,0,1,0,0,0,0,0,0,0,0,0,0,0,0,0,0,1
disaster_01812,8251,train,not disaster,0,0,0,0,1,0,0,0,0,0,0,0,0,0,0,0,1,0,1,1
disaster_01813,9994,train,not disaster,1,0,0,0,0,0,1,0,0,0,0,0,0,0,0,0,1,0,0,1
disaster_01814,6330,test,not disaster,0,0,0,0,0,0,0,0,0,0,0,0,0,0,0,0,1,0,1,1
disaster_01809,5346,train,real disaster,1,1,0,0,1,0,0,0,0,0,0,0,0,0,0,0,0,0,0,0
disaster_01816,2169,train,real disaster,1,1,0,0,1,1,0,0,0,0,0,0,0,0,0,0,0,0,0,0
disaster_01817,6699,train,not disaster,0,0,0,0,0,1,0,1,0,0,0,0,0,0,0,0,1,0,1,1
disaster_01815,9334,test,not disaster,0,0,0,0,0,0,0,0,0,0,0,0,0,0,0,0,1,0,1,1
disaster_01818,7642,train,real disaster,0,1,0,0,1,0,1,0,0,0,0,0,0,0,0,0,1,0,0,0
disaster_01819,6802,train,not disaster,0,0,0,0,0,0,0,0,0,0,0,0,0,0,0,0,0,0,1,0
disaster_01821,10124,train,not disaster,0,0,0,0,1,1,1,0,0,0,0,0,0,0,0,0,0,0,0,1
disaster_01822,6043,train,real disaster,1,1,1,0,1,0,1,0,1,0,0,1,0,0,0,0,0,0,0,0
disaster_01824,5763,train,real disaster,1,1,0,0,1,1,1,0,0,0,0,0,0,0,0,0,0,0,0,0
disaster_01823,1677,train,real disaster,1,1,0,0,1,0,1,0,1,1,0,0,0,0,0,0,0,0,0,0
disaster_01825,840,train,real disaster,1,1,1,1,0,0,1,0,0,0,0,0,0,0,0,0,0,0,0,0
disaster_01826,2067,train,real disaster,0,0,0,0,0,0,0,0,1,0,0,0,0,0,0,1,1,0,0,1
disaster_01828,7157,train,not disaster,0,0,0,0,0,0,0,0,0,0,0,0,0,0,0,0,0,1,1,1
disaster_01827,321,train,not disaster,0,0,0,0,0,1,0,1,1,0,0,0,0,0,0,0,0,1,0,0
disaster_01829,10246,train,real disaster,0,0,0,0,0,1,0,0,0,0,0,0,0,0,0,0,1,0,1,1
disaster_01830,1756,train,real disaster,1,0,0,0,0,0,0,0,0,1,0,1,0,0,0,0,1,0,1,1
disaster_01820,5776,train,real disaster,1,1,0,0,1,0,1,0,0,1,0,0,0,0,0,0,0,0,0,0
disaster_01811,7302,train,not disaster,0,0,0,0,1,1,0,0,0,0,0,0,0,0,0,0,0,0,0,1
disaster_01832,1900,train,not disaster,0,0,0,0,0,0,0,0,0,0,0,0,0,0,0,0,1,1,1,1
disaster_01831,10622,train,real disaster,1,1,1,0,1,0,1,0,1,0,0,0,0,1,0,0,0,0,0,0
disaster_01833,2729,train,not disaster,0,0,0,0,0,0,0,0,0,0,0,0,0,0,0,0,1,1,1,1
disaster_01835,3529,train,real disaster,1,1,0,0,0,0,1,0,0,0,0,0,0,0,0,0,0,0,0,0
disaster_01839,2698,train,not disaster,0,0,0,0,0,1,0,0,0,0,0,0,0,0,0,0,0,1,0,1
disaster_01838,3531,train,real disaster,1,1,0,0,1,0,1,0,1,0,0,0,0,0,0,0,0,0,0,0
disaster_01834,9990,train,not disaster,0,0,0,0,0,0,0,0,0,0,0,0,1,0,0,0,0,0,0,0
disaster_01840,7130,test,not disaster,0,0,0,0,0,1,0,0,0,0,0,0,0,0,0,0,0,1,0,1
disaster_01841,8705,test,not disaster,0,0,0,0,0,0,0,0,0,0,0,0,0,0,0,0,1,0,0,1
disaster_01836,8502,train,not disaster,0,0,0,0,0,0,0,0,0,0,0,0,0,0,0,0,1,1,1,1
disaster_01837,5832,train,not disaster,0,0,0,0,0,0,0,0,0,0,0,0,0,0,0,0,0,0,0,1
disaster_01843,3894,train,not disaster,0,0,0,0,0,0,0,0,0,0,0,0,0,0,0,0,1,0,0,1
disaster_01842,4183,train,not disaster,0,0,1,0,0,1,0,0,0,0,0,0,0,0,0,0,1,0,1,1
disaster_01844,5255,train,not disaster,0,0,0,0,0,0,0,0,0,0,0,0,0,0,0,0,1,1,0,1
disaster_01848,4889,test,not disaster,1,0,0,0,1,1,1,0,0,0,0,0,0,0,0,0,1,1,0,1
disaster_01846,3297,train,not disaster,0,0,0,0,0,0,0,0,0,0,0,0,0,0,0,0,1,1,1,1
disaster_01847,9507,test,real disaster,1,0,1,1,1,0,0,0,0,0,0,0,0,0,0,0,1,0,1,1
disaster_01845,7589,train,real disaster,1,1,1,0,0,0,1,0,1,0,0,1,0,0,0,0,0,0,0,0
disaster_01849,2944,train,not disaster,0,0,0,0,0,0,0,0,0,0,0,0,0,0,0,0,1,1,0,1
disaster_01850,6653,train,real disaster,1,0,0,0,1,0,1,0,0,0,0,0,0,0,0,0,0,0,0,0
disaster_01851,8311,train,real disaster,0,0,0,1,0,0,0,0,0,1,0,0,0,0,0,0,0,0,0,0
disaster_01855,5353,train,real disaster,1,0,0,0,1,0,0,1,0,0,0,0,0,0,0,0,1,0,0,1
disaster_01854,280,test,not disaster,0,0,0,0,0,0,0,0,0,0,0,0,0,1,0,0,1,0,1,0
disaster_01856,4114,train,real disaster,1,1,1,0,1,1,0,0,0,0,1,1,0,0,0,1,0,0,0,0
disaster_01857,7578,train,real disaster,1,1,0,0,0,0,0,0,1,0,0,1,0,0,0,0,0,0,0,0
disaster_01852,1432,train,not disaster,0,0,0,0,0,0,0,0,0,0,0,0,0,0,0,0,1,1,1,1
disaster_01859,3012,test,real disaster,0,0,0,0,1,0,0,0,0,0,0,0,0,0,0,0,1,0,0,1
disaster_01862,8741,train,not disaster,0,0,0,0,0,0,0,0,0,0,0,0,0,0,0,0,1,0,0,1
disaster_01858,5582,train,not disaster,0,0,0,0,0,0,0,0,0,0,0,0,0,0,0,0,0,0,0,1
disaster_01861,2838,test,not disaster,1,0,0,0,0,0,0,0,0,0,0,0,0,0,0,0,1,0,1,1
disaster_01853,6282,test,not disaster,0,0,0,0,0,0,0,0,0,0,0,0,0,0,0,0,1,0,1,1
disaster_01864,3240,train,real disaster,0,0,0,0,0,0,0,0,0,0,0,0,0,0,0,0,1,0,0,1
disaster_01860,4085,test,not disaster,0,0,0,0,0,0,0,0,0,0,0,0,0,0,0,0,1,0,1,1
disaster_01866,7828,train,not disaster,0,0,0,0,0,0,1,0,0,0,0,0,0,0,0,0,1,0,0,1
disaster_01865,5668,train,real disaster,1,0,1,0,0,1,0,1,0,0,0,0,0,0,0,0,1,0,1,1
disaster_01863,7490,train,not disaster,0,0,0,0,1,0,1,0,0,0,0,0,0,0,0,0,0,0,0,1
disaster_01867,3341,train,not disaster,0,1,1,0,1,0,0,0,0,1,0,0,0,0,0,0,0,0,0,0
disaster_01871,963,train,not disaster,0,0,0,0,0,0,0,0,0,0,0,0,0,0,0,0,0,1,0,0
disaster_01869,8718,train,not disaster,0,0,0,0,0,0,0,0,0,0,0,0,0,0,0,0,1,1,1,1
disaster_01870,4345,test,not disaster,1,0,0,0,0,0,0,0,0,0,0,0,0,0,0,0,1,1,0,1
disaster_01872,4330,train,real disaster,1,0,0,0,1,0,0,0,0,0,0,0,0,0,0,0,1,0,0,1
disaster_01868,6178,test,real disaster,0,0,0,0,1,0,1,0,0,0,0,0,0,0,0,0,1,0,0,1
disaster_01873,4546,train,not disaster,0,0,0,0,1,1,0,0,0,0,0,0,0,0,0,0,0,0,0,1
disaster_01875,3197,train,not disaster,0,0,0,0,0,0,0,0,0,0,0,0,0,0,0,0,1,0,0,1
disaster_01874,5132,train,real disaster,1,1,0,0,1,1,1,0,1,0,0,0,0,0,0,0,0,0,0,0
disaster_01877,10066,train,real disaster,1,1,0,0,0,0,1,0,0,0,0,0,0,0,0,0,0,0,0,0
disaster_01876,9762,test,not disaster,0,0,0,0,0,0,0,0,0,0,0,0,0,0,0,0,1,0,1,1
disaster_01879,8852,train,not disaster,0,0,0,0,0,0,0,0,0,0,0,0,0,0,0,0,1,0,1,1
disaster_01881,8301,train,not disaster,1,0,0,0,1,0,1,0,0,0,0,0,0,0,0,0,1,0,0,1
disaster_01878,10671,train,not disaster,0,0,0,0,0,0,0,0,0,0,0,0,0,0,0,0,1,0,0,1
disaster_01880,5985,train,not disaster,0,0,0,0,0,0,0,0,0,0,0,0,0,0,0,0,1,1,0,1
disaster_01885,654,train,real disaster,1,0,1,0,0,0,0,0,0,0,0,0,0,0,0,0,0,0,0,1
disaster_01884,1235,train,not disaster,0,0,0,0,0,0,0,0,0,0,0,0,0,0,0,0,0,1,0,1
disaster_01882,4421,train,not disaster,0,0,0,0,0,0,0,0,0,0,0,0,0,0,0,0,1,0,1,0
disaster_01883,7272,train,real disaster,1,1,0,1,1,0,1,0,0,0,0,1,0,0,1,0,0,0,0,0
disaster_01886,886,train,real disaster,1,0,1,0,1,0,0,0,0,0,0,0,0,0,0,0,0,0,0,1
disaster_01888,6980,train,real disaster,1,1,1,1,1,0,0,0,1,0,0,1,0,0,0,0,0,0,0,1
disaster_01889,2103,train,real disaster,0,0,0,0,1,0,0,0,1,0,0,0,0,0,0,0,0,0,0,0
disaster_01887,6814,test,real disaster,0,1,0,1,0,1,0,1,0,0,0,0,0,0,0,0,0,0,0,0
disaster_01891,7193,train,real disaster,0,0,0,0,0,0,0,1,0,0,0,0,0,0,0,0,1,1,0,1
disaster_01892,2608,test,real disaster,1,1,0,1,0,0,0,0,0,0,0,0,0,0,0,0,1,0,1,1
disaster_01890,5876,train,real disaster,1,1,0,1,1,1,0,0,0,1,0,0,0,0,0,0,0,0,0,0
disaster_01893,8498,train,not disaster,0,0,0,0,0,1,0,1,0,0,0,0,0,0,0,0,1,1,1,1
disaster_01897,5188,train,not disaster,0,0,0,0,0,0,0,0,0,0,0,0,0,0,0,0,1,1,0,1
disaster_01895,6687,train,not disaster,1,0,0,0,0,0,0,0,0,0,0,0,0,0,0,0,1,0,0,1
disaster_01898,888,train,real disaster,1,0,0,0,0,0,0,0,0,0,0,0,0,0,0,0,1,0,0,1
disaster_01894,1728,train,real disaster,1,0,0,0,0,0,0,0,0,1,0,0,0,0,0,0,1,0,0,1
disaster_01896,9435,test,real disaster,0,0,0,0,1,0,0,0,0,0,0,0,0,0,0,0,0,1,0,0
disaster_01900,7317,test,real disaster,1,0,0,0,1,0,1,0,0,0,0,0,0,0,0,0,0,0,0,0
disaster_01903,3979,train,real disaster,1,0,1,1,0,0,1,0,0,1,0,0,0,0,0,0,0,0,0,1
disaster_01899,946,train,real disaster,1,1,1,0,1,0,1,0,0,0,0,0,0,1,0,0,0,0,0,0
disaster_01901,9853,train,not disaster,0,0,0,0,1,1,0,1,0,0,0,0,0,0,0,0,1,0,0,1
disaster_01904,2866,train,not disaster,0,0,0,0,0,0,0,0,0,0,0,0,0,0,0,0,1,0,0,1
disaster_01902,9044,train,real disaster,1,1,0,1,0,0,1,0,0,0,0,0,0,0,0,0,0,0,0,0
disaster_01906,2748,train,not disaster,0,0,0,0,0,0,0,0,0,0,0,0,0,0,0,0,1,1,0,1
disaster_01907,6847,train,not disaster,0,0,0,0,0,0,0,1,0,0,0,0,0,0,0,0,1,0,1,0
disaster_01905,3851,train,not disaster,0,0,0,0,0,0,0,0,0,0,0,0,0,0,0,0,0,0,0,1
disaster_01909,2386,train,not disaster,0,0,0,0,0,0,0,1,0,1,0,0,0,0,0,0,1,0,1,1
disaster_01908,6219,train,real disaster,1,0,0,0,1,0,1,0,0,0,0,0,0,0,0,0,0,0,0,0
disaster_01910,6663,test,real disaster,0,0,0,0,1,1,0,0,0,0,0,0,0,0,0,0,0,0,0,0
disaster_01911,7954,test,real disaster,1,0,0,0,0,0,0,0,0,0,0,0,0,0,0,0,1,0,0,1
disaster_01914,7295,test,not disaster,0,0,0,0,0,0,0,0,0,0,0,0,0,0,0,0,0,0,0,0
disaster_01912,10173,train,not disaster,1,0,0,0,0,0,0,0,0,0,0,0,0,0,0,0,1,1,0,1
disaster_01913,4426,train,not disaster,0,0,1,0,0,0,0,1,0,0,0,0,0,0,0,0,0,0,0,0
disaster_01915,8668,train,real disaster,1,1,0,0,1,0,1,0,0,0,1,0,0,0,0,0,0,0,0,0
disaster_01916,10193,train,not disaster,1,0,1,1,0,0,0,0,0,0,0,0,0,0,0,0,1,0,0,1
disaster_01919,4843,test,real disaster,0,1,1,0,1,0,1,0,0,0,0,0,0,0,1,1,0,0,0,0
disaster_01917,4336,train,real disaster,1,1,1,0,0,0,0,0,0,0,0,1,0,0,0,1,0,0,0,0
disaster_01918,4320,train,real disaster,1,1,1,1,1,0,0,0,0,0,1,0,0,0,0,0,0,0,0,0
disaster_01922,8693,train,real disaster,0,0,0,0,0,0,1,0,0,0,0,0,0,0,0,0,1,0,0,1
disaster_01920,6328,train,real disaster,1,1,1,1,1,1,1,0,0,0,0,0,0,0,0,0,0,0,0,0
disaster_01921,3575,train,not disaster,0,0,0,0,1,0,0,0,0,0,0,0,0,0,0,0,0,0,0,1
disaster_01923,10637,test,not disaster,0,0,0,0,0,0,0,0,0,0,0,0,0,0,0,0,1,0,1,1
disaster_01927,5104,test,real disaster,0,0,0,0,0,0,1,0,0,0,0,0,0,0,0,0,1,0,0,1
disaster_01925,4696,train,real disaster,0,0,0,0,1,1,1,0,0,0,0,0,0,0,0,0,1,0,1,1
disaster_01924,7415,train,real disaster,0,0,0,0,0,0,0,0,0,0,0,0,0,0,0,0,1,0,1,1
disaster_01928,6274,train,real disaster,1,0,1,1,0,1,1,0,0,0,0,0,0,0,0,0,0,0,0,1
disaster_01926,10025,test,not disaster,0,0,0,0,0,0,0,0,0,0,0,0,0,0,0,0,0,0,0,1
disaster_01929,6617,train,not disaster,0,0,0,0,0,0,0,1,0,0,0,0,0,0,0,0,1,0,0,1
disaster_01931,643,train,not disaster,1,0,1,1,1,0,1,0,0,0,0,0,0,0,0,0,1,0,1,1
disaster_01932,3086,train,real disaster,0,0,1,0,1,0,0,0,1,0,0,0,0,0,0,1,0,0,0,1
disaster_01933,1999,test,not disaster,0,0,0,0,0,0,1,0,0,0,0,0,0,0,0,0,1,0,0,1
disaster_01934,7227,test,real disaster,1,1,0,0,1,0,0,0,0,0,0,0,0,0,0,0,1,0,1,0
disaster_01930,7937,train,real disaster,1,1,0,1,1,0,1,0,1,0,0,0,0,0,0,0,0,0,0,0
disaster_01936,2579,train,not disaster,1,0,0,0,0,0,0,1,0,0,0,0,0,0,0,0,1,1,0,1
disaster_01937,8736,train,not disaster,0,0,0,0,0,1,0,0,0,0,0,0,0,0,0,0,1,1,0,1
disaster_01940,7952,train,real disaster,1,1,1,0,1,0,0,1,0,0,0,0,0,0,0,0,1,0,1,1
disaster_01938,7915,train,not disaster,1,0,0,0,0,0,0,0,0,0,0,0,0,0,0,0,1,0,1,1
disaster_01935,4689,train,real disaster,1,1,1,0,1,0,0,0,0,1,1,0,0,0,0,0,0,0,0,0
disaster_01939,10444,train,real disaster,1,1,0,0,1,0,1,0,0,0,0,0,0,0,0,0,0,0,0,0
disaster_01943,10573,train,not disaster,1,0,0,0,1,0,0,0,0,0,0,0,0,0,0,0,0,0,0,1
disaster_01944,2296,train,not disaster,0,0,0,0,0,0,1,0,0,0,0,0,0,0,0,0,1,0,0,1
disaster_01942,1579,train,not disaster,0,0,0,0,1,0,0,0,0,0,0,0,0,0,0,0,1,1,0,1
disaster_01946,4607,train,not disaster,0,0,0,0,0,1,0,0,0,0,0,0,0,1,0,0,0,0,0,1
disaster_01945,8049,train,real disaster,0,1,0,0,1,0,1,0,0,0,0,1,0,0,1,0,0,0,0,0
disaster_01948,1771,test,real disaster,1,0,1,1,0,0,1,0,0,0,0,0,0,0,0,0,0,0,0,1
disaster_01949,5233,train,not disaster,0,0,0,0,0,0,0,0,0,0,0,0,1,0,0,0,0,0,0,0
disaster_01947,1595,train,real disaster,1,1,1,1,1,1,0,0,1,0,0,0,0,0,0,0,0,0,0,0
disaster_01952,9605,train,not disaster,0,0,0,0,0,0,0,0,0,0,0,0,0,0,0,0,0,0,0,0
disaster_01941,5247,train,not disaster,1,1,0,1,1,1,1,0,1,0,0,0,0,1,0,0,0,0,0,0
disaster_01953,2975,test,not disaster,0,0,0,0,0,0,0,0,1,0,0,0,0,0,0,0,0,0,0,0
disaster_01951,3074,train,real disaster,0,0,0,1,0,0,0,0,1,0,0,0,0,0,0,0,0,0,0,1
disaster_01950,589,train,real disaster,1,1,0,1,1,0,1,0,0,1,0,0,0,0,0,0,0,0,0,0
disaster_01954,8483,train,not disaster,0,0,0,0,1,0,0,0,0,0,0,0,0,0,0,0,1,1,0,1
disaster_01956,3285,train,not disaster,0,0,0,0,0,0,0,0,0,0,0,0,0,0,0,0,1,0,1,1
disaster_01955,4671,train,real disaster,1,1,1,0,1,0,1,0,0,1,0,0,0,0,0,0,0,0,0,0
disaster_01957,5494,train,real disaster,1,1,0,1,1,0,1,0,1,0,0,0,0,0,0,0,0,0,0,0
disaster_01958,9940,train,real disaster,1,0,1,1,0,0,0,0,0,0,0,0,0,0,0,0,1,0,0,1
disaster_01962,3192,train,not disaster,0,0,0,0,1,0,0,0,0,0,0,0,0,0,0,0,1,1,0,1
disaster_01961,9638,train,real disaster,1,1,1,0,1,0,1,0,0,0,0,1,0,0,1,1,0,0,0,0
disaster_01959,2771,train,not disaster,0,0,0,0,0,0,0,0,0,0,0,0,0,0,0,0,0,0,0,1
disaster_01963,1949,train,not disaster,1,0,0,0,0,0,0,0,0,0,0,0,0,0,0,0,1,0,1,1
disaster_01965,2248,test,real disaster,1,0,0,0,1,0,1,0,0,0,0,0,0,0,0,0,0,1,0,0
disaster_01960,7581,train,real disaster,1,1,1,0,1,0,1,0,1,0,0,0,0,0,0,0,0,0,0,0
disaster_01964,394,train,real disaster,0,0,1,0,1,0,1,0,0,0,0,0,0,0,0,0,0,0,0,1
disaster_01967,1372,test,not disaster,1,1,0,1,0,0,0,1,0,1,0,0,0,0,0,0,1,0,1,0
disaster_01966,4596,test,not disaster,0,1,0,0,0,1,1,0,0,0,0,1,0,1,0,0,0,0,0,0
disaster_01969,8506,train,not disaster,0,0,0,0,0,0,0,0,0,0,0,0,0,0,0,0,1,1,1,1
disaster_01973,10291,train,not disaster,0,0,0,0,0,0,0,0,0,0,0,0,0,0,0,0,0,1,0,1
disaster_01972,2660,train,not disaster,0,0,0,0,0,0,0,0,0,0,0,0,0,0,0,0,1,0,0,1
disaster_01970,10367,train,real disaster,1,0,1,0,1,0,0,0,0,0,0,0,0,0,0,0,0,0,0,1
disaster_01971,3284,train,not disaster,0,0,0,0,0,0,0,0,0,0,0,0,0,0,0,0,1,1,1,1
disaster_01974,6811,test,not disaster,0,0,0,0,0,1,0,0,0,0,0,0,0,0,0,0,1,1,1,1
disaster_01976,5265,train,not disaster,0,0,0,0,0,0,0,0,0,0,0,0,0,0,0,0,1,0,1,1
disaster_01968,6007,test,real disaster,0,0,0,0,0,0,1,0,0,0,0,0,0,0,0,0,0,0,0,0
disaster_01977,3433,train,not disaster,0,0,0,0,0,0,0,0,0,0,0,0,0,0,0,0,1,0,0,1
disaster_01978,180,train,not disaster,0,0,0,0,0,0,0,0,0,0,0,0,0,0,0,0,1,0,0,1
disaster_01980,4656,train,not disaster,0,0,0,0,1,0,0,0,0,0,0,0,0,0,0,0,0,0,0,1
disaster_01981,10866,train,real disaster,1,1,1,1,1,0,1,0,1,0,0,0,0,0,0,0,0,0,0,0
disaster_01982,5692,test,real disaster,1,1,0,0,1,0,1,0,0,0,0,1,0,0,0,0,0,0,0,0
disaster_01983,9041,test,not disaster,0,0,0,0,0,1,1,0,0,0,0,0,0,0,0,0,0,0,0,1
disaster_01975,6916,train,real disaster,0,0,0,0,0,0,0,0,0,0,0,0,0,0,0,0,0,0,0,1
disaster_01984,6510,test,real disaster,1,1,0,0,1,0,0,0,1,0,0,0,0,0,0,0,0,0,0,0
disaster_01985,2487,test,not disaster,0,0,0,0,0,0,0,1,0,0,0,0,0,0,0,0,1,0,1,0
disaster_01986,1103,train,not disaster,1,1,0,0,0,1,0,0,0,0,0,0,0,0,0,0,0,0,0,0
disaster_01988,7765,train,not disaster,0,1,1,0,1,1,1,0,0,0,0,0,0,1,0,0,0,0,0,0
disaster_01987,7910,train,real disaster,1,1,0,0,1,0,0,0,0,0,0,0,0,0,0,0,0,0,0,0
disaster_01990,6985,test,real disaster,1,1,1,0,1,0,1,0,1,0,0,0,0,0,0,0,0,0,0,0
disaster_01991,7397,train,not disaster,0,0,0,0,0,0,0,0,0,0,0,0,0,0,0,0,1,1,1,0
disaster_01989,5183,train,not disaster,0,0,0,0,0,0,0,0,0,0,0,0,0,0,0,0,1,1,0,1
disaster_01993,4716,train,real disaster,1,1,1,0,1,1,0,1,0,0,0,0,0,0,1,0,0,0,0,0
disaster_01992,4794,train,real disaster,0,1,1,1,1,0,0,0,0,0,0,0,0,0,1,0,0,0,0,0
disaster_01979,5798,test,not disaster,1,1,0,0,0,0,0,1,0,0,0,0,0,0,0,0,0,0,0,0
disaster_01994,8296,test,real disaster,1,1,0,0,1,1,0,0,0,0,0,0,0,0,0,0,0,0,0,1
disaster_01995,1183,train,not disaster,0,0,0,0,0,0,0,0,0,0,0,0,0,0,0,0,0,1,1,1
disaster_01996,6003,test,real disaster,0,0,0,0,0,0,1,0,0,0,0,0,0,0,0,0,0,0,0,0
disaster_01998,9094,train,not disaster,1,0,1,0,0,0,0,0,0,0,0,0,0,0,0,0,1,0,0,1
disaster_01999,699,train,real disaster,1,1,1,1,1,0,1,0,1,0,0,0,0,1,0,0,0,0,0,0
disaster_02000,10684,train,not disaster,0,0,1,0,0,0,0,0,1,0,0,0,0,0,0,0,0,0,0,1
disaster_01997,8747,train,real disaster,0,0,0,0,0,0,1,0,0,0,0,0,0,0,0,0,0,1,0,1
disaster_02002,7029,train,real disaster,1,1,0,0,1,0,1,0,0,0,0,0,0,0,0,0,0,0,0,0
disaster_02003,3796,train,real disaster,0,0,1,0,0,0,0,0,0,0,0,0,0,0,0,0,0,0,0,1
disaster_02001,9597,train,not disaster,0,0,0,0,0,0,0,0,0,0,0,0,0,0,0,0,1,1,0,1
disaster_02004,7648,train,not disaster,0,0,0,0,0,0,0,0,0,0,0,0,0,0,0,0,1,1,0,0
disaster_02005,3962,train,real disaster,1,0,0,1,1,1,0,0,0,0,0,0,0,0,0,0,0,0,0,1
disaster_02007,8746,train,not disaster,0,0,0,0,0,0,0,0,0,0,0,0,0,0,0,0,0,1,0,0
disaster_02006,8112,train,not disaster,0,0,0,0,0,0,0,0,0,0,0,0,0,0,0,0,0,1,0,1
disaster_02009,4706,train,real disaster,0,1,1,0,1,1,1,0,0,0,0,1,0,0,0,0,0,0,0,0
disaster_02010,5529,train,not disaster,0,0,0,0,0,0,0,0,0,0,0,0,0,0,0,0,1,0,1,1
disaster_02011,9710,train,not disaster,0,0,0,0,0,0,0,0,0,0,0,0,0,0,0,0,0,1,0,1
disaster_02012,9749,train,not disaster,0,0,0,0,0,0,0,0,0,0,0,0,0,0,0,0,1,0,0,1
disaster_02016,7315,train,not disaster,0,0,1,0,1,1,1,0,0,0,0,0,0,0,0,0,0,0,0,1
disaster_02014,1600,train,real disaster,1,0,0,0,1,1,0,0,0,0,0,0,0,0,0,0,0,0,0,1
disaster_02008,8486,train,not disaster,0,0,0,0,0,0,0,1,0,0,0,0,0,0,0,0,1,1,0,0
disaster_02015,1062,train,not disaster,0,0,0,0,0,0,0,0,0,0,0,0,0,0,0,0,1,1,1,1
disaster_02017,81,train,not disaster,0,0,0,0,0,0,0,0,0,0,0,0,0,0,0,0,1,0,0,1
disaster_02013,10099,train,real disaster,1,1,0,0,1,0,1,0,0,0,0,0,0,0,0,0,0,0,0,0
disaster_02018,10432,test,not disaster,0,0,0,0,1,0,0,1,0,0,0,0,0,0,0,0,1,0,0,1
disaster_02021,960,train,not disaster,0,0,0,0,0,1,0,0,0,0,0,0,0,0,0,0,0,1,0,1
disaster_02019,1374,test,not disaster,1,0,0,0,0,0,0,0,0,0,0,0,0,0,0,0,1,1,1,1
disaster_02023,8556,train,not disaster,0,0,0,0,0,0,0,0,0,0,0,0,0,0,0,0,1,1,1,1
disaster_02022,6013,train,not disaster,0,0,1,0,1,0,0,0,0,0,0,0,0,0,0,0,0,0,1,1
disaster_02020,8724,train,not disaster,0,0,0,0,0,0,0,0,0,0,0,0,0,0,0,0,1,0,0,1
disaster_02026,196,train,real disaster,1,1,0,0,1,0,1,0,0,0,0,0,0,0,0,0,0,0,0,0
disaster_02025,4575,train,real disaster,0,0,0,0,0,0,0,0,0,0,0,0,0,0,0,0,1,0,1,1
disaster_02028,10508,test,real disaster,1,0,1,0,0,0,1,0,0,0,0,1,0,0,0,0,0,0,0,1
disaster_02024,9484,test,real disaster,1,0,0,0,0,0,0,0,0,0,0,0,0,0,0,0,1,0,0,1
disaster_02029,7137,train,real disaster,1,1,1,1,0,0,1,0,1,0,0,0,0,0,0,0,0,0,0,0
disaster_02027,2412,test,not disaster,0,0,0,0,0,0,0,1,0,0,0,0,0,0,0,0,1,0,1,0
disaster_02030,9841,train,real disaster,0,0,0,0,0,0,0,0,0,0,0,0,0,0,0,1,0,0,0,1
disaster_02032,679,test,not disaster,1,0,0,0,0,0,0,0,0,0,0,0,0,0,0,0,1,0,1,0
disaster_02031,6804,train,not disaster,0,0,0,0,0,0,0,1,0,0,0,0,0,0,0,0,1,0,1,0
disaster_02036,1643,test,real disaster,1,0,0,1,1,1,0,0,0,0,0,0,0,0,0,0,0,0,0,1
disaster_02033,7405,train,not disaster,0,0,0,0,0,0,0,0,0,0,0,0,0,0,0,0,1,0,0,0
disaster_02034,4637,train,not disaster,0,0,0,0,1,0,0,0,0,0,0,0,0,0,0,0,0,0,0,1
disaster_02035,1238,train,not disaster,0,0,0,0,0,0,0,0,0,0,0,0,0,0,0,0,1,0,0,1
disaster_02037,2682,train,not disaster,0,0,0,0,0,0,0,0,0,0,0,0,0,0,0,0,0,1,0,1
disaster_02038,8680,train,real disaster,1,1,1,1,1,0,1,0,0,0,0,0,0,0,0,1,0,0,0,0
disaster_02039,8745,test,not disaster,0,0,0,0,0,0,0,0,0,0,0,0,0,0,0,0,0,0,0,0
disaster_02043,8586,train,real disaster,0,0,0,0,0,0,0,1,0,0,0,0,0,0,0,0,1,0,0,0
disaster_02040,6631,train,real disaster,0,0,0,0,0,0,0,0,0,0,0,0,0,0,0,0,1,0,0,1
disaster_02041,2161,train,real disaster,0,0,0,0,0,0,0,0,1,0,0,0,0,0,0,0,0,0,0,1
disaster_02042,2236,train,not disaster,0,0,0,0,1,0,0,0,0,0,0,0,0,0,0,0,0,1,0,1
disaster_02044,665,test,real disaster,1,0,1,0,0,0,1,0,0,0,0,0,0,0,0,0,0,0,0,1
disaster_02048,10081,test,real disaster,1,1,0,1,1,0,1,0,0,0,0,0,0,0,0,0,0,0,0,0
disaster_02045,6049,train,real disaster,0,0,0,0,1,1,0,1,0,0,0,0,0,0,0,0,1,0,1,0
disaster_02046,7077,test,not disaster,0,0,0,0,0,0,0,0,0,0,0,0,0,0,0,0,1,1,0,1
disaster_02049,10048,train,not disaster,0,0,0,0,0,0,0,0,0,0,0,0,0,0,0,0,0,0,1,1
disaster_02047,6425,train,not disaster,1,0,0,0,0,0,0,0,0,0,0,0,0,0,0,0,1,1,0,1
disaster_02051,7015,train,not disaster,0,0,0,0,0,0,1,0,0,0,0,0,0,0,0,0,1,1,0,1
disaster_02052,5310,train,not disaster,0,0,0,0,0,1,0,0,0,0,0,0,0,0,0,0,1,0,0,1
disaster_02053,5663,train,real disaster,1,1,1,1,1,1,1,0,0,0,0,0,0,0,0,0,0,0,0,0
disaster_02050,9386,train,not disaster,0,0,0,0,0,0,0,0,0,0,0,0,0,0,0,0,1,1,0,1
disaster_02055,8980,test,not disaster,1,0,0,0,0,0,0,0,0,0,0,0,0,0,0,0,1,0,0,1
disaster_02054,882,test,real disaster,1,0,1,1,1,0,1,0,0,0,0,0,0,0,0,0,0,0,0,0
disaster_02056,4534,train,not disaster,0,0,0,0,0,0,1,0,0,0,0,0,0,1,0,0,0,0,0,1
disaster_02057,5982,train,not disaster,0,0,0,0,1,0,0,0,0,0,0,0,0,0,0,0,0,1,0,1
disaster_02058,2043,train,real disaster,0,0,0,0,1,1,1,0,1,0,0,0,0,0,0,0,0,0,0,0
disaster_02059,10318,test,real disaster,0,0,1,0,0,0,0,0,0,0,0,0,0,0,0,0,1,0,1,1
disaster_02060,3021,train,not disaster,0,0,0,0,0,0,0,0,0,0,0,0,0,0,0,0,1,1,1,1
disaster_02062,6520,train,not disaster,0,0,0,0,1,0,0,0,1,0,0,0,0,0,0,0,1,1,0,0
disaster_02063,4858,train,not disaster,1,0,1,0,1,0,0,1,0,0,0,0,0,0,1,0,0,0,1,0
disaster_02064,2142,train,not disaster,0,0,0,0,0,0,0,0,0,0,0,0,0,0,0,0,1,1,1,1
disaster_02065,2597,train,real disaster,0,0,0,0,0,0,1,0,0,0,0,0,0,1,0,0,0,0,0,0
disaster_02067,4670,train,not disaster,0,0,0,0,0,0,0,0,0,0,0,0,0,0,0,0,1,0,0,1
disaster_02066,2153,train,real disaster,1,0,1,1,1,0,1,0,0,0,0,0,0,0,0,0,1,0,0,1
disaster_02068,6675,test,real disaster,1,1,1,1,1,0,1,0,0,0,0,0,0,0,0,0,0,0,0,0
disaster_02061,8786,train,real disaster,0,0,0,0,0,0,0,0,0,0,0,0,0,0,0,0,1,0,1,1
disaster_02069,4526,train,real disaster,1,1,0,0,1,0,1,0,0,0,0,0,1,0,0,0,0,0,0,0
disaster_02071,798,train,not disaster,0,0,0,0,0,0,1,0,0,0,0,0,0,0,0,0,0,1,0,1
disaster_02074,6374,test,real disaster,1,1,1,1,1,0,1,0,0,0,0,0,0,1,0,0,0,0,0,0
disaster_02072,7505,train,real disaster,1,1,0,1,1,0,1,0,0,0,0,1,0,0,0,0,0,0,0,0
disaster_02075,398,train,not disaster,0,0,0,0,0,0,0,0,0,0,0,0,0,0,0,0,1,0,1,1
disaster_02070,544,train,not disaster,0,0,0,0,0,0,0,0,0,0,0,0,0,0,0,0,0,1,0,1
disaster_02073,299,train,not disaster,0,0,0,0,0,0,0,0,0,0,0,0,0,0,0,0,1,1,1,1
disaster_02078,5690,train,real disaster,1,1,1,0,1,0,1,0,0,0,0,0,0,0,0,0,0,0,0,0
disaster_02076,7250,train,not disaster,0,0,0,0,0,0,0,0,0,0,0,0,0,0,0,0,1,0,0,1
disaster_02077,4247,train,not disaster,0,0,0,0,0,0,0,0,0,0,0,0,0,0,0,0,0,0,0,1
disaster_02079,5849,test,real disaster,1,1,1,0,1,0,1,0,0,0,0,1,0,0,0,0,0,0,0,0
disaster_02080,5189,train,real disaster,1,0,1,1,1,0,1,0,1,1,0,1,0,0,0,0,0,0,0,1
disaster_02081,4678,test,real disaster,0,0,0,0,0,0,0,0,0,0,0,0,0,0,0,0,1,0,0,1
disaster_02082,1718,train,real disaster,0,0,1,1,1,0,1,0,0,0,0,0,0,0,0,0,0,0,0,1
disaster_02084,9405,train,real disaster,0,0,0,0,0,0,0,0,0,0,0,0,0,0,0,0,0,0,0,0
disaster_02085,8190,train,real disaster,0,1,1,0,1,0,0,0,1,0,0,1,0,1,0,0,0,0,0,0
disaster_02083,1853,train,not disaster,1,1,0,0,0,0,0,1,0,1,0,0,0,0,0,0,0,0,1,0
disaster_02086,1527,train,not disaster,0,0,0,0,0,0,0,0,0,0,0,0,0,0,0,0,0,0,0,1
disaster_02087,8726,train,not disaster,0,0,0,0,0,0,0,0,0,0,0,0,0,0,0,0,1,0,0,1
disaster_02088,1987,train,not disaster,1,0,0,0,1,0,0,1,0,0,0,0,0,0,0,0,1,0,1,1
disaster_02089,4060,train,real disaster,0,0,0,0,0,0,0,0,1,0,0,0,0,0,0,0,1,0,1,1
disaster_02091,752,train,not disaster,0,0,0,0,1,0,0,0,0,0,0,0,0,0,0,0,0,1,0,1
disaster_02090,6399,train,not disaster,0,0,0,0,0,0,0,0,0,0,0,0,0,0,0,0,1,0,1,1
disaster_02092,1787,test,real disaster,1,0,0,0,0,0,0,0,0,0,0,0,0,0,0,0,1,0,1,1
disaster_02094,8019,test,real disaster,0,0,0,0,1,0,1,0,0,0,0,1,0,0,1,0,0,0,0,0
disaster_02093,9211,train,real disaster,1,1,1,1,1,0,0,0,1,0,0,0,0,0,0,0,0,0,0,0
disaster_02096,6530,train,not disaster,0,0,0,0,0,0,0,0,1,0,0,0,0,0,0,0,0,1,0,0
disaster_02095,4877,train,not disaster,0,0,0,0,0,0,0,0,0,0,0,0,0,0,0,0,1,0,1,1
disaster_02097,221,train,real disaster,1,1,0,0,0,0,0,0,1,0,0,0,0,0,0,0,0,0,1,0
disaster_02098,10252,train,not disaster,0,0,0,0,0,0,0,1,0,0,0,0,0,0,0,0,1,0,1,1
disaster_02100,5416,train,not disaster,0,0,0,0,1,1,0,0,0,0,0,0,1,1,0,0,0,0,0,1
disaster_02101,1520,train,not disaster,0,0,0,0,0,0,0,0,0,0,0,0,0,0,0,0,0,0,0,1
disaster_02102,2171,train,real disaster,1,1,0,1,1,1,1,0,0,0,0,0,0,0,0,0,0,0,0,0
disaster_02099,269,train,real disaster,1,1,0,0,1,0,0,0,1,0,0,0,0,0,0,0,0,0,0,0
disaster_02103,893,train,real disaster,1,0,1,0,1,0,0,0,0,0,0,0,0,0,0,0,1,1,1,1
disaster_02104,7623,test,not disaster,0,1,0,0,1,0,1,0,0,0,0,0,0,0,0,0,0,0,0,0
disaster_02106,5560,train,not disaster,0,0,0,0,0,0,0,0,0,0,0,0,0,0,0,0,0,0,0,1
disaster_02107,3302,train,not disaster,0,0,1,0,1,0,0,0,0,0,0,0,0,0,0,1,0,0,0,1
disaster_02105,7751,test,real disaster,1,1,1,0,1,0,0,0,1,0,0,0,0,1,0,0,0,0,1,0
disaster_02108,9551,train,not disaster,0,0,1,0,0,0,0,0,0,0,0,0,0,0,0,0,1,0,0,1
disaster_02109,755,train,not disaster,0,0,0,0,0,0,0,0,0,0,0,0,0,0,0,0,0,0,0,1
disaster_02111,2827,train,real disaster,1,1,1,0,0,1,1,0,0,0,0,0,0,0,0,1,0,0,0,0
disaster_02112,4212,train,real disaster,1,1,1,0,1,0,1,0,1,0,0,1,0,0,0,0,0,0,0,0
disaster_02110,8913,train,real disaster,1,0,0,0,0,0,0,1,0,0,0,0,0,0,0,0,0,0,0,0
disaster_02115,112,test,real disaster,1,1,0,0,1,1,0,0,0,0,0,0,0,0,0,0,0,0,0,0
disaster_02113,1909,train,not disaster,0,0,0,0,1,0,0,0,0,0,0,0,0,0,0,0,0,1,0,1
disaster_02114,2582,train,real disaster,1,0,0,0,0,0,0,0,0,0,0,0,0,0,0,0,1,0,1,0
disaster_02117,9672,train,not disaster,0,0,0,0,0,0,0,0,0,0,0,0,0,0,0,0,0,1,0,1
disaster_02116,1796,train,real disaster,1,1,1,0,1,0,0,0,0,1,0,0,0,0,0,0,0,0,1,0
disaster_02119,10411,train,not disaster,0,0,0,0,0,1,1,0,0,0,0,0,0,0,0,0,0,1,0,0
disaster_02121,4563,train,real disaster,0,1,0,0,1,0,1,0,0,0,0,0,0,0,0,0,0,0,0,0
disaster_02118,6416,train,real disaster,1,0,0,0,1,0,1,0,0,0,0,0,0,0,0,0,0,0,0,1
disaster_02120,8085,train,real disaster,1,1,0,0,1,0,0,0,0,0,0,0,0,1,0,0,0,0,0,0
disaster_02124,6876,train,real disaster,1,1,1,1,1,0,1,0,1,0,0,0,1,0,0,0,0,0,0,0
disaster_02123,10763,train,real disaster,1,1,0,0,0,1,0,0,1,0,0,0,0,0,0,0,0,0,0,0
disaster_02122,3680,train,not disaster,0,0,0,0,0,0,0,0,0,0,0,0,0,0,0,1,1,0,0,1
disaster_02125,3471,train,not disaster,0,0,0,0,1,0,0,0,0,0,0,0,0,0,0,0,0,0,0,1
disaster_02127,1585,train,real disaster,1,1,0,1,1,1,0,0,0,0,0,0,0,0,0,0,0,0,0,1
disaster_02130,4775,train,real disaster,1,0,0,1,1,0,1,0,0,0,0,0,0,0,1,0,0,0,0,0
disaster_02126,748,test,not disaster,0,0,0,0,0,0,0,0,0,0,0,0,0,0,0,0,1,1,0,1
disaster_02129,962,train,not disaster,0,0,0,0,1,0,0,0,0,0,0,0,0,0,0,0,1,1,0,1
disaster_02128,689,train,not disaster,1,0,0,0,0,1,0,0,0,0,0,0,0,0,0,0,1,1,0,1
disaster_02132,8038,test,real disaster,0,0,0,0,1,1,0,0,0,0,0,0,0,0,1,0,0,0,0,0
disaster_02131,2614,train,real disaster,1,1,0,1,1,0,1,0,0,0,0,0,0,0,0,0,0,0,0,0
disaster_02133,706,train,not disaster,1,0,0,0,0,0,0,0,0,0,0,0,0,0,0,0,0,0,0,1
disaster_02135,763,train,not disaster,0,0,0,0,0,0,0,0,0,0,0,0,0,0,0,0,1,0,0,1
disaster_02137,337,train,not disaster,0,0,0,0,0,1,0,0,0,0,0,0,0,0,0,0,1,1,0,1
disaster_02138,2953,train,not disaster,0,0,0,0,0,0,1,0,0,0,0,0,0,0,0,0,0,0,0,1
disaster_02134,8880,train,real disaster,0,0,0,0,0,0,0,0,0,0,0,0,0,0,0,0,0,0,1,1
disaster_02139,7453,train,not disaster,0,0,0,0,1,0,0,0,0,0,0,0,0,0,0,0,1,1,0,1
disaster_02136,611,train,not disaster,1,0,0,0,0,0,0,0,0,0,0,0,0,0,0,0,1,0,1,0
disaster_02141,8137,train,not disaster,0,0,0,0,0,0,0,0,0,0,0,0,0,0,0,0,0,0,0,0
disaster_02140,3681,train,not disaster,0,0,0,0,0,1,0,0,0,0,0,0,0,0,0,0,1,1,1,1
disaster_02142,10551,train,real disaster,1,1,0,1,0,0,1,0,0,0,0,0,0,0,0,0,0,0,0,0
disaster_02145,8576,test,not disaster,0,0,0,0,0,0,0,0,0,0,0,0,0,0,0,0,1,0,1,1
disaster_02143,9300,train,not disaster,0,0,0,0,0,0,0,0,0,0,0,0,0,0,0,0,1,0,0,1
disaster_02144,4597,train,real disaster,0,0,0,0,0,1,0,0,0,0,0,0,0,0,0,0,0,0,0,1
disaster_02146,10195,train,real disaster,1,1,0,0,1,0,1,0,0,0,1,0,0,0,0,0,0,0,0,0
disaster_02147,3493,train,not disaster,1,0,0,1,0,0,0,0,0,0,1,0,0,0,0,0,1,0,1,1
disaster_02148,8686,train,real disaster,1,1,1,0,1,0,1,0,0,0,0,0,0,0,0,0,0,0,0,0
disaster_02150,6034,train,real disaster,1,0,1,0,0,0,1,0,0,0,0,0,0,0,0,0,1,0,0,1
disaster_02149,9181,train,real disaster,1,0,1,1,1,0,0,0,0,0,0,0,0,0,0,0,0,0,0,0
disaster_02152,2332,train,real disaster,1,0,0,0,0,0,1,0,0,0,0,0,0,0,0,0,0,0,0,0
disaster_02153,3262,train,not disaster,0,0,0,0,1,0,0,0,0,0,0,0,0,0,0,0,0,0,0,1
disaster_02154,407,train,not disaster,0,0,0,0,0,1,0,0,0,0,0,0,0,0,0,1,1,1,1,1
disaster_02155,8934,train,real disaster,1,0,0,0,0,0,0,0,0,0,0,0,0,0,0,0,0,1,0,1
disaster_02151,3675,train,not disaster,0,0,0,0,0,0,0,0,0,0,0,0,0,0,0,0,1,1,0,1
disaster_02157,7513,test,real disaster,0,1,1,1,0,0,1,0,0,0,0,1,0,0,0,0,0,0,0,0
disaster_02156,5960,train,not disaster,0,0,0,0,0,0,1,0,0,0,0,0,0,0,0,0,0,1,1,0
disaster_02158,7164,train,not disaster,1,0,0,0,0,1,0,0,0,0,0,0,0,0,0,0,1,0,1,1
disaster_02159,10075,train,real disaster,1,1,1,0,1,0,0,0,0,0,0,0,0,0,0,0,0,0,0,0
disaster_02161,4567,train,not disaster,0,0,0,0,1,0,1,0,0,0,0,0,0,0,0,0,0,0,0,1
disaster_02164,8040,train,real disaster,1,1,1,1,1,0,1,0,0,0,0,0,0,0,1,0,0,0,0,0
disaster_02162,4365,train,real disaster,1,1,0,0,1,1,1,0,0,0,0,1,0,0,0,0,0,0,0,0
disaster_02163,1134,train,not disaster,0,0,0,0,0,0,0,0,0,0,0,0,0,0,0,0,1,0,0,0
disaster_02165,687,train,not disaster,0,0,1,1,0,0,0,0,0,0,0,0,0,0,0,0,0,0,0,1
disaster_02160,3994,train,real disaster,1,0,0,1,1,1,0,1,0,1,0,0,0,0,0,0,0,0,0,0
disaster_02168,4478,train,not disaster,0,0,0,0,0,1,0,1,0,0,0,0,0,0,0,0,1,0,1,1
disaster_02167,2553,train,not disaster,1,0,1,0,0,0,1,0,0,0,0,0,0,0,0,0,1,0,0,1
disaster_02166,4378,train,real disaster,1,0,0,0,1,0,0,0,0,0,0,0,0,0,0,0,0,0,0,1
disaster_02171,4216,test,not disaster,0,0,0,0,1,0,0,0,0,0,0,0,0,0,0,0,0,0,0,1
disaster_02172,7332,train,not disaster,1,0,0,0,1,0,0,1,0,0,0,0,0,0,0,0,0,0,0,0
disaster_02170,9177,train,real disaster,1,1,0,1,1,0,1,0,1,0,0,0,0,0,0,0,0,0,0,0
disaster_02173,240,train,real disaster,1,1,0,0,0,0,0,1,0,0,0,0,0,0,0,0,0,0,0,0
disaster_02174,7019,train,not disaster,0,0,0,0,0,1,0,1,0,0,0,0,0,0,0,0,1,1,1,1
disaster_02169,5695,train,real disaster,1,1,1,0,1,0,0,0,0,0,0,0,0,0,0,0,0,0,0,0
disaster_02175,10759,train,real disaster,1,1,0,0,1,0,1,0,0,0,0,0,0,0,0,0,0,0,0,0
disaster_02178,804,test,not disaster,0,0,0,0,1,0,0,0,0,0,0,0,0,0,0,0,1,1,0,1
disaster_02176,2803,train,not disaster,1,0,0,0,0,0,0,0,0,0,0,0,0,0,0,0,1,1,0,1
disaster_02179,3014,train,not disaster,0,0,0,0,0,0,1,0,0,0,0,0,0,0,0,0,1,0,0,1
disaster_02177,1009,train,not disaster,0,0,0,0,0,0,0,0,0,0,0,0,0,0,0,0,1,0,0,0
disaster_02180,8636,train,real disaster,1,1,0,1,0,0,1,0,0,0,0,0,0,0,0,0,0,0,0,0
disaster_02181,9452,train,real disaster,1,0,0,1,1,0,1,0,0,1,0,0,0,0,0,0,0,0,0,1
disaster_02183,10741,train,real disaster,1,1,0,0,1,0,1,0,0,1,0,0,0,0,0,0,0,0,0,0
disaster_02184,4154,train,not disaster,0,0,0,0,0,0,0,0,0,0,0,0,0,0,0,0,1,0,0,1
disaster_02185,4490,train,real disaster,1,1,1,0,1,0,0,1,0,0,0,0,0,0,0,1,0,0,0,0
disaster_02182,8562,train,not disaster,0,0,0,0,0,0,0,1,0,0,0,0,0,0,0,0,0,0,1,0
disaster_02186,5621,train,not disaster,1,0,0,0,0,0,0,0,0,0,0,0,0,0,0,0,0,0,0,0
disaster_02189,535,train,not disaster,0,0,0,0,0,0,0,0,0,0,0,0,0,0,0,0,0,1,0,1
disaster_02187,10336,train,not disaster,0,0,0,0,0,0,0,0,0,0,0,0,0,0,0,0,1,1,1,1
disaster_02190,3280,train,real disaster,1,1,1,1,1,0,0,0,0,1,0,0,0,0,0,0,0,0,0,0
disaster_02188,8871,train,not disaster,0,0,0,0,0,0,0,0,0,0,0,0,0,0,0,0,1,0,1,1
disaster_02191,4055,train,not disaster,0,0,0,0,0,0,0,0,0,0,0,0,0,0,0,0,1,0,0,1
disaster_02193,2796,train,not disaster,0,0,0,0,0,1,0,1,0,0,0,0,0,0,0,0,1,0,1,1
disaster_02196,8250,train,real disaster,1,1,1,0,1,0,0,0,0,0,0,0,0,0,0,0,1,1,1,1
disaster_02194,3643,train,not disaster,0,0,0,0,0,0,0,0,0,0,0,0,0,0,0,0,1,1,0,1
disaster_02197,2285,train,not disaster,0,0,0,0,0,0,0,0,0,0,0,0,0,0,0,0,0,0,0,1
disaster_02198,7378,train,not disaster,0,0,0,0,0,1,0,0,0,0,0,0,0,0,0,0,1,0,0,1
disaster_02200,7210,train,real disaster,1,0,1,1,0,0,0,0,0,0,1,0,0,0,0,0,0,0,0,1
disaster_02199,9080,test,not disaster,1,1,0,1,0,0,1,0,0,0,0,0,0,0,0,0,0,0,0,0
disaster_02195,1320,train,not disaster,0,0,0,0,0,0,0,0,0,0,0,0,0,0,0,0,0,0,1,1
disaster_02192,2133,train,not disaster,0,0,0,0,1,0,0,0,0,0,0,0,0,0,0,0,0,0,0,1
disaster_02201,9948,train,not disaster,0,0,0,0,0,0,1,0,0,0,0,0,0,0,0,0,1,0,0,1
disaster_02202,3679,train,real disaster,0,0,1,0,1,0,0,0,0,0,0,0,0,0,0,0,1,0,0,1
disaster_02203,8473,test,not disaster,0,0,0,0,0,0,0,0,0,0,0,0,0,0,0,0,1,0,1,1
disaster_02205,6974,train,not disaster,0,0,1,0,0,0,0,0,0,0,0,0,0,0,0,1,1,0,1,1
disaster_02204,8010,train,real disaster,1,0,1,0,1,0,1,0,0,0,0,0,0,1,0,0,0,0,0,0
disaster_02207,4821,train,real disaster,0,1,0,0,1,0,0,0,0,0,0,0,0,1,1,0,0,0,0,0
disaster_02208,6482,train,not disaster,0,0,0,0,0,0,0,0,1,0,0,0,0,0,0,0,0,1,0,0
disaster_02206,137,test,real disaster,1,1,1,1,1,0,0,0,0,0,1,0,0,0,0,1,0,0,0,0
disaster_02209,10073,train,real disaster,1,1,0,1,1,0,1,0,0,0,0,0,0,0,0,0,0,0,0,0
disaster_02211,5138,train,real disaster,1,1,1,0,1,0,1,0,1,0,0,0,0,1,0,0,0,0,0,0
disaster_02210,7430,train,not disaster,1,0,1,0,1,0,0,0,0,1,0,0,0,0,0,0,1,0,1,0
disaster_02212,7221,train,not disaster,1,0,0,0,0,0,0,0,0,0,0,0,0,0,0,0,0,1,0,1
disaster_02213,9084,train,not disaster,0,0,0,0,0,0,0,0,0,0,0,0,0,0,0,0,1,0,0,1
disaster_02214,1318,train,not disaster,0,0,0,0,0,0,0,0,0,0,0,0,0,0,0,0,1,1,0,1
disaster_02215,1789,train,real disaster,0,0,0,0,1,0,0,0,0,0,0,0,0,0,0,0,0,0,0,1
disaster_02216,2628,test,real disaster,1,0,0,0,1,0,1,0,0,0,0,0,0,0,0,0,1,0,0,1
disaster_02218,6373,train,real disaster,0,0,0,0,1,0,0,0,0,0,0,0,0,0,0,0,0,0,0,1
disaster_02217,5350,train,not disaster,1,0,0,0,0,0,0,0,0,0,0,0,0,0,0,0,1,1,0,1
disaster_02221,4595,train,real disaster,1,1,0,0,1,0,1,0,0,0,0,0,0,0,0,0,0,0,0,0
disaster_02220,4504,train,not disaster,0,0,0,0,1,0,0,0,0,0,0,0,0,0,0,0,0,0,0,1
disaster_02219,4698,train,not disaster,0,0,0,0,0,0,0,0,0,0,0,0,0,0,0,0,1,0,1,1
disaster_02222,1553,train,not disaster,0,0,0,0,0,0,0,0,0,0,0,0,0,0,0,0,1,1,1,1
disaster_02223,4519,train,not disaster,0,0,0,0,1,0,0,0,0,0,0,0,0,0,0,0,0,0,0,1
disaster_02225,10696,train,not disaster,0,0,0,0,0,0,0,0,0,0,0,0,0,0,0,0,1,0,1,1
disaster_02226,5715,train,real disaster,1,0,0,0,0,0,0,0,0,0,0,0,0,0,0,0,1,0,1,1
disaster_02228,7970,train,real disaster,1,1,0,0,1,0,1,0,0,1,0,0,0,0,0,0,0,0,0,0
disaster_02229,4720,train,real disaster,1,1,1,0,1,0,1,0,0,0,0,0,0,1,1,0,0,0,0,0
disaster_02227,10656,train,not disaster,0,1,0,1,1,1,0,1,1,0,0,0,0,0,0,0,0,0,0,0
disaster_02224,5040,train,real disaster,1,0,0,0,1,1,1,0,0,0,0,0,0,0,0,0,0,0,0,0
disaster_02232,423,train,not disaster,0,0,0,0,0,0,0,0,0,0,0,0,0,0,0,0,1,0,1,1
disaster_02233,1420,train,not disaster,0,0,0,0,0,0,0,0,0,0,0,0,0,0,0,0,0,0,0,1
disaster_02235,4828,train,real disaster,1,1,1,1,1,0,1,0,0,0,1,0,0,1,1,0,0,0,0,0
disaster_02234,8280,train,not disaster,0,0,0,0,0,0,0,0,0,0,0,0,0,0,0,0,1,0,0,1
disaster_02230,7566,test,real disaster,1,1,0,0,1,0,1,0,1,0,0,1,0,0,0,0,0,0,0,0
disaster_02231,7372,train,not disaster,0,0,1,0,0,0,0,0,0,0,0,0,0,0,0,0,1,0,1,1
disaster_02236,10431,train,not disaster,0,0,0,0,0,0,0,0,0,0,0,0,0,0,0,0,1,0,0,1
disaster_02238,8580,test,not disaster,0,0,0,0,0,0,0,0,0,0,1,0,0,0,0,0,1,0,1,1
disaster_02237,1293,train,not disaster,0,0,0,0,0,0,0,0,0,0,0,0,0,0,0,0,1,0,0,1
disaster_02242,735,train,not disaster,1,0,0,0,0,0,0,0,0,0,0,0,0,0,0,0,1,0,0,0
disaster_02239,5631,train,real disaster,0,0,0,0,0,0,0,0,0,0,0,0,0,0,0,0,1,0,0,1
disaster_02240,309,train,not disaster,0,0,0,0,0,0,0,0,0,0,0,0,0,0,0,0,1,0,1,1
disaster_02241,1082,train,not disaster,0,0,0,0,0,0,0,0,0,0,0,0,0,0,0,0,1,0,0,1
disaster_02243,1497,test,not disaster,0,0,0,0,1,1,0,0,0,0,0,0,0,0,0,0,1,1,1,1
disaster_02244,7991,train,real disaster,1,1,1,0,0,0,0,0,0,0,0,0,0,0,0,0,0,0,0,0
disaster_02247,7657,test,not disaster,0,0,0,0,0,0,0,0,0,0,0,0,0,0,0,0,1,0,1,1
disaster_02245,1920,test,not disaster,1,1,1,1,0,1,0,1,0,0,0,0,0,0,0,0,0,0,1,0
disaster_02246,86,train,not disaster,0,0,0,0,0,1,0,0,0,0,0,0,0,0,0,0,1,0,0,1
disaster_02250,2719,train,not disaster,0,0,0,0,0,0,0,0,0,0,0,0,0,0,0,0,0,0,1,1
disaster_02249,4517,train,real disaster,0,1,1,0,1,0,1,0,0,0,1,0,0,0,0,0,0,0,0,0
disaster_02248,8169,train,real disaster,0,1,0,0,0,0,1,0,1,0,0,1,0,1,0,0,0,0,0,0
disaster_02252,728,train,not disaster,1,0,0,0,0,0,0,0,0,0,0,0,0,0,0,0,1,0,1,1
disaster_02254,3445,train,not disaster,1,0,1,0,0,0,0,0,0,0,0,0,0,0,0,0,1,0,0,1
disaster_02256,6406,train,real disaster,1,0,1,0,0,0,0,0,0,0,0,0,0,0,0,1,0,0,0,0
disaster_02253,9943,train,not disaster,0,0,0,0,0,0,0,1,0,0,0,0,0,0,0,0,1,0,1,1
disaster_02255,2920,test,not disaster,0,0,0,0,0,0,0,0,0,0,0,0,0,0,0,0,1,0,0,1
disaster_02257,3255,train,not disaster,0,1,1,0,1,0,1,0,0,0,0,0,0,0,0,0,0,0,0,0
disaster_02258,2644,test,not disaster,1,1,1,0,0,0,0,1,0,0,0,0,0,0,0,0,0,0,0,0
disaster_02259,9346,train,not disaster,0,0,0,0,0,0,0,0,0,0,0,0,0,0,0,0,1,0,1,1
disaster_02251,5981,train,not disaster,1,0,1,0,0,0,0,0,0,0,0,0,0,0,0,0,1,1,1,1
disaster_02261,5736,train,real disaster,1,0,0,0,0,0,0,0,0,0,0,0,0,0,0,1,0,0,0,1
disaster_02262,4396,train,real disaster,1,1,0,0,1,1,1,0,0,0,0,1,0,0,0,0,0,0,0,0
disaster_02264,302,train,real disaster,0,0,0,0,0,0,0,0,0,0,0,0,0,0,0,0,1,0,1,1
disaster_02265,6060,train,real disaster,1,1,0,0,0,1,0,1,0,0,0,0,0,0,0,0,1,0,1,1
disaster_02263,8066,train,not disaster,0,0,0,0,0,0,0,0,0,0,0,0,0,0,0,0,1,0,0,1
disaster_02260,9782,train,not disaster,0,0,0,0,0,0,0,0,0,0,0,0,0,0,0,0,1,1,1,1
disaster_02266,516,train,real disaster,0,0,0,0,0,0,0,0,0,0,0,0,0,0,0,0,0,1,0,1
disaster_02268,6621,train,real disaster,1,1,1,1,1,1,0,0,0,0,0,0,0,0,1,1,0,0,0,0
disaster_02267,6071,test,not disaster,0,0,0,0,0,0,0,0,0,0,0,0,0,0,0,0,0,0,0,1
disaster_02271,9090,train,real disaster,1,1,1,1,0,1,1,0,1,0,0,0,0,0,0,0,0,0,0,0
disaster_02269,5124,train,not disaster,1,1,0,0,0,0,1,0,1,0,0,0,0,0,0,0,0,0,0,0
disaster_02270,9562,train,not disaster,0,0,0,0,0,0,0,1,0,0,0,0,0,0,0,0,0,0,0,0
disaster_02272,8838,test,not disaster,0,0,0,0,0,0,0,0,0,0,0,0,0,0,0,0,0,1,0,0
disaster_02274,7186,train,not disaster,1,0,0,0,0,0,0,0,0,0,0,0,0,0,0,0,1,0,1,0
disaster_02273,4773,train,real disaster,1,1,0,1,1,0,1,0,0,0,0,0,0,0,1,0,0,0,0,0
disaster_02275,2430,test,not disaster,0,0,0,0,1,0,0,0,0,0,0,0,0,0,0,0,0,1,0,1
disaster_02279,3186,train,not disaster,1,0,0,0,0,0,0,0,0,0,0,0,0,0,0,0,1,0,0,1
disaster_02276,5283,test,real disaster,0,0,0,0,0,0,1,0,0,0,0,0,0,0,0,0,0,1,0,1
disaster_02280,1808,train,real disaster,1,1,1,0,1,1,1,0,0,1,0,1,0,0,0,0,0,0,0,0
disaster_02281,226,train,real disaster,1,1,0,0,1,0,1,0,0,0,0,0,0,0,0,0,0,0,0,0
disaster_02278,7736,train,not disaster,0,0,0,0,0,0,0,0,0,0,0,0,0,0,0,0,1,0,1,0
disaster_02277,2672,train,not disaster,0,0,0,0,0,0,0,0,0,0,0,0,0,0,0,0,0,0,1,1
disaster_02282,1654,test,real disaster,1,0,0,0,1,1,1,0,0,0,0,0,0,0,0,0,0,0,0,1
disaster_02283,4604,train,real disaster,0,0,0,0,1,0,0,0,0,0,0,0,0,0,0,0,0,0,0,1
disaster_02284,9466,train,real disaster,1,0,0,0,1,0,1,0,0,0,0,0,0,0,0,0,0,0,0,1
disaster_02286,3821,train,not disaster,0,0,0,0,0,0,0,0,0,0,0,0,0,0,0,0,1,1,0,1
disaster_02288,1001,train,not disaster,0,0,0,0,1,0,0,0,0,0,0,0,0,0,0,0,0,0,1,1
disaster_02290,5632,train,real disaster,1,0,1,0,0,0,1,0,0,0,0,0,0,0,0,1,0,0,0,1
disaster_02287,2211,train,real disaster,1,0,0,0,1,0,1,0,0,0,0,0,0,1,0,0,0,0,0,0
disaster_02285,5673,train,not disaster,0,0,0,1,0,0,0,0,0,0,0,0,0,0,0,0,0,0,0,1
disaster_02291,157,train,not disaster,0,0,0,0,0,0,0,0,0,0,0,0,0,0,0,0,1,0,0,1
disaster_02292,5706,train,real disaster,1,1,0,0,1,1,1,0,1,1,0,0,0,0,0,0,0,0,0,0
disaster_02289,6939,train,real disaster,0,0,0,0,0,0,1,0,0,0,0,0,0,0,0,0,0,0,0,1
disaster_02294,6493,train,not disaster,0,0,0,0,0,0,0,0,1,0,0,0,0,0,0,0,1,1,1,1
disaster_02297,2852,test,not disaster,1,0,0,0,0,0,0,0,0,0,0,0,0,0,0,0,1,1,0,1
disaster_02296,10570,train,not disaster,1,1,1,0,0,1,0,1,0,1,0,0,0,0,0,0,0,0,0,0
disaster_02295,6579,train,not disaster,0,0,0,0,1,0,0,0,0,0,0,0,0,0,0,0,0,1,0,1
disaster_02293,603,train,not disaster,0,0,0,0,0,0,0,0,0,0,0,0,0,0,0,0,0,0,0,1
disaster_02298,5262,train,not disaster,0,0,0,0,0,1,0,0,0,0,0,0,0,0,0,0,0,1,0,0
disaster_02301,2129,test,not disaster,0,0,0,0,0,0,1,0,0,0,0,0,0,0,0,0,1,1,0,1
disaster_02299,1555,train,real disaster,1,0,0,0,1,1,0,0,0,0,0,0,0,0,0,0,0,0,0,0
disaster_02303,5816,train,not disaster,0,0,0,0,0,0,0,0,0,0,0,0,0,0,0,0,0,0,0,1
disaster_02302,8270,train,real disaster,1,1,0,0,0,0,0,0,0,0,0,0,0,0,0,0,0,0,0,0
disaster_02306,6395,train,not disaster,0,0,0,0,0,0,0,0,0,0,0,0,0,0,0,0,0,0,0,1
disaster_02304,5344,train,not disaster,1,0,0,0,0,0,0,0,0,0,0,0,0,0,0,0,1,1,0,0
disaster_02300,2591,train,not disaster,1,0,0,0,0,0,0,0,0,0,0,0,0,0,0,0,1,0,0,1
disaster_02305,3646,test,not disaster,0,0,0,0,0,0,0,0,0,0,0,0,0,0,0,0,1,0,0,1
disaster_02308,9095,train,real disaster,1,1,1,1,0,0,1,0,0,0,0,0,0,0,0,0,0,0,0,0
disaster_02309,7474,train,not disaster,0,0,0,0,0,0,0,0,0,0,0,0,0,0,0,0,1,0,0,1
disaster_02311,7025,test,not disaster,0,0,0,0,0,0,0,0,1,0,0,0,0,0,0,0,0,0,0,0
disaster_02313,1774,train,real disaster,1,1,1,0,1,0,1,0,0,1,0,0,0,0,0,0,0,0,0,0
disaster_02310,1568,train,not disaster,0,0,0,0,0,0,0,0,0,0,0,0,0,0,0,0,1,1,1,1
disaster_02307,9288,train,not disaster,0,0,0,0,1,1,0,0,0,0,0,0,0,0,0,0,1,0,0,1
disaster_02316,9406,train,real disaster,1,0,0,1,1,0,1,0,0,0,0,0,0,0,0,0,0,0,0,1
disaster_02317,7218,train,not disaster,1,0,0,0,0,0,0,0,0,0,0,0,0,0,0,0,1,0,0,1
disaster_02315,3873,train,not disaster,0,0,0,0,0,0,0,0,0,0,0,0,0,0,0,0,0,0,0,1
disaster_02318,10102,train,real disaster,1,0,0,0,0,0,0,0,0,0,0,0,0,0,0,0,0,0,0,0
disaster_02319,2658,train,not disaster,0,0,0,0,0,0,0,0,0,0,0,0,0,0,0,0,0,0,1,1
disaster_02321,3395,train,not disaster,0,1,1,1,1,0,0,0,0,1,0,0,0,0,0,0,0,0,0,0
disaster_02320,8146,test,real disaster,1,1,1,0,1,0,1,0,1,0,0,1,0,1,0,0,0,0,0,0
disaster_02322,4616,train,not disaster,0,0,0,0,1,1,0,0,0,0,0,0,0,1,0,0,0,0,0,1
disaster_02312,1515,train,not disaster,0,0,0,0,0,0,0,0,0,0,0,0,0,0,0,0,1,0,1,1
disaster_02323,2059,train,real disaster,1,1,0,0,1,0,1,0,1,0,0,0,0,0,0,0,0,0,0,0
disaster_02314,9005,train,not disaster,0,0,0,0,0,0,0,0,0,0,0,0,0,0,0,0,0,0,0,1
disaster_02324,3530,train,real disaster,1,1,0,1,1,0,1,0,0,0,0,0,0,0,0,0,0,0,0,0
disaster_02326,9164,train,real disaster,1,1,1,1,1,0,1,0,1,0,0,0,0,0,0,0,0,0,0,0
disaster_02325,1769,test,real disaster,1,1,1,0,1,1,0,1,0,1,0,0,0,1,0,0,0,0,0,0
disaster_02328,542,train,not disaster,0,0,0,0,1,0,1,0,0,0,0,0,0,0,0,0,0,0,0,1
disaster_02330,3062,train,real disaster,1,1,1,0,0,1,0,0,1,0,0,0,0,0,0,0,1,0,1,1
disaster_02327,6762,train,real disaster,1,1,1,0,1,1,0,0,0,0,0,0,0,0,0,0,0,0,0,0
disaster_02329,7869,test,real disaster,1,1,1,0,1,0,1,0,0,0,0,0,0,0,1,0,0,0,0,0
disaster_02331,5352,train,real disaster,1,0,0,0,0,0,0,0,0,0,0,0,0,0,0,0,1,1,0,1
disaster_02332,4878,train,not disaster,1,0,1,1,0,0,0,1,0,0,0,0,0,0,0,0,1,1,1,0
disaster_02336,4323,train,not disaster,1,0,0,0,0,0,0,0,0,0,0,0,0,0,0,0,1,1,0,1
disaster_02335,10335,train,not disaster,0,0,1,0,0,0,0,0,0,0,0,0,0,0,0,0,1,0,0,1
disaster_02333,5586,train,real disaster,1,1,0,0,1,1,1,0,0,0,0,0,0,0,0,0,0,0,0,0
disaster_02338,1675,test,real disaster,1,1,0,1,1,0,1,0,0,1,0,0,0,1,0,0,0,0,0,0
disaster_02337,10822,train,not disaster,0,0,0,0,1,1,0,0,0,0,0,0,0,0,0,0,1,0,1,1
disaster_02340,4375,train,real disaster,1,1,0,0,1,0,0,0,0,0,0,0,0,0,0,0,0,1,1,1
disaster_02334,2119,train,not disaster,0,0,0,0,0,0,0,0,0,0,0,0,0,0,0,0,1,1,0,1
disaster_02341,10360,test,not disaster,0,0,0,1,0,0,1,0,0,0,0,0,0,1,0,0,0,0,0,1
disaster_02339,10139,train,not disaster,0,0,0,0,1,0,1,0,0,0,0,0,0,0,0,0,0,0,0,1
disaster_02342,4312,train,not disaster,1,0,0,1,0,0,0,1,0,0,0,0,0,0,0,0,1,0,1,0
disaster_02344,2233,train,real disaster,1,0,0,0,1,0,0,0,0,0,0,0,0,1,0,0,0,0,0,0
disaster_02346,4890,train,not disaster,1,0,0,0,0,0,0,0,0,0,0,0,0,0,0,0,1,0,1,0
disaster_02347,8012,test,not disaster,0,0,0,0,1,0,0,0,0,0,0,0,0,0,0,0,0,0,0,1
disaster_02350,5227,train,not disaster,0,0,0,0,0,0,0,0,0,0,0,0,0,0,0,0,1,1,1,1
disaster_02348,5049,train,not disaster,0,0,0,0,0,0,1,0,0,0,0,0,0,0,0,0,0,0,0,0
disaster_02345,8468,test,not disaster,0,0,0,0,1,1,0,1,0,0,0,1,0,0,0,0,1,0,1,1
disaster_02349,3526,train,real disaster,1,1,0,0,1,0,1,0,0,0,0,0,0,0,0,0,0,0,0,0
disaster_02343,8372,train,not disaster,0,0,0,0,0,0,0,0,0,0,0,0,0,0,0,0,1,0,0,1
disaster_02351,5885,train,not disaster,0,0,1,0,0,0,1,0,0,0,0,0,0,0,0,0,0,0,0,1
disaster_02354,9137,train,real disaster,1,1,0,1,1,1,1,0,1,0,0,0,0,0,0,0,0,0,0,0
disaster_02352,7788,train,not disaster,0,0,0,0,0,0,0,0,0,0,0,0,0,1,0,1,1,0,0,1
disaster_02353,328,test,real disaster,0,0,0,0,0,0,0,0,0,0,0,0,0,0,0,0,1,1,0,0
disaster_02357,10727,train,not disaster,0,0,0,0,0,1,0,0,0,0,0,0,0,0,0,0,1,1,0,1
disaster_02356,6001,train,not disaster,0,0,0,0,0,0,0,0,0,0,0,0,0,0,0,0,1,0,0,1
disaster_02355,7024,train,not disaster,0,0,0,0,0,0,0,0,0,0,0,0,0,0,0,0,0,1,0,1
disaster_02358,10583,train,real disaster,1,0,0,0,1,0,1,0,0,0,0,0,0,0,0,0,0,0,0,1
disaster_02360,9746,test,real disaster,1,1,1,0,1,0,0,1,0,1,0,0,0,0,0,0,0,0,0,0
disaster_02359,6450,train,not disaster,1,0,1,1,1,0,0,0,1,0,0,0,0,0,0,0,1,0,1,1
disaster_02364,6050,test,real disaster,1,0,0,0,0,0,0,0,0,0,0,0,0,0,0,0,1,0,0,1
disaster_02362,8793,train,real disaster,0,0,0,0,0,1,0,0,0,0,0,0,0,0,0,0,1,1,0,1
disaster_02361,1240,test,not disaster,0,0,0,0,0,0,0,1,0,0,0,0,0,0,0,0,0,0,0,0
disaster_02363,3120,train,real disaster,1,1,0,0,1,0,1,0,0,0,0,0,0,0,0,0,0,0,0,0
disaster_02365,1287,train,not disaster,0,0,0,0,0,0,0,0,0,0,0,0,0,0,0,0,0,1,0,0
disaster_02366,9103,train,real disaster,1,0,1,1,0,0,1,0,1,0,0,0,0,0,0,0,0,0,0,1
disaster_02368,6795,test,real disaster,0,0,0,0,0,0,0,0,0,0,0,0,0,0,0,0,0,0,0,1
disaster_02370,10032,train,not disaster,1,0,0,0,0,0,0,0,0,0,0,0,0,0,0,0,1,1,1,1
disaster_02369,10746,train,real disaster,1,1,0,0,1,1,1,0,0,0,0,0,0,0,0,0,0,0,0,0
disaster_02367,6712,train,not disaster,0,0,0,0,0,0,0,0,0,0,0,0,0,0,0,0,1,0,1,1
disaster_02371,5918,train,not disaster,0,0,0,0,0,1,0,0,0,0,0,0,0,0,0,0,1,0,1,1
disaster_02372,5515,train,not disaster,0,0,0,0,0,0,0,0,0,0,0,0,0,0,0,0,1,0,1,1
disaster_02373,9159,train,real disaster,1,1,1,1,1,0,1,0,1,0,0,0,0,0,0,0,0,0,0,0
disaster_02375,1460,train,not disaster,0,0,0,0,0,0,0,0,0,0,0,0,0,0,0,0,1,1,0,1
disaster_02374,7591,train,real disaster,1,1,1,0,0,0,1,0,1,0,0,1,0,0,0,0,0,0,0,0
disaster_02377,6195,train,real disaster,1,0,0,0,0,0,1,0,0,0,0,0,0,0,0,0,0,0,0,1
disaster_02378,4587,test,real disaster,1,1,1,0,1,1,1,0,0,0,0,1,0,1,0,1,0,0,0,0
disaster_02376,1532,train,real disaster,0,0,0,0,1,0,1,0,0,0,0,0,0,0,0,0,0,0,0,1
disaster_02379,191,train,not disaster,0,0,0,0,0,1,0,1,0,0,0,0,0,0,0,0,1,1,0,1
disaster_02380,10628,train,real disaster,1,1,1,0,0,0,1,0,1,0,0,0,0,1,0,0,0,0,0,0
disaster_02381,6806,train,real disaster,0,0,0,0,0,0,0,0,0,0,0,0,0,0,0,0,0,0,0,1
disaster_02384,2214,train,not disaster,0,0,1,1,0,0,0,0,0,0,0,0,1,0,0,0,0,0,0,1
disaster_02382,8801,train,not disaster,0,0,0,0,0,0,0,0,0,0,0,0,0,0,0,0,1,1,1,1
disaster_02383,6662,train,not disaster,1,0,0,0,0,0,0,0,0,0,0,0,0,0,0,0,1,0,1,0
disaster_02385,6588,train,not disaster,0,0,0,0,0,0,0,0,0,0,0,0,0,0,0,0,1,0,0,1
disaster_02386,2467,train,real disaster,1,1,1,1,1,0,1,0,0,0,0,0,0,1,0,0,0,0,0,0
disaster_02387,6833,test,not disaster,0,0,0,1,0,1,0,1,1,0,0,0,0,0,0,0,0,0,0,0
disaster_02389,7297,train,not disaster,0,0,0,0,1,0,1,0,0,0,0,0,0,0,0,0,0,0,0,1
disaster_02388,1755,train,real disaster,1,0,0,0,1,0,0,0,0,1,0,0,0,0,0,0,1,0,1,1
disaster_02391,7187,train,not disaster,1,0,0,0,0,0,0,0,0,0,0,0,0,0,0,0,1,0,1,0
disaster_02392,6497,train,not disaster,0,0,0,0,0,0,0,0,1,0,0,0,0,0,0,0,0,0,0,0
disaster_02393,2519,train,real disaster,1,1,0,0,1,0,0,0,0,0,0,0,0,0,0,0,0,0,0,0
disaster_02395,2189,train,real disaster,1,0,0,0,0,0,1,0,0,0,0,0,0,0,0,0,0,0,0,1
disaster_02394,10272,test,not disaster,0,0,0,0,1,0,0,1,0,0,0,0,0,0,0,0,1,0,1,1
disaster_02396,1290,test,not disaster,0,0,0,0,0,1,1,0,0,0,0,0,0,0,0,0,0,1,0,1
disaster_02398,3084,train,real disaster,0,0,1,0,0,0,0,0,1,0,0,0,0,0,0,0,0,0,0,1
disaster_02399,899,train,real disaster,1,0,0,0,0,0,1,0,0,0,0,0,0,0,0,0,0,0,0,1
disaster_02397,1031,train,not disaster,0,1,0,1,0,0,0,1,1,0,0,0,0,0,0,0,0,0,1,0
disaster_02390,10682,train,real disaster,0,0,0,0,0,0,0,0,0,0,0,0,0,0,0,0,1,1,0,1
disaster_02401,2740,train,real disaster,0,0,0,0,0,0,0,0,0,0,0,0,0,0,0,0,1,0,0,0
disaster_02400,5371,test,real disaster,1,1,1,1,0,0,0,0,0,1,0,0,0,1,0,0,0,0,0,0
disaster_02403,7802,train,not disaster,0,0,0,0,0,0,1,0,0,0,0,0,0,0,0,0,0,0,0,1
disaster_02402,1522,train,not disaster,0,0,0,0,0,0,0,0,0,0,0,0,0,0,0,0,0,0,0,1
disaster_02407,38,train,not disaster,0,0,0,0,1,1,0,1,0,0,0,0,0,0,0,0,0,0,0,0
disaster_02406,65,train,not disaster,0,0,0,0,0,1,0,0,0,0,0,0,0,0,0,0,0,0,0,1
disaster_02405,5032,test,real disaster,0,0,0,0,0,0,1,0,0,0,0,0,0,0,0,0,0,1,0,1
disaster_02404,8219,train,not disaster,0,0,0,0,0,0,0,0,0,0,0,0,0,0,0,0,1,1,1,1
disaster_02410,5499,train,not disaster,1,0,0,0,0,0,0,0,0,0,0,0,0,0,0,0,1,0,1,1
disaster_02409,6446,train,real disaster,1,1,1,1,0,0,1,0,1,0,0,0,0,1,0,0,0,0,0,0
disaster_02408,4097,train,not disaster,0,0,0,0,0,0,0,0,0,0,0,0,0,0,0,0,0,0,0,1
disaster_02411,2254,train,not disaster,0,0,0,0,1,0,0,0,0,0,0,0,0,0,0,0,1,0,1,1
disaster_02412,8056,train,real disaster,0,1,0,0,1,0,1,0,0,0,0,1,0,0,1,0,0,0,0,0
disaster_02413,4411,train,not disaster,0,0,0,0,0,0,0,0,0,0,0,0,0,0,0,0,0,0,0,0
disaster_02415,9000,train,not disaster,0,0,0,0,0,1,0,0,0,0,0,0,0,0,0,0,1,1,0,0
disaster_02414,2076,train,real disaster,0,0,0,0,0,0,0,0,0,0,0,0,0,0,0,0,1,0,1,1
disaster_02416,9801,train,not disaster,1,0,0,0,1,0,0,0,0,0,0,0,0,0,0,0,0,1,0,1
disaster_02418,7451,train,not disaster,0,0,0,0,0,0,0,0,0,0,0,0,0,0,0,0,1,0,1,1
disaster_02417,9580,train,real disaster,1,1,1,0,1,0,1,0,0,0,0,0,0,0,0,0,0,0,0,0
disaster_02419,2671,train,not disaster,0,0,0,0,0,0,0,0,0,0,0,0,0,0,0,0,0,1,0,1
disaster_02421,6398,train,not disaster,1,0,0,0,0,0,0,0,0,0,0,0,0,0,0,0,1,0,1,1
disaster_02420,7512,test,real disaster,1,1,1,0,1,0,0,0,0,0,1,0,0,0,0,0,0,0,0,0
disaster_02423,4471,train,not disaster,0,0,1,1,0,0,0,0,0,0,0,0,0,0,0,1,0,0,0,0
disaster_02422,9470,train,not disaster,0,0,0,0,0,0,0,0,0,0,0,0,0,0,0,0,1,0,0,1
disaster_02426,9321,train,not disaster,0,0,0,0,0,1,0,0,0,0,0,0,0,0,0,0,1,0,0,1
disaster_02427,10136,train,not disaster,0,0,0,0,0,1,0,0,0,0,0,0,0,0,0,0,1,1,0,1
disaster_02425,330,train,not disaster,0,0,0,0,0,1,0,0,0,0,0,0,0,0,0,0,1,0,0,1
disaster_02424,7256,train,real disaster,1,0,1,0,0,0,0,0,0,0,0,1,0,0,0,0,1,0,1,1
disaster_02428,3011,train,not disaster,1,0,0,0,0,0,1,0,0,0,0,0,0,0,0,0,1,1,0,1
disaster_02429,661,train,real disaster,1,1,1,1,1,0,1,0,1,0,0,0,0,1,0,0,0,0,0,0
disaster_02430,1283,train,not disaster,0,0,0,0,0,0,0,0,0,0,0,0,0,0,0,0,0,0,0,1
disaster_02433,5325,train,not disaster,1,0,0,0,0,1,0,1,0,0,0,0,0,0,0,0,1,0,0,0
disaster_02434,3666,train,not disaster,0,0,0,0,0,0,0,0,0,0,0,0,0,0,0,0,1,1,1,1
disaster_02432,6757,train,real disaster,1,1,0,0,1,1,0,1,0,0,0,0,0,0,0,0,0,0,0,0
disaster_02436,6094,train,not disaster,0,0,0,0,0,0,0,0,0,0,0,0,0,0,0,0,1,0,0,1
disaster_02435,6900,train,not disaster,0,0,0,0,0,0,0,0,0,0,0,0,0,0,0,0,1,0,0,1
disaster_02431,1597,test,not disaster,0,0,0,0,0,0,0,0,0,0,0,0,0,0,0,0,0,0,1,0
disaster_02437,2068,train,real disaster,0,0,1,0,1,0,0,0,0,0,0,0,0,0,0,0,0,0,0,1
disaster_02438,3619,test,not disaster,0,0,0,0,0,0,1,0,0,0,0,0,0,0,0,0,0,0,0,1
disaster_02439,10041,train,not disaster,0,0,0,0,0,0,0,0,0,0,0,0,0,0,0,0,1,1,1,1
disaster_02442,5593,train,real disaster,1,1,1,0,1,1,1,0,0,0,0,0,0,0,0,1,0,0,0,0
disaster_02440,2909,train,real disaster,0,0,0,0,0,1,0,0,0,0,0,0,0,0,0,0,1,1,0,1
disaster_02441,10849,train,real disaster,1,1,1,1,1,1,0,1,0,0,0,0,0,0,0,0,0,0,0,0
disaster_02443,4441,test,real disaster,0,0,0,0,0,0,0,0,0,0,0,0,0,0,0,0,1,0,1,1
disaster_02445,7463,train,real disaster,0,0,0,0,0,0,0,0,0,0,0,0,0,0,0,0,1,1,0,1
disaster_02444,9686,train,real disaster,1,0,0,0,0,0,0,0,0,0,0,0,0,0,0,0,0,0,0,1
disaster_02446,10118,train,not disaster,0,0,0,0,1,0,1,0,0,0,0,0,0,0,0,0,1,1,0,1
disaster_02449,6113,train,not disaster,1,0,0,0,0,0,0,0,0,0,0,0,0,0,0,1,1,0,0,1
disaster_02448,6343,train,not disaster,0,0,0,0,0,1,0,0,0,0,0,0,0,0,0,0,1,1,0,1
disaster_02447,5535,train,not disaster,0,0,0,0,0,0,0,0,0,0,0,0,0,0,0,0,1,1,1,0
disaster_02450,10236,test,real disaster,1,0,0,0,0,0,0,0,0,0,0,0,0,0,0,0,0,0,0,1
disaster_02454,6215,train,real disaster,1,1,1,0,1,0,1,0,0,0,0,0,0,0,0,0,0,0,0,0
disaster_02451,9618,train,not disaster,1,1,0,0,0,1,0,1,0,0,0,0,0,0,0,0,0,0,0,0
disaster_02453,10535,train,not disaster,1,0,0,0,1,1,1,0,0,0,0,0,0,0,0,0,0,0,0,1
disaster_02455,126,train,real disaster,1,1,1,1,1,0,1,0,1,0,0,0,0,0,0,0,0,0,0,0
disaster_02452,4954,train,not disaster,1,0,0,0,0,0,0,0,0,0,0,0,0,0,0,0,1,1,1,1
disaster_02456,928,test,real disaster,1,0,0,0,1,1,1,0,0,0,0,0,0,1,0,0,0,1,0,0
disaster_02460,4101,train,real disaster,1,0,0,0,1,0,0,0,0,0,0,0,0,0,0,0,0,0,0,1
disaster_02457,9387,train,not disaster,0,0,0,0,0,0,0,0,0,0,0,0,0,0,0,0,1,0,0,1
disaster_02458,8261,train,real disaster,1,1,1,1,0,0,1,0,0,0,0,0,0,1,0,0,1,0,1,1
disaster_02459,9283,train,not disaster,0,0,0,0,0,0,0,0,0,0,0,0,0,0,0,0,1,0,0,1
disaster_02462,6332,train,not disaster,0,0,0,0,0,0,0,0,0,0,0,0,0,0,0,0,0,0,0,0
disaster_02463,6898,train,real disaster,1,0,0,0,1,1,0,0,1,0,0,0,0,0,0,0,0,0,0,0
disaster_02461,7097,train,not disaster,0,0,0,0,0,0,0,0,0,0,0,0,0,0,0,0,0,0,1,1
disaster_02464,4673,train,not disaster,0,0,0,0,0,0,0,0,0,0,0,0,0,0,0,0,1,0,0,0
disaster_02466,4160,train,not disaster,0,0,0,0,0,0,0,0,0,0,0,0,0,0,0,0,1,0,1,0
disaster_02468,3452,test,real disaster,0,0,1,0,0,0,0,0,0,0,0,0,0,0,0,0,1,0,0,1
disaster_02467,9460,train,real disaster,1,0,0,0,1,0,1,0,0,0,0,0,0,0,0,0,0,0,0,1
disaster_02471,530,test,not disaster,0,0,0,0,0,0,0,0,0,0,0,0,0,0,0,0,1,1,0,1
disaster_02470,5285,test,not disaster,0,0,0,0,0,0,0,0,0,0,0,0,0,0,0,0,1,0,0,0
disaster_02465,10415,train,not disaster,0,0,0,0,0,0,0,0,0,0,0,0,0,0,0,0,1,1,0,1
disaster_02473,7070,train,not disaster,0,0,0,0,0,0,0,0,0,0,0,0,0,0,0,0,1,0,0,1
disaster_02472,3945,train,not disaster,0,0,0,0,0,0,0,0,0,0,0,0,0,0,0,0,1,1,1,1
disaster_02469,734,train,real disaster,1,1,1,1,1,0,1,0,0,0,0,0,0,0,0,0,0,0,0,0
disaster_02475,8653,train,not disaster,0,1,1,1,0,0,0,0,1,0,0,0,0,0,0,0,1,1,1,0
disaster_02476,3509,train,real disaster,1,1,0,0,1,0,0,0,0,0,0,0,0,0,0,0,0,0,0,0
disaster_02477,2670,train,not disaster,0,0,0,0,0,0,0,0,0,0,0,0,0,0,0,0,1,0,1,1
disaster_02474,7661,train,not disaster,1,0,1,0,0,0,0,1,0,0,0,0,0,0,0,0,1,0,1,1
disaster_02479,6716,train,not disaster,0,0,0,0,0,0,0,1,0,0,0,0,0,0,0,0,1,0,1,0
disaster_02481,667,test,real disaster,1,1,0,1,0,0,1,0,0,0,0,0,0,1,0,0,0,0,0,0
disaster_02478,9485,train,not disaster,0,0,0,0,1,0,1,0,0,0,0,0,0,0,0,0,0,0,0,1
disaster_02480,10366,test,real disaster,0,0,0,0,0,0,0,0,0,0,0,0,0,0,0,0,0,1,0,1
disaster_02482,7121,test,not disaster,0,0,0,0,0,0,0,0,0,0,0,0,0,0,0,0,0,0,0,1
disaster_02483,3533,train,real disaster,1,1,0,0,0,0,1,0,0,0,0,0,0,0,0,0,0,0,0,0
disaster_02484,10177,train,real disaster,0,0,0,0,0,0,0,0,0,0,0,0,0,0,0,0,1,0,0,1
disaster_02486,1885,train,real disaster,0,0,0,0,1,1,1,0,0,0,0,0,0,0,0,0,0,1,0,1
disaster_02488,3090,train,not disaster,0,0,0,0,0,0,0,0,1,0,0,0,0,0,0,0,1,1,0,0
disaster_02489,220,train,real disaster,1,1,0,0,0,1,1,0,1,0,0,0,0,0,0,0,0,0,0,0
disaster_02487,8599,test,not disaster,1,0,0,0,0,0,0,0,0,0,0,0,0,0,0,0,1,0,1,1
disaster_02485,4170,train,not disaster,0,0,0,0,1,0,0,0,0,0,0,0,0,0,0,0,1,0,1,1
disaster_02490,5580,train,real disaster,0,0,0,0,0,0,0,0,0,0,0,0,0,0,0,0,0,0,0,1
disaster_02491,6661,test,real disaster,0,0,0,0,0,0,0,0,0,0,0,0,0,0,0,0,1,1,0,1
disaster_02494,4152,test,not disaster,0,0,1,0,1,0,0,1,0,0,0,0,0,0,0,0,0,0,0,0
disaster_02495,4459,train,real disaster,1,1,0,0,1,0,1,0,1,0,0,0,0,0,0,0,0,0,0,0
disaster_02492,7039,train,real disaster,1,1,0,0,1,0,0,0,0,0,0,0,0,1,0,0,0,0,0,0
disaster_02496,7824,test,not disaster,0,0,0,0,0,0,1,0,0,0,0,0,0,0,0,0,0,0,0,1
disaster_02497,5298,train,not disaster,0,0,0,0,0,0,0,0,0,0,0,0,0,0,0,0,1,1,0,1
disaster_02493,6647,train,not disaster,0,0,0,0,0,0,0,0,0,0,0,0,0,0,0,0,1,0,0,0
disaster_02498,4825,train,real disaster,1,1,1,0,1,1,1,0,0,0,0,0,0,0,1,0,0,1,0,0
disaster_02499,161,train,not disaster,0,0,0,0,0,0,0,0,0,0,0,0,0,0,0,0,1,1,1,1
disaster_02501,2632,train,real disaster,1,1,1,0,0,1,0,1,0,0,0,0,0,1,0,0,0,0,0,0
disaster_02502,7367,train,not disaster,0,0,0,0,0,0,0,0,0,0,0,0,0,0,0,0,1,0,0,0
disaster_02504,10146,train,not disaster,0,0,0,0,0,0,0,0,0,0,0,0,0,0,0,0,1,0,0,1
disaster_02506,8780,train,real disaster,1,0,0,0,1,0,0,0,0,0,0,0,0,0,0,0,0,0,0,0
disaster_02505,8400,test,real disaster,1,1,1,0,1,0,0,0,0,0,0,0,0,0,0,0,0,0,0,0
disaster_02503,2179,train,real disaster,1,0,0,0,1,1,0,0,0,0,0,0,0,0,0,0,0,0,0,1
disaster_02509,176,train,not disaster,1,0,0,0,0,0,0,0,0,0,0,0,0,0,0,0,0,1,0,1
disaster_02510,1650,train,real disaster,1,0,0,0,1,1,0,0,0,0,0,0,0,0,0,0,0,0,0,1
disaster_02508,2010,train,real disaster,0,0,0,0,0,0,1,0,0,0,0,0,0,0,0,0,0,0,0,1
disaster_02500,5561,train,not disaster,0,0,0,0,0,0,0,0,0,0,0,0,0,0,0,0,1,0,1,1
disaster_02513,1560,train,real disaster,0,0,0,0,0,0,0,0,0,0,0,0,0,0,0,0,1,0,1,1
disaster_02512,4634,train,not disaster,0,0,0,0,0,0,0,0,0,0,0,0,0,0,0,0,0,0,0,1
disaster_02511,9960,train,real disaster,1,0,0,0,0,0,0,0,0,0,1,0,0,0,0,0,1,0,1,0
disaster_02515,10055,train,not disaster,0,0,0,0,0,0,0,0,0,0,0,0,0,0,0,0,1,1,1,1
disaster_02514,4711,test,real disaster,0,0,0,0,0,0,0,0,0,0,0,0,0,0,1,0,1,0,1,1
disaster_02517,8478,test,not disaster,0,0,0,0,0,0,0,1,0,0,0,0,0,0,0,0,0,0,0,0
disaster_02516,7711,train,not disaster,1,0,0,0,1,0,0,0,0,0,0,0,0,0,0,0,1,1,1,1
disaster_02518,4789,train,real disaster,1,1,0,0,1,0,0,0,0,0,0,0,0,0,0,0,1,0,1,0
disaster_02521,4299,train,real disaster,1,1,1,1,1,1,0,0,0,0,1,0,0,0,1,0,0,0,0,0
disaster_02507,842,train,not disaster,1,0,0,0,0,0,1,0,0,0,0,0,0,0,0,0,0,1,0,1
disaster_02520,468,train,not disaster,0,0,0,0,0,1,0,0,0,0,0,0,0,0,0,0,1,1,0,0
disaster_02522,7674,train,not disaster,0,0,0,0,0,0,0,0,0,0,0,0,0,0,0,0,0,1,0,1
disaster_02524,7681,train,not disaster,0,0,0,0,1,0,0,0,0,0,0,0,0,0,0,0,0,1,0,0
disaster_02519,7950,train,not disaster,1,0,0,0,0,1,0,1,0,0,0,0,0,0,0,0,1,1,1,1
disaster_02523,8211,train,real disaster,0,0,0,0,0,0,0,0,0,0,0,0,0,0,0,0,1,1,1,1
disaster_02528,365,train,real disaster,0,1,1,0,0,0,0,0,0,0,0,0,1,0,0,0,0,0,0,0
disaster_02529,3175,train,not disaster,0,0,0,0,0,0,0,0,0,0,0,0,0,0,0,0,1,1,1,1
disaster_02525,6622,test,not disaster,0,0,0,0,0,0,0,0,0,0,0,0,0,0,0,0,1,0,0,0
disaster_02526,3244,train,not disaster,0,0,0,0,0,0,0,0,0,0,0,0,0,0,0,0,1,0,0,1
disaster_02527,10414,train,real disaster,1,1,1,0,1,1,0,0,0,0,0,1,0,0,0,0,0,0,0,0
disaster_02531,7941,train,real disaster,1,0,0,0,0,0,0,0,0,0,0,0,0,0,0,0,1,0,1,1
disaster_02533,4246,test,not disaster,0,0,0,0,1,0,0,0,0,0,0,0,0,0,0,0,1,0,1,1
disaster_02532,1365,test,not disaster,0,0,0,0,0,0,0,0,0,0,0,0,0,0,0,0,1,0,0,1
disaster_02534,1925,train,real disaster,1,0,0,0,0,0,0,0,0,1,0,0,0,0,0,0,1,1,1,1
disaster_02530,5705,train,real disaster,1,0,0,0,1,0,0,0,0,0,0,0,0,0,0,0,0,0,0,0
disaster_02535,6273,test,not disaster,0,0,0,0,0,0,0,0,0,0,0,0,0,0,0,0,1,1,1,1
disaster_02538,10537,train,not disaster,0,0,0,0,0,0,0,0,0,0,0,0,0,0,0,0,0,1,0,1
disaster_02539,10605,train,not disaster,1,0,0,0,0,0,0,0,1,0,0,0,0,0,0,0,1,0,0,1
disaster_02536,3131,train,real disaster,1,1,0,0,1,0,1,0,0,0,0,0,0,0,0,0,0,0,0,0
disaster_02540,1178,train,not disaster,0,0,0,0,0,0,0,0,0,0,0,0,0,0,0,0,0,0,0,1
disaster_02537,8094,train,real disaster,0,0,1,1,0,1,0,1,0,0,0,0,0,0,0,0,0,0,0,0
disaster_02541,8612,train,not disaster,0,0,0,0,0,0,0,0,0,0,0,0,0,0,0,0,1,1,0,0
disaster_02543,3439,test,real disaster,1,1,0,1,1,0,1,0,1,0,1,0,0,0,0,0,0,0,0,0
disaster_02542,9179,train,real disaster,1,1,1,1,1,0,0,0,1,0,0,0,0,0,0,0,0,0,0,0
disaster_02546,7523,train,real disaster,1,1,0,0,1,0,1,0,0,1,0,1,0,0,0,0,0,0,0,0
disaster_02545,4856,train,not disaster,0,0,0,0,0,0,0,0,0,0,0,0,0,0,0,0,1,1,1,1
disaster_02548,1915,train,real disaster,1,1,0,0,1,0,1,0,0,0,0,0,0,0,0,0,0,0,0,0
disaster_02547,9391,train,real disaster,1,1,0,1,1,0,1,1,0,0,0,0,0,0,0,0,0,0,0,0
disaster_02549,4951,test,not disaster,1,0,0,0,0,0,0,0,0,0,0,0,0,0,0,0,1,1,0,0
disaster_02550,1289,train,not disaster,0,0,0,0,0,0,1,0,0,0,0,0,0,0,0,0,1,1,0,1
disaster_02544,10013,test,not disaster,0,0,0,0,1,0,0,0,0,0,0,0,0,0,0,0,0,1,0,1
disaster_02555,4438,train,not disaster,0,0,0,0,0,0,0,0,0,0,0,0,0,0,0,0,1,0,1,1
disaster_02552,6146,train,not disaster,0,0,0,0,0,0,1,0,0,0,0,0,0,0,0,0,1,1,0,1
disaster_02553,262,train,real disaster,1,1,0,0,1,0,0,0,1,0,0,0,0,1,0,0,0,0,0,0
disaster_02554,10527,train,real disaster,1,1,0,0,1,0,1,0,0,0,0,0,0,0,0,0,0,0,0,0
disaster_02551,5469,train,not disaster,1,0,0,0,0,1,0,0,0,0,0,0,0,0,0,0,1,1,0,1
disaster_02556,6553,train,not disaster,0,1,0,0,0,1,1,0,1,0,0,0,0,0,0,0,0,1,0,0
disaster_02557,1888,train,not disaster,0,0,0,0,0,0,1,0,0,0,0,0,0,0,0,0,1,0,0,1
disaster_02558,5928,test,not disaster,0,0,0,0,0,0,0,0,0,0,0,0,0,0,0,0,1,0,1,1
disaster_02560,32,train,not disaster,0,0,0,0,1,0,0,0,0,0,0,0,0,0,0,0,0,0,1,0
disaster_02561,10827,train,not disaster,0,0,0,0,0,0,0,0,0,0,0,0,0,0,0,0,1,0,1,1
disaster_02559,4218,train,real disaster,1,1,1,1,1,0,0,0,1,0,0,0,0,0,0,0,0,0,0,0
disaster_02562,8497,train,not disaster,0,0,0,0,0,0,0,0,0,0,0,0,0,0,0,0,1,1,0,0
disaster_02563,3776,train,not disaster,0,0,0,0,0,0,0,0,0,0,0,0,0,0,0,0,1,1,0,1
disaster_02564,4209,test,not disaster,0,0,0,0,0,1,0,0,1,0,0,1,0,0,0,0,0,0,0,1
disaster_02565,168,train,not disaster,0,0,0,0,0,0,0,0,0,0,0,0,0,0,0,0,1,1,0,1
disaster_02568,10840,train,real disaster,1,1,0,0,1,1,0,0,0,0,0,1,0,0,0,0,0,0,0,0
disaster_02567,10293,train,not disaster,0,0,0,0,0,0,0,0,0,0,0,0,0,0,0,0,1,0,1,1
disaster_02566,8926,train,real disaster,1,0,0,0,0,0,0,1,0,0,0,0,0,0,0,0,0,0,0,0
disaster_02569,6690,train,not disaster,0,0,0,0,1,1,0,0,1,0,0,0,0,0,0,0,0,0,0,1
disaster_02571,2309,train,not disaster,0,0,0,0,1,0,1,0,0,0,0,0,0,0,0,0,1,1,0,1
disaster_02570,3347,train,real disaster,0,0,0,0,1,0,0,0,0,0,0,0,0,0,0,0,0,0,0,0
disaster_02572,3653,test,not disaster,0,0,0,0,0,0,0,0,0,0,0,0,0,0,0,0,1,1,1,1
disaster_02574,2362,train,real disaster,0,0,0,0,0,0,0,0,0,1,0,0,0,0,0,0,1,1,1,0
disaster_02575,138,train,not disaster,0,0,0,0,0,0,0,0,0,0,0,0,0,0,0,0,0,0,0,1
disaster_02573,6580,test,not disaster,0,0,0,0,0,0,0,0,1,0,0,0,0,0,0,0,1,1,1,1
disaster_02577,724,train,real disaster,1,1,1,1,1,0,1,0,0,0,0,0,0,0,0,0,0,0,0,0
disaster_02578,4127,train,not disaster,0,0,0,0,0,0,0,0,0,0,0,0,0,0,0,0,1,0,1,1
disaster_02579,2198,train,real disaster,1,0,0,0,0,0,1,0,0,0,0,0,0,0,0,0,0,0,0,1
disaster_02576,1505,train,not disaster,0,0,0,0,0,1,0,1,0,0,0,0,0,0,0,0,1,0,1,1
disaster_02582,455,train,not disaster,1,0,0,0,0,1,0,0,0,0,0,0,0,0,0,0,1,0,0,1
disaster_02580,4688,train,not disaster,1,0,1,0,0,0,0,0,0,0,0,0,0,0,0,0,1,1,1,1
disaster_02583,2427,train,not disaster,0,0,0,0,0,0,0,0,0,0,0,0,0,0,0,0,1,1,0,1
disaster_02581,3998,test,not disaster,0,0,0,0,0,0,0,0,0,0,0,0,0,0,0,0,1,0,1,1
disaster_02585,5676,test,real disaster,1,1,0,1,1,0,1,0,0,0,0,0,0,0,0,0,0,0,0,0
disaster_02584,4147,train,not disaster,0,0,0,0,1,0,0,0,0,0,0,0,0,0,0,0,1,1,1,1
disaster_02588,7431,train,not disaster,0,0,0,0,0,1,0,0,0,0,0,0,0,0,0,0,1,0,1,1
disaster_02587,7036,test,not disaster,0,0,0,0,0,0,0,0,0,0,0,0,0,0,0,0,1,1,0,1
disaster_02586,6882,train,not disaster,1,0,0,0,0,0,0,0,0,0,0,0,0,0,0,0,0,0,0,1
disaster_02589,1057,test,not disaster,0,0,0,0,0,0,0,0,0,0,0,0,0,0,0,0,1,0,0,1
disaster_02592,7074,train,not disaster,0,0,0,0,0,0,0,0,0,0,0,0,0,0,0,0,1,0,1,1
disaster_02590,7465,train,not disaster,0,0,0,0,1,0,0,0,0,0,0,0,0,0,0,0,0,0,0,1
disaster_02591,6061,train,real disaster,0,0,0,0,0,1,0,1,0,0,0,0,0,0,0,0,0,0,0,1
disaster_02593,274,train,real disaster,0,0,0,0,0,0,0,0,0,0,0,0,0,1,0,0,1,0,1,0
disaster_02594,2691,train,not disaster,0,0,0,0,0,0,0,0,0,0,0,0,0,0,0,0,1,0,1,1
disaster_02595,690,train,real disaster,1,0,0,0,1,0,1,0,0,0,0,0,0,0,0,0,1,0,1,1
disaster_02600,6417,test,real disaster,1,1,0,1,0,0,1,0,0,1,0,0,0,0,0,0,0,0,0,1
disaster_02596,175,train,not disaster,0,0,0,0,1,0,0,1,0,0,0,0,0,0,0,0,1,1,1,1
disaster_02599,5000,train,not disaster,1,0,0,0,1,1,0,1,0,0,0,0,0,0,0,0,1,0,1,0
disaster_02597,3235,train,not disaster,0,0,0,0,0,0,0,0,0,0,0,0,0,0,0,0,1,0,0,1
disaster_02598,7527,test,real disaster,1,0,1,1,1,0,1,0,0,0,0,0,0,0,0,0,0,0,0,1
disaster_02602,1851,train,not disaster,1,1,0,0,1,0,0,1,0,1,0,0,0,0,0,0,0,0,0,0
disaster_02601,9918,train,not disaster,0,0,0,0,0,0,0,0,0,0,0,0,0,0,0,0,0,0,0,1
disaster_02604,5603,train,not disaster,0,0,0,0,0,0,0,0,0,0,0,0,0,0,0,0,0,0,0,1
disaster_02603,5444,train,real disaster,0,0,0,0,0,0,0,0,0,0,0,0,1,1,0,0,0,0,0,1
disaster_02606,2417,test,not disaster,0,0,0,0,0,0,0,0,0,0,0,0,0,0,0,0,1,1,0,1
disaster_02609,5079,train,real disaster,1,1,1,0,0,0,0,0,0,0,0,0,0,0,0,0,0,0,0,0
disaster_02607,7889,train,not disaster,0,0,0,0,0,0,1,0,0,0,0,0,0,0,0,0,0,0,0,1
disaster_02608,8831,train,not disaster,0,0,0,0,1,0,1,0,0,0,0,0,0,1,0,0,0,1,0,0
disaster_02605,9058,train,not disaster,0,0,1,0,0,0,0,0,0,0,0,1,0,0,0,0,1,0,1,1
disaster_02610,4262,train,not disaster,0,0,0,0,0,0,1,0,0,0,0,0,0,0,0,0,0,0,0,1
disaster_02612,9267,train,not disaster,0,0,0,0,1,0,0,0,0,0,0,0,0,0,0,0,1,0,0,1
disaster_02614,1441,test,not disaster,0,0,0,0,0,0,0,0,0,0,0,0,0,0,0,0,1,0,1,1
disaster_02613,6059,train,real disaster,0,1,1,0,1,1,0,0,0,0,0,0,0,0,0,0,0,0,0,0
disaster_02611,10005,test,not disaster,0,0,0,0,0,0,0,0,0,0,0,0,0,0,0,0,1,0,0,1
disaster_02618,2622,test,not disaster,1,0,0,0,0,0,0,0,0,0,0,0,0,0,0,0,1,0,1,0
disaster_02616,944,test,not disaster,0,0,0,0,0,1,0,0,0,0,0,0,0,0,0,0,1,0,1,1
disaster_02615,5195,train,not disaster,0,0,0,0,0,0,0,0,0,0,0,0,1,0,0,0,0,0,0,0
disaster_02617,2939,train,not disaster,0,0,1,0,0,0,0,0,0,0,0,0,0,0,0,0,1,0,0,1
disaster_02620,10511,train,real disaster,1,1,0,0,1,1,1,0,0,0,0,0,0,0,1,0,0,0,0,0
disaster_02619,1173,train,not disaster,0,0,0,1,0,0,0,0,0,0,0,0,0,0,0,0,0,0,0,1
disaster_02621,4398,train,not disaster,0,0,0,0,0,0,0,0,0,0,0,0,0,0,0,0,0,0,0,0
disaster_02622,1185,train,not disaster,0,0,0,0,0,0,0,0,0,0,0,0,0,0,0,0,1,0,1,1
disaster_02625,5827,train,not disaster,0,0,0,0,1,0,0,0,0,0,0,0,0,0,0,0,1,0,0,1
disaster_02624,4317,train,real disaster,1,1,0,1,1,1,0,1,0,0,0,0,0,0,0,0,0,0,0,0
disaster_02623,10416,train,not disaster,0,0,0,0,0,0,0,0,0,0,0,0,0,0,0,0,1,0,0,1
disaster_02626,4979,test,not disaster,1,0,0,0,0,0,0,0,0,0,0,0,0,0,0,0,1,0,1,1
disaster_02627,1725,test,real disaster,1,1,1,0,0,0,0,0,0,1,0,0,0,1,0,0,0,0,0,0
disaster_02628,5338,train,not disaster,1,0,0,0,0,0,0,0,0,0,0,0,0,0,0,0,1,1,1,1
disaster_02631,3124,train,real disaster,1,1,0,0,1,0,1,0,0,1,0,0,0,0,0,0,0,0,0,0
disaster_02630,1779,train,real disaster,1,0,0,0,0,0,0,0,0,1,0,0,0,0,0,0,1,1,1,1
disaster_02634,8366,train,not disaster,0,0,0,0,0,0,0,0,0,0,0,0,0,0,0,0,1,0,1,1
disaster_02636,5972,test,not disaster,1,0,1,0,0,0,1,0,0,0,0,0,0,0,0,0,0,0,0,0
disaster_02632,9238,test,real disaster,1,1,1,1,1,0,0,0,1,0,0,0,0,0,0,0,0,0,0,0
disaster_02635,9162,test,real disaster,1,1,1,1,1,0,0,0,0,0,0,0,0,0,0,0,0,0,0,0
disaster_02633,2887,train,not disaster,0,0,0,0,0,0,0,0,0,0,0,0,0,0,0,0,0,0,0,1
disaster_02629,3052,train,real disaster,1,1,0,0,1,0,1,0,1,0,0,0,0,0,0,0,0,0,0,0
disaster_02637,9116,test,real disaster,1,1,1,1,1,0,0,0,0,0,0,0,0,0,0,0,0,0,0,0
disaster_02639,4774,train,real disaster,1,1,1,0,1,0,0,0,0,0,0,1,0,1,1,0,0,0,0,0
disaster_02640,6852,train,real disaster,1,0,1,0,0,1,0,0,0,0,0,0,0,0,0,0,0,0,0,0
disaster_02638,6542,train,not disaster,0,0,0,0,1,0,1,0,0,0,0,0,0,0,0,0,0,1,0,1
disaster_02641,2637,train,real disaster,1,1,1,1,1,0,1,0,1,0,0,0,0,0,0,0,0,0,0,0
disaster_02644,2700,train,not disaster,0,0,0,0,0,0,0,0,0,0,0,0,0,0,0,0,1,0,1,1
disaster_02643,7758,train,not disaster,0,0,0,0,1,0,0,0,0,0,0,0,0,1,0,0,0,1,0,0
disaster_02647,1018,train,not disaster,0,0,0,0,0,0,0,0,0,0,0,0,0,0,0,0,1,0,0,0
disaster_02646,3072,train,real disaster,0,0,0,0,1,0,1,0,1,0,0,0,0,0,0,0,0,0,0,1
disaster_02642,4787,train,not disaster,1,0,0,1,1,0,1,0,0,0,0,0,0,0,1,0,0,0,0,0
disaster_02645,5337,test,not disaster,1,0,0,0,0,0,0,0,0,0,0,0,0,0,0,0,1,0,1,1
disaster_02649,7958,train,real disaster,1,1,0,1,1,0,1,0,1,0,0,1,0,0,0,0,0,0,0,0
disaster_02651,9985,test,real disaster,1,1,0,1,1,0,1,0,0,0,0,0,0,0,0,0,0,0,0,0
disaster_02650,5251,train,not disaster,0,0,0,0,0,0,0,0,0,0,0,0,0,0,0,0,0,1,0,0
disaster_02652,2312,train,not disaster,0,0,0,0,1,0,0,0,0,0,0,0,0,0,0,0,1,0,0,1
disaster_02653,6032,train,real disaster,1,0,0,0,0,0,1,0,0,0,0,0,0,0,0,0,0,0,0,1
disaster_02654,5202,train,real disaster,0,0,0,0,0,0,1,0,1,0,0,1,0,0,0,0,0,0,0,0
disaster_02648,1745,train,real disaster,1,0,0,0,0,0,0,0,0,1,0,0,0,0,0,0,0,0,0,0
disaster_02656,9593,train,real disaster,1,0,0,0,0,0,0,0,0,0,0,0,0,0,0,0,0,0,0,0
disaster_02655,3788,test,not disaster,0,0,0,0,0,0,0,0,0,0,0,0,0,0,0,0,1,0,0,1
disaster_02660,6817,train,not disaster,0,0,0,0,0,0,0,1,0,0,0,0,0,0,0,0,1,0,1,1
disaster_02659,866,train,real disaster,1,1,1,0,0,0,1,0,0,0,1,0,0,0,0,0,0,0,0,0
disaster_02662,6151,train,real disaster,0,0,1,0,1,0,1,0,0,0,0,0,0,0,0,0,1,0,0,1
disaster_02661,5898,train,not disaster,0,0,0,0,0,0,0,0,0,0,0,0,0,0,0,0,0,1,0,1
disaster_02663,9467,test,real disaster,1,1,1,0,1,0,1,0,0,0,0,0,0,0,0,0,0,0,0,0
disaster_02664,9018,train,not disaster,0,0,0,0,0,0,0,0,0,0,0,0,0,0,0,0,0,0,0,1
disaster_02666,7031,train,not disaster,0,0,0,0,0,0,1,0,1,0,0,0,0,0,0,0,0,1,0,1
disaster_02665,7568,train,real disaster,1,0,1,0,0,0,0,0,0,0,0,0,0,0,0,0,0,0,0,1
disaster_02668,1143,test,real disaster,0,0,0,0,0,0,0,0,0,0,0,0,0,0,0,0,0,0,0,1
disaster_02658,5900,train,not disaster,0,0,1,0,1,0,0,0,0,0,0,0,0,0,0,0,0,0,0,1
disaster_02667,4397,train,real disaster,1,1,1,0,1,0,0,0,0,0,0,0,0,0,0,0,0,0,0,0
disaster_02670,5308,test,not disaster,0,0,0,0,0,0,0,0,0,0,0,0,0,0,0,0,1,1,0,1
disaster_02657,1705,train,real disaster,1,1,1,0,0,0,0,0,0,1,0,0,0,0,0,0,0,0,0,0
disaster_02669,1278,train,not disaster,0,0,0,0,0,0,0,0,0,0,0,0,0,0,0,1,0,0,0,1
disaster_02672,905,train,real disaster,1,1,1,1,0,0,1,0,1,0,0,0,0,0,0,0,0,0,0,0
disaster_02673,2333,train,not disaster,0,0,0,0,0,0,0,0,0,0,0,0,0,0,0,0,1,0,0,0
disaster_02671,9874,train,not disaster,0,0,0,0,0,0,0,0,0,0,0,1,0,0,0,0,1,0,1,0
disaster_02674,2164,train,real disaster,1,1,0,0,1,1,0,0,0,0,0,0,0,0,0,0,0,0,0,0
disaster_02675,3198,train,not disaster,0,0,0,0,1,0,0,0,0,0,0,1,0,0,0,0,1,0,0,1
disaster_02677,10568,train,real disaster,1,1,0,1,1,1,1,0,0,0,0,0,0,0,0,1,0,0,0,0
disaster_02679,336,train,not disaster,0,0,0,0,0,0,0,0,0,0,0,0,0,0,0,0,1,1,0,1
disaster_02676,9226,train,real disaster,1,1,0,1,1,1,0,0,1,0,0,0,0,0,0,0,1,0,0,0
disaster_02678,3937,train,real disaster,1,1,0,1,1,0,1,0,0,0,0,0,0,0,0,0,0,0,0,0
disaster_02680,4910,train,not disaster,1,0,0,0,1,0,0,0,0,0,0,0,0,0,0,0,1,1,1,1
disaster_02681,8776,train,not disaster,0,0,0,0,0,0,0,0,0,0,0,0,0,0,0,0,1,0,1,1
disaster_02684,1976,train,real disaster,1,1,1,0,1,0,0,1,0,1,0,0,0,0,0,0,0,0,0,0
disaster_02682,6504,train,not disaster,0,0,0,0,0,0,0,0,0,0,0,0,0,0,0,0,1,0,0,1
disaster_02683,2470,test,real disaster,1,1,1,1,1,0,1,0,0,0,0,0,0,0,0,0,0,0,0,0
disaster_02685,1393,train,not disaster,0,0,0,0,0,0,0,0,0,0,0,0,0,0,0,0,0,0,0,1
disaster_02687,8526,train,not disaster,0,0,0,0,0,0,0,0,0,0,0,0,0,0,0,0,1,0,0,1
disaster_02690,3907,train,real disaster,1,1,0,1,1,0,0,0,0,0,0,0,0,0,0,0,0,0,0,0
disaster_02688,2537,train,real disaster,1,1,1,0,1,0,1,0,1,0,1,0,0,1,0,0,0,0,0,0
disaster_02686,3969,test,not disaster,0,0,1,0,0,1,0,0,0,0,0,0,0,0,0,1,0,0,0,1
disaster_02691,5459,train,real disaster,1,1,0,0,1,0,0,0,0,0,0,0,0,1,0,0,0,0,0,0
disaster_02692,4571,train,real disaster,0,0,0,0,1,0,0,0,0,0,0,0,0,0,0,0,0,0,0,0
disaster_02689,2118,train,real disaster,1,0,0,1,0,0,0,0,0,0,0,0,0,0,0,0,1,0,0,1
disaster_02693,4203,train,not disaster,0,0,0,0,0,0,0,1,0,0,0,0,0,0,0,0,1,0,1,0
disaster_02694,7533,train,real disaster,1,1,0,0,1,0,1,0,0,1,0,1,0,0,0,0,0,0,0,0
disaster_02698,10566,test,not disaster,1,0,0,0,0,0,0,0,0,0,0,0,0,0,0,0,1,0,0,1
disaster_02696,8258,train,not disaster,0,0,0,0,0,0,0,0,0,0,0,0,0,0,0,0,0,1,0,1
disaster_02699,237,train,real disaster,1,1,0,1,0,0,0,0,1,0,0,0,0,0,0,0,0,0,0,0
disaster_02695,3995,test,not disaster,0,0,0,0,1,0,0,1,0,0,0,0,0,0,0,0,1,0,1,1
disaster_02700,5980,train,not disaster,0,0,0,0,1,0,1,0,0,0,0,0,0,0,0,0,0,1,0,1
disaster_02697,7885,train,not disaster,0,0,0,0,0,0,0,0,0,0,0,0,0,0,0,0,1,0,1,1
disaster_02703,5062,train,not disaster,0,0,0,0,0,0,0,0,0,0,0,0,0,0,0,0,1,0,1,1
disaster_02702,2221,test,real disaster,1,1,1,0,1,0,0,0,0,0,0,0,0,1,0,0,0,0,0,0
disaster_02706,6336,train,real disaster,1,1,1,0,1,1,0,0,0,0,0,0,0,1,0,0,0,0,0,0
disaster_02705,5272,train,not disaster,0,0,0,0,0,0,0,0,0,0,0,0,0,0,0,0,0,1,0,0
disaster_02704,4052,train,real disaster,0,0,0,0,1,1,0,0,1,0,0,1,0,0,0,0,0,0,0,0
disaster_02701,2387,train,not disaster,0,0,0,0,0,0,0,0,0,0,0,0,0,0,0,0,1,1,0,1
disaster_02708,383,train,not disaster,0,0,0,0,0,1,0,0,0,0,0,0,0,0,0,0,0,1,0,1
disaster_02709,9937,train,not disaster,0,0,0,0,0,0,0,0,0,0,0,0,0,0,0,0,1,0,1,1
disaster_02712,9501,train,not disaster,1,1,0,0,1,0,1,0,0,0,0,0,0,0,0,0,0,0,0,0
disaster_02707,10018,train,not disaster,0,0,0,0,0,0,0,0,0,0,0,0,0,0,0,0,1,1,0,0
disaster_02711,1032,train,not disaster,0,0,0,0,0,0,0,0,0,0,0,0,0,0,0,0,1,0,1,1
disaster_02710,4379,test,not disaster,0,0,0,0,0,1,0,0,0,0,0,0,0,0,0,0,0,0,0,0
disaster_02714,3722,train,not disaster,1,1,0,0,1,0,0,0,0,1,0,1,0,0,0,0,1,1,0,0
disaster_02716,3339,train,not disaster,0,0,0,0,1,1,0,0,0,1,0,0,0,0,0,0,0,0,0,0
disaster_02717,9718,train,real disaster,1,1,1,0,1,0,1,1,0,1,0,0,0,0,0,0,0,0,0,0
disaster_02713,2382,test,not disaster,0,0,0,1,0,1,0,0,0,0,0,0,0,0,0,0,1,0,0,1
disaster_02718,6429,test,real disaster,0,0,0,0,0,0,0,0,0,0,0,0,0,0,0,0,0,0,0,0
disaster_02715,6734,train,not disaster,0,0,0,0,0,0,0,0,0,0,0,0,0,0,0,0,1,0,1,1
disaster_02721,5835,train,real disaster,1,1,0,1,1,0,0,1,0,0,0,0,0,0,0,0,1,1,1,1
disaster_02722,4592,train,real disaster,1,1,1,0,1,0,0,0,0,0,0,0,0,0,0,0,0,0,0,0
disaster_02719,7470,train,not disaster,0,0,0,0,0,0,0,0,0,0,0,0,0,0,0,0,1,1,0,1
disaster_02720,9958,train,not disaster,0,0,0,0,0,1,0,1,0,0,0,0,0,0,0,0,0,0,0,0
disaster_02724,4614,train,not disaster,0,0,0,0,1,0,0,0,0,0,0,0,0,0,0,0,1,0,0,1
disaster_02723,4714,train,real disaster,1,1,1,1,1,0,0,0,0,0,0,0,0,1,1,0,0,0,0,0
disaster_02726,10545,train,real disaster,1,0,0,0,1,0,0,0,0,0,0,0,0,0,0,0,0,0,0,1
disaster_02729,2532,train,real disaster,0,0,0,0,0,0,0,0,0,0,0,0,0,0,0,0,1,0,1,1
disaster_02725,1530,train,not disaster,0,0,0,0,1,0,0,0,0,0,0,0,0,0,0,0,1,1,0,1
disaster_02727,1483,train,not disaster,0,0,0,0,0,0,0,0,0,0,0,0,0,0,0,0,0,0,0,1
disaster_02730,8457,train,not disaster,0,0,0,0,0,0,0,1,0,0,0,0,0,0,0,0,1,0,1,1
disaster_02728,7671,train,not disaster,0,0,0,0,0,0,0,0,0,0,0,0,0,0,0,0,0,1,0,0
disaster_02731,8784,train,not disaster,0,0,0,0,0,0,0,0,0,0,0,0,0,0,0,0,0,0,0,0
disaster_02733,6714,train,not disaster,0,0,0,0,1,0,0,0,0,0,0,0,0,0,0,0,0,0,0,1
disaster_02734,2924,train,not disaster,0,0,1,0,0,0,0,0,0,0,0,0,0,0,0,0,1,1,1,1
disaster_02732,6959,train,real disaster,1,0,0,0,1,0,1,0,0,0,0,0,0,0,0,0,0,0,0,1
disaster_02735,1626,test,real disaster,1,1,1,0,1,0,0,1,0,1,1,1,0,0,0,0,0,0,0,0
disaster_02738,836,train,not disaster,1,1,1,1,0,0,1,0,0,0,0,0,0,0,0,0,0,0,0,0
disaster_02737,289,train,real disaster,1,1,0,0,1,0,1,0,1,0,0,0,0,0,0,0,0,0,0,0
disaster_02741,7300,train,not disaster,0,0,0,0,1,0,1,0,0,0,0,0,0,0,0,0,0,0,0,1
disaster_02739,1960,train,not disaster,1,0,0,0,0,0,0,0,0,1,0,0,0,1,0,0,1,0,1,1
disaster_02736,1429,train,not disaster,0,0,0,0,0,0,0,0,0,0,0,0,0,0,0,0,0,1,1,1
disaster_02740,6702,test,real disaster,1,0,0,0,0,0,0,1,0,0,0,0,0,0,0,0,1,1,0,1
disaster_02742,6984,train,real disaster,1,0,0,0,1,0,0,0,0,0,0,0,1,0,0,0,0,0,0,1
disaster_02745,7622,train,not disaster,0,1,0,0,1,0,1,0,0,0,0,0,0,0,0,0,0,0,0,0
disaster_02747,5505,test,real disaster,1,1,1,1,1,0,1,0,1,0,0,0,0,0,0,0,0,0,0,0
disaster_02748,10020,train,not disaster,0,0,0,0,0,0,0,0,0,0,0,0,0,0,0,0,0,0,0,0
disaster_02746,9255,train,real disaster,1,0,0,0,1,1,0,0,0,0,0,0,0,0,0,0,0,0,0,1
disaster_02743,4738,train,not disaster,0,0,0,0,0,0,0,0,0,0,0,0,0,0,1,0,1,0,1,1
disaster_02744,3179,train,not disaster,0,0,0,0,0,0,0,0,0,0,0,0,0,0,0,0,1,0,1,1
disaster_02749,10484,test,real disaster,1,1,1,1,1,0,0,0,0,0,0,0,0,0,0,0,0,0,1,1
disaster_02750,1384,train,not disaster,0,0,0,0,0,0,1,0,0,0,0,0,0,0,0,0,0,0,0,1
disaster_02752,9715,train,not disaster,0,0,0,0,0,0,0,0,0,0,0,0,0,0,0,0,1,0,0,1
disaster_02751,4210,train,not disaster,0,0,0,0,0,1,0,0,0,0,0,0,0,0,0,0,0,1,0,1
disaster_02753,3432,train,real disaster,1,1,0,0,1,0,1,0,1,0,0,0,0,0,0,0,0,0,0,0
disaster_02754,2126,test,not disaster,0,0,0,0,0,0,0,0,0,0,0,0,0,0,0,0,1,0,1,1
disaster_02755,8459,train,not disaster,0,0,0,0,0,0,0,0,0,0,0,0,0,0,0,0,1,1,1,1
disaster_02756,3997,train,not disaster,0,0,0,0,0,1,0,0,0,0,0,0,0,0,0,0,0,1,0,1
disaster_02758,4480,train,not disaster,0,1,1,1,0,0,0,1,1,0,0,0,0,0,0,0,0,0,0,0
disaster_02757,8475,train,not disaster,0,0,0,0,0,0,0,1,0,0,0,0,0,0,0,0,1,1,1,1
disaster_02760,361,test,not disaster,0,1,1,0,1,0,0,0,0,0,0,1,1,0,0,0,0,0,0,0
disaster_02759,4533,train,real disaster,0,0,0,0,0,0,0,0,0,0,0,0,0,0,0,0,0,0,0,1
disaster_02761,9613,test,real disaster,1,0,0,0,1,0,1,0,0,0,0,0,0,0,0,0,0,0,0,0
disaster_02763,1857,test,not disaster,1,0,0,0,0,0,0,1,0,0,0,0,0,0,0,0,1,0,1,1
disaster_02762,7536,train,real disaster,1,1,0,1,1,0,1,0,0,0,0,1,0,0,0,0,0,0,0,0
disaster_02764,1981,test,not disaster,0,0,0,0,0,0,1,0,0,0,0,0,0,0,0,0,1,0,0,1
disaster_02765,9332,train,not disaster,0,0,0,0,0,0,0,0,0,0,0,0,0,0,0,0,1,0,1,1
disaster_02767,2370,train,real disaster,0,1,1,0,1,0,0,0,0,0,0,0,0,0,0,1,0,1,0,0
disaster_02769,1575,train,real disaster,1,0,0,0,0,0,1,0,0,0,0,0,0,0,0,0,0,0,0,1
disaster_02771,10455,train,real disaster,1,0,0,0,0,1,0,0,0,0,0,0,0,0,0,0,0,0,0,0
disaster_02768,10693,train,not disaster,0,0,1,1,0,0,0,0,0,0,0,0,0,0,0,0,0,0,0,1
disaster_02770,1179,test,not disaster,0,0,0,0,0,0,0,0,0,0,0,0,0,0,0,0,0,1,0,1
disaster_02773,5975,test,real disaster,1,1,1,0,1,1,0,0,0,0,0,0,0,0,0,0,0,0,0,0
disaster_02772,2788,train,not disaster,0,0,0,0,0,0,0,0,0,0,0,0,0,0,0,0,0,0,1,1
disaster_02775,3748,test,real disaster,0,0,1,0,0,0,1,0,0,1,0,0,0,0,0,0,0,0,0,1
disaster_02776,1834,test,not disaster,0,0,0,0,0,0,0,0,0,0,0,0,0,0,0,0,1,0,1,1
disaster_02766,7935,test,real disaster,1,0,0,0,0,0,0,0,0,0,0,0,0,0,0,0,0,0,0,1
disaster_02774,5487,test,real disaster,1,1,0,0,0,0,0,1,0,1,0,0,0,0,0,0,0,0,0,0
disaster_02778,1353,train,not disaster,0,0,0,0,0,0,0,0,0,0,0,0,0,0,0,0,1,0,0,1
disaster_02777,62,train,not disaster,0,0,0,0,1,0,0,1,0,0,0,0,0,0,0,0,0,0,0,1
disaster_02779,3512,train,real disaster,1,1,0,0,1,0,1,0,0,0,0,1,0,0,0,0,0,0,0,0
disaster_02781,5174,train,not disaster,0,0,0,0,0,0,1,0,0,0,0,0,0,0,0,0,0,0,0,1
disaster_02780,8452,train,not disaster,0,0,0,0,0,0,0,1,0,0,0,0,0,0,0,0,0,1,1,0
disaster_02783,7621,train,real disaster,0,1,0,0,0,1,0,1,0,0,0,1,0,0,0,0,0,0,0,0
disaster_02785,5033,train,not disaster,0,0,0,0,0,0,0,0,0,0,0,0,0,0,0,0,0,0,0,1
disaster_02786,1996,train,real disaster,1,1,0,0,1,0,0,0,0,0,0,1,0,0,0,0,0,0,0,1
disaster_02782,28,train,not disaster,0,0,0,0,0,0,0,0,0,0,0,0,0,0,0,0,1,1,1,0
disaster_02788,4353,train,real disaster,1,1,0,0,1,0,1,0,0,0,0,0,0,0,0,0,0,0,0,0
disaster_02787,8091,test,not disaster,0,0,0,0,1,0,1,0,0,0,0,0,0,0,0,0,0,0,0,1
disaster_02789,1421,train,not disaster,0,0,0,0,0,0,0,0,0,0,0,0,0,0,0,0,1,0,1,1
disaster_02784,5943,train,not disaster,0,0,0,0,0,0,0,0,0,0,0,0,0,0,0,0,1,0,1,1
disaster_02792,290,test,not disaster,0,0,0,0,1,0,0,0,0,0,0,0,0,1,0,0,0,0,0,0
disaster_02793,9778,test,not disaster,1,0,0,0,1,0,1,0,0,0,0,0,0,0,0,0,0,1,0,0
disaster_02790,10574,train,real disaster,1,1,0,1,0,0,0,1,0,0,0,0,0,0,0,0,0,0,0,0
disaster_02791,664,train,real disaster,1,0,0,0,1,0,0,0,1,0,0,0,0,0,0,0,0,0,0,0
disaster_02794,4985,train,real disaster,1,0,0,0,0,0,0,0,0,0,0,0,0,0,0,0,1,0,1,1
disaster_02797,1415,train,not disaster,0,0,0,0,0,0,0,0,0,0,0,0,0,0,0,0,0,0,0,1
disaster_02798,8572,test,not disaster,0,0,0,0,0,0,0,0,0,0,0,0,0,0,0,0,0,0,0,0
disaster_02795,244,test,real disaster,1,0,0,0,0,0,0,0,0,0,0,0,0,0,0,0,0,0,0,0
disaster_02796,1181,train,not disaster,0,0,0,0,0,0,0,0,0,0,0,0,0,0,0,0,0,0,0,1
disaster_02799,5273,train,not disaster,0,0,0,0,0,0,0,0,0,0,0,0,0,0,0,0,0,0,0,1
disaster_02800,9639,train,real disaster,1,1,1,0,1,1,1,0,0,0,0,0,0,0,0,1,0,0,0,0
disaster_02803,669,train,not disaster,1,0,0,0,0,1,0,1,0,0,0,0,0,0,0,0,1,0,1,0
disaster_02801,1023,test,not disaster,0,0,0,0,0,0,0,0,0,0,0,0,0,0,0,0,1,1,1,1
disaster_02802,6670,train,not disaster,0,0,0,0,0,1,0,0,0,0,0,0,0,0,0,0,1,1,0,1
disaster_02804,6335,train,real disaster,1,1,1,0,1,1,1,0,0,0,0,0,0,0,0,0,0,0,0,0
disaster_02805,100,train,not disaster,0,0,0,0,1,1,0,0,0,0,0,0,0,0,0,0,0,0,0,1
disaster_02807,3738,train,not disaster,1,1,1,0,1,0,0,0,0,1,0,1,0,0,0,0,0,1,0,0
disaster_02806,10659,train,not disaster,0,0,0,0,0,0,0,0,1,0,0,0,0,0,0,0,0,0,0,0
disaster_02811,10446,test,real disaster,1,0,1,0,1,0,0,0,0,0,0,1,0,0,0,0,0,0,0,1
disaster_02808,7744,train,not disaster,0,0,0,0,0,0,0,0,0,0,0,0,0,0,0,0,1,0,1,1
disaster_02809,1052,train,not disaster,0,0,0,0,0,0,0,0,0,0,0,0,0,0,0,0,1,0,1,1
disaster_02810,7888,train,real disaster,1,1,1,0,1,0,1,0,0,0,0,0,0,0,1,0,0,0,0,0
disaster_02812,2507,train,real disaster,1,1,1,0,1,1,0,0,0,0,0,0,0,0,0,0,0,0,0,0
disaster_02813,173,test,not disaster,0,0,0,0,0,0,0,0,0,0,0,0,0,0,0,0,0,0,0,1
disaster_02815,637,train,not disaster,0,0,0,0,0,0,0,0,0,0,0,0,0,0,0,0,0,0,0,0
disaster_02816,9965,train,not disaster,0,0,0,0,1,0,0,1,0,0,0,0,0,0,0,0,0,0,0,0
disaster_02818,4050,train,real disaster,1,1,0,0,1,1,0,0,0,1,0,1,0,0,1,0,0,0,0,0
disaster_02817,5553,train,not disaster,0,0,0,0,0,0,0,0,0,0,0,0,0,0,0,0,1,0,1,0
disaster_02819,1535,train,real disaster,1,0,0,1,1,0,1,0,0,0,0,0,0,0,0,0,0,0,0,1
disaster_02820,3696,train,not disaster,0,0,0,0,0,0,0,0,0,0,0,0,0,0,0,0,1,1,1,1
disaster_02821,8133,train,not disaster,0,0,0,0,0,0,1,0,0,0,0,0,0,0,0,0,0,1,0,0
disaster_02823,8234,test,real disaster,0,0,0,0,0,0,0,0,0,0,0,0,0,0,0,0,0,0,0,1
disaster_02822,1927,train,real disaster,1,0,1,0,0,0,0,1,0,1,0,0,0,0,0,0,1,0,1,1
disaster_02824,6601,train,not disaster,0,0,0,0,0,0,0,0,0,0,0,0,0,0,0,0,1,0,1,1
disaster_02825,8558,train,not disaster,0,0,0,0,0,0,0,0,0,0,0,0,0,0,0,0,1,1,1,0
disaster_02826,3588,train,not disaster,0,0,0,0,0,0,0,0,0,0,0,0,0,0,0,0,0,0,0,1
disaster_02829,3266,train,not disaster,0,1,0,0,1,0,0,0,0,0,0,0,0,0,0,0,0,0,0,0
disaster_02828,5418,test,not disaster,0,0,0,0,0,0,0,0,0,0,0,0,0,1,0,0,0,0,0,1
disaster_02830,1145,train,not disaster,0,0,0,0,0,0,0,0,0,0,0,0,0,0,0,0,1,0,0,1
disaster_02827,5075,train,real disaster,0,0,0,0,0,0,1,0,0,0,0,0,0,0,0,0,1,0,0,1
disaster_02832,10076,train,real disaster,1,1,0,0,0,0,1,0,0,0,0,0,0,0,0,0,0,0,0,0
disaster_02831,6787,test,real disaster,0,0,0,0,0,0,0,0,0,0,0,0,0,0,0,0,0,0,0,1
disaster_02814,9581,train,not disaster,0,0,0,0,0,0,0,0,0,0,0,0,0,0,0,0,0,1,0,1
disaster_02833,3658,train,not disaster,0,0,0,0,0,0,0,0,0,0,0,0,0,0,0,0,1,1,1,1
disaster_02834,56,test,real disaster,1,1,0,0,1,0,1,0,0,1,0,0,0,1,0,0,0,0,0,0
disaster_02835,10860,train,real disaster,1,1,0,0,1,0,0,1,0,0,0,0,0,0,0,0,0,0,1,0
disaster_02838,3766,train,not disaster,0,0,0,0,0,0,0,0,0,0,0,0,0,0,0,0,1,0,0,1
disaster_02837,8015,train,not disaster,0,0,0,0,0,0,0,0,0,0,0,0,0,0,0,0,1,0,1,1
disaster_02839,6339,test,real disaster,1,1,0,0,1,1,0,0,0,0,0,0,0,1,0,0,0,0,0,0
disaster_02840,10399,train,not disaster,0,0,0,0,0,0,0,0,0,0,0,0,0,0,0,0,0,1,0,0
disaster_02843,2364,test,real disaster,1,1,0,0,1,0,1,0,0,1,0,0,0,0,0,0,0,0,0,0
disaster_02836,5018,train,real disaster,1,0,0,0,1,0,1,0,0,0,0,0,0,0,0,0,0,0,0,0
disaster_02844,8862,train,not disaster,1,0,0,0,0,0,0,0,0,0,0,0,0,0,0,0,1,0,1,1
disaster_02845,5815,train,real disaster,1,1,1,0,1,1,0,0,0,0,0,0,0,0,0,1,0,0,0,0
disaster_02842,8149,train,real disaster,1,1,1,0,1,0,1,0,1,0,0,1,0,1,0,0,0,0,0,0
disaster_02841,1473,train,real disaster,0,0,0,0,0,0,0,0,0,0,0,0,0,0,0,0,1,0,1,1
disaster_02846,7640,train,not disaster,0,0,0,0,0,1,0,0,0,0,0,0,0,0,0,0,1,1,1,1
disaster_02847,4175,train,not disaster,0,0,0,0,0,0,0,0,0,0,0,0,0,0,0,0,1,0,0,1
disaster_02848,3906,train,real disaster,1,1,0,1,1,0,0,0,0,0,0,0,0,0,0,0,0,0,0,0
disaster_02849,3019,train,not disaster,0,0,0,0,1,0,1,0,1,0,0,0,0,0,0,0,0,0,0,0
disaster_02851,4601,train,not disaster,0,0,0,0,1,0,0,0,0,0,0,0,0,0,0,0,0,0,0,1
disaster_02850,9563,train,not disaster,1,0,0,0,0,0,0,1,0,0,0,0,0,0,0,0,0,0,0,0
disaster_02852,7473,train,not disaster,0,0,0,0,0,0,0,0,0,0,0,0,0,0,0,0,1,1,0,0
disaster_02853,2910,train,not disaster,0,0,0,0,0,0,0,0,0,0,0,0,0,0,0,0,1,1,0,1
disaster_02854,7196,test,not disaster,1,0,1,1,0,0,0,0,0,0,0,0,0,0,0,0,0,0,0,1
disaster_02855,10126,test,not disaster,0,0,0,0,0,0,0,0,0,0,0,0,0,0,0,0,0,0,0,1
disaster_02857,3346,train,not disaster,0,0,0,0,1,0,0,0,0,1,0,0,0,0,0,0,0,0,0,1
disaster_02859,9083,train,real disaster,1,1,0,1,0,1,1,0,1,0,0,0,0,0,0,0,0,0,0,0
disaster_02861,9143,train,real disaster,1,1,0,1,1,0,1,0,1,0,0,0,0,0,0,0,0,0,0,0
disaster_02860,1709,test,real disaster,0,0,0,0,1,1,1,0,0,0,0,0,0,0,0,0,1,1,0,0
disaster_02858,5141,train,not disaster,0,0,0,0,0,0,0,0,0,0,0,0,0,0,0,0,1,0,0,1
disaster_02863,5154,train,real disaster,1,1,0,1,1,0,1,0,1,0,0,0,0,0,0,0,0,0,0,0
disaster_02856,1440,train,real disaster,0,0,0,0,0,0,0,0,0,0,0,0,0,0,0,0,1,1,1,1
disaster_02862,8215,test,not disaster,0,0,0,0,0,0,0,0,0,0,0,0,0,0,0,0,0,1,0,0
disaster_02864,2049,train,real disaster,1,1,0,0,1,1,1,0,1,0,0,1,0,0,0,0,0,0,0,0
disaster_02865,8846,train,not disaster,0,0,0,0,0,0,0,0,0,0,0,0,0,0,0,0,1,0,1,1
disaster_02866,7771,test,not disaster,0,0,0,0,0,0,1,0,0,0,0,0,0,0,0,0,0,0,0,0
disaster_02867,8419,train,real disaster,1,1,1,1,1,0,0,0,0,0,0,0,0,0,0,0,0,0,0,0
disaster_02868,5836,train,not disaster,1,0,0,0,0,0,0,0,0,0,0,0,0,0,0,0,1,1,0,1
disaster_02870,2001,test,real disaster,1,1,0,0,1,1,0,0,0,0,0,0,0,0,0,0,0,0,0,0
disaster_02873,8461,test,not disaster,0,0,0,0,1,0,0,1,0,0,0,0,0,0,0,0,0,1,1,1
disaster_02872,6392,train,not disaster,0,0,0,0,0,0,0,0,0,0,0,0,0,0,0,0,1,0,1,1
disaster_02875,3210,test,not disaster,0,0,0,0,0,0,0,0,0,0,0,0,0,0,0,0,1,0,1,1
disaster_02869,8278,train,real disaster,0,0,0,0,0,0,0,0,0,0,0,0,0,0,0,0,1,0,1,1
disaster_02876,8496,test,not disaster,0,0,0,0,0,0,0,0,0,0,0,0,0,0,0,0,1,1,1,1
disaster_02871,10247,train,real disaster,1,1,0,0,1,1,0,0,0,0,0,1,0,0,0,0,0,0,0,0
disaster_02878,3152,train,real disaster,1,1,0,0,0,0,1,0,0,0,0,0,0,0,0,0,0,0,0,0
disaster_02877,48,test,real disaster,1,1,0,0,1,0,0,0,0,1,0,0,0,0,0,0,0,0,0,0
disaster_02874,4350,train,real disaster,1,0,1,0,1,0,1,0,0,0,0,0,0,0,0,0,0,0,0,1
disaster_02879,2376,train,not disaster,0,0,0,0,0,0,0,1,0,0,0,0,0,0,0,0,0,0,0,0
disaster_02884,8135,train,not disaster,0,0,0,0,0,0,0,0,0,0,0,0,0,0,0,0,1,0,0,1
disaster_02883,2757,train,not disaster,0,0,0,0,0,0,0,0,0,0,0,0,0,0,0,0,0,0,0,0
disaster_02880,5781,train,real disaster,0,0,0,0,0,0,0,0,0,0,0,0,0,0,0,0,0,0,0,1
disaster_02881,4872,train,not disaster,1,0,0,0,0,0,0,0,0,0,0,0,0,0,0,0,1,0,1,1
disaster_02885,6464,train,real disaster,1,1,1,1,1,1,1,0,1,0,0,0,0,1,0,0,0,0,0,0
disaster_02886,1080,test,not disaster,1,0,0,1,0,0,0,0,0,0,0,0,0,0,0,0,1,0,1,0
disaster_02882,5932,train,not disaster,0,0,0,0,0,0,0,0,0,0,0,0,0,0,0,0,1,1,0,1
disaster_02887,1617,train,real disaster,0,0,0,0,0,0,1,0,0,0,0,0,0,0,0,0,1,1,0,0
disaster_02889,10490,train,not disaster,1,0,1,0,1,0,1,0,0,0,0,0,0,0,0,1,0,0,0,0
disaster_02890,6864,test,real disaster,1,0,1,1,1,0,0,0,1,0,0,0,0,0,0,0,0,0,0,1
disaster_02888,8933,train,not disaster,1,0,0,0,1,1,0,0,0,0,0,0,0,0,0,0,0,0,0,1
disaster_02892,7330,train,not disaster,0,0,0,0,1,0,1,0,0,0,0,0,0,0,0,0,0,0,0,1
disaster_02891,2031,train,real disaster,1,1,1,1,1,0,1,0,0,0,0,0,0,0,0,0,0,0,0,0
disaster_02893,5339,train,not disaster,1,0,0,0,0,0,0,0,0,0,0,0,0,0,0,0,1,0,0,0
disaster_02895,6920,test,real disaster,0,0,0,0,0,0,0,0,0,0,0,0,0,0,0,0,1,0,0,1
disaster_02898,2081,train,real disaster,1,0,1,0,1,0,0,0,1,0,0,0,0,0,0,0,0,0,0,0
disaster_02897,7719,train,not disaster,0,1,1,0,0,0,0,0,0,0,1,0,0,0,0,0,0,0,0,0
disaster_02894,9239,train,real disaster,1,1,1,1,1,0,0,0,1,0,0,0,0,0,0,0,0,0,0,0
disaster_02900,2139,train,not disaster,0,0,0,0,0,0,1,0,0,0,0,0,0,0,0,0,0,0,0,1
disaster_02896,8774,train,not disaster,0,0,0,0,0,0,0,0,0,0,0,0,0,0,0,0,0,1,1,1
disaster_02901,6019,test,real disaster,1,1,1,0,0,0,1,0,0,0,0,0,0,0,0,0,0,0,0,0
disaster_02905,8761,train,real disaster,1,0,1,0,1,0,0,1,0,0,0,0,0,0,0,0,1,0,0,0
disaster_02902,9885,train,not disaster,0,0,0,0,0,0,0,0,0,0,0,0,0,0,0,0,1,0,1,1
disaster_02903,4117,train,not disaster,0,0,0,0,0,0,0,0,0,0,0,0,0,0,0,0,1,0,1,1
disaster_02899,3435,test,not disaster,0,0,0,0,0,0,1,0,0,0,0,0,0,0,0,0,0,0,0,1
disaster_02904,7565,test,real disaster,1,1,0,0,0,0,0,0,1,0,0,1,0,0,0,0,0,0,0,0
disaster_02906,4232,train,not disaster,0,0,0,0,0,0,0,0,0,0,0,0,0,0,0,0,1,0,1,1
disaster_02908,10590,train,real disaster,1,1,1,1,1,1,1,0,1,0,0,0,0,0,0,0,0,0,0,0
disaster_02909,1572,train,not disaster,1,0,0,0,1,0,0,0,0,0,0,0,0,0,0,0,1,0,1,1
disaster_02911,6092,train,not disaster,0,0,1,1,0,0,0,0,0,0,0,0,0,0,0,1,1,0,0,1
disaster_02910,6721,train,not disaster,0,0,0,0,0,0,0,0,0,0,0,0,0,0,0,0,1,0,1,1
disaster_02912,1661,train,real disaster,1,1,0,1,1,1,1,0,0,0,0,0,0,0,0,0,0,0,0,1
disaster_02913,8120,train,not disaster,0,0,0,0,0,0,0,0,0,0,0,0,0,0,0,0,1,0,0,1
disaster_02914,8575,train,not disaster,0,0,0,0,0,0,0,0,0,0,0,0,0,0,0,0,1,0,1,1
disaster_02916,10191,train,real disaster,1,1,1,0,0,0,1,0,0,0,0,0,0,0,0,0,0,0,0,0
disaster_02915,499,train,not disaster,0,0,0,0,0,0,0,0,0,0,0,0,0,0,0,0,0,1,0,1
disaster_02907,6885,train,real disaster,1,0,0,0,0,0,0,0,0,0,0,0,0,0,0,0,1,0,1,1
disaster_02918,5381,train,real disaster,1,1,0,0,1,0,0,0,0,0,0,0,0,1,0,0,0,0,0,0
disaster_02917,3136,train,real disaster,1,1,0,0,1,0,1,0,0,0,0,0,0,0,0,0,0,0,0,0
disaster_02920,5280,test,not disaster,0,0,0,0,0,0,0,0,0,0,0,0,0,0,0,0,0,1,0,0
disaster_02924,6499,train,not disaster,0,0,0,0,0,0,0,0,0,0,0,0,0,0,0,0,1,1,1,1
disaster_02922,736,train,real disaster,1,1,1,1,1,0,1,0,0,0,0,0,0,0,0,0,0,0,0,0
disaster_02925,7421,train,not disaster,0,0,0,0,0,0,0,0,0,0,0,0,0,0,0,0,1,1,1,1
disaster_02923,4565,train,not disaster,0,0,0,0,1,0,0,0,0,0,0,0,0,0,0,1,0,0,0,1
disaster_02926,5248,train,real disaster,0,0,0,0,0,0,0,0,1,0,0,0,0,0,0,0,0,0,0,0
disaster_02927,7548,train,real disaster,1,1,0,0,0,0,1,0,1,0,0,1,0,0,0,0,0,0,0,0
disaster_02919,674,train,real disaster,1,0,0,0,0,0,0,0,0,0,0,0,0,0,0,0,1,1,0,1
disaster_02928,8806,train,not disaster,0,0,0,0,0,0,0,0,0,0,0,0,0,0,0,0,0,1,0,0
disaster_02930,82,test,not disaster,0,0,0,0,1,1,0,1,0,0,0,0,0,0,0,0,1,0,1,1
disaster_02929,6445,train,real disaster,0,0,0,0,1,0,1,0,1,0,0,0,0,0,0,0,0,0,0,1
disaster_02931,1768,train,real disaster,1,1,1,0,1,1,1,0,0,1,0,0,0,0,0,0,0,0,0,0
disaster_02921,469,train,not disaster,1,0,0,0,0,0,0,0,0,0,0,0,0,0,0,0,1,0,0,0
disaster_02932,6440,train,real disaster,1,1,1,1,1,0,1,0,1,0,0,0,0,0,0,0,0,0,0,0
disaster_02937,472,train,not disaster,1,0,1,0,1,0,0,0,0,0,0,0,0,0,0,0,1,0,0,1
disaster_02936,4911,train,real disaster,1,0,0,0,0,0,0,0,0,0,0,0,0,0,0,0,1,0,1,1
disaster_02935,10789,test,not disaster,0,0,0,0,0,0,1,0,0,1,0,1,0,0,0,0,0,1,0,1
disaster_02938,1447,train,not disaster,0,0,0,0,0,0,0,0,0,0,0,0,0,0,0,0,1,1,0,1
disaster_02934,8418,train,real disaster,1,1,1,1,1,1,0,0,0,0,0,0,0,0,0,0,0,0,0,0
disaster_02939,2552,train,not disaster,0,0,0,0,0,0,0,0,0,0,0,0,0,0,0,0,1,0,0,1
disaster_02941,1243,train,not disaster,0,0,0,0,0,0,0,0,0,0,0,0,0,0,0,0,1,0,1,1
disaster_02942,2730,test,not disaster,0,0,0,0,0,0,0,0,0,0,0,0,0,0,0,0,1,1,0,1
disaster_02940,2432,train,real disaster,0,0,0,0,0,0,0,0,0,0,0,0,0,0,0,0,1,1,0,0
disaster_02943,5213,train,real disaster,0,0,0,0,0,0,0,0,0,0,0,0,0,0,0,0,0,0,0,0
disaster_02945,9093,train,not disaster,1,0,1,0,1,0,0,0,0,0,0,0,0,0,0,0,1,0,0,1
disaster_02946,1043,train,not disaster,0,0,0,0,0,1,0,0,0,0,0,0,0,0,0,0,1,1,0,1
disaster_02944,8508,train,not disaster,0,0,0,0,0,0,0,0,0,0,0,0,0,0,0,0,1,1,1,1
disaster_02947,7088,train,not disaster,1,0,0,0,0,0,0,0,0,0,0,0,0,0,0,0,0,0,0,0
disaster_02948,5256,train,not disaster,0,0,0,0,0,0,0,0,0,0,0,0,0,0,0,0,0,1,0,0
disaster_02949,2575,train,real disaster,1,0,0,0,0,0,0,0,0,0,0,0,0,0,0,0,1,0,1,0
disaster_02950,7312,train,real disaster,1,0,0,0,0,0,0,0,0,0,0,0,0,0,0,0,1,0,1,1
disaster_02953,5231,train,not disaster,0,0,0,0,0,0,0,0,0,0,0,0,0,0,0,0,0,1,0,1
disaster_02951,2642,train,not disaster,1,0,0,0,0,0,0,1,0,0,0,0,0,0,0,0,1,1,1,1
disaster_02952,704,train,not disaster,1,0,0,0,0,0,0,0,0,0,0,0,0,0,0,0,1,0,1,1
disaster_02955,3475,test,not disaster,1,0,0,0,0,0,0,0,0,0,0,0,0,0,0,0,1,0,0,1
disaster_02954,2339,train,not disaster,0,0,0,0,1,0,0,0,0,0,0,0,0,0,0,0,1,1,1,1
disaster_02956,5744,train,real disaster,1,0,1,0,1,0,0,0,0,0,0,0,0,0,0,0,0,0,0,0
disaster_02957,5949,train,not disaster,1,1,1,0,1,0,0,0,0,0,0,0,0,0,0,0,0,0,0,0
disaster_02933,8830,train,not disaster,0,0,0,0,0,0,0,0,0,0,0,0,0,0,0,0,1,0,1,1
disaster_02958,9060,train,not disaster,0,0,0,0,0,0,1,0,0,0,0,0,0,0,0,0,1,0,0,1
disaster_02959,5220,train,not disaster,0,0,0,0,0,0,0,0,0,0,0,0,0,0,0,0,1,0,0,1
disaster_02962,1113,train,not disaster,1,0,0,0,0,0,0,1,0,0,0,0,0,0,0,0,1,0,1,1
disaster_02963,8768,train,not disaster,0,0,0,0,0,0,0,0,0,0,0,0,0,0,0,0,0,1,0,1
disaster_02961,2064,train,not disaster,1,0,0,1,0,0,1,0,0,0,0,0,0,0,0,0,1,1,0,1
disaster_02960,8881,train,not disaster,0,0,0,0,0,0,0,0,0,0,0,0,0,0,0,0,1,0,1,1
disaster_02964,6862,train,not disaster,1,0,0,0,0,0,0,0,1,0,0,0,0,0,0,0,1,0,0,1
disaster_02966,9482,train,real disaster,0,0,0,0,0,0,1,0,0,0,0,0,0,0,0,0,0,0,0,1
disaster_02965,10001,train,real disaster,1,0,0,0,0,0,0,0,0,0,0,0,0,0,0,0,0,0,0,1
disaster_02967,10620,train,real disaster,1,1,1,0,1,0,1,0,1,0,0,0,0,1,0,0,0,0,0,0
disaster_02969,5209,train,real disaster,0,1,1,0,0,1,0,0,1,0,0,0,0,0,0,1,0,0,0,0
disaster_02968,9075,train,real disaster,1,1,1,1,1,0,1,0,0,0,0,0,0,0,0,0,0,0,0,0
disaster_02970,6265,train,not disaster,1,0,1,1,0,0,1,0,0,0,0,0,0,0,0,0,0,1,0,1
disaster_02971,2936,train,not disaster,0,0,0,0,0,0,0,0,0,0,0,0,0,0,0,0,1,1,0,1
disaster_02976,9263,test,real disaster,0,0,0,0,0,1,0,0,0,0,0,0,0,0,0,0,1,1,1,1
disaster_02972,2398,train,real disaster,0,1,1,0,0,0,0,0,0,1,0,0,0,0,0,0,0,0,0,0
disaster_02974,6807,train,not disaster,0,0,0,0,0,0,0,1,0,0,0,0,0,0,0,0,1,0,1,0
disaster_02975,4141,test,real disaster,1,0,0,0,0,0,0,0,0,0,0,0,0,0,0,0,1,0,1,1
disaster_02973,7969,train,real disaster,1,1,0,0,1,0,1,0,0,1,0,0,0,0,0,0,0,0,0,0
disaster_02978,2863,train,real disaster,1,1,0,0,1,0,0,0,0,1,0,0,0,0,0,0,0,0,0,0
disaster_02979,3569,train,not disaster,1,0,1,0,1,0,0,0,0,0,0,0,0,0,0,0,1,0,1,1
disaster_02977,3122,train,real disaster,1,1,0,0,1,0,0,0,0,0,0,0,0,0,0,0,0,0,0,0
disaster_02981,3039,train,not disaster,0,0,0,0,0,0,0,0,0,0,0,0,0,0,0,0,1,0,1,1
disaster_02980,5799,train,not disaster,0,0,0,0,0,0,0,0,0,0,0,0,0,0,0,0,1,1,1,1
disaster_02983,5927,train,not disaster,0,0,1,0,0,1,1,0,0,0,1,0,0,0,0,0,0,0,0,0
disaster_02982,4019,train,real disaster,1,0,0,1,0,1,0,0,0,0,0,0,0,0,0,0,0,0,0,1
disaster_02984,503,train,not disaster,0,0,0,0,0,0,0,0,0,0,0,0,0,0,0,0,0,1,0,1
disaster_02985,74,train,real disaster,1,1,1,1,0,0,1,0,0,0,0,0,0,0,0,0,0,0,0,0
disaster_02989,4779,train,real disaster,1,1,1,0,1,0,1,0,1,0,0,1,0,0,1,0,0,0,0,0
disaster_02987,1282,train,not disaster,0,0,0,0,0,0,0,0,0,0,0,0,0,0,0,0,1,0,1,1
disaster_02986,10433,train,real disaster,0,0,0,0,1,1,0,0,0,0,0,0,0,0,0,0,1,0,0,1
disaster_02988,6103,train,not disaster,0,0,0,0,0,0,0,0,0,0,0,0,0,0,0,0,1,0,1,0
disaster_02991,1910,train,real disaster,0,0,0,0,0,0,0,0,0,0,0,0,0,0,0,0,1,0,1,1
disaster_02990,9761,train,not disaster,0,0,1,0,0,0,0,1,0,0,0,0,0,0,0,0,0,0,1,0
disaster_02992,9395,train,not disaster,0,0,0,0,0,0,0,0,0,0,0,0,0,0,0,0,1,0,0,1
disaster_02993,6841,train,not disaster,0,0,0,0,0,0,0,0,0,0,0,0,0,0,0,0,0,1,0,1
disaster_02995,8522,train,not disaster,0,0,0,0,0,0,0,0,0,0,0,0,0,0,0,0,1,1,1,0
disaster_02996,8028,train,real disaster,0,1,0,0,1,0,1,0,0,0,0,1,0,0,1,0,0,0,0,0
disaster_02998,9206,train,real disaster,1,0,0,0,0,0,0,0,0,0,0,0,0,0,0,0,1,0,0,1
disaster_02999,1204,train,not disaster,0,0,0,0,0,0,0,0,0,0,0,0,0,0,0,0,0,1,0,1
disaster_03001,1279,test,not disaster,0,0,0,0,0,0,0,0,0,0,0,0,0,0,0,0,1,0,1,0
disaster_02994,4374,train,real disaster,1,0,1,1,0,0,1,0,1,0,0,0,0,0,0,0,0,0,0,1
disaster_02997,4309,train,real disaster,1,1,1,0,1,0,1,0,0,0,0,0,0,0,0,0,0,0,0,0
disaster_03003,3953,train,not disaster,0,0,0,0,1,1,0,0,0,0,0,0,0,0,0,0,1,1,0,0
disaster_03000,1177,train,not disaster,0,0,0,0,0,0,0,0,0,0,0,0,0,0,0,0,0,0,0,1
disaster_03004,4314,train,not disaster,1,0,0,0,1,0,0,0,0,0,0,0,0,0,0,0,1,0,1,1
disaster_03006,1493,train,not disaster,0,0,0,0,0,0,0,0,0,0,0,0,0,0,0,0,1,0,1,1
disaster_03005,2083,train,not disaster,0,0,0,0,0,0,1,0,0,0,0,0,0,0,0,0,0,0,0,1
disaster_03009,10593,test,real disaster,1,1,1,0,1,0,1,0,1,0,0,0,0,1,0,0,0,0,0,0
disaster_03002,8598,train,real disaster,1,0,1,0,1,0,1,0,0,0,0,0,0,0,0,0,0,0,0,1
disaster_03008,3085,train,not disaster,0,0,1,0,0,0,0,0,1,0,0,0,0,0,0,0,0,0,0,1
disaster_03010,2191,train,real disaster,1,1,0,0,0,0,0,0,0,1,0,0,0,0,0,0,0,0,0,0
disaster_03013,3598,train,real disaster,0,0,0,0,1,1,0,0,0,0,0,0,0,0,0,0,0,0,0,1
disaster_03011,8692,test,not disaster,0,0,0,0,0,0,0,0,0,0,0,0,0,0,0,0,1,0,0,1
disaster_03012,3549,train,real disaster,1,1,0,0,1,0,1,0,0,0,0,0,0,0,0,0,0,0,0,0
disaster_03015,8236,train,not disaster,0,0,0,0,1,0,1,0,0,0,0,0,0,0,0,0,0,1,0,1
disaster_03007,2777,train,not disaster,0,0,0,0,0,1,0,0,0,0,0,0,0,0,0,0,1,0,1,1
disaster_03016,5403,train,real disaster,1,0,0,0,1,0,1,0,0,0,0,0,0,1,0,0,0,0,0,0
disaster_03017,9156,train,real disaster,1,1,1,1,1,0,1,0,1,0,0,0,0,0,0,0,0,0,0,0
disaster_03014,2462,train,not disaster,1,0,1,0,0,0,0,0,0,0,0,0,0,0,0,0,1,1,0,0
disaster_03018,5812,train,real disaster,1,1,0,1,0,0,0,1,0,1,0,0,0,0,0,0,0,0,0,0
disaster_03019,6202,test,not disaster,0,0,0,0,0,0,0,0,0,0,0,0,0,0,0,1,0,0,0,1
disaster_03021,8254,train,real disaster,1,1,0,0,1,0,0,0,0,0,0,0,0,0,0,0,0,0,0,0
disaster_03022,3097,train,real disaster,0,0,0,1,0,1,0,0,1,0,0,1,0,0,0,0,1,0,1,1
disaster_03020,8098,train,not disaster,0,0,0,0,1,0,0,1,0,0,0,0,0,1,0,0,0,1,0,0
disaster_03024,4233,train,real disaster,0,0,0,0,1,0,0,0,0,0,0,0,0,0,0,0,0,0,0,0
disaster_03025,4978,train,real disaster,1,0,0,0,0,1,1,0,0,0,0,0,0,0,0,0,0,0,0,1
disaster_03023,7551,train,real disaster,1,1,1,0,1,0,1,0,1,0,0,1,0,0,0,0,0,0,0,0
disaster_03026,1112,train,not disaster,0,0,0,0,0,0,0,0,0,0,0,0,0,0,0,0,1,0,1,1
disaster_03028,7630,test,not disaster,0,1,0,0,1,0,1,0,0,0,0,0,0,0,0,0,0,0,0,0
disaster_03027,5106,test,real disaster,1,1,1,1,1,1,0,0,0,1,0,0,0,0,0,0,1,0,0,1
disaster_03029,4327,train,not disaster,1,0,0,0,0,0,0,0,0,0,0,0,0,0,0,0,0,1,0,1
disaster_03031,3048,train,not disaster,0,0,0,0,0,1,0,0,1,0,0,0,0,0,0,0,0,1,0,0
disaster_03030,6087,train,not disaster,1,0,1,0,0,0,0,0,0,0,0,0,0,0,0,1,1,0,0,1
disaster_03035,6466,train,real disaster,0,0,0,0,0,0,0,0,0,0,0,0,0,0,0,0,0,0,0,1
disaster_03033,4881,train,not disaster,1,0,0,0,0,0,0,0,0,0,0,0,0,0,0,0,1,0,1,0
disaster_03034,3642,train,not disaster,0,0,0,0,0,0,0,0,0,0,0,0,0,0,0,0,1,1,0,1
disaster_03036,10014,test,not disaster,0,0,0,0,1,0,0,0,0,0,0,0,0,0,0,0,1,0,0,1
disaster_03032,8581,test,not disaster,0,0,0,0,0,0,0,0,0,0,0,0,0,0,0,0,1,1,1,1
disaster_03039,5507,train,not disaster,0,0,0,0,0,0,0,0,0,0,0,0,0,0,0,0,1,1,0,1
disaster_03040,37,train,not disaster,0,0,0,0,0,0,0,0,0,0,0,0,0,0,0,0,1,0,1,1
disaster_03042,6397,train,real disaster,1,0,0,0,0,0,0,0,0,0,0,0,0,0,0,0,1,0,1,0
disaster_03038,5654,train,not disaster,0,0,0,0,0,0,0,0,0,0,0,0,0,0,0,0,1,0,1,1
disaster_03041,6983,train,not disaster,1,0,1,0,0,0,0,0,0,0,0,0,0,0,0,0,1,0,0,1
disaster_03037,3295,train,not disaster,1,0,0,1,0,1,0,0,0,1,0,0,0,0,0,0,0,0,0,1
disaster_03044,1065,test,real disaster,0,0,0,0,0,0,0,0,0,0,0,0,0,0,0,0,0,0,0,0
disaster_03045,451,train,not disaster,0,0,0,0,0,0,0,0,0,0,0,0,0,0,0,0,1,1,0,1
disaster_03046,10478,train,not disaster,1,0,0,0,0,0,0,0,0,0,0,0,0,0,0,0,1,0,0,1
disaster_03043,9537,train,real disaster,1,0,0,1,0,0,1,0,0,0,0,0,0,0,0,0,0,0,0,1
disaster_03048,8018,train,real disaster,0,1,0,0,1,0,0,0,0,0,0,1,0,0,1,0,0,0,0,0
disaster_03047,4625,train,not disaster,0,0,0,0,1,1,0,0,0,0,0,0,0,1,0,0,0,0,0,1
disaster_03050,9297,train,not disaster,0,0,0,0,0,0,0,0,0,0,0,0,0,0,0,0,1,1,1,1
disaster_03051,9832,train,not disaster,0,0,0,0,0,0,0,0,0,0,0,0,0,0,0,0,1,0,1,1
disaster_03049,7766,train,not disaster,0,1,1,0,0,0,1,0,0,0,0,0,0,1,0,0,0,0,0,0
disaster_03055,427,train,not disaster,0,0,0,0,1,1,0,0,0,0,0,0,0,0,0,0,1,0,1,0
disaster_03053,522,train,not disaster,0,0,0,0,0,0,0,0,0,0,0,0,0,0,0,0,0,1,0,1
disaster_03052,2035,train,real disaster,0,0,0,0,1,0,1,0,1,0,0,0,0,0,0,0,0,0,0,1
disaster_03054,9380,train,not disaster,0,0,0,0,0,0,0,0,0,0,0,0,0,0,0,0,1,0,1,1
disaster_03057,767,train,not disaster,0,0,0,0,0,0,0,0,0,0,0,0,0,0,0,0,1,0,0,1
disaster_03058,8202,train,not disaster,0,0,0,0,0,0,0,0,0,0,0,0,0,0,0,0,1,1,0,1
disaster_03061,3406,test,not disaster,1,0,1,0,0,0,0,0,0,0,0,0,0,0,0,0,1,0,0,1
disaster_03059,5193,train,real disaster,0,0,0,0,0,0,0,0,0,0,0,0,0,0,0,0,1,1,0,1
disaster_03062,10823,train,real disaster,0,0,0,0,0,0,0,0,0,0,0,0,0,0,0,0,1,1,1,1
disaster_03060,2286,train,not disaster,0,0,0,0,0,0,0,0,0,0,0,0,0,0,0,0,1,0,1,1
disaster_03063,8893,test,real disaster,1,0,0,0,1,0,0,0,0,0,0,0,0,0,0,0,1,0,1,1
disaster_03065,3026,train,real disaster,0,0,1,0,0,0,0,0,0,0,0,0,0,0,0,0,0,0,0,1
disaster_03064,7108,test,not disaster,0,0,0,0,0,0,1,0,0,0,0,0,0,0,0,0,0,0,0,1
disaster_03056,5821,train,real disaster,1,1,1,0,0,0,0,0,0,0,0,0,0,0,0,0,0,0,0,0
disaster_03067,6369,test,real disaster,1,1,1,0,1,0,1,0,0,0,0,0,0,0,0,0,0,0,0,0
disaster_03068,843,train,not disaster,1,1,1,1,0,0,1,0,0,0,1,0,0,0,0,0,0,0,0,0
disaster_03069,655,train,real disaster,1,1,0,1,1,0,0,0,1,0,0,0,0,0,0,0,0,0,0,0
disaster_03071,2946,test,not disaster,0,0,0,0,0,0,0,0,0,0,0,0,0,0,0,0,1,1,1,1
disaster_03070,744,train,not disaster,1,0,1,0,0,0,0,0,0,0,0,0,0,0,0,0,0,0,0,0
disaster_03066,4833,train,real disaster,1,1,1,1,1,0,0,0,0,0,0,0,0,0,1,0,0,0,0,0
disaster_03072,5315,train,not disaster,1,0,0,0,0,0,0,0,0,0,0,0,0,0,0,0,1,1,0,1
disaster_03073,4488,train,real disaster,1,1,0,1,1,0,1,0,0,0,0,0,0,0,0,0,0,0,0,0
disaster_03075,3984,train,real disaster,1,0,0,1,1,0,0,0,0,1,0,0,0,0,0,0,0,0,0,1
disaster_03074,9439,train,not disaster,0,0,0,0,0,0,1,0,0,0,0,0,0,0,0,0,0,1,0,1
disaster_03076,9823,train,real disaster,0,0,0,0,0,0,1,0,0,0,0,0,0,0,0,0,0,0,0,1
disaster_03079,4940,train,not disaster,1,0,0,0,0,0,0,0,0,0,0,0,0,0,0,0,1,0,1,0
disaster_03077,5088,train,not disaster,0,0,0,0,0,0,0,0,0,0,0,0,0,0,0,0,1,1,0,1
disaster_03081,9434,train,not disaster,1,0,0,0,1,0,0,0,0,0,0,0,0,0,0,0,0,1,0,1
disaster_03078,8606,test,real disaster,0,0,0,0,1,0,0,0,0,0,0,0,0,0,0,0,1,0,0,1
disaster_03082,5567,train,real disaster,1,1,0,0,0,0,1,0,0,0,0,1,0,0,0,0,0,0,0,0
disaster_03084,8170,test,real disaster,1,1,1,0,1,0,1,0,1,0,0,1,0,1,0,0,0,0,0,0
disaster_03085,6823,train,real disaster,0,0,0,0,0,1,0,1,0,0,0,0,0,0,0,0,1,0,1,0
disaster_03083,3484,train,real disaster,1,1,0,0,0,0,0,1,0,0,1,0,0,0,0,0,0,0,1,0
disaster_03086,10090,train,not disaster,1,1,0,0,0,0,1,0,0,0,0,0,0,0,0,0,0,0,0,0
disaster_03087,5797,train,real disaster,1,1,1,0,1,1,1,0,0,0,0,1,0,0,0,1,0,0,0,0
disaster_03088,8536,test,not disaster,0,0,0,0,0,0,0,0,0,0,0,0,0,0,0,0,1,1,1,0
disaster_03080,4289,train,not disaster,1,0,1,0,0,0,0,0,1,0,0,0,0,0,0,0,0,1,0,1
disaster_03089,4368,train,real disaster,1,1,1,0,1,1,1,0,0,0,0,0,0,0,0,0,0,0,0,0
disaster_03090,9510,train,real disaster,1,1,1,0,0,0,0,0,0,0,0,0,0,0,0,0,0,0,0,0
disaster_03091,10077,train,real disaster,1,1,0,1,1,0,1,0,0,0,0,0,0,0,0,0,0,0,0,0
disaster_03094,3161,train,real disaster,1,0,0,0,0,0,1,0,0,0,0,0,0,0,0,0,0,0,0,1
disaster_03092,1485,test,not disaster,0,0,0,0,0,0,0,0,0,0,0,0,0,0,0,0,1,0,1,1
disaster_03093,7678,test,not disaster,0,0,0,0,0,0,0,0,0,0,0,0,0,0,0,0,1,0,1,0
disaster_03098,1146,train,not disaster,0,0,0,0,1,0,0,0,0,0,0,0,0,0,0,0,0,0,0,1
disaster_03095,1531,train,not disaster,0,0,1,0,0,0,1,0,0,0,0,0,0,0,0,0,1,0,0,1
disaster_03096,7971,train,real disaster,1,1,0,0,1,0,1,0,0,1,0,0,0,0,0,0,0,0,0,0
disaster_03099,2560,train,not disaster,1,0,0,0,0,0,0,0,0,0,0,0,0,0,0,0,0,1,0,0
disaster_03097,2759,test,not disaster,0,0,0,0,1,0,1,0,0,0,0,0,0,0,0,0,0,0,0,0
disaster_03101,642,test,not disaster,1,1,1,1,1,0,1,0,0,0,0,0,0,0,0,0,0,0,0,0
disaster_03100,5355,train,not disaster,1,0,0,0,0,0,0,0,0,0,0,0,0,0,0,0,1,0,0,0
disaster_03103,1737,train,not disaster,1,0,0,0,0,0,0,0,0,0,0,0,0,0,0,0,1,1,0,1
disaster_03105,9016,test,not disaster,1,0,0,0,0,0,0,0,0,0,0,0,0,0,0,0,1,1,1,1
disaster_03104,208,train,real disaster,1,1,0,0,1,1,0,0,1,0,0,0,0,0,0,0,0,0,0,0
disaster_03102,1963,train,real disaster,1,0,0,0,0,0,0,0,0,1,0,0,0,0,0,0,1,0,1,1
disaster_03106,5428,train,real disaster,1,0,0,0,0,0,1,0,0,1,0,0,0,1,0,0,0,0,0,0
disaster_03111,1236,test,not disaster,0,0,0,0,0,0,0,0,0,0,0,0,0,0,0,0,1,0,0,1
disaster_03108,2941,train,not disaster,0,0,1,0,0,0,0,0,0,0,0,0,0,0,0,1,0,0,0,1
disaster_03110,5694,train,real disaster,1,1,0,0,1,0,0,0,0,0,0,0,0,0,0,0,0,0,0,0
disaster_03107,1687,train,real disaster,1,1,1,0,0,0,1,0,0,1,0,0,0,0,0,0,0,0,0,0
disaster_03112,6283,train,real disaster,1,0,1,1,0,0,1,0,0,0,0,0,0,0,0,0,0,1,0,1
disaster_03115,550,train,real disaster,1,1,0,0,1,1,0,0,0,0,0,0,0,1,0,0,0,0,0,0
disaster_03113,7526,train,real disaster,1,1,1,1,0,0,1,0,0,0,0,1,0,0,0,0,0,0,0,0
disaster_03116,8974,train,real disaster,1,1,0,0,0,0,0,0,0,0,0,0,0,0,0,0,0,0,0,0
disaster_03109,4306,train,real disaster,1,0,0,0,1,0,1,0,1,0,0,0,0,0,0,0,0,1,0,0
disaster_03114,5377,test,real disaster,0,0,0,0,1,0,0,0,0,0,0,0,0,1,0,0,0,0,0,1
disaster_03117,1458,train,real disaster,0,0,0,0,0,0,0,0,0,0,0,0,0,0,0,0,1,1,1,1
disaster_03118,524,test,not disaster,0,0,0,0,0,0,0,0,0,0,0,0,0,0,0,0,0,1,0,1
disaster_03120,2402,train,not disaster,0,0,0,0,0,0,0,0,0,0,0,0,0,0,0,0,0,0,0,0
disaster_03119,265,train,not disaster,0,0,0,0,0,0,0,0,0,0,0,0,0,1,0,0,0,0,0,1
disaster_03122,7686,train,not disaster,0,0,0,0,0,0,0,0,0,0,0,0,0,0,0,0,0,0,0,1
disaster_03121,4793,train,real disaster,1,1,1,0,1,0,1,0,0,0,0,0,0,0,1,0,0,0,0,0
disaster_03123,7587,train,real disaster,1,1,0,0,0,0,1,0,1,0,0,1,0,0,0,0,0,0,0,0
disaster_03125,8800,test,not disaster,0,0,0,0,0,0,0,0,0,0,0,0,0,0,0,0,1,1,1,1
disaster_03127,1632,train,real disaster,1,0,0,0,1,1,0,0,0,0,0,0,0,0,0,0,0,0,0,1
disaster_03124,6188,train,not disaster,1,0,0,0,1,0,0,0,0,0,0,0,0,0,0,0,0,0,0,0
disaster_03128,1203,train,not disaster,0,0,0,1,0,1,1,1,0,0,0,0,0,0,0,0,0,0,0,0
disaster_03126,8463,train,not disaster,0,0,0,0,1,0,0,0,0,0,0,0,0,0,0,0,0,1,0,0
disaster_03130,4292,train,not disaster,0,0,0,0,0,0,0,0,0,0,0,0,0,0,0,0,1,0,0,1
disaster_03129,4274,test,real disaster,0,1,1,0,1,0,0,0,0,0,0,0,0,0,0,0,0,0,0,0
disaster_03133,1593,train,real disaster,1,1,1,1,1,0,0,0,1,0,0,0,0,0,0,0,0,0,0,0
disaster_03131,6701,train,real disaster,0,0,0,0,0,0,0,0,0,0,0,0,0,0,0,0,1,0,1,1
disaster_03132,758,train,not disaster,0,0,0,0,1,0,0,0,0,0,0,0,0,0,0,0,0,1,0,1
disaster_03134,2000,train,real disaster,1,1,0,0,1,0,1,1,0,0,0,0,0,1,0,0,0,0,0,0
disaster_03135,4010,train,real disaster,0,0,1,0,1,0,0,0,0,0,0,0,0,0,0,0,1,0,0,1
disaster_03136,4903,train,not disaster,0,0,0,0,0,0,0,0,0,0,0,0,0,0,0,0,1,0,0,1
disaster_03137,6925,train,not disaster,0,0,0,0,0,0,0,0,0,0,0,0,0,0,0,0,1,0,1,1
disaster_03139,10329,train,not disaster,0,0,0,0,0,0,0,0,0,0,0,0,0,0,0,0,1,0,0,1
disaster_03138,7528,train,real disaster,1,1,0,0,1,0,1,0,0,0,0,1,0,0,0,0,0,0,0,0
disaster_03142,6629,test,not disaster,0,0,0,0,0,0,1,0,0,0,0,0,0,0,0,0,1,0,0,1
disaster_03140,1405,train,not disaster,0,0,0,0,0,0,0,0,0,0,0,0,0,0,0,0,0,0,0,1
disaster_03143,10808,train,real disaster,1,1,0,1,0,0,0,0,0,1,0,0,0,0,0,0,0,0,0,0
disaster_03144,961,train,not disaster,0,0,0,0,0,0,0,0,0,0,0,0,0,0,0,0,0,0,0,1
disaster_03145,1901,train,not disaster,0,0,0,0,1,1,0,0,0,0,0,0,0,0,0,0,0,1,0,1
disaster_03141,9822,train,real disaster,1,0,0,0,1,0,0,1,0,0,0,0,0,0,0,0,0,0,0,0
disaster_03146,7893,test,not disaster,0,0,0,0,0,1,1,0,0,0,0,0,0,0,0,0,0,0,0,1
disaster_03147,4248,test,not disaster,0,0,0,0,0,0,0,0,0,0,0,0,0,0,0,0,1,0,0,1
disaster_03150,5817,test,not disaster,1,1,0,0,0,0,0,0,0,0,0,0,0,0,0,0,0,0,0,0
disaster_03151,442,test,real disaster,0,0,0,0,0,0,0,0,0,0,0,0,0,0,0,0,1,0,0,0
disaster_03149,6159,test,not disaster,0,0,0,0,1,0,1,0,0,0,0,0,0,0,0,0,1,0,0,1
disaster_03152,7695,test,not disaster,0,0,0,0,0,0,0,0,0,0,0,0,0,0,0,0,1,0,1,1
disaster_03154,3183,test,not disaster,0,0,0,0,0,1,0,0,0,0,0,0,0,0,0,0,1,0,1,1
disaster_03156,4577,train,not disaster,0,0,0,0,1,0,0,0,0,0,0,0,0,0,0,0,0,0,0,1
disaster_03153,6844,train,not disaster,0,0,0,0,0,0,0,1,0,0,0,0,0,0,0,0,1,0,1,0
disaster_03155,7775,train,not disaster,0,0,1,0,1,0,0,0,0,0,0,0,0,1,0,0,0,0,0,1
disaster_03157,4440,train,not disaster,0,0,0,0,0,0,0,0,0,0,0,0,0,0,0,0,1,1,1,1
disaster_03159,9172,test,real disaster,1,1,1,1,1,0,0,0,1,0,0,0,0,0,0,0,0,0,1,0
disaster_03161,9457,test,real disaster,1,1,0,0,1,0,1,0,0,0,0,0,0,1,0,0,0,0,0,0
disaster_03158,6102,train,not disaster,0,0,0,0,1,0,0,0,0,0,0,0,0,0,0,0,0,0,0,0
disaster_03162,9923,train,not disaster,0,0,0,0,0,0,0,0,0,0,0,0,0,0,0,0,0,0,0,1
disaster_03163,7023,test,not disaster,0,0,0,0,0,0,0,0,0,0,0,0,0,0,0,0,0,0,0,1
disaster_03164,8709,test,not disaster,0,0,0,0,0,0,0,0,0,0,0,0,0,0,0,0,1,1,1,1
disaster_03148,9763,test,not disaster,1,0,0,0,1,0,0,0,0,0,0,0,0,0,0,0,0,1,0,1
disaster_03160,3893,train,real disaster,1,0,0,1,1,1,0,1,0,0,0,0,0,0,0,0,0,0,0,0
disaster_03166,4549,train,real disaster,0,1,1,0,0,1,1,0,0,0,1,0,1,0,0,0,0,0,0,0
disaster_03167,4181,train,not disaster,0,0,0,0,0,0,0,1,0,0,0,0,0,0,0,0,1,0,0,1
disaster_03168,6591,train,not disaster,0,1,1,0,1,1,1,1,0,0,1,0,0,0,0,0,0,0,0,0
disaster_03170,5185,test,not disaster,0,0,0,0,0,0,0,0,0,0,0,0,0,0,0,0,1,1,1,1
disaster_03169,3138,train,real disaster,1,1,0,0,0,0,1,0,0,0,0,0,0,0,0,0,0,0,0,0
disaster_03171,6711,train,not disaster,0,0,0,0,0,0,0,0,0,0,0,0,0,0,0,0,1,1,1,1
disaster_03173,7150,train,not disaster,1,0,0,0,0,0,0,0,0,0,0,0,0,0,0,0,1,0,1,1
disaster_03165,5296,test,not disaster,0,0,0,0,0,0,0,0,0,0,0,0,0,0,0,0,1,0,0,1
disaster_03172,3621,train,not disaster,0,0,0,0,0,0,0,0,0,0,0,0,0,0,0,0,1,0,0,1
disaster_03174,9619,train,not disaster,0,0,0,0,0,0,0,1,0,0,0,0,0,0,0,0,0,0,0,0
disaster_03178,2517,train,real disaster,1,1,1,0,1,0,1,0,1,0,0,0,0,0,0,0,0,0,0,0
disaster_03176,3839,train,not disaster,0,0,0,0,0,0,0,0,0,0,0,0,0,0,0,0,1,1,0,1
disaster_03175,3752,train,not disaster,0,0,0,0,0,0,1,0,0,0,0,0,0,0,0,0,0,1,0,1
disaster_03177,10017,test,not disaster,0,0,0,0,0,0,0,0,0,0,0,0,0,0,0,0,0,0,0,1
disaster_03180,3727,train,not disaster,1,0,0,0,0,0,0,0,1,1,0,0,0,0,0,0,1,1,1,1
disaster_03182,731,train,real disaster,1,1,1,1,1,0,1,0,0,0,0,0,0,0,0,0,0,0,0,0
disaster_03184,6492,test,not disaster,0,0,0,0,0,0,0,0,1,0,0,0,0,0,0,0,1,0,0,1
disaster_03185,588,train,real disaster,1,1,0,1,1,0,1,0,0,0,0,0,0,0,0,0,0,0,0,0
disaster_03181,9963,train,not disaster,1,0,1,0,1,0,1,0,0,0,0,0,0,0,0,0,0,0,0,1
disaster_03186,7854,train,not disaster,0,0,0,0,0,0,0,0,0,0,0,0,0,0,0,0,1,0,0,1
disaster_03183,4899,test,not disaster,0,0,0,0,0,0,0,0,0,0,0,0,0,0,0,0,1,0,0,1
disaster_03187,6568,train,not disaster,0,0,0,0,0,1,1,0,0,0,0,0,0,0,0,0,0,1,0,0
disaster_03188,2625,train,real disaster,1,1,0,0,0,0,1,0,0,0,0,0,0,0,0,0,0,0,0,0
disaster_03189,6800,train,not disaster,0,0,0,0,0,0,0,1,0,0,0,0,0,0,0,0,1,0,1,0
disaster_03191,5934,test,not disaster,1,0,1,1,0,0,0,0,0,0,0,0,0,0,0,0,1,0,0,1
disaster_03190,9540,train,real disaster,1,1,0,1,1,0,1,0,1,0,0,0,0,0,0,0,0,0,0,0
disaster_03192,3596,train,not disaster,0,0,0,0,0,0,0,0,0,0,0,0,0,0,0,0,1,0,0,1
disaster_03193,7348,train,not disaster,0,0,0,0,1,0,1,0,0,0,0,0,0,0,0,0,0,0,0,1
disaster_03194,9079,train,not disaster,0,0,1,1,0,0,0,0,0,0,0,0,0,0,0,0,1,0,0,1
disaster_03197,10105,train,real disaster,1,1,0,1,1,0,1,0,0,0,0,0,0,0,0,0,0,0,0,0
disaster_03196,3557,train,not disaster,0,0,0,0,0,0,0,0,0,0,0,0,0,0,0,0,1,1,0,1
disaster_03195,3838,train,real disaster,1,0,0,1,0,0,0,0,0,0,0,0,0,0,0,0,0,0,0,0
disaster_03198,8344,train,not disaster,0,0,0,0,0,0,0,0,0,0,0,0,0,0,0,0,1,0,1,1
disaster_03199,3718,train,not disaster,1,1,1,0,1,0,0,0,0,1,0,1,0,0,0,0,0,1,0,0
disaster_03201,5659,train,not disaster,0,0,0,0,0,0,0,0,0,0,0,0,0,0,0,0,1,0,1,1
disaster_03202,1831,train,not disaster,0,0,0,0,0,0,0,0,0,0,0,0,0,0,0,0,1,0,0,0
disaster_03200,10647,train,real disaster,0,1,1,0,1,0,1,0,0,0,0,1,0,0,0,0,0,0,0,0
disaster_03203,4740,train,real disaster,1,1,1,1,1,0,1,0,0,0,1,0,0,0,1,0,0,0,0,0
disaster_03205,9319,train,not disaster,0,0,0,0,0,0,0,0,0,0,0,0,0,0,0,0,1,0,0,1
disaster_03204,10621,test,not disaster,0,0,0,0,0,0,0,0,0,0,0,0,0,0,0,0,1,0,1,1
disaster_03207,1700,train,real disaster,1,1,1,0,0,0,1,0,0,1,0,0,0,0,0,0,0,0,0,0
disaster_03209,6462,train,not disaster,0,1,0,0,1,0,1,0,1,0,0,0,0,0,0,0,0,1,0,0
disaster_03206,129,train,real disaster,1,1,1,0,1,0,0,1,0,0,0,0,0,0,0,0,0,0,0,0
disaster_03208,9342,train,not disaster,0,1,0,1,0,0,0,1,0,0,1,0,0,0,0,0,0,0,0,0
disaster_03213,4349,train,real disaster,1,1,0,0,1,1,0,0,0,0,0,0,0,0,0,0,0,0,0,0
disaster_03179,672,train,not disaster,1,0,0,0,0,0,0,0,0,0,0,0,0,0,0,0,1,0,1,1
disaster_03211,2880,train,not disaster,0,0,0,0,0,0,0,0,0,0,0,0,0,0,0,0,1,0,0,1
disaster_03210,6454,test,real disaster,1,1,0,1,1,0,1,0,1,0,0,1,0,0,0,0,0,0,0,0
disaster_03212,800,train,not disaster,0,0,0,0,0,0,0,0,0,0,0,0,0,0,0,0,0,1,0,0
disaster_03214,6372,train,real disaster,1,0,0,0,1,0,1,0,0,0,0,0,0,0,0,0,0,0,0,1
disaster_03215,6867,train,real disaster,1,1,0,0,1,0,0,0,0,0,0,0,0,0,0,0,0,0,0,1
disaster_03217,6037,train,not disaster,0,0,0,0,0,1,0,1,0,0,0,0,0,0,0,0,0,0,0,1
disaster_03218,5109,train,not disaster,1,0,0,0,0,0,0,0,0,0,0,0,0,0,0,0,1,0,1,1
disaster_03221,4373,train,real disaster,1,1,0,0,1,1,1,0,0,0,0,1,0,0,0,0,0,0,0,0
disaster_03219,6930,train,real disaster,0,0,0,0,0,0,0,0,0,0,0,0,0,0,0,0,1,0,1,1
disaster_03223,41,train,not disaster,0,0,0,0,0,0,0,0,0,0,0,0,0,0,0,0,0,0,0,1
disaster_03222,2399,test,real disaster,0,0,0,0,0,0,0,1,0,1,0,0,0,0,0,0,1,0,1,0
disaster_03220,10764,train,real disaster,1,1,0,0,1,0,1,0,0,0,0,0,0,0,0,0,0,0,0,0
disaster_03216,7320,train,not disaster,0,0,0,0,0,0,0,0,0,0,0,0,0,0,0,0,1,0,1,1
disaster_03224,625,train,not disaster,0,0,0,0,0,0,0,0,0,0,0,0,0,0,0,0,0,1,0,1
disaster_03225,8360,test,not disaster,0,0,0,0,0,0,0,0,0,0,0,0,0,0,0,0,0,0,1,1
disaster_03230,9180,train,real disaster,1,1,1,1,1,0,1,0,0,0,0,0,0,1,0,0,0,0,0,0
disaster_03229,5117,train,real disaster,1,1,0,0,1,0,1,0,1,0,0,0,0,1,0,0,0,0,0,0
disaster_03231,7881,train,real disaster,1,1,1,0,1,0,0,0,0,0,0,0,0,1,1,0,0,0,0,0
disaster_03228,6261,train,not disaster,1,0,1,1,0,0,1,0,0,0,0,0,0,0,0,0,0,0,0,1
disaster_03227,1937,train,real disaster,0,0,0,0,0,0,0,0,0,0,0,0,0,0,0,0,1,0,1,1
disaster_03226,4184,test,real disaster,1,1,1,0,1,0,1,0,0,0,0,0,0,0,0,1,0,0,0,0
disaster_03232,9865,train,not disaster,0,0,0,0,0,0,0,0,0,0,0,0,0,0,0,0,1,0,1,0
disaster_03233,671,train,not disaster,1,0,0,0,0,1,0,0,0,0,0,0,0,0,0,0,1,0,1,1
disaster_03234,7634,train,not disaster,0,0,0,0,0,1,0,0,0,0,0,0,0,0,0,0,1,0,1,1
disaster_03235,9372,test,not disaster,0,0,0,0,0,1,0,0,0,0,0,0,0,0,0,0,0,0,0,0
disaster_03237,10194,train,real disaster,1,1,1,1,1,0,0,0,0,0,0,0,0,0,0,0,0,0,0,0
disaster_03238,3689,train,not disaster,0,0,0,0,0,0,0,0,0,0,0,0,0,0,0,0,1,0,1,1
disaster_03236,2896,train,not disaster,0,0,0,0,1,0,1,0,0,0,0,0,0,0,0,1,0,0,0,1
disaster_03239,4852,train,real disaster,1,1,1,1,1,1,1,0,0,0,1,0,0,1,1,0,0,0,0,0
disaster_03240,5730,train,real disaster,1,1,1,0,1,0,0,0,0,0,0,0,0,0,0,0,1,1,1,1
disaster_03241,6115,train,not disaster,1,0,0,0,0,0,0,0,0,0,0,0,0,0,0,0,1,0,0,1
disaster_03244,5669,train,real disaster,1,0,0,0,1,0,0,1,0,0,0,0,0,0,0,0,0,0,1,0
disaster_03243,4178,test,not disaster,0,0,0,0,0,0,0,0,0,0,0,0,0,0,0,0,1,0,0,1
disaster_03245,5222,test,real disaster,0,0,1,0,0,0,1,0,1,0,0,0,0,0,0,0,0,0,0,0
disaster_03242,4334,train,not disaster,0,0,0,0,0,0,0,0,0,0,0,0,0,0,0,0,1,0,0,0
disaster_03247,10243,train,not disaster,0,0,0,0,0,0,0,0,0,0,0,0,0,0,0,0,1,1,0,1
disaster_03246,6167,train,not disaster,0,0,0,0,0,0,0,0,0,0,0,0,0,0,0,0,1,0,0,1
disaster_03249,7530,train,real disaster,1,1,1,0,1,0,1,0,0,0,0,1,0,0,0,0,0,0,0,0
disaster_03248,3683,train,not disaster,0,0,0,0,0,0,0,0,0,0,0,0,0,0,0,0,1,1,1,1
disaster_03250,313,train,real disaster,1,1,1,1,0,1,1,0,0,0,0,0,0,1,0,0,0,0,0,0
disaster_03252,7887,train,real disaster,1,1,1,1,1,0,1,0,0,0,0,0,0,0,1,0,0,0,0,0
disaster_03253,5842,test,not disaster,1,0,1,0,0,0,0,0,0,0,0,0,0,0,0,0,0,1,0,0
disaster_03251,6990,test,real disaster,1,0,0,0,0,0,0,0,0,0,0,0,0,0,0,0,1,1,1,1
disaster_03254,2568,test,not disaster,1,0,1,0,0,0,1,0,0,0,0,0,0,0,0,0,1,0,0,1
disaster_03257,9307,train,not disaster,0,0,0,0,0,0,0,0,0,0,0,0,0,0,0,0,1,0,0,1
disaster_03256,5955,train,real disaster,0,0,0,0,0,1,1,0,0,0,0,0,0,0,0,0,0,1,0,0
disaster_03259,10334,train,real disaster,1,1,1,0,1,0,1,0,0,0,0,0,0,0,0,0,0,0,0,0
disaster_03261,5826,train,real disaster,1,1,1,0,1,1,1,0,0,0,0,1,0,0,0,1,0,0,0,0
disaster_03258,1376,train,not disaster,0,0,0,0,0,0,0,0,0,0,0,0,0,0,0,0,1,1,1,1
disaster_03260,902,train,real disaster,1,0,1,1,0,0,1,0,0,0,0,0,0,0,0,0,0,0,0,0
disaster_03255,7092,train,real disaster,0,0,0,0,0,0,1,0,0,0,0,0,0,0,0,0,1,0,0,1
disaster_03262,7169,train,not disaster,1,0,0,0,0,0,0,0,0,0,0,0,0,0,0,0,1,0,1,1
disaster_03264,3243,train,not disaster,0,0,0,0,0,0,0,0,0,0,0,0,0,0,0,0,1,0,0,1
disaster_03266,4562,train,real disaster,1,1,1,0,1,0,0,0,0,0,0,0,0,1,0,0,0,0,0,0
disaster_03267,7224,train,real disaster,1,0,0,0,0,1,1,0,0,0,0,0,0,0,0,0,0,0,0,1
disaster_03265,8947,train,not disaster,0,0,0,0,0,1,0,1,0,0,0,0,0,0,0,0,0,0,1,0
disaster_03263,6961,train,real disaster,1,0,0,0,0,0,0,0,0,0,0,0,0,0,0,0,1,0,0,1
disaster_03268,456,train,not disaster,0,0,0,0,0,0,0,0,0,0,0,0,0,0,0,0,1,1,1,1
disaster_03269,1136,train,not disaster,0,0,0,0,0,0,0,0,0,0,0,0,0,0,0,0,0,0,0,1
disaster_03270,10441,train,real disaster,1,1,0,0,1,0,0,0,0,0,0,0,0,1,0,0,0,0,0,0
disaster_03273,3635,train,real disaster,0,0,0,0,1,1,0,0,0,0,0,0,0,0,0,0,0,1,0,0
disaster_03272,4297,test,not disaster,0,0,0,0,0,1,0,1,0,0,0,0,0,0,0,0,1,0,1,1
disaster_03274,807,train,not disaster,0,0,0,0,0,0,0,0,0,0,0,0,0,0,0,0,1,1,1,1
disaster_03271,9192,train,real disaster,1,0,0,0,0,1,0,0,0,0,0,0,0,0,0,0,0,0,0,1
disaster_03277,4227,test,real disaster,0,0,0,0,0,0,0,1,0,0,0,0,0,0,0,0,1,0,0,0
disaster_03276,5661,train,real disaster,1,0,0,0,0,0,0,0,0,0,0,0,0,0,0,0,1,0,0,1
disaster_03275,9376,test,real disaster,1,1,0,0,1,1,0,0,0,0,0,0,0,0,0,0,0,0,0,0
disaster_03279,3875,train,not disaster,0,0,0,0,0,0,0,0,0,0,0,0,0,0,0,0,0,0,0,1
disaster_03281,6400,test,real disaster,1,0,0,0,0,0,0,0,0,0,0,0,0,0,0,0,0,1,0,1
disaster_03280,7626,test,not disaster,0,1,0,0,1,0,1,0,0,0,0,0,0,0,0,0,0,0,0,0
disaster_03282,520,train,not disaster,0,0,0,0,1,0,1,0,0,0,0,0,0,0,0,0,0,0,0,0
disaster_03278,9894,train,not disaster,0,0,0,0,0,0,0,1,0,0,0,0,0,0,0,0,1,0,1,0
disaster_03283,1456,train,not disaster,0,0,0,0,0,0,1,0,0,0,0,0,0,0,0,0,1,1,0,1
disaster_03284,6310,test,real disaster,1,1,1,0,1,0,1,0,0,0,0,0,0,0,0,0,0,0,0,0
disaster_03286,1222,train,real disaster,1,0,0,0,0,0,0,0,0,0,0,0,0,0,0,0,1,0,0,0
disaster_03289,5107,train,real disaster,1,0,0,0,0,0,1,0,0,0,0,0,0,0,0,0,1,0,0,1
disaster_03285,4682,train,real disaster,1,1,1,1,1,0,0,0,0,1,0,0,0,0,0,0,0,0,0,0
disaster_03291,3589,train,not disaster,0,0,0,0,0,0,1,0,1,0,0,0,0,0,0,0,1,0,0,1
disaster_03287,1845,train,not disaster,0,1,1,1,0,1,0,1,1,0,0,0,0,0,0,0,0,0,0,0
disaster_03292,10296,train,real disaster,0,0,0,0,0,0,0,0,0,0,0,0,0,0,0,0,1,1,0,1
disaster_03290,8878,train,not disaster,0,0,0,0,0,0,0,0,0,0,0,0,0,0,0,0,1,0,1,1
disaster_03293,7122,train,not disaster,0,0,0,0,0,0,0,0,0,0,0,0,0,0,0,0,1,0,0,1
disaster_03294,5126,train,not disaster,0,0,0,0,1,0,1,0,0,0,0,0,0,0,0,0,1,0,0,0
disaster_03288,8618,train,not disaster,1,0,0,0,0,0,1,0,0,0,0,0,0,0,0,0,0,0,0,1
disaster_03295,3342,train,not disaster,0,0,0,0,0,0,0,0,0,0,0,0,0,0,0,0,1,0,0,1
disaster_03296,272,train,not disaster,0,0,0,0,0,0,0,0,0,0,0,0,0,1,0,0,0,0,0,1
disaster_03297,567,train,real disaster,1,0,0,0,0,1,1,0,0,0,0,0,0,0,0,0,0,0,0,1
disaster_03298,6528,train,real disaster,1,0,1,1,0,0,1,0,1,0,0,0,0,0,0,0,0,1,0,0
disaster_03299,2604,train,real disaster,1,1,0,0,1,1,1,0,0,0,0,0,0,0,0,0,0,0,0,0
disaster_03302,1102,train,not disaster,0,0,0,0,0,0,0,0,0,0,0,0,0,0,0,0,1,1,1,1
disaster_03300,120,train,real disaster,1,1,0,0,1,0,0,0,0,0,0,0,0,0,0,0,0,0,0,0
disaster_03303,6801,train,not disaster,1,0,0,0,0,0,0,0,0,0,0,0,0,0,0,0,1,1,1,1
disaster_03301,8121,train,not disaster,0,0,0,0,0,1,0,1,0,0,0,0,0,0,0,0,0,1,0,0
disaster_03307,3486,train,real disaster,1,1,0,1,1,0,1,0,0,0,0,0,0,0,0,0,0,0,0,0
disaster_03306,5519,train,not disaster,0,0,0,0,0,0,0,0,0,0,0,0,0,0,0,0,1,1,1,0
disaster_03308,9541,train,not disaster,0,0,0,0,0,0,0,0,0,0,0,0,0,0,0,0,1,0,1,1
disaster_03304,5176,train,not disaster,0,0,0,0,0,0,0,0,0,0,0,0,0,0,0,0,1,1,0,1
disaster_03309,2925,train,not disaster,0,0,0,0,1,0,0,0,0,0,0,0,0,0,0,0,1,0,1,1
disaster_03305,4093,train,real disaster,0,0,0,0,0,0,1,0,0,0,0,0,0,0,0,0,0,1,0,1
disaster_03311,6953,train,not disaster,0,0,0,0,1,1,0,0,0,0,0,0,0,0,0,0,0,1,0,1
disaster_03313,6634,train,not disaster,0,0,0,0,0,0,0,0,0,0,0,0,0,0,0,0,1,0,0,1
disaster_03312,9566,train,not disaster,0,0,0,0,1,1,0,0,0,0,0,0,0,0,0,0,1,1,0,1
disaster_03310,9691,train,not disaster,0,0,0,0,0,0,0,0,0,0,0,0,0,0,0,0,0,1,0,1
disaster_03315,2974,train,not disaster,1,0,1,0,0,0,0,0,0,0,0,0,0,0,0,0,1,0,0,1
disaster_03314,7407,train,real disaster,1,0,1,0,1,0,1,0,0,0,0,0,0,0,0,0,0,1,0,1
disaster_03319,10250,train,not disaster,0,0,0,0,1,0,0,1,0,0,1,0,0,1,0,0,1,0,1,1
disaster_03317,8131,train,real disaster,0,1,0,0,1,0,1,0,0,0,0,0,0,1,0,0,0,0,0,0
disaster_03318,5707,test,not disaster,1,1,1,0,0,1,0,0,0,1,1,0,0,0,0,0,1,0,1,1
disaster_03316,9764,train,real disaster,0,0,1,0,1,0,0,0,0,0,0,0,0,0,0,0,1,1,1,1
disaster_03320,2483,train,real disaster,1,1,1,1,0,0,1,0,0,1,0,0,0,1,0,0,0,0,0,0
disaster_03322,945,train,real disaster,1,1,0,0,1,1,1,0,0,1,0,0,0,0,0,0,0,0,0,0
disaster_03323,2612,train,real disaster,1,1,0,0,1,0,1,0,1,0,0,0,0,0,0,0,0,0,0,0
disaster_03324,1239,test,real disaster,0,0,0,0,0,0,0,0,0,0,0,0,0,0,0,0,0,0,0,1
disaster_03325,2274,train,not disaster,0,0,0,0,0,0,0,0,0,0,0,0,0,0,0,0,1,1,0,1
disaster_03326,8102,train,not disaster,0,1,1,0,0,0,1,0,0,0,0,0,0,0,0,0,0,0,0,0
disaster_03327,2034,train,real disaster,1,1,1,0,1,0,0,0,1,0,0,0,0,1,0,0,0,1,0,0
disaster_03329,8415,train,real disaster,1,1,1,0,1,0,1,0,0,0,0,0,0,0,0,0,0,0,0,0
disaster_03328,10567,train,not disaster,1,0,0,0,0,0,0,0,0,0,0,0,0,0,0,0,1,0,0,1
disaster_03330,2963,test,not disaster,0,0,0,0,0,0,0,1,0,0,0,0,0,0,0,0,0,0,0,0
disaster_03332,7594,test,real disaster,1,1,1,0,1,1,1,0,1,0,0,1,0,0,0,0,0,0,0,0
disaster_03333,6551,train,not disaster,0,0,0,0,0,1,0,0,0,0,0,0,0,0,0,0,0,1,0,1
disaster_03334,7013,train,not disaster,0,0,0,0,0,0,0,0,0,0,0,0,0,0,0,0,0,1,1,1
disaster_03321,856,train,real disaster,1,1,1,1,0,0,1,0,0,0,1,0,0,0,0,0,0,0,0,0
disaster_03331,3975,train,not disaster,0,0,0,0,0,0,0,0,0,1,0,0,0,0,0,0,1,0,1,1
disaster_03336,4914,train,not disaster,1,1,0,0,0,0,1,0,0,0,0,0,0,0,0,0,1,0,1,1
disaster_03340,3607,train,real disaster,0,0,0,0,0,1,0,1,0,0,0,0,0,0,0,0,1,1,0,1
disaster_03335,8899,train,not disaster,1,0,0,0,0,1,0,1,0,0,0,0,0,0,0,0,1,0,1,0
disaster_03339,2174,train,real disaster,1,1,0,0,1,1,0,0,0,0,0,0,0,0,0,0,0,0,0,0
disaster_03338,3500,train,real disaster,1,1,0,1,0,1,0,0,0,0,1,0,0,0,0,0,1,0,1,1
disaster_03337,10376,train,not disaster,0,0,0,0,0,0,0,0,0,0,0,0,0,0,0,0,0,1,0,1
disaster_03342,4598,train,not disaster,0,0,0,0,0,0,0,0,0,0,0,0,0,1,0,0,1,0,1,1
disaster_03345,7722,train,real disaster,0,0,0,0,0,0,0,0,0,0,0,0,0,0,0,0,1,0,0,1
disaster_03341,8390,train,not disaster,0,0,0,0,0,0,0,0,0,0,0,0,0,0,0,0,1,0,0,1
disaster_03344,8128,train,real disaster,1,1,1,0,1,0,1,0,0,0,0,0,0,1,0,0,0,0,0,0
disaster_03343,999,train,not disaster,0,0,0,0,0,0,0,0,0,0,0,0,0,0,0,0,0,0,1,0
disaster_03347,1848,test,not disaster,0,0,0,0,0,0,0,0,0,0,0,0,0,0,0,0,1,0,1,1
disaster_03346,5293,train,not disaster,0,0,0,0,0,0,0,0,0,0,0,0,0,0,0,0,1,1,1,1
disaster_03351,3338,train,not disaster,0,0,0,0,0,0,0,0,0,0,0,0,0,0,0,0,1,0,1,1
disaster_03349,3923,train,not disaster,0,0,0,0,0,1,0,0,0,0,0,0,0,0,0,0,1,0,1,1
disaster_03348,7698,train,real disaster,0,0,0,0,0,0,0,0,0,0,0,0,0,0,0,0,0,0,1,1
disaster_03350,6516,train,not disaster,0,0,0,0,0,0,0,0,1,0,0,0,0,0,0,0,0,0,0,1
disaster_03352,796,train,real disaster,0,0,0,0,0,0,1,0,0,0,0,0,0,0,0,0,0,1,0,1
disaster_03356,9837,train,not disaster,0,0,0,0,1,0,0,0,0,0,0,0,0,0,0,0,0,0,0,0
disaster_03354,3393,train,not disaster,0,0,0,0,0,0,0,0,0,0,0,0,0,0,0,0,0,0,0,1
disaster_03355,3888,train,not disaster,0,0,0,0,0,0,0,0,0,0,0,0,0,0,0,0,0,0,0,1
disaster_03357,7940,train,real disaster,1,1,1,1,0,1,0,0,0,0,1,0,0,0,0,1,1,0,0,0
disaster_03358,2724,train,not disaster,0,0,0,0,0,0,0,0,0,0,0,0,0,0,0,0,1,1,0,0
disaster_03359,7457,test,real disaster,0,0,0,0,0,0,0,0,0,0,0,0,0,0,0,0,1,0,1,1
disaster_03362,4879,train,real disaster,1,0,0,0,0,0,0,0,0,0,0,0,0,0,0,0,1,0,1,1
disaster_03363,4356,test,real disaster,1,0,1,0,0,0,1,0,0,0,0,1,0,0,0,0,0,0,0,0
disaster_03361,3582,train,real disaster,0,0,0,0,0,0,0,0,1,0,0,0,0,0,0,0,1,0,0,1
disaster_03353,10505,train,real disaster,1,1,1,0,1,1,0,0,0,0,0,1,0,0,0,0,0,0,0,0
disaster_03364,9731,train,real disaster,1,1,1,0,1,0,1,1,0,1,0,0,0,0,0,0,0,0,0,0
disaster_03366,7496,train,real disaster,1,0,0,1,1,0,0,0,0,0,1,0,0,0,0,0,0,0,0,1
disaster_03368,2300,test,not disaster,0,0,0,0,1,0,0,0,0,0,0,0,0,0,0,0,1,0,1,1
disaster_03365,5150,test,not disaster,0,0,0,0,0,0,0,0,0,0,0,0,0,0,0,0,1,0,0,1
disaster_03369,203,train,real disaster,1,1,0,0,0,0,0,0,1,0,0,0,0,0,0,0,1,0,1,1
disaster_03367,4959,train,not disaster,1,1,1,1,0,0,0,1,0,0,0,0,0,0,0,0,0,1,1,0
disaster_03360,4244,train,not disaster,0,0,0,0,0,0,0,0,0,0,0,0,0,0,0,0,1,0,0,0
disaster_03370,4198,train,not disaster,0,0,0,0,0,0,0,0,0,0,0,0,0,0,0,0,1,0,1,1
disaster_03372,9421,train,real disaster,1,0,0,1,1,0,1,0,0,0,0,0,0,0,0,0,0,0,0,1
disaster_03373,2414,test,not disaster,0,0,0,0,1,0,0,0,0,0,0,0,0,0,0,0,0,1,0,1
disaster_03371,1241,train,not disaster,0,0,0,0,0,0,0,0,0,0,0,0,0,0,0,0,0,1,1,1
disaster_03374,4435,train,not disaster,0,1,1,0,0,0,0,0,0,0,0,0,0,0,0,0,0,0,0,0
disaster_03375,5727,train,not disaster,1,0,0,0,1,0,0,1,0,0,0,1,0,0,0,0,1,0,1,1
disaster_03376,3947,test,real disaster,1,1,0,1,1,0,1,0,0,0,0,0,0,0,0,0,0,0,0,0
disaster_03378,7602,train,real disaster,0,1,0,0,1,0,1,0,0,0,0,0,0,0,0,0,0,0,0,0
disaster_03380,2611,train,real disaster,1,1,1,0,0,0,0,0,0,0,0,0,0,0,0,0,0,0,0,1
disaster_03377,2456,test,not disaster,0,0,0,0,0,0,0,0,0,0,0,0,0,0,0,0,1,0,0,1
disaster_03379,7374,train,not disaster,0,0,0,0,0,0,0,0,0,0,0,0,0,0,0,0,1,0,1,1
disaster_03381,9651,test,real disaster,1,1,1,0,1,1,1,0,0,0,0,0,0,0,0,1,0,0,0,0
disaster_03382,7844,train,real disaster,0,0,0,0,0,0,0,0,0,0,0,0,0,0,0,0,0,0,0,1
disaster_03386,3155,test,not disaster,0,0,0,0,0,0,0,0,0,0,0,0,0,0,0,0,1,0,0,1
disaster_03385,5554,train,not disaster,0,0,0,0,0,0,0,0,0,0,0,0,0,0,0,0,1,1,1,1
disaster_03388,3469,train,real disaster,1,1,0,0,0,1,1,0,0,0,1,0,0,0,0,0,0,0,0,0
disaster_03383,5035,test,real disaster,1,0,0,0,1,0,1,0,0,0,0,0,0,0,0,0,0,0,0,0
disaster_03387,5332,test,not disaster,1,0,0,0,1,0,0,0,0,0,0,0,0,0,0,0,1,0,1,1
disaster_03390,2319,train,not disaster,0,0,1,0,0,0,0,0,0,0,0,0,0,0,0,0,1,1,0,1
disaster_03392,4901,train,not disaster,1,0,0,0,0,0,0,0,0,0,0,0,0,0,0,0,1,0,1,0
disaster_03393,2327,train,not disaster,0,0,0,0,0,0,0,0,0,0,0,0,0,0,0,0,0,1,0,1
disaster_03389,1389,train,not disaster,0,0,0,0,0,0,0,0,0,0,0,0,0,0,0,0,0,0,0,1
disaster_03391,959,train,not disaster,0,0,0,0,0,0,0,0,0,0,0,0,0,0,0,0,1,0,1,1
disaster_03384,213,test,not disaster,0,0,0,0,0,0,0,0,0,0,0,0,0,0,0,0,1,0,1,1
disaster_03394,6474,train,real disaster,0,0,0,0,0,0,0,0,0,0,0,0,0,0,0,0,1,1,1,1
disaster_03396,10710,train,not disaster,0,0,0,0,0,0,0,0,0,0,0,0,0,0,0,0,1,0,1,1
disaster_03397,10471,train,real disaster,1,1,1,0,1,1,1,0,0,0,0,1,0,0,1,0,0,0,0,0
disaster_03395,5328,train,real disaster,1,0,0,0,0,0,0,0,0,0,0,0,0,0,0,0,1,0,0,1
disaster_03398,9714,test,not disaster,0,0,0,0,0,0,0,0,0,0,0,0,0,0,0,0,1,0,0,1
disaster_03399,4150,train,real disaster,0,0,0,0,0,1,0,1,0,0,0,0,0,0,0,0,1,1,0,0
disaster_03401,10344,train,real disaster,1,0,0,0,1,0,0,0,1,0,0,0,0,0,0,0,0,0,0,1
disaster_03402,10829,train,not disaster,0,0,0,0,0,0,0,0,0,0,0,0,0,0,0,0,1,0,1,1
disaster_03404,1321,train,not disaster,0,0,0,0,0,0,0,0,0,0,0,0,0,0,0,0,1,1,1,1
disaster_03405,9791,test,real disaster,0,0,0,0,0,0,0,0,0,0,0,0,0,0,0,0,1,0,1,0
disaster_03403,9491,test,real disaster,1,1,1,1,1,0,1,0,0,0,0,0,0,0,0,0,0,0,0,0
disaster_03400,684,train,real disaster,1,0,0,0,1,0,1,0,0,0,0,0,0,0,0,0,1,0,1,1
disaster_03406,834,train,real disaster,1,1,1,1,0,1,1,0,0,0,1,0,0,0,0,0,0,0,0,0
disaster_03407,79,train,real disaster,1,1,1,0,1,0,0,0,0,1,0,0,0,0,0,0,0,0,0,0
disaster_03408,4133,train,real disaster,1,0,0,0,1,1,0,0,0,0,0,0,0,0,0,0,0,0,0,1
disaster_03410,3684,train,real disaster,0,1,0,0,0,0,1,0,0,1,0,0,0,0,0,0,0,0,0,0
disaster_03411,7731,train,not disaster,0,0,0,0,0,1,0,0,0,0,0,0,0,0,0,0,1,0,1,1
disaster_03413,1989,train,real disaster,1,1,0,0,1,1,0,0,0,0,0,0,0,0,0,0,0,0,0,0
disaster_03412,6877,train,not disaster,1,0,0,1,0,0,0,0,0,0,0,0,0,0,0,0,1,0,1,1
disaster_03409,686,train,not disaster,0,0,0,0,0,0,0,0,0,0,0,0,0,0,0,0,1,0,1,1
disaster_03414,4105,train,real disaster,1,0,0,0,1,0,1,0,0,0,0,0,0,0,0,0,0,0,0,1
disaster_03415,3499,train,not disaster,0,0,0,0,0,0,0,0,0,0,0,0,0,0,0,0,1,0,0,1
disaster_03417,254,train,not disaster,0,0,0,0,0,0,0,0,0,0,0,0,0,1,0,0,0,0,0,1
disaster_03416,7418,train,not disaster,0,0,0,0,0,0,0,0,0,0,0,0,0,0,0,0,1,1,0,1
disaster_03419,5939,train,real disaster,1,1,1,0,0,0,0,0,0,0,0,0,0,0,0,0,0,0,0,0
disaster_03420,608,test,not disaster,0,0,0,0,0,0,0,0,0,0,0,0,0,0,0,0,1,0,1,1
disaster_03421,7002,test,real disaster,1,0,0,0,0,0,0,0,0,0,0,0,0,0,0,0,1,1,0,1
disaster_03418,2304,train,real disaster,0,0,0,0,1,0,0,0,0,0,1,0,0,0,0,0,1,1,1,1
disaster_03425,10672,train,not disaster,0,0,0,0,0,0,0,0,0,0,0,0,0,0,0,0,1,1,1,1
disaster_03423,5891,train,real disaster,1,0,1,0,0,0,0,0,0,0,0,0,0,0,0,0,0,0,0,1
disaster_03424,680,train,real disaster,1,1,0,1,1,1,1,0,0,0,0,0,0,0,0,0,0,0,0,0
disaster_03427,3544,train,real disaster,1,1,0,0,1,0,0,0,1,0,0,0,0,0,0,0,0,0,0,0
disaster_03426,8029,train,real disaster,0,0,0,0,0,0,0,0,0,0,0,0,0,0,0,0,1,0,1,1
disaster_03422,3119,train,real disaster,1,1,0,0,0,0,1,0,0,0,0,0,0,0,0,0,0,0,0,0
disaster_03428,2711,train,not disaster,1,0,0,1,1,0,1,0,0,0,0,0,0,0,0,0,1,0,0,1
disaster_03430,8335,train,not disaster,1,0,0,0,1,0,0,0,0,0,0,0,0,0,0,0,1,0,0,1
disaster_03432,5351,train,real disaster,1,0,0,0,0,0,0,0,0,0,0,0,0,0,0,0,1,0,1,1
disaster_03433,4876,train,not disaster,1,0,1,0,0,0,0,0,0,0,0,0,0,0,0,1,1,0,0,1
disaster_03431,8363,train,real disaster,0,0,0,0,0,0,0,0,0,0,0,0,0,0,0,0,0,0,0,1
disaster_03429,10826,train,not disaster,1,1,0,0,0,0,0,1,0,0,0,0,0,0,0,0,1,0,1,0
disaster_03434,10333,test,not disaster,0,0,0,0,0,0,0,0,0,0,0,0,0,0,0,0,1,0,1,1
disaster_03435,5919,train,not disaster,0,0,0,0,0,0,0,0,0,0,0,0,0,0,0,0,0,0,0,1
disaster_03436,4905,test,not disaster,1,0,0,0,0,0,0,0,0,0,0,0,0,0,0,0,1,0,1,1
disaster_03438,512,train,not disaster,0,0,0,0,0,0,0,0,0,0,0,0,0,0,0,0,0,1,0,1
disaster_03441,4984,train,not disaster,1,0,0,1,0,0,0,0,0,0,0,0,0,0,0,0,1,0,0,1
disaster_03437,6241,train,not disaster,0,0,0,0,0,0,0,0,0,0,0,0,0,0,0,0,1,0,1,1
disaster_03439,4251,train,not disaster,0,0,0,0,0,0,0,0,0,0,0,0,0,0,0,0,0,1,0,1
disaster_03442,4541,test,not disaster,0,0,0,0,0,1,0,1,0,0,0,0,0,0,1,0,1,1,0,1
disaster_03445,1153,train,not disaster,0,0,0,0,1,0,0,0,0,0,0,0,0,0,0,0,0,0,0,1
disaster_03443,10705,train,not disaster,0,0,0,0,0,1,1,0,0,0,0,0,0,0,0,0,1,1,1,1
disaster_03440,7078,train,not disaster,0,0,0,0,0,1,0,1,0,0,0,0,0,0,0,0,1,1,1,1
disaster_03444,1870,test,real disaster,1,1,1,1,1,0,1,0,0,0,0,0,0,0,0,0,0,0,0,0
disaster_03446,5181,test,real disaster,1,1,1,1,1,0,1,0,1,0,0,0,0,0,0,1,0,0,0,0
disaster_03447,5947,train,not disaster,1,0,1,0,0,0,0,0,1,0,0,0,0,0,0,1,0,0,1,0
disaster_03448,49,train,not disaster,0,0,0,0,0,0,0,0,0,0,0,0,0,0,0,0,1,1,0,1
disaster_03449,5013,train,not disaster,0,0,0,0,1,0,1,0,0,0,0,0,0,0,0,0,0,0,0,1
disaster_03450,6832,test,not disaster,0,0,0,0,0,0,0,1,0,0,0,0,0,0,0,0,1,0,1,0
disaster_03452,3773,test,not disaster,0,0,0,0,0,0,0,0,0,0,0,0,0,0,0,0,1,1,0,1
disaster_03451,5384,test,not disaster,1,0,0,0,0,0,0,0,0,0,0,0,0,1,0,0,1,0,1,1
disaster_03453,2987,test,not disaster,0,0,0,0,0,0,0,0,1,0,0,0,0,0,0,0,0,0,0,0
disaster_03454,9341,train,not disaster,0,0,0,0,1,1,1,0,0,0,0,0,0,0,0,0,1,0,0,1
disaster_03456,10175,train,real disaster,1,1,1,0,1,1,1,0,0,0,0,1,0,0,0,0,0,0,0,0
disaster_03455,3806,train,not disaster,1,0,1,1,0,0,0,0,0,0,0,0,0,0,0,0,1,1,1,1
disaster_03457,10847,test,real disaster,1,1,1,1,1,0,0,0,1,0,0,0,0,0,0,0,0,0,0,0
disaster_03459,9683,train,real disaster,1,1,1,0,1,1,0,1,0,0,0,1,0,0,0,0,1,0,1,0
disaster_03458,660,train,real disaster,1,1,0,1,1,0,1,0,0,0,0,0,0,0,0,0,0,0,0,0
disaster_03463,6725,train,not disaster,0,0,0,0,0,0,0,0,0,0,0,0,0,0,0,0,0,0,0,1
disaster_03462,8118,train,not disaster,0,0,0,0,1,0,1,0,0,0,0,0,0,0,0,0,0,0,0,1
disaster_03460,6988,train,real disaster,1,1,1,0,1,0,0,0,1,0,0,0,0,0,0,0,0,0,0,0
disaster_03461,9656,train,not disaster,1,0,0,0,0,0,0,0,0,0,0,0,0,0,0,0,0,0,0,0
disaster_03464,9378,train,not disaster,0,0,0,0,0,1,0,0,0,0,0,0,0,0,0,0,1,0,0,1
disaster_03467,5461,train,real disaster,0,0,0,0,0,0,0,0,0,0,0,0,0,0,0,0,1,0,0,1
disaster_03469,5221,train,not disaster,0,0,0,0,0,0,0,0,1,0,0,0,0,0,0,0,0,0,0,0
disaster_03468,9071,test,real disaster,1,1,1,1,0,0,1,0,0,0,0,0,0,0,0,0,0,0,0,0
disaster_03470,1406,test,not disaster,0,0,0,0,0,0,0,0,0,0,0,0,0,0,0,0,0,0,0,1
disaster_03466,3473,train,real disaster,1,1,0,0,1,0,0,0,0,0,0,0,0,0,0,0,0,0,0,0
disaster_03471,4589,train,not disaster,0,0,0,0,0,0,0,0,0,0,0,0,0,0,0,1,0,0,0,1
disaster_03465,486,train,not disaster,0,0,0,0,0,1,0,0,0,0,0,0,0,0,0,0,1,1,1,1
disaster_03473,6414,train,not disaster,0,0,0,0,0,0,0,0,0,0,0,0,0,0,0,0,0,0,0,1
disaster_03472,6500,train,real disaster,1,1,0,0,1,1,1,1,1,0,0,0,0,1,0,0,0,0,0,0
disaster_03475,4457,train,not disaster,1,1,1,1,0,0,0,0,1,0,0,0,0,0,0,0,0,0,0,0
disaster_03474,10061,test,real disaster,1,1,0,0,0,0,1,0,0,0,0,0,0,0,0,0,0,0,0,0
disaster_03476,241,train,not disaster,1,0,0,1,0,0,0,1,0,1,0,0,0,0,0,0,1,0,1,1
disaster_03477,7924,train,real disaster,1,1,0,1,1,0,1,0,0,1,0,1,0,0,0,0,0,0,0,0
disaster_03478,1449,train,not disaster,0,0,0,0,0,1,0,0,0,0,0,0,0,0,0,0,1,1,1,1
disaster_03479,5541,train,not disaster,0,0,0,0,0,0,0,0,0,0,0,0,0,0,0,0,1,1,1,1
disaster_03482,8698,train,real disaster,0,0,0,0,0,0,0,1,0,0,0,0,0,0,0,0,1,0,1,1
disaster_03483,8695,train,not disaster,0,0,0,0,0,0,0,0,0,0,0,0,0,0,0,0,1,1,1,1
disaster_03481,10720,train,not disaster,0,0,0,0,0,0,0,0,0,0,0,0,0,0,0,0,1,1,0,1
disaster_03484,4786,train,real disaster,1,1,1,1,1,0,1,0,0,0,1,0,0,0,1,0,0,0,0,0
disaster_03480,3833,test,not disaster,0,0,0,0,0,0,0,0,0,0,0,0,0,0,0,0,1,1,0,1
disaster_03487,4448,train,not disaster,0,0,0,0,0,1,0,1,0,0,0,0,0,0,0,0,1,0,1,0
disaster_03486,8450,train,real disaster,0,0,0,0,0,0,0,0,0,0,0,0,0,0,0,0,1,1,1,1
disaster_03485,2303,train,not disaster,0,0,0,0,0,1,0,0,0,0,0,0,0,0,0,0,0,1,0,1
disaster_03490,353,train,not disaster,1,0,1,0,0,0,0,0,0,0,0,0,0,0,0,0,1,1,0,1
disaster_03492,3736,train,real disaster,1,1,0,0,1,0,1,0,1,1,0,0,0,0,0,0,0,0,0,0
disaster_03488,3414,train,real disaster,1,0,1,0,0,0,0,0,0,0,0,0,0,0,0,0,1,0,0,1
disaster_03493,8578,train,real disaster,0,0,0,0,0,0,0,0,0,0,0,0,0,0,0,0,1,0,1,1
disaster_03491,7522,train,real disaster,1,1,0,0,1,1,1,0,0,0,0,0,0,0,0,0,0,0,0,0
disaster_03489,7761,train,not disaster,0,1,1,0,1,0,1,0,1,0,0,0,0,1,0,0,0,0,0,0
disaster_03494,465,test,not disaster,0,0,0,0,0,0,0,0,0,0,0,0,0,0,0,1,1,1,1,1
disaster_03495,5922,train,not disaster,0,0,0,0,0,0,0,0,0,0,0,0,0,0,0,0,1,0,0,1
disaster_03496,8912,train,not disaster,1,1,1,0,1,0,0,1,0,0,0,0,0,0,0,0,0,1,0,1
disaster_03497,426,train,not disaster,0,0,0,0,0,1,0,0,0,0,0,0,0,0,0,0,1,0,1,1
disaster_03499,6594,train,not disaster,0,0,0,0,0,1,0,0,0,0,0,0,0,0,0,0,1,0,0,1
disaster_03500,3108,test,real disaster,1,0,0,0,0,0,0,0,0,0,0,0,0,0,0,0,0,0,0,0
disaster_03498,2657,train,real disaster,0,0,0,0,0,0,0,0,0,0,0,0,0,0,0,0,0,0,1,1
disaster_03502,10132,train,not disaster,0,0,0,0,0,0,0,0,0,0,0,0,0,0,0,0,1,0,0,1
disaster_03504,9489,train,not disaster,1,0,0,0,1,0,1,0,0,0,0,0,0,0,0,0,0,0,0,1
disaster_03501,4631,test,not disaster,0,0,0,0,1,0,0,0,0,0,0,0,0,0,0,0,0,0,0,1
disaster_03505,2466,train,real disaster,1,1,1,1,1,1,1,0,0,0,0,0,0,0,0,0,0,0,0,0
disaster_03506,4428,train,not disaster,0,0,0,0,0,0,0,0,0,0,0,0,0,0,0,0,1,1,1,1
disaster_03503,1599,train,not disaster,0,0,0,0,0,0,0,0,0,0,0,0,0,0,0,0,1,1,0,1
disaster_03507,10721,train,not disaster,0,0,0,0,0,0,1,0,0,0,0,0,0,0,0,0,1,0,1,1
disaster_03508,1694,train,real disaster,1,1,1,1,1,0,0,0,0,1,0,0,0,0,0,0,0,0,0,0
disaster_03509,6525,train,not disaster,0,0,0,0,0,1,0,0,1,0,0,0,0,0,0,0,0,0,0,1
disaster_03510,4897,test,not disaster,0,0,0,0,0,0,0,0,0,0,0,0,0,0,0,0,1,1,1,1
disaster_03512,9901,train,not disaster,0,0,0,0,0,0,0,0,0,0,0,0,0,0,0,0,1,0,1,1
disaster_03511,3581,train,not disaster,0,0,0,0,1,0,0,0,0,0,0,0,0,0,0,0,1,1,1,1
disaster_03515,8513,test,not disaster,0,0,0,0,0,0,0,0,0,0,0,0,0,0,0,0,1,0,1,0
disaster_03514,9577,train,not disaster,0,0,0,0,0,0,0,0,0,0,0,0,0,0,0,0,0,0,1,1
disaster_03513,10338,train,not disaster,0,0,0,0,0,0,0,0,0,0,0,0,0,0,0,0,1,0,1,1
disaster_03516,9187,train,real disaster,1,1,1,1,1,0,0,0,1,0,0,0,0,0,0,0,0,0,0,0
disaster_03518,6254,train,real disaster,1,0,0,0,0,0,1,0,0,0,0,0,0,0,0,0,0,0,0,1
disaster_03517,8587,test,not disaster,0,0,0,0,0,0,0,0,0,0,0,0,0,0,0,0,1,0,1,1
disaster_03520,5142,train,real disaster,1,1,0,1,1,0,1,0,1,0,0,0,0,0,0,0,0,0,0,0
disaster_03519,8823,test,not disaster,0,0,0,0,0,0,0,0,0,0,0,0,0,0,0,0,0,1,0,1
disaster_03521,2363,train,not disaster,0,0,0,0,0,0,0,0,0,0,0,0,0,0,0,0,1,1,1,1
disaster_03522,2875,train,not disaster,0,0,0,0,0,0,0,0,0,0,0,0,0,0,0,0,0,1,0,1
disaster_03525,502,train,not disaster,0,0,0,0,0,0,0,0,0,0,0,0,0,0,0,0,0,1,0,1
disaster_03523,2786,test,not disaster,0,0,0,0,0,0,0,1,0,0,0,0,0,0,0,0,1,0,1,1
disaster_03526,6700,train,not disaster,0,0,0,0,0,0,0,0,0,0,0,0,0,0,0,0,1,1,0,1
disaster_03524,5206,train,real disaster,0,0,0,0,1,1,0,1,0,0,0,0,0,0,0,0,0,0,0,1
disaster_03527,363,test,not disaster,0,0,0,0,0,0,1,0,0,0,0,0,0,0,0,0,0,0,0,1
disaster_03528,5473,test,not disaster,0,0,0,0,0,0,0,0,0,0,0,0,0,0,0,0,0,1,0,1
disaster_03529,5563,train,real disaster,1,0,0,0,1,0,1,0,0,0,0,0,0,0,0,0,0,0,0,0
disaster_03530,6074,train,not disaster,0,0,1,0,1,1,0,0,0,0,0,1,0,0,0,0,1,0,1,0
disaster_03532,5526,train,not disaster,0,0,0,0,0,0,0,0,0,0,0,0,0,0,0,0,1,0,1,1
disaster_03533,5155,test,real disaster,0,1,0,0,0,0,1,0,1,0,0,0,0,0,0,0,0,0,0,0
disaster_03534,8956,train,not disaster,1,0,0,0,0,0,0,0,0,0,0,0,0,0,0,0,1,1,0,1
disaster_03535,8750,train,not disaster,0,0,0,0,0,0,0,0,0,0,0,0,0,0,0,0,1,1,1,1
disaster_03538,1098,test,not disaster,1,0,0,0,0,0,0,0,0,0,0,0,0,0,0,0,1,1,0,1
disaster_03539,6160,train,not disaster,0,0,0,0,1,0,1,0,0,0,0,0,0,0,0,0,1,1,0,1
disaster_03537,8401,test,real disaster,1,1,1,1,1,1,0,0,0,0,0,0,0,0,0,0,0,0,0,0
disaster_03536,7425,train,real disaster,1,0,1,1,0,0,0,0,0,0,0,0,0,0,0,0,1,0,1,1
disaster_03541,10269,test,not disaster,0,0,0,0,0,0,0,0,1,0,0,0,0,0,0,0,1,0,0,1
disaster_03542,8489,test,real disaster,0,0,0,0,0,0,0,0,0,0,0,0,0,0,0,0,1,1,1,1
disaster_03543,2933,test,not disaster,0,0,0,0,0,1,0,0,0,0,0,0,0,0,0,0,1,1,0,1
disaster_03540,808,train,not disaster,0,0,0,0,0,0,0,0,0,0,0,0,0,0,0,0,1,1,1,1
disaster_03544,5896,train,not disaster,0,0,0,0,0,0,0,0,0,0,0,0,0,0,0,0,1,0,0,1
disaster_03531,8070,train,not disaster,0,0,0,0,0,0,0,0,0,0,0,0,0,0,0,0,0,0,0,1
disaster_03545,4826,train,real disaster,1,1,0,0,0,1,0,1,0,0,0,0,0,0,1,0,0,1,0,0
disaster_03546,5907,test,not disaster,0,0,0,0,0,0,0,0,0,0,0,0,0,0,0,0,1,0,1,1
disaster_03547,3568,train,not disaster,0,0,0,0,0,0,0,0,0,0,0,0,0,0,0,0,1,0,1,1
disaster_03548,2257,train,not disaster,0,0,0,0,0,1,0,0,0,0,0,0,0,0,0,0,1,1,0,1
disaster_03549,2797,train,not disaster,0,0,0,0,0,1,0,0,0,0,0,0,0,0,0,0,1,0,1,1
disaster_03551,5753,train,real disaster,1,1,1,1,1,0,1,0,0,0,0,0,0,0,0,0,0,0,0,0
disaster_03550,1822,train,real disaster,1,1,1,0,1,0,1,0,0,0,0,1,0,0,0,0,0,0,0,0
disaster_03553,2017,train,not disaster,0,0,0,0,0,0,0,0,1,0,0,0,0,0,0,0,1,0,1,1
disaster_03554,773,train,not disaster,0,0,0,0,0,0,0,0,0,0,0,0,0,0,0,0,0,0,0,1
disaster_03555,8579,train,not disaster,0,0,0,0,0,0,0,0,0,0,0,0,0,0,0,0,1,1,0,1
disaster_03552,5923,train,not disaster,0,0,1,0,0,1,0,0,0,0,0,0,0,0,0,1,0,0,0,0
disaster_03556,6150,train,real disaster,1,1,1,0,1,0,1,0,0,0,0,0,0,0,0,0,0,0,0,0
disaster_03558,2227,train,not disaster,1,0,0,0,1,0,1,0,0,0,0,0,0,1,0,0,0,0,0,0
disaster_03560,1271,train,not disaster,0,0,0,0,0,0,0,0,0,0,0,0,0,0,0,0,0,0,0,1
disaster_03559,9027,train,not disaster,0,0,0,0,0,0,0,0,0,0,0,0,0,0,0,0,1,0,1,1
disaster_03561,6220,train,not disaster,0,0,0,0,0,0,1,0,0,0,0,0,0,0,0,0,0,0,0,1
disaster_03563,8850,train,not disaster,0,0,0,0,0,0,0,0,0,0,0,0,0,0,0,0,1,0,1,1
disaster_03562,1382,train,not disaster,0,0,0,0,0,0,0,0,0,0,0,0,0,0,0,0,1,0,1,1
disaster_03565,521,test,not disaster,0,0,0,0,0,0,0,0,0,0,0,0,0,0,0,0,0,1,0,1
disaster_03566,1138,train,not disaster,0,0,0,0,1,0,0,0,0,0,0,0,0,0,0,0,1,1,0,1
disaster_03564,10147,train,real disaster,0,0,0,0,1,1,1,0,0,0,0,0,0,0,0,0,0,0,0,1
disaster_03557,2265,train,not disaster,0,0,0,0,0,0,0,0,0,0,0,0,0,0,0,0,1,0,1,1
disaster_03568,4450,train,not disaster,0,0,0,0,0,0,0,0,0,0,0,0,0,0,0,0,1,0,1,1
disaster_03567,1083,train,not disaster,0,0,0,0,0,1,0,0,0,0,0,0,0,0,0,0,1,1,0,1
disaster_03569,8394,train,real disaster,1,1,1,1,1,0,0,0,0,0,0,0,0,0,0,0,0,0,0,0
disaster_03571,4138,train,real disaster,1,1,1,1,1,0,1,0,0,0,0,0,0,1,0,0,0,0,0,0
disaster_03570,2557,train,real disaster,1,0,0,0,0,0,0,0,0,0,0,0,0,0,0,0,1,0,0,1
disaster_03572,10111,train,not disaster,0,0,1,1,0,0,1,0,0,0,0,0,0,0,0,0,1,0,0,1
disaster_03574,3459,train,real disaster,1,1,0,0,1,0,1,0,1,0,1,0,0,0,0,0,0,0,0,1
disaster_03573,4494,test,not disaster,0,0,0,0,1,0,0,1,0,0,0,0,0,0,0,0,1,0,1,1
disaster_03576,285,train,real disaster,1,1,0,0,1,0,0,0,1,0,0,0,0,0,0,0,0,0,0,0
disaster_03575,8295,train,not disaster,0,0,1,1,0,0,0,0,0,0,0,0,0,0,0,0,1,0,0,1
disaster_03577,9074,train,real disaster,1,1,0,1,0,0,1,0,0,0,0,0,0,0,0,0,0,0,0,0
disaster_03578,3584,train,not disaster,0,0,0,0,1,0,0,0,0,0,0,0,0,0,0,0,1,0,1,1
disaster_03579,5503,train,real disaster,1,1,1,1,1,0,1,0,1,0,0,0,0,1,0,0,0,0,0,0
disaster_03580,729,train,real disaster,1,1,1,1,1,0,1,0,0,0,0,0,0,0,0,0,0,0,0,0
disaster_03581,725,train,real disaster,1,1,1,1,1,0,1,0,0,0,0,0,0,0,0,0,0,0,0,0
disaster_03584,1706,test,real disaster,1,1,1,0,0,0,1,0,0,1,0,0,0,0,0,0,0,0,0,0
disaster_03582,4948,train,not disaster,1,0,0,0,0,0,0,0,0,0,0,0,0,0,0,0,1,0,1,0
disaster_03585,10157,train,not disaster,0,0,0,0,1,1,0,0,0,0,0,0,0,0,0,0,1,0,1,1
disaster_03583,9191,test,real disaster,1,1,1,1,1,0,1,0,1,0,0,0,0,0,0,0,0,0,0,0
disaster_03586,2385,train,not disaster,0,1,1,1,0,0,0,0,1,0,0,0,1,0,0,0,0,0,0,1
disaster_03588,5430,test,real disaster,0,1,0,0,1,1,0,0,0,0,0,0,0,1,0,0,0,0,0,0
disaster_03587,8188,train,real disaster,1,1,0,0,1,0,1,0,0,0,0,0,0,1,0,0,0,0,0,0
disaster_03589,444,train,not disaster,1,0,0,0,0,0,0,0,0,0,0,0,0,0,0,0,1,1,1,1
disaster_03590,5665,test,real disaster,1,0,0,1,1,0,0,0,0,0,0,0,0,0,0,0,1,0,1,1
disaster_03591,6458,test,real disaster,1,1,1,1,1,0,1,0,1,0,0,0,0,1,0,0,0,0,0,0
disaster_03592,6785,train,not disaster,0,0,0,0,0,1,0,0,0,0,0,0,0,0,0,0,1,0,0,0
disaster_03594,8175,test,real disaster,1,1,1,0,1,0,0,0,0,0,0,1,0,1,0,0,0,0,0,0
disaster_03593,6070,train,real disaster,1,1,1,0,1,0,1,0,0,0,0,0,0,0,0,0,0,0,0,0
disaster_03595,5995,test,not disaster,0,0,1,0,0,0,0,0,0,0,0,0,0,0,0,0,0,0,1,1
disaster_03597,8775,train,not disaster,0,0,0,0,0,0,0,0,0,0,0,0,0,0,0,0,1,0,0,1
disaster_03599,8410,train,real disaster,1,1,1,1,1,1,0,0,0,0,0,0,0,0,0,0,0,0,0,0
disaster_03598,9933,train,real disaster,0,0,1,0,0,0,0,0,0,0,0,0,0,0,0,0,0,0,0,1
disaster_03596,6775,train,not disaster,0,0,0,0,0,0,0,0,0,0,0,0,0,0,0,0,0,1,0,1
disaster_03601,10047,test,not disaster,0,0,0,0,0,0,0,0,0,0,0,0,0,0,0,0,1,1,1,1
disaster_03600,2475,train,not disaster,0,0,0,0,0,0,0,0,0,0,0,0,0,0,0,0,0,1,0,1
disaster_03604,837,train,real disaster,1,1,1,1,0,0,1,0,0,0,1,0,0,0,0,0,0,0,0,0
disaster_03602,5476,test,not disaster,1,0,0,0,0,0,0,0,0,0,0,0,0,0,0,0,1,0,1,1
disaster_03605,6926,train,not disaster,0,0,0,0,0,0,0,0,0,0,0,0,0,0,0,0,1,0,1,1
disaster_03603,6366,train,not disaster,1,1,1,0,1,1,0,0,0,0,0,0,0,1,0,0,0,0,0,0
disaster_03607,1343,train,not disaster,0,0,0,0,0,0,0,0,0,0,0,0,0,0,0,0,1,1,1,1
disaster_03608,8103,test,real disaster,0,1,1,0,0,0,1,0,0,0,0,0,0,1,0,0,0,0,0,0
disaster_03610,6724,test,not disaster,1,0,0,0,0,0,0,0,0,0,0,0,0,0,0,0,1,0,0,0
disaster_03609,8530,train,not disaster,0,0,0,0,1,0,0,0,0,0,0,0,0,0,0,0,0,1,1,1
disaster_03606,71,train,not disaster,0,0,0,0,0,1,0,1,0,0,0,0,0,0,0,0,0,0,0,1
disaster_03613,1519,test,not disaster,0,0,0,0,0,0,0,0,0,0,0,0,0,0,0,0,0,0,0,1
disaster_03611,8938,train,not disaster,0,0,0,0,0,0,0,0,0,0,0,0,0,0,0,0,1,1,1,1
disaster_03612,7989,train,real disaster,1,1,0,0,1,0,1,0,0,1,0,0,0,0,0,0,0,0,0,0
disaster_03615,6473,test,real disaster,1,1,0,1,1,1,1,0,1,1,0,1,0,0,0,0,0,0,0,0
disaster_03614,5760,test,not disaster,1,0,0,0,1,0,0,0,0,0,0,0,0,0,0,0,1,0,0,1
disaster_03616,8659,train,not disaster,1,0,0,0,1,0,0,0,0,0,0,0,0,0,0,0,0,0,0,1
disaster_03617,381,train,real disaster,0,0,1,0,1,0,1,0,0,0,0,0,1,0,0,0,0,0,0,1
disaster_03618,10650,train,not disaster,1,1,1,0,0,0,1,0,1,0,0,0,0,0,0,0,0,0,0,0
disaster_03619,3583,train,not disaster,0,0,0,0,0,0,0,0,0,0,0,0,0,0,0,0,1,0,0,1
disaster_03621,1395,train,not disaster,0,0,1,0,0,0,0,0,0,0,0,0,0,0,0,0,1,0,1,1
disaster_03620,4168,train,not disaster,0,0,0,0,0,0,0,0,0,0,0,0,0,0,0,0,1,0,1,1
disaster_03622,5703,test,real disaster,1,1,0,0,1,0,1,0,1,0,0,1,0,0,0,0,0,0,0,0
disaster_03624,4047,test,not disaster,0,0,0,0,1,0,0,0,0,0,0,0,0,0,0,0,1,0,1,1
disaster_03625,3476,test,real disaster,1,1,0,1,1,1,1,0,0,0,1,0,0,0,0,0,0,0,0,0
disaster_03626,6688,train,not disaster,1,1,0,0,1,0,0,1,0,0,0,0,0,0,0,0,0,0,0,0
disaster_03623,4112,train,real disaster,1,1,1,0,1,1,0,1,0,0,0,1,0,0,0,0,0,0,0,0
disaster_03627,2222,test,real disaster,1,1,1,1,1,0,1,0,0,1,0,0,0,1,0,1,0,0,0,0
disaster_03628,5309,test,not disaster,0,0,0,0,0,0,0,0,0,0,0,0,0,0,0,0,1,0,0,1
disaster_03629,1607,train,not disaster,0,0,0,0,0,0,0,0,0,0,0,0,0,0,0,0,1,1,1,1
disaster_03631,10218,train,not disaster,0,0,0,0,0,0,0,0,0,0,0,0,0,0,0,0,0,0,0,1
disaster_03632,5713,train,real disaster,1,0,0,0,0,0,0,0,0,0,0,0,0,0,0,0,0,1,0,1
disaster_03630,9290,train,real disaster,1,1,1,1,0,0,0,0,0,1,0,0,0,0,0,0,0,0,0,0
disaster_03633,4265,train,not disaster,0,0,0,0,0,0,0,0,0,0,0,0,0,0,0,0,1,0,1,0
disaster_03634,2872,train,not disaster,0,0,0,0,0,0,0,0,0,1,0,0,0,0,0,0,1,1,0,0
disaster_03636,5687,train,not disaster,1,0,0,0,0,1,0,0,0,0,0,0,0,0,0,0,1,0,1,1
disaster_03635,9100,train,real disaster,1,1,1,1,1,0,0,0,1,0,0,0,0,0,0,0,0,0,0,0
disaster_03639,4842,train,real disaster,0,1,1,0,1,1,1,0,0,0,0,0,0,0,1,0,0,0,0,0
disaster_03638,10106,train,real disaster,1,1,0,1,1,0,0,0,0,0,0,0,0,0,0,0,0,0,0,0
disaster_03637,6789,train,real disaster,1,1,0,0,0,0,1,0,0,0,0,0,0,0,0,0,0,0,0,0
disaster_03640,9355,train,real disaster,1,1,1,0,0,0,0,1,0,0,0,0,0,0,0,0,0,0,0,0
disaster_03642,1048,train,not disaster,0,0,0,0,0,0,0,0,0,0,0,0,0,0,0,0,1,1,1,1
disaster_03643,6519,test,real disaster,0,0,0,0,1,0,0,0,0,0,0,0,0,0,0,0,0,1,0,1
disaster_03641,3694,train,not disaster,0,0,0,0,0,0,0,0,0,0,0,0,0,0,0,0,1,0,1,1
disaster_03645,7338,train,not disaster,0,0,0,0,1,0,1,0,0,0,0,0,0,0,0,0,0,0,0,0
disaster_03644,10341,train,real disaster,1,1,0,1,1,1,1,0,1,0,0,1,0,0,0,0,0,0,0,0
disaster_03646,10739,test,real disaster,1,1,0,0,0,0,1,0,1,0,0,0,0,0,0,0,0,0,0,0
disaster_03650,978,train,not disaster,0,0,0,0,0,0,0,0,0,0,0,0,0,0,0,0,0,1,0,1
disaster_03651,3481,train,not disaster,0,0,0,0,0,0,0,0,0,0,0,0,0,0,0,0,1,0,1,1
disaster_03649,9554,train,not disaster,0,0,0,0,0,0,0,0,0,0,0,0,0,0,0,0,1,0,1,1
disaster_03648,540,test,not disaster,0,0,0,0,1,0,1,0,0,0,0,0,0,0,0,0,0,0,0,1
disaster_03652,8677,train,not disaster,1,0,0,0,1,0,0,0,0,0,0,0,0,0,0,0,0,0,1,1
disaster_03647,245,train,real disaster,1,0,1,1,1,0,1,0,0,0,0,0,0,0,0,0,0,0,0,0
disaster_03655,4348,train,real disaster,1,1,0,0,1,1,1,0,0,0,0,1,0,0,0,0,0,0,0,0
disaster_03654,9935,train,not disaster,0,0,0,0,0,0,1,0,0,0,0,0,0,0,0,0,1,0,0,1
disaster_03653,1886,train,not disaster,1,1,1,0,0,0,0,0,0,0,0,0,0,0,0,0,0,0,0,0
disaster_03656,4778,train,real disaster,1,0,0,1,1,0,1,0,0,0,0,0,0,0,1,0,0,0,0,0
disaster_03660,1880,train,real disaster,1,1,1,0,1,0,1,0,0,1,0,0,0,0,0,0,1,0,1,0
disaster_03658,5510,train,not disaster,0,0,0,0,1,0,0,0,0,0,0,0,0,0,0,0,1,0,0,1
disaster_03659,8865,train,not disaster,0,0,0,0,0,0,0,0,0,0,0,0,0,0,0,1,1,0,1,1
disaster_03657,8885,train,not disaster,0,0,0,0,0,0,0,0,0,0,0,0,0,0,0,0,1,0,1,1
disaster_03661,9089,test,real disaster,1,1,1,1,0,0,1,0,0,0,0,0,0,0,0,0,0,0,0,0
disaster_03662,8685,test,not disaster,1,0,1,0,0,0,0,1,0,0,0,0,0,0,0,0,0,0,0,0
disaster_03666,8643,train,real disaster,1,0,0,0,0,0,0,1,0,0,0,0,0,0,0,0,1,1,1,1
disaster_03665,10198,test,real disaster,1,1,1,0,0,0,0,0,0,0,0,0,0,0,0,0,0,0,0,0
disaster_03664,10519,test,real disaster,1,1,0,1,0,1,1,0,0,0,0,0,0,0,0,0,0,0,0,0
disaster_03663,677,train,real disaster,1,1,1,1,1,0,1,0,0,0,0,0,0,1,0,0,0,0,0,0
disaster_03667,3256,test,not disaster,0,1,0,0,1,0,0,0,0,0,0,0,0,0,0,0,0,0,0,0
disaster_03668,9680,train,not disaster,1,0,0,0,0,0,0,0,0,0,0,0,0,0,0,0,1,0,1,1
disaster_03669,7689,train,not disaster,0,0,0,0,0,0,0,0,0,0,0,0,0,0,0,0,0,1,0,0
disaster_03670,3504,train,real disaster,1,1,0,1,1,1,0,0,0,0,1,0,0,0,0,0,0,0,0,0
disaster_03673,5613,train,real disaster,1,1,0,1,1,0,0,0,0,1,0,0,0,0,0,0,0,0,0,0
disaster_03672,2288,train,not disaster,0,0,1,0,0,0,0,0,0,0,0,0,0,0,0,0,1,0,1,1
disaster_03671,4282,test,not disaster,1,0,1,1,0,0,0,0,0,0,0,0,0,0,0,0,1,0,1,1
disaster_03675,1284,test,not disaster,0,0,0,0,0,0,0,0,0,0,0,0,0,0,0,0,1,0,1,1
disaster_03674,7787,train,not disaster,0,0,0,0,1,0,0,0,0,0,0,0,1,1,0,0,1,0,0,1
disaster_03678,8389,train,not disaster,0,0,0,0,0,0,0,0,0,0,0,0,0,0,0,0,1,1,1,1
disaster_03679,5028,train,not disaster,0,0,0,0,1,0,1,0,0,0,0,0,0,1,0,0,0,0,0,0
disaster_03676,1085,train,real disaster,0,0,0,0,0,0,0,0,0,0,0,0,0,0,0,0,1,1,1,1
disaster_03677,8487,train,not disaster,0,0,0,0,0,0,0,0,0,0,0,0,0,0,0,0,0,0,1,1
disaster_03680,7577,test,real disaster,1,1,1,0,0,0,1,0,1,0,0,1,0,0,0,0,0,0,0,0
disaster_03681,9850,train,not disaster,0,0,1,0,0,0,1,0,0,0,0,0,0,0,0,0,1,1,0,1
disaster_03684,2991,train,real disaster,1,1,1,0,1,0,1,0,0,0,0,0,0,0,0,0,0,0,0,0
disaster_03683,10378,test,not disaster,0,0,0,0,0,0,0,0,0,0,0,0,0,0,0,0,1,1,0,1
disaster_03687,8318,test,real disaster,1,1,0,0,1,0,0,0,0,1,0,0,0,1,0,0,0,1,0,0
disaster_03686,575,test,real disaster,1,1,1,1,1,0,1,0,0,0,0,0,0,0,0,0,0,0,0,0
disaster_03685,3793,test,not disaster,0,0,0,0,0,0,0,0,0,0,0,0,0,0,0,0,1,0,0,1
disaster_03688,1818,train,real disaster,1,1,1,0,1,1,1,0,0,1,0,0,0,0,1,0,0,0,0,0
disaster_03689,8079,test,not disaster,0,0,0,0,0,1,0,0,0,0,0,0,0,1,0,0,1,0,0,0
disaster_03690,9522,train,real disaster,1,0,1,0,1,0,0,0,1,0,0,0,0,0,0,0,0,0,0,1
disaster_03692,3055,train,real disaster,1,1,1,0,1,0,0,0,1,0,1,0,0,1,0,1,0,0,0,0
disaster_03693,9780,train,real disaster,0,1,1,1,0,0,0,1,0,0,0,0,0,0,0,0,0,0,0,0
disaster_03694,7129,train,not disaster,0,0,0,0,0,0,0,0,0,0,0,0,0,0,0,0,0,0,0,1
disaster_03697,4859,train,real disaster,1,1,0,0,1,0,1,0,0,0,0,0,0,0,1,0,0,0,0,0
disaster_03695,2375,train,real disaster,0,0,0,1,0,0,0,0,0,0,0,0,0,0,0,0,1,0,0,1
disaster_03682,1491,train,not disaster,0,0,0,0,0,0,0,0,0,0,0,0,0,0,0,0,1,0,0,0
disaster_03696,2769,train,not disaster,0,0,0,0,0,0,0,0,0,0,0,0,0,0,0,0,0,0,1,1
disaster_03700,1273,train,not disaster,0,0,0,0,0,0,0,0,0,0,0,0,0,0,0,0,0,1,0,1
disaster_03701,5642,train,not disaster,0,0,0,0,1,0,0,0,0,0,0,0,0,0,0,0,1,1,1,1
disaster_03699,1631,test,real disaster,1,1,0,1,1,0,1,0,0,0,0,0,0,0,0,0,0,0,0,0
disaster_03698,7286,train,real disaster,1,0,1,0,0,0,0,0,0,0,0,0,0,0,0,0,0,0,0,1
disaster_03703,4288,train,not disaster,0,0,0,0,0,0,0,0,0,0,0,0,0,0,0,0,1,1,0,1
disaster_03704,91,train,real disaster,1,1,1,1,1,0,1,1,0,1,0,0,0,0,0,0,1,0,0,0
disaster_03702,10515,train,real disaster,1,1,0,0,1,0,1,0,0,1,0,1,0,0,0,0,0,0,0,0
disaster_03705,5856,test,real disaster,1,1,1,0,1,0,0,1,0,0,0,0,0,0,0,0,0,1,1,0
disaster_03706,5911,train,not disaster,0,0,1,1,0,0,0,0,0,0,0,0,0,0,0,0,0,0,0,1
disaster_03708,6314,train,real disaster,1,0,1,1,1,0,0,0,0,0,0,0,0,0,0,0,0,0,0,0
disaster_03709,2891,train,real disaster,0,0,1,1,0,0,0,0,0,0,0,0,0,0,0,0,0,0,0,1
disaster_03710,8264,train,not disaster,0,0,0,0,0,0,0,0,0,0,0,0,0,0,0,0,1,0,1,1
disaster_03707,3133,train,real disaster,1,1,0,0,1,0,1,0,1,0,0,0,0,0,0,0,0,0,0,0
disaster_03691,7960,test,real disaster,1,1,0,0,1,0,1,0,0,1,0,0,0,0,0,0,0,0,0,0
disaster_03712,1252,test,not disaster,0,0,0,0,0,0,0,0,0,0,0,0,0,0,0,0,0,0,0,1
disaster_03711,10074,train,real disaster,1,1,0,0,0,0,1,0,0,0,0,0,0,0,0,0,0,0,0,0
disaster_03716,3921,test,not disaster,0,0,0,0,0,0,0,0,0,0,0,0,0,0,0,0,1,1,0,1
disaster_03713,8204,test,not disaster,0,0,0,0,1,1,0,0,0,0,0,0,0,0,0,0,0,1,0,1
disaster_03714,1623,train,real disaster,0,0,0,0,0,0,0,0,0,0,0,0,0,0,0,0,1,0,1,1
disaster_03715,10186,train,real disaster,1,1,1,1,0,0,0,0,0,0,0,0,0,0,0,0,0,0,0,0
disaster_03718,2372,test,not disaster,0,0,0,0,0,0,0,0,0,0,0,0,0,0,0,0,0,0,0,1
disaster_03717,7756,train,real disaster,0,1,1,0,1,0,1,0,0,0,0,0,0,0,0,0,0,0,0,0
disaster_03719,4553,train,real disaster,0,1,0,0,1,0,1,0,0,0,0,0,0,0,0,0,0,0,0,0
disaster_03720,354,train,real disaster,0,0,0,0,0,0,1,0,0,0,0,0,0,0,0,0,0,1,0,1
disaster_03721,6320,train,not disaster,0,0,1,1,0,0,0,0,0,0,0,0,0,0,0,0,1,1,1,1
disaster_03722,10686,test,real disaster,1,0,0,0,0,0,0,0,0,0,0,0,0,0,0,0,1,0,1,0
disaster_03724,5778,train,real disaster,1,1,1,0,0,0,1,0,0,0,0,0,0,0,0,0,0,1,0,0
disaster_03723,2739,train,not disaster,0,0,0,0,0,0,0,0,0,0,0,0,0,0,0,0,1,1,0,0
disaster_03726,3936,train,real disaster,0,0,0,0,0,0,0,0,0,0,0,0,0,0,0,0,1,1,0,1
disaster_03728,9608,train,real disaster,1,1,1,0,1,1,1,0,0,0,0,1,0,0,0,1,0,0,0,0
disaster_03727,993,train,not disaster,0,0,0,0,0,0,0,0,0,0,0,0,0,0,0,0,1,1,1,1
disaster_03725,10550,train,real disaster,1,1,0,1,1,0,0,0,1,0,0,0,0,1,0,0,0,0,0,0
disaster_03729,8906,train,not disaster,1,0,0,0,0,0,0,0,0,0,0,0,0,0,0,0,1,0,0,1
disaster_03730,133,train,real disaster,1,1,0,0,1,0,0,0,0,1,0,0,0,1,0,0,0,0,0,0
disaster_03731,4725,test,real disaster,0,1,1,0,0,1,0,0,0,0,0,0,0,0,1,1,1,0,1,0
disaster_03732,6505,test,not disaster,0,0,0,1,0,0,0,1,1,0,0,0,0,0,0,0,0,0,0,1
disaster_03734,7905,train,real disaster,1,1,1,1,1,0,1,0,0,0,1,0,0,1,1,0,0,0,0,0
disaster_03736,9325,train,not disaster,0,0,0,0,0,0,0,0,0,0,0,0,0,0,0,0,1,0,1,1
disaster_03738,3603,train,not disaster,0,0,0,0,1,0,0,0,0,0,0,0,0,0,0,0,0,1,0,1
disaster_03735,432,train,real disaster,1,0,0,0,1,1,1,0,0,0,0,0,0,0,0,0,1,1,0,1
disaster_03737,5518,train,not disaster,0,0,0,0,0,0,0,0,0,0,0,0,0,0,0,0,1,0,0,1
disaster_03733,1663,train,not disaster,1,0,1,0,1,0,0,0,0,0,0,0,0,0,0,0,1,0,1,1
disaster_03741,1649,train,real disaster,1,0,0,0,1,1,0,0,0,0,0,0,0,0,0,0,0,0,0,1
disaster_03739,195,test,not disaster,0,0,0,0,1,1,0,0,0,0,0,0,0,0,0,0,1,1,0,1
disaster_03740,4967,train,real disaster,1,1,0,0,1,1,0,0,0,0,0,1,0,0,0,0,0,0,0,0
disaster_03742,10183,train,not disaster,1,0,0,0,0,0,0,0,0,0,0,0,0,0,0,0,1,0,0,1
disaster_03744,5548,train,not disaster,0,0,0,0,0,1,0,1,0,0,0,0,0,0,0,0,1,0,1,1
disaster_03743,6163,train,not disaster,1,1,1,0,1,0,1,0,0,0,0,0,0,0,0,0,0,0,0,0
disaster_03745,10224,test,real disaster,0,0,0,0,0,0,0,0,0,0,0,0,0,0,0,0,1,0,0,0
disaster_03747,6682,train,not disaster,0,0,0,0,1,1,0,0,0,0,0,0,0,0,0,0,1,0,0,1
disaster_03746,8032,train,not disaster,0,0,0,0,1,1,0,0,0,0,0,1,0,0,0,0,0,0,0,0
disaster_03749,8138,train,not disaster,0,0,0,0,0,0,1,0,0,0,0,0,0,0,0,0,0,0,0,1
disaster_03750,7178,test,not disaster,1,0,0,0,0,0,0,0,0,0,0,0,0,0,0,0,1,0,1,0
disaster_03753,6423,train,not disaster,0,0,0,0,0,0,0,0,0,0,0,0,0,0,0,0,0,0,0,1
disaster_03751,2150,test,not disaster,0,0,0,0,0,0,0,0,0,0,0,0,0,0,0,0,1,1,0,1
disaster_03748,5267,train,not disaster,0,0,0,0,0,0,0,0,0,0,0,0,0,0,0,0,0,0,0,1
disaster_03752,6765,train,not disaster,0,0,0,0,0,0,0,0,0,0,0,0,0,0,0,0,0,0,0,1
disaster_03754,4507,train,not disaster,1,0,0,0,0,0,0,0,0,0,0,0,0,0,0,0,0,0,0,1
disaster_03755,3903,train,real disaster,0,0,0,0,0,0,1,0,0,0,0,0,0,0,0,0,1,1,0,1
disaster_03756,6030,train,real disaster,1,0,1,0,0,0,0,0,0,0,0,0,0,0,0,0,1,0,0,1
disaster_03757,7753,test,not disaster,0,0,0,0,0,0,0,0,0,0,0,0,0,1,0,0,1,0,1,1
disaster_03758,443,test,real disaster,0,0,0,0,0,0,1,0,0,0,0,0,0,0,0,0,1,0,0,1
disaster_03759,7983,train,real disaster,1,1,0,0,1,0,1,0,0,1,0,0,0,0,0,0,0,0,0,0
disaster_03761,2950,train,real disaster,0,0,1,0,0,0,0,0,0,0,0,0,0,0,0,0,1,1,1,1
disaster_03760,3287,train,not disaster,0,0,0,0,0,0,0,0,0,0,0,0,0,0,0,0,1,0,1,0
disaster_03762,4017,train,real disaster,0,0,0,0,0,0,0,0,0,0,0,0,0,0,0,0,1,0,0,1
disaster_03764,705,train,not disaster,1,0,0,0,0,0,0,0,0,0,0,0,0,0,0,0,1,0,0,1
disaster_03765,1770,test,real disaster,1,1,1,0,1,1,0,0,0,1,0,0,0,0,0,0,0,0,0,0
disaster_03763,5959,train,not disaster,1,1,1,0,0,0,0,0,0,0,0,0,0,0,0,0,0,0,0,0
disaster_03766,260,train,not disaster,0,0,0,0,0,0,0,0,0,0,0,0,0,1,0,0,1,0,1,1
disaster_03768,6072,train,real disaster,1,1,1,0,1,1,1,0,0,0,0,1,0,0,0,0,0,0,0,0
disaster_03767,9733,train,not disaster,0,0,0,0,0,0,0,0,0,0,0,0,0,0,0,0,1,0,1,1
disaster_03770,151,train,not disaster,0,0,0,0,0,0,0,0,0,0,0,0,0,0,0,0,0,1,0,1
disaster_03772,10137,test,not disaster,0,0,0,0,0,0,1,0,0,0,0,0,0,0,0,0,0,0,0,1
disaster_03771,8734,train,not disaster,0,0,0,0,0,0,0,0,0,0,0,0,0,0,0,0,1,0,0,1
disaster_03769,340,test,real disaster,1,1,1,0,1,0,0,0,0,0,0,0,0,0,0,0,1,0,1,0
disaster_03775,8097,train,real disaster,0,1,0,0,1,0,1,0,0,0,0,0,0,0,0,0,0,0,0,0
disaster_03774,9849,train,not disaster,0,0,0,0,0,0,0,1,0,0,0,0,0,0,0,0,0,0,0,0
disaster_03776,10842,test,real disaster,1,1,0,1,1,0,0,0,1,0,0,0,0,0,0,0,0,0,0,0
disaster_03779,5657,train,real disaster,1,1,0,1,1,1,0,0,1,0,0,0,0,1,0,0,0,0,0,0
disaster_03778,1726,train,not disaster,1,0,0,0,0,0,0,0,0,1,0,0,0,0,0,0,1,0,1,1
disaster_03781,4149,train,not disaster,1,0,1,0,0,0,0,0,1,0,0,0,0,0,0,0,1,0,1,1
disaster_03773,5573,train,not disaster,1,0,0,0,0,0,0,0,0,0,0,0,0,0,0,0,1,0,0,1
disaster_03777,5531,train,not disaster,0,0,0,0,0,0,0,0,0,0,0,0,0,0,0,0,1,1,0,0
disaster_03783,471,train,real disaster,0,0,1,0,0,0,1,0,0,0,0,0,0,0,0,0,1,0,0,1
disaster_03782,2377,train,real disaster,0,1,0,1,1,0,1,0,0,0,1,0,0,0,0,0,0,0,0,0
disaster_03780,10100,test,real disaster,1,1,1,0,1,1,1,0,0,0,0,0,0,0,1,0,0,0,0,0
disaster_03785,4167,train,not disaster,0,0,0,0,0,0,0,0,0,0,0,0,0,0,0,0,1,0,1,1
disaster_03784,1959,train,real disaster,1,1,1,1,1,0,0,0,0,1,0,0,0,0,0,0,0,0,0,0
disaster_03788,4377,test,real disaster,1,1,0,0,1,1,1,0,0,0,0,1,0,0,0,0,0,0,0,0
disaster_03787,10788,train,not disaster,1,0,0,0,0,0,0,0,0,0,0,0,0,0,0,0,1,1,1,1
disaster_03789,9054,train,not disaster,0,0,0,0,0,0,1,0,0,0,0,0,0,0,0,0,0,0,0,1
disaster_03786,3176,train,not disaster,0,0,0,0,0,0,0,0,0,0,0,0,0,0,0,0,1,0,0,1
disaster_03790,6573,test,not disaster,0,0,0,0,1,0,0,0,0,0,0,0,0,0,0,0,1,1,1,1
disaster_03791,8855,train,not disaster,0,0,0,0,0,0,0,0,0,0,0,0,0,0,0,0,0,0,1,1
disaster_03792,2505,train,real disaster,1,1,1,0,1,1,0,1,0,0,0,0,0,0,0,0,0,0,0,0
disaster_03794,7365,train,not disaster,0,0,0,0,0,0,0,0,0,0,0,0,0,0,0,0,1,0,0,1
disaster_03793,10770,train,real disaster,1,1,0,0,1,0,1,0,0,0,0,0,0,0,0,0,0,0,0,0
disaster_03795,6820,test,not disaster,0,1,1,0,0,0,0,1,0,0,0,0,0,0,0,0,0,0,0,0
disaster_03797,7480,train,not disaster,0,0,0,0,0,0,1,0,0,0,0,0,0,0,0,0,1,1,0,1
disaster_03798,10174,train,not disaster,1,0,0,0,1,0,1,0,0,0,0,1,0,0,0,0,0,0,0,0
disaster_03799,10854,test,real disaster,1,1,0,0,1,0,1,0,0,0,0,0,0,0,0,0,0,0,0,0
disaster_03801,8017,train,not disaster,0,0,0,0,0,0,1,0,0,0,0,0,0,0,0,0,0,0,0,0
disaster_03796,4241,train,real disaster,1,1,1,0,1,0,1,0,1,0,0,1,0,0,0,0,0,0,0,0
disaster_03802,445,train,not disaster,1,0,0,0,0,0,0,0,0,0,0,0,0,0,0,0,1,1,0,1
disaster_03803,3842,train,real disaster,0,0,0,0,0,0,0,0,0,0,0,0,0,0,0,0,1,1,0,1
disaster_03806,7760,train,real disaster,0,1,1,0,1,0,1,0,0,0,0,0,0,1,0,0,0,0,0,0
disaster_03800,4983,train,real disaster,1,0,0,0,1,0,0,0,0,0,0,0,0,0,0,0,1,1,0,1
disaster_03807,7803,train,not disaster,0,0,0,0,0,0,1,0,0,0,0,0,0,0,0,0,0,0,0,1
disaster_03808,1523,train,not disaster,0,0,0,0,0,0,0,0,0,0,0,0,0,0,0,0,1,0,1,0
disaster_03804,8711,train,not disaster,0,0,0,0,0,0,0,0,0,0,0,0,0,0,0,0,1,0,0,0
disaster_03809,9766,test,not disaster,0,0,0,0,0,0,0,0,0,0,0,0,0,0,0,0,1,0,1,1
disaster_03810,2694,train,not disaster,0,0,0,0,0,0,0,0,0,0,0,0,0,0,0,0,0,0,1,1
disaster_03811,8559,train,not disaster,0,0,0,0,0,0,0,0,0,0,0,0,0,0,0,0,1,1,1,1
disaster_03805,8625,test,real disaster,1,1,0,0,1,1,1,0,0,0,0,1,0,0,0,0,0,0,0,0
disaster_03813,2410,train,not disaster,0,0,0,0,0,0,0,0,0,0,0,0,0,0,0,0,1,0,0,1
disaster_03815,2388,train,real disaster,0,0,0,0,0,0,1,0,0,0,0,0,0,0,0,0,1,1,0,1
disaster_03814,5873,train,real disaster,1,0,0,0,0,0,0,0,0,0,0,0,0,0,0,0,0,0,0,0
disaster_03816,5017,train,not disaster,0,0,0,0,1,0,1,0,0,0,0,0,0,0,0,0,0,0,0,1
disaster_03812,7932,train,not disaster,1,0,0,0,0,0,0,0,0,0,0,0,0,0,0,0,1,0,0,1
disaster_03818,7514,train,real disaster,1,1,1,1,1,0,0,0,0,0,1,0,0,0,0,0,0,0,0,0
disaster_03817,6883,train,real disaster,0,0,0,0,0,0,0,0,0,0,0,0,0,0,0,0,1,0,1,1
disaster_03819,4337,train,not disaster,1,0,0,0,0,0,0,0,0,0,0,0,0,0,0,0,1,1,0,1
disaster_03822,2498,train,real disaster,1,1,1,1,0,0,0,1,0,0,0,0,0,0,0,0,0,0,1,0
disaster_03820,691,test,not disaster,1,0,0,0,0,0,0,0,0,0,0,0,0,0,0,0,0,0,0,0
disaster_03824,2091,train,not disaster,0,0,0,0,0,0,0,0,0,0,0,0,0,0,0,0,1,0,0,1
disaster_03821,1792,train,real disaster,1,1,1,0,1,0,0,0,0,0,0,0,0,0,1,0,0,0,0,0
disaster_03827,570,train,real disaster,1,1,1,0,1,0,1,0,0,0,0,0,0,1,0,0,0,0,0,0
disaster_03823,1422,test,not disaster,0,0,0,0,0,0,0,0,0,0,0,0,0,0,0,0,0,0,0,1
disaster_03825,9388,test,not disaster,0,0,0,0,1,0,0,1,0,0,0,0,0,0,0,0,1,0,0,1
disaster_03826,2881,train,real disaster,1,0,1,1,0,0,0,0,0,0,0,0,0,0,0,0,0,1,0,0
disaster_03829,6345,test,real disaster,1,1,1,0,1,1,0,0,0,0,0,0,0,1,0,0,0,0,0,0
disaster_03830,955,train,not disaster,0,0,0,0,0,0,0,0,0,0,0,0,0,0,0,0,1,0,1,1
disaster_03831,6170,test,real disaster,0,0,1,1,1,0,0,0,0,0,0,0,0,0,0,0,1,0,0,1
disaster_03828,1317,train,not disaster,0,0,0,0,0,0,0,0,0,0,0,0,0,0,0,0,1,1,1,1
disaster_03832,4025,train,real disaster,1,1,0,0,1,0,1,0,0,0,0,0,0,0,0,0,0,0,0,0
disaster_03835,4324,test,real disaster,1,0,0,0,0,0,0,0,0,0,0,0,0,0,0,0,1,0,1,1
disaster_03834,10825,train,not disaster,0,0,0,0,0,0,1,0,0,0,0,0,0,0,0,0,1,0,0,1
disaster_03833,2675,train,real disaster,0,0,0,0,0,0,1,0,0,0,0,0,0,0,0,0,0,1,0,1
disaster_03838,10027,test,not disaster,0,0,0,0,0,0,0,0,0,0,0,0,0,0,0,0,1,0,0,1
disaster_03836,6912,test,not disaster,1,0,1,0,0,0,0,0,0,0,0,0,0,0,0,0,0,0,0,1
disaster_03837,8667,train,real disaster,1,1,0,0,1,0,1,0,0,0,0,0,0,0,0,0,0,0,0,0
disaster_03841,8856,train,not disaster,0,0,0,0,0,1,0,0,0,0,0,0,0,0,0,0,1,0,1,1
disaster_03842,3627,train,not disaster,0,0,0,0,0,0,0,0,0,0,0,0,0,0,0,0,1,0,0,1
disaster_03840,3283,train,not disaster,0,0,0,0,0,1,1,0,0,0,0,0,0,0,0,0,1,0,0,1
disaster_03843,6130,train,not disaster,0,0,0,0,0,0,0,0,0,0,0,0,0,0,0,0,1,0,1,1
disaster_03839,7270,train,real disaster,1,1,1,0,1,0,0,0,0,0,0,1,0,0,0,0,0,0,0,0
disaster_03844,965,train,not disaster,0,0,0,0,0,0,1,0,0,0,0,0,0,0,0,0,0,1,0,1
disaster_03847,8505,train,not disaster,0,0,0,0,0,0,0,1,0,0,0,0,0,0,0,0,0,0,1,0
disaster_03848,1648,train,real disaster,1,0,0,0,1,1,0,0,0,0,0,0,0,0,0,0,0,0,0,0
disaster_03845,8905,train,real disaster,1,0,0,0,1,1,0,0,0,0,0,0,0,0,0,0,0,0,0,1
disaster_03846,7763,train,not disaster,0,0,0,0,0,0,0,0,0,0,0,0,0,1,0,0,0,0,0,0
disaster_03849,4224,train,not disaster,0,0,0,0,0,0,0,0,0,0,0,0,0,0,0,0,1,0,1,0
disaster_03850,10169,train,real disaster,1,1,1,0,1,0,1,0,0,0,0,1,0,0,0,0,0,0,0,0
disaster_03852,3462,train,real disaster,1,1,0,0,1,1,1,0,0,0,0,0,0,0,0,0,0,0,1,0
disaster_03853,3362,train,not disaster,0,0,1,1,1,0,0,0,0,1,0,0,0,0,0,0,0,0,0,1
disaster_03851,5224,train,not disaster,0,0,0,0,0,0,0,0,0,0,0,0,0,0,0,0,0,0,0,0
disaster_03854,9739,train,real disaster,1,1,1,0,1,0,0,1,0,0,0,0,0,0,0,0,0,0,0,0
disaster_03855,8812,train,not disaster,0,0,0,0,0,0,0,0,0,0,0,0,0,0,0,0,1,0,1,1
disaster_03857,2890,train,not disaster,0,0,0,0,0,0,0,0,0,0,0,0,0,0,0,0,0,1,0,0
disaster_03858,6999,test,not disaster,0,0,0,0,0,0,1,0,0,0,0,0,0,0,0,0,1,1,0,1
disaster_03861,4362,train,real disaster,1,1,0,0,1,1,1,0,0,0,0,0,0,0,0,0,1,1,1,0
disaster_03860,832,train,not disaster,1,0,0,0,0,0,1,0,0,0,0,0,0,0,0,0,0,0,0,0
disaster_03856,8638,test,real disaster,1,1,1,0,1,0,1,0,0,0,0,0,0,0,0,0,0,0,0,0
disaster_03859,7342,train,real disaster,0,0,0,0,0,0,0,0,0,0,0,0,0,0,0,0,1,0,0,1
disaster_03862,4783,train,real disaster,0,1,1,0,1,0,0,1,0,0,0,0,0,0,1,0,0,0,0,0
disaster_03863,9596,train,not disaster,1,0,0,1,0,0,0,0,0,0,0,0,0,0,0,0,0,0,1,0
disaster_03864,10089,train,real disaster,1,1,1,0,1,0,1,0,0,0,0,0,0,0,0,0,0,0,0,0
disaster_03866,10582,train,real disaster,1,1,0,0,1,1,0,1,0,0,0,0,0,0,0,0,0,0,0,0
disaster_03867,1836,train,real disaster,1,1,0,0,0,0,1,0,0,1,0,0,0,0,0,0,0,1,0,0
disaster_03870,8829,train,not disaster,0,0,0,0,0,0,0,0,0,0,0,0,0,0,0,0,0,1,0,0
disaster_03869,787,train,not disaster,0,0,0,0,0,0,0,0,0,0,0,0,0,0,0,0,1,0,0,1
disaster_03871,159,train,not disaster,0,0,0,0,0,0,0,0,0,0,0,0,0,0,0,0,1,0,0,1
disaster_03865,5958,train,not disaster,0,0,0,0,0,0,0,0,0,0,0,0,0,0,0,0,0,1,0,1
disaster_03868,7198,train,real disaster,0,0,0,0,1,0,0,0,0,0,0,0,0,0,0,0,1,0,1,1
disaster_03872,8967,test,not disaster,0,0,0,0,0,0,0,0,0,0,0,0,0,0,0,0,0,0,0,1
disaster_03873,4750,train,real disaster,0,0,0,0,1,0,0,1,0,0,0,0,0,0,1,0,0,0,0,0
disaster_03875,3861,test,real disaster,0,0,0,0,0,0,0,0,0,0,0,0,0,0,0,0,0,0,0,1
disaster_03876,4243,train,real disaster,1,1,1,0,1,0,1,0,1,0,0,1,0,0,1,0,0,0,0,0
disaster_03874,1840,test,real disaster,0,0,0,0,0,0,0,0,0,0,0,0,0,0,0,0,0,0,0,1
disaster_03877,4717,train,real disaster,1,1,1,0,1,1,1,0,0,0,0,1,0,0,1,0,0,0,0,0
disaster_03882,10168,train,real disaster,1,1,1,0,0,0,0,0,0,0,0,1,0,0,0,0,1,0,0,0
disaster_03883,6268,train,real disaster,1,0,0,0,1,0,0,0,0,0,0,0,0,0,0,0,1,1,0,0
disaster_03879,8224,train,not disaster,0,0,0,0,0,0,0,0,0,0,0,0,0,0,0,0,0,0,0,1
disaster_03880,4171,test,not disaster,0,0,0,0,0,0,0,0,0,0,0,0,0,0,0,0,0,0,1,0
disaster_03878,7585,train,real disaster,1,1,0,0,0,0,1,0,1,0,0,1,0,0,0,0,0,0,0,0
disaster_03884,7638,train,not disaster,0,1,0,0,1,0,1,0,0,0,0,0,0,0,0,0,0,0,0,0
disaster_03881,6644,train,not disaster,1,0,0,0,0,0,0,0,0,0,0,0,0,0,0,0,1,0,1,0
disaster_03886,6154,train,real disaster,0,0,0,0,1,0,0,0,0,0,0,0,0,0,0,0,1,0,0,1
disaster_03887,2145,test,not disaster,0,0,0,0,0,0,0,0,0,0,0,0,0,0,0,0,1,0,1,1
disaster_03889,891,train,not disaster,1,0,1,0,0,0,0,0,0,0,0,0,0,0,0,0,1,0,1,1
disaster_03888,1190,train,real disaster,0,0,0,0,0,1,0,0,0,0,0,0,0,0,0,0,0,1,0,1
disaster_03885,2438,train,not disaster,0,0,0,0,1,0,0,0,0,0,0,0,0,0,0,0,0,1,0,1
disaster_03890,2395,train,not disaster,0,0,0,0,0,1,0,1,0,0,0,0,0,0,0,0,1,0,1,0
disaster_03891,8799,train,not disaster,0,0,0,0,0,0,0,0,0,0,0,0,0,0,0,0,0,1,0,1
disaster_03892,4238,test,real disaster,0,1,0,0,1,1,0,0,0,0,0,1,0,0,0,0,1,0,1,0
disaster_03894,4384,test,not disaster,1,1,0,0,1,1,1,0,0,0,0,1,0,0,0,0,0,0,0,0
disaster_03893,7264,train,real disaster,1,0,0,1,0,0,0,0,0,0,0,0,0,0,0,0,1,1,1,1
disaster_03896,6835,train,not disaster,0,0,0,0,0,0,0,0,0,0,0,0,0,0,0,0,1,0,0,0
disaster_03898,4266,test,real disaster,1,0,0,0,0,0,0,0,0,0,0,0,0,0,0,0,1,0,0,0
disaster_03895,143,train,real disaster,1,1,1,1,0,1,0,1,0,0,0,0,0,0,0,0,0,0,0,0
disaster_03900,7872,test,not disaster,0,0,0,0,0,1,1,0,0,0,0,0,0,0,0,0,1,0,0,1
disaster_03897,6693,test,not disaster,0,0,0,0,1,0,0,0,0,0,0,0,0,0,0,0,1,0,0,1
disaster_03899,5357,train,real disaster,1,0,0,0,0,0,0,1,0,0,0,0,0,0,0,0,0,0,0,1
disaster_03902,6085,train,not disaster,0,0,0,0,0,0,0,0,0,0,0,0,0,0,0,0,1,1,0,1
disaster_03903,1142,train,not disaster,0,0,0,0,1,0,1,0,0,0,0,0,0,0,0,0,0,0,0,1
disaster_03901,10294,test,not disaster,0,0,0,0,0,0,0,0,0,0,0,0,0,0,0,0,1,0,0,1
disaster_03904,335,train,not disaster,0,0,0,0,0,1,0,0,0,0,0,0,0,0,0,0,1,1,1,1
disaster_03908,2342,train,not disaster,0,0,0,0,1,0,1,0,0,0,0,0,0,0,0,0,1,1,1,1
disaster_03905,8752,train,not disaster,0,0,0,0,0,0,0,0,0,0,0,0,0,0,0,0,1,1,0,1
disaster_03907,2262,train,not disaster,0,0,0,0,0,0,0,0,0,0,0,0,0,0,0,0,1,0,0,1
disaster_03909,5187,train,real disaster,0,0,0,0,0,0,1,0,1,0,0,0,0,0,0,0,0,0,0,0
disaster_03911,6370,train,not disaster,0,0,0,0,0,0,0,0,0,0,0,0,0,0,0,0,1,1,0,1
disaster_03910,7826,train,not disaster,0,0,0,0,0,0,1,0,0,0,0,0,0,0,0,0,0,0,0,1
disaster_03906,448,train,not disaster,0,0,0,0,0,0,0,0,0,0,0,0,0,0,0,0,1,1,0,1
disaster_03913,9716,train,real disaster,1,1,1,0,1,0,1,1,0,1,0,0,0,0,0,0,0,0,0,0
disaster_03912,3503,train,real disaster,1,1,0,0,1,0,0,0,0,0,0,1,0,0,0,0,0,0,0,0
disaster_03914,974,train,not disaster,0,0,0,0,1,0,0,0,0,0,0,0,0,0,0,0,0,0,0,1
disaster_03916,3623,test,not disaster,0,0,0,0,0,1,0,0,0,0,0,0,0,0,0,0,0,1,0,1
disaster_03919,5675,train,not disaster,1,0,0,0,0,0,0,0,0,0,0,0,0,0,0,0,1,0,0,1
disaster_03917,9520,train,not disaster,0,0,0,0,0,0,0,0,0,0,0,0,0,0,0,0,1,1,1,1
disaster_03918,9859,train,not disaster,0,0,0,0,1,0,0,1,0,0,0,0,0,0,0,0,1,0,0,1
disaster_03920,6038,test,real disaster,1,1,1,0,0,1,0,0,0,0,0,0,0,0,0,1,0,0,0,0
disaster_03921,8081,test,not disaster,0,0,0,0,0,0,1,0,0,0,0,0,0,0,0,0,0,0,0,1
disaster_03923,4269,train,not disaster,0,0,0,0,0,0,0,0,0,0,0,0,0,0,0,0,1,1,1,1
disaster_03915,6556,train,not disaster,0,0,0,0,0,1,0,0,1,0,0,0,0,0,0,0,0,0,0,1
disaster_03924,7481,train,not disaster,0,0,0,0,0,0,0,0,0,0,0,0,0,0,0,0,1,0,0,1
disaster_03925,1381,test,not disaster,1,0,1,1,1,0,0,0,1,0,0,0,0,0,0,0,0,0,0,1
disaster_03927,1202,train,not disaster,0,0,0,0,0,1,0,0,0,0,0,0,0,0,0,0,0,0,0,1
disaster_03928,2250,train,real disaster,1,0,0,0,0,0,0,0,0,0,0,0,0,1,0,0,0,0,0,1
disaster_03929,61,train,not disaster,0,0,0,0,0,0,0,0,0,0,0,0,0,0,0,0,1,0,0,1
disaster_03926,7294,test,real disaster,1,0,0,0,0,0,1,0,0,0,0,0,0,0,0,0,1,0,1,1
disaster_03931,8453,train,not disaster,0,0,0,0,0,0,0,0,0,0,0,0,0,0,0,0,1,0,1,1
disaster_03922,9896,train,not disaster,0,0,0,0,0,1,0,0,0,0,0,0,0,0,0,0,1,1,1,1
disaster_03933,6632,train,not disaster,0,0,0,0,0,1,0,0,0,0,0,0,0,0,0,0,1,0,0,1
disaster_03934,10603,train,real disaster,1,1,1,1,1,0,1,0,1,0,0,0,0,0,0,0,0,0,0,0
disaster_03935,10138,train,not disaster,0,0,0,0,0,0,1,0,0,0,0,0,0,0,0,0,0,0,0,1
disaster_03932,4449,test,real disaster,1,1,0,0,1,0,1,0,1,0,0,0,0,0,0,0,0,0,0,0
disaster_03937,4395,train,real disaster,1,0,0,0,0,0,1,0,0,0,0,0,0,0,0,0,1,0,0,1
disaster_03936,296,test,not disaster,0,0,0,0,0,0,0,0,0,0,0,0,0,0,0,0,1,1,0,1
disaster_03930,3288,test,not disaster,0,0,0,0,1,0,0,0,0,0,0,0,0,0,0,0,0,0,0,1
disaster_03938,9667,train,real disaster,1,1,0,1,0,1,0,0,0,1,0,0,0,0,0,0,0,1,0,0
disaster_03939,4729,train,not disaster,0,0,0,0,1,0,0,0,0,0,0,0,0,0,1,0,0,0,0,0
disaster_03942,1075,train,real disaster,1,1,0,0,0,0,0,1,1,0,0,0,0,0,0,0,0,1,0,0
disaster_03941,7146,test,not disaster,1,0,0,0,0,0,0,0,0,0,0,0,0,0,0,0,1,1,1,1
disaster_03944,3901,train,real disaster,0,1,0,0,1,0,0,0,1,0,0,0,0,0,0,0,0,0,0,0
disaster_03943,7140,train,not disaster,0,0,0,0,1,0,1,0,0,0,0,0,0,0,0,0,0,0,0,1
disaster_03940,6630,train,not disaster,0,0,0,0,1,0,0,0,0,0,0,0,0,0,0,0,1,1,1,1
disaster_03945,4869,test,not disaster,1,0,0,0,0,0,1,0,0,0,0,0,0,0,0,0,1,0,0,1
disaster_03946,9277,train,not disaster,0,0,0,0,0,0,1,0,0,0,0,0,0,0,0,0,1,0,0,1
disaster_03947,870,train,real disaster,1,1,1,1,0,0,1,0,0,0,1,0,0,0,0,0,0,0,0,0
disaster_03948,6697,train,not disaster,0,0,0,0,0,0,0,0,0,0,0,0,0,0,0,0,1,0,1,1
disaster_03949,10171,train,real disaster,1,1,1,0,1,0,1,0,0,0,0,0,0,0,0,0,0,0,0,0
disaster_03950,1587,train,not disaster,1,0,0,0,1,0,0,0,0,1,0,0,0,0,0,0,1,0,0,1
disaster_03951,413,train,not disaster,0,0,0,0,0,0,0,0,0,0,0,0,0,0,0,0,1,0,0,0
disaster_03954,2215,test,real disaster,0,1,1,1,1,1,1,0,0,1,0,0,0,1,0,0,0,0,0,0
disaster_03956,4754,train,not disaster,0,0,0,0,0,0,0,0,0,0,0,0,0,0,1,0,1,0,0,1
disaster_03952,291,test,not disaster,0,0,0,0,1,0,0,0,0,0,0,0,0,1,0,0,0,0,0,1
disaster_03957,719,train,not disaster,1,1,1,0,0,1,0,0,0,0,0,0,0,0,0,0,0,1,1,0
disaster_03953,2664,test,real disaster,0,0,0,0,0,0,0,0,0,0,0,0,0,0,0,0,0,1,0,0
disaster_03955,5335,train,not disaster,0,0,0,0,0,0,0,0,0,0,0,0,0,0,0,0,1,0,1,1
disaster_03959,8143,train,real disaster,1,1,1,0,1,0,1,0,1,0,0,1,0,1,0,0,0,0,0,0
disaster_03958,1226,train,not disaster,0,0,0,0,1,0,0,0,0,0,0,0,0,0,0,0,0,0,0,1
disaster_03961,7714,train,not disaster,0,0,0,0,0,0,1,0,0,0,0,0,0,0,0,0,1,0,0,1
disaster_03963,3317,train,not disaster,0,0,0,0,0,0,0,0,0,0,0,0,0,0,0,0,1,0,1,1
disaster_03962,7223,train,real disaster,0,0,0,1,0,0,0,0,0,0,0,0,0,0,0,0,1,0,0,1
disaster_03964,6413,train,not disaster,1,0,0,0,0,0,0,0,0,0,0,0,0,0,0,0,1,0,1,1
disaster_03966,7191,train,not disaster,1,0,0,0,0,0,0,0,0,0,0,0,0,0,0,0,1,0,1,1
disaster_03960,9818,train,not disaster,0,0,0,0,0,0,0,0,0,0,0,0,0,0,0,0,0,0,0,1
disaster_03965,8214,train,not disaster,0,0,0,0,0,0,0,0,0,0,0,0,0,0,0,0,1,1,0,1
disaster_03968,15,train,real disaster,1,1,1,0,1,0,0,0,0,0,0,0,0,0,0,0,0,0,0,0
disaster_03969,6585,test,not disaster,0,0,0,0,1,0,0,0,0,0,0,0,0,0,0,0,0,0,0,1
disaster_03967,3676,train,real disaster,0,0,0,0,1,0,0,0,0,0,0,0,0,0,0,0,1,0,1,1
disaster_03970,2929,train,real disaster,0,0,0,0,0,0,0,0,0,0,0,0,0,0,0,0,1,1,0,1
disaster_03971,5745,train,real disaster,1,0,0,0,1,0,0,0,0,0,0,0,0,0,0,0,1,0,1,1
disaster_03973,8627,train,not disaster,1,0,0,0,0,0,0,0,0,0,0,0,0,0,0,0,0,0,0,1
disaster_03972,6350,train,not disaster,0,0,0,0,0,0,0,0,0,0,0,0,0,0,0,0,1,0,0,1
disaster_03974,9625,train,real disaster,1,1,1,0,1,0,1,0,0,0,0,0,0,0,0,1,0,0,0,0
disaster_03976,6329,test,real disaster,1,1,0,1,1,1,0,0,0,0,0,0,0,0,0,0,0,0,0,0
disaster_03977,2801,train,not disaster,0,0,0,0,0,1,0,0,0,0,0,0,0,0,0,0,0,1,1,1
disaster_03975,7534,train,real disaster,1,1,0,0,1,0,1,0,0,0,0,1,0,0,0,0,0,0,0,0
disaster_03978,9309,train,not disaster,0,0,0,0,0,0,0,0,0,0,0,0,0,0,0,0,0,0,0,1
disaster_03979,10629,test,not disaster,0,0,0,0,1,1,0,0,0,0,0,0,1,0,0,0,0,0,0,1
disaster_03980,8585,train,not disaster,0,0,0,0,0,0,0,0,0,0,0,0,0,0,0,0,1,0,0,1
disaster_03982,5321,test,not disaster,0,0,0,0,0,0,0,0,0,0,0,0,0,0,0,0,0,0,0,1
disaster_03983,5534,train,not disaster,0,0,0,0,1,0,0,1,0,0,0,0,0,0,0,0,0,0,0,0
disaster_03981,8770,train,not disaster,0,0,0,0,0,0,0,0,0,0,0,0,0,0,0,0,0,0,0,1
disaster_03985,6689,train,not disaster,0,0,0,0,0,0,0,0,0,0,0,0,0,0,0,0,1,1,0,1
disaster_03984,9565,train,not disaster,0,0,0,0,0,1,0,0,0,0,0,0,0,0,0,0,0,1,0,1
disaster_03986,7556,test,real disaster,1,0,0,0,0,0,1,0,0,0,0,0,0,0,0,0,0,0,0,0
disaster_03987,4140,train,real disaster,1,0,0,0,0,0,0,0,0,0,0,0,0,0,0,0,1,0,1,0
disaster_03988,7141,train,not disaster,0,0,1,0,1,0,1,0,0,0,0,0,0,0,0,0,0,0,0,1
disaster_03989,7717,train,not disaster,0,0,0,0,0,0,0,0,0,0,0,0,0,0,0,0,1,0,1,1
disaster_03991,1175,train,not disaster,0,0,0,0,0,0,1,0,0,0,0,0,0,0,0,0,0,0,0,0
disaster_03992,219,test,real disaster,1,1,0,0,0,1,1,0,1,0,0,0,0,0,0,0,0,0,0,0
disaster_03990,204,train,real disaster,1,1,1,0,0,0,1,0,0,0,0,0,0,0,0,0,0,0,0,0
disaster_03994,3109,test,real disaster,1,1,0,0,1,0,1,0,1,0,0,0,0,0,0,0,0,0,0,0
disaster_03996,10273,test,not disaster,0,0,0,0,0,0,0,0,0,0,0,0,0,0,0,0,1,0,1,1
disaster_03993,287,test,real disaster,1,1,0,0,1,0,0,0,1,0,0,0,0,0,0,0,0,0,0,0
disaster_03998,9368,train,not disaster,0,0,0,0,0,1,0,0,0,0,0,0,0,0,0,0,1,0,0,1
disaster_03995,3485,train,not disaster,0,0,0,0,0,0,0,0,0,0,0,0,0,0,0,0,1,1,1,1
disaster_03997,2193,train,real disaster,1,0,0,0,0,0,1,0,0,0,0,0,0,0,0,0,0,0,0,1
disaster_03999,5845,train,real disaster,1,1,0,0,1,1,0,0,0,0,0,0,0,0,0,0,0,0,0,0
disaster_04000,6735,train,not disaster,0,0,0,0,0,1,0,1,0,0,0,0,0,0,0,0,1,0,0,0
disaster_04001,5766,train,real disaster,1,1,1,0,1,0,0,0,0,0,0,0,1,0,0,0,0,0,0,0
disaster_04005,8676,train,real disaster,1,1,1,0,1,0,1,0,0,1,1,0,0,0,0,0,0,0,0,0
disaster_04002,7923,train,real disaster,1,1,0,1,1,0,1,0,1,0,0,0,0,0,0,0,0,0,0,0
disaster_04006,6978,train,real disaster,1,1,0,0,1,0,0,0,0,0,0,0,0,0,0,0,0,0,0,1
disaster_04003,9542,train,not disaster,0,0,0,0,0,0,0,0,0,0,0,0,0,0,0,0,0,0,0,1
disaster_04007,6605,train,not disaster,0,0,0,1,1,0,0,0,0,0,0,0,0,0,0,0,0,0,0,1
disaster_04004,7962,train,real disaster,1,1,0,0,1,0,1,0,0,1,0,0,0,0,0,0,0,0,0,0
disaster_04008,5194,train,not disaster,0,0,0,0,0,0,0,0,0,0,0,0,0,0,0,0,1,0,0,1
disaster_04011,9493,train,not disaster,0,0,0,0,0,0,0,0,0,0,0,0,0,0,0,0,1,0,1,1
disaster_04010,2425,train,not disaster,0,0,0,0,0,0,0,0,0,0,0,0,0,0,0,0,1,1,1,1
disaster_04013,10268,train,real disaster,1,0,1,1,0,0,0,0,0,0,0,0,0,0,0,0,0,0,0,1
disaster_04009,2734,train,not disaster,0,0,0,0,0,0,1,0,0,0,0,0,0,0,0,0,0,0,0,1
disaster_04015,9240,train,real disaster,1,0,0,1,0,0,0,0,0,0,0,0,0,0,0,0,0,0,0,1
disaster_04014,6834,train,not disaster,0,0,0,0,0,0,0,1,0,0,0,0,0,0,0,0,1,0,1,0
disaster_04012,9610,train,not disaster,1,0,1,1,0,0,0,0,0,0,0,0,0,0,0,1,0,0,0,0
disaster_04016,4734,train,not disaster,0,0,0,0,0,0,0,0,0,0,0,0,0,0,1,0,1,0,1,1
disaster_04017,7668,test,not disaster,0,0,0,0,0,0,0,0,0,0,0,0,0,0,0,0,1,1,0,1
disaster_04018,7228,train,not disaster,1,0,0,0,0,0,0,0,0,0,0,0,0,0,0,0,1,0,1,1
disaster_04020,7959,train,not disaster,0,1,0,0,1,0,0,0,0,1,0,0,0,0,0,0,0,0,0,0
disaster_04023,1810,train,real disaster,1,1,0,0,1,0,1,0,0,0,0,0,0,0,0,0,0,0,0,0
disaster_04019,5521,train,not disaster,0,0,0,0,0,0,0,0,0,0,0,0,0,0,0,0,1,0,0,0
disaster_04024,197,train,real disaster,1,0,0,1,0,0,0,0,0,0,0,0,0,0,0,0,0,0,0,1
disaster_04025,1502,train,not disaster,0,0,1,0,1,1,1,0,0,0,0,0,0,1,0,0,1,0,0,1
disaster_04021,5801,test,not disaster,1,0,1,0,0,0,0,0,0,0,0,0,0,0,0,0,0,0,0,0
disaster_04028,7360,train,not disaster,0,0,0,0,0,1,0,0,0,0,0,0,0,0,0,0,1,1,1,1
disaster_04029,3147,train,real disaster,1,1,0,0,1,0,1,0,1,0,0,0,0,0,0,0,0,0,0,0
disaster_04026,4197,test,not disaster,0,0,0,0,0,0,0,0,0,0,0,0,0,0,0,0,1,1,1,1
disaster_04027,7702,test,not disaster,0,0,0,0,0,0,0,0,0,0,0,0,0,0,0,0,1,0,1,1
disaster_04032,474,train,not disaster,0,0,0,0,0,0,0,0,0,0,0,0,0,0,0,0,1,1,0,1
disaster_04022,4650,train,real disaster,1,1,1,1,1,0,1,0,0,1,0,0,0,0,0,0,0,0,0,0
disaster_04030,4405,train,not disaster,0,0,1,1,1,0,0,1,0,0,0,0,0,0,0,0,0,0,1,0
disaster_04033,6240,train,real disaster,1,0,0,0,0,0,1,0,0,0,0,0,0,0,0,0,0,0,0,1
disaster_04031,1049,train,not disaster,0,1,1,1,0,0,0,1,1,0,0,0,0,0,0,0,0,0,0,0
disaster_04037,8690,train,real disaster,1,0,0,0,1,0,0,0,0,0,0,0,0,0,0,0,0,0,0,0
disaster_04036,6759,test,not disaster,0,0,0,0,0,0,0,0,0,0,0,0,0,0,0,0,0,0,0,1
disaster_04038,6156,test,real disaster,1,1,1,0,1,0,1,0,0,0,0,0,0,1,0,0,0,0,0,0
disaster_04039,8783,test,not disaster,0,0,0,0,0,0,0,0,0,0,0,0,0,0,0,0,0,1,0,0
disaster_04034,2123,train,not disaster,1,0,0,0,0,0,0,0,0,0,0,0,0,0,0,0,1,0,0,1
disaster_04035,9909,train,not disaster,0,0,0,0,0,0,0,0,0,0,0,0,0,0,0,0,1,0,1,1
disaster_04041,7369,test,not disaster,0,0,0,0,0,0,0,0,0,0,0,0,0,0,0,0,1,1,0,1
disaster_04042,9657,train,real disaster,1,1,1,0,0,1,1,0,0,0,0,0,0,0,0,1,0,0,0,0
disaster_04043,4788,train,real disaster,1,1,0,0,1,0,1,0,0,0,0,0,0,0,1,0,0,0,0,0
disaster_04044,8944,train,not disaster,0,0,0,0,0,0,1,0,0,0,0,0,0,0,0,0,0,1,0,1
disaster_04040,7274,train,real disaster,1,1,0,0,1,0,1,0,0,0,0,0,0,0,0,0,0,0,0,0
disaster_04047,528,train,not disaster,0,0,0,0,1,0,1,0,0,0,0,0,0,0,0,0,0,0,0,1
disaster_04049,2149,test,not disaster,0,1,1,0,1,0,1,0,0,0,0,0,1,0,0,0,0,0,0,0
disaster_04045,1170,train,not disaster,0,0,0,0,0,0,0,0,0,0,0,0,0,0,0,0,1,0,0,1
disaster_04050,781,train,not disaster,0,0,0,0,0,0,0,0,0,0,0,0,0,0,0,0,0,1,0,1
disaster_04048,7943,train,not disaster,0,0,0,0,0,0,0,0,0,0,0,0,0,0,0,0,0,0,0,1
disaster_04053,8245,train,not disaster,0,0,0,0,0,0,0,0,0,0,0,0,0,0,0,0,1,1,1,1
disaster_04051,8283,train,real disaster,0,0,0,0,0,0,0,0,1,0,0,0,0,1,0,0,0,0,0,1
disaster_04046,4089,train,real disaster,1,1,1,0,0,0,0,0,1,0,0,1,0,0,0,0,1,0,1,1
disaster_04055,5930,train,not disaster,0,0,0,1,0,0,0,0,0,0,0,0,0,0,0,0,1,0,0,1
disaster_04052,10039,train,not disaster,0,0,0,0,0,0,0,0,0,0,0,0,0,0,0,0,1,1,0,1
disaster_04057,7672,train,not disaster,0,0,0,0,0,0,0,0,0,0,0,0,0,0,0,0,1,0,1,1
disaster_04059,2627,train,real disaster,1,1,0,0,1,0,0,0,0,0,0,0,0,0,0,0,0,0,0,0
disaster_04056,6963,test,not disaster,0,0,0,0,0,0,0,0,0,0,0,0,0,0,0,0,0,0,0,0
disaster_04060,9819,train,not disaster,0,0,0,0,1,0,0,0,0,0,0,0,1,1,0,0,0,0,0,0
disaster_04058,1576,train,not disaster,0,0,0,0,0,1,0,1,0,0,0,0,0,0,0,0,1,1,0,1
disaster_04062,6041,train,real disaster,1,1,1,0,1,0,1,0,0,0,0,1,0,0,0,0,0,0,0,0
disaster_04061,4298,test,not disaster,1,1,0,0,1,0,1,1,0,0,0,0,0,0,0,0,0,0,0,0
disaster_04063,9806,train,not disaster,1,0,0,0,1,0,0,0,0,0,0,0,0,0,0,0,0,1,0,1
disaster_04066,2688,train,not disaster,0,0,0,0,0,0,0,0,0,0,0,0,0,0,0,0,0,0,1,1
disaster_04054,2701,train,not disaster,0,0,0,0,0,0,0,0,0,0,0,0,0,0,0,0,1,0,1,1
disaster_04067,1363,train,not disaster,0,0,0,0,0,0,0,0,0,0,0,0,0,0,0,0,1,0,1,1
disaster_04064,3911,train,real disaster,0,1,0,0,1,0,0,0,1,0,0,0,0,0,0,0,0,0,0,0
disaster_04068,8621,test,not disaster,0,0,0,0,0,0,0,0,0,0,0,0,0,0,0,0,0,0,0,1
disaster_04069,5468,train,not disaster,1,0,0,0,0,0,0,0,1,0,0,0,0,0,0,0,1,0,1,1
disaster_04065,9250,train,not disaster,0,0,0,0,0,0,0,0,0,0,0,0,0,0,0,0,1,0,1,1
disaster_04070,4095,train,not disaster,0,0,0,0,0,0,0,0,1,0,0,0,0,0,0,0,1,0,0,1
disaster_04071,3322,train,not disaster,0,0,0,0,1,1,0,0,0,1,0,0,0,0,0,0,0,0,0,0
disaster_04072,1352,train,not disaster,0,0,0,0,0,1,1,0,0,0,0,0,0,0,0,0,0,0,0,1
disaster_04076,702,train,not disaster,1,0,0,0,0,0,0,0,0,0,0,0,0,0,0,0,1,0,0,0
disaster_04073,3989,train,not disaster,0,0,0,0,1,0,0,0,0,0,0,0,0,0,0,0,0,0,0,1
disaster_04077,8095,train,real disaster,1,1,0,0,1,0,1,0,0,0,0,0,0,0,0,0,0,0,0,0
disaster_04075,4848,train,real disaster,1,1,1,1,1,1,1,0,0,0,0,0,0,0,1,1,0,0,0,0
disaster_04079,2217,train,not disaster,0,0,1,1,0,0,0,0,0,0,0,0,1,0,0,0,0,0,0,1
disaster_04078,2308,test,not disaster,0,0,0,0,0,0,0,0,0,0,0,0,0,0,0,0,1,1,0,1
disaster_04080,5047,train,not disaster,0,1,1,1,0,0,1,0,0,0,0,0,0,0,0,0,0,0,0,0
disaster_04081,2263,train,real disaster,0,0,0,0,0,0,0,0,0,0,0,0,0,0,0,0,1,0,1,1
disaster_04083,8247,train,real disaster,0,0,0,0,0,0,0,0,0,0,0,0,0,0,0,0,1,1,1,1
disaster_04074,10084,train,real disaster,1,1,0,1,1,0,1,0,0,0,0,0,0,0,0,0,0,0,0,0
disaster_04084,2148,test,not disaster,0,0,0,0,0,1,0,1,0,0,0,0,0,0,0,0,0,0,0,1
disaster_04086,6253,train,not disaster,1,0,1,1,0,1,1,0,0,0,0,0,0,0,0,0,0,0,0,1
disaster_04082,8430,train,not disaster,1,0,0,0,0,0,0,0,0,0,0,0,0,0,0,0,1,0,1,0
disaster_04088,8609,train,real disaster,1,0,0,0,1,1,1,0,0,0,0,0,0,0,0,0,0,0,0,0
disaster_04089,3402,test,not disaster,0,0,0,0,0,0,0,0,0,0,0,0,0,0,0,0,1,1,1,1
disaster_04085,8545,train,real disaster,0,0,0,0,0,0,0,0,0,0,0,0,0,0,0,0,1,0,1,0
disaster_04087,4917,train,not disaster,0,0,0,0,0,0,0,0,0,0,0,0,0,0,0,0,1,1,1,1
disaster_04090,4201,test,real disaster,1,1,1,0,1,0,1,0,1,0,0,1,0,0,0,0,0,0,0,0
disaster_04091,6325,test,real disaster,0,0,0,0,0,1,0,1,0,0,0,0,0,0,0,0,1,0,1,1
disaster_04092,1757,train,real disaster,1,0,0,0,0,0,0,0,0,1,0,0,0,0,0,0,1,0,1,1
disaster_04093,3106,train,real disaster,1,1,0,0,1,0,1,0,1,0,0,0,0,0,0,0,0,0,0,0
disaster_04094,7493,train,not disaster,0,0,0,0,0,0,0,0,0,0,0,0,0,0,0,0,1,1,0,1
disaster_04095,6738,train,not disaster,0,0,0,0,0,0,0,0,0,0,0,0,0,0,0,0,1,1,1,1
disaster_04096,6781,train,not disaster,0,0,0,0,0,1,0,0,0,0,0,0,0,0,0,0,1,1,0,1
disaster_04098,8648,train,real disaster,1,1,0,1,0,0,1,0,0,0,1,0,0,0,0,0,0,0,0,0
disaster_04097,1088,train,not disaster,0,0,0,0,0,0,0,0,0,0,0,0,0,0,0,0,1,0,1,1
disaster_04099,10751,train,real disaster,1,0,0,0,1,0,1,0,1,0,0,0,0,0,0,0,1,0,1,1
disaster_04101,8688,train,not disaster,0,1,1,0,1,0,0,0,0,0,0,0,0,0,0,0,0,0,0,0
disaster_04100,774,train,not disaster,0,0,0,0,0,0,0,0,0,0,0,0,0,0,0,0,0,1,0,1
disaster_04103,2819,test,real disaster,1,0,0,0,0,0,1,0,0,0,0,0,0,0,0,0,0,0,0,1
disaster_04102,5933,train,not disaster,0,0,1,0,0,0,1,0,0,0,0,0,0,0,0,0,0,0,0,1
disaster_04104,10187,train,not disaster,1,0,0,0,1,0,1,0,0,0,0,1,0,0,0,0,0,0,0,0
disaster_04106,8370,train,not disaster,0,0,0,0,0,0,0,0,0,0,0,0,0,0,0,0,1,0,0,1
disaster_04105,6933,train,not disaster,1,0,0,0,0,0,1,0,0,0,0,0,0,0,0,0,1,0,1,1
disaster_04108,10754,train,real disaster,1,1,0,0,1,0,1,0,0,1,0,0,0,0,0,0,0,0,0,0
disaster_04107,10795,train,real disaster,1,1,1,1,0,0,0,1,0,1,0,0,0,0,0,0,0,0,0,0
disaster_04110,6962,train,not disaster,0,0,0,0,0,0,0,0,0,0,0,0,0,0,0,0,0,0,0,0
disaster_04112,4981,train,not disaster,1,1,0,0,1,1,0,0,0,0,0,0,0,0,0,0,1,1,0,1
disaster_04111,7815,train,not disaster,0,0,0,0,0,0,1,0,0,0,0,0,0,0,0,0,0,0,0,1
disaster_04113,4029,train,not disaster,0,0,0,0,0,0,0,0,0,0,0,0,0,0,0,0,1,0,0,1
disaster_04115,5139,train,not disaster,0,0,0,0,0,0,0,0,0,0,0,0,0,0,0,0,1,1,1,1
disaster_04109,1973,train,real disaster,1,1,0,0,1,1,0,0,0,0,0,0,0,0,0,0,0,0,0,0
disaster_04114,9709,test,real disaster,0,0,0,0,0,0,0,0,0,0,0,0,0,0,0,0,1,1,0,1
disaster_04116,9655,train,real disaster,1,1,1,0,1,1,1,0,0,0,0,0,0,0,0,1,0,0,0,0
disaster_04117,6222,train,real disaster,1,0,0,0,1,0,1,0,0,0,0,0,0,0,0,0,0,0,0,0
disaster_04118,9513,train,real disaster,1,1,1,1,1,0,0,0,0,0,0,0,0,0,0,0,1,0,0,1
disaster_04120,10575,train,real disaster,1,0,0,0,0,0,0,0,0,0,0,0,0,0,0,0,1,0,1,1
disaster_04121,2561,test,not disaster,1,0,0,0,0,0,0,0,0,0,0,0,0,0,0,0,1,0,0,1
disaster_04119,8962,test,not disaster,1,0,0,0,0,0,0,0,0,0,0,0,0,0,0,0,1,0,1,1
disaster_04123,10702,train,real disaster,0,0,0,0,0,0,0,0,0,0,0,0,0,0,0,0,1,1,0,1
disaster_04125,8203,train,not disaster,0,0,0,0,0,0,0,0,0,0,0,0,0,0,0,0,1,1,1,1
disaster_04124,1162,train,not disaster,0,0,0,0,0,0,1,0,0,0,0,0,0,0,0,0,1,1,0,1
disaster_04122,2098,train,not disaster,0,0,0,0,0,0,0,0,0,0,0,0,0,0,0,0,0,1,1,1
disaster_04127,1826,train,not disaster,1,0,0,0,0,0,0,0,0,0,0,0,0,0,0,0,1,1,1,1
disaster_04129,8683,train,real disaster,1,1,1,0,1,0,1,0,0,1,0,0,0,0,0,0,0,0,0,0
disaster_04130,3737,train,real disaster,1,1,1,0,1,1,0,1,1,0,0,1,0,0,0,0,0,0,0,1
disaster_04126,3117,train,real disaster,1,1,0,0,1,0,0,0,0,0,0,0,0,0,0,0,1,0,0,0
disaster_04132,4366,test,not disaster,1,0,0,0,0,0,0,0,0,0,0,0,0,0,0,0,1,0,1,1
disaster_04131,3328,train,not disaster,0,0,0,0,0,0,0,0,0,0,0,0,0,0,0,0,1,0,1,0
disaster_04134,160,train,not disaster,0,0,0,0,0,0,0,0,0,0,0,0,0,0,0,0,1,0,1,1
disaster_04128,10028,train,not disaster,0,0,0,0,0,0,0,0,0,0,0,0,0,0,0,0,0,1,0,1
disaster_04133,4611,train,not disaster,0,1,1,0,0,0,0,0,0,0,1,0,0,1,0,0,0,0,0,0
disaster_04136,6707,train,not disaster,0,0,0,0,0,0,0,1,0,0,0,0,0,0,0,0,1,1,1,1
disaster_04135,6628,train,not disaster,0,0,0,0,0,0,0,0,0,0,0,0,0,0,0,0,1,0,1,1
disaster_04139,1448,test,not disaster,0,0,0,0,0,0,0,0,0,0,0,0,0,0,0,0,1,1,0,1
disaster_04138,1345,train,not disaster,0,0,0,0,0,0,0,0,0,0,0,0,0,0,0,0,1,0,1,1
disaster_04137,5514,train,not disaster,0,0,0,0,0,0,0,0,0,0,0,0,0,0,0,0,1,0,1,1
disaster_04141,4172,train,real disaster,0,0,0,0,0,0,0,0,0,0,0,0,0,0,0,0,1,0,1,1
disaster_04143,8122,train,real disaster,0,1,0,0,1,0,0,0,0,0,0,1,0,1,0,0,0,0,0,0
disaster_04140,7058,train,not disaster,0,0,0,0,0,0,0,0,0,0,0,0,0,0,0,0,1,0,1,1
disaster_04142,10523,train,not disaster,0,0,0,0,0,0,0,0,0,0,0,0,0,0,0,0,1,1,1,1
disaster_04146,2113,test,not disaster,0,0,1,0,1,0,0,0,0,0,0,0,0,0,0,0,1,0,0,1
disaster_04145,2706,train,not disaster,1,0,0,0,1,0,0,0,0,0,0,0,0,0,0,0,1,0,1,1
disaster_04147,5179,train,not disaster,0,0,0,0,1,0,0,0,0,0,0,0,0,0,0,0,0,0,0,0
disaster_04144,6945,train,real disaster,1,0,1,1,0,0,0,0,1,0,0,0,0,0,0,0,1,0,0,1
disaster_04148,9350,train,not disaster,0,0,0,0,1,0,0,0,0,0,0,0,0,0,0,0,1,0,1,1
disaster_04149,6879,train,not disaster,1,1,1,1,1,0,0,0,1,0,0,0,0,0,0,0,0,0,0,0
disaster_04150,3159,train,not disaster,0,0,0,0,0,0,0,0,0,0,0,0,0,0,0,0,1,1,1,1
disaster_04151,1639,train,real disaster,1,0,0,0,1,0,0,0,0,0,0,0,0,0,0,0,0,0,0,1
disaster_04152,7738,train,not disaster,0,0,0,0,0,0,0,0,0,0,0,0,0,0,0,0,1,1,0,1
disaster_04154,1189,train,not disaster,0,0,0,0,0,1,0,0,0,0,0,0,0,0,0,0,0,0,0,1
disaster_04157,10067,train,real disaster,1,1,0,1,1,0,1,0,0,0,0,0,0,0,0,0,0,0,0,0
disaster_04156,3177,train,real disaster,1,1,0,0,1,1,0,1,0,0,0,0,0,0,0,0,1,1,0,0
disaster_04158,8387,train,not disaster,0,0,0,0,0,0,0,0,0,0,0,0,0,0,0,0,1,1,0,1
disaster_04155,5481,train,not disaster,0,0,0,0,0,0,0,0,0,0,0,0,0,0,0,0,0,0,0,1
disaster_04159,1911,train,not disaster,1,0,0,0,0,0,0,0,0,0,0,0,0,0,0,0,1,0,1,1
disaster_04160,10222,train,real disaster,1,1,0,0,1,1,1,0,0,0,0,1,0,0,0,0,0,0,0,0
disaster_04162,1141,train,not disaster,0,0,0,0,1,0,0,0,0,0,0,0,0,0,0,0,0,0,0,1
disaster_04161,3073,train,real disaster,0,0,0,0,0,0,1,0,1,0,0,0,0,0,0,0,0,0,0,0
disaster_04153,156,test,not disaster,0,0,0,0,0,0,0,0,0,0,0,0,0,0,0,0,1,1,0,1
disaster_04164,6337,train,real disaster,1,1,1,0,1,1,0,0,0,0,0,0,0,1,0,0,0,0,0,0
disaster_04165,2885,train,real disaster,1,0,0,0,0,0,1,0,0,0,0,0,0,0,0,0,0,0,0,1
disaster_04167,9038,train,not disaster,0,0,0,0,0,0,0,0,0,0,0,0,0,0,0,0,0,0,0,1
disaster_04163,8639,train,not disaster,0,0,0,0,0,0,1,0,0,0,0,0,0,0,0,0,1,0,0,1
disaster_04166,1645,train,real disaster,1,0,0,0,1,0,0,0,0,0,0,0,0,0,0,0,1,0,1,1
disaster_04168,3082,train,real disaster,0,1,1,0,1,0,1,0,1,0,0,0,0,1,0,1,0,0,0,0
disaster_04172,6480,train,real disaster,1,1,1,0,1,0,1,0,1,0,0,0,0,1,0,0,0,0,0,0
disaster_04169,10688,train,not disaster,0,0,0,0,0,0,0,0,0,0,0,0,0,0,0,0,1,1,1,1
disaster_04171,3336,test,not disaster,0,0,0,0,1,0,0,0,0,0,0,0,0,0,0,0,0,0,0,1
disaster_04170,6430,train,not disaster,1,0,0,0,0,1,0,0,0,0,0,0,0,0,0,0,0,1,0,1
disaster_04173,8388,train,not disaster,0,0,0,0,0,0,0,0,0,0,0,0,0,0,0,0,1,0,1,1
disaster_04174,2703,test,not disaster,0,0,0,0,0,0,0,0,0,0,0,0,0,0,0,0,1,0,0,0
disaster_04178,4829,train,real disaster,1,1,1,0,1,0,1,0,0,0,0,0,0,0,1,1,0,0,0,0
disaster_04175,2528,train,real disaster,1,1,0,0,1,0,0,0,0,0,0,0,0,0,0,0,0,0,0,0
disaster_04177,6931,train,real disaster,1,0,1,1,0,0,0,0,0,0,0,0,0,0,0,0,0,0,0,1
disaster_04176,4850,train,real disaster,0,1,0,0,1,0,1,0,0,0,0,0,0,0,1,0,0,0,0,0
disaster_04179,9915,test,not disaster,0,0,0,0,1,0,0,0,0,0,0,0,0,0,0,0,1,1,0,1
disaster_04181,623,train,not disaster,1,1,0,1,1,0,1,0,0,0,0,0,0,0,0,0,0,0,0,0
disaster_04183,794,test,real disaster,0,0,0,0,0,0,0,0,0,0,0,0,0,0,0,0,0,0,0,1
disaster_04180,1917,test,not disaster,1,0,0,0,0,1,0,0,0,0,0,0,0,0,0,0,1,0,1,1
disaster_04184,990,test,not disaster,0,0,0,0,0,0,0,0,0,0,0,0,0,0,0,0,1,1,0,1
disaster_04182,5044,train,not disaster,0,0,0,0,1,0,0,0,0,0,0,0,0,0,0,0,0,0,0,1
disaster_04185,1155,train,not disaster,0,0,0,0,0,0,0,0,0,0,0,0,0,0,0,0,1,0,1,1
disaster_04186,1673,train,real disaster,0,0,0,0,1,0,1,0,0,0,0,0,0,0,0,0,1,1,0,1
disaster_04187,7158,train,real disaster,1,0,0,0,0,0,0,0,0,0,0,0,0,0,0,0,1,1,0,0
disaster_04188,2911,test,real disaster,1,1,1,1,1,0,1,0,0,0,0,0,0,0,0,1,0,0,0,0
disaster_04190,4924,train,real disaster,1,1,0,0,1,1,0,0,0,0,0,0,0,0,0,0,0,0,0,0
disaster_04191,3743,train,not disaster,0,0,0,0,0,0,0,0,0,0,0,0,0,0,0,0,1,1,1,1
disaster_04192,8570,train,not disaster,0,0,0,0,0,1,0,0,0,0,0,0,0,0,0,0,1,0,1,1
disaster_04194,4499,test,real disaster,1,0,0,0,0,0,0,0,0,0,0,0,0,0,0,0,0,0,0,1
disaster_04193,4606,test,real disaster,0,0,0,0,0,0,0,0,0,0,0,0,0,1,0,0,0,0,0,1
disaster_04196,6363,train,real disaster,0,0,0,0,0,0,0,0,0,0,0,0,0,0,0,0,1,0,1,1
disaster_04197,10752,train,real disaster,1,1,0,0,1,0,1,0,1,1,0,0,0,0,0,0,0,0,0,0
disaster_04195,3803,test,not disaster,0,0,0,0,0,0,0,0,0,0,0,0,0,0,0,0,1,1,0,1
disaster_04199,7724,train,not disaster,0,0,0,0,0,0,0,0,0,0,0,0,0,0,0,0,1,1,0,1
disaster_04200,5039,test,real disaster,0,0,0,0,1,1,1,0,0,0,0,0,0,0,0,0,0,0,0,1
disaster_04198,4423,train,not disaster,0,0,0,0,0,0,0,0,0,0,0,0,0,0,0,0,1,0,1,1
disaster_04201,7644,train,not disaster,0,0,0,0,0,0,0,0,0,0,0,0,0,0,0,0,1,1,0,1
disaster_04202,10636,train,real disaster,1,1,0,0,0,0,0,0,1,0,0,0,0,0,0,0,0,0,0,0
disaster_04189,10308,test,not disaster,0,0,0,0,0,0,0,0,0,0,0,0,0,0,0,0,1,1,0,1
disaster_04204,8921,test,not disaster,0,0,0,0,0,0,0,0,0,0,0,0,0,0,0,0,1,0,1,1
disaster_04206,10345,train,not disaster,0,0,0,0,0,0,0,0,0,0,0,0,1,0,0,0,1,0,0,1
disaster_04203,9193,train,real disaster,1,1,1,1,1,0,0,0,1,0,0,0,0,0,0,0,0,0,0,0
disaster_04208,9481,test,real disaster,1,0,0,1,0,0,0,0,0,0,0,0,0,0,0,0,0,0,0,1
disaster_04207,9741,train,not disaster,0,0,0,0,0,0,0,0,0,0,0,0,0,0,0,0,0,0,0,1
disaster_04209,7456,train,not disaster,0,0,0,0,0,0,0,0,0,0,0,0,0,0,0,0,1,1,0,1
disaster_04212,3697,test,not disaster,0,0,0,0,0,0,0,0,0,0,0,0,0,0,0,0,1,0,0,1
disaster_04210,5963,train,not disaster,0,0,0,0,0,0,0,0,0,0,0,0,0,0,0,0,0,0,0,1
disaster_04211,7868,train,real disaster,1,1,1,0,1,0,1,0,0,0,0,0,0,0,1,0,0,0,0,0
disaster_04213,5493,train,not disaster,0,0,0,0,0,0,0,0,0,0,0,0,0,0,0,0,0,1,0,1
disaster_04214,6494,train,not disaster,0,0,0,0,0,0,0,0,1,0,0,0,0,0,0,0,1,1,1,1
disaster_04205,9131,train,real disaster,1,1,1,1,1,0,0,0,1,0,0,0,0,0,0,0,0,0,0,0
disaster_04216,5712,train,real disaster,1,1,1,0,1,0,0,0,0,0,0,1,0,0,0,1,0,0,0,0
disaster_04217,10259,train,not disaster,0,0,0,0,0,0,0,0,0,0,0,0,0,0,0,0,1,1,1,1
disaster_04218,7617,train,not disaster,0,0,0,0,1,1,0,0,0,0,0,0,0,0,0,0,0,1,0,1
disaster_04215,2531,test,not disaster,0,0,0,0,0,0,0,0,0,0,0,0,0,0,0,0,0,0,0,1
disaster_04220,8404,test,real disaster,1,1,1,1,1,0,0,0,0,0,0,0,0,0,0,0,0,0,0,0
disaster_04221,4255,train,not disaster,0,1,0,1,0,0,1,0,1,0,0,0,0,0,0,0,0,0,0,0
disaster_04222,6147,train,real disaster,1,1,1,0,1,0,1,0,0,0,0,0,0,0,0,0,0,0,0,0
disaster_04219,1347,train,not disaster,1,0,0,1,0,1,0,1,0,0,0,0,0,0,0,0,1,1,1,1
disaster_04223,7344,train,not disaster,0,0,0,0,0,0,0,0,0,0,0,0,0,0,0,0,0,0,0,1
disaster_04225,7768,train,real disaster,1,1,1,0,1,1,1,0,0,0,0,0,0,1,0,0,0,0,0,0
disaster_04226,7194,train,not disaster,1,0,0,0,0,0,0,0,0,0,0,0,0,0,0,0,0,0,0,0
disaster_04227,9455,train,not disaster,0,0,0,0,0,0,1,0,0,0,0,0,0,0,0,0,0,1,0,1
disaster_04229,5372,train,real disaster,1,1,1,1,1,1,1,0,0,0,1,0,0,0,0,0,0,0,0,0
disaster_04228,4326,train,not disaster,0,0,0,0,0,0,1,0,0,0,0,0,0,0,0,0,1,0,0,1
disaster_04224,4472,test,real disaster,0,1,1,0,1,0,0,0,1,0,0,0,0,0,0,0,0,0,0,0
disaster_04231,10800,train,not disaster,0,0,0,0,0,0,1,0,0,0,0,0,0,0,0,0,1,1,0,1
disaster_04232,4550,train,real disaster,0,0,0,0,1,1,1,0,0,0,0,0,0,0,0,0,0,0,0,1
disaster_04234,9878,train,not disaster,0,0,0,0,0,0,0,0,0,0,0,0,0,0,0,0,0,0,0,0
disaster_04233,3163,train,not disaster,0,0,0,0,0,0,0,0,0,0,0,0,0,0,0,0,1,0,0,1
disaster_04230,5305,train,not disaster,0,0,1,0,1,0,0,0,0,0,0,0,0,0,0,0,0,0,0,1
disaster_04235,459,train,not disaster,0,0,0,0,0,0,0,0,0,0,0,0,0,0,0,0,1,0,1,1
disaster_04236,2709,train,not disaster,0,0,0,0,0,0,0,0,0,0,0,0,0,0,0,0,1,0,0,0
disaster_04238,1074,train,not disaster,0,1,1,0,0,0,0,1,1,0,0,0,0,0,0,0,0,0,0,0
disaster_04241,4784,train,real disaster,1,1,1,1,1,1,1,0,0,0,1,1,0,1,1,0,0,0,0,0
disaster_04240,9169,train,real disaster,1,1,1,1,1,0,1,0,1,0,0,0,0,0,0,0,0,0,0,0
disaster_04237,2144,train,real disaster,0,0,0,0,1,0,1,0,0,0,0,0,0,0,0,1,0,0,0,1
disaster_04239,801,train,real disaster,0,0,0,0,0,0,0,0,0,0,0,0,0,0,0,0,1,0,0,1
disaster_04242,6348,train,real disaster,1,1,0,0,1,1,0,0,0,0,0,0,0,1,0,0,0,0,0,0
disaster_04244,6872,train,real disaster,1,0,0,0,0,0,0,0,0,0,0,0,0,0,0,0,1,0,1,1
disaster_04243,4703,train,not disaster,0,0,0,0,1,1,0,0,0,0,0,0,0,0,0,0,0,0,0,1
disaster_04246,1198,test,not disaster,0,0,0,0,0,0,0,0,0,0,0,0,0,0,0,0,0,0,0,0
disaster_04248,1628,test,not disaster,1,0,0,0,0,0,0,0,0,0,0,0,0,0,0,0,1,0,1,0
disaster_04245,10424,train,not disaster,0,0,0,0,0,0,0,0,0,0,0,0,0,0,0,0,1,1,0,0
disaster_04247,8225,test,not disaster,0,0,0,0,0,1,0,0,0,0,0,0,0,0,0,0,0,1,0,1
disaster_04249,3645,train,not disaster,0,0,0,0,0,0,0,0,0,0,0,0,0,0,0,0,0,1,0,1
disaster_04250,2389,test,not disaster,0,1,0,0,1,0,0,1,0,1,0,0,0,0,0,0,0,0,0,0
disaster_04251,1521,train,not disaster,0,0,0,0,0,0,0,0,0,0,0,0,0,0,0,0,0,0,0,1
disaster_04252,5902,train,not disaster,0,0,1,0,1,0,0,0,0,0,0,0,0,0,0,0,1,1,1,1
disaster_04253,935,train,not disaster,0,0,0,0,0,0,0,0,0,0,0,0,0,0,0,0,0,0,0,0
disaster_04254,8181,train,real disaster,0,1,1,0,0,0,0,0,1,0,0,0,0,1,0,0,0,0,0,0
disaster_04255,4225,train,real disaster,0,1,1,1,0,0,1,0,1,0,0,0,0,0,0,0,0,0,0,0
disaster_04256,3652,test,not disaster,1,0,1,1,0,0,0,0,0,0,0,0,0,0,0,0,0,1,0,1
disaster_04257,7419,train,not disaster,0,0,0,0,0,0,0,0,0,0,0,0,0,0,0,0,1,1,1,1
disaster_04261,8961,train,real disaster,1,1,1,0,1,0,0,1,0,0,0,0,0,0,1,0,0,0,0,0
disaster_04258,332,train,not disaster,0,0,0,0,0,0,0,0,0,0,0,0,0,0,0,0,1,1,1,1
disaster_04260,5793,test,real disaster,1,1,1,0,1,1,1,0,0,0,0,1,0,0,0,1,0,0,0,0
disaster_04262,4466,train,real disaster,0,0,1,0,0,0,0,1,0,0,0,0,0,0,0,0,1,0,1,0
disaster_04259,10445,train,real disaster,1,1,0,0,1,1,0,0,0,0,0,0,0,1,0,0,0,0,0,0
disaster_04264,6929,train,real disaster,1,0,0,0,0,0,0,0,0,0,0,0,0,0,0,0,1,0,1,1
disaster_04266,3608,test,not disaster,0,0,0,0,0,0,0,0,0,0,0,0,0,0,0,0,1,1,0,1
disaster_04263,10487,train,real disaster,1,1,0,0,1,0,1,0,0,0,0,1,0,0,0,0,0,0,0,0
disaster_04268,9007,test,not disaster,0,0,0,0,0,1,0,0,0,0,0,0,0,0,0,0,0,0,0,1
disaster_04265,10859,test,real disaster,1,1,0,0,1,0,1,0,0,0,0,1,0,0,0,0,0,0,0,0
disaster_04269,8907,train,not disaster,0,0,0,0,0,0,0,0,0,0,0,0,0,0,0,0,0,0,0,1
disaster_04267,5375,train,real disaster,1,0,0,0,1,0,1,0,0,0,0,0,0,1,0,0,0,0,0,1
disaster_04274,3249,train,not disaster,0,0,0,0,0,0,0,0,0,0,0,0,0,0,0,0,1,0,0,0
disaster_04275,4997,test,not disaster,1,0,0,0,1,1,0,0,0,0,0,0,0,0,0,0,1,1,0,1
disaster_04273,5784,train,real disaster,1,0,0,0,0,0,1,0,0,0,0,0,0,0,0,0,0,0,0,1
disaster_04272,4900,train,not disaster,1,0,0,0,0,0,0,0,0,0,0,0,0,0,0,0,1,0,1,1
disaster_04270,7699,train,not disaster,0,0,0,0,0,0,0,0,0,0,0,0,0,0,0,0,0,0,0,0
disaster_04271,9616,train,real disaster,1,1,1,0,0,1,1,0,0,0,0,0,0,0,0,1,0,0,0,0
disaster_04277,5732,train,real disaster,1,1,0,0,1,0,0,0,1,0,0,0,0,1,0,0,0,0,0,0
disaster_04276,5686,train,real disaster,1,1,0,0,1,0,1,0,1,0,0,0,0,0,0,0,0,0,0,0
disaster_04278,6234,train,real disaster,1,0,0,0,1,0,1,0,0,0,0,0,0,0,0,0,0,0,0,0
disaster_04279,3190,train,not disaster,1,0,1,0,1,0,0,0,0,0,0,0,0,0,0,0,1,1,0,1
disaster_04280,8213,test,not disaster,0,0,0,0,0,1,0,0,0,0,0,0,0,0,0,0,0,0,0,1
disaster_04281,3437,train,real disaster,1,1,1,1,1,0,0,0,1,0,0,0,0,0,0,0,0,0,0,0
disaster_04282,852,train,real disaster,0,0,1,0,0,0,1,0,0,0,1,0,0,0,0,0,0,0,0,1
disaster_04283,3253,train,real disaster,0,0,0,0,0,0,0,0,0,0,0,0,0,0,0,0,1,0,0,1
disaster_04284,9889,train,not disaster,0,0,0,0,0,1,0,1,0,0,0,0,0,0,0,0,1,0,0,1
disaster_04287,5581,train,not disaster,1,0,0,0,0,0,0,0,0,0,0,0,0,0,0,0,1,0,1,1
disaster_04285,4610,train,not disaster,0,0,0,0,0,0,0,0,0,0,0,0,0,0,0,0,0,0,0,1
disaster_04286,986,train,not disaster,0,0,0,0,0,0,0,0,0,0,0,0,0,0,0,0,1,0,1,1
disaster_04291,4639,train,not disaster,0,0,0,0,0,0,0,0,0,0,0,0,0,1,0,0,1,0,0,1
disaster_04292,2349,test,not disaster,1,1,0,0,1,0,1,0,0,1,0,0,0,0,0,0,0,0,0,0
disaster_04289,10284,train,real disaster,0,0,0,0,0,0,0,0,0,0,0,0,0,0,0,0,1,0,0,0
disaster_04293,2042,train,real disaster,0,0,0,0,0,0,0,0,1,0,0,1,0,0,0,0,1,0,1,1
disaster_04288,1841,train,not disaster,1,0,0,0,0,0,0,0,0,0,0,0,0,0,0,0,1,0,0,1
disaster_04290,8781,train,not disaster,0,0,0,0,0,0,0,0,0,0,0,0,1,0,0,0,1,1,0,1
disaster_04294,6932,train,real disaster,0,0,0,0,1,0,0,0,0,0,0,0,0,0,0,0,1,0,1,1
disaster_04295,3145,train,real disaster,1,1,0,0,0,0,1,0,0,0,0,0,0,0,0,0,0,0,0,0
disaster_04296,10799,train,not disaster,0,0,0,0,0,0,1,0,0,0,0,0,0,0,0,0,1,0,0,1
disaster_04299,6246,train,not disaster,1,0,1,1,0,1,1,0,0,0,0,0,0,0,0,0,0,0,0,1
disaster_04298,2213,train,real disaster,1,0,0,0,1,0,0,0,0,0,0,0,0,1,0,0,0,0,0,0
disaster_04297,4913,train,real disaster,1,1,0,1,1,1,0,0,0,0,0,0,0,0,0,0,0,0,0,0
disaster_04301,6948,train,real disaster,1,1,0,0,1,0,1,0,0,0,0,0,0,1,0,0,0,0,0,0
disaster_04300,5819,train,real disaster,1,1,1,0,0,0,0,0,0,0,0,0,0,0,0,0,0,0,0,0
disaster_04302,2841,train,real disaster,0,0,0,0,0,0,0,0,0,0,0,0,0,0,0,0,0,0,0,1
disaster_04305,10631,test,real disaster,1,1,1,0,0,0,1,0,1,0,0,0,0,1,0,0,0,0,0,0
disaster_04303,5627,train,not disaster,0,0,0,0,0,0,0,0,0,0,0,0,0,0,0,0,1,0,0,1
disaster_04304,5029,train,not disaster,0,0,0,0,1,1,1,0,0,0,0,0,0,0,0,0,1,0,0,1
disaster_04310,6936,train,not disaster,1,0,0,0,1,0,0,0,0,0,0,0,0,0,0,0,1,0,1,1
disaster_04308,96,train,not disaster,1,1,1,1,0,0,0,1,1,0,0,0,0,0,0,0,0,1,1,0
disaster_04309,7414,train,not disaster,0,0,0,0,0,0,0,0,0,0,0,0,0,0,0,0,1,0,1,1
disaster_04306,8762,train,real disaster,0,1,1,0,1,1,1,1,0,0,0,0,0,0,1,0,0,0,0,0
disaster_04307,3189,train,not disaster,0,0,0,0,0,0,0,0,0,0,0,0,0,0,0,0,1,0,0,1
disaster_04311,10322,train,not disaster,0,0,0,0,0,0,0,0,0,0,0,0,0,0,0,0,0,1,0,1
disaster_04313,10384,train,real disaster,1,0,1,1,1,0,0,0,1,0,0,0,0,0,0,0,0,0,0,1
disaster_04312,9001,train,not disaster,0,0,0,0,0,0,0,0,0,0,0,0,0,0,0,0,0,0,0,1
disaster_04315,1590,train,real disaster,1,1,0,1,1,0,0,0,0,0,0,0,0,0,0,0,0,0,0,0
disaster_04316,5228,train,real disaster,1,1,0,1,1,1,1,0,1,0,0,0,0,1,0,0,0,0,0,0
disaster_04317,7774,train,real disaster,0,0,0,0,1,0,0,0,0,0,0,0,0,0,0,0,1,1,0,1
disaster_04314,2334,train,not disaster,0,0,0,0,1,0,1,0,0,0,0,0,0,0,0,0,1,1,1,1
disaster_04321,3534,train,real disaster,1,1,0,0,0,1,1,0,0,0,0,0,0,0,0,0,0,0,0,0
disaster_04318,4962,train,real disaster,1,1,1,0,0,0,1,0,1,0,0,0,0,0,0,0,0,0,0,0
disaster_04320,10743,train,real disaster,1,1,0,0,1,0,1,0,0,0,0,0,0,0,0,0,0,0,0,0
disaster_04323,1646,train,real disaster,1,0,0,0,1,0,1,0,0,0,0,0,0,0,0,0,0,0,0,1
disaster_04319,8854,train,not disaster,0,0,0,0,0,0,0,0,0,0,0,0,0,0,0,0,1,0,1,1
disaster_04322,4649,test,real disaster,1,1,1,0,1,0,0,1,0,1,0,0,0,0,0,0,0,0,1,0
disaster_04325,6527,test,real disaster,1,1,1,1,0,0,1,0,1,0,0,0,0,1,0,0,0,0,0,0
disaster_04324,1418,test,not disaster,0,0,0,0,0,0,0,0,0,0,0,0,0,0,0,0,0,0,0,1
disaster_04326,9028,train,not disaster,0,0,0,0,1,0,0,0,0,0,0,0,0,0,0,0,1,0,1,1
disaster_04327,4385,train,not disaster,1,1,0,0,1,1,1,0,0,0,0,1,0,0,0,0,0,0,0,0
disaster_04328,2134,train,not disaster,0,0,0,0,0,0,0,0,0,0,0,0,0,0,0,1,0,0,0,1
disaster_04329,9275,train,not disaster,0,0,0,0,0,1,0,0,0,0,0,0,0,0,0,0,1,1,0,1
disaster_04331,6967,train,real disaster,1,0,0,0,0,0,0,0,0,0,0,0,0,0,0,0,1,0,0,0
disaster_04333,2087,train,not disaster,0,0,0,0,0,0,0,0,0,0,0,0,0,0,0,0,1,0,1,1
disaster_04334,5450,train,real disaster,0,0,0,0,0,0,0,0,1,0,0,0,0,1,0,0,0,0,0,0
disaster_04332,5498,test,not disaster,1,0,0,0,0,0,0,0,0,0,0,0,0,0,0,0,1,1,1,1
disaster_04330,5330,train,not disaster,1,0,0,0,0,0,0,0,0,0,0,0,0,0,0,0,1,0,0,0
disaster_04335,4755,test,real disaster,1,1,1,0,1,1,0,1,0,0,0,0,0,0,1,0,0,0,0,0
disaster_04337,6719,train,not disaster,0,0,0,0,0,0,0,0,0,0,0,0,0,0,0,0,0,0,0,1
disaster_04336,2756,train,not disaster,0,0,0,0,0,0,0,0,0,0,0,0,0,0,0,0,1,0,1,1
disaster_04340,4602,train,real disaster,0,0,0,0,0,0,1,0,0,0,0,0,0,1,0,0,0,0,0,1
disaster_04338,6722,test,not disaster,1,0,0,0,0,0,0,0,0,0,0,0,0,0,0,0,1,1,0,1
disaster_04339,5662,train,real disaster,1,0,1,1,1,0,0,0,0,0,0,0,0,0,0,0,1,0,0,1
disaster_04341,4261,train,not disaster,0,0,0,0,0,0,0,0,0,0,0,0,0,0,0,0,1,1,0,1
disaster_04344,2633,train,real disaster,1,1,0,0,1,1,0,0,1,0,0,0,0,0,0,0,0,0,0,0
disaster_04343,7980,train,not disaster,0,0,0,0,0,0,0,0,0,1,0,0,0,0,0,0,0,0,0,0
disaster_04345,9298,test,not disaster,1,0,0,0,0,0,0,0,0,0,0,0,0,0,0,1,0,0,0,1
disaster_04348,558,train,real disaster,1,1,0,1,1,0,1,0,0,0,0,0,0,0,0,0,0,0,0,0
disaster_04346,2982,train,real disaster,0,0,0,0,0,0,0,0,0,0,0,0,0,0,0,0,0,1,0,1
disaster_04349,9469,train,real disaster,0,0,0,0,0,0,1,0,0,0,0,0,0,0,0,0,0,0,0,1
disaster_04342,6311,train,real disaster,0,0,0,0,1,0,0,1,0,0,0,0,0,0,0,0,1,0,1,0
disaster_04347,5292,train,not disaster,0,0,0,0,0,0,0,0,0,0,0,0,0,0,0,0,1,0,1,1
disaster_04350,8159,train,real disaster,1,1,1,0,1,0,0,0,1,0,0,0,0,1,0,0,0,0,0,0
disaster_04351,6304,train,not disaster,1,0,1,1,0,0,0,0,0,0,0,0,0,0,0,0,0,0,0,0
disaster_04352,8916,test,real disaster,1,0,0,0,1,0,0,1,0,0,0,0,0,0,0,0,1,0,1,1
disaster_04353,4424,train,not disaster,0,0,1,0,0,0,0,1,0,0,0,0,0,0,0,0,0,0,0,0
disaster_04356,8704,train,real disaster,0,0,0,0,0,0,0,0,0,0,0,0,0,0,0,0,0,0,0,0
disaster_04354,3231,train,real disaster,0,1,1,0,1,0,0,1,0,0,0,0,0,0,0,0,0,1,0,0
disaster_04355,6597,train,not disaster,0,0,0,0,0,0,0,0,0,0,0,0,0,0,0,0,1,0,1,1
disaster_04358,3735,train,real disaster,1,0,0,1,1,1,1,0,0,0,0,0,0,0,0,0,0,0,0,1
disaster_04362,270,train,real disaster,1,1,0,0,1,0,1,0,1,0,0,0,0,0,0,0,0,0,0,0
disaster_04357,6839,train,not disaster,0,0,0,0,0,0,0,0,0,0,0,0,0,0,0,0,0,0,0,0
disaster_04360,7547,train,real disaster,1,1,0,0,1,0,0,0,1,0,0,1,0,0,0,0,0,0,0,0
disaster_04361,1118,test,not disaster,0,0,0,0,0,0,0,0,0,0,0,0,0,0,0,0,1,1,1,1
disaster_04363,7251,train,real disaster,1,0,0,0,1,0,0,0,0,0,0,0,0,0,0,0,1,0,0,1
disaster_04366,5164,train,real disaster,1,1,0,0,1,0,1,0,1,0,0,0,0,0,0,0,0,0,0,0
disaster_04365,9652,test,real disaster,1,1,0,0,1,0,0,0,0,0,0,0,0,0,0,0,0,0,0,0
disaster_04367,3018,train,not disaster,0,0,0,0,0,0,0,0,0,0,0,0,0,0,0,0,1,0,1,1
disaster_04359,9930,train,not disaster,0,0,0,0,0,0,0,0,0,0,0,0,0,0,0,0,1,0,1,1
disaster_04368,5598,train,not disaster,1,0,0,0,0,0,0,0,0,0,0,0,0,0,0,0,0,0,0,1
disaster_04369,9128,test,real disaster,1,1,1,1,1,0,0,0,1,0,0,0,0,0,0,0,0,0,0,0
disaster_04370,3897,train,not disaster,0,0,0,0,0,0,0,0,0,0,0,0,0,0,0,0,0,0,0,1
disaster_04364,2843,train,not disaster,0,0,0,0,0,0,0,0,0,0,0,0,0,0,0,0,0,1,0,1
disaster_04372,1932,train,not disaster,0,0,0,0,1,0,0,0,0,0,0,0,0,0,0,0,1,0,1,1
disaster_04371,6338,train,real disaster,0,0,0,0,1,0,1,0,0,0,0,0,0,0,0,0,0,0,0,1
disaster_04374,3364,train,not disaster,0,1,0,0,1,0,0,0,0,1,0,0,0,0,0,0,0,0,0,0
disaster_04376,5965,train,not disaster,1,0,1,0,1,0,0,0,0,0,0,1,0,0,0,0,1,0,1,1
disaster_04375,4273,test,real disaster,1,1,1,1,0,0,0,1,0,1,0,0,0,0,0,0,0,0,0,0
disaster_04373,10143,train,not disaster,0,0,0,0,0,0,1,0,0,0,0,0,0,0,0,0,0,0,0,1
disaster_04378,932,train,not disaster,0,0,0,0,0,0,0,0,0,0,0,0,0,0,0,0,1,0,0,1
disaster_04380,6760,train,real disaster,1,1,1,1,0,0,0,0,0,0,1,0,0,0,0,0,0,0,1,0
disaster_04377,4061,train,not disaster,0,0,0,0,0,1,0,0,0,0,0,0,0,0,0,0,0,1,0,1
disaster_04379,4279,train,not disaster,0,0,0,0,0,0,0,0,0,0,0,0,0,0,0,0,1,0,0,1
disaster_04383,4883,train,not disaster,1,0,0,0,0,0,0,0,0,0,0,0,0,0,0,0,1,0,1,1
disaster_04382,1272,train,not disaster,0,0,0,0,0,0,0,0,0,0,0,0,0,0,0,0,1,0,0,1
disaster_04381,8464,train,not disaster,0,0,0,0,0,1,0,0,0,0,0,0,0,0,0,0,0,0,1,1
disaster_04384,1151,train,not disaster,0,0,0,0,0,0,0,0,0,0,0,0,0,0,0,0,1,0,1,1
disaster_04385,10737,train,real disaster,1,1,0,0,1,0,1,0,1,0,0,0,0,0,0,0,0,0,0,0
disaster_04386,8560,test,not disaster,0,0,0,0,0,0,0,0,0,0,0,0,0,0,0,0,1,0,0,0
disaster_04388,6514,train,not disaster,0,0,0,0,0,0,0,0,0,0,0,0,0,0,0,0,1,1,1,1
disaster_04387,2536,train,real disaster,1,1,0,0,0,1,1,0,1,0,0,0,0,0,0,0,0,0,0,0
disaster_04389,581,train,not disaster,1,1,1,1,1,0,1,0,0,0,0,0,0,0,0,0,0,0,0,0
disaster_04390,5991,test,not disaster,0,0,0,0,0,0,0,0,0,0,0,0,0,0,0,0,0,0,0,1
disaster_04391,4736,train,real disaster,1,1,1,0,0,1,0,1,0,0,0,0,0,0,1,0,1,0,1,0
disaster_04393,4993,test,not disaster,1,0,0,0,0,0,0,0,0,0,0,0,0,0,0,0,1,0,0,1
disaster_04395,8309,test,real disaster,1,0,0,0,1,0,1,0,0,0,0,0,0,0,0,0,1,0,0,1
disaster_04392,7479,train,not disaster,0,0,0,0,0,0,0,1,0,0,0,0,0,0,0,0,1,0,1,1
disaster_04394,8753,train,not disaster,0,0,0,0,0,0,0,0,0,0,0,0,0,0,0,0,1,0,0,1
disaster_04396,4276,train,not disaster,0,1,1,1,0,0,0,0,1,0,0,0,0,0,0,0,1,0,0,1
disaster_04398,5152,train,real disaster,1,1,0,0,1,0,1,0,1,0,1,0,0,1,0,0,0,0,0,0
disaster_04399,10623,train,real disaster,1,1,1,0,0,0,0,0,1,0,0,0,0,1,0,0,0,0,0,0
disaster_04400,8986,train,real disaster,1,1,1,0,0,1,0,1,0,0,0,0,0,0,0,0,0,0,0,0
disaster_04397,2260,train,real disaster,0,0,0,0,0,0,0,0,0,0,0,0,0,0,0,0,1,0,1,1
disaster_04401,9294,test,not disaster,0,0,0,0,0,0,0,0,0,0,0,0,0,0,0,0,1,0,1,1
disaster_04402,6347,train,not disaster,0,0,0,0,0,0,0,0,0,0,0,0,0,0,0,0,1,0,0,1
disaster_04404,5208,train,real disaster,1,1,1,0,1,0,1,0,1,0,0,1,0,0,0,0,0,0,0,0
disaster_04403,6532,train,not disaster,0,0,0,0,0,0,0,0,0,0,0,0,0,0,0,0,0,0,0,1
disaster_04405,4864,train,not disaster,1,0,0,0,0,0,0,0,0,0,0,0,0,0,0,0,1,1,1,1
disaster_04408,8577,train,real disaster,0,0,0,0,0,0,0,0,0,0,0,0,0,0,0,0,1,1,0,1
disaster_04407,10679,train,not disaster,0,0,0,0,0,0,0,0,1,0,0,0,0,0,0,0,0,0,0,0
disaster_04406,3054,train,not disaster,0,1,0,1,0,0,0,0,1,0,0,0,0,0,0,0,0,0,0,0
disaster_04409,7380,train,not disaster,0,0,0,0,0,0,0,0,0,0,0,0,0,0,0,0,0,0,0,1
disaster_04411,9684,train,real disaster,1,1,1,0,1,1,0,1,0,0,1,0,0,0,0,0,0,0,0,0
disaster_04410,8237,train,real disaster,0,0,0,0,1,1,0,0,0,0,0,0,0,0,0,0,0,0,0,1
disaster_04412,1933,test,not disaster,1,0,0,0,0,0,0,0,0,0,0,0,0,0,0,0,1,0,1,1
disaster_04415,740,train,real disaster,1,1,1,1,1,0,1,0,0,0,0,0,0,0,0,0,0,0,0,0
disaster_04414,6405,train,real disaster,1,0,0,0,1,0,0,0,0,0,0,0,0,0,0,0,0,0,0,1
disaster_04413,8706,train,not disaster,0,0,0,0,0,0,0,1,0,0,0,0,0,0,0,0,1,0,1,1
disaster_04416,5720,train,real disaster,1,0,0,0,0,0,0,0,0,0,0,0,0,0,0,0,1,0,1,0
disaster_04419,6849,train,real disaster,1,0,0,0,1,0,0,0,0,0,0,0,0,0,0,0,0,0,0,1
disaster_04420,2774,train,real disaster,0,0,0,0,0,1,0,0,0,0,0,0,0,0,0,0,0,0,0,0
disaster_04418,4063,train,real disaster,1,1,0,0,1,0,1,0,1,0,0,1,0,0,0,0,0,0,0,0
disaster_04422,4452,test,not disaster,1,1,1,1,1,0,0,1,1,0,0,0,0,0,0,0,0,0,0,0
disaster_04421,10733,train,not disaster,0,0,0,0,0,0,0,0,0,0,0,0,0,0,0,0,1,1,0,1
disaster_04417,9666,train,not disaster,0,0,0,0,0,0,0,0,0,0,0,0,0,0,0,0,0,0,0,1
disaster_04423,2815,test,not disaster,1,0,0,0,1,0,1,0,0,0,0,0,0,0,0,0,1,1,0,1
disaster_04424,9757,train,real disaster,0,0,0,0,0,0,1,0,0,0,0,0,0,0,0,0,1,0,0,0
disaster_04425,10395,train,not disaster,0,0,0,0,0,1,0,1,0,0,0,0,0,0,0,0,1,0,1,0
disaster_04427,4361,train,real disaster,1,0,1,1,1,0,1,0,0,0,0,0,0,0,0,0,0,0,0,0
disaster_04428,1679,train,real disaster,1,0,0,0,1,0,1,0,0,0,0,0,0,0,0,0,0,0,0,1
disaster_04426,2842,test,real disaster,1,1,1,0,0,0,1,0,0,0,0,1,0,0,0,0,0,0,0,0
disaster_04434,6572,train,not disaster,0,1,0,0,1,1,1,0,1,0,0,0,0,0,0,0,0,1,0,0
disaster_04431,583,train,not disaster,1,1,0,1,1,0,1,0,0,0,0,0,0,0,0,0,0,0,0,0
disaster_04433,5115,train,real disaster,1,1,0,0,0,1,1,0,1,0,0,0,0,0,0,0,0,0,0,0
disaster_04429,8628,train,not disaster,0,0,0,0,0,0,0,0,0,0,0,0,0,0,0,0,1,0,1,1
disaster_04430,8696,train,not disaster,0,0,0,0,0,0,0,0,0,0,0,0,0,0,0,0,1,0,0,1
disaster_04432,8142,train,real disaster,0,1,1,0,1,0,1,0,1,0,0,1,0,1,0,0,0,0,0,0
disaster_04435,10553,train,not disaster,1,0,0,0,0,0,0,0,0,0,0,0,0,0,0,0,1,1,0,1
disaster_04436,6127,train,not disaster,0,0,0,0,0,0,0,0,0,0,0,0,0,0,0,0,1,1,0,1
disaster_04438,4892,test,not disaster,1,0,0,0,0,0,0,0,0,0,0,0,0,0,0,0,1,0,0,0
disaster_04437,2877,test,not disaster,1,0,0,1,0,0,0,0,0,1,0,0,0,0,0,0,0,0,0,1
disaster_04439,2916,test,not disaster,0,0,1,0,1,0,0,1,0,0,0,0,0,0,0,0,0,0,0,1
disaster_04440,5740,train,not disaster,1,0,0,0,0,0,0,0,0,0,0,0,0,0,0,0,1,0,1,1
disaster_04441,2554,train,not disaster,1,0,0,0,0,0,0,0,0,0,0,0,0,0,0,0,1,1,0,1
disaster_04442,10140,train,not disaster,0,0,0,0,0,0,1,0,0,0,0,0,0,0,0,0,0,0,0,1
disaster_04443,2027,train,real disaster,0,1,1,0,0,1,0,0,1,0,0,0,0,0,0,0,0,0,0,0
disaster_04444,4870,train,not disaster,1,0,0,0,0,0,0,0,0,0,0,0,0,0,0,0,1,0,1,1
disaster_04445,9197,test,real disaster,1,0,0,1,0,0,0,0,0,0,0,0,0,0,0,0,1,0,1,1
disaster_04446,9404,train,real disaster,1,1,1,0,1,0,1,0,0,0,0,0,0,0,0,0,0,0,0,0
disaster_04447,6537,train,real disaster,1,1,0,0,1,0,0,0,1,0,0,0,0,0,0,0,0,0,0,0
disaster_04448,10835,train,real disaster,1,1,1,1,1,0,1,0,1,0,0,0,0,0,0,0,0,0,0,0
disaster_04450,6549,train,not disaster,0,0,0,1,1,1,0,0,1,0,0,0,0,0,0,0,0,1,0,0
disaster_04449,4012,train,not disaster,0,0,0,0,0,0,0,0,0,0,0,0,0,0,0,0,1,0,0,1
disaster_04451,5754,test,real disaster,1,1,1,1,1,0,0,0,0,1,0,0,0,0,0,0,0,0,0,0
disaster_04454,2954,train,real disaster,1,1,0,0,1,0,1,0,1,0,0,0,0,0,0,0,0,0,0,0
disaster_04453,10691,train,not disaster,0,0,0,0,0,0,0,0,0,0,0,0,0,0,0,0,1,1,1,1
disaster_04452,6794,train,not disaster,0,0,0,0,1,0,0,0,0,0,0,0,0,0,0,0,0,0,0,1
disaster_04456,8733,train,not disaster,0,0,0,0,0,0,0,0,0,0,0,0,0,0,0,0,0,1,0,1
disaster_04455,7328,train,not disaster,0,0,0,0,0,0,1,0,0,0,0,0,0,0,0,0,0,0,0,0
disaster_04459,1980,train,real disaster,1,1,1,1,1,0,1,0,0,0,0,0,0,0,0,0,0,0,0,0
disaster_04460,8767,train,not disaster,0,0,0,0,0,0,0,0,0,0,0,0,0,0,0,0,1,1,1,1
disaster_04458,3810,train,real disaster,0,0,0,0,0,0,0,0,0,0,0,0,0,0,0,0,1,1,0,1
disaster_04461,4935,train,not disaster,1,0,0,0,0,0,0,0,0,0,0,0,0,0,0,0,1,1,0,1
disaster_04462,9755,test,real disaster,1,0,0,0,1,0,0,0,0,0,0,0,0,0,0,0,0,0,0,1
disaster_04457,5281,train,not disaster,0,0,0,0,0,0,0,0,0,0,0,0,0,0,0,0,0,0,0,1
disaster_04463,3397,train,real disaster,0,1,0,1,1,0,1,0,0,1,0,1,0,0,0,0,0,0,0,0
disaster_04465,1484,train,not disaster,0,0,0,0,0,0,0,0,0,0,0,0,0,0,0,0,0,0,0,1
disaster_04466,3465,train,real disaster,1,1,0,0,0,1,0,1,0,0,1,0,0,0,0,1,0,0,0,0
disaster_04467,7563,train,real disaster,1,1,0,0,0,0,1,0,1,0,0,1,0,0,0,0,0,0,0,0
disaster_04470,578,test,not disaster,0,0,0,0,0,0,0,0,0,0,0,0,0,0,0,0,1,0,0,0
disaster_04468,9265,train,not disaster,0,0,0,0,0,0,0,0,0,0,0,0,0,0,0,0,0,1,0,0
disaster_04464,3710,train,not disaster,0,0,0,0,0,0,0,0,0,0,0,0,0,0,0,0,1,0,0,1
disaster_04472,5191,train,real disaster,1,1,0,0,1,0,1,0,1,0,0,0,0,0,0,0,0,0,0,0
disaster_04471,4022,train,real disaster,1,1,1,1,1,0,1,0,1,0,0,0,0,1,0,0,0,0,0,0
disaster_04474,5578,train,not disaster,0,0,0,0,0,0,0,0,0,0,0,0,0,0,0,0,0,0,0,1
disaster_04469,4906,train,not disaster,1,0,0,0,0,0,0,0,0,0,0,0,0,0,0,0,1,0,0,0
disaster_04476,614,train,real disaster,1,1,0,1,0,1,1,0,0,0,0,1,0,0,0,0,0,1,0,0
disaster_04477,8491,train,not disaster,0,0,0,0,0,0,0,1,0,0,1,0,0,0,0,0,1,1,1,1
disaster_04475,1218,train,not disaster,0,0,0,0,0,0,0,0,0,0,0,0,0,0,0,0,1,0,1,1
disaster_04480,10189,train,not disaster,1,0,1,1,0,0,0,0,0,0,0,1,0,0,0,0,1,1,0,0
disaster_04478,2927,train,not disaster,0,0,0,0,0,0,0,0,0,0,0,0,0,0,0,0,1,0,1,1
disaster_04481,113,train,real disaster,1,1,1,0,1,1,0,0,0,0,1,0,0,0,0,0,0,0,0,0
disaster_04482,2539,train,real disaster,1,1,1,0,1,0,1,0,1,0,0,0,0,0,0,0,0,0,0,0
disaster_04479,10815,train,not disaster,0,0,0,0,0,0,1,0,0,0,0,0,0,0,0,0,1,1,0,1
disaster_04483,5925,test,real disaster,0,0,0,0,0,0,0,0,0,0,0,0,0,0,0,0,0,0,0,1
disaster_04485,3000,train,not disaster,0,0,0,0,0,0,0,0,0,0,0,0,0,0,0,0,0,1,0,1
disaster_04484,5166,train,not disaster,0,0,1,0,1,0,1,0,1,0,0,0,0,0,0,0,0,0,0,0
disaster_04487,9347,train,not disaster,0,0,0,0,0,0,0,0,0,0,0,0,0,0,0,0,1,0,1,0
disaster_04486,9708,train,real disaster,0,1,0,0,1,0,1,0,0,0,0,0,0,0,0,0,0,0,0,0
disaster_04473,5864,train,real disaster,1,1,0,1,1,1,0,0,0,0,0,1,0,0,0,0,0,0,0,0
disaster_04488,5002,train,not disaster,1,0,0,0,0,0,0,0,0,0,0,0,0,0,0,0,1,0,0,1
disaster_04490,2564,train,real disaster,1,0,0,0,0,1,0,0,1,0,0,0,0,0,0,0,0,0,0,0
disaster_04492,3472,train,not disaster,0,0,0,0,0,0,0,0,0,0,0,0,0,0,0,0,1,0,0,1
disaster_04489,7810,test,not disaster,0,0,0,0,1,0,1,0,0,0,0,0,0,0,0,0,0,0,0,1
disaster_04491,9067,train,real disaster,1,1,0,1,0,0,1,0,0,0,0,0,0,0,0,0,0,0,0,0
disaster_04493,7439,train,not disaster,0,0,0,0,0,0,0,0,0,0,0,0,0,0,0,0,1,1,1,1
disaster_04494,7208,train,not disaster,0,0,0,0,0,0,0,0,0,0,0,0,0,0,0,0,1,0,1,1
disaster_04498,6792,train,not disaster,0,0,0,0,0,1,0,1,0,0,0,0,0,0,0,0,0,1,0,0
disaster_04495,10601,train,real disaster,0,0,0,0,0,0,0,0,1,0,0,0,0,0,0,0,0,0,0,1
disaster_04499,9317,train,real disaster,1,0,1,0,0,0,0,0,0,0,0,0,0,0,0,0,0,1,0,1
disaster_04496,4026,test,real disaster,0,0,1,0,1,0,1,0,0,0,0,0,0,0,0,0,0,0,0,1
disaster_04497,409,train,not disaster,0,0,0,0,0,0,0,0,0,0,0,0,0,0,0,0,1,0,1,1
disaster_04502,4934,train,not disaster,1,0,0,0,0,1,0,1,0,0,0,0,0,0,0,0,1,1,1,1
disaster_04504,9820,train,real disaster,0,0,0,1,0,0,0,0,0,0,0,0,0,0,0,0,1,0,0,1
disaster_04500,8791,test,not disaster,0,0,0,0,0,0,0,0,0,0,0,0,0,0,0,0,1,1,0,1
disaster_04501,9269,test,not disaster,0,0,0,0,0,0,0,0,0,0,0,0,0,0,0,0,0,0,1,0
disaster_04505,1401,train,not disaster,0,0,0,0,0,0,0,0,0,0,0,0,0,0,0,0,0,0,0,1
disaster_04503,2057,train,real disaster,1,1,0,0,1,1,1,0,1,0,0,1,0,0,0,0,0,0,0,0
disaster_04507,4915,train,real disaster,1,1,0,0,0,0,0,0,0,1,0,0,0,0,0,0,0,0,0,0
disaster_04509,2515,train,real disaster,1,1,1,0,1,0,1,0,1,0,0,0,0,0,0,0,0,0,0,0
disaster_04508,8503,train,not disaster,0,0,0,0,0,0,0,0,0,0,0,0,0,0,0,0,0,0,0,0
disaster_04510,751,train,not disaster,1,0,0,0,0,0,0,0,0,0,0,0,0,0,0,0,1,0,0,0
disaster_04506,3196,train,real disaster,0,0,0,0,0,0,0,0,0,0,0,0,0,0,0,0,0,0,0,1
disaster_04511,8036,train,real disaster,0,1,0,0,1,0,1,0,0,0,0,1,0,0,1,0,0,0,0,0
disaster_04512,5171,train,real disaster,1,1,0,0,1,0,0,0,1,0,0,0,0,1,0,0,0,0,0,0
disaster_04513,9533,train,real disaster,1,1,1,0,1,0,0,0,1,0,0,0,0,0,0,0,0,0,0,0
disaster_04514,6022,train,not disaster,0,0,1,0,0,0,0,0,0,0,0,0,0,0,0,1,1,0,1,1
disaster_04516,9446,train,real disaster,1,1,0,0,1,0,1,0,0,0,0,0,0,0,0,0,0,0,0,0
disaster_04517,574,train,not disaster,1,1,0,0,1,0,1,0,1,0,0,0,0,0,0,0,0,0,0,1
disaster_04519,7515,test,real disaster,1,0,0,1,1,0,1,0,0,0,0,0,0,0,0,0,0,0,0,1
disaster_04515,8243,train,not disaster,0,0,0,0,1,1,1,0,0,0,0,1,0,1,0,0,0,1,0,1
disaster_04520,7555,train,real disaster,1,1,0,1,1,1,0,0,1,0,0,0,0,0,0,0,0,0,0,0
disaster_04518,4516,train,not disaster,0,0,0,0,1,0,0,0,0,0,0,0,0,0,0,0,0,0,0,1
disaster_04524,7936,train,real disaster,1,1,0,0,1,0,1,0,0,1,0,1,0,0,0,0,0,0,0,0
disaster_04521,6937,test,not disaster,0,0,0,0,0,0,0,0,0,0,0,0,0,0,0,0,1,0,0,1
disaster_04522,8697,train,not disaster,0,0,0,0,1,0,0,0,0,0,0,0,0,0,0,0,0,1,0,1
disaster_04526,9251,train,not disaster,0,0,0,0,0,0,0,0,0,0,0,0,0,0,0,0,1,0,0,1
disaster_04525,7662,train,real disaster,0,0,0,0,0,0,0,0,0,0,0,0,0,0,0,0,1,0,0,1
disaster_04527,710,train,real disaster,1,1,1,1,1,0,1,0,0,0,0,0,0,0,0,0,0,0,0,0
disaster_04528,9486,train,not disaster,0,0,0,0,0,0,1,0,0,0,0,0,0,0,0,0,0,0,0,1
disaster_04523,6421,train,real disaster,1,1,0,0,0,1,1,0,0,0,0,0,0,0,0,0,0,0,0,0
disaster_04531,2640,train,not disaster,1,1,0,0,0,0,0,0,0,0,1,0,0,0,0,0,0,0,0,0
disaster_04532,9219,train,real disaster,1,1,1,1,1,0,1,0,1,0,0,0,0,0,0,0,0,0,0,0
disaster_04533,5223,train,real disaster,0,0,0,0,0,0,0,0,0,0,0,0,0,0,0,0,1,1,1,1
disaster_04529,10302,train,not disaster,0,0,0,0,0,0,0,0,0,0,0,0,0,0,0,0,1,1,0,0
disaster_04530,10110,train,not disaster,0,0,0,0,1,1,1,0,0,0,0,0,0,0,0,0,0,0,0,1
disaster_04537,5455,train,real disaster,0,0,0,0,0,1,0,0,0,0,0,0,0,1,0,0,0,0,0,1
disaster_04535,2858,train,not disaster,0,0,0,0,0,0,0,0,0,0,0,0,0,0,0,0,0,0,0,1
disaster_04534,2736,test,not disaster,0,0,0,0,0,0,0,1,0,0,0,0,0,0,0,0,1,1,0,1
disaster_04536,6232,train,not disaster,0,0,0,0,0,0,0,0,0,0,0,0,0,0,0,1,0,0,0,1
disaster_04538,2935,train,not disaster,0,0,0,0,0,0,0,0,0,0,0,0,0,0,0,0,1,1,0,1
disaster_04541,7475,train,not disaster,0,0,0,0,1,0,1,0,0,0,0,0,0,0,0,0,0,0,0,1
disaster_04539,6312,test,real disaster,1,0,0,0,0,1,0,0,0,0,0,0,0,0,0,0,0,0,0,1
disaster_04542,4719,train,real disaster,0,0,0,0,1,0,0,0,0,0,0,0,0,0,1,0,1,0,1,1
disaster_04540,9702,train,real disaster,1,1,0,0,1,0,1,0,0,0,0,0,0,0,0,0,0,0,0,0
disaster_04547,9480,train,real disaster,1,0,0,0,0,0,1,0,0,0,0,0,0,0,0,0,0,0,0,1
disaster_04546,8246,train,real disaster,0,0,0,0,0,0,0,0,0,0,0,0,0,0,0,0,1,0,1,1
disaster_04545,4798,train,not disaster,0,0,1,0,1,0,1,0,0,0,0,0,0,0,1,0,0,0,0,0
disaster_04544,4487,test,real disaster,1,1,1,1,1,0,0,0,1,0,0,0,0,0,0,0,0,1,0,0
disaster_04548,3726,train,not disaster,0,0,0,0,0,0,0,0,0,0,0,0,0,0,0,0,1,0,0,1
disaster_04551,8663,train,real disaster,1,1,1,0,1,0,1,0,0,1,0,1,0,0,0,0,0,0,0,0
disaster_04549,5425,train,real disaster,1,1,0,0,1,0,0,0,0,0,0,0,0,1,0,1,0,0,0,0
disaster_04550,10750,train,real disaster,1,1,0,0,1,0,1,0,0,0,0,0,0,0,0,0,0,0,0,0
disaster_04552,3107,train,real disaster,1,1,0,0,1,0,1,0,1,0,0,0,0,0,0,0,0,0,0,0
disaster_04554,3376,train,real disaster,0,0,0,0,1,0,1,0,0,0,0,0,0,0,0,0,0,0,0,1
disaster_04543,659,train,real disaster,1,1,1,1,1,0,1,0,1,0,0,0,0,0,0,0,0,0,0,0
disaster_04553,7131,train,not disaster,0,0,0,0,0,0,0,0,0,0,0,0,0,0,0,0,0,1,0,0
disaster_04556,7767,train,real disaster,1,1,1,0,1,0,1,0,0,0,0,0,0,1,0,0,0,0,0,0
disaster_04555,1211,train,not disaster,0,0,0,0,0,0,0,0,0,0,0,0,0,0,0,0,0,1,0,0
disaster_04559,8631,train,real disaster,0,0,0,0,1,0,1,0,0,0,0,0,0,0,0,0,1,0,0,1
disaster_04560,5635,train,real disaster,0,0,0,0,1,0,1,0,0,0,0,0,0,0,0,0,0,0,0,1
disaster_04561,3862,train,not disaster,0,0,0,0,0,0,0,0,0,0,0,0,0,0,0,0,0,0,0,1
disaster_04562,3795,train,real disaster,0,1,0,1,1,0,1,0,0,1,0,0,0,0,0,0,0,0,0,0
disaster_04563,1652,test,real disaster,1,0,0,0,1,1,0,0,0,0,0,0,0,0,0,0,0,0,0,0
disaster_04557,2186,train,not disaster,1,0,1,1,1,0,0,0,0,0,0,0,0,0,0,0,1,0,0,1
disaster_04566,896,train,real disaster,1,0,1,1,1,0,1,0,0,0,0,0,0,0,0,0,0,0,0,1
disaster_04567,7247,train,real disaster,1,1,0,0,1,0,1,0,0,0,0,0,0,0,0,0,0,0,0,0
disaster_04564,8223,train,not disaster,0,0,0,0,0,0,0,0,0,0,0,0,0,0,0,0,0,1,0,1
disaster_04565,6708,train,not disaster,0,0,0,0,0,0,0,0,0,0,0,0,0,0,0,0,1,0,1,1
disaster_04558,5007,train,not disaster,1,0,0,0,0,0,0,0,0,0,0,0,0,0,0,0,1,0,0,1
disaster_04568,5445,test,real disaster,0,0,0,0,1,0,1,0,0,0,0,0,0,1,0,0,0,0,0,1
disaster_04570,4157,train,not disaster,0,0,0,0,0,0,0,0,0,0,0,0,0,0,0,0,1,0,1,1
disaster_04571,10377,train,not disaster,0,0,0,0,0,0,0,0,0,0,0,0,0,0,0,0,1,0,1,1
disaster_04569,9719,train,not disaster,0,0,0,0,0,0,0,0,0,0,0,0,0,0,0,0,1,0,1,0
disaster_04574,10466,train,real disaster,1,1,0,0,1,0,1,0,0,0,0,0,0,1,0,0,0,0,0,0
disaster_04572,9785,train,not disaster,0,0,0,0,0,0,0,0,0,0,0,0,0,0,0,0,1,0,0,1
disaster_04573,8244,train,real disaster,0,0,0,0,0,1,0,0,0,0,0,0,0,0,0,0,1,1,1,1
disaster_04575,5961,train,not disaster,0,1,0,1,1,0,0,0,1,0,0,0,0,0,0,1,0,1,0,0
disaster_04577,8946,train,real disaster,1,1,0,0,0,0,0,1,0,0,0,0,0,0,0,0,1,0,1,0
disaster_04578,7012,test,not disaster,0,0,0,0,0,0,0,0,0,0,0,0,0,0,0,0,0,0,0,1
disaster_04580,1511,train,not disaster,0,0,0,0,0,0,0,0,0,0,0,0,0,0,0,0,0,0,0,1
disaster_04576,992,train,not disaster,0,0,0,0,0,0,0,0,0,0,0,0,0,0,0,0,0,1,0,0
disaster_04579,2728,train,not disaster,0,0,0,0,0,0,0,0,0,0,0,0,0,0,0,0,1,1,1,1
disaster_04582,10369,train,not disaster,0,0,0,0,0,0,1,0,0,0,0,0,0,0,0,0,0,1,0,1
disaster_04581,6970,train,real disaster,1,1,1,1,0,0,0,1,1,0,0,0,0,0,0,0,0,0,0,0
disaster_04583,4557,train,not disaster,0,0,0,0,0,0,0,0,0,0,0,0,0,0,0,0,0,0,0,1
disaster_04586,3849,train,not disaster,0,0,0,0,0,0,0,0,0,0,0,0,0,0,0,0,0,0,0,1
disaster_04589,9976,train,real disaster,1,0,0,0,1,0,0,0,0,0,0,0,0,0,0,0,1,0,0,0
disaster_04585,4408,train,not disaster,0,0,0,0,0,0,0,0,0,0,0,0,0,0,0,0,1,0,1,1
disaster_04587,5861,train,real disaster,0,1,0,1,1,1,0,0,0,0,0,0,0,0,0,0,0,0,0,0
disaster_04584,9052,train,real disaster,1,1,0,1,0,0,1,0,0,0,0,0,0,0,0,0,0,0,0,0
disaster_04588,8259,train,real disaster,1,0,0,0,1,0,0,0,0,0,0,0,0,0,0,0,1,0,1,1
disaster_04592,7076,test,not disaster,1,0,0,1,0,0,0,0,0,0,0,0,0,0,0,0,1,0,0,1
disaster_04591,8887,train,not disaster,1,0,1,0,0,0,0,0,0,0,0,0,0,0,0,1,1,0,1,1
disaster_04590,2542,train,not disaster,1,0,0,0,0,0,0,0,0,0,0,0,0,0,0,0,1,0,1,1
disaster_04594,4692,train,real disaster,1,1,1,0,1,0,1,0,0,1,0,0,0,0,0,0,0,0,0,0
disaster_04593,2482,test,real disaster,0,1,1,1,0,1,0,1,0,0,0,0,0,0,0,0,0,0,0,0
disaster_04595,5063,test,real disaster,0,0,0,0,0,0,1,0,0,0,0,0,0,0,0,0,1,0,0,1
disaster_04596,7488,train,not disaster,0,0,0,0,0,0,0,0,0,0,0,0,0,0,0,0,1,1,1,1
disaster_04597,7603,train,not disaster,0,0,0,0,0,1,0,0,0,0,0,0,0,0,0,0,0,1,0,1
disaster_04599,1500,train,not disaster,0,0,0,0,0,0,0,0,0,0,0,0,0,0,0,0,1,0,1,0
disaster_04598,526,train,not disaster,0,0,0,0,0,0,0,0,0,0,0,0,0,0,0,0,0,1,0,1
disaster_04600,492,train,not disaster,0,0,0,0,1,1,0,0,0,0,0,0,0,1,0,0,1,0,1,1
disaster_04603,3036,train,not disaster,0,0,0,0,0,0,0,0,0,0,0,0,0,0,0,0,1,1,0,1
disaster_04602,2527,train,real disaster,1,1,1,0,1,0,0,0,0,0,1,0,0,0,0,0,0,0,0,0
disaster_04601,1067,train,not disaster,0,1,1,0,0,0,0,1,1,0,0,0,0,0,0,0,0,0,0,0
disaster_04605,2419,train,not disaster,0,0,0,0,0,1,0,0,0,0,0,0,0,0,0,0,1,1,0,1
disaster_04607,892,train,not disaster,0,0,0,0,0,0,0,0,0,0,0,0,0,0,0,0,1,1,0,1
disaster_04604,7653,train,not disaster,0,0,0,0,0,0,1,0,0,0,0,0,0,0,0,0,0,1,0,1
disaster_04606,4256,train,not disaster,0,0,0,0,0,0,0,0,0,0,0,0,0,0,0,0,1,0,0,1
disaster_04609,9526,train,real disaster,1,1,1,1,1,0,1,0,1,0,0,0,0,0,0,0,0,0,0,0
disaster_04610,1721,train,not disaster,1,1,1,0,1,0,0,0,0,1,0,0,0,0,0,0,0,0,0,0
disaster_04611,3114,test,real disaster,1,0,0,0,1,0,1,0,0,0,0,0,0,0,0,0,0,0,0,0
disaster_04608,9920,train,not disaster,0,0,0,0,0,0,0,0,0,0,0,0,0,0,0,0,1,0,1,1
disaster_04612,559,train,real disaster,1,1,0,1,1,0,1,0,1,0,0,0,0,0,0,0,0,0,0,1
disaster_04613,4551,train,real disaster,0,0,0,0,0,0,0,0,0,0,0,0,0,0,0,0,1,0,1,1
disaster_04614,6921,train,real disaster,1,0,0,0,0,0,0,0,0,0,0,0,0,0,0,0,0,0,0,1
disaster_04615,2534,test,real disaster,1,1,0,0,1,0,1,0,1,0,0,0,0,0,0,0,0,0,0,0
disaster_04616,1618,test,not disaster,0,0,0,0,1,0,0,1,0,0,0,0,0,0,0,0,1,1,1,1
disaster_04618,53,train,not disaster,1,1,0,0,0,1,0,0,0,0,0,0,0,0,0,0,1,0,0,0
disaster_04619,2358,test,real disaster,1,1,0,1,1,1,0,1,0,1,1,0,0,0,0,0,0,0,0,0
disaster_04617,1739,train,real disaster,1,0,0,0,0,0,0,0,0,0,0,0,0,0,0,0,0,1,1,1
disaster_04622,5136,test,real disaster,0,1,1,1,1,0,1,0,1,0,0,0,0,0,0,0,0,0,0,0
disaster_04621,9077,train,not disaster,0,0,0,0,0,0,0,0,0,0,0,0,0,0,0,0,1,0,0,1
disaster_04624,5302,train,not disaster,0,0,0,0,0,0,0,0,0,0,0,0,0,0,0,0,0,0,0,1
disaster_04625,7051,test,not disaster,0,0,0,0,0,0,0,0,0,0,0,0,0,0,0,0,1,0,1,1
disaster_04626,10244,train,real disaster,0,0,0,0,0,0,0,0,0,0,0,0,0,0,0,0,1,0,0,1
disaster_04620,9142,train,real disaster,1,1,0,1,1,0,0,0,1,0,0,0,0,0,0,0,0,0,0,0
disaster_04627,3079,train,not disaster,0,0,0,0,0,0,1,0,1,0,0,0,0,0,0,0,0,0,0,0
disaster_04628,1332,train,not disaster,0,0,0,0,0,0,0,0,0,0,0,0,0,0,0,0,1,0,1,1
disaster_04623,8896,train,not disaster,1,0,0,0,0,0,0,0,0,0,0,0,0,0,0,0,1,1,1,1
disaster_04630,3480,train,real disaster,1,1,0,0,1,1,0,1,0,0,1,0,0,0,0,0,0,0,0,0
disaster_04629,3211,train,not disaster,0,0,0,0,0,0,0,0,0,0,0,0,0,0,0,0,1,0,0,1
disaster_04631,7144,train,not disaster,1,0,1,1,1,0,0,0,0,0,0,0,0,0,0,0,1,0,1,1
disaster_04632,9620,train,real disaster,1,1,1,0,1,1,1,0,0,0,0,0,0,0,0,0,0,0,0,0
disaster_04633,2932,train,not disaster,0,0,0,0,0,0,0,0,0,0,0,0,0,0,0,0,0,0,0,1
disaster_04635,1636,train,real disaster,1,1,0,0,1,1,0,1,0,0,0,0,0,0,0,0,0,0,0,0
disaster_04634,8257,train,real disaster,0,0,0,0,0,1,0,1,0,0,0,0,0,0,0,0,1,0,0,1
disaster_04636,5962,test,not disaster,1,0,1,0,0,1,0,0,1,0,0,0,0,0,0,0,1,0,1,1
disaster_04638,569,train,real disaster,1,1,0,1,0,0,1,0,1,0,0,0,0,0,0,0,0,0,0,0
disaster_04639,4354,train,real disaster,1,1,0,0,1,1,1,0,0,0,0,1,0,0,0,0,0,0,0,0
disaster_04640,7764,train,not disaster,0,0,1,0,0,0,0,0,0,0,0,0,0,1,0,0,0,0,0,1
disaster_04641,424,train,real disaster,1,0,1,0,0,0,0,0,0,0,0,0,0,0,0,0,0,1,1,1
disaster_04643,5800,train,real disaster,1,1,1,0,1,1,1,0,0,0,1,1,0,0,0,0,0,0,0,0
disaster_04637,10862,train,real disaster,1,1,1,0,1,0,1,0,0,0,0,0,0,0,1,0,0,0,0,0
disaster_04644,5480,train,not disaster,1,0,0,0,0,0,0,0,0,0,0,0,0,0,0,0,1,0,1,1
disaster_04647,4810,train,real disaster,0,1,1,1,1,0,1,0,0,0,1,0,0,0,1,0,0,0,0,0
disaster_04642,9836,train,not disaster,0,0,0,0,0,0,0,0,0,0,0,0,0,0,0,0,0,0,0,1
disaster_04645,4305,train,real disaster,1,0,0,0,0,0,1,0,0,0,0,0,0,0,0,1,1,0,0,1
disaster_04646,5624,train,real disaster,1,1,0,0,1,0,1,0,1,0,0,1,0,0,0,0,0,0,0,0
disaster_04648,8720,train,not disaster,0,0,0,0,0,0,0,0,0,0,0,0,0,0,0,0,1,0,1,1
disaster_04649,5082,train,real disaster,1,0,0,0,0,0,1,0,0,0,0,0,0,0,0,0,1,0,0,1
disaster_04652,5367,train,real disaster,1,1,0,0,1,0,1,0,0,0,0,0,0,0,0,0,0,0,0,0
disaster_04650,4078,train,not disaster,0,0,0,0,0,1,0,0,0,0,0,0,0,0,0,0,0,1,0,1
disaster_04653,9979,train,not disaster,1,0,0,0,0,0,1,0,0,0,0,0,0,0,0,0,1,1,0,1
disaster_04651,2795,train,not disaster,0,0,0,0,0,0,0,0,0,0,0,0,0,0,0,0,1,0,1,1
disaster_04655,9582,test,real disaster,1,1,1,0,0,0,0,0,0,0,1,0,0,0,0,0,0,0,0,0
disaster_04654,466,test,not disaster,0,0,0,0,0,0,0,0,0,0,0,0,0,0,0,0,1,1,0,1
disaster_04657,8406,train,real disaster,1,1,1,1,1,0,0,0,0,0,0,0,0,0,0,0,0,0,0,0
disaster_04658,7148,train,real disaster,1,0,0,0,1,0,0,0,0,0,0,0,1,0,0,0,0,0,0,1
disaster_04656,4156,train,not disaster,0,0,0,0,0,1,0,0,0,0,0,0,0,0,0,0,1,1,0,1
disaster_04659,3690,train,real disaster,0,0,0,1,1,0,0,0,0,0,0,0,0,0,0,0,1,0,1,1
disaster_04662,8557,train,not disaster,0,0,0,0,0,0,0,0,0,0,0,0,0,0,0,0,1,0,1,1
disaster_04660,9699,train,real disaster,1,1,0,0,1,1,1,0,0,0,0,0,0,0,0,0,0,0,0,0
disaster_04661,8218,train,real disaster,0,0,0,0,0,0,0,0,0,0,0,0,0,0,0,0,1,1,1,1
disaster_04664,6911,train,not disaster,0,0,0,0,0,0,0,0,0,0,0,0,0,0,0,0,1,0,1,1
disaster_04663,3789,train,not disaster,0,0,0,0,0,0,0,0,0,0,0,0,0,0,0,0,0,1,0,1
disaster_04665,5343,train,real disaster,1,0,0,0,0,0,0,0,0,0,0,0,0,0,0,0,1,0,1,1
disaster_04666,1391,train,not disaster,0,0,0,0,0,0,0,0,0,0,0,0,0,0,0,0,0,0,0,1
disaster_04668,2299,train,not disaster,0,0,0,0,0,0,0,0,0,0,0,0,0,0,0,0,1,1,0,1
disaster_04667,7876,train,not disaster,0,0,0,0,0,0,0,0,0,0,0,0,0,0,0,0,1,0,0,1
disaster_04669,10536,train,real disaster,1,0,0,0,0,0,0,0,0,0,0,0,0,0,0,0,1,0,0,1
disaster_04671,1955,train,not disaster,0,0,0,0,0,0,0,0,0,0,0,0,0,0,0,0,1,0,1,1
disaster_04670,6211,train,not disaster,1,0,0,0,1,0,1,0,0,0,0,0,0,0,0,0,0,0,0,0
disaster_04675,277,test,real disaster,1,1,1,0,1,0,0,0,1,0,0,0,0,1,0,0,0,0,0,0
disaster_04674,4857,train,not disaster,0,0,0,0,0,0,0,0,0,0,0,0,0,0,1,0,1,1,1,1
disaster_04673,2543,train,real disaster,1,1,0,0,1,0,0,0,0,0,0,0,0,0,0,0,0,0,0,0
disaster_04676,10769,test,real disaster,1,1,0,0,1,0,1,0,0,0,0,0,0,0,0,0,0,0,0,0
disaster_04677,2496,train,not disaster,1,0,0,1,1,0,0,0,0,0,0,0,0,0,0,0,1,1,1,0
disaster_04672,8832,train,real disaster,0,0,0,0,1,0,0,0,0,0,0,0,0,0,0,0,1,1,1,1
disaster_04678,10385,train,not disaster,0,0,0,0,0,0,0,0,0,0,0,0,0,0,0,0,1,1,0,1
disaster_04679,6972,train,real disaster,1,0,0,0,0,0,1,0,0,0,0,0,0,0,0,0,0,0,0,1
disaster_04680,8451,train,not disaster,0,0,0,0,0,0,0,1,0,0,0,0,0,0,0,0,1,0,1,1
disaster_04682,1250,train,not disaster,0,0,0,0,0,0,0,0,0,0,0,0,0,0,0,0,1,0,1,1
disaster_04681,8402,train,real disaster,1,1,1,1,1,0,0,0,0,0,0,0,0,0,0,0,0,0,0,0
disaster_04684,10571,train,not disaster,1,0,0,0,0,0,0,0,0,0,0,0,0,0,0,0,0,1,0,1
disaster_04683,2687,train,not disaster,0,0,0,0,0,0,0,0,0,0,0,0,0,0,0,0,0,0,0,1
disaster_04686,894,train,real disaster,1,0,1,1,0,1,0,0,0,0,0,0,0,0,0,0,0,0,0,1
disaster_04688,1307,train,not disaster,0,0,0,0,0,0,0,0,0,0,0,0,0,0,0,0,1,0,1,1
disaster_04689,739,train,real disaster,1,1,1,1,1,0,1,0,0,0,0,0,0,0,0,0,0,0,0,0
disaster_04685,2720,train,real disaster,1,1,0,1,0,0,1,0,1,0,0,0,0,0,0,0,0,0,0,0
disaster_04690,3061,train,real disaster,0,0,1,1,0,0,1,0,1,0,0,1,0,0,0,1,0,0,0,1
disaster_04687,7918,train,real disaster,1,1,1,1,1,0,0,0,1,0,0,1,0,0,0,0,0,0,0,0
disaster_04692,8635,train,not disaster,0,0,0,0,0,0,1,0,0,0,0,0,0,0,0,0,0,0,0,1
disaster_04693,2585,test,not disaster,0,0,0,0,0,0,0,0,1,0,0,0,0,0,0,0,0,0,0,0
disaster_04691,478,train,real disaster,1,1,1,0,0,1,0,0,0,0,0,0,0,0,0,0,1,0,1,0
disaster_04694,10581,train,not disaster,0,0,0,0,0,0,0,0,0,0,0,0,0,0,0,0,0,1,0,1
disaster_04695,814,train,real disaster,1,0,0,0,1,1,0,0,0,0,0,0,0,0,0,0,0,0,0,0
disaster_04698,10503,train,real disaster,1,0,1,0,1,0,1,0,0,0,0,0,0,0,0,0,0,0,0,1
disaster_04700,7769,train,real disaster,0,0,0,0,1,0,0,0,0,0,0,0,0,1,0,0,0,0,0,1
disaster_04697,1580,train,not disaster,0,0,0,0,0,0,0,0,0,0,0,0,0,0,0,0,1,0,1,0
disaster_04699,5783,train,real disaster,1,0,0,0,0,0,0,0,0,0,0,0,0,0,0,0,1,1,1,1
disaster_04701,9320,train,not disaster,1,0,0,0,0,0,0,0,0,0,0,0,0,0,0,0,1,1,0,1
disaster_04703,34,train,not disaster,0,0,0,0,0,0,0,0,0,0,0,0,0,0,0,0,0,0,0,0
disaster_04696,2497,train,real disaster,1,1,0,1,1,0,1,0,1,0,0,0,0,0,0,0,0,0,0,0
disaster_04704,3165,train,not disaster,1,0,0,0,1,1,1,0,0,0,0,0,0,0,0,0,0,0,0,0
disaster_04702,6396,train,real disaster,1,0,0,0,0,0,1,0,0,0,0,0,0,0,0,0,0,0,0,0
disaster_04705,713,train,real disaster,1,1,1,1,1,0,1,0,0,0,0,0,0,0,0,0,0,0,0,0
disaster_04706,10698,train,not disaster,0,0,0,0,0,0,0,0,0,0,0,0,0,0,0,0,1,1,1,1
disaster_04707,6069,train,real disaster,1,1,0,0,1,0,1,0,0,0,0,1,0,0,0,0,0,0,0,0
disaster_04708,2094,train,not disaster,0,0,0,0,1,0,1,0,0,0,0,0,0,0,0,0,0,0,0,1
disaster_04710,3003,train,not disaster,0,0,0,0,0,0,0,0,0,0,0,0,0,0,0,0,1,0,1,1
disaster_04709,7053,train,not disaster,0,0,0,0,0,1,0,0,0,0,0,0,0,0,0,0,1,0,1,1
disaster_04711,2992,train,not disaster,0,0,0,0,0,0,0,0,1,0,0,0,0,0,0,0,0,1,0,0
disaster_04713,662,train,real disaster,1,1,1,1,1,0,1,0,0,0,0,0,0,0,0,0,0,0,0,0
disaster_04717,8722,train,not disaster,0,0,0,0,0,1,1,0,0,0,0,0,0,0,0,0,1,0,0,1
disaster_04712,93,test,real disaster,1,1,1,0,1,0,0,0,0,1,0,0,0,0,0,0,0,0,0,0
disaster_04716,9081,train,not disaster,0,0,0,1,0,0,1,0,0,0,0,0,0,0,0,0,1,0,0,1
disaster_04714,2676,train,not disaster,0,0,0,0,0,0,0,0,0,0,0,0,0,0,0,0,0,0,1,1
disaster_04718,761,train,not disaster,0,0,0,0,0,0,0,0,0,0,0,0,0,0,0,0,0,0,0,1
disaster_04720,6365,train,real disaster,1,1,1,0,1,1,0,0,0,0,0,0,0,1,0,0,0,0,0,0
disaster_04715,9553,test,not disaster,0,0,0,0,0,0,0,0,0,0,0,0,0,0,0,0,0,0,0,1
disaster_04722,7984,test,real disaster,0,0,0,0,0,0,0,0,0,0,0,0,0,0,0,0,0,0,1,1
disaster_04721,406,test,not disaster,0,0,0,0,0,0,0,0,0,0,0,0,0,0,0,0,1,0,1,1
disaster_04723,5092,train,real disaster,1,1,1,1,0,0,0,0,0,0,0,0,0,0,0,0,0,0,0,1
disaster_04727,4199,train,not disaster,1,1,1,1,0,0,0,0,1,0,0,0,0,0,0,0,0,0,0,0
disaster_04725,682,train,real disaster,0,1,1,0,1,0,0,0,1,0,0,0,0,0,0,0,0,0,0,0
disaster_04728,2902,train,real disaster,1,1,1,1,0,0,0,0,1,0,0,0,0,0,0,0,0,0,0,0
disaster_04726,1156,test,not disaster,0,0,0,0,0,0,0,0,0,0,0,0,0,0,0,0,0,0,0,1
disaster_04719,5633,train,real disaster,1,1,0,1,1,0,1,0,0,0,1,0,0,0,0,0,0,0,0,0
disaster_04724,9988,train,real disaster,0,0,0,0,0,0,0,0,0,0,0,0,0,0,0,0,1,0,0,1
disaster_04731,4511,train,not disaster,0,0,0,0,0,0,0,0,0,0,0,0,0,0,0,0,1,0,1,1
disaster_04729,5443,train,not disaster,0,0,0,0,0,0,0,0,0,0,0,0,0,1,0,0,0,0,0,0
disaster_04730,5989,train,real disaster,0,0,0,0,0,0,1,0,0,0,0,0,0,0,0,0,0,0,0,0
disaster_04733,4465,test,not disaster,0,0,0,0,0,0,0,0,0,0,0,0,0,0,0,0,1,0,1,1
disaster_04732,5276,train,not disaster,0,0,0,0,0,0,0,0,0,0,0,0,0,0,0,0,1,0,0,1
disaster_04734,4961,train,not disaster,1,0,0,0,0,0,0,0,0,0,0,0,0,0,0,0,1,0,0,1
disaster_04735,633,train,not disaster,0,0,0,0,0,0,0,0,0,0,0,0,0,0,0,0,1,0,1,1
disaster_04736,10009,train,real disaster,1,1,1,0,1,0,1,1,0,0,0,0,0,0,0,0,0,0,0,0
disaster_04737,5083,test,real disaster,0,1,1,1,1,0,0,0,0,1,0,0,0,0,0,0,1,0,1,1
disaster_04738,5716,train,real disaster,1,1,0,0,1,0,1,0,0,0,0,1,0,0,0,0,0,0,0,0
disaster_04739,4795,test,real disaster,0,1,0,0,1,0,1,0,0,0,0,0,0,0,1,0,0,0,0,0
disaster_04740,8013,test,real disaster,0,0,0,0,1,0,1,0,0,0,0,1,0,0,0,0,0,0,0,1
disaster_04741,9519,train,not disaster,0,0,0,0,0,0,0,0,0,0,0,0,0,0,0,0,1,0,1,1
disaster_04742,3638,test,not disaster,0,0,0,0,1,0,0,0,0,0,0,0,0,0,0,0,1,1,0,1
disaster_04744,6303,train,real disaster,1,1,1,1,1,0,1,0,0,0,0,0,0,0,0,0,0,0,0,0
disaster_04745,9222,train,real disaster,1,0,0,1,0,0,0,0,0,0,0,0,0,0,0,0,1,0,1,1
disaster_04743,3401,test,not disaster,0,1,0,0,1,0,1,0,0,0,0,0,0,0,0,0,0,0,0,0
disaster_04747,10192,test,real disaster,1,1,1,0,0,0,1,0,0,0,0,0,0,0,0,0,0,0,0,0
disaster_04748,1378,train,not disaster,1,0,1,1,0,0,0,0,0,0,0,0,0,0,0,0,1,0,1,1
disaster_04750,851,train,not disaster,1,1,1,1,0,0,1,0,0,0,0,0,0,0,0,0,0,0,0,0
disaster_04751,2695,train,not disaster,0,0,0,0,0,0,0,0,0,0,0,0,0,0,0,0,1,0,1,1
disaster_04746,5178,test,real disaster,0,0,0,0,0,0,1,0,1,0,0,0,0,0,0,0,0,0,0,0
disaster_04749,7851,test,not disaster,0,0,0,0,0,1,1,0,0,0,0,0,0,0,0,0,1,0,0,1
disaster_04752,7400,train,not disaster,0,0,0,0,0,0,0,0,0,0,0,0,0,0,0,0,1,0,0,0
disaster_04753,6918,train,real disaster,1,0,1,0,1,0,0,0,0,0,0,0,0,0,0,0,1,0,1,1
disaster_04756,3071,train,not disaster,0,0,0,0,0,0,0,0,1,0,0,0,0,0,0,0,1,0,1,1
disaster_04754,10256,test,not disaster,0,0,0,0,0,0,0,0,1,0,0,0,0,0,0,0,1,0,0,1
disaster_04755,5903,train,real disaster,0,0,0,0,0,0,0,0,0,0,0,0,0,0,0,0,1,0,0,1
disaster_04757,8996,train,not disaster,0,0,0,0,0,0,0,0,0,0,0,0,0,0,0,0,0,0,0,1
disaster_04759,1407,train,not disaster,0,0,0,0,0,0,1,0,0,0,0,0,0,0,0,0,0,0,0,1
disaster_04760,8859,test,not disaster,0,0,0,0,0,0,0,0,0,0,0,0,0,0,0,0,1,0,1,1
disaster_04762,135,train,real disaster,0,0,0,0,0,0,1,0,0,0,0,0,0,0,0,0,0,1,0,0
disaster_04761,1605,train,not disaster,1,0,1,0,0,0,0,0,0,0,0,0,0,0,0,0,1,0,1,1
disaster_04763,10853,train,real disaster,1,1,1,1,1,0,0,0,0,0,0,0,0,0,0,0,0,0,0,0
disaster_04764,3900,train,real disaster,0,0,0,0,0,0,0,0,0,0,0,0,0,0,0,0,1,1,1,1
disaster_04758,5471,train,not disaster,0,0,0,0,0,0,0,0,0,0,0,0,0,0,0,0,1,0,0,1
disaster_04765,1005,train,not disaster,0,0,0,0,0,1,0,1,0,0,0,0,0,0,0,0,1,0,1,1
disaster_04768,9998,train,not disaster,0,0,0,0,0,0,0,0,0,0,0,0,0,0,0,0,1,1,0,1
disaster_04767,1402,train,not disaster,0,0,0,0,0,0,0,0,0,0,0,0,0,0,0,0,0,0,0,1
disaster_04770,3044,train,not disaster,0,0,0,0,1,0,1,0,0,0,0,0,0,0,0,0,0,0,0,1
disaster_04771,6567,train,not disaster,0,0,0,0,0,0,1,0,1,0,0,0,0,0,0,0,0,1,0,1
disaster_04773,9436,test,real disaster,0,0,0,0,0,0,0,0,0,0,0,0,1,0,0,0,0,1,0,1
disaster_04769,6451,train,not disaster,0,0,0,0,0,0,0,0,1,0,0,0,0,0,0,0,0,0,1,0
disaster_04772,10706,train,not disaster,1,0,0,0,0,0,0,0,0,1,0,0,0,0,0,0,1,0,1,1
disaster_04766,9675,test,real disaster,1,1,1,0,1,1,1,0,0,0,0,0,0,0,0,0,0,0,0,0
disaster_04775,3660,train,real disaster,0,0,0,0,0,0,0,0,0,0,0,0,0,0,0,0,1,0,1,1
disaster_04776,6247,train,real disaster,1,1,1,0,0,0,1,0,1,0,0,0,0,0,0,0,0,0,0,0
disaster_04774,5599,train,not disaster,0,0,0,0,0,0,0,0,0,0,0,0,0,0,0,0,0,0,0,1
disaster_04778,5592,test,not disaster,0,0,0,0,0,0,0,0,0,0,0,0,0,0,0,0,0,0,0,1
disaster_04777,653,train,not disaster,1,0,0,0,0,0,0,0,0,0,0,0,0,0,0,0,1,1,1,1
disaster_04779,1452,train,not disaster,0,0,0,0,1,0,0,0,0,0,0,0,0,0,0,0,1,1,1,1
disaster_04783,4307,train,real disaster,1,0,0,0,0,0,0,0,0,0,0,0,0,0,0,1,0,0,0,1
disaster_04780,8942,test,not disaster,1,1,0,0,0,0,0,0,0,0,0,0,0,0,0,0,0,0,0,0
disaster_04784,3413,train,real disaster,1,1,0,1,1,0,1,0,0,0,0,0,0,0,0,0,0,0,0,0
disaster_04785,8689,test,real disaster,1,1,1,1,1,0,1,0,0,0,1,0,0,0,0,1,0,0,0,0
disaster_04781,7230,train,not disaster,0,0,0,1,0,0,0,0,0,0,0,0,0,0,0,0,1,0,0,1
disaster_04782,2350,train,real disaster,0,1,1,1,1,0,1,0,0,0,0,0,0,0,0,0,0,0,0,0
disaster_04786,1071,train,not disaster,0,1,1,0,1,0,0,0,0,0,0,0,0,0,0,0,0,0,1,0
disaster_04788,4990,train,not disaster,1,0,0,0,0,0,0,0,0,0,0,0,0,0,0,0,1,0,0,1
disaster_04787,1234,train,not disaster,0,1,0,0,0,1,0,1,1,0,0,0,1,0,0,0,0,0,0,0
disaster_04789,7105,train,not disaster,0,0,0,0,0,0,0,0,0,0,0,0,0,0,0,0,0,0,0,1
disaster_04791,7988,train,real disaster,1,1,0,0,1,0,1,0,0,1,0,0,0,0,0,0,0,0,0,0
disaster_04792,2793,train,not disaster,0,0,0,0,0,1,0,1,0,0,0,0,0,0,0,0,1,1,1,1
disaster_04790,6766,train,real disaster,0,0,0,0,0,0,0,0,0,0,0,0,0,0,0,0,1,1,1,1
disaster_04794,1078,test,not disaster,0,0,0,0,0,0,0,0,0,0,0,0,0,0,0,0,1,0,0,1
disaster_04793,1966,train,real disaster,1,0,0,1,0,0,0,0,0,1,0,0,0,0,0,0,0,0,0,1
disaster_04795,2603,train,not disaster,1,0,0,0,0,0,0,1,0,0,0,0,0,0,0,0,0,1,0,1
disaster_04797,9124,train,real disaster,1,1,1,1,1,0,1,0,1,0,0,0,0,0,0,0,0,0,0,0
disaster_04798,5618,train,real disaster,1,1,1,0,0,1,1,0,0,0,0,1,0,0,0,0,0,0,0,0
disaster_04796,1526,test,not disaster,0,0,0,0,1,0,1,0,0,0,0,0,0,1,0,0,0,0,0,1
disaster_04800,7914,test,real disaster,1,1,0,1,1,0,1,0,0,1,0,0,0,0,0,0,0,0,0,0
disaster_04802,9329,train,not disaster,0,0,0,0,0,0,0,0,0,0,0,0,0,0,0,0,0,0,0,0
disaster_04799,2373,train,not disaster,0,0,1,0,0,0,0,1,1,0,0,0,0,0,0,0,0,0,0,0
disaster_04803,6695,train,real disaster,1,1,0,1,1,0,1,0,1,0,0,0,0,0,0,0,0,0,0,0
disaster_04801,10768,train,real disaster,1,1,0,0,1,0,1,0,0,0,0,0,0,0,0,0,0,0,0,0
disaster_04804,7895,train,not disaster,1,1,1,0,1,1,1,0,0,0,0,0,0,0,0,0,0,0,0,0
disaster_04805,5502,train,real disaster,1,0,0,0,0,0,0,0,0,1,0,0,0,0,0,0,1,1,0,0
disaster_04806,4107,test,real disaster,1,1,1,0,1,0,1,0,0,0,0,0,0,0,0,1,0,0,0,0
disaster_04808,1873,test,not disaster,0,0,0,0,0,0,0,0,0,0,0,0,0,0,0,0,1,0,0,1
disaster_04809,6665,train,not disaster,0,0,0,0,0,1,1,0,0,0,0,0,0,0,0,0,0,0,0,1
disaster_04810,8998,test,not disaster,0,1,1,1,1,0,0,0,1,0,0,0,0,0,0,0,1,1,0,0
disaster_04807,14,train,real disaster,0,1,1,0,1,1,0,0,0,0,0,0,0,0,1,0,0,0,0,0
disaster_04812,7839,train,not disaster,0,0,0,0,0,0,1,0,0,0,0,0,0,0,0,0,0,0,0,1
disaster_04811,8531,test,not disaster,0,0,0,0,0,0,0,0,0,0,0,0,0,0,0,0,1,1,0,0
disaster_04813,9385,train,real disaster,1,1,0,0,0,1,1,0,0,0,0,0,0,0,0,0,0,1,0,0
disaster_04814,5122,train,real disaster,1,1,0,0,1,0,1,0,1,0,0,0,0,1,0,0,0,0,0,0
disaster_04815,1157,train,not disaster,0,0,0,0,0,0,0,0,0,0,0,0,0,0,0,0,1,0,0,1
disaster_04816,3047,train,not disaster,0,0,0,0,0,1,1,0,0,0,0,0,0,0,0,0,0,0,0,1
disaster_04818,2294,train,not disaster,0,0,1,1,0,0,0,0,0,0,0,0,0,0,0,0,1,0,1,1
disaster_04817,8126,test,real disaster,1,1,0,0,1,0,1,0,0,0,0,0,0,0,0,0,0,0,0,0
disaster_04820,4304,train,real disaster,1,1,1,1,1,0,0,0,0,0,0,1,0,0,0,0,0,0,0,0
disaster_04819,6779,train,not disaster,0,0,0,0,0,1,0,0,0,0,0,0,0,0,0,0,1,1,0,0
disaster_04821,9953,train,not disaster,0,0,0,0,0,0,0,0,0,0,0,0,0,0,0,0,1,1,1,1
disaster_04822,10534,train,real disaster,1,1,0,0,1,0,1,0,0,1,0,0,0,1,0,0,0,0,0,0
disaster_04824,5001,test,not disaster,0,0,0,0,0,0,1,0,0,0,0,0,0,0,0,0,0,1,0,1
disaster_04826,3023,train,real disaster,0,0,0,0,0,0,0,0,0,0,0,0,0,0,0,0,1,0,1,0
disaster_04823,7882,train,not disaster,0,0,0,0,0,0,1,0,0,0,0,0,0,0,0,0,1,0,0,1
disaster_04825,3800,train,real disaster,1,1,1,1,1,0,1,0,0,0,0,0,0,1,0,0,0,0,0,0
disaster_04828,8428,train,real disaster,1,1,1,1,1,0,0,0,0,0,0,0,0,0,0,0,0,0,0,0
disaster_04827,3075,train,real disaster,0,1,1,0,1,0,1,0,1,0,0,0,0,1,0,0,1,0,0,0
disaster_04829,211,train,real disaster,1,1,0,0,1,1,0,0,0,0,0,0,0,0,0,0,0,0,0,0
disaster_04830,9030,train,not disaster,0,0,0,0,0,1,1,0,0,0,0,0,0,0,0,0,0,0,0,1
disaster_04832,5752,test,real disaster,1,1,1,0,1,0,1,0,0,0,0,0,0,0,0,0,0,0,0,0
disaster_04831,3015,train,not disaster,0,0,0,0,0,0,0,0,0,0,0,0,0,0,0,0,1,0,0,0
disaster_04833,7081,train,not disaster,0,0,0,0,1,0,0,0,0,0,0,0,0,0,0,0,1,0,1,1
disaster_04835,5792,train,not disaster,1,0,0,0,0,0,0,0,0,0,0,0,0,0,0,0,1,1,1,1
disaster_04834,5688,train,real disaster,1,0,0,0,1,0,0,0,0,0,0,0,1,0,0,0,0,0,0,0
disaster_04837,1671,train,not disaster,0,0,0,0,1,0,1,0,0,0,0,0,0,0,0,0,1,0,0,1
disaster_04839,815,train,not disaster,0,0,0,0,0,0,0,0,0,0,0,0,0,0,0,0,1,1,0,1
disaster_04838,4413,train,not disaster,0,0,0,0,0,0,0,0,0,0,0,0,0,0,0,0,1,0,1,1
disaster_04840,9259,train,not disaster,0,0,0,0,0,1,0,1,0,0,0,0,0,0,0,0,0,1,0,0
disaster_04836,5465,train,not disaster,0,0,0,0,0,0,0,0,0,0,0,0,0,0,0,0,0,0,0,1
disaster_04841,10819,test,not disaster,0,0,0,0,0,0,0,0,0,0,0,0,0,0,0,0,1,0,1,0
disaster_04843,4180,train,not disaster,0,0,0,0,0,0,0,0,0,0,0,0,0,0,0,0,1,0,0,1
disaster_04842,2807,train,real disaster,0,0,0,0,0,0,0,0,0,0,0,0,0,0,0,0,0,1,0,1
disaster_04845,7244,train,not disaster,1,0,1,0,0,0,0,0,0,0,1,0,0,0,0,0,0,0,0,1
disaster_04844,8528,test,real disaster,0,0,0,0,0,0,0,0,0,0,0,0,0,0,0,0,1,1,1,1
disaster_04847,10533,train,real disaster,1,1,0,0,0,1,1,0,0,1,0,0,0,1,0,0,0,0,0,0
disaster_04848,864,train,not disaster,1,0,0,0,0,0,1,0,0,0,0,0,0,0,0,0,0,0,0,0
disaster_04849,7953,train,not disaster,0,0,0,0,0,0,0,0,0,0,0,0,0,0,0,0,0,1,0,1
disaster_04850,6960,train,real disaster,1,1,0,1,1,1,1,0,0,0,0,0,0,0,0,0,0,0,0,1
disaster_04846,2340,train,real disaster,0,0,0,0,0,1,0,1,0,0,0,0,0,0,0,0,1,0,0,1
disaster_04851,4458,train,not disaster,0,0,1,0,0,0,0,1,0,0,0,0,0,0,0,0,0,0,1,0
disaster_04852,2110,train,not disaster,0,0,0,0,0,1,0,1,0,0,0,0,0,0,0,0,1,0,0,1
disaster_04853,10323,train,not disaster,0,0,0,0,0,0,0,0,0,0,0,0,0,0,0,0,1,0,0,1
disaster_04855,1693,train,real disaster,1,1,1,1,0,0,1,0,0,1,0,0,0,0,0,0,0,0,0,0
disaster_04858,1948,train,not disaster,1,0,0,0,1,1,0,1,0,1,0,0,0,0,0,0,1,1,0,1
disaster_04854,2281,train,not disaster,0,0,1,0,0,0,0,0,0,0,0,0,0,0,0,0,0,0,1,0
disaster_04857,63,train,not disaster,0,0,0,0,1,0,0,0,0,0,0,0,0,0,0,0,1,1,0,1
disaster_04856,3958,train,real disaster,1,0,0,1,1,1,1,0,0,0,0,0,0,0,0,0,0,0,0,1
disaster_04863,1821,test,not disaster,1,1,1,1,0,0,0,1,1,0,0,0,0,0,0,0,0,0,0,0
disaster_04860,1703,test,real disaster,0,1,1,0,1,0,0,0,0,0,0,0,0,0,0,0,0,0,0,0
disaster_04859,2556,train,not disaster,1,0,0,0,0,0,0,0,0,0,0,0,0,0,0,0,1,1,1,1
disaster_04862,8047,train,not disaster,0,0,0,0,1,0,1,0,0,0,0,0,0,0,0,0,0,0,0,1
disaster_04864,7345,train,not disaster,0,0,0,0,0,0,0,0,0,0,0,0,0,0,0,0,1,0,1,1
disaster_04861,8785,test,not disaster,0,0,0,0,1,1,0,0,0,0,0,0,0,0,0,0,0,0,0,0
disaster_04865,5486,train,real disaster,1,1,0,0,1,0,1,0,0,0,0,0,0,1,0,0,0,0,0,0
disaster_04866,9600,test,real disaster,1,1,0,0,1,1,0,1,0,0,0,0,0,0,0,0,0,0,0,0
disaster_04867,6164,train,real disaster,0,0,0,0,1,0,0,0,0,0,0,0,0,0,0,0,1,0,0,1
disaster_04870,8987,train,real disaster,1,0,0,0,0,0,0,0,0,0,0,0,0,0,0,0,0,1,0,1
disaster_04868,3010,train,real disaster,1,1,0,0,1,0,1,0,1,0,0,0,0,0,0,0,0,0,0,0
disaster_04869,3060,train,real disaster,1,0,1,1,0,0,0,0,1,0,0,0,0,0,0,0,0,0,0,0
disaster_04873,5650,train,real disaster,1,1,1,1,1,0,1,0,0,1,0,0,0,0,0,0,0,0,0,0
disaster_04875,9607,train,real disaster,0,0,0,0,0,0,0,0,0,0,0,0,0,0,0,0,1,0,1,1
disaster_04876,5974,train,not disaster,0,0,0,0,0,0,0,0,0,0,0,0,0,0,0,0,1,1,0,1
disaster_04874,6233,train,not disaster,0,0,0,0,0,0,0,0,0,0,0,0,0,0,0,0,0,0,0,1
disaster_04872,1230,test,not disaster,0,0,0,0,0,0,0,0,0,0,0,0,0,0,0,0,1,0,1,1
disaster_04877,7235,train,real disaster,1,1,0,0,1,0,0,0,0,0,0,0,0,0,0,0,0,0,0,0
disaster_04871,619,train,not disaster,0,0,0,0,0,0,0,0,0,0,0,0,0,0,0,0,0,1,0,1
disaster_04879,10430,train,not disaster,0,0,0,0,1,1,0,1,0,0,0,0,0,0,0,0,1,0,0,1
disaster_04882,7972,train,real disaster,1,1,0,0,1,0,1,0,0,1,0,0,0,0,0,0,0,0,0,0
disaster_04878,2907,test,not disaster,0,0,0,0,0,0,0,0,0,0,0,0,0,0,0,0,1,0,1,1
disaster_04881,2397,train,not disaster,0,0,0,0,0,0,0,1,0,0,0,0,0,0,0,0,1,0,1,0
disaster_04880,3324,train,not disaster,0,0,0,0,0,0,0,0,0,0,0,0,0,0,0,0,1,1,1,1
disaster_04883,3712,test,not disaster,0,0,0,0,0,0,0,0,0,0,0,0,0,0,0,0,1,1,1,1
disaster_04885,1354,train,not disaster,1,1,0,0,1,0,0,0,0,1,0,0,0,0,0,0,0,0,0,0
disaster_04884,10263,train,not disaster,0,0,0,0,0,1,0,0,0,0,0,0,0,0,0,0,1,1,1,1
disaster_04886,8274,test,real disaster,1,1,0,0,1,1,0,0,0,0,0,0,0,0,0,0,0,0,0,1
disaster_04888,2723,train,real disaster,0,0,0,0,0,0,0,0,0,0,0,0,0,0,0,0,1,0,0,1
disaster_04887,5992,train,real disaster,1,1,1,0,1,0,1,0,0,0,0,0,0,0,0,0,0,0,0,0
disaster_04891,919,train,real disaster,1,0,1,1,0,0,0,0,0,0,0,0,0,0,0,0,0,0,0,1
disaster_04890,3405,test,not disaster,0,0,0,0,1,1,0,0,0,0,0,0,0,0,0,0,1,0,0,1
disaster_04892,10724,test,not disaster,1,0,0,0,0,0,0,0,0,0,0,0,0,0,0,0,1,0,1,0
disaster_04893,514,test,not disaster,0,0,0,0,0,0,1,0,0,0,0,0,0,0,0,0,0,1,0,1
disaster_04894,5244,train,not disaster,0,0,0,0,0,0,0,0,0,0,0,0,0,0,0,0,1,1,0,1
disaster_04889,6603,train,not disaster,0,0,0,0,0,0,0,0,0,0,0,0,0,0,0,0,1,0,1,1
disaster_04895,2273,train,not disaster,0,0,0,0,0,0,0,0,0,0,0,0,0,0,0,0,1,0,1,1
disaster_04896,8511,test,not disaster,0,0,0,0,0,0,0,0,0,0,0,0,0,0,0,0,1,1,1,1
disaster_04897,8886,train,not disaster,0,0,0,0,0,0,0,0,0,0,0,0,0,0,0,0,0,0,1,1
disaster_04898,13,train,real disaster,1,1,1,0,1,0,0,1,0,0,0,0,0,0,0,0,0,0,0,0
disaster_04900,5626,train,real disaster,1,1,1,0,1,0,1,0,0,0,0,0,0,1,0,0,0,0,0,0
disaster_04899,8448,train,real disaster,1,1,1,0,0,0,0,0,1,0,0,0,0,0,0,0,0,1,0,0
disaster_04902,3201,train,not disaster,0,0,0,0,0,0,0,0,0,0,0,0,0,0,0,0,1,1,0,1
disaster_04904,2945,train,not disaster,0,0,0,0,0,0,0,0,0,0,0,0,0,0,0,0,1,0,0,1
disaster_04901,3968,train,real disaster,1,0,0,1,1,1,1,0,0,0,0,0,0,0,0,0,0,0,0,1
disaster_04905,9207,train,real disaster,1,1,1,0,1,0,0,0,0,0,0,0,0,0,0,0,0,0,0,0
disaster_04903,467,train,real disaster,1,0,0,0,0,0,0,0,0,0,0,0,0,0,0,0,1,0,0,0
disaster_04906,1804,train,not disaster,0,0,0,0,1,1,0,0,0,0,0,0,0,0,0,0,1,1,0,1
disaster_04907,9779,train,not disaster,1,0,0,0,1,0,0,0,0,0,0,0,0,0,0,0,0,1,0,0
disaster_04908,2003,train,real disaster,1,1,1,0,1,0,1,0,0,0,0,0,0,0,1,1,0,0,0,0
disaster_04909,2455,test,not disaster,0,0,0,0,0,0,0,0,0,0,0,0,0,0,0,0,1,1,0,1
disaster_04911,8429,train,real disaster,1,1,1,1,1,0,0,0,0,0,0,0,0,0,0,0,0,0,0,0
disaster_04910,3832,train,not disaster,0,0,0,0,0,0,0,0,0,0,0,0,0,0,0,0,1,0,1,0
disaster_04912,4220,train,real disaster,0,0,0,0,1,0,0,1,0,0,0,0,0,0,0,0,1,0,1,1
disaster_04913,9425,test,real disaster,0,0,0,0,1,0,0,0,0,0,0,0,0,0,0,0,1,0,0,0
disaster_04915,7823,test,not disaster,0,0,0,0,0,0,1,0,0,0,0,0,0,0,0,0,0,0,0,1
disaster_04916,2258,train,not disaster,0,0,0,0,0,0,0,0,0,0,0,0,0,0,0,0,1,0,1,1
disaster_04919,303,train,not disaster,0,0,0,0,0,0,0,0,0,0,0,0,0,0,0,0,1,0,0,1
disaster_04917,1762,test,real disaster,1,0,0,0,0,0,0,0,0,0,0,0,0,0,0,0,1,0,1,1
disaster_04918,1054,test,not disaster,0,0,0,0,0,0,0,0,0,0,0,0,0,0,0,0,1,0,1,1
disaster_04914,4103,train,real disaster,1,0,1,0,1,0,1,0,0,0,0,0,0,0,0,0,0,0,0,1
disaster_04920,9575,train,not disaster,0,0,0,0,0,0,0,0,0,0,0,0,0,0,0,0,1,1,1,1
disaster_04922,7874,train,real disaster,1,1,1,1,1,0,1,0,0,0,0,0,0,0,1,0,0,0,0,0
disaster_04921,3099,train,not disaster,0,0,1,0,0,0,0,0,0,0,0,0,0,0,0,0,0,0,0,1
disaster_04923,8744,test,not disaster,0,0,0,0,1,0,0,1,0,0,1,0,0,1,0,0,0,0,1,0
disaster_04926,1775,test,real disaster,1,1,0,0,1,0,1,0,0,1,0,0,0,0,0,0,0,0,0,0
disaster_04924,4166,train,not disaster,0,0,1,0,1,0,0,0,0,0,0,0,0,0,0,0,1,0,1,1
disaster_04930,2212,train,real disaster,1,0,0,0,1,1,0,1,0,0,0,0,0,0,0,0,0,0,0,1
disaster_04925,1459,train,not disaster,0,0,0,0,0,0,0,0,0,0,0,0,0,0,0,0,1,1,1,1
disaster_04931,3632,train,not disaster,0,0,0,0,0,0,0,0,0,0,0,0,0,0,0,0,1,0,0,1
disaster_04927,5881,test,real disaster,1,0,0,0,1,0,1,0,0,0,0,0,0,0,0,0,1,0,0,1
disaster_04928,185,train,not disaster,0,0,0,0,0,1,0,1,0,0,0,0,0,0,0,0,1,1,1,1
disaster_04932,7316,train,real disaster,0,0,0,0,1,0,1,0,0,0,0,0,0,0,0,0,0,0,0,1
disaster_04929,2846,train,not disaster,0,0,0,0,1,0,0,0,0,0,0,0,0,0,0,0,0,0,0,1
disaster_04933,820,train,not disaster,0,0,0,0,0,0,0,0,0,0,0,0,0,0,0,0,1,1,0,1
disaster_04935,3636,train,not disaster,0,0,0,1,0,0,0,0,0,0,0,0,0,0,0,0,1,0,0,1
disaster_04934,3497,train,real disaster,1,1,0,1,0,0,0,1,0,0,1,1,0,0,0,0,0,0,0,0
disaster_04936,9834,train,real disaster,0,0,0,0,0,0,1,0,1,0,0,0,0,0,0,0,0,0,0,1
disaster_04938,2136,train,not disaster,0,0,0,0,0,0,0,0,0,0,0,0,0,0,0,0,1,0,0,1
disaster_04940,3917,train,not disaster,0,0,0,0,0,0,0,0,0,0,0,0,0,0,0,0,0,0,1,0
disaster_04939,4046,train,not disaster,0,0,0,0,1,1,0,0,0,0,0,0,0,0,0,0,0,0,0,1
disaster_04941,7790,train,real disaster,1,1,1,0,1,0,0,0,0,0,0,0,0,1,0,0,0,0,1,0
disaster_04937,1371,train,not disaster,1,0,0,0,0,0,0,0,0,0,0,0,0,0,0,0,1,0,1,0
disaster_04943,4538,train,not disaster,0,0,0,0,0,0,0,0,0,0,0,0,0,0,0,0,0,1,0,1
disaster_04942,10496,test,not disaster,0,0,0,0,0,1,0,0,0,0,0,0,0,0,0,0,0,1,0,1
disaster_04944,3030,train,not disaster,0,0,0,0,0,0,0,0,1,0,0,0,0,0,0,0,0,1,0,0
disaster_04946,6863,train,real disaster,1,0,1,0,0,0,0,0,0,0,0,0,0,0,0,0,0,0,0,0
disaster_04949,3785,train,not disaster,0,0,0,0,1,0,0,0,0,0,0,0,0,0,0,0,1,0,1,1
disaster_04948,8650,train,real disaster,1,1,1,0,1,0,1,0,0,0,1,0,0,0,0,0,0,0,0,0
disaster_04951,9454,train,not disaster,0,0,0,0,0,0,1,0,0,0,0,0,0,0,0,0,0,0,0,1
disaster_04947,3860,test,real disaster,0,0,0,0,0,0,0,0,0,0,0,0,0,0,0,0,0,0,0,1
disaster_04945,7880,test,real disaster,1,1,1,0,1,0,1,0,0,0,0,0,0,0,1,0,0,0,0,0
disaster_04950,5177,train,real disaster,1,1,1,0,1,1,0,0,1,1,0,0,0,0,0,0,0,0,0,0
disaster_04953,5170,train,not disaster,0,0,0,0,0,0,0,0,1,0,0,0,0,0,0,0,1,0,1,0
disaster_04952,10848,train,not disaster,0,0,0,0,0,1,0,1,0,0,0,0,0,0,0,0,0,0,1,0
disaster_04955,4038,train,real disaster,0,0,0,0,0,0,0,0,0,0,0,0,0,0,0,0,1,0,1,1
disaster_04959,6857,train,real disaster,1,0,1,0,0,0,0,0,1,0,0,0,0,0,0,0,0,0,0,1
disaster_04958,7860,train,real disaster,0,0,0,0,0,1,1,0,0,0,0,0,0,0,0,0,1,0,0,1
disaster_04956,8101,test,not disaster,0,0,0,0,1,0,0,0,0,0,0,0,0,0,0,0,0,0,0,1
disaster_04960,8864,train,not disaster,0,0,0,0,0,1,0,0,0,0,0,0,0,0,0,0,0,1,0,1
disaster_04961,8073,test,not disaster,0,0,0,0,0,0,0,0,0,0,0,0,0,0,0,0,0,0,0,1
disaster_04957,4342,train,real disaster,1,0,1,1,1,0,0,0,0,0,0,0,0,0,0,1,1,1,1,1
disaster_04954,9707,train,not disaster,0,0,0,0,0,0,0,0,0,0,0,0,0,0,0,0,0,0,0,1
disaster_04963,7907,train,not disaster,1,0,0,0,0,1,0,0,0,0,0,0,0,0,0,0,0,0,0,1
disaster_04962,2172,train,real disaster,1,0,1,1,1,0,0,0,0,0,0,0,0,0,0,0,1,0,0,1
disaster_04965,7517,test,real disaster,1,1,0,0,1,1,1,0,0,0,0,0,0,0,0,0,0,0,0,0
disaster_04966,3357,train,not disaster,0,0,0,0,0,0,0,0,0,0,0,0,0,0,0,0,1,1,0,1
disaster_04964,3112,train,real disaster,1,1,0,0,1,0,1,0,1,0,0,0,0,0,0,0,0,0,0,0
disaster_04969,4831,train,real disaster,0,0,0,0,0,0,0,0,0,0,0,0,0,0,0,0,1,0,1,1
disaster_04968,7595,train,not disaster,0,0,0,0,0,0,0,0,0,0,1,0,0,0,0,0,1,0,0,0
disaster_04973,1470,train,not disaster,0,0,0,0,0,0,0,0,0,0,0,0,0,0,0,0,1,1,1,1
disaster_04972,4021,train,real disaster,0,0,0,0,1,1,0,0,0,0,0,0,0,0,0,0,1,1,0,1
disaster_04970,1684,train,real disaster,1,1,0,0,1,0,1,0,1,1,0,0,0,0,0,0,0,0,0,0
disaster_04971,8815,train,not disaster,0,0,0,0,1,0,0,0,0,0,0,0,0,0,0,0,1,1,0,1
disaster_04974,9944,test,not disaster,0,0,0,0,0,0,0,0,0,0,0,0,0,0,0,0,0,0,0,1
disaster_04967,6135,test,real disaster,0,0,0,0,1,0,1,0,0,0,0,0,0,0,0,0,1,0,0,1
disaster_04975,4402,train,not disaster,0,0,0,0,0,0,0,1,0,0,0,0,0,0,0,0,1,1,1,1
disaster_04980,242,train,not disaster,0,0,1,0,0,0,0,0,0,0,0,0,0,0,0,0,1,0,0,1
disaster_04977,2853,train,not disaster,0,0,0,0,0,0,0,0,0,0,0,0,0,0,0,0,1,1,0,1
disaster_04976,874,train,not disaster,1,0,0,0,0,0,1,0,0,0,0,0,0,0,0,0,0,0,0,0
disaster_04978,3153,test,not disaster,0,0,0,0,0,0,0,0,0,0,0,0,0,0,0,0,1,0,1,1
disaster_04979,2855,train,not disaster,0,0,0,0,1,0,0,0,0,1,0,0,0,0,0,0,1,0,1,1
disaster_04983,9418,train,not disaster,0,0,1,0,0,0,0,0,0,0,0,0,0,0,0,0,1,0,1,1
disaster_04985,1596,train,real disaster,1,0,0,0,1,0,0,1,0,1,0,0,0,0,0,0,1,0,1,1
disaster_04984,3927,train,not disaster,0,0,0,0,0,0,0,0,0,0,0,0,0,0,0,0,0,0,0,0
disaster_04982,2937,train,not disaster,0,0,1,0,0,0,0,0,0,0,0,0,0,0,0,0,0,0,0,1
disaster_04981,1588,train,not disaster,0,0,0,0,0,0,0,0,0,0,0,0,0,0,0,0,1,0,1,1
disaster_04987,9333,train,not disaster,0,0,0,0,0,0,0,0,0,0,0,0,0,0,0,0,0,0,0,0
disaster_04986,5229,train,not disaster,0,0,0,0,0,0,0,0,1,0,0,0,0,0,0,0,0,0,0,0
disaster_04988,5704,train,real disaster,1,1,1,1,1,1,0,0,1,0,0,0,0,0,0,0,0,0,0,0
disaster_04990,10107,train,real disaster,1,1,1,0,1,0,0,0,0,0,0,0,0,0,0,0,0,0,0,0
disaster_04989,2829,train,not disaster,1,0,0,0,0,0,0,0,0,0,0,0,0,0,0,0,1,0,1,1
disaster_04992,5380,train,real disaster,1,1,0,0,0,1,0,1,0,0,0,0,0,1,0,0,1,0,1,0
disaster_04991,5938,test,not disaster,0,0,0,0,0,0,0,0,0,0,0,0,0,0,0,0,0,1,0,1
disaster_04993,1865,train,real disaster,0,0,0,0,0,1,0,0,0,0,0,0,0,0,0,0,1,1,1,1
disaster_04996,3478,train,real disaster,1,1,1,0,1,1,0,0,0,0,1,0,0,0,0,0,1,1,1,1
disaster_04994,2321,test,real disaster,0,1,1,1,1,0,1,0,0,0,0,0,0,0,0,0,0,0,0,0
disaster_04995,2102,test,real disaster,0,0,0,0,0,1,0,0,0,0,0,0,0,0,0,0,0,1,0,1
disaster_04997,6230,test,real disaster,1,0,0,0,0,0,0,0,0,0,0,0,0,0,0,0,1,0,1,1
disaster_04998,3866,train,real disaster,0,0,0,0,0,0,0,0,0,0,0,0,0,0,0,0,0,0,0,1
disaster_04999,6824,train,not disaster,0,0,0,0,0,0,0,1,0,0,0,0,0,0,0,0,1,0,1,0
