id,source_id,split,label,expresses_positive_emotion,contains_praise,mentions_enjoyment,describes_high_quality,expresses_negative_emotion,contains_criticism,mentions_disappointment,describes_low_quality,mentions_good_acting_or_writing,mentions_bad_acting_or_writing,contains_comparison,uses_strong_opinion,contains_irony_or_sarcasm,contains_mixed_sentiment,sounds_uncertain,uses_emotional_language,contains_recommendation,mentions_exciting_content,mentions_boredom,sounds_confident
sst2_00004,train_26402,train,positive,1,1,0,0,0,0,0,0,0,0,0,1,0,0,0,1,0,0,0,1
sst2_00003,train_33967,test,negative,0,1,0,1,1,1,1,1,0,1,1,1,0,1,0,1,1,0,0,1
sst2_00002,train_58371,train,negative,0,0,0,0,0,0,0,0,0,0,1,0,0,0,1,0,0,0,0,0
sst2_00000,train_27801,train,positive,1,0,1,0,0,0,0,0,0,0,0,0,0,0,1,1,0,0,0,0
sst2_00001,train_15617,train,positive,1,1,1,0,0,0,0,0,0,0,0,0,0,0,0,1,0,1,0,1
sst2_00005,train_48122,train,negative,0,0,0,0,1,1,0,1,0,0,0,1,0,0,0,1,0,0,0,1
sst2_00006,train_43177,test,positive,1,1,0,1,0,0,0,0,1,0,0,1,0,0,0,1,0,0,0,1
sst2_00008,train_17041,train,negative,0,0,0,0,1,1,1,1,0,0,0,1,0,0,0,1,0,0,0,1
sst2_00010,train_53923,train,positive,0,0,0,0,0,0,0,0,0,0,0,0,0,0,0,0,0,0,0,0
sst2_00007,train_4671,test,positive,1,1,0,1,0,0,0,0,0,0,1,1,0,0,0,1,0,0,0,1
sst2_00009,train_56388,train,positive,1,1,0,1,0,0,0,0,0,0,0,1,0,0,0,1,0,1,0,1
sst2_00011,train_34627,train,positive,0,0,0,0,0,0,0,0,0,0,0,0,0,1,1,0,0,0,0,0
sst2_00014,train_65390,test,positive,1,0,0,0,0,0,0,0,0,0,0,0,0,0,0,0,0,0,0,0
sst2_00013,train_10586,train,positive,0,0,0,0,1,1,0,1,0,0,0,1,0,1,1,1,0,0,0,0
sst2_00012,train_32385,train,positive,1,1,0,0,0,0,0,0,0,0,0,0,0,0,0,1,0,0,0,0
sst2_00015,train_49868,train,positive,1,1,1,1,0,0,0,0,0,0,0,1,0,0,0,1,0,1,0,1
sst2_00017,train_1820,train,positive,1,1,1,1,0,1,0,0,0,1,0,0,0,1,0,1,0,1,0,1
sst2_00016,validation_575,train,negative,1,1,0,1,1,1,1,1,1,1,0,1,0,1,0,1,0,0,0,1
sst2_00019,train_26333,train,positive,1,0,0,0,0,0,0,0,0,0,0,0,0,0,1,0,0,0,0,0
sst2_00020,validation_76,train,negative,0,0,0,0,1,1,1,1,0,0,1,1,0,0,0,1,0,0,0,1
sst2_00021,train_32196,train,negative,0,0,0,0,1,1,0,0,0,0,0,0,1,1,1,1,0,0,0,0
sst2_00023,train_26155,train,negative,0,0,0,0,0,0,0,0,0,0,1,0,0,0,0,0,0,0,0,0
sst2_00022,train_18159,train,positive,1,1,1,0,0,0,0,0,0,0,0,1,0,0,0,1,0,1,0,1
sst2_00018,train_34221,train,positive,1,1,0,0,0,0,0,0,0,0,0,1,0,0,0,1,0,0,0,1
sst2_00025,train_55294,train,negative,0,0,0,0,0,0,0,0,0,0,0,0,0,0,0,0,0,0,0,0
sst2_00024,train_67114,train,positive,0,0,0,0,0,0,0,0,0,0,0,0,0,0,0,0,0,0,0,0
sst2_00027,validation_245,train,positive,1,1,0,1,0,0,0,0,1,0,1,1,0,0,0,1,0,0,0,1
sst2_00028,train_65545,test,positive,1,1,0,1,0,0,0,0,0,0,0,1,0,0,0,1,0,0,0,1
sst2_00029,train_60752,train,negative,0,0,0,0,1,0,0,0,0,0,0,0,0,0,0,1,0,0,0,1
sst2_00026,train_17382,train,negative,0,0,0,0,0,0,0,0,0,0,1,0,0,0,0,1,0,0,0,0
sst2_00032,train_54660,train,negative,0,0,0,0,1,1,0,0,0,0,0,0,0,0,0,1,0,0,0,1
sst2_00033,train_31076,train,positive,0,0,0,0,0,0,0,0,0,0,0,0,0,0,0,0,0,0,0,0
sst2_00031,train_66668,train,positive,1,1,0,1,0,0,0,0,0,0,0,1,0,0,0,0,0,0,0,1
sst2_00034,train_39002,test,positive,1,1,0,0,0,0,0,0,0,0,1,1,0,0,0,1,0,0,0,1
sst2_00030,train_4083,train,negative,0,0,0,0,0,0,0,0,0,0,1,0,0,0,0,0,0,0,0,0
sst2_00035,train_35491,train,positive,1,1,0,1,0,0,0,0,0,0,0,1,0,0,0,1,0,0,0,1
sst2_00037,train_6243,train,negative,0,0,0,0,0,0,0,0,0,0,0,0,0,0,1,1,0,0,0,0
sst2_00039,train_52240,train,positive,1,1,0,0,0,0,0,0,0,0,0,0,0,0,1,0,0,0,0,0
sst2_00038,train_11383,train,positive,1,1,1,0,0,0,0,0,0,0,1,1,0,0,0,1,0,1,0,1
sst2_00036,train_15702,test,positive,1,1,1,1,0,0,0,0,0,0,0,1,0,0,0,1,1,0,0,1
sst2_00040,train_5466,train,negative,0,0,0,0,0,0,0,0,0,0,0,0,0,0,1,0,0,0,0,0
sst2_00041,train_5444,train,positive,1,1,1,1,0,0,0,0,0,0,0,1,0,0,0,1,0,1,0,1
sst2_00042,train_46014,train,negative,0,0,0,0,1,1,1,1,0,0,1,1,1,0,0,1,0,0,0,1
sst2_00043,train_1025,train,positive,1,1,1,1,0,0,0,0,0,0,0,1,0,0,0,1,0,1,0,1
sst2_00046,train_35277,train,positive,0,0,0,0,0,0,0,0,0,0,0,0,0,0,0,0,0,0,0,0
sst2_00044,train_34846,train,positive,1,1,0,1,0,0,0,0,0,0,1,1,0,0,0,1,0,0,0,1
sst2_00045,train_10842,train,negative,0,1,0,1,1,1,1,0,0,1,1,1,0,1,0,1,0,0,0,1
sst2_00047,train_53390,train,positive,1,1,0,1,0,0,0,0,0,0,0,1,0,0,0,1,0,0,0,1
sst2_00048,train_59338,train,negative,0,0,0,0,1,1,0,1,0,0,1,1,0,0,0,1,0,0,0,1
sst2_00051,train_47345,test,positive,0,0,0,0,0,0,0,0,0,0,0,0,0,0,1,0,0,0,0,0
sst2_00049,train_30284,train,positive,1,1,1,1,0,0,0,0,0,0,0,1,0,0,0,1,0,1,0,1
sst2_00050,train_14636,train,positive,0,0,0,0,0,0,0,0,0,0,0,0,0,0,0,0,0,0,0,0
sst2_00052,train_40947,train,negative,0,0,0,0,1,1,0,1,0,1,0,1,0,0,0,1,0,0,0,1
sst2_00053,train_64780,train,positive,1,1,0,1,0,0,0,0,0,0,0,1,0,0,0,1,0,1,0,1
sst2_00054,validation_402,train,negative,0,0,0,0,1,1,0,0,0,0,1,1,0,1,0,1,1,0,0,1
sst2_00055,train_52579,train,positive,1,0,0,0,0,0,0,0,0,0,0,0,0,0,0,1,0,0,0,0
sst2_00056,train_6262,train,positive,1,1,1,0,0,0,0,0,0,0,0,0,0,0,0,1,0,1,0,0
sst2_00058,train_13477,test,positive,1,0,0,0,0,0,0,0,0,0,0,0,0,0,0,1,0,0,0,0
sst2_00057,train_56775,train,negative,0,0,0,0,1,0,0,0,0,0,0,0,0,0,0,1,0,0,0,0
sst2_00059,train_55536,train,negative,0,0,0,0,1,1,1,1,0,1,1,1,0,1,0,1,0,0,0,1
sst2_00061,train_45614,test,positive,1,1,0,0,0,0,0,0,0,0,0,0,0,0,0,1,0,1,0,0
sst2_00060,train_6043,train,positive,1,1,1,0,0,0,0,0,0,0,1,0,0,0,0,1,0,1,0,1
sst2_00062,train_58706,train,negative,0,0,0,0,1,1,0,0,0,0,0,0,0,0,1,1,0,0,0,0
sst2_00063,train_15684,train,positive,1,1,1,1,0,0,0,0,1,0,0,1,0,0,0,1,1,1,0,1
sst2_00064,train_20587,train,negative,0,0,0,0,1,1,1,1,0,1,0,1,0,0,0,1,1,0,0,1
sst2_00067,train_12000,train,negative,0,0,0,0,1,1,0,0,0,0,0,1,0,0,0,1,0,0,0,1
sst2_00065,train_18824,train,negative,0,0,0,0,0,0,0,0,0,0,0,0,0,0,1,0,0,0,0,0
sst2_00068,train_62570,train,positive,1,1,0,0,0,0,0,0,0,0,0,0,0,0,0,1,0,0,0,0
sst2_00069,train_53485,test,positive,1,1,0,0,0,0,0,0,0,0,0,0,0,0,0,1,0,0,0,0
sst2_00066,train_59726,train,positive,1,1,0,1,0,0,0,0,0,0,0,1,0,0,0,0,0,0,0,1
sst2_00070,train_5002,train,negative,0,0,0,0,1,1,0,1,0,1,0,1,0,0,0,1,0,0,0,1
sst2_00073,train_61941,train,negative,0,0,0,0,1,1,0,1,0,1,0,0,0,0,0,0,0,0,0,1
sst2_00071,train_41508,train,positive,0,0,0,0,0,0,0,0,0,0,0,0,0,0,0,0,0,0,0,0
sst2_00074,train_47926,test,positive,1,1,1,1,0,0,0,0,1,0,0,0,0,0,0,1,0,1,0,1
sst2_00072,train_16157,train,positive,1,1,0,1,0,0,0,0,0,0,0,1,0,0,0,1,0,0,0,1
sst2_00075,train_26036,test,positive,1,1,1,1,0,0,0,0,0,0,0,1,0,0,0,1,0,1,0,1
sst2_00076,train_22245,train,positive,1,1,0,1,0,0,0,0,0,0,0,1,0,0,0,1,0,0,0,1
sst2_00077,train_66470,train,positive,0,0,0,0,0,0,0,0,1,0,0,0,0,0,1,0,0,0,0,0
sst2_00080,train_8226,train,negative,0,0,0,0,1,1,0,1,0,0,1,1,0,0,0,1,0,0,0,1
sst2_00078,train_2944,train,positive,0,0,0,0,0,0,0,0,0,0,0,0,0,0,1,0,0,0,0,0
sst2_00079,train_35957,train,negative,0,0,0,0,1,1,0,1,0,0,0,1,0,0,0,1,0,0,0,1
sst2_00082,train_17150,test,negative,0,0,0,0,1,1,0,0,0,0,0,0,0,0,1,1,0,0,0,0
sst2_00081,train_54986,train,positive,1,1,0,0,0,0,0,0,0,0,1,0,0,0,0,0,0,0,0,0
sst2_00083,train_16303,train,positive,1,1,1,1,0,0,0,0,0,0,0,1,0,0,0,1,0,1,0,1
sst2_00086,train_56870,train,negative,0,0,0,0,0,0,0,0,0,0,0,0,0,0,0,0,0,0,0,0
sst2_00085,train_60381,train,positive,1,1,0,1,0,0,0,0,1,0,0,0,0,0,0,1,0,0,0,1
sst2_00084,train_48427,train,negative,0,0,0,0,1,1,1,1,0,0,1,1,0,0,0,1,1,0,0,1
sst2_00088,train_47412,train,positive,0,0,0,0,0,0,0,0,0,0,0,0,0,0,1,0,0,0,0,0
sst2_00087,train_6400,test,positive,1,1,0,0,0,0,0,0,0,0,1,0,0,0,0,1,0,0,0,0
sst2_00089,train_46989,train,positive,1,1,0,1,0,0,0,0,0,0,0,1,0,0,0,1,0,0,0,1
sst2_00091,train_24108,train,positive,1,1,0,1,0,0,0,0,1,0,0,0,0,0,0,0,0,0,0,1
sst2_00092,train_4398,train,positive,1,1,0,0,0,0,0,0,0,0,0,0,0,0,0,1,0,0,0,0
sst2_00090,train_35756,train,positive,1,1,0,1,0,0,0,0,1,0,0,0,0,1,0,0,0,0,0,0
sst2_00094,train_175,train,negative,0,0,0,0,1,1,1,1,0,0,1,0,0,1,0,1,0,0,0,0
sst2_00093,train_63034,train,negative,0,0,0,0,1,1,1,1,0,1,1,1,0,0,0,1,1,0,1,1
sst2_00096,train_1874,test,negative,0,0,0,0,1,1,1,1,0,1,0,1,0,0,0,1,0,0,0,1
sst2_00095,train_28648,test,positive,0,0,0,0,0,0,0,0,0,0,0,0,0,0,0,0,0,0,0,0
sst2_00098,validation_404,train,positive,1,1,0,1,0,0,0,0,1,0,0,1,0,0,0,1,0,0,0,1
sst2_00097,train_622,train,negative,0,0,0,0,1,1,1,0,0,0,0,1,0,0,0,1,1,0,0,1
sst2_00099,train_30250,train,negative,0,0,0,0,1,1,0,1,0,0,1,1,0,0,0,1,0,0,0,1
sst2_00101,train_17400,test,positive,1,1,0,1,0,0,0,0,1,0,1,1,0,0,0,1,0,0,0,1
sst2_00102,train_65110,test,positive,1,1,0,1,0,0,0,0,0,0,0,1,0,0,0,1,0,0,0,1
sst2_00100,train_61530,train,negative,0,0,0,0,1,1,1,1,0,0,1,1,0,0,0,1,0,0,1,1
sst2_00103,train_41073,train,negative,0,0,0,0,1,1,0,0,0,0,0,1,0,0,0,1,0,0,0,1
sst2_00104,train_4381,train,positive,1,1,0,0,0,0,0,0,0,0,0,0,0,0,0,1,0,0,0,0
sst2_00106,train_17883,train,positive,1,1,0,1,0,0,0,0,0,0,1,1,0,0,0,1,0,0,0,1
sst2_00105,train_5490,train,positive,1,1,0,1,0,0,0,0,1,0,0,1,0,0,0,1,0,0,0,1
sst2_00108,train_9274,train,positive,0,0,0,0,0,0,0,0,0,0,0,0,0,0,0,0,0,0,0,0
sst2_00107,train_55444,train,positive,1,1,0,0,0,0,0,0,0,0,0,0,0,0,0,0,1,0,0,1
sst2_00109,train_22977,train,positive,1,1,1,1,0,0,0,0,1,0,0,1,0,0,0,1,0,1,0,1
sst2_00112,train_56004,train,positive,0,0,0,0,0,0,0,0,0,0,0,0,0,0,0,0,0,0,0,0
sst2_00110,train_16725,test,negative,0,0,0,0,1,1,1,0,0,0,1,1,0,0,0,1,0,0,0,1
sst2_00111,train_60101,test,negative,0,0,0,0,0,0,0,0,0,0,1,0,0,0,0,0,0,0,0,0
sst2_00113,train_15459,train,positive,1,1,0,0,0,0,0,0,0,0,0,1,0,0,0,1,0,0,0,1
sst2_00114,train_2008,train,positive,1,1,0,0,0,0,0,0,0,0,0,0,0,0,0,0,0,0,0,1
sst2_00115,train_4616,train,negative,0,0,0,0,1,1,0,0,0,0,0,1,0,0,0,1,0,0,0,1
sst2_00117,validation_704,test,negative,0,0,0,0,1,1,0,1,0,1,0,1,1,0,0,1,1,0,0,1
sst2_00119,train_27659,train,positive,1,1,0,1,1,1,0,1,0,1,1,1,0,1,0,1,0,0,0,1
sst2_00116,train_43990,train,positive,0,0,0,0,0,0,0,0,0,0,0,0,0,0,1,0,0,0,0,0
sst2_00120,train_17341,test,positive,0,0,0,0,0,0,0,0,0,0,0,0,0,0,0,0,0,1,0,0
sst2_00118,train_31252,train,negative,0,0,0,0,1,1,1,1,0,1,1,1,0,0,0,1,0,0,0,1
sst2_00121,train_5597,train,positive,1,1,0,1,0,0,0,0,1,0,0,1,0,1,0,1,0,0,0,1
sst2_00123,train_24168,train,positive,0,0,0,0,0,0,0,0,0,0,0,0,0,0,0,0,0,0,0,0
sst2_00122,train_18367,train,positive,1,1,0,0,0,0,0,0,0,0,0,0,0,0,0,0,0,0,0,1
sst2_00124,train_4476,train,positive,0,0,0,0,0,0,0,0,0,0,0,0,0,0,0,1,0,0,0,0
sst2_00126,train_52476,train,negative,0,0,0,0,1,1,1,1,0,0,1,1,1,1,0,1,1,0,0,1
sst2_00125,train_33193,test,positive,1,1,0,0,0,0,0,0,1,0,0,0,0,0,0,0,0,0,0,0
sst2_00127,train_18300,train,negative,0,0,0,0,1,1,0,0,0,0,0,1,1,0,0,1,0,0,0,1
sst2_00128,train_8794,train,negative,0,0,0,0,1,1,0,1,0,0,0,1,0,0,0,1,0,0,0,1
sst2_00129,train_62089,test,negative,0,0,0,0,1,1,1,0,0,1,0,1,0,0,0,1,0,0,0,1
sst2_00130,train_63076,train,positive,1,1,1,1,0,0,0,0,1,0,0,1,0,0,0,1,0,0,0,1
sst2_00132,train_5525,train,negative,0,0,0,0,1,1,1,1,0,0,1,1,1,1,0,1,0,0,0,1
sst2_00131,train_37982,test,positive,1,1,0,1,0,0,0,0,0,0,0,1,0,0,0,0,0,0,0,1
sst2_00135,train_31697,train,positive,1,1,0,1,0,0,0,0,1,0,0,1,0,0,0,1,0,0,0,1
sst2_00133,train_64446,train,negative,0,0,0,0,1,1,0,1,0,0,0,1,0,0,0,1,0,0,0,1
sst2_00136,train_56165,train,positive,1,1,0,1,0,0,0,0,0,0,0,0,0,0,0,0,0,0,0,1
sst2_00134,train_14121,train,negative,0,0,0,0,1,1,1,1,0,0,1,1,0,0,0,1,1,0,0,1
sst2_00137,train_16108,train,positive,1,1,0,0,0,0,0,0,0,0,0,1,0,0,0,1,0,0,0,1
sst2_00138,train_55704,train,positive,0,0,0,0,1,1,1,1,0,1,0,1,0,0,0,1,1,0,0,1
sst2_00142,train_21503,train,positive,1,0,0,0,0,0,0,0,0,0,0,0,0,0,0,1,0,0,0,0
sst2_00141,train_22932,train,negative,0,0,0,0,0,0,0,0,0,0,0,0,0,0,1,0,0,0,0,0
sst2_00139,train_63294,train,positive,0,1,0,0,0,0,0,0,1,0,0,0,0,0,0,0,0,0,0,0
sst2_00140,train_45321,train,negative,0,0,0,0,0,1,0,1,0,0,0,0,0,0,1,0,0,0,0,0
sst2_00143,train_5719,test,positive,1,1,0,0,0,0,0,0,0,0,0,0,0,0,0,1,0,0,0,0
sst2_00144,train_23559,train,positive,1,1,0,1,0,0,0,0,1,0,0,1,0,0,0,1,0,0,0,1
sst2_00145,train_30827,test,negative,0,0,0,0,0,0,0,0,0,0,0,0,0,0,0,0,0,0,0,0
sst2_00147,train_18992,train,positive,1,1,0,1,0,0,0,0,0,0,1,1,0,0,0,0,0,0,0,1
sst2_00146,train_66214,train,negative,0,0,0,0,1,1,1,1,0,1,0,1,0,0,0,1,0,0,0,1
sst2_00150,train_54997,train,positive,0,0,0,0,0,0,0,0,0,0,1,0,0,0,0,0,0,0,0,0
sst2_00149,train_7144,test,negative,0,0,0,0,1,1,1,1,0,0,1,1,0,0,0,1,0,0,0,1
sst2_00148,train_23058,train,negative,0,0,0,0,0,0,0,0,0,0,0,0,0,0,0,0,0,0,0,0
sst2_00151,train_19491,train,negative,0,0,0,0,1,1,1,1,0,0,1,1,0,0,0,1,1,0,0,1
sst2_00152,train_49495,train,positive,1,1,1,1,0,0,0,0,1,0,0,1,0,1,0,1,1,0,0,1
sst2_00153,train_62572,test,positive,1,1,0,0,0,0,0,0,0,0,0,0,0,0,0,1,0,0,0,0
sst2_00155,train_38433,train,positive,0,0,0,0,0,0,0,0,0,0,0,0,0,0,0,0,0,0,0,0
sst2_00154,train_375,train,negative,0,0,0,0,0,0,0,0,0,0,0,0,0,0,0,0,0,0,0,1
sst2_00157,train_55707,train,negative,0,0,0,0,1,1,1,1,0,0,0,1,0,0,0,1,1,0,0,1
sst2_00156,train_5086,train,positive,0,0,0,0,1,0,0,0,0,0,0,0,0,0,0,1,0,0,0,0
sst2_00158,train_30418,train,negative,0,0,0,0,0,0,0,0,0,0,0,0,0,0,0,0,0,0,0,0
sst2_00159,train_54723,train,positive,1,1,1,0,0,0,0,0,0,0,0,0,0,0,0,1,1,0,0,1
sst2_00160,train_37534,test,positive,1,1,0,1,0,0,0,0,0,0,0,1,0,0,0,0,0,0,0,1
sst2_00162,train_45193,train,positive,1,1,1,0,0,0,0,0,0,0,0,0,0,0,0,1,0,1,0,1
sst2_00164,train_4518,train,positive,1,1,1,0,0,1,0,0,0,1,0,1,0,1,0,1,1,1,0,1
sst2_00163,train_63749,train,negative,0,0,0,0,1,1,0,1,0,1,0,1,1,0,0,1,0,0,0,1
sst2_00165,train_32328,test,negative,0,0,0,0,0,0,0,0,0,0,1,0,0,0,0,0,0,0,0,0
sst2_00161,train_40586,train,negative,0,0,0,0,1,1,0,1,0,1,0,1,0,0,0,1,0,0,0,1
sst2_00168,train_4826,train,negative,0,0,0,0,0,0,0,0,0,0,0,0,0,0,1,0,0,0,0,0
sst2_00167,train_15315,train,positive,1,1,0,1,0,0,0,0,1,0,1,0,0,0,0,0,0,0,0,1
sst2_00169,train_29027,train,positive,1,1,1,0,0,0,0,0,0,0,0,0,0,0,0,1,0,1,0,1
sst2_00170,train_13335,train,positive,1,1,0,1,0,0,0,0,0,0,0,1,0,0,0,1,0,0,0,1
sst2_00171,train_59553,train,positive,1,1,0,1,0,0,0,0,1,0,0,1,0,0,0,1,0,0,0,1
sst2_00166,train_55047,train,negative,0,0,0,0,1,1,0,1,0,1,0,1,0,0,0,1,0,0,0,1
sst2_00173,train_52646,train,positive,1,1,0,0,0,0,0,0,0,0,0,0,0,0,0,1,0,0,0,0
sst2_00174,train_5879,test,positive,0,0,0,0,0,0,0,0,0,0,0,0,0,0,0,0,0,0,0,0
sst2_00172,train_36652,train,positive,1,1,1,1,0,0,0,0,0,0,1,1,0,0,0,1,0,1,0,1
sst2_00176,train_37900,train,negative,0,0,0,0,1,1,0,0,0,0,0,1,1,0,0,1,0,0,0,1
sst2_00175,train_29892,train,positive,1,1,0,1,0,0,0,0,1,0,1,0,0,0,0,1,0,0,0,1
sst2_00179,train_19752,train,positive,1,1,0,1,0,0,0,0,0,0,0,1,0,0,0,1,0,0,0,1
sst2_00178,train_5097,train,negative,0,0,0,0,1,1,1,0,0,0,0,1,0,0,0,1,0,0,0,1
sst2_00177,train_783,train,positive,0,0,0,0,0,0,0,0,0,0,0,0,0,0,0,0,0,0,0,0
sst2_00180,train_64324,train,positive,1,1,0,1,0,0,0,0,1,0,0,1,0,0,0,1,0,0,0,1
sst2_00182,train_3160,train,negative,0,0,0,0,1,1,1,1,0,0,1,1,0,0,0,1,1,0,0,1
sst2_00181,train_3210,train,positive,1,1,0,1,0,0,0,0,0,0,1,0,0,0,0,0,0,0,0,1
sst2_00184,train_65457,train,positive,1,1,0,0,0,0,0,0,0,0,0,0,0,0,0,0,1,0,0,1
sst2_00183,train_41845,train,positive,0,0,0,1,0,0,0,0,0,0,0,0,0,0,1,0,0,0,0,0
sst2_00185,train_45065,train,positive,1,1,0,1,0,0,0,0,1,0,0,1,0,0,0,1,0,0,0,1
sst2_00186,train_45582,train,positive,1,1,0,1,0,0,0,0,1,0,0,1,0,0,0,1,0,0,0,1
sst2_00188,train_30697,train,positive,1,1,0,1,0,0,0,0,0,0,0,1,0,0,0,1,0,0,0,1
sst2_00187,train_3156,train,negative,0,0,0,0,1,1,1,0,0,0,1,1,1,1,0,1,0,0,0,1
sst2_00189,train_43758,train,positive,1,1,1,1,0,0,0,0,0,0,0,1,0,0,0,1,0,1,0,1
sst2_00191,validation_387,train,positive,1,1,0,1,0,0,0,0,1,0,0,0,0,0,0,0,0,0,0,1
sst2_00190,train_59100,train,positive,1,1,0,1,0,0,0,0,1,0,0,1,0,0,0,1,0,0,0,1
sst2_00192,train_28396,train,positive,1,1,1,0,0,0,0,0,0,0,0,0,0,0,0,0,1,0,0,0
sst2_00193,train_2968,train,positive,1,1,1,0,0,0,0,0,0,0,0,1,0,0,0,1,0,1,0,1
sst2_00194,train_57190,test,positive,1,1,1,1,0,0,0,0,0,0,1,1,0,0,0,1,0,1,0,1
sst2_00195,train_45829,test,negative,0,0,0,0,1,1,0,1,0,0,0,1,0,0,0,1,0,0,1,1
sst2_00197,train_52264,test,negative,0,0,0,0,1,1,1,1,0,1,1,1,1,0,0,1,1,0,0,1
sst2_00199,train_37189,test,negative,0,0,0,0,1,1,0,1,0,1,0,1,0,0,0,1,0,0,0,1
sst2_00196,train_53799,test,positive,1,1,1,1,0,0,0,0,0,0,1,1,0,0,0,1,0,1,0,1
sst2_00198,train_49909,train,positive,1,1,1,1,0,0,0,0,1,0,0,1,0,0,0,1,0,1,0,1
sst2_00201,train_64651,test,negative,0,0,0,0,1,1,0,1,0,0,1,1,0,0,0,1,0,0,0,1
sst2_00200,train_49639,train,positive,0,0,0,0,0,1,0,0,0,0,0,1,1,1,0,1,0,0,0,1
sst2_00205,train_5066,test,negative,0,0,0,0,1,1,0,1,0,1,0,1,0,0,0,1,0,0,0,1
sst2_00203,train_2620,train,positive,1,1,1,0,0,0,0,0,0,0,0,1,0,1,0,1,0,0,0,1
sst2_00202,train_3385,train,positive,1,1,1,1,0,0,0,0,0,0,0,1,0,0,0,1,1,1,0,1
sst2_00204,train_56661,train,negative,0,0,0,0,1,1,0,1,0,0,0,1,0,0,0,1,0,0,1,1
sst2_00207,train_30517,test,positive,1,1,1,1,0,0,0,0,0,0,0,1,0,0,0,1,0,0,0,1
sst2_00206,train_44214,train,positive,0,0,0,0,0,0,0,0,0,0,0,0,0,0,0,0,0,0,0,0
sst2_00208,train_61313,train,negative,0,0,0,0,1,1,0,0,0,0,0,1,0,0,0,1,0,0,0,1
sst2_00209,train_62123,test,positive,0,0,0,0,1,1,0,1,0,1,1,1,1,0,0,1,0,0,0,1
sst2_00210,train_5800,train,positive,1,1,0,1,0,0,0,0,0,0,0,1,0,0,0,1,0,0,0,1
sst2_00211,train_19715,train,positive,1,1,1,1,0,0,0,0,0,0,1,1,0,0,0,1,0,1,0,1
sst2_00213,train_34649,train,negative,0,0,0,0,1,1,0,1,0,0,0,1,1,0,0,1,0,0,0,1
sst2_00214,train_12180,train,negative,0,0,0,0,1,1,1,1,0,0,0,1,0,0,0,1,1,0,0,1
sst2_00216,train_42068,train,negative,0,0,0,0,1,1,0,1,0,0,0,1,0,0,0,1,0,0,0,1
sst2_00215,train_22223,train,negative,0,0,0,0,1,1,0,1,0,1,0,1,0,0,0,1,0,0,0,1
sst2_00217,train_43141,train,negative,0,0,0,0,1,1,1,1,0,0,0,1,0,0,0,1,0,0,0,1
sst2_00220,train_24774,train,negative,0,0,0,0,0,0,0,0,0,0,0,0,0,0,0,0,0,0,0,0
sst2_00219,train_34275,test,negative,0,0,0,0,1,1,1,1,0,0,0,1,0,0,0,1,1,0,0,1
sst2_00218,train_10077,test,positive,1,1,0,1,0,0,0,0,0,0,0,1,0,0,0,1,0,1,0,1
sst2_00212,train_62609,train,negative,0,0,0,0,1,1,0,1,0,0,0,1,0,0,0,1,0,0,0,1
sst2_00222,train_34456,train,negative,0,0,0,0,0,0,0,0,0,0,0,0,0,0,0,1,0,0,0,0
sst2_00221,train_2639,train,positive,1,1,1,1,0,0,0,0,0,0,0,1,0,0,0,1,0,1,0,1
sst2_00225,train_61611,train,positive,1,0,1,0,0,0,0,0,0,0,0,0,0,0,0,0,1,0,0,1
sst2_00224,validation_674,train,positive,1,1,0,1,0,0,0,0,1,0,0,1,0,0,0,1,0,0,0,1
sst2_00223,train_9960,train,positive,0,0,0,0,0,0,0,0,0,0,0,0,0,0,0,0,0,0,0,0
sst2_00227,train_19296,train,negative,0,0,0,0,0,0,0,0,0,0,0,0,0,0,0,0,0,0,0,0
sst2_00228,train_24,train,negative,0,0,0,0,1,1,1,1,0,1,0,1,0,0,0,1,1,0,0,1
sst2_00226,train_36313,train,negative,0,0,0,0,1,1,0,0,0,0,0,1,0,0,0,1,1,0,0,1
sst2_00232,train_36533,train,negative,0,0,0,0,0,0,0,0,0,0,0,0,0,0,0,1,0,0,0,0
sst2_00230,train_56307,test,positive,0,0,0,0,0,0,0,0,0,0,0,0,0,0,1,0,0,0,0,0
sst2_00229,train_25375,train,negative,0,0,0,0,1,1,0,1,0,0,0,1,0,0,0,1,1,0,0,1
sst2_00231,train_403,train,negative,0,0,0,0,1,1,1,1,0,0,0,1,0,1,0,1,0,0,0,1
sst2_00234,train_10089,train,positive,1,0,0,0,0,0,0,0,0,0,1,0,0,0,0,1,0,0,0,0
sst2_00233,train_38523,train,negative,0,0,0,0,1,1,0,1,0,1,0,1,0,0,0,1,0,0,0,1
sst2_00236,train_58199,train,negative,0,0,0,0,1,1,0,0,0,0,0,1,1,0,0,1,0,0,0,1
sst2_00235,train_31232,train,negative,0,0,0,0,1,1,1,1,1,0,1,1,0,1,0,1,0,0,0,1
sst2_00238,train_34867,train,positive,1,1,1,1,0,0,0,0,0,0,0,1,0,0,0,1,0,1,0,1
sst2_00237,train_35250,train,negative,0,0,0,0,0,0,0,0,0,0,0,0,0,0,0,0,0,0,0,0
sst2_00239,train_57181,test,positive,1,1,1,0,0,0,0,0,0,0,1,0,0,0,0,1,0,0,0,0
sst2_00241,train_17667,test,positive,1,1,0,0,0,0,0,0,0,0,0,0,0,0,0,1,0,0,0,1
sst2_00240,train_5046,train,positive,1,1,0,1,0,0,0,0,0,0,1,1,0,0,0,1,0,0,0,1
sst2_00242,train_60071,train,positive,1,1,0,1,0,0,0,0,1,0,0,1,0,0,0,1,0,0,0,1
sst2_00243,train_49252,train,negative,0,0,0,0,1,1,0,0,0,0,0,0,0,0,0,1,0,0,0,0
sst2_00244,train_41697,train,positive,1,1,1,1,0,0,0,0,0,0,0,1,0,0,0,1,0,1,0,1
sst2_00245,train_23996,train,positive,1,1,1,1,0,0,0,0,1,0,0,0,0,0,0,1,0,0,0,1
sst2_00246,train_23600,train,positive,1,1,0,1,0,0,0,0,0,0,0,1,0,0,0,1,0,0,0,1
sst2_00248,train_16577,test,positive,0,0,0,0,0,0,0,0,0,0,0,0,0,0,0,0,0,0,0,0
sst2_00247,train_40208,test,negative,0,0,0,0,1,1,0,0,0,0,0,1,0,0,0,1,0,0,0,1
sst2_00251,train_6032,train,positive,0,0,0,0,0,0,0,0,0,0,0,0,0,0,0,0,0,0,0,0
sst2_00250,train_57156,train,negative,0,0,0,0,1,1,0,1,0,1,0,1,1,0,0,1,0,0,0,1
sst2_00253,train_7394,test,positive,0,0,0,0,0,0,0,0,0,0,0,0,0,0,0,0,0,0,0,0
sst2_00252,train_23708,test,positive,1,1,1,0,0,1,0,0,0,0,0,0,0,1,0,1,0,0,0,0
sst2_00254,train_24450,test,positive,1,1,0,1,0,0,0,0,1,0,1,1,0,0,0,1,0,0,0,1
sst2_00257,train_16490,train,negative,0,0,0,0,0,0,0,0,0,0,0,0,0,0,0,0,0,0,0,0
sst2_00255,train_63406,train,positive,0,0,0,0,0,0,0,0,0,0,1,0,0,0,0,0,0,0,0,0
sst2_00249,train_45792,train,negative,0,0,0,0,1,1,1,1,0,1,0,1,0,0,0,1,0,0,0,1
sst2_00256,validation_325,train,positive,1,1,0,1,0,0,0,0,1,0,1,1,0,0,0,1,0,0,0,1
sst2_00258,train_52835,train,positive,1,1,0,1,0,0,0,0,1,0,0,1,0,0,0,1,0,0,0,1
sst2_00259,train_9299,train,negative,0,0,0,0,1,1,0,0,0,0,0,0,0,0,1,0,0,0,0,0
sst2_00262,train_23938,train,negative,0,0,0,0,1,1,0,0,0,0,0,1,0,0,0,1,0,0,0,1
sst2_00261,train_67077,test,negative,0,0,0,0,1,1,1,1,0,0,0,1,0,0,0,1,0,0,0,1
sst2_00260,train_29443,test,positive,1,0,1,0,0,0,0,0,0,0,0,0,0,0,0,1,0,0,0,1
sst2_00263,train_12828,train,positive,1,1,1,0,0,0,0,0,0,0,0,0,0,0,0,0,1,0,0,0
sst2_00264,train_32772,train,negative,0,0,0,0,1,1,0,0,0,0,0,1,0,0,0,1,0,0,0,1
sst2_00265,train_61292,train,positive,1,1,1,0,0,0,0,0,0,0,1,0,0,0,0,1,0,1,0,1
sst2_00269,train_50684,train,negative,0,0,0,0,1,1,1,1,0,1,0,1,1,0,0,1,0,0,0,1
sst2_00268,train_50433,train,positive,1,1,1,0,0,0,0,0,0,0,0,0,0,0,0,1,0,1,0,1
sst2_00270,train_15078,train,positive,1,1,1,1,0,0,0,0,1,0,0,1,0,0,0,1,1,1,0,1
sst2_00267,train_27617,train,positive,1,1,0,1,0,0,0,0,1,0,0,0,0,0,0,0,0,0,0,1
sst2_00266,validation_84,train,positive,1,0,0,0,0,0,0,0,0,0,0,0,0,0,0,1,0,0,0,0
sst2_00272,train_46306,train,positive,1,1,0,0,0,0,0,0,1,0,0,0,0,0,0,1,0,1,0,1
sst2_00271,train_973,train,positive,1,1,0,1,0,0,0,0,0,0,0,1,0,0,0,1,0,1,0,1
sst2_00275,train_27840,train,negative,0,0,0,0,0,0,0,0,0,0,1,0,0,0,1,0,0,0,0,0
sst2_00273,validation_389,train,positive,1,1,1,0,0,0,0,0,0,0,0,0,0,0,1,1,0,1,0,0
sst2_00274,train_15232,train,negative,0,0,0,0,1,1,0,1,0,0,1,1,0,0,0,1,0,0,0,1
sst2_00276,train_65515,train,negative,0,0,0,0,1,1,0,0,0,0,0,1,0,0,0,1,0,0,0,1
sst2_00279,train_48553,train,positive,1,1,0,0,0,0,0,0,0,0,0,0,0,0,0,1,0,0,0,0
sst2_00278,train_21200,train,positive,1,1,0,1,0,0,0,0,0,0,0,1,0,0,0,1,0,0,0,1
sst2_00277,train_29805,train,negative,0,0,0,0,1,1,0,1,0,0,1,1,1,0,0,1,1,0,0,1
sst2_00281,train_63031,train,negative,0,0,0,0,0,0,0,0,0,0,0,0,1,0,0,1,0,0,0,0
sst2_00280,train_31185,test,negative,0,0,0,0,1,1,0,1,0,0,0,1,0,0,0,1,0,0,0,1
sst2_00283,train_5088,test,positive,1,1,1,0,0,0,0,0,0,0,0,0,0,0,1,1,0,0,0,0
sst2_00284,train_42408,train,positive,1,1,1,0,0,0,0,0,0,0,0,1,0,0,0,1,1,1,0,1
sst2_00285,train_33612,train,negative,0,0,0,0,1,1,1,1,0,0,1,1,0,0,0,1,1,0,0,1
sst2_00282,train_46302,train,positive,1,1,1,1,0,0,0,0,0,0,1,1,0,0,0,1,1,1,0,1
sst2_00286,train_12024,train,positive,1,1,0,0,0,0,0,0,0,0,0,0,0,0,0,1,0,0,0,1
sst2_00287,train_14700,train,positive,1,1,1,1,0,0,0,0,0,0,1,0,0,0,0,0,0,0,0,1
sst2_00290,train_18120,train,positive,0,0,0,0,0,0,0,0,0,0,0,0,0,0,1,0,0,0,0,0
sst2_00288,train_30182,train,negative,0,0,0,0,1,1,1,1,0,0,1,1,0,0,0,1,0,0,0,1
sst2_00289,train_43013,train,negative,0,0,0,0,1,1,1,1,0,1,1,1,0,0,0,1,0,0,0,1
sst2_00291,train_8180,test,positive,1,1,1,0,0,0,0,0,0,0,0,0,0,0,0,1,0,1,0,0
sst2_00292,train_57953,test,negative,0,0,0,0,1,1,0,1,0,0,0,1,0,0,0,1,0,0,0,1
sst2_00293,train_57968,train,negative,1,1,0,1,0,0,0,0,1,0,1,0,0,0,0,0,0,0,0,1
sst2_00295,train_7520,train,positive,1,0,0,0,0,0,0,0,0,0,0,0,0,0,0,1,0,0,0,0
sst2_00294,train_6259,train,negative,0,0,0,0,1,1,0,0,0,0,0,1,0,0,0,1,0,0,0,1
sst2_00296,train_64279,train,negative,0,0,0,0,1,1,0,1,0,0,0,1,0,0,0,1,0,0,0,1
sst2_00297,train_11567,train,positive,0,0,0,0,0,0,0,0,0,0,0,0,0,0,0,0,0,0,0,0
sst2_00299,train_58959,train,positive,1,0,1,0,0,0,0,0,0,0,0,0,0,0,0,0,0,0,0,0
sst2_00298,train_18951,train,positive,1,1,1,0,0,0,0,0,0,0,0,0,0,0,0,1,0,1,0,0
sst2_00301,train_51107,train,negative,0,0,0,0,0,0,0,0,0,0,0,0,0,0,0,0,0,0,0,0
sst2_00300,train_19515,train,positive,1,1,1,1,0,0,0,0,0,0,0,1,0,0,0,1,0,0,0,1
sst2_00302,train_44924,train,positive,0,1,0,1,0,0,0,0,0,0,0,1,0,0,0,1,0,0,0,1
sst2_00303,train_16238,train,positive,1,1,1,1,0,0,0,0,0,0,1,1,0,0,0,1,0,0,0,1
sst2_00304,train_15532,train,negative,1,0,0,0,1,1,0,0,0,0,0,0,0,1,0,1,0,0,1,0
sst2_00305,train_25590,train,negative,0,0,0,0,1,1,1,1,0,0,0,1,0,0,0,1,0,0,1,1
sst2_00306,train_44140,train,positive,0,1,0,1,0,0,0,0,1,0,0,0,0,0,0,1,0,0,0,0
sst2_00308,train_50452,train,positive,1,1,0,1,0,0,0,0,0,0,0,1,0,0,0,0,0,0,0,1
sst2_00309,train_3370,train,negative,0,0,0,0,1,1,0,0,0,0,1,1,1,0,0,1,0,0,0,1
sst2_00307,train_16285,train,negative,0,0,0,0,1,1,0,1,0,1,0,1,0,0,0,1,1,0,0,1
sst2_00310,train_60446,test,positive,1,1,0,1,0,0,0,0,1,0,0,1,0,1,0,1,0,0,0,1
sst2_00311,train_28387,test,negative,0,0,0,0,1,1,0,0,0,0,0,1,1,0,0,1,1,0,0,1
sst2_00312,train_26672,train,positive,0,0,0,0,0,0,0,0,0,0,0,0,0,0,0,0,0,0,0,0
sst2_00314,train_66348,train,negative,0,0,0,0,1,1,1,1,0,1,0,1,0,0,0,1,0,0,0,1
sst2_00315,train_32103,train,positive,1,1,1,0,0,0,0,0,0,0,0,1,0,0,0,1,1,1,0,1
sst2_00313,train_59517,train,positive,1,1,0,1,0,0,0,0,0,0,0,1,0,0,0,1,0,0,0,1
sst2_00317,train_32212,train,negative,0,0,0,0,1,1,0,1,0,1,0,1,0,0,0,1,1,0,0,1
sst2_00316,train_20566,train,positive,0,0,0,0,0,0,0,0,0,0,1,0,0,0,0,0,0,0,0,0
sst2_00318,train_33082,train,positive,1,1,0,0,0,0,0,0,0,0,1,0,0,0,1,1,0,0,0,0
sst2_00320,train_48248,train,negative,0,0,0,0,1,1,0,0,0,0,1,1,1,1,0,1,0,0,0,1
sst2_00321,train_3618,test,positive,1,1,0,1,0,0,0,0,0,0,1,1,0,0,0,1,0,0,0,1
sst2_00322,train_38881,train,positive,0,0,0,0,0,0,0,0,0,0,0,0,0,0,0,0,0,0,0,0
sst2_00323,train_37575,train,positive,0,0,0,0,0,0,0,0,0,0,0,0,0,0,0,0,0,0,0,0
sst2_00319,train_1114,train,positive,1,1,0,1,0,0,0,0,1,0,0,1,0,0,0,1,0,0,0,1
sst2_00324,train_6389,train,positive,1,1,1,1,0,0,0,0,0,0,1,1,0,0,0,1,0,0,0,1
sst2_00327,train_22701,train,negative,0,0,0,0,0,0,0,0,0,0,0,0,0,0,0,0,0,0,0,0
sst2_00325,train_33459,train,negative,0,0,0,0,1,1,0,1,0,0,1,1,1,1,0,1,0,0,1,1
sst2_00326,train_53585,test,negative,0,0,0,0,1,1,0,0,0,0,0,1,0,0,0,1,0,0,0,1
sst2_00328,train_2028,train,negative,0,0,0,0,0,0,0,0,0,0,0,0,0,0,1,0,0,0,0,0
sst2_00329,train_6126,train,positive,1,1,1,1,0,0,0,0,0,0,0,1,0,0,0,1,0,0,0,1
sst2_00331,train_22091,train,negative,0,0,0,0,1,1,1,1,0,0,0,1,0,0,0,1,0,0,0,1
sst2_00330,train_42033,train,positive,1,1,1,1,0,0,0,0,0,0,0,1,0,0,0,1,0,1,0,1
sst2_00333,train_41577,train,negative,0,0,0,0,1,1,0,1,0,0,0,1,0,0,0,1,0,0,0,1
sst2_00332,train_24018,train,positive,1,0,0,0,0,0,0,0,0,0,0,0,0,0,0,1,0,0,0,0
sst2_00334,train_58222,train,positive,0,0,0,0,1,1,0,0,0,0,1,0,0,0,0,1,0,0,0,0
sst2_00336,train_28315,test,negative,0,0,0,0,0,0,0,0,0,0,0,0,0,0,0,0,0,0,0,0
sst2_00335,train_56955,train,negative,0,0,0,0,1,1,1,1,0,0,1,1,0,0,0,1,0,0,0,1
sst2_00337,train_28074,train,negative,0,0,0,0,1,1,1,1,0,0,1,1,0,0,0,1,0,0,0,1
sst2_00338,train_11412,train,negative,0,0,0,0,1,1,0,0,0,0,0,0,0,1,1,1,0,0,0,0
sst2_00339,train_56314,train,negative,0,0,0,0,1,1,0,1,0,0,0,1,0,0,0,1,0,0,0,1
sst2_00340,train_9667,test,negative,0,0,0,0,0,0,0,0,0,0,0,0,0,0,0,0,0,0,0,0
sst2_00342,train_45764,train,positive,1,1,0,1,0,0,0,0,0,0,0,1,0,0,0,1,0,1,0,1
sst2_00343,train_9109,train,positive,0,0,0,0,0,0,0,0,0,0,0,0,0,0,0,1,0,0,0,0
sst2_00341,train_45824,train,negative,0,0,0,0,1,1,0,0,0,0,0,1,0,0,0,1,0,0,1,1
sst2_00344,train_49325,test,positive,0,0,0,1,1,1,0,0,0,0,1,1,1,1,0,1,0,0,0,1
sst2_00345,train_52562,train,negative,0,0,0,0,1,1,0,1,0,0,0,1,0,0,0,1,0,0,0,1
sst2_00346,train_26140,train,positive,1,1,0,1,0,0,0,0,1,0,0,1,0,0,0,1,0,0,0,1
sst2_00347,train_43817,train,negative,0,0,0,0,0,0,0,0,0,0,0,0,0,0,0,0,0,0,0,0
sst2_00348,train_64767,test,positive,1,1,0,1,0,0,0,0,0,0,0,1,0,0,0,1,0,0,0,1
sst2_00349,train_54114,test,positive,1,1,1,0,0,0,0,0,0,0,0,0,0,0,1,1,0,0,0,0
sst2_00350,train_20027,train,negative,0,0,0,0,1,1,1,1,0,1,0,1,0,0,0,1,0,0,0,1
sst2_00352,train_53587,train,negative,0,0,0,0,1,1,1,1,0,1,0,1,0,0,0,1,0,0,0,1
sst2_00351,train_9861,train,negative,0,0,0,0,1,1,0,1,0,0,0,1,0,0,0,1,0,0,0,1
sst2_00354,train_16298,train,negative,0,0,0,0,1,1,0,0,0,1,0,1,1,0,0,1,0,0,0,1
sst2_00353,train_41215,train,negative,0,0,0,0,1,1,0,0,0,0,0,0,0,0,0,1,0,0,0,0
sst2_00355,train_50727,train,negative,0,0,0,0,1,1,1,1,0,1,0,1,0,0,0,1,0,0,1,1
sst2_00358,train_45726,train,positive,1,1,0,0,0,0,0,0,0,0,0,1,0,0,0,1,0,0,0,1
sst2_00356,train_10731,train,positive,1,1,0,1,0,0,0,0,0,0,0,1,0,0,0,1,0,0,0,1
sst2_00359,train_48088,train,negative,0,0,0,0,1,1,1,1,0,1,1,1,1,0,0,1,1,0,0,1
sst2_00357,train_32686,train,negative,0,0,0,0,1,1,0,1,0,0,0,1,0,0,0,1,0,0,0,1
sst2_00360,train_19699,test,negative,0,0,0,0,1,1,1,1,0,0,0,1,1,0,0,1,1,0,0,1
sst2_00362,train_64990,train,positive,0,0,0,0,0,0,0,0,0,0,0,0,0,0,0,0,0,0,0,0
sst2_00365,train_15572,train,negative,0,0,0,0,1,1,1,1,1,1,1,1,0,1,0,1,0,0,0,1
sst2_00366,train_34699,train,positive,1,0,1,0,0,0,0,0,0,0,0,0,0,0,0,0,0,0,0,0
sst2_00363,train_27957,train,positive,0,0,0,0,1,1,1,0,0,0,1,1,0,1,0,1,0,0,0,1
sst2_00364,train_8368,train,negative,0,0,0,0,1,1,0,0,0,0,0,1,1,0,0,1,0,0,0,1
sst2_00369,train_10611,test,positive,1,1,0,1,0,0,0,0,1,0,0,1,0,0,0,1,0,0,0,1
sst2_00368,train_39358,test,negative,0,0,0,0,1,1,0,1,0,1,0,1,0,0,0,1,0,0,1,1
sst2_00367,train_54451,train,positive,0,0,0,0,1,1,0,0,0,0,0,1,1,0,0,1,0,0,0,1
sst2_00370,train_53495,train,negative,0,0,0,0,1,1,0,0,0,1,0,1,0,0,0,1,0,0,0,1
sst2_00372,train_33724,train,positive,1,1,0,1,0,0,0,0,0,0,0,1,0,0,0,1,0,0,0,1
sst2_00373,train_47880,train,negative,0,0,0,0,1,1,1,1,0,0,1,1,1,1,0,1,0,0,0,1
sst2_00371,train_14040,train,positive,1,1,0,1,0,0,0,0,1,0,0,1,0,0,0,1,0,0,0,1
sst2_00378,train_32474,train,positive,0,0,0,0,0,0,0,0,0,0,0,0,0,0,0,0,0,0,0,0
sst2_00376,train_24126,train,negative,0,0,0,0,1,1,0,1,0,0,0,1,0,0,0,1,0,0,0,1
sst2_00375,train_482,train,negative,0,0,0,0,1,1,0,0,0,0,0,0,0,0,0,1,0,0,1,1
sst2_00377,train_49124,train,negative,0,0,0,0,1,1,0,0,0,0,0,1,0,0,0,1,0,0,0,1
sst2_00379,train_60939,train,positive,1,0,0,0,0,0,0,0,0,0,0,0,0,0,1,1,0,0,0,0
sst2_00380,train_45133,train,positive,1,1,0,1,0,0,0,0,0,0,0,0,0,0,0,1,0,0,0,1
sst2_00381,train_15508,train,positive,1,1,1,1,0,0,0,0,0,0,0,1,0,0,0,1,0,1,0,1
sst2_00382,train_12722,train,negative,0,0,0,0,1,1,0,0,0,0,0,1,0,0,0,1,0,0,0,1
sst2_00383,train_39471,train,positive,0,0,0,0,0,0,0,0,0,0,0,0,0,0,0,0,0,0,0,0
sst2_00385,train_32481,train,negative,0,0,0,0,1,1,1,1,0,0,1,1,1,0,0,1,1,0,1,1
sst2_00384,train_36917,train,positive,1,1,1,0,0,0,0,0,0,0,1,0,0,1,0,1,0,1,0,1
sst2_00388,train_15011,test,negative,0,0,0,0,1,1,1,1,0,0,1,1,0,1,0,1,0,0,0,1
sst2_00389,train_52945,train,positive,1,1,0,1,0,0,0,0,0,0,0,1,0,0,0,1,0,0,0,1
sst2_00361,train_62091,test,positive,1,1,0,1,0,0,0,0,0,0,0,1,0,0,0,1,0,0,0,1
sst2_00391,train_61499,test,positive,0,0,0,0,1,0,0,0,0,0,1,1,0,0,0,1,0,0,0,1
sst2_00392,train_59873,train,positive,1,1,1,1,0,0,0,0,0,0,1,1,0,0,0,1,0,1,0,1
sst2_00393,train_56978,train,negative,0,0,0,0,1,1,0,1,0,1,0,1,0,0,0,1,0,0,0,1
sst2_00390,train_63864,train,positive,1,1,1,1,0,0,0,0,0,0,0,1,0,0,0,1,0,1,0,1
sst2_00394,train_59758,train,positive,1,1,0,1,0,0,0,0,0,0,1,1,0,0,0,0,0,0,0,1
sst2_00387,train_45366,train,negative,0,0,0,0,0,1,0,0,0,0,0,0,0,0,1,0,0,0,0,0
sst2_00397,train_10763,train,positive,0,0,0,0,0,0,0,0,0,0,0,0,0,0,0,0,0,0,0,0
sst2_00395,train_61626,train,negative,0,0,0,0,1,1,1,1,0,1,1,1,0,0,0,1,0,0,0,1
sst2_00398,train_7953,train,positive,0,0,0,0,0,0,0,0,0,0,0,0,0,0,1,0,0,0,0,0
sst2_00396,train_33767,train,positive,1,1,0,1,0,0,0,0,1,0,0,1,0,0,0,1,0,0,0,1
sst2_00374,train_19476,train,negative,0,0,0,0,1,1,1,1,0,1,1,1,1,0,0,1,0,0,1,1
sst2_00399,train_12062,train,positive,1,1,0,1,0,0,0,0,0,0,0,1,0,0,0,1,0,0,0,1
sst2_00401,train_12258,train,positive,1,1,0,1,0,0,0,0,0,0,0,1,0,0,0,1,0,0,0,1
sst2_00404,train_30242,train,negative,0,0,0,0,1,1,1,1,0,1,1,1,1,1,0,1,1,0,0,1
sst2_00403,train_15790,train,positive,1,1,0,1,0,0,0,0,0,0,0,1,0,0,0,1,1,0,0,1
sst2_00405,train_18423,train,positive,1,0,0,0,0,0,0,0,0,0,0,0,0,0,1,0,0,0,0,0
sst2_00407,train_36672,train,negative,0,0,0,0,0,0,0,0,0,0,0,0,0,0,0,0,0,0,0,0
sst2_00408,train_43326,train,positive,0,0,0,0,0,0,0,0,0,0,0,0,0,0,0,0,0,0,0,0
sst2_00386,train_44176,train,positive,1,1,0,1,0,0,0,0,0,0,0,1,0,0,0,1,0,0,0,1
sst2_00406,train_21939,train,positive,1,1,1,1,0,0,0,0,0,0,1,1,0,0,0,1,1,1,0,1
sst2_00409,train_25425,test,positive,1,0,0,0,0,0,0,0,0,0,0,0,0,0,0,1,0,0,0,0
sst2_00410,train_48040,train,negative,0,0,0,0,1,1,1,1,0,1,1,1,1,1,0,1,1,0,0,1
sst2_00411,train_40386,test,positive,1,1,0,1,1,0,0,0,1,0,0,1,0,1,0,1,0,0,0,1
sst2_00412,train_39755,train,positive,1,1,0,1,0,0,0,0,0,0,0,1,0,0,0,1,0,0,0,1
sst2_00413,train_25723,train,positive,1,1,1,1,0,0,0,0,0,0,0,1,0,0,0,1,0,0,0,1
sst2_00414,validation_388,train,negative,0,0,0,0,1,1,0,0,0,1,0,1,0,0,0,1,0,0,0,1
sst2_00415,train_16520,train,negative,0,0,0,0,1,1,0,0,0,0,0,1,0,0,0,1,0,0,0,1
sst2_00416,train_41049,train,negative,0,0,0,0,1,1,1,1,0,1,0,1,0,0,0,1,0,0,0,1
sst2_00417,train_37580,train,negative,0,0,0,0,1,1,0,0,0,0,0,1,0,0,0,1,0,0,0,1
sst2_00418,train_65424,train,positive,1,1,1,1,0,0,0,0,0,0,0,1,0,0,0,1,1,1,0,1
sst2_00419,train_4998,test,positive,1,1,0,1,0,0,0,0,0,0,0,1,0,0,0,1,0,0,0,1
sst2_00420,train_11864,train,negative,0,0,0,0,1,1,1,1,0,1,1,1,0,0,0,1,0,0,0,1
sst2_00421,train_56613,train,negative,0,0,0,0,1,1,1,1,0,0,1,0,1,0,1,1,0,0,0,0
sst2_00422,train_190,train,negative,0,0,0,0,1,1,1,1,0,0,1,1,1,0,0,1,0,0,0,1
sst2_00423,train_3928,train,negative,0,0,0,0,1,1,0,0,0,1,1,1,0,0,0,1,0,0,0,1
sst2_00424,train_19741,train,positive,1,1,0,1,0,0,0,0,0,0,0,1,0,0,0,1,0,0,0,1
sst2_00425,train_5833,train,negative,0,0,0,0,1,1,1,1,0,0,1,1,0,0,0,1,0,0,0,1
sst2_00426,train_43962,train,negative,0,0,0,0,1,1,0,0,0,0,0,1,0,0,0,1,0,0,0,1
sst2_00427,train_6086,test,positive,1,1,0,1,0,0,0,0,0,0,0,0,0,0,0,0,0,0,0,1
sst2_00429,train_45478,test,positive,1,1,0,1,0,0,0,0,0,0,0,1,0,0,0,1,0,0,0,1
sst2_00428,train_31713,train,positive,1,1,0,0,0,0,0,0,1,0,0,1,0,0,0,1,0,0,0,1
sst2_00430,train_50768,train,positive,0,0,0,0,0,0,0,0,0,0,0,0,0,0,0,0,0,0,0,0
sst2_00432,train_14472,train,negative,0,0,0,0,0,0,0,0,0,0,0,0,0,0,0,0,0,0,0,0
sst2_00431,train_34399,train,negative,0,0,0,0,0,0,0,0,0,0,0,0,0,0,1,0,0,0,0,0
sst2_00433,train_11730,train,positive,0,0,0,0,1,1,1,1,0,1,1,1,0,0,0,1,0,0,0,1
sst2_00434,train_50227,train,positive,1,1,1,1,0,0,0,0,0,0,0,1,0,0,0,1,0,1,0,1
sst2_00400,train_30075,train,negative,0,0,0,0,1,1,1,1,0,0,0,1,0,0,0,1,0,0,1,1
sst2_00436,train_36861,train,positive,0,0,0,0,0,0,0,0,0,0,0,0,0,0,0,0,0,0,0,0
sst2_00435,train_66398,train,negative,0,0,0,0,1,1,0,0,0,0,0,1,0,0,0,1,0,0,0,1
sst2_00437,train_44943,train,negative,0,0,0,0,1,1,1,1,0,0,0,1,0,0,0,1,0,0,0,1
sst2_00402,train_43488,train,negative,0,0,0,0,1,1,0,1,0,0,0,1,0,0,0,1,0,0,0,1
sst2_00439,train_49379,train,positive,1,1,0,0,0,0,0,0,0,0,1,1,0,0,0,0,0,0,0,1
sst2_00438,train_48253,train,negative,0,0,0,0,1,1,1,1,0,0,0,1,0,0,0,1,0,0,0,1
sst2_00441,train_13365,test,positive,1,1,0,0,0,0,0,0,0,0,0,0,0,0,0,0,0,0,0,1
sst2_00440,train_64933,train,positive,1,1,0,1,0,0,0,0,0,0,0,1,0,0,0,1,0,0,0,1
sst2_00442,train_39762,train,positive,1,1,0,0,0,0,0,0,0,0,1,1,0,0,0,0,0,0,0,1
sst2_00443,train_39649,train,negative,0,0,0,0,1,1,0,1,0,0,0,1,1,0,0,1,0,0,0,1
sst2_00447,train_50494,train,negative,0,0,0,0,0,0,0,0,0,0,1,0,0,0,0,0,0,0,0,0
sst2_00448,train_16244,train,negative,0,0,0,0,1,1,0,1,0,0,0,1,0,0,0,1,0,0,0,1
sst2_00449,train_38696,train,positive,1,1,1,0,0,0,0,0,0,0,0,1,0,0,0,1,1,1,0,1
sst2_00446,train_30092,train,negative,0,0,0,0,1,1,0,0,0,0,0,1,0,0,0,1,0,0,0,1
sst2_00450,train_30229,train,negative,0,0,0,0,1,1,0,0,0,0,0,1,0,0,0,1,0,0,0,1
sst2_00451,train_17761,train,positive,1,1,0,0,0,0,0,0,0,0,0,0,0,0,0,1,0,0,0,0
sst2_00444,train_30791,train,negative,0,0,0,0,1,1,0,1,0,0,1,1,0,1,0,1,0,0,0,1
sst2_00452,train_27319,train,negative,0,0,0,0,1,1,1,1,0,1,0,1,0,0,0,1,0,0,0,1
sst2_00445,train_2781,test,positive,0,0,0,0,0,0,0,0,0,0,0,0,0,0,1,0,0,0,0,0
sst2_00453,train_54553,train,negative,0,0,0,0,1,1,0,0,0,0,0,1,0,0,0,1,0,0,0,1
sst2_00454,train_16021,train,negative,0,0,0,0,1,1,1,1,0,0,1,1,0,0,0,1,1,0,0,1
sst2_00455,train_54121,train,positive,0,0,1,0,0,0,0,0,0,0,0,0,0,0,1,0,0,0,0,0
sst2_00456,train_46659,train,positive,0,0,0,0,0,0,0,0,0,0,0,0,0,0,0,0,0,0,0,0
sst2_00457,train_66362,train,positive,0,0,0,0,0,0,0,0,0,0,0,0,0,0,0,0,0,0,0,0
sst2_00459,train_16036,train,negative,0,0,0,0,0,0,0,0,0,0,0,0,0,0,1,0,0,0,0,0
sst2_00461,train_29306,train,positive,1,0,0,0,0,0,0,0,0,0,0,0,0,0,0,1,0,0,0,0
sst2_00458,train_66260,test,negative,0,0,0,0,1,1,0,1,0,0,0,1,0,0,0,1,0,0,1,1
sst2_00462,train_64283,train,positive,0,0,0,0,0,0,0,0,0,0,0,0,0,0,0,0,0,0,0,0
sst2_00460,train_42373,train,negative,0,0,0,0,1,1,1,1,0,0,0,1,0,0,0,1,1,0,1,1
sst2_00466,train_25909,train,positive,0,0,0,0,0,0,0,0,0,0,1,0,0,0,0,0,0,0,0,0
sst2_00464,train_46191,test,positive,1,1,0,0,0,0,0,0,0,0,0,0,0,0,0,1,0,0,0,0
sst2_00463,train_2445,train,positive,1,1,0,1,0,0,0,0,0,0,0,1,0,0,0,1,0,0,0,1
sst2_00465,train_4910,train,negative,0,0,0,0,1,1,0,1,0,1,0,1,0,0,0,1,0,0,0,1
sst2_00467,train_36507,test,positive,1,1,1,0,0,0,0,0,0,0,1,0,0,0,0,1,0,0,0,0
sst2_00468,train_50426,test,negative,0,0,0,0,1,1,0,1,0,0,0,1,0,0,0,1,0,0,1,1
sst2_00469,train_60351,test,positive,0,0,0,0,0,0,0,0,0,0,0,0,0,0,0,0,0,0,0,0
sst2_00470,train_1365,train,positive,1,1,0,1,0,0,0,0,0,0,0,1,0,0,0,1,0,0,0,1
sst2_00472,train_28251,test,positive,1,1,0,1,0,0,0,0,0,0,1,1,0,0,0,0,0,0,0,1
sst2_00471,train_5019,train,negative,0,0,0,0,0,0,0,0,0,0,0,0,0,0,0,0,0,0,0,0
sst2_00474,train_25144,train,negative,0,0,0,0,1,1,0,0,0,0,0,1,0,0,0,1,1,0,0,1
sst2_00478,train_31291,train,positive,0,0,0,0,0,0,0,0,0,0,0,0,0,0,0,0,0,0,0,0
sst2_00477,train_8821,train,positive,1,1,1,1,0,0,0,0,0,0,0,1,0,0,0,1,0,1,0,1
sst2_00476,validation_125,train,positive,1,1,1,1,0,0,0,0,0,0,1,1,0,0,0,1,0,1,0,1
sst2_00475,train_15885,test,positive,1,1,0,1,0,0,0,0,1,0,0,1,0,0,0,1,0,0,0,1
sst2_00473,train_21185,train,negative,0,0,0,0,1,1,0,0,0,0,1,1,1,0,1,1,0,0,0,0
sst2_00479,train_58481,train,positive,1,1,0,1,0,0,0,0,0,0,0,1,0,0,0,1,0,0,0,1
sst2_00483,train_19960,test,positive,1,1,0,0,0,0,0,0,0,0,0,0,0,0,1,1,0,0,0,0
sst2_00484,train_29771,train,positive,1,1,0,1,0,0,0,0,0,0,0,0,0,0,0,0,0,0,0,1
sst2_00480,train_1644,train,positive,1,1,0,0,0,0,0,0,0,0,0,1,0,0,0,1,0,0,0,1
sst2_00481,train_64877,train,negative,0,0,0,0,1,1,1,1,0,0,1,1,0,0,0,1,1,0,0,1
sst2_00482,train_8895,test,positive,1,1,0,1,0,0,0,0,0,0,0,1,0,0,0,0,0,0,0,1
sst2_00485,train_63390,train,negative,0,0,0,0,1,1,0,1,0,1,0,1,0,0,0,1,0,0,0,1
sst2_00486,train_288,train,positive,1,1,0,1,0,0,0,0,0,0,0,1,0,0,0,1,0,0,0,1
sst2_00487,train_56706,train,negative,0,0,0,0,1,1,1,0,0,0,0,1,0,0,0,1,0,0,0,1
sst2_00488,train_57909,test,positive,1,1,0,1,0,0,0,0,1,0,1,1,0,0,0,1,0,0,0,1
sst2_00489,train_45401,train,negative,0,0,0,0,1,1,0,1,0,0,0,1,0,0,0,1,0,0,0,1
sst2_00490,train_58539,train,positive,1,0,1,0,0,0,0,0,0,0,0,0,0,0,1,1,0,0,0,0
sst2_00491,train_53913,train,positive,1,1,0,0,0,0,0,0,0,0,0,1,0,0,0,1,0,0,0,1
sst2_00492,train_25840,train,positive,0,0,0,0,0,0,0,0,0,0,1,0,1,0,0,1,0,0,0,0
sst2_00494,train_48240,train,negative,0,0,0,0,0,0,0,0,0,0,0,0,0,0,0,0,0,0,0,0
sst2_00493,train_8642,train,positive,1,1,1,1,0,0,0,0,0,0,0,1,0,0,0,1,0,0,0,1
sst2_00495,train_3449,train,positive,1,1,0,1,0,0,0,0,0,0,0,0,0,0,0,1,0,0,0,1
sst2_00496,train_50213,train,positive,1,1,0,0,0,0,0,0,0,0,0,0,0,0,0,1,0,0,0,0
sst2_00497,train_11180,train,negative,0,0,1,0,1,1,1,1,0,0,0,1,1,1,0,1,0,0,0,1
sst2_00498,train_13576,train,positive,1,1,1,1,0,0,0,0,0,0,1,1,0,0,0,1,0,1,0,1
sst2_00499,train_52594,train,positive,1,1,1,0,0,0,0,0,0,0,1,0,0,0,0,1,0,0,0,1
sst2_00500,train_23558,train,positive,1,1,0,0,0,0,0,0,0,0,0,0,0,1,0,1,0,0,0,1
sst2_00501,train_45562,test,positive,1,1,0,1,0,0,0,0,1,0,0,1,0,0,0,0,0,0,0,1
sst2_00502,train_63499,train,positive,0,0,0,0,0,0,0,0,0,0,1,0,0,1,0,1,0,0,0,0
sst2_00503,train_20455,test,positive,1,1,1,1,0,0,0,0,0,0,0,1,0,0,0,1,0,0,0,1
sst2_00504,train_6708,train,negative,0,0,0,0,1,1,0,1,0,0,0,1,0,0,0,1,1,0,1,1
sst2_00507,train_26179,train,positive,1,1,1,0,0,0,0,0,0,0,0,0,0,0,0,1,0,0,0,0
sst2_00505,train_52228,test,negative,0,0,0,0,1,1,1,1,0,1,1,1,0,0,0,1,0,0,0,1
sst2_00506,train_54709,train,negative,0,0,0,0,1,1,0,1,0,1,0,1,0,0,0,1,0,0,0,1
sst2_00508,train_52551,train,positive,1,1,1,1,0,0,0,0,0,0,1,0,0,1,1,1,1,1,0,0
sst2_00509,train_11312,train,positive,1,1,1,1,0,0,0,0,0,0,0,1,0,0,0,1,0,1,0,1
sst2_00510,train_8454,train,negative,0,0,0,0,0,0,0,0,0,0,0,0,0,0,0,0,0,0,0,0
sst2_00511,train_44741,train,positive,1,1,1,1,0,0,0,0,0,0,0,1,0,0,0,1,0,1,0,1
sst2_00512,train_60304,train,positive,1,1,0,0,0,0,0,0,0,0,0,1,0,0,0,1,0,0,0,1
sst2_00516,train_46496,train,negative,0,0,0,0,1,1,1,1,0,1,0,1,0,0,0,1,1,0,1,1
sst2_00514,train_46700,train,positive,1,1,1,0,0,0,0,0,1,0,0,0,0,0,0,1,1,0,0,1
sst2_00515,train_26191,test,positive,1,1,0,1,0,0,0,0,1,0,0,1,0,0,0,1,0,1,0,1
sst2_00513,train_65775,train,negative,0,0,0,0,1,1,0,1,0,0,1,1,0,0,0,1,0,0,0,1
sst2_00518,train_32545,train,positive,0,0,0,0,0,0,0,0,0,0,0,0,0,0,0,0,0,0,0,0
sst2_00517,train_30230,train,negative,0,0,0,0,1,1,0,1,0,0,0,1,0,0,0,1,0,0,0,1
sst2_00521,train_8877,train,positive,1,1,0,1,0,0,0,0,0,0,0,0,0,0,0,1,0,0,0,0
sst2_00519,train_21315,train,positive,1,1,0,1,0,0,0,0,0,0,0,1,0,0,0,1,0,0,0,1
sst2_00522,train_18743,train,positive,1,1,0,1,0,1,0,0,0,0,1,0,0,1,0,0,0,0,0,1
sst2_00520,train_28170,train,negative,0,0,0,0,0,0,0,0,0,0,1,0,0,0,1,0,0,0,0,0
sst2_00523,train_27691,test,negative,0,0,0,0,1,1,0,1,0,0,0,1,0,0,0,1,0,0,0,1
sst2_00524,train_48066,test,positive,1,1,1,0,0,0,0,0,0,0,1,0,0,0,0,1,0,1,0,1
sst2_00525,train_10316,train,positive,0,0,0,0,0,0,0,0,0,0,0,0,0,0,0,0,0,0,0,0
sst2_00528,train_14249,test,positive,0,0,0,0,0,0,0,0,0,0,0,0,0,0,0,0,0,0,0,0
sst2_00526,train_63174,train,negative,0,0,0,0,1,1,0,0,0,0,0,0,0,0,0,1,0,0,1,0
sst2_00527,train_43831,train,positive,1,1,1,1,0,0,0,0,0,0,0,1,0,0,0,1,0,1,0,1
sst2_00529,train_521,train,negative,0,0,0,0,1,1,0,0,0,0,0,1,0,0,0,1,0,0,0,1
sst2_00530,train_44411,test,positive,0,0,0,0,0,0,0,0,0,0,0,0,0,0,0,0,0,0,0,0
sst2_00531,train_43363,train,positive,1,0,0,0,0,0,0,0,0,0,0,0,0,0,0,1,0,0,0,0
sst2_00532,train_24522,train,negative,0,0,0,0,1,1,0,0,0,1,1,0,0,1,0,0,0,0,0,1
sst2_00534,train_65375,train,positive,1,0,0,0,1,0,0,0,0,0,0,0,0,1,1,1,0,0,0,0
sst2_00533,train_10060,train,negative,0,0,0,0,1,1,1,1,0,1,0,1,0,1,0,1,0,0,0,1
sst2_00536,train_14006,train,negative,0,0,0,0,1,1,1,1,0,0,1,1,1,0,0,1,1,0,1,1
sst2_00535,train_34652,train,positive,1,1,0,1,0,0,0,0,0,0,1,1,0,0,0,1,0,0,0,1
sst2_00538,train_55474,train,negative,0,0,0,0,1,1,1,1,0,0,0,1,0,0,0,1,0,0,1,1
sst2_00537,train_30516,test,negative,0,0,0,0,0,1,0,0,0,0,0,0,1,0,0,0,0,0,0,0
sst2_00539,train_18092,test,negative,0,0,0,0,1,1,0,1,0,1,0,1,0,0,0,1,0,0,0,1
sst2_00540,train_58190,train,positive,1,0,1,0,0,0,0,0,0,0,1,0,0,0,0,1,0,1,0,0
sst2_00542,train_3681,train,negative,0,0,0,0,0,0,0,0,0,0,0,0,0,0,0,0,0,0,0,0
sst2_00541,train_32101,train,negative,0,0,0,0,1,1,1,1,0,1,0,1,0,0,0,1,1,0,1,1
sst2_00543,train_8382,train,positive,0,0,0,0,0,0,0,0,0,0,0,0,0,0,1,0,0,0,0,0
sst2_00545,train_62104,train,negative,0,0,0,0,0,0,0,0,0,0,0,0,0,0,0,0,0,0,0,0
sst2_00544,train_28126,train,negative,0,0,0,0,1,1,1,1,0,0,0,1,0,0,0,1,0,0,0,1
sst2_00548,train_15872,train,positive,0,0,0,0,0,0,0,0,0,0,1,0,0,0,1,0,0,0,0,0
sst2_00546,train_1595,train,negative,0,0,0,0,1,1,0,1,0,0,1,1,0,0,0,1,0,0,0,1
sst2_00547,train_10445,train,positive,1,1,1,1,0,0,0,0,0,0,0,1,0,0,0,1,0,1,0,1
sst2_00551,train_45741,train,positive,0,0,0,0,0,0,0,0,1,0,1,0,0,0,0,0,0,0,0,0
sst2_00550,train_40124,train,negative,0,0,0,0,1,1,0,1,0,1,0,1,0,0,0,1,0,0,0,1
sst2_00549,train_43825,train,negative,0,0,0,0,1,1,0,0,0,0,0,1,0,0,0,1,0,0,0,1
sst2_00553,train_24253,train,positive,1,1,0,0,0,0,0,0,1,0,0,0,0,0,0,1,0,0,0,1
sst2_00552,train_46259,train,positive,1,1,1,0,0,0,0,0,0,0,1,0,0,0,0,1,0,1,0,1
sst2_00554,train_31736,train,negative,0,0,0,0,0,0,0,0,0,0,0,0,0,0,0,0,0,0,0,0
sst2_00555,train_62944,train,negative,0,0,0,0,1,1,0,0,0,0,0,1,0,0,0,1,0,0,0,1
sst2_00558,train_28319,train,negative,0,0,0,0,0,0,0,0,0,0,0,0,0,0,1,0,0,0,0,0
sst2_00556,validation_295,test,positive,0,0,0,0,0,0,0,0,1,0,0,1,0,1,0,1,0,0,0,1
sst2_00557,train_40641,test,positive,1,1,0,1,0,0,0,0,1,0,0,1,0,0,0,1,0,1,0,1
sst2_00559,train_49338,train,negative,0,0,0,0,1,1,1,1,0,0,0,1,0,0,0,1,0,0,0,1
sst2_00560,train_21155,train,positive,1,1,1,1,0,0,0,0,1,0,0,0,0,0,0,0,0,0,0,1
sst2_00561,train_64567,train,positive,1,1,1,0,0,0,0,0,0,0,0,1,0,0,0,1,0,0,0,1
sst2_00563,train_37812,train,positive,1,1,1,0,0,0,0,0,0,0,1,0,0,0,0,1,0,0,0,0
sst2_00564,train_64568,test,positive,1,1,1,0,0,0,0,0,0,0,1,0,0,0,0,1,0,0,0,1
sst2_00565,train_26742,train,positive,1,1,1,1,0,0,0,0,0,0,0,0,0,0,0,1,0,1,0,0
sst2_00562,train_3355,train,positive,1,1,1,0,0,0,0,0,0,0,0,0,0,0,0,1,0,0,0,0
sst2_00566,train_39549,train,negative,0,0,0,0,1,1,0,1,0,1,0,1,1,1,0,1,0,0,0,1
sst2_00567,train_18847,train,positive,0,0,0,0,0,0,0,0,0,0,0,0,0,0,0,0,0,0,0,0
sst2_00568,train_19759,test,positive,1,1,1,0,0,0,0,0,0,0,0,0,0,1,0,1,0,1,0,0
sst2_00569,train_16341,test,positive,1,1,1,0,0,0,0,0,0,0,0,0,0,0,0,1,0,0,0,0
sst2_00570,train_20355,train,negative,0,0,0,0,1,1,1,1,0,1,0,1,0,0,0,1,0,0,1,1
sst2_00571,train_61141,train,positive,1,1,1,1,0,0,0,0,1,0,1,1,0,0,0,1,0,1,0,1
sst2_00573,train_64797,train,negative,0,0,0,0,1,1,1,1,0,0,0,1,0,0,0,1,0,0,0,1
sst2_00574,train_28792,train,positive,1,1,0,1,0,0,0,0,0,0,0,1,0,0,0,1,0,0,0,1
sst2_00572,train_50648,test,negative,0,0,0,0,1,1,1,1,0,1,0,1,0,0,0,1,0,0,0,1
sst2_00575,train_47147,test,negative,0,0,0,0,1,1,1,1,0,0,1,1,0,0,0,1,0,0,0,1
sst2_00576,train_17251,train,negative,0,0,0,0,1,1,1,1,0,1,1,1,1,0,0,1,1,0,1,1
sst2_00577,train_25058,test,positive,1,1,1,1,0,0,0,0,1,0,0,1,0,0,0,1,0,1,0,1
sst2_00578,train_6535,train,positive,1,1,0,0,0,0,0,0,0,0,0,0,0,0,0,1,0,0,0,0
sst2_00579,train_48756,train,negative,0,0,0,0,1,1,1,1,0,1,1,1,0,0,0,1,0,0,0,1
sst2_00580,train_45110,train,positive,1,1,1,1,0,0,0,0,0,0,0,1,0,0,0,1,0,1,0,1
sst2_00581,train_24203,train,negative,0,0,0,0,1,1,0,1,0,0,0,1,0,0,0,1,0,0,0,1
sst2_00583,train_15276,test,positive,1,1,1,0,0,0,0,0,0,0,0,0,0,0,0,1,0,1,0,0
sst2_00582,train_29698,train,positive,1,1,0,1,0,0,0,0,0,0,0,0,0,0,0,1,0,0,0,0
sst2_00585,train_32276,train,positive,0,0,0,0,0,0,0,0,0,0,0,0,0,0,0,0,0,0,0,0
sst2_00584,train_8882,train,negative,0,0,0,0,1,1,0,1,0,0,1,1,0,0,0,1,0,0,0,1
sst2_00586,train_1415,train,negative,0,0,0,0,1,1,1,1,0,0,0,1,0,0,0,1,0,0,0,1
sst2_00587,train_1023,train,positive,1,1,1,1,0,0,0,0,0,0,1,1,0,0,0,1,0,1,0,1
sst2_00588,train_24294,train,positive,1,1,1,1,0,0,0,0,0,0,0,1,0,0,0,1,0,1,0,1
sst2_00589,train_53974,test,positive,1,1,0,1,0,0,0,0,1,0,0,1,0,0,0,1,0,0,0,1
sst2_00590,train_57942,train,positive,0,0,0,0,1,0,0,0,0,0,1,1,0,1,0,1,0,0,0,1
sst2_00593,train_14596,train,positive,0,0,0,0,0,0,0,0,0,0,0,0,0,0,0,0,0,0,0,0
sst2_00591,train_60295,test,negative,0,0,0,0,1,1,1,1,0,1,0,1,0,1,0,1,0,0,0,1
sst2_00592,train_3668,train,negative,0,0,0,0,1,1,1,1,0,0,1,1,0,0,0,1,0,0,0,1
sst2_00594,train_54963,train,positive,1,1,0,1,0,0,0,0,0,0,0,1,0,0,0,1,0,0,0,1
sst2_00596,train_9902,train,positive,0,0,0,0,0,0,0,0,0,0,0,0,0,0,0,0,0,0,0,0
sst2_00595,train_65600,train,negative,0,0,0,0,1,1,1,0,0,0,1,1,1,0,0,1,0,0,0,1
sst2_00598,train_16793,test,positive,1,1,0,1,0,0,0,0,1,0,1,1,0,0,0,1,0,0,0,1
sst2_00597,train_55495,test,negative,0,0,0,0,1,1,1,1,0,1,0,1,0,0,0,1,1,0,0,1
sst2_00599,train_17798,train,negative,0,0,0,0,1,1,1,1,0,0,1,1,0,0,0,1,0,0,0,1
sst2_00600,train_1868,train,negative,0,0,0,0,0,0,0,0,0,0,0,0,0,0,0,0,0,0,0,0
sst2_00602,train_52346,test,positive,0,0,0,0,0,0,0,0,0,0,0,0,0,0,0,0,0,0,0,0
sst2_00601,train_36537,train,negative,0,0,0,0,1,1,0,0,0,0,0,1,1,0,0,1,1,0,0,1
sst2_00605,train_55605,test,negative,0,0,0,0,1,1,1,1,0,0,0,1,0,0,0,1,0,0,0,1
sst2_00603,train_58580,train,positive,1,1,0,1,0,0,0,0,0,0,0,1,0,0,0,1,0,0,0,1
sst2_00604,train_94,train,positive,1,1,0,1,0,0,0,0,0,0,1,1,0,0,0,1,0,0,0,1
sst2_00607,train_46937,train,positive,1,1,1,0,0,0,0,0,0,0,0,1,0,0,0,1,0,1,0,1
sst2_00608,train_40515,train,positive,1,1,0,1,0,0,0,0,1,0,1,1,0,0,0,1,0,0,0,1
sst2_00606,train_31563,train,negative,0,0,0,0,1,1,0,0,0,0,0,1,0,0,0,1,0,0,0,1
sst2_00610,train_57589,train,positive,1,1,1,0,1,1,0,0,0,0,0,0,0,1,1,1,0,0,0,0
sst2_00611,train_21848,train,negative,0,0,0,0,1,1,1,1,0,0,0,1,0,0,0,1,0,0,0,1
sst2_00609,train_31661,train,negative,0,0,0,0,1,1,0,0,0,0,0,0,0,0,1,1,0,0,0,0
sst2_00612,train_47633,train,negative,0,0,0,0,1,1,1,1,0,0,1,1,0,0,0,1,0,0,0,1
sst2_00613,train_24733,train,negative,0,0,0,0,1,1,0,1,0,0,0,1,0,0,0,1,0,0,1,1
sst2_00614,train_22470,train,negative,0,0,0,0,1,1,1,1,0,1,0,1,0,0,0,1,1,0,1,1
sst2_00616,train_2797,test,negative,0,0,0,0,1,0,0,0,0,0,0,0,0,0,1,1,0,0,0,0
sst2_00615,train_40682,train,positive,1,1,0,0,1,1,1,0,0,0,1,1,0,1,0,1,0,0,0,1
sst2_00617,train_46355,test,negative,0,0,0,0,1,1,0,1,0,0,1,0,0,0,0,0,0,0,0,1
sst2_00619,train_21661,train,negative,0,0,0,0,0,0,0,0,0,0,0,0,0,0,0,0,0,0,0,0
sst2_00620,train_53320,train,negative,0,0,0,0,1,1,0,1,0,0,0,1,0,0,0,1,0,0,0,1
sst2_00618,train_29535,train,positive,1,1,0,1,0,0,0,0,1,0,1,1,0,0,0,1,0,0,0,1
sst2_00621,train_25293,train,positive,1,1,1,1,0,0,0,0,0,0,1,0,0,0,0,1,0,0,0,1
sst2_00622,train_9266,train,negative,0,0,0,0,1,1,1,1,0,0,0,1,0,0,0,1,0,0,1,1
sst2_00624,train_59983,train,negative,0,0,0,0,1,1,0,1,0,0,0,1,0,0,0,1,0,0,1,1
sst2_00623,train_62099,train,positive,1,1,0,1,0,0,0,0,0,0,0,1,0,0,0,1,0,0,0,1
sst2_00625,train_56591,train,positive,1,1,0,1,0,0,0,0,0,0,1,1,0,0,0,1,0,0,0,1
sst2_00626,train_62199,train,negative,0,0,0,0,1,1,0,1,0,0,1,1,0,0,0,1,0,0,0,1
sst2_00628,train_23992,train,positive,1,1,0,1,0,0,0,0,0,0,1,1,0,0,0,1,0,0,0,1
sst2_00629,train_53449,train,negative,0,0,0,0,1,1,0,0,0,0,0,1,0,0,0,1,1,0,0,1
sst2_00627,train_28743,train,negative,0,0,0,0,1,1,0,1,0,0,0,0,0,0,0,1,0,0,1,1
sst2_00630,train_40551,train,negative,0,0,0,0,1,1,1,1,0,1,0,1,0,0,0,1,0,0,0,1
sst2_00631,train_37320,train,positive,1,1,0,0,0,0,0,0,1,0,0,0,0,0,0,1,0,0,0,0
sst2_00632,train_16762,test,positive,1,1,1,0,0,0,0,0,0,0,1,0,0,0,0,0,0,0,0,1
sst2_00635,train_14967,train,negative,0,0,0,0,0,0,0,0,0,0,0,0,0,0,0,0,0,0,0,0
sst2_00634,train_63134,test,positive,1,1,0,1,0,0,0,0,1,0,0,1,0,0,0,1,0,0,0,1
sst2_00633,train_59677,train,positive,1,1,0,1,0,0,0,0,0,0,0,0,0,0,0,1,0,0,0,1
sst2_00637,train_34787,train,positive,1,0,0,0,0,0,0,0,0,0,0,0,0,0,1,0,0,0,0,0
sst2_00636,train_40060,train,negative,0,0,0,0,1,1,0,1,0,0,0,1,0,0,0,1,0,0,0,1
sst2_00638,train_45506,train,positive,1,1,0,1,0,0,0,0,0,0,0,1,0,0,0,1,0,0,0,1
sst2_00639,train_57157,train,negative,0,0,0,0,1,1,0,1,0,0,0,1,0,0,0,1,0,0,0,1
sst2_00640,train_15283,train,negative,0,0,0,0,1,1,0,1,0,0,0,1,0,0,0,1,0,0,0,1
sst2_00641,train_1266,train,positive,1,1,0,1,0,0,0,0,1,0,0,0,0,0,0,1,0,0,0,1
sst2_00644,train_45649,train,positive,1,1,1,0,0,0,0,0,0,0,0,0,0,0,0,1,0,1,0,0
sst2_00645,train_40129,train,positive,1,1,0,0,0,0,0,0,0,0,0,0,0,0,0,1,0,0,0,0
sst2_00642,train_29361,train,positive,1,1,0,1,0,0,0,0,1,0,0,1,0,0,0,1,0,0,0,1
sst2_00643,train_735,train,positive,1,1,1,0,0,0,0,0,0,0,0,0,0,0,0,1,0,1,0,0
sst2_00646,train_33691,train,negative,0,0,0,0,1,1,1,1,0,0,0,1,0,0,0,1,1,0,1,1
sst2_00647,train_4060,train,negative,0,0,0,0,1,1,0,0,0,0,0,0,0,0,0,0,0,0,0,1
sst2_00649,train_7354,train,negative,0,0,0,0,1,1,0,1,0,1,0,1,0,0,0,1,0,0,0,1
sst2_00648,train_26186,train,negative,0,0,0,0,1,1,1,1,0,0,0,1,0,0,0,1,0,0,0,1
sst2_00650,train_46764,train,positive,0,0,0,0,0,0,0,0,0,0,1,0,0,0,0,0,0,0,0,0
sst2_00652,train_1450,train,positive,1,1,1,1,0,0,0,0,0,0,0,1,0,0,0,1,0,1,0,1
sst2_00651,train_31980,test,negative,0,0,0,0,1,1,0,0,0,0,0,1,0,0,0,1,0,0,0,1
sst2_00653,train_5040,train,negative,0,0,0,0,1,1,1,1,0,1,0,1,0,0,0,1,0,0,0,1
sst2_00655,train_21590,train,positive,1,1,0,0,0,0,0,0,0,0,0,0,0,0,0,1,0,0,0,0
sst2_00658,train_51138,train,positive,0,0,0,0,0,0,0,0,0,0,0,0,0,0,0,0,0,0,0,0
sst2_00654,train_66577,train,positive,1,1,1,0,0,0,0,0,0,0,0,1,0,0,0,1,0,0,0,1
sst2_00656,train_30003,train,negative,0,0,0,0,1,1,0,1,0,0,0,1,0,0,0,1,0,0,0,1
sst2_00657,train_43356,train,positive,1,1,0,0,0,0,0,0,1,0,0,1,0,0,0,1,0,0,0,1
sst2_00659,train_24794,train,negative,0,0,0,0,1,0,0,0,0,0,0,0,0,0,0,1,0,0,0,0
sst2_00660,train_55380,train,positive,1,1,0,0,0,0,0,0,0,0,0,1,0,0,0,1,0,0,0,1
sst2_00662,train_56300,train,positive,1,1,0,0,0,0,0,0,0,0,0,1,0,0,0,1,1,0,0,1
sst2_00661,train_33385,train,negative,0,0,0,0,1,1,0,1,0,1,0,1,1,1,0,1,0,0,0,1
sst2_00663,train_37354,test,positive,0,0,0,0,0,0,0,0,0,0,0,1,0,0,0,1,1,0,0,1
sst2_00664,train_47533,train,positive,1,1,0,0,0,0,0,0,1,0,0,0,0,0,0,0,0,0,0,1
sst2_00665,train_53307,train,negative,0,0,0,0,1,1,0,1,0,0,0,1,0,0,0,1,0,0,0,1
sst2_00666,train_65264,train,positive,0,0,0,0,0,0,0,0,0,0,0,0,0,0,0,0,0,0,0,0
sst2_00668,train_4159,train,positive,1,1,0,1,0,0,0,0,0,0,0,1,0,0,0,1,0,0,0,1
sst2_00667,train_43171,train,negative,0,0,0,0,1,1,1,1,0,1,1,1,0,1,0,1,0,0,0,1
sst2_00669,train_43299,train,positive,1,1,0,1,0,0,0,0,0,0,0,0,0,0,0,1,0,0,0,0
sst2_00671,train_53702,train,positive,0,0,0,0,1,1,1,0,0,0,0,1,0,0,0,1,0,0,0,1
sst2_00672,train_49210,test,negative,0,0,0,0,1,1,0,0,0,0,1,1,0,0,0,1,1,0,0,1
sst2_00670,train_61344,train,positive,1,1,0,0,0,0,0,0,0,0,0,0,0,0,0,1,0,0,0,1
sst2_00674,train_60674,train,positive,1,1,0,1,0,0,0,0,0,0,0,0,0,0,0,1,0,0,0,1
sst2_00673,train_19243,test,positive,1,0,0,0,0,0,0,0,0,0,0,0,0,0,1,1,0,0,0,0
sst2_00675,train_33604,train,negative,0,0,0,0,1,1,0,0,0,0,0,1,0,0,0,1,1,0,0,1
sst2_00676,train_53762,train,negative,0,0,0,0,1,1,1,1,0,0,1,1,0,0,0,1,0,0,0,1
sst2_00677,train_56296,train,negative,0,0,0,0,1,1,0,1,0,0,0,1,0,0,0,1,0,0,0,1
sst2_00678,train_40803,test,positive,1,1,0,1,0,0,0,0,1,0,0,1,0,0,0,1,0,0,0,1
sst2_00680,train_37838,train,negative,0,0,0,0,1,1,0,1,0,0,0,1,0,0,0,1,0,0,1,1
sst2_00679,train_1469,train,positive,1,1,1,0,0,0,0,0,0,0,1,0,0,0,0,1,0,0,0,0
sst2_00683,train_15580,train,negative,0,0,0,0,1,1,1,1,0,0,1,1,0,0,0,1,0,0,0,1
sst2_00682,train_62892,train,negative,0,0,0,0,1,1,0,0,0,0,0,1,0,0,0,1,0,0,0,1
sst2_00681,train_181,train,negative,0,0,0,0,1,1,0,0,0,0,0,1,0,1,0,1,0,0,0,1
sst2_00684,train_16143,train,negative,0,0,0,0,1,1,0,1,0,1,1,1,0,0,0,0,0,0,0,1
sst2_00685,train_53572,test,negative,0,0,0,0,1,1,1,1,0,1,0,1,0,0,0,1,0,0,0,1
sst2_00686,train_24819,train,positive,1,1,1,1,0,0,0,0,0,0,0,1,0,0,0,1,0,1,0,1
sst2_00687,train_18354,test,negative,0,0,0,0,0,0,0,0,0,0,0,0,0,0,1,0,0,0,0,0
sst2_00689,train_43462,test,negative,0,0,0,0,1,1,0,0,0,0,1,1,1,0,0,1,0,0,0,1
sst2_00688,train_32487,train,negative,0,0,0,0,1,1,0,0,0,0,0,1,0,0,0,1,0,0,0,1
sst2_00690,validation_679,train,positive,1,1,0,1,0,0,0,0,1,0,0,1,0,0,0,1,0,0,0,1
sst2_00691,train_19559,train,negative,0,0,0,0,1,1,1,1,0,0,0,0,0,0,1,0,0,0,0,0
sst2_00693,train_3177,train,negative,0,0,0,0,1,1,0,0,0,1,0,1,0,0,0,1,0,0,0,1
sst2_00692,train_65309,train,negative,0,0,0,0,1,1,1,1,0,0,0,1,0,0,0,0,0,0,0,1
sst2_00694,train_31928,train,negative,0,0,0,0,1,1,0,0,0,0,0,1,0,0,0,1,0,0,0,1
sst2_00695,train_51240,train,positive,1,1,1,0,0,0,0,0,0,0,1,0,0,0,0,1,0,1,0,0
sst2_00696,train_25034,train,negative,0,0,0,0,1,1,1,1,0,1,0,1,0,0,0,1,0,0,0,1
sst2_00697,train_47298,train,negative,0,0,0,0,1,1,1,1,0,1,0,1,0,0,0,1,0,0,0,1
sst2_00699,train_64884,train,negative,0,0,0,0,1,1,0,0,0,0,0,0,0,0,0,1,0,0,0,1
sst2_00700,train_66480,test,positive,1,1,0,1,0,0,0,0,0,0,0,1,0,0,0,0,0,0,0,1
sst2_00698,train_6872,train,positive,1,1,0,1,0,0,0,0,0,0,1,1,0,0,0,1,0,0,0,1
sst2_00702,train_57686,test,positive,1,1,0,1,0,0,0,0,0,0,1,1,0,1,0,1,0,0,0,1
sst2_00701,train_58834,test,negative,0,0,0,0,1,1,0,1,0,0,0,1,0,0,0,1,1,0,0,1
sst2_00705,train_64246,train,negative,0,0,0,0,1,1,0,1,0,0,0,1,0,0,0,1,0,0,0,1
sst2_00706,train_36059,train,negative,0,0,0,0,1,1,0,1,0,0,1,1,0,0,0,1,1,0,0,1
sst2_00703,train_38420,train,positive,1,1,0,0,0,0,0,0,0,0,0,1,0,0,0,1,0,0,0,1
sst2_00704,train_15470,train,negative,0,0,0,0,1,1,1,1,0,0,1,1,1,1,0,1,0,0,1,1
sst2_00708,validation_23,train,positive,1,1,1,1,0,0,0,0,0,0,0,1,0,0,0,1,0,1,0,1
sst2_00707,train_48239,train,positive,1,1,0,1,0,0,0,0,0,0,1,1,0,0,0,0,0,0,0,1
sst2_00709,train_32845,train,positive,1,1,0,0,0,0,0,0,0,0,0,1,0,0,0,1,0,0,0,1
sst2_00712,train_47231,test,positive,1,1,0,1,0,0,0,0,0,0,0,1,0,0,0,0,0,0,0,1
sst2_00710,train_10221,test,negative,0,0,0,0,1,1,0,1,0,1,0,1,0,0,0,1,1,0,0,1
sst2_00714,train_41064,test,positive,0,0,0,0,0,0,0,0,0,0,0,0,0,1,0,1,0,0,0,0
sst2_00713,train_37292,train,positive,1,1,0,0,1,0,0,0,0,0,0,1,0,1,0,1,0,0,0,1
sst2_00711,train_49119,train,negative,0,0,0,0,1,1,0,1,0,1,0,1,0,0,0,1,0,0,0,1
sst2_00716,train_65785,train,positive,1,1,0,1,0,0,0,0,0,0,1,1,0,0,0,1,0,0,0,1
sst2_00715,train_37725,test,negative,0,0,0,0,1,1,1,1,0,0,1,1,0,0,0,1,0,0,0,1
sst2_00717,train_44600,train,positive,1,1,0,0,0,0,0,0,0,0,0,1,0,0,0,1,0,0,0,1
sst2_00719,train_40285,train,negative,0,0,0,0,1,1,0,1,0,1,1,1,1,0,0,1,0,0,1,1
sst2_00718,train_64897,train,negative,0,0,0,0,1,1,1,0,0,0,0,0,0,0,0,1,0,0,0,1
sst2_00720,train_65435,test,positive,0,0,0,0,0,0,0,0,1,0,1,0,0,0,0,0,0,0,0,0
sst2_00723,train_50781,train,positive,1,1,0,0,0,0,0,0,0,0,0,1,0,0,0,0,0,0,0,1
sst2_00722,train_34375,test,positive,0,0,0,0,0,0,0,0,0,0,0,0,0,0,1,0,0,0,0,0
sst2_00721,train_37448,test,positive,1,1,0,1,0,0,0,0,0,0,1,1,0,0,0,1,0,0,0,1
sst2_00725,train_12993,train,negative,0,0,0,0,0,0,0,0,0,0,1,0,0,0,1,0,0,0,0,0
sst2_00724,train_23883,train,positive,0,0,0,0,0,0,0,0,0,0,0,0,0,0,0,0,0,0,0,0
sst2_00726,train_11200,train,negative,0,0,0,0,1,1,1,1,0,1,1,1,1,0,0,1,1,0,0,1
sst2_00727,train_2398,train,negative,0,0,0,0,0,0,0,0,0,0,0,0,0,0,1,0,0,0,0,0
sst2_00728,train_35715,train,negative,0,0,0,0,1,1,1,1,0,0,1,1,0,0,0,1,0,0,0,1
sst2_00731,train_58861,train,positive,1,0,1,0,0,0,0,0,0,0,0,0,0,0,1,0,0,0,0,0
sst2_00732,train_56622,train,negative,0,0,0,0,1,1,1,1,0,0,0,1,0,0,0,1,0,0,0,1
sst2_00729,train_49468,train,positive,0,0,0,0,0,0,0,0,0,0,0,0,0,0,1,0,1,0,0,0
sst2_00730,train_67202,train,negative,0,0,0,0,1,1,0,1,0,0,0,1,0,0,0,1,0,0,0,1
sst2_00733,train_9314,train,positive,1,1,0,1,1,0,0,0,0,0,0,1,0,1,0,1,0,0,0,1
sst2_00734,train_53021,test,positive,0,0,0,0,0,0,0,0,0,0,1,0,0,0,0,0,0,0,0,0
sst2_00735,train_13662,train,positive,1,1,1,0,0,0,0,0,0,0,0,1,0,0,0,1,1,0,0,1
sst2_00736,train_35184,train,positive,1,1,0,1,0,0,0,0,0,0,0,1,0,0,0,1,0,0,0,1
sst2_00737,train_64338,train,negative,0,0,0,0,0,0,0,0,0,0,0,0,0,0,1,0,0,0,0,0
sst2_00738,train_34453,train,positive,1,1,0,0,0,0,0,0,0,0,0,0,0,0,0,1,0,0,0,0
sst2_00741,train_19056,train,negative,0,0,0,0,1,1,1,1,0,0,0,1,0,0,0,1,1,0,0,1
sst2_00739,train_17661,test,positive,1,1,0,1,0,0,0,0,0,0,0,1,0,0,0,1,0,0,0,1
sst2_00742,train_48845,train,negative,0,0,0,0,1,1,0,1,0,0,0,1,0,0,0,1,0,0,0,1
sst2_00743,train_16395,train,positive,1,1,0,1,0,0,0,0,0,0,0,0,0,0,0,1,0,0,0,1
sst2_00744,train_31341,train,negative,0,0,0,0,1,1,0,1,0,0,0,1,0,0,0,1,0,0,0,1
sst2_00747,train_37631,train,negative,0,0,0,0,0,0,0,0,0,0,1,0,0,0,0,0,0,0,0,0
sst2_00748,train_1349,train,negative,0,0,0,0,0,0,0,0,0,0,0,0,0,0,0,0,0,0,0,0
sst2_00745,train_12702,train,positive,1,1,0,0,0,0,0,0,0,0,0,0,0,0,0,0,0,0,0,0
sst2_00746,train_39552,train,negative,1,1,0,1,1,1,1,1,0,1,0,1,0,1,0,1,0,0,0,1
sst2_00740,train_11869,train,positive,0,0,0,0,1,1,1,0,0,0,0,0,0,0,0,1,0,0,0,0
sst2_00749,train_1417,train,positive,0,0,0,0,0,0,0,0,0,0,0,0,0,0,0,0,0,0,0,0
sst2_00754,train_4543,train,positive,0,0,0,0,0,0,0,0,0,0,0,0,0,0,0,0,0,0,0,0
sst2_00750,train_17544,test,positive,1,1,0,1,0,0,0,0,0,0,1,1,0,0,0,1,0,0,0,1
sst2_00753,train_64856,train,negative,0,0,0,0,1,1,0,1,0,1,1,1,0,0,0,1,0,0,0,1
sst2_00752,train_29590,train,negative,0,0,0,0,1,1,0,0,0,0,0,1,1,0,0,1,1,0,0,1
sst2_00751,train_38210,train,positive,1,1,0,0,0,0,0,0,0,0,0,0,0,0,0,0,0,0,0,1
sst2_00758,train_39080,train,positive,0,0,0,0,0,0,0,0,0,0,0,1,0,0,0,0,0,0,0,1
sst2_00755,train_34271,train,positive,1,1,1,0,0,0,0,0,0,0,0,1,0,0,0,1,1,1,0,1
sst2_00757,train_44371,train,positive,1,1,1,1,0,0,0,0,0,0,0,0,0,0,0,1,0,1,0,1
sst2_00756,train_49931,train,positive,1,1,0,1,0,0,0,0,1,0,0,1,0,0,0,1,0,0,0,1
sst2_00760,train_38561,train,positive,1,1,0,1,0,0,0,0,1,0,1,1,0,0,0,1,0,0,0,1
sst2_00759,train_23875,train,negative,0,0,0,0,0,0,0,0,0,0,1,0,0,0,0,0,0,0,0,0
sst2_00762,train_21191,train,positive,0,0,0,0,0,0,0,0,0,0,0,0,0,0,0,0,0,0,0,0
sst2_00761,train_61362,test,negative,0,0,0,0,1,0,0,0,0,0,0,1,0,0,0,1,0,0,0,1
sst2_00764,train_17140,train,negative,0,0,0,0,1,1,1,1,0,1,0,1,0,0,0,1,0,0,0,1
sst2_00763,train_61726,train,negative,0,0,0,0,1,1,1,1,0,1,0,1,0,0,0,1,1,0,0,1
sst2_00766,train_27679,train,positive,1,1,0,1,0,0,0,0,1,0,0,1,0,0,0,1,0,0,0,1
sst2_00767,train_56126,train,negative,0,0,0,0,1,1,1,1,0,0,0,0,0,0,0,1,0,0,0,1
sst2_00768,train_9803,train,positive,0,0,0,0,0,0,0,0,0,0,0,0,0,0,0,0,0,0,0,0
sst2_00769,train_41035,train,positive,1,1,0,1,0,0,0,0,0,0,0,0,0,0,0,1,0,0,0,1
sst2_00765,train_63534,train,positive,0,0,0,0,0,0,0,0,0,0,0,0,0,0,0,0,0,0,0,0
sst2_00770,train_31466,test,positive,1,1,1,1,0,0,0,0,0,0,1,1,0,0,0,1,1,0,0,1
sst2_00771,train_43211,train,positive,1,1,1,0,0,0,0,0,0,0,0,0,0,0,0,1,0,0,0,0
sst2_00772,train_44398,train,negative,0,0,0,0,1,1,1,1,1,0,1,1,0,1,0,1,0,0,0,1
sst2_00773,train_6804,train,negative,0,0,0,0,0,0,0,0,0,0,0,0,0,0,0,0,0,0,0,0
sst2_00775,train_28212,train,negative,0,0,0,0,1,1,1,1,0,0,1,1,1,1,0,1,0,0,0,1
sst2_00776,train_22737,train,positive,1,1,1,0,0,0,0,0,0,0,0,0,0,0,0,1,0,0,0,0
sst2_00774,train_41184,train,negative,0,0,0,0,1,1,1,1,0,0,0,1,0,0,0,1,1,0,0,1
sst2_00777,train_59775,train,negative,0,0,0,0,1,1,1,1,0,1,0,1,0,0,0,1,0,0,0,1
sst2_00782,train_20598,train,positive,0,0,0,0,0,0,0,0,0,0,0,0,0,0,0,0,0,0,0,0
sst2_00779,train_48599,test,positive,1,1,1,1,0,0,0,0,1,0,0,1,0,0,0,1,0,1,0,1
sst2_00780,train_40457,train,positive,1,1,1,0,0,0,0,0,1,0,0,0,0,0,0,1,0,1,0,1
sst2_00778,train_51899,train,negative,0,0,0,0,1,1,0,0,0,0,0,1,0,0,0,1,0,0,0,1
sst2_00783,train_22230,train,positive,0,0,0,0,0,0,0,0,0,0,0,0,0,0,0,0,0,0,0,0
sst2_00781,train_42859,train,positive,1,1,0,1,0,0,0,0,0,0,0,1,0,0,0,1,0,0,0,1
sst2_00784,train_33677,train,positive,1,1,0,1,0,0,0,0,0,0,1,1,0,0,0,1,0,0,0,1
sst2_00786,train_51409,train,negative,0,0,0,0,0,0,0,0,0,0,0,0,0,1,1,1,0,0,0,0
sst2_00785,train_55724,test,negative,0,0,0,0,1,1,0,1,0,0,1,1,0,0,0,1,0,0,0,1
sst2_00789,train_52085,train,positive,0,0,0,0,0,0,0,0,0,0,0,0,0,0,0,0,0,0,0,0
sst2_00787,train_40564,test,positive,0,1,0,1,0,0,0,0,1,0,0,0,0,1,0,1,0,0,0,0
sst2_00791,train_18230,train,positive,1,1,1,0,0,0,0,0,0,0,0,0,0,0,0,1,0,1,0,1
sst2_00788,train_12006,train,positive,1,1,1,0,0,0,0,0,0,0,0,0,0,0,0,1,0,1,0,0
sst2_00792,train_52163,train,positive,1,0,1,0,0,0,0,0,0,0,0,0,0,0,1,0,1,0,0,0
sst2_00790,train_51139,test,negative,0,0,0,0,1,1,0,0,0,0,0,1,0,0,0,1,0,0,0,1
sst2_00793,train_49430,train,positive,1,1,0,1,0,0,0,0,1,0,0,0,0,0,0,0,0,0,0,1
sst2_00794,train_29188,test,negative,0,0,0,0,1,1,0,1,0,0,0,1,0,1,0,1,0,0,0,1
sst2_00796,train_32420,train,positive,0,1,0,0,0,1,0,0,1,0,1,0,0,1,0,0,0,0,0,0
sst2_00797,train_42864,test,negative,0,0,0,0,1,1,0,0,0,0,0,1,0,0,0,1,1,0,0,1
sst2_00798,train_44617,train,positive,1,1,0,1,0,0,0,0,0,0,0,1,0,0,0,1,0,0,0,1
sst2_00795,train_3974,test,negative,0,0,0,0,1,1,1,1,0,1,1,1,1,0,0,1,0,0,0,1
sst2_00799,train_13329,train,negative,0,0,0,0,1,1,1,1,0,1,0,1,0,0,0,1,0,0,1,1
sst2_00800,train_58923,train,positive,1,1,1,1,0,0,0,0,1,0,0,1,0,0,0,1,0,1,0,1
sst2_00801,train_56446,train,positive,1,1,0,0,0,0,0,0,1,0,0,0,0,0,0,1,0,0,0,0
sst2_00803,train_36306,train,positive,1,1,0,1,0,0,0,0,0,0,0,1,0,0,0,1,0,0,0,1
sst2_00802,train_66034,train,negative,0,0,0,0,1,1,0,1,0,1,0,1,0,0,0,1,0,0,0,1
sst2_00805,train_38114,train,positive,1,1,0,0,0,0,0,0,0,0,0,0,0,0,0,0,0,0,0,0
sst2_00804,train_43322,train,negative,0,0,0,0,1,1,0,1,0,0,1,1,1,0,0,1,1,0,1,1
sst2_00806,train_6132,train,negative,0,0,0,0,1,1,0,1,0,1,0,1,0,0,0,1,0,0,0,1
sst2_00807,train_64389,train,positive,1,1,0,1,0,0,0,0,0,0,0,0,0,0,0,0,0,0,0,1
sst2_00808,train_57827,test,positive,0,1,0,1,0,0,0,0,0,0,1,0,0,0,0,1,0,0,0,0
sst2_00810,train_60675,train,negative,0,0,0,0,1,1,0,0,0,0,0,1,0,0,0,1,0,0,0,1
sst2_00811,train_20450,test,positive,1,1,0,1,0,0,0,0,0,0,0,0,0,0,0,0,0,0,0,1
sst2_00809,train_55401,train,negative,0,0,0,0,1,1,0,1,0,0,0,1,0,0,0,1,0,0,0,1
sst2_00812,train_40522,train,negative,0,0,0,0,1,1,0,0,0,0,0,1,0,0,0,1,0,0,0,1
sst2_00813,train_48963,test,positive,1,1,1,0,0,0,0,0,0,0,0,0,0,0,0,1,0,0,0,1
sst2_00814,train_19412,test,negative,0,0,0,0,1,1,0,0,0,0,0,1,0,0,0,1,1,0,0,1
sst2_00817,train_43439,test,positive,1,1,0,0,0,0,0,0,0,0,0,0,0,0,0,1,0,0,0,0
sst2_00815,train_33695,train,negative,0,1,0,0,1,1,1,1,1,1,0,1,0,1,0,1,0,0,0,1
sst2_00816,train_15422,test,negative,0,0,0,0,1,1,0,1,0,1,0,1,0,0,0,1,0,0,0,1
sst2_00818,train_6845,train,negative,0,0,0,0,1,1,0,0,0,1,0,1,0,0,0,1,0,0,0,1
sst2_00819,train_9576,train,positive,0,0,0,0,0,0,0,0,0,0,0,0,0,0,0,0,0,0,0,0
sst2_00820,train_40432,train,positive,1,1,0,1,0,0,0,0,0,0,0,1,0,0,0,1,0,0,0,1
sst2_00821,train_56071,test,negative,0,0,0,0,1,1,0,1,0,1,1,1,0,0,0,1,0,0,0,1
sst2_00823,train_16842,train,positive,0,0,0,0,0,0,0,0,0,0,0,0,0,0,1,0,0,0,0,0
sst2_00825,train_33336,train,negative,0,0,0,0,1,1,0,0,0,0,0,1,0,0,0,1,0,0,0,1
sst2_00824,train_24809,train,negative,0,0,0,0,1,1,0,1,0,0,0,1,0,0,0,1,0,0,0,1
sst2_00822,train_61949,train,positive,1,1,0,1,0,0,0,0,0,0,1,1,0,0,0,1,0,0,0,1
sst2_00826,train_55202,train,positive,1,0,1,0,0,0,0,0,0,0,0,0,0,0,0,1,0,0,0,0
sst2_00827,train_41915,test,negative,0,0,0,0,1,1,0,0,0,1,0,1,0,1,0,1,0,0,0,1
sst2_00828,train_50123,train,negative,0,0,0,0,1,1,1,1,0,0,0,1,0,1,0,1,0,0,0,1
sst2_00830,train_11597,train,negative,0,0,0,0,0,0,0,0,0,0,0,0,0,0,0,0,0,0,0,0
sst2_00829,train_48084,train,negative,0,0,0,0,1,1,0,1,0,1,1,1,1,0,0,1,0,0,0,1
sst2_00832,train_12907,train,negative,0,0,0,0,1,1,1,1,0,1,1,1,0,1,0,1,0,0,0,1
sst2_00831,train_55478,train,negative,0,0,0,0,1,1,0,1,0,0,0,1,0,1,1,1,0,0,0,0
sst2_00833,train_23869,train,positive,1,1,1,0,0,0,0,0,0,0,0,0,0,0,0,1,0,0,0,1
sst2_00834,train_10045,train,positive,1,1,0,1,0,0,0,0,0,0,0,1,0,0,0,1,0,0,0,1
sst2_00836,train_16444,train,positive,0,0,0,0,0,0,0,0,0,0,0,0,0,0,0,0,0,0,0,0
sst2_00835,train_29499,train,positive,0,0,0,0,0,0,0,0,0,0,0,0,0,0,0,0,0,0,0,0
sst2_00838,train_22597,train,negative,0,0,0,0,1,1,0,1,0,0,0,0,0,0,0,0,0,0,0,1
sst2_00837,train_1519,train,negative,0,0,0,0,1,1,1,1,0,1,1,1,0,0,0,1,0,0,0,1
sst2_00839,train_23802,train,negative,0,0,0,0,1,1,0,0,0,0,0,1,0,0,0,1,0,0,0,1
sst2_00840,train_55618,test,negative,0,0,0,0,1,1,0,1,0,1,0,1,0,0,0,1,0,0,0,1
sst2_00841,train_63975,train,positive,1,1,1,0,0,0,0,0,0,0,0,0,0,0,0,1,0,0,0,0
sst2_00842,train_46092,train,positive,1,1,1,0,0,0,0,0,0,0,0,1,0,0,0,1,0,1,0,1
sst2_00845,train_61538,train,positive,1,1,0,0,0,0,0,0,0,0,0,0,0,0,0,1,0,0,0,1
sst2_00843,train_60916,train,positive,1,1,1,1,0,0,0,0,0,0,0,1,0,0,0,1,0,1,0,1
sst2_00844,train_10757,train,negative,0,0,0,0,1,1,1,1,0,0,1,1,0,0,0,1,1,0,0,1
sst2_00847,train_7751,train,positive,1,1,1,1,0,0,0,0,0,0,0,0,0,0,0,1,0,1,0,1
sst2_00848,train_14534,train,positive,1,1,0,1,0,0,0,0,1,0,0,1,0,0,0,0,0,0,0,1
sst2_00846,train_49878,train,negative,0,0,0,0,1,1,1,1,0,0,0,0,0,1,0,0,0,0,0,0
sst2_00850,train_56530,train,negative,0,0,0,0,1,1,0,1,0,0,1,1,0,0,0,1,0,0,0,1
sst2_00851,train_62922,train,negative,0,0,0,0,1,1,0,1,0,1,0,1,0,0,0,1,0,0,0,1
sst2_00849,train_55643,train,positive,1,1,0,1,0,0,0,0,0,0,0,1,0,0,0,1,0,0,0,1
sst2_00853,train_55803,train,positive,0,0,0,0,0,0,0,0,0,0,0,0,0,0,0,0,0,0,0,0
sst2_00852,train_39207,test,positive,1,1,0,1,1,1,0,1,0,0,1,1,0,1,0,1,0,0,0,1
sst2_00854,train_1062,train,negative,0,0,0,0,1,1,0,1,0,0,0,1,0,1,0,1,0,0,0,1
sst2_00855,train_40993,train,positive,0,0,0,0,0,0,0,0,0,0,0,0,0,0,0,0,0,0,0,0
sst2_00856,train_25203,train,positive,1,1,0,1,0,0,0,0,1,0,0,0,0,0,0,0,0,0,0,0
sst2_00858,train_34840,train,positive,1,1,0,0,0,0,0,0,0,0,0,1,0,0,0,1,0,0,0,1
sst2_00857,train_26290,test,positive,0,0,0,0,0,0,0,0,0,0,0,0,0,0,1,0,0,0,0,0
sst2_00859,train_59314,train,positive,1,1,1,1,0,0,0,0,0,0,0,1,0,0,0,1,0,1,0,1
sst2_00860,train_17894,test,negative,0,0,0,0,1,1,1,0,0,0,1,1,0,0,0,1,0,0,0,1
sst2_00861,train_63666,train,positive,1,1,0,1,0,0,0,0,1,0,0,1,0,0,0,1,0,0,0,1
sst2_00862,train_47743,train,negative,0,0,0,0,1,1,1,1,0,0,0,1,1,0,0,1,1,0,1,1
sst2_00863,train_11709,train,negative,0,0,0,0,1,1,0,0,0,0,1,1,0,0,0,1,0,0,0,1
sst2_00864,train_14947,train,positive,1,0,0,0,0,0,0,0,0,0,0,0,0,0,0,1,0,1,0,0
sst2_00865,train_24452,test,positive,1,1,1,0,0,0,0,0,1,0,0,0,0,0,0,1,0,0,0,1
sst2_00867,train_4753,train,positive,0,0,0,0,0,0,0,0,0,0,0,0,0,0,0,1,0,0,0,0
sst2_00866,train_16575,train,positive,1,1,0,0,0,0,0,0,0,0,0,0,0,0,0,0,0,0,0,0
sst2_00868,train_60637,train,positive,0,0,0,0,1,1,0,1,0,1,0,1,0,0,0,1,0,0,0,1
sst2_00869,train_34089,train,negative,0,0,0,0,1,1,1,1,0,0,0,1,1,0,0,1,0,0,0,1
sst2_00870,train_21420,train,positive,1,1,0,1,0,0,0,0,0,0,1,1,0,0,0,1,0,0,0,1
sst2_00871,train_17947,train,negative,0,0,0,0,1,1,0,1,0,0,0,1,0,0,0,1,0,0,0,1
sst2_00873,train_55301,train,negative,0,0,0,0,0,0,0,0,0,0,0,0,0,0,1,0,0,0,0,0
sst2_00872,train_66390,train,negative,0,1,0,0,0,1,1,0,0,0,1,0,0,1,0,0,0,0,0,0
sst2_00874,train_31163,train,positive,1,1,1,0,0,0,0,0,0,0,0,1,0,0,0,1,1,0,0,1
sst2_00875,train_62591,train,negative,0,0,0,0,1,1,1,1,0,1,1,1,1,0,1,1,0,0,0,0
sst2_00876,train_33731,train,negative,0,0,0,0,1,1,0,1,0,1,0,1,0,0,0,1,0,0,0,1
sst2_00877,train_55137,train,negative,0,0,0,0,0,0,0,0,0,0,1,0,0,0,0,0,0,0,0,0
sst2_00879,train_41494,train,positive,1,1,1,0,0,0,0,0,0,0,0,0,0,0,0,1,0,1,0,0
sst2_00878,train_28706,train,positive,1,1,0,1,0,0,0,0,0,0,0,1,0,0,0,1,0,0,0,1
sst2_00881,train_4237,test,positive,1,1,0,1,0,0,0,0,0,0,1,1,0,0,0,1,0,0,0,1
sst2_00882,train_65991,train,positive,1,1,1,1,0,0,0,0,0,0,1,1,0,0,0,1,1,1,0,1
sst2_00880,train_52082,test,negative,0,0,0,0,1,1,0,1,0,0,0,1,0,0,0,1,1,0,0,1
sst2_00883,train_65925,train,negative,0,0,0,0,1,1,0,1,0,0,1,1,0,0,0,1,0,0,0,1
sst2_00885,train_21724,train,positive,1,1,0,0,0,0,0,0,0,0,0,0,0,0,0,1,0,0,0,1
sst2_00884,train_67062,train,positive,1,1,0,1,0,0,0,0,1,0,1,1,0,0,0,0,0,0,0,1
sst2_00887,train_14524,train,positive,0,0,0,0,0,0,0,0,0,0,1,0,0,0,0,0,0,0,0,0
sst2_00888,train_59222,test,positive,1,1,1,0,0,0,0,0,1,0,0,0,0,0,1,1,0,1,0,0
sst2_00889,train_48535,train,negative,0,0,0,0,1,1,1,1,0,1,0,1,0,0,0,1,0,0,0,1
sst2_00886,train_46822,train,positive,1,1,1,0,0,0,0,0,0,0,0,0,0,0,0,1,0,1,0,1
sst2_00890,train_35865,train,positive,1,1,0,0,0,0,0,0,0,0,0,1,0,0,0,1,0,0,0,1
sst2_00891,train_37034,train,positive,1,1,0,1,1,0,0,0,1,0,0,1,0,1,0,1,0,0,0,1
sst2_00892,train_63383,train,negative,0,0,0,0,1,1,0,1,0,0,0,1,0,0,0,1,0,0,0,1
sst2_00893,train_63094,train,negative,0,0,0,0,1,1,0,1,0,0,0,1,0,0,0,1,0,0,1,1
sst2_00894,train_29236,test,negative,0,0,0,0,1,1,0,1,0,0,0,1,0,0,0,1,1,0,0,1
sst2_00898,train_36956,test,negative,0,0,0,0,0,0,0,0,0,0,0,0,0,0,0,0,0,0,0,0
sst2_00897,train_21800,train,positive,1,1,0,1,0,0,0,0,1,0,0,0,0,0,0,1,0,0,0,0
sst2_00896,train_7929,train,positive,1,1,0,1,0,0,0,0,1,0,0,0,0,0,0,0,0,0,0,1
sst2_00899,train_54063,train,positive,1,1,0,0,0,0,0,0,0,0,0,0,0,0,1,0,0,0,0,0
sst2_00895,train_42418,train,negative,0,0,0,0,1,1,0,0,0,1,0,1,0,0,0,1,0,0,0,1
sst2_00900,train_34512,train,positive,0,0,0,0,0,0,0,0,0,0,0,0,0,0,0,0,0,0,0,0
sst2_00901,train_13698,train,positive,1,0,0,0,0,0,0,0,0,0,0,0,0,0,0,0,0,0,0,1
sst2_00902,train_11108,test,positive,1,1,0,1,0,0,0,0,1,0,1,0,0,0,0,0,0,0,0,1
sst2_00904,train_45151,train,negative,0,0,0,0,0,0,0,0,0,0,0,0,0,0,0,0,0,0,0,0
sst2_00903,train_22248,test,negative,0,0,0,0,1,1,0,1,0,0,0,1,0,0,0,1,0,0,0,1
sst2_00907,train_36128,train,positive,0,0,0,0,0,0,0,0,0,0,0,0,0,0,1,0,0,0,0,0
sst2_00906,train_3952,train,positive,1,1,0,1,0,0,0,0,0,0,0,1,0,0,0,1,0,1,0,1
sst2_00905,train_51087,train,negative,0,0,0,0,1,1,0,0,0,0,0,0,0,0,0,1,0,0,0,0
sst2_00908,train_7862,test,negative,0,0,0,0,1,1,1,1,0,1,0,1,0,0,0,1,0,0,0,1
sst2_00913,train_39051,train,positive,0,0,0,0,0,0,0,0,0,0,0,0,0,0,0,0,0,0,0,0
sst2_00910,train_31758,train,positive,0,0,0,0,0,0,0,0,0,0,1,0,0,1,1,1,0,0,0,0
sst2_00909,train_17026,train,positive,1,1,1,1,0,0,0,0,1,0,0,1,0,1,0,1,0,1,0,1
sst2_00911,train_56985,train,positive,1,1,1,0,1,1,0,0,0,0,0,1,0,1,0,1,0,1,0,1
sst2_00912,train_6112,train,positive,1,1,0,1,0,0,0,0,0,0,1,1,0,0,0,1,0,0,0,1
sst2_00914,train_8969,train,negative,0,0,0,0,1,1,0,0,0,0,0,1,0,0,0,1,0,0,0,1
sst2_00915,train_25496,test,negative,0,0,0,0,1,1,0,1,0,0,1,1,0,0,0,1,0,0,0,1
sst2_00917,train_46770,train,negative,0,0,0,0,1,1,1,1,0,1,0,1,0,0,0,1,1,0,0,1
sst2_00916,train_22571,train,positive,1,1,0,1,0,0,0,0,1,0,0,1,0,0,0,1,0,0,0,1
sst2_00918,train_62505,train,positive,1,1,1,0,0,0,0,0,0,0,0,1,0,0,0,1,0,1,0,1
sst2_00920,train_12206,train,positive,1,1,0,1,0,0,0,0,0,0,0,1,0,0,0,1,0,0,0,1
sst2_00919,train_41795,train,negative,0,0,0,0,1,1,0,0,0,0,0,1,0,0,0,1,0,0,0,1
sst2_00921,train_10531,test,negative,0,0,0,0,1,1,0,0,0,0,0,1,0,1,0,1,0,0,0,1
sst2_00923,train_28911,train,positive,0,0,0,0,1,1,0,1,0,1,0,0,0,0,0,1,0,0,0,1
sst2_00925,train_37989,train,positive,1,1,0,1,0,0,0,0,0,0,0,1,0,0,0,1,0,0,0,1
sst2_00922,train_28120,train,negative,0,0,0,0,1,1,0,1,0,1,0,1,0,0,0,1,1,0,0,1
sst2_00924,train_28244,test,positive,0,0,0,0,0,0,0,0,0,0,0,0,0,0,0,1,0,0,0,0
sst2_00926,train_19730,train,positive,1,1,1,0,0,0,0,0,1,0,1,0,0,0,0,1,0,0,0,0
sst2_00928,train_6476,test,positive,0,0,0,0,0,0,0,0,0,0,0,0,0,0,0,0,0,0,0,0
sst2_00930,train_51854,train,negative,0,0,0,0,0,0,0,0,0,0,0,0,0,0,1,0,0,0,0,0
sst2_00927,train_10608,train,negative,0,0,0,0,1,1,1,0,0,0,0,1,0,1,0,1,0,0,1,1
sst2_00929,train_8354,train,negative,0,0,0,0,1,1,0,1,0,1,1,1,0,0,0,1,0,0,0,1
sst2_00932,train_1936,train,negative,0,0,0,0,1,1,0,0,0,0,0,1,0,0,0,1,0,0,0,1
sst2_00931,train_21102,train,positive,1,1,0,1,0,0,0,0,1,0,0,0,0,0,0,1,0,0,0,1
sst2_00936,train_36256,train,negative,0,0,0,0,1,1,0,1,0,0,0,1,0,0,0,1,0,0,0,1
sst2_00937,train_51808,test,positive,0,0,0,0,0,0,0,0,0,0,0,0,0,0,0,0,0,0,0,0
sst2_00934,train_23134,test,positive,1,1,1,0,0,0,0,0,0,0,1,0,0,0,0,1,0,1,0,0
sst2_00935,train_59309,train,positive,1,1,0,0,0,0,0,0,0,0,0,0,0,0,0,1,0,1,0,1
sst2_00933,train_35233,test,positive,1,1,1,0,0,0,0,0,0,0,0,0,0,0,0,1,0,1,0,1
sst2_00938,train_47640,train,positive,1,1,0,1,0,0,0,0,0,0,1,1,0,0,0,1,0,0,0,1
sst2_00939,train_15202,test,positive,1,1,0,1,0,0,0,0,0,0,1,0,0,0,0,1,0,0,0,0
sst2_00943,train_20838,train,negative,0,0,0,0,1,1,1,1,0,1,0,1,0,0,0,1,1,0,0,1
sst2_00940,train_52373,train,positive,1,1,1,0,0,0,0,0,0,0,0,0,1,0,0,1,0,0,0,1
sst2_00944,train_8730,train,positive,1,1,1,0,0,0,0,0,0,0,0,0,0,0,0,1,0,1,0,0
sst2_00942,train_18334,train,negative,0,0,0,0,1,1,0,1,0,0,0,1,0,0,0,1,0,0,1,1
sst2_00941,train_59719,train,positive,1,1,0,1,0,0,0,0,0,0,0,1,0,0,0,1,0,0,0,1
sst2_00945,train_41699,train,positive,0,0,0,0,0,0,0,0,0,0,0,0,0,1,1,0,0,0,0,0
sst2_00950,train_53467,test,positive,0,0,0,0,0,0,0,0,0,0,0,0,0,0,0,1,0,1,0,0
sst2_00949,train_65042,train,positive,1,1,0,1,0,0,0,0,1,0,0,1,0,0,0,1,0,0,0,1
sst2_00946,train_22489,train,positive,0,0,0,0,0,0,1,0,0,0,1,0,0,0,0,0,0,0,0,0
sst2_00948,train_37771,test,positive,1,1,1,0,0,0,0,0,0,0,0,0,0,0,0,1,0,0,0,1
sst2_00951,train_51572,test,positive,1,0,0,0,0,0,0,0,0,0,0,0,0,0,0,1,0,0,0,0
sst2_00947,train_8606,train,negative,0,0,0,0,1,1,1,1,0,0,1,1,0,0,0,1,1,0,0,1
sst2_00953,train_37889,train,positive,0,0,0,0,0,0,0,0,0,0,0,0,0,0,0,0,0,0,0,0
sst2_00952,train_35426,train,positive,1,1,0,1,0,0,0,0,0,0,0,1,0,0,0,1,0,1,0,1
sst2_00954,train_7947,train,positive,1,1,1,0,0,0,0,0,0,0,0,1,0,0,0,1,1,1,0,1
sst2_00957,train_33437,train,negative,0,0,0,0,1,1,0,1,0,0,1,1,0,1,0,1,0,0,0,1
sst2_00956,train_36991,train,positive,1,1,0,0,0,0,0,0,0,0,0,0,0,0,0,1,0,0,0,0
sst2_00955,validation_383,train,positive,1,1,0,1,0,0,0,0,0,0,0,0,0,1,0,1,0,0,0,1
sst2_00959,train_61145,train,negative,0,0,0,0,1,1,0,1,0,0,0,1,0,0,0,1,0,0,1,1
sst2_00960,train_47159,train,positive,1,1,1,1,0,0,0,0,0,0,1,1,0,0,0,1,0,1,0,1
sst2_00961,train_33366,train,positive,1,1,0,0,0,0,0,0,0,0,0,1,0,0,0,1,0,0,0,1
sst2_00962,train_41437,train,negative,0,0,0,0,1,1,0,1,0,0,0,1,0,0,0,0,0,0,0,1
sst2_00958,train_66863,train,positive,1,0,1,0,0,0,0,0,0,0,0,0,0,0,0,1,0,0,0,0
sst2_00963,train_26956,train,negative,0,0,0,0,1,1,0,0,0,0,0,1,0,1,0,1,0,0,0,1
sst2_00965,train_4151,test,positive,1,1,0,1,0,0,0,0,0,0,0,1,0,0,0,1,0,0,0,1
sst2_00964,train_64367,train,negative,0,0,0,0,1,1,0,1,0,0,0,1,0,0,0,1,1,0,0,1
sst2_00966,train_63463,train,positive,1,1,0,1,0,0,0,0,1,0,0,1,0,0,0,1,0,1,0,1
sst2_00968,train_2427,test,positive,1,1,1,1,0,0,0,0,0,0,0,1,0,0,0,1,0,0,0,1
sst2_00967,train_58535,train,negative,0,0,0,0,1,1,0,0,0,0,0,0,0,0,1,0,0,0,0,0
sst2_00969,train_46711,train,positive,1,0,1,0,0,0,0,0,0,0,0,0,0,0,1,0,0,0,0,0
sst2_00970,train_49605,test,positive,1,1,0,1,0,0,0,0,0,0,1,1,0,0,0,1,0,0,0,1
sst2_00971,train_27634,train,positive,1,1,1,1,0,0,0,0,0,0,1,1,0,0,0,1,0,1,0,1
sst2_00973,train_19665,test,negative,0,0,0,0,1,1,1,1,0,1,0,1,0,0,0,1,1,0,0,1
sst2_00972,train_43675,train,positive,1,1,1,1,0,0,0,0,0,0,0,1,0,0,0,1,1,0,0,1
sst2_00974,train_37529,train,positive,1,1,0,1,0,0,0,0,1,0,0,1,0,0,0,1,0,0,0,1
sst2_00975,train_35555,train,negative,0,0,0,0,0,0,0,0,0,0,0,0,0,0,1,1,0,0,1,0
sst2_00976,train_36080,train,positive,0,0,0,0,0,0,0,0,0,0,0,0,0,0,0,0,0,0,0,0
sst2_00977,train_49023,test,positive,1,0,0,0,0,0,0,0,0,0,0,0,0,0,0,0,0,0,0,0
sst2_00980,train_5804,train,positive,1,1,1,0,0,0,0,0,0,0,1,0,0,0,0,1,0,0,0,0
sst2_00978,train_65717,train,negative,0,0,0,0,1,1,1,1,0,1,0,1,1,0,0,1,1,0,1,1
sst2_00979,train_58835,train,negative,0,0,0,0,1,1,1,1,0,0,1,1,0,0,0,1,1,0,0,1
sst2_00981,train_15451,test,positive,0,0,0,0,0,0,0,0,0,0,0,0,0,0,1,0,0,0,0,0
sst2_00982,train_60111,train,negative,0,0,0,0,1,1,1,1,0,0,0,1,1,0,0,1,0,0,1,1
sst2_00984,train_56787,train,negative,0,0,0,0,1,1,0,0,0,0,0,1,0,0,0,1,1,0,1,1
sst2_00986,train_34702,train,positive,1,1,0,0,0,0,0,0,0,0,0,0,0,0,0,0,0,0,0,1
sst2_00983,train_9491,train,positive,1,1,0,1,0,0,0,0,1,0,0,0,0,0,0,0,0,0,0,1
sst2_00987,train_61933,train,negative,0,0,0,0,1,1,0,1,0,1,0,1,0,1,0,1,0,0,0,1
sst2_00985,train_60202,train,negative,0,0,0,0,1,1,1,1,0,1,0,1,0,0,0,1,0,0,0,1
sst2_00988,train_31155,train,positive,0,0,0,0,0,0,0,0,0,0,1,0,0,0,0,0,0,0,0,0
sst2_00990,train_11906,train,positive,1,1,0,1,0,0,0,0,0,0,0,0,0,0,0,0,0,0,0,1
sst2_00989,train_5983,train,negative,0,0,0,0,1,1,1,0,0,0,1,1,0,0,1,1,0,0,0,0
sst2_00991,train_34889,train,positive,1,1,1,1,0,0,0,0,0,0,0,0,0,0,0,1,0,1,0,1
sst2_00995,train_5785,train,negative,0,0,0,0,1,1,0,1,0,0,0,1,0,0,0,1,0,0,0,1
sst2_00992,train_28468,train,positive,1,1,0,1,0,0,0,0,1,0,0,0,0,0,0,1,0,0,0,0
sst2_00994,train_11322,train,positive,1,1,1,1,0,0,0,0,0,0,1,1,0,0,0,1,1,1,0,1
sst2_00996,train_41378,train,negative,0,0,0,0,1,1,1,0,0,0,0,1,0,0,0,1,0,0,0,1
sst2_00997,train_39937,test,negative,0,0,0,0,1,1,1,1,0,1,1,1,1,1,0,1,0,0,0,1
sst2_00993,train_35558,train,positive,1,1,1,1,0,0,0,0,1,0,1,1,0,0,0,1,0,1,0,1
sst2_00999,train_40017,train,negative,0,0,0,0,1,1,0,1,0,0,0,1,0,0,0,1,0,0,1,1
sst2_01001,train_36815,train,negative,0,0,0,0,1,1,0,0,0,0,0,0,0,0,0,1,0,0,0,1
sst2_00998,train_28231,train,positive,1,1,1,1,0,0,0,0,1,0,0,1,0,0,0,1,0,1,0,1
sst2_01000,train_51829,train,positive,1,1,0,0,0,0,0,0,1,0,0,0,0,0,0,1,0,0,0,1
sst2_01002,train_34802,train,positive,1,1,1,0,0,0,0,0,0,0,0,1,0,1,0,1,1,1,0,1
sst2_01003,train_9725,train,positive,1,1,1,1,0,0,0,0,0,0,1,0,0,0,0,1,0,0,0,0
sst2_01006,train_8901,train,positive,1,1,0,1,0,0,0,0,0,0,0,1,0,0,0,1,0,0,0,1
sst2_01005,train_27260,train,negative,0,0,0,0,1,1,0,1,0,1,0,1,0,0,0,1,0,0,0,1
sst2_01009,train_29308,train,positive,1,1,0,1,0,0,0,0,0,0,0,0,0,0,0,0,0,0,0,1
sst2_01007,train_44197,test,positive,1,1,1,1,0,0,0,0,0,0,0,1,0,0,0,1,0,1,0,1
sst2_01008,train_14122,train,positive,1,1,1,0,0,0,0,0,0,0,1,0,0,0,0,1,0,0,0,0
sst2_01010,train_16640,train,positive,1,1,0,0,0,0,0,0,0,0,0,1,0,0,0,1,0,0,0,1
sst2_01004,train_22989,train,positive,1,1,1,1,0,1,0,0,0,0,0,1,0,1,0,1,0,0,0,0
sst2_01011,train_33368,train,negative,0,0,0,0,0,0,0,0,0,0,0,0,0,0,0,0,0,0,0,0
sst2_01012,train_36922,train,positive,1,1,0,1,0,0,0,0,0,0,0,1,0,0,0,1,0,0,0,1
sst2_01013,train_43101,train,positive,1,1,0,1,1,1,0,0,1,1,0,0,0,1,0,0,0,0,0,0
sst2_01014,train_26550,train,positive,1,1,0,1,0,0,0,0,1,0,0,1,0,0,0,1,0,0,0,1
sst2_01017,train_4982,train,positive,1,1,0,0,0,0,0,0,0,0,0,0,0,0,0,0,0,0,0,1
sst2_01015,train_45024,train,negative,0,0,0,0,1,1,1,1,0,0,0,1,0,0,0,1,0,0,1,1
sst2_01016,train_25720,train,positive,1,1,0,1,0,0,0,0,0,0,0,1,0,0,0,1,0,0,0,1
sst2_01019,train_27458,test,positive,1,1,0,1,0,0,0,0,0,0,0,1,0,0,0,1,0,0,0,1
sst2_01018,train_31636,train,positive,1,1,0,1,0,0,0,0,1,0,1,1,0,0,0,1,0,0,0,1
sst2_01021,train_22679,test,positive,0,0,0,0,1,1,1,1,0,0,0,1,0,0,0,1,1,0,0,1
sst2_01020,train_47742,train,positive,0,0,0,0,0,0,0,0,0,0,0,0,0,0,0,0,0,0,0,0
sst2_01022,train_25893,test,negative,0,0,0,0,1,1,0,1,0,0,1,1,1,0,0,1,0,0,0,1
sst2_01023,train_29928,train,positive,1,1,1,1,0,0,0,0,0,0,0,1,0,0,0,1,0,1,0,1
sst2_01025,train_46480,train,negative,0,0,0,0,1,1,1,1,0,0,0,1,0,0,0,1,0,0,1,1
sst2_01024,train_9766,test,positive,1,0,1,0,0,0,0,0,0,0,0,0,0,0,0,1,0,0,0,0
sst2_01026,train_13156,train,positive,1,1,1,1,0,0,0,0,0,0,1,1,0,0,0,1,0,1,0,1
sst2_01028,train_14489,train,negative,0,0,0,0,1,1,1,0,0,0,0,1,0,0,0,1,0,0,0,1
sst2_01027,train_35065,train,negative,0,0,0,0,1,1,1,1,0,0,1,1,0,0,0,1,0,0,1,1
sst2_01029,train_18289,train,positive,1,0,0,0,0,0,0,0,0,0,0,0,0,0,0,1,0,0,0,0
sst2_01030,train_49714,train,positive,1,1,0,0,0,0,0,0,0,0,0,1,0,0,0,1,0,0,0,1
sst2_01031,train_55955,train,positive,1,1,0,1,0,0,0,0,0,0,1,1,0,0,0,1,0,0,0,1
sst2_01032,train_546,train,negative,0,0,0,0,1,1,0,0,0,0,0,1,0,0,0,1,1,0,0,1
sst2_01033,train_1834,train,negative,0,0,0,0,1,1,0,1,0,1,1,1,0,0,0,1,1,0,0,1
sst2_01034,train_16589,train,negative,0,0,0,0,1,1,0,1,0,0,1,1,1,0,0,1,0,0,0,1
sst2_01036,train_64996,train,positive,0,0,0,0,0,0,0,0,0,0,0,0,0,0,0,0,0,0,0,0
sst2_01035,train_35216,test,negative,0,0,0,0,1,1,1,1,0,1,1,1,1,0,0,1,1,0,1,1
sst2_01037,train_56960,train,positive,1,1,0,1,0,0,0,0,0,0,1,1,0,0,0,1,0,0,0,1
sst2_01038,train_26675,train,positive,0,0,0,0,1,0,0,0,0,0,0,1,0,0,0,1,0,0,0,1
sst2_01039,train_11101,test,positive,1,1,1,0,0,0,0,0,0,0,0,0,0,0,0,1,1,1,0,1
sst2_01040,train_39530,train,negative,0,0,0,0,1,1,0,1,0,1,0,1,1,0,0,1,0,0,0,1
sst2_01042,train_53337,test,positive,0,0,0,0,0,0,0,0,0,0,1,0,0,0,0,0,0,0,0,0
sst2_01043,train_35422,test,positive,0,0,0,0,0,0,0,0,0,0,0,0,0,0,1,0,0,0,0,0
sst2_01041,train_47961,train,positive,1,1,0,0,0,0,0,0,1,0,0,0,0,0,0,1,0,0,0,1
sst2_01045,train_23595,train,positive,1,1,1,1,0,0,0,0,0,0,1,1,0,0,0,1,0,1,0,1
sst2_01044,train_17106,train,positive,1,1,1,1,0,1,0,0,0,0,0,1,0,1,0,1,0,1,0,1
sst2_01046,train_10733,train,positive,1,1,1,0,0,0,0,0,0,0,0,1,0,1,0,1,0,1,0,1
sst2_01047,train_4414,test,negative,0,0,0,0,1,1,0,0,0,0,0,1,0,0,0,1,1,0,1,1
sst2_01048,train_58908,test,positive,1,1,0,1,0,0,0,0,1,0,0,1,0,0,0,1,0,0,0,1
sst2_01049,train_62613,train,positive,1,1,1,1,0,0,0,0,0,0,0,1,0,0,0,1,0,1,0,1
sst2_01052,train_65977,train,positive,0,0,0,0,0,0,0,0,0,0,0,1,0,0,0,1,0,0,0,1
sst2_01050,train_14648,train,negative,0,0,0,0,1,1,0,1,0,0,1,1,0,0,0,1,0,0,0,1
sst2_01051,train_15699,train,positive,1,1,1,1,0,0,0,0,0,0,1,1,0,0,0,1,0,1,0,1
sst2_01054,train_11310,test,positive,1,1,0,1,1,1,0,1,0,0,1,1,0,1,0,1,0,0,0,1
sst2_01053,train_5702,train,negative,0,0,0,0,1,1,1,0,0,0,1,1,0,0,0,1,0,0,0,1
sst2_01055,train_58628,train,negative,0,0,0,0,0,0,0,0,0,0,0,0,0,0,0,0,0,0,0,0
sst2_01057,train_28864,train,positive,1,1,0,1,0,0,0,0,0,0,0,1,0,0,0,1,0,0,0,1
sst2_01056,train_57675,train,positive,0,0,0,0,0,0,0,0,0,0,0,0,0,0,0,0,0,0,0,0
sst2_01058,train_49895,train,positive,1,1,0,1,0,0,0,0,0,0,1,0,0,1,0,1,0,0,0,0
sst2_01059,train_24276,train,positive,1,1,0,1,0,0,0,0,1,0,0,0,0,0,0,1,0,0,0,0
sst2_01060,train_58783,train,negative,0,0,0,0,1,1,1,1,0,0,0,1,0,0,0,1,0,0,0,1
sst2_01061,train_45135,train,positive,0,0,0,0,1,1,0,0,0,0,0,1,0,0,0,1,0,0,0,1
sst2_01062,train_65286,train,positive,1,1,1,1,0,0,0,0,0,0,0,1,0,0,0,1,0,1,0,1
sst2_01064,train_6612,train,negative,0,0,0,0,1,1,0,1,0,0,0,1,0,0,0,1,0,0,0,1
sst2_01063,train_55710,train,negative,0,0,0,0,1,1,0,0,0,0,1,1,0,0,0,1,1,0,0,1
sst2_01066,train_33697,train,negative,1,0,1,0,1,1,1,0,0,0,1,1,0,1,0,1,0,0,0,1
sst2_01065,train_58415,train,positive,1,1,1,1,0,0,0,0,0,0,0,1,0,0,0,1,0,1,0,1
sst2_01067,train_29423,test,negative,0,0,0,0,1,1,0,1,0,0,0,1,0,0,0,1,0,0,0,1
sst2_01068,train_49110,train,positive,0,0,0,0,0,0,0,0,0,0,0,0,0,0,0,0,0,0,0,0
sst2_01069,train_45206,test,negative,0,0,0,0,1,1,0,0,0,0,0,1,1,0,0,1,0,0,0,1
sst2_01072,train_59542,train,positive,0,0,0,0,0,0,0,0,0,0,0,0,0,0,0,0,0,0,0,0
sst2_01070,train_18171,test,positive,1,1,1,0,0,0,0,0,0,0,0,1,0,0,0,1,0,1,0,1
sst2_01071,train_46546,train,negative,0,0,0,0,1,1,1,1,0,0,1,1,0,0,0,1,1,0,0,1
sst2_01073,train_40332,train,positive,1,1,1,0,0,0,0,0,0,0,0,1,0,0,0,1,0,0,0,1
sst2_01074,train_62895,train,positive,1,1,1,1,0,0,0,0,0,0,0,1,0,0,0,1,0,1,0,1
sst2_01076,train_25050,train,positive,1,1,1,1,0,0,0,0,0,0,1,1,0,0,0,1,0,1,0,1
sst2_01077,train_65626,train,negative,0,0,0,0,1,1,0,0,0,0,0,1,0,0,0,1,0,0,0,1
sst2_01075,train_66075,train,positive,1,1,0,1,0,0,0,0,1,0,1,1,0,0,0,1,1,0,0,1
sst2_01080,train_55037,train,positive,1,1,0,1,0,0,0,0,0,0,0,1,0,0,0,1,0,0,0,1
sst2_01078,train_27324,test,positive,1,0,1,0,0,0,0,0,0,0,0,0,1,1,1,1,0,1,0,0
sst2_01079,train_38791,train,negative,0,0,0,0,1,1,0,1,0,1,0,1,0,0,0,1,0,0,0,1
sst2_01081,train_10925,train,positive,0,0,0,0,0,0,0,0,0,0,0,0,0,0,0,0,0,0,0,0
sst2_01082,train_45694,train,positive,0,0,0,0,1,1,0,0,0,0,0,0,0,0,0,1,0,0,1,0
sst2_01086,train_16319,train,positive,0,0,0,0,0,0,0,0,0,0,0,0,0,0,0,0,0,0,0,0
sst2_01084,train_41067,train,negative,0,0,0,0,1,1,1,1,0,1,1,1,1,0,0,1,0,0,0,1
sst2_01083,train_10464,train,positive,1,1,1,0,0,0,0,0,0,0,1,0,0,0,0,1,0,0,0,1
sst2_01085,train_17358,train,negative,0,0,0,0,1,1,0,1,0,0,0,1,0,0,0,1,0,0,0,1
sst2_01087,train_57893,train,positive,1,1,0,0,0,0,0,0,0,0,1,1,0,0,0,1,0,0,0,1
sst2_01088,train_20997,train,positive,1,1,0,1,0,0,0,0,1,0,0,0,0,0,0,0,0,0,0,1
sst2_01090,train_36157,train,positive,1,1,0,1,0,0,0,0,0,0,0,0,0,1,0,1,0,0,0,1
sst2_01091,train_53201,train,positive,1,1,0,1,0,0,0,0,0,0,0,1,0,0,0,1,0,0,0,1
sst2_01093,train_28048,train,negative,0,0,0,0,0,0,0,0,0,0,0,0,0,0,0,0,0,0,0,0
sst2_01092,train_47635,train,positive,1,1,1,0,0,0,0,0,0,0,0,0,0,0,0,1,0,1,0,0
sst2_01089,train_23466,train,positive,1,1,0,1,0,0,0,0,1,0,0,1,0,0,0,1,0,0,0,1
sst2_01096,train_16659,train,positive,0,0,0,0,0,0,0,0,0,0,0,0,0,0,0,0,0,0,0,0
sst2_01094,train_23849,train,positive,1,1,0,1,0,0,0,0,1,0,1,1,0,0,0,1,0,0,0,1
sst2_01098,train_66994,train,positive,0,0,0,0,0,0,0,0,0,0,0,0,0,0,1,0,0,0,0,0
sst2_01099,train_19435,train,positive,0,0,0,0,0,0,0,0,0,0,0,0,0,0,0,0,0,0,0,0
sst2_01097,train_30185,train,positive,1,1,1,0,0,0,0,0,0,0,0,0,0,0,0,0,0,1,0,0
sst2_01095,train_40571,train,positive,1,1,1,1,0,0,0,0,0,0,0,1,0,0,0,1,0,0,0,1
sst2_01100,train_51651,train,positive,1,1,0,1,0,0,0,0,0,0,0,1,0,0,0,1,0,0,0,1
sst2_01101,train_12763,train,negative,0,0,0,0,1,1,0,0,0,0,0,1,0,0,0,1,1,0,0,1
sst2_01105,train_53134,train,positive,1,0,0,0,0,0,0,0,0,0,0,0,0,0,0,1,0,0,0,0
sst2_01102,train_49947,test,positive,1,1,0,1,0,0,0,0,0,0,0,1,0,0,0,1,0,0,0,1
sst2_01104,train_29558,train,negative,0,0,0,0,1,1,1,1,0,0,0,1,0,0,0,1,1,0,0,1
sst2_01103,train_65567,test,positive,1,1,0,1,0,0,0,0,0,0,0,1,0,0,0,1,0,0,0,1
sst2_01106,train_22314,train,negative,0,0,0,0,1,1,1,1,0,0,1,1,0,0,0,1,0,0,0,1
sst2_01107,train_39007,train,positive,0,0,0,0,0,0,0,0,1,0,0,0,0,1,1,0,0,0,0,0
sst2_01109,train_10641,train,positive,0,0,0,0,0,0,0,0,0,0,0,0,0,0,0,0,0,0,0,0
sst2_01108,train_55500,train,positive,1,1,0,1,0,0,0,0,1,0,0,1,0,0,0,0,0,0,0,1
sst2_01110,train_48786,train,positive,1,1,0,1,0,0,0,0,1,0,0,1,0,0,0,1,0,0,0,1
sst2_01111,train_15661,train,positive,1,1,0,1,0,0,0,0,1,0,0,1,0,0,0,1,0,0,0,1
sst2_01112,train_21306,train,positive,1,1,1,0,0,0,0,0,0,0,1,0,0,0,0,1,0,1,0,1
sst2_01115,train_58973,train,negative,0,0,0,0,1,1,0,0,0,0,0,1,1,0,0,1,0,0,0,1
sst2_01114,train_48138,test,negative,0,0,0,0,1,1,0,1,0,1,0,1,0,0,0,1,0,0,0,1
sst2_01116,train_12800,test,negative,0,0,0,0,1,1,0,1,0,1,0,1,0,0,0,1,0,0,0,1
sst2_01113,train_16234,test,positive,1,1,1,1,0,0,0,0,0,0,0,0,0,0,0,1,0,0,0,1
sst2_01117,train_23202,train,negative,0,0,0,0,0,0,0,0,0,0,0,0,0,0,0,0,0,0,0,0
sst2_01119,train_66987,train,positive,0,0,1,0,0,0,0,0,0,0,1,0,0,0,0,1,0,1,0,0
sst2_01118,train_54170,train,negative,0,0,0,0,1,1,1,1,0,0,0,1,0,0,0,1,1,0,0,1
sst2_01121,train_33482,train,positive,0,0,0,0,0,0,0,0,0,0,0,0,0,0,0,0,0,0,0,0
sst2_01120,train_36961,train,positive,1,1,1,1,0,0,0,0,0,0,0,1,0,0,0,1,0,1,0,1
sst2_01123,train_15860,train,positive,0,0,0,0,0,0,0,0,0,0,0,0,0,0,0,0,0,0,0,0
sst2_01124,train_38108,train,positive,1,0,0,0,0,0,0,0,0,0,0,1,0,0,0,1,0,0,0,1
sst2_01122,train_19484,train,negative,0,0,0,0,0,0,0,0,0,0,1,0,0,0,0,0,0,0,0,0
sst2_01125,train_28853,train,negative,0,0,0,0,1,1,1,1,0,0,0,1,0,0,0,1,0,0,0,1
sst2_01127,train_11056,test,positive,1,1,0,1,0,0,0,0,1,0,0,1,0,0,0,1,0,1,0,1
sst2_01126,train_18288,train,positive,0,0,0,0,1,1,1,1,0,0,0,1,0,0,0,1,1,0,1,1
sst2_01129,train_44928,test,positive,0,0,0,0,0,0,0,0,0,0,0,0,0,0,0,0,0,0,0,0
sst2_01128,train_27732,train,positive,1,1,0,0,0,0,0,0,1,0,0,0,0,0,0,1,0,0,0,0
sst2_01130,train_5441,train,negative,0,0,0,0,1,1,1,1,0,0,1,1,0,0,0,1,0,0,1,1
sst2_01131,train_63093,train,positive,1,1,1,1,0,0,0,0,1,0,0,0,0,0,0,1,0,1,0,1
sst2_01132,train_61766,train,positive,1,1,0,0,0,0,0,0,0,0,0,0,0,0,0,0,1,0,0,0
sst2_01133,train_12998,test,negative,0,0,0,0,1,1,0,0,0,0,1,1,1,0,0,1,0,0,0,1
sst2_01137,train_36595,train,positive,0,0,0,0,0,0,0,0,0,0,0,0,0,0,0,0,0,0,0,0
sst2_01135,train_45307,train,positive,1,1,0,1,0,0,0,0,0,0,1,1,0,0,0,0,0,0,0,1
sst2_01138,train_57130,train,positive,1,1,0,1,0,0,0,0,0,0,0,0,0,0,0,0,0,0,0,1
sst2_01134,train_52524,train,negative,0,0,0,0,1,1,1,1,0,0,0,1,0,0,0,1,0,0,1,1
sst2_01136,train_62173,train,negative,0,0,0,0,1,1,0,1,0,1,0,1,0,0,0,1,1,0,0,1
sst2_01141,train_41236,test,negative,0,0,1,0,0,1,1,0,0,0,1,0,0,1,0,0,1,0,0,0
sst2_01139,train_62371,train,negative,0,0,0,0,1,1,0,1,0,1,0,1,0,0,0,1,0,0,0,1
sst2_01140,train_8195,train,negative,0,0,0,0,0,0,0,0,0,0,0,0,0,0,1,0,0,0,0,0
sst2_01142,train_20040,train,positive,0,0,0,0,0,0,0,0,0,0,0,0,0,1,1,1,0,0,0,0
sst2_01143,train_61418,test,negative,0,0,0,0,1,1,0,1,0,0,1,1,0,0,0,1,0,0,0,1
sst2_01144,train_26066,train,negative,0,0,0,0,1,1,0,1,0,1,0,1,0,1,0,1,0,0,0,1
sst2_01145,train_20425,train,positive,1,1,1,1,0,0,0,0,1,0,0,1,0,0,0,1,1,1,0,1
sst2_01146,train_7109,train,negative,0,0,0,0,1,1,0,1,0,0,0,1,0,0,0,1,1,0,1,1
sst2_01147,train_52999,train,negative,0,0,0,0,1,0,0,0,0,0,0,0,0,0,0,1,0,0,0,0
sst2_01149,train_35198,train,positive,1,0,0,0,0,0,0,0,0,0,0,0,0,0,1,1,0,0,0,0
sst2_01150,train_53679,train,negative,0,0,0,0,1,1,1,1,0,0,0,1,0,0,0,1,0,0,0,1
sst2_01151,train_58298,train,positive,0,0,0,0,0,0,0,0,0,0,1,0,0,0,0,0,0,0,0,0
sst2_01152,train_57735,test,negative,0,0,0,0,0,0,0,0,0,0,0,0,0,0,1,0,0,0,0,0
sst2_01148,train_63957,train,negative,0,0,0,0,1,1,0,1,0,0,0,1,0,0,0,1,0,0,0,1
sst2_01153,train_236,train,negative,0,0,0,0,0,0,0,0,0,0,1,0,0,0,1,0,0,0,0,0
sst2_01155,train_24364,train,negative,0,0,0,0,1,0,0,0,0,0,0,0,0,0,0,1,0,0,0,0
sst2_01154,train_6447,test,positive,1,1,1,1,0,0,0,0,0,0,1,1,0,0,0,1,0,1,0,1
sst2_01157,train_7756,train,negative,0,0,0,0,1,0,0,0,0,0,0,0,0,0,0,1,0,0,0,1
sst2_01156,train_39069,train,positive,1,1,0,0,0,0,0,0,0,0,0,0,0,0,0,1,0,0,0,0
sst2_01158,validation_62,train,positive,0,0,0,0,0,0,0,0,0,0,0,0,0,0,0,1,0,0,0,0
sst2_01159,train_50604,train,positive,1,1,0,1,0,0,0,0,0,0,1,1,0,0,0,1,0,0,0,1
sst2_01160,train_15770,train,positive,1,1,0,1,0,0,0,0,0,0,0,1,0,0,0,1,0,0,0,1
sst2_01162,train_12139,train,positive,1,1,0,1,0,0,0,0,0,0,0,1,0,0,0,1,0,0,0,1
sst2_01163,train_18150,train,negative,0,0,0,0,1,1,1,1,0,0,0,1,1,0,0,1,1,0,1,1
sst2_01161,train_46557,train,negative,0,0,0,0,1,1,1,1,0,1,1,1,1,0,0,1,0,0,1,1
sst2_01164,train_64684,train,negative,0,0,0,0,1,1,0,1,0,1,0,1,0,0,0,1,0,0,0,1
sst2_01165,train_60956,test,positive,1,1,0,0,0,0,0,0,1,0,1,0,0,0,0,1,0,0,0,1
sst2_01166,train_58310,train,positive,1,1,0,0,0,0,0,0,0,0,1,0,0,0,0,0,0,0,0,0
sst2_01167,train_58803,train,positive,1,0,0,0,0,0,0,0,0,0,0,0,0,0,0,1,0,0,0,0
sst2_01170,train_34836,train,positive,1,0,1,0,0,0,0,0,0,0,0,0,0,0,0,1,0,1,0,1
sst2_01169,train_59555,train,positive,1,1,0,1,0,0,0,0,0,0,1,1,0,0,0,1,0,0,0,1
sst2_01171,train_50916,train,positive,1,1,1,0,0,0,0,0,0,0,0,0,0,0,0,1,0,1,0,1
sst2_01168,train_15721,train,negative,0,0,0,0,1,1,1,1,0,0,1,1,0,0,0,1,0,0,0,1
sst2_01172,train_16269,train,positive,1,1,1,1,0,0,0,0,0,0,1,1,0,0,0,1,0,1,0,1
sst2_01173,train_61843,train,negative,0,0,0,0,1,1,0,1,0,1,1,1,0,0,0,1,0,0,0,1
sst2_01175,train_42052,train,positive,0,0,0,0,0,0,0,0,0,0,0,0,0,0,0,0,0,0,0,0
sst2_01174,train_11096,test,positive,1,0,0,0,0,0,0,0,0,0,0,0,0,0,0,0,0,0,0,0
sst2_01178,train_10055,train,positive,1,1,0,1,0,0,0,0,1,0,0,1,0,0,0,1,0,0,0,1
sst2_01176,train_8750,train,positive,1,1,0,1,0,0,0,0,0,0,1,0,0,0,0,0,0,0,0,0
sst2_01177,train_19334,test,negative,0,0,0,0,1,1,0,1,0,1,1,1,0,1,0,1,0,0,0,1
sst2_01179,train_35451,train,negative,0,0,0,0,0,0,0,0,0,0,0,0,0,0,0,1,0,0,0,0
sst2_01180,train_24561,train,positive,1,1,0,1,0,0,0,0,1,0,1,1,0,0,0,1,0,0,0,1
sst2_01183,train_40745,test,positive,1,1,0,0,0,0,0,0,0,0,0,0,0,0,0,1,0,0,0,0
sst2_01184,train_34078,train,positive,1,1,1,0,0,0,0,0,0,0,0,0,0,0,0,1,0,1,0,0
sst2_01182,validation_213,train,negative,0,0,0,0,1,1,1,1,0,1,1,1,0,0,0,1,0,0,0,1
sst2_01181,train_37096,train,negative,0,0,0,0,1,1,0,0,0,0,0,0,0,0,0,1,0,0,0,0
sst2_01185,train_49436,train,negative,0,0,0,0,0,0,0,0,0,0,0,0,0,0,0,0,0,0,0,0
sst2_01186,train_65195,train,negative,0,0,0,0,1,1,1,1,0,1,0,1,0,0,0,1,1,0,1,1
sst2_01189,train_16040,train,positive,0,0,0,0,0,0,0,0,0,0,0,0,0,0,0,0,0,0,0,0
sst2_01187,train_65735,train,positive,1,1,0,1,0,0,0,0,1,0,0,1,0,0,0,1,0,0,0,1
sst2_01188,train_15265,train,positive,1,1,1,0,0,0,0,0,0,0,0,1,0,0,0,1,0,0,0,1
sst2_01190,train_23583,train,positive,1,1,0,1,0,0,0,0,1,0,1,1,0,0,0,1,0,0,0,1
sst2_01192,train_18880,train,positive,1,1,0,0,0,0,0,0,0,0,0,1,0,0,0,1,0,0,0,1
sst2_01193,train_56685,train,positive,1,1,1,1,0,0,0,0,1,0,0,1,0,0,0,1,0,1,0,1
sst2_01195,train_43784,train,positive,1,1,0,1,0,0,0,0,0,0,0,1,0,0,0,1,0,0,0,1
sst2_01194,train_24094,train,positive,1,1,1,1,0,0,0,0,0,0,0,1,0,0,0,1,0,1,0,1
sst2_01191,train_42339,train,positive,0,0,0,0,1,1,0,0,0,0,1,1,0,0,0,1,0,0,0,1
sst2_01196,train_64035,train,negative,0,0,0,0,1,1,0,1,0,0,0,1,0,0,0,1,0,0,0,1
sst2_01197,train_24492,train,negative,0,0,0,0,1,1,1,1,0,1,1,1,0,0,0,1,1,0,1,1
sst2_01198,train_7663,train,positive,1,1,0,0,0,0,0,0,1,0,0,1,0,0,0,0,0,0,0,1
sst2_01199,train_23793,train,negative,0,0,0,0,1,1,1,1,0,1,0,1,0,0,0,1,0,0,0,1
sst2_01200,train_64312,test,negative,0,0,0,0,1,1,0,1,0,1,0,1,0,0,0,1,0,0,1,1
sst2_01202,train_31996,train,positive,1,1,1,0,0,0,0,0,0,0,0,0,0,0,1,1,0,1,0,0
sst2_01203,train_27637,train,positive,0,0,0,0,0,0,0,0,0,0,0,0,0,0,0,0,0,0,0,0
sst2_01201,train_7216,train,negative,0,0,0,0,1,1,0,1,0,0,1,1,0,0,0,1,0,0,0,1
sst2_01204,train_61767,test,positive,1,1,0,1,0,0,0,0,0,0,0,1,0,0,0,1,0,0,0,1
sst2_01206,train_41814,test,negative,0,0,0,0,1,1,0,1,0,0,0,1,0,0,0,1,0,0,1,1
sst2_01207,validation_844,test,negative,0,0,0,0,1,1,1,1,0,1,1,1,0,0,0,1,1,0,0,1
sst2_01208,train_56848,test,positive,0,0,0,0,0,0,0,0,0,0,0,0,0,0,1,0,0,0,0,0
sst2_01205,train_44816,train,negative,0,0,0,0,0,0,0,0,0,0,1,0,0,0,1,0,0,0,0,0
sst2_01209,train_18890,train,negative,0,0,0,0,1,1,1,1,0,0,0,1,0,0,0,1,1,0,0,1
sst2_01210,train_28627,train,positive,1,1,0,1,0,0,0,0,0,0,0,1,0,0,0,1,0,0,0,1
sst2_01214,train_65407,train,negative,0,0,0,0,1,0,0,0,0,0,0,0,0,0,0,1,0,0,0,0
sst2_01211,train_48902,train,positive,1,1,1,1,0,0,0,0,0,0,1,1,0,0,0,0,0,0,0,1
sst2_01212,train_51213,train,negative,0,0,0,0,1,1,0,1,0,0,0,1,0,0,0,1,0,0,1,1
sst2_01213,train_47790,train,negative,0,0,0,0,1,1,0,0,0,0,0,1,0,0,0,1,0,0,0,1
sst2_01216,train_43679,train,positive,1,1,0,0,0,0,0,0,0,0,0,0,0,0,0,1,0,0,0,0
sst2_01215,train_45147,train,negative,0,0,0,0,0,0,0,0,0,0,1,0,0,0,0,0,0,0,0,0
sst2_01217,train_20569,train,positive,1,1,1,1,0,0,0,0,0,0,0,1,0,0,0,1,0,1,0,1
sst2_01219,train_56948,train,positive,1,1,0,0,0,0,0,0,0,0,0,0,0,0,0,1,0,1,0,0
sst2_01218,train_48151,train,negative,0,0,0,0,1,1,0,1,0,0,1,1,0,0,0,1,0,0,1,1
sst2_01220,train_32742,train,negative,0,0,0,0,1,1,0,1,0,1,0,1,0,0,0,1,0,0,0,1
sst2_01221,train_231,train,positive,0,0,0,0,0,0,0,0,0,0,0,0,0,0,0,0,0,0,0,0
sst2_01222,train_50628,test,negative,0,0,0,0,1,1,0,1,0,1,0,1,0,0,0,1,0,0,0,1
sst2_01223,train_17201,train,negative,0,0,0,0,1,1,1,1,0,0,0,1,0,0,0,1,0,0,0,1
sst2_01224,train_32569,test,positive,0,0,0,0,0,0,0,0,0,0,0,0,0,0,0,0,0,0,0,0
sst2_01227,train_21857,train,negative,0,0,0,0,0,0,0,0,0,0,0,0,0,0,0,0,0,0,0,0
sst2_01225,train_3916,test,positive,1,1,0,0,0,0,0,0,0,0,0,0,0,0,0,0,0,0,0,1
sst2_01226,train_41356,train,positive,1,1,1,1,0,0,0,0,0,0,0,0,0,0,0,1,0,1,0,1
sst2_01228,train_12922,train,positive,1,1,0,1,0,0,0,0,0,0,0,1,0,0,0,1,0,0,0,1
sst2_01229,train_61758,test,negative,0,0,0,0,1,1,0,1,0,0,0,0,0,0,0,0,0,0,0,1
sst2_01230,train_3646,train,negative,0,0,0,0,0,0,0,0,0,0,0,0,0,0,1,0,0,0,0,0
sst2_01231,train_62430,train,negative,0,0,0,0,1,1,1,1,0,1,0,1,0,0,0,1,0,0,0,1
sst2_01232,train_662,train,positive,1,1,0,0,0,0,0,0,1,0,0,1,0,0,0,1,0,0,0,1
sst2_01233,train_51596,train,negative,0,0,0,0,1,1,0,0,0,0,0,1,0,0,0,1,0,0,0,1
sst2_01234,train_37436,test,positive,0,0,0,0,0,0,0,0,0,0,0,0,0,0,0,0,0,0,0,0
sst2_01236,train_33846,train,negative,0,0,0,0,1,1,0,0,0,0,0,1,0,0,0,1,0,0,0,1
sst2_01235,train_10122,test,negative,0,0,0,0,1,1,1,1,0,1,0,1,0,0,0,1,1,0,0,1
sst2_01237,train_67016,train,positive,1,1,1,0,0,0,0,0,0,0,0,0,0,0,0,1,0,1,0,0
sst2_01238,train_53128,train,negative,0,0,0,0,1,1,0,1,0,0,0,1,0,0,0,1,1,0,0,1
sst2_01239,train_4796,train,positive,1,1,0,0,0,0,0,0,0,0,0,1,0,0,0,1,0,0,0,1
sst2_01240,validation_393,train,positive,1,1,1,0,0,0,0,0,0,0,0,0,0,0,0,1,0,0,0,1
sst2_01242,train_57391,train,positive,1,1,1,0,0,0,0,0,0,0,0,0,0,0,0,1,0,1,0,0
sst2_01243,train_17533,train,negative,0,0,0,0,1,1,0,0,0,0,0,1,0,0,0,1,0,0,0,1
sst2_01241,train_52375,train,positive,1,1,1,0,0,0,0,0,0,0,0,1,0,0,0,1,1,1,0,1
sst2_01244,train_26109,train,negative,0,0,0,0,1,1,0,0,0,0,0,0,0,0,0,1,0,0,0,0
sst2_01245,train_35092,train,negative,0,0,0,0,1,1,0,1,0,1,0,1,0,0,0,1,0,0,0,1
sst2_01246,train_49104,train,negative,0,0,0,0,1,1,1,1,0,1,0,1,0,0,0,1,1,0,0,1
sst2_01249,train_31298,test,positive,0,0,0,0,0,0,0,0,0,0,0,0,0,0,0,0,0,0,0,0
sst2_01247,train_11323,train,negative,0,0,0,0,1,1,0,0,0,0,1,0,0,0,0,0,0,0,0,1
sst2_01248,train_8153,train,positive,1,1,0,1,0,0,0,0,0,0,1,1,0,0,0,1,0,0,0,1
sst2_01250,train_7966,train,negative,0,0,0,0,1,1,1,1,0,0,0,1,0,0,0,1,0,0,0,1
sst2_01252,train_19776,train,positive,1,1,0,1,0,0,0,0,1,0,0,1,0,0,0,0,0,0,0,1
sst2_01253,train_15534,train,negative,0,0,0,0,1,1,0,1,0,0,0,1,0,0,0,1,0,0,0,1
sst2_01251,train_43644,train,positive,1,1,1,0,0,0,0,0,0,0,0,0,0,0,0,1,0,1,0,0
sst2_01254,train_54751,train,negative,0,0,0,0,1,1,1,1,1,1,0,1,0,1,0,1,1,0,0,1
sst2_01255,train_26303,train,positive,1,1,1,0,0,0,0,0,0,0,0,1,0,0,0,1,0,0,0,1
sst2_01257,train_25858,train,negative,0,0,0,0,1,1,1,1,0,0,0,1,0,1,1,1,0,0,0,0
sst2_01260,train_30198,train,positive,0,0,0,0,0,0,0,0,0,0,0,0,0,0,0,0,0,0,0,0
sst2_01256,train_65060,train,negative,0,0,0,0,1,1,1,1,0,0,1,1,0,0,0,1,0,0,0,1
sst2_01259,train_44595,train,negative,0,0,0,0,1,1,0,1,0,0,1,1,0,1,0,1,0,0,0,1
sst2_01258,train_66074,test,negative,0,0,0,0,1,1,0,1,0,0,0,1,0,0,0,1,0,0,1,1
sst2_01261,train_35394,test,positive,0,0,0,0,1,0,0,0,0,0,0,0,0,0,0,1,0,0,0,0
sst2_01262,train_51516,test,negative,0,0,0,0,1,1,0,0,0,0,0,0,0,0,1,1,0,0,0,0
sst2_01263,train_20191,train,negative,0,0,0,0,1,1,0,0,0,0,0,1,0,0,0,1,0,0,0,1
sst2_01264,train_36739,train,positive,1,1,0,1,0,0,0,0,0,0,1,1,0,0,0,1,0,0,0,1
sst2_01266,train_43093,train,negative,1,1,1,0,0,0,0,0,0,0,1,1,1,1,0,1,0,0,0,0
sst2_01265,train_26952,test,negative,0,0,0,0,1,1,0,1,0,1,0,1,0,0,0,1,0,0,0,1
sst2_01268,train_46759,train,positive,1,1,0,1,0,0,0,0,1,0,0,1,0,0,0,0,0,0,0,1
sst2_01271,train_48676,train,positive,1,1,0,0,0,0,0,0,0,0,0,0,0,0,0,0,0,0,0,0
sst2_01267,train_51420,train,negative,0,0,0,0,1,1,0,1,0,1,0,1,0,0,0,1,0,0,0,1
sst2_01269,train_37625,test,positive,1,1,0,1,0,0,0,0,0,0,1,1,0,0,0,1,0,0,0,1
sst2_01270,train_867,test,negative,1,1,1,1,1,1,1,1,0,1,1,1,0,1,0,1,0,0,0,1
sst2_01272,train_51765,train,positive,1,1,1,0,0,0,0,0,0,0,0,0,0,0,0,1,1,0,0,1
sst2_01273,train_5472,train,negative,0,0,0,0,1,1,0,1,0,1,1,1,1,0,0,1,0,0,0,1
sst2_01274,train_49207,train,negative,0,0,0,0,1,1,0,1,0,1,1,1,0,0,0,1,0,0,0,1
sst2_01276,train_57416,train,negative,0,0,0,0,0,0,0,0,0,0,1,0,0,0,1,0,0,0,0,0
sst2_01277,train_8785,train,negative,0,0,0,0,1,1,1,1,0,0,1,1,0,0,0,1,0,0,0,1
sst2_01275,train_1674,test,positive,1,1,0,1,0,0,0,0,0,0,0,1,0,0,0,1,0,0,0,1
sst2_01279,train_49415,train,negative,0,0,0,0,1,1,0,1,0,0,1,1,0,0,0,1,0,0,0,1
sst2_01278,train_17977,test,positive,1,1,1,0,0,0,0,0,0,0,0,0,0,0,1,0,1,0,0,0
sst2_01280,train_7829,train,negative,0,0,0,0,1,1,0,1,0,0,0,1,0,0,0,1,0,0,0,1
sst2_01281,train_65038,train,negative,0,0,0,0,1,1,0,0,0,0,0,1,0,0,0,1,0,0,0,1
sst2_01284,train_41093,train,positive,0,0,0,0,0,0,0,0,0,0,0,0,0,0,0,0,0,0,0,0
sst2_01283,train_50633,test,positive,1,1,0,1,0,0,0,0,0,0,1,1,0,0,0,1,0,0,0,1
sst2_01282,train_25322,train,positive,1,1,1,1,0,0,0,0,0,0,0,1,0,0,0,1,1,1,0,1
sst2_01285,train_32053,train,positive,1,1,1,1,0,0,0,0,0,0,0,1,0,0,0,1,0,1,0,1
sst2_01286,train_21039,train,positive,1,1,0,1,0,0,0,0,0,0,0,1,0,0,0,1,0,0,0,1
sst2_01288,train_30675,train,negative,0,0,0,0,1,1,1,1,0,1,0,1,0,0,0,1,0,0,1,1
sst2_01287,train_52221,train,negative,0,0,0,0,0,0,0,0,0,0,1,0,0,0,0,0,0,0,0,0
sst2_01290,train_11759,train,negative,0,0,0,0,0,0,0,0,0,0,1,0,0,0,1,0,0,0,0,0
sst2_01291,train_10930,train,positive,1,1,0,1,0,0,0,0,0,0,1,1,0,0,0,1,0,0,0,1
sst2_01289,train_50399,test,negative,0,0,0,0,1,1,0,1,0,1,1,1,0,0,0,1,0,0,0,1
sst2_01292,train_15806,test,positive,1,1,1,0,0,0,0,0,0,0,0,0,0,0,0,1,0,0,0,1
sst2_01293,train_4537,test,positive,1,1,1,0,0,0,0,0,0,0,0,1,0,0,0,0,1,0,0,1
sst2_01294,train_42452,train,positive,1,0,0,0,0,0,0,0,0,0,0,0,1,1,0,1,0,0,0,0
sst2_01295,train_55538,train,positive,1,1,0,0,0,0,0,0,0,0,1,1,0,0,0,1,0,0,0,1
sst2_01298,train_47711,train,positive,1,1,0,1,0,0,0,0,1,0,0,0,0,0,0,1,0,0,0,0
sst2_01297,train_45223,train,positive,1,0,0,0,0,0,0,0,0,0,0,0,0,0,0,0,0,0,0,0
sst2_01299,train_7266,test,negative,0,0,0,0,1,1,0,1,0,0,1,1,0,0,0,1,0,0,0,1
sst2_01300,train_2716,train,positive,1,1,1,0,0,0,0,0,0,0,0,0,0,0,0,1,0,0,0,1
sst2_01296,train_31806,train,negative,0,0,0,0,1,1,1,1,0,0,0,1,0,0,0,1,0,0,0,1
sst2_01301,train_16270,train,positive,0,0,0,0,0,0,0,0,0,0,0,0,0,0,0,0,0,0,0,0
sst2_01302,train_49961,train,positive,1,1,0,0,0,0,0,0,0,0,1,0,0,0,0,0,0,0,0,0
sst2_01303,train_25301,train,negative,0,0,0,0,1,1,1,1,0,0,0,1,0,0,0,1,0,0,0,1
sst2_01304,train_35711,train,positive,0,0,0,0,0,0,0,0,0,0,0,0,0,0,0,0,0,0,0,0
sst2_01305,train_9073,train,negative,0,0,0,0,1,1,1,1,0,1,1,1,0,0,0,1,1,0,0,1
sst2_01308,train_9243,train,positive,0,0,0,0,0,0,0,0,0,0,0,1,0,0,0,1,0,0,0,1
sst2_01306,train_36241,train,positive,1,0,1,0,0,0,0,0,0,0,0,0,0,0,0,0,0,0,0,0
sst2_01309,train_16556,test,positive,1,1,0,1,0,0,0,0,0,0,0,1,0,0,0,1,0,0,0,1
sst2_01307,train_3777,test,positive,1,1,0,1,0,0,0,0,0,0,0,1,0,0,0,1,0,0,0,1
sst2_01310,train_24574,train,negative,0,0,0,0,1,1,0,1,0,0,0,1,0,1,0,1,0,0,0,1
sst2_01311,train_53562,test,negative,0,0,0,0,1,1,0,1,0,0,0,0,0,0,1,1,0,0,0,0
sst2_01314,train_5953,train,negative,0,0,0,0,0,0,0,0,0,0,0,0,0,0,0,0,0,0,0,0
sst2_01312,train_44850,test,positive,1,0,0,0,0,0,0,0,0,0,0,0,0,0,0,1,0,0,0,0
sst2_01313,train_20706,train,positive,1,1,1,0,0,0,0,0,0,0,0,1,0,0,0,1,0,0,0,1
sst2_01315,train_43229,train,negative,0,0,0,0,1,1,0,0,0,0,1,1,0,0,0,1,0,0,0,1
sst2_01316,train_45721,train,positive,0,0,0,0,0,0,0,0,0,0,0,1,0,0,0,0,0,0,0,1
sst2_01317,train_12825,train,positive,0,0,0,0,0,0,0,0,0,0,0,0,0,0,0,0,0,0,0,0
sst2_01319,train_58178,train,negative,0,0,0,0,1,1,0,0,0,0,0,1,0,0,0,1,0,0,0,1
sst2_01320,train_45917,train,positive,1,1,0,0,0,0,0,0,1,0,0,1,0,0,0,1,0,0,0,1
sst2_01318,train_53733,train,negative,0,0,0,0,1,1,0,0,0,0,0,0,0,0,0,1,0,0,1,1
sst2_01321,train_16152,train,negative,0,0,0,0,1,1,1,1,0,0,0,1,0,0,0,1,1,0,0,1
sst2_01323,train_57133,train,positive,1,1,0,1,0,0,0,0,0,0,0,1,0,0,0,1,0,0,0,1
sst2_01322,train_58509,test,positive,1,1,0,1,0,0,0,0,0,0,1,1,0,0,0,1,0,0,0,1
sst2_01325,train_44218,train,negative,0,0,0,0,1,1,0,0,0,0,0,0,0,0,0,1,0,0,0,0
sst2_01324,train_39148,train,negative,0,0,0,0,1,1,0,1,0,1,0,0,0,0,1,0,0,0,0,0
sst2_01326,train_46668,train,negative,0,0,0,0,1,1,1,1,0,1,0,1,0,0,0,1,0,0,0,1
sst2_01327,train_34700,train,negative,0,0,0,0,0,0,0,0,0,0,0,0,0,0,0,0,0,0,0,0
sst2_01328,train_40876,train,negative,0,0,0,0,1,1,0,0,0,0,0,1,0,0,0,1,0,0,0,1
sst2_01330,train_63850,train,positive,1,1,0,0,0,0,0,0,0,0,0,0,0,0,1,1,0,0,0,0
sst2_01329,train_32268,train,positive,1,1,1,0,0,0,0,0,0,0,0,0,0,0,0,0,0,0,0,1
sst2_01331,train_57134,test,positive,1,1,0,0,0,0,0,0,0,0,0,0,0,0,0,1,0,0,0,0
sst2_01332,train_66614,train,positive,1,1,0,1,0,0,0,0,0,0,0,1,0,0,0,1,0,0,0,1
sst2_01333,train_52528,train,positive,1,0,1,0,1,1,0,0,0,0,0,0,0,1,0,1,0,1,0,0
sst2_01335,train_10275,train,positive,1,1,1,1,0,0,0,0,0,0,1,1,0,0,0,1,0,1,0,1
sst2_01337,train_61426,test,positive,1,1,0,0,0,0,0,0,1,0,0,0,0,0,0,1,0,0,0,1
sst2_01336,train_4354,train,positive,1,1,0,1,0,0,0,0,0,0,0,1,0,0,0,1,0,0,0,1
sst2_01338,validation_586,train,negative,0,0,0,0,1,1,1,1,0,1,1,1,0,0,0,1,0,0,0,1
sst2_01339,train_3358,train,negative,0,0,0,0,1,1,0,0,0,0,0,1,0,0,0,1,0,0,0,1
sst2_01334,train_7718,train,negative,1,1,0,0,0,0,0,0,0,0,0,1,0,0,0,1,0,0,0,1
sst2_01340,train_22332,test,negative,0,0,0,0,1,1,0,1,0,0,0,1,0,0,0,1,1,0,0,1
sst2_01342,train_66317,test,positive,1,1,1,0,1,1,0,0,0,0,0,1,1,1,0,1,0,1,0,1
sst2_01341,train_37451,train,negative,0,0,0,0,1,1,1,1,0,0,0,1,0,0,0,1,1,0,0,1
sst2_01344,train_8905,train,negative,0,0,0,0,1,1,0,0,0,0,1,1,0,0,0,1,1,0,0,1
sst2_01343,train_23810,train,negative,0,0,0,0,1,1,0,1,0,0,1,1,0,0,0,1,0,0,0,1
sst2_01345,train_8392,train,negative,0,0,0,0,1,1,1,1,0,0,1,1,0,0,0,1,0,0,0,1
sst2_01347,train_10640,train,positive,1,1,1,0,0,0,0,0,0,0,1,0,0,1,1,1,0,1,0,0
sst2_01348,train_46808,train,positive,1,1,1,0,0,0,0,0,0,0,0,1,0,0,0,1,0,1,0,1
sst2_01346,train_62352,train,positive,0,0,0,0,0,0,0,0,0,0,0,0,0,0,0,0,0,0,0,0
sst2_01349,train_9118,train,positive,1,1,0,1,1,0,0,0,1,0,0,1,0,1,0,1,0,0,0,1
sst2_01350,train_55922,train,positive,1,1,0,1,0,0,0,0,0,0,0,1,0,0,0,1,0,0,0,1
sst2_01352,train_25071,train,negative,1,1,0,1,0,1,0,0,1,1,0,1,0,1,0,1,0,0,0,1
sst2_01351,train_61682,train,negative,0,0,0,0,1,1,0,1,0,0,0,1,0,0,0,1,0,0,0,1
sst2_01353,train_40340,train,positive,0,0,0,0,0,0,0,0,0,0,0,0,0,0,0,0,0,0,0,0
sst2_01354,train_44243,train,negative,0,0,0,0,0,0,0,0,0,0,0,0,0,0,0,0,0,0,0,0
sst2_01355,train_60596,train,negative,0,0,0,0,1,1,1,1,0,0,1,1,1,0,0,1,0,0,0,1
sst2_01356,train_28889,train,positive,1,1,1,1,0,0,0,0,1,0,0,1,0,0,0,1,1,1,0,1
sst2_01357,train_66183,train,positive,1,1,1,1,0,0,0,0,1,0,0,1,0,0,0,1,0,1,0,1
sst2_01359,train_2840,train,positive,1,0,0,0,0,0,0,0,0,0,0,0,0,0,0,1,0,0,0,0
sst2_01360,train_42409,train,negative,0,0,0,0,1,1,0,0,0,0,0,1,0,0,0,1,0,0,0,1
sst2_01358,train_19997,train,negative,0,0,0,0,1,1,0,1,0,1,0,1,0,0,0,1,0,0,0,1
sst2_01362,train_12947,train,positive,0,0,0,0,0,0,0,0,0,0,0,0,0,0,0,0,0,0,0,0
sst2_01361,train_4648,train,positive,1,1,1,1,0,0,0,0,1,0,0,1,0,0,0,1,0,1,0,1
sst2_01363,train_56104,train,positive,1,0,0,0,0,0,0,0,0,0,1,0,0,0,0,0,0,0,0,0
sst2_01365,train_22526,train,positive,1,1,0,1,0,0,0,0,0,0,0,1,0,0,0,1,0,0,0,1
sst2_01364,train_31595,test,negative,0,0,0,0,1,1,0,1,0,1,0,1,1,0,0,1,0,0,0,1
sst2_01366,train_6197,train,positive,1,1,0,1,0,0,0,0,0,0,0,1,0,0,0,1,0,0,0,1
sst2_01367,train_35347,train,positive,1,1,0,1,0,0,0,0,1,0,1,1,0,0,0,1,0,0,0,1
sst2_01368,train_5482,train,positive,1,1,0,1,0,0,0,0,1,0,0,1,0,0,0,1,0,0,0,1
sst2_01370,train_37760,train,negative,0,0,0,0,1,1,0,1,0,1,0,1,0,0,0,1,0,0,0,1
sst2_01369,train_61836,test,positive,0,0,0,0,0,0,0,0,0,0,0,0,0,0,0,0,0,0,0,0
sst2_01371,train_31124,train,negative,0,0,0,0,1,1,0,1,0,0,0,1,0,0,0,1,1,0,0,1
sst2_01372,train_44787,train,positive,1,1,0,0,0,0,0,0,1,0,0,0,0,0,0,0,0,0,0,0
sst2_01373,train_10052,train,positive,1,1,1,1,0,0,0,0,0,0,0,0,0,0,0,1,0,0,0,1
sst2_01374,train_8661,train,positive,1,1,0,1,0,0,0,0,1,0,0,0,0,0,0,1,0,0,0,1
sst2_01376,train_14839,train,positive,1,1,1,1,0,0,0,0,0,0,1,1,0,0,0,1,0,1,0,1
sst2_01375,train_16163,test,negative,0,0,0,0,1,1,1,1,0,0,1,1,0,0,0,1,0,0,0,1
sst2_01378,train_54604,test,positive,1,1,0,1,0,0,0,0,1,0,0,1,0,0,0,1,0,0,0,1
sst2_01380,train_26334,test,positive,1,1,0,1,0,0,0,0,0,0,0,1,0,1,0,1,0,0,1,1
sst2_01379,train_26699,test,negative,0,0,0,0,1,1,0,0,0,0,0,0,0,0,0,0,0,0,0,1
sst2_01381,train_64669,train,negative,0,0,0,0,1,1,0,1,0,0,0,1,0,0,0,1,1,0,0,1
sst2_01382,train_997,train,negative,0,0,0,0,1,1,1,1,0,1,0,1,0,0,0,1,0,0,0,1
sst2_01385,train_53663,train,positive,1,1,0,0,0,0,0,0,1,0,0,0,0,0,0,0,0,0,0,0
sst2_01377,train_38967,test,positive,1,1,0,1,0,0,0,0,1,0,1,1,0,0,0,1,0,0,0,1
sst2_01383,train_18392,train,positive,1,1,0,1,0,0,0,0,0,0,0,1,0,0,0,1,0,0,0,1
sst2_01387,train_31508,train,negative,0,0,0,0,1,1,1,1,0,1,0,1,0,0,0,1,0,0,0,1
sst2_01386,train_15474,train,positive,1,1,1,1,0,0,0,0,0,0,0,1,0,0,0,1,1,1,0,1
sst2_01384,train_59226,train,negative,0,0,0,0,1,1,0,0,0,0,0,0,0,1,0,1,0,0,0,1
sst2_01388,train_15921,train,negative,0,0,0,0,1,1,0,1,0,0,0,1,0,0,0,1,0,0,0,1
sst2_01390,train_25006,test,positive,1,0,0,0,0,0,0,0,0,0,0,0,0,0,0,1,0,0,0,0
sst2_01389,train_17163,train,negative,0,0,0,0,0,0,0,0,0,0,1,0,0,0,0,0,0,0,0,0
sst2_01391,train_15032,train,positive,0,0,0,0,0,0,0,0,0,0,1,0,0,0,1,0,0,0,0,0
sst2_01392,train_25871,train,positive,0,0,0,0,0,0,0,0,0,0,0,0,0,0,0,0,0,0,0,0
sst2_01393,train_28171,train,positive,1,1,0,1,0,0,0,0,0,0,1,1,0,0,0,0,0,0,0,1
sst2_01394,train_8014,test,positive,1,1,0,0,0,0,0,0,0,0,0,0,0,0,0,1,0,0,0,0
sst2_01395,train_15751,train,negative,0,0,0,0,1,1,0,1,0,1,0,1,0,0,0,1,0,0,0,1
sst2_01396,validation_858,train,positive,1,1,1,1,0,0,0,0,0,0,0,1,0,0,0,1,1,1,0,1
sst2_01397,train_3648,train,negative,0,0,0,0,1,1,1,1,0,1,0,1,0,0,0,1,0,0,0,1
sst2_01398,train_571,train,positive,1,0,1,0,0,0,0,0,0,0,0,0,0,0,0,1,0,0,0,0
sst2_01400,train_10839,test,positive,1,1,1,1,0,0,0,0,0,0,0,1,0,0,0,1,0,1,0,1
sst2_01399,train_25683,train,positive,1,1,1,0,0,0,0,0,0,0,0,0,0,0,0,1,0,0,0,1
sst2_01401,train_49791,train,positive,0,0,0,0,0,0,0,0,0,0,1,0,0,0,0,1,0,0,0,0
sst2_01403,train_45864,train,positive,1,1,0,1,0,0,0,0,1,0,0,0,0,0,0,0,0,0,0,1
sst2_01404,train_34260,train,negative,0,0,0,0,1,0,0,0,0,0,0,0,0,0,0,1,0,0,0,0
sst2_01402,train_62861,train,negative,0,0,0,0,1,1,0,1,0,0,0,1,0,0,0,1,0,0,0,1
sst2_01406,train_59343,train,positive,1,0,0,0,0,0,0,0,0,0,0,0,0,0,0,1,0,0,0,0
sst2_01405,train_64092,test,positive,1,1,0,0,0,0,0,0,0,0,0,0,0,0,0,1,0,0,0,0
sst2_01409,train_3958,train,negative,0,0,0,0,0,0,0,0,0,0,0,0,0,0,1,0,0,0,0,0
sst2_01410,train_12076,test,positive,0,0,0,0,0,0,0,0,0,0,0,0,0,0,0,0,0,0,0,0
sst2_01407,train_21010,train,positive,1,1,0,1,1,1,0,0,0,0,0,0,0,1,0,1,0,0,0,0
sst2_01408,train_6843,train,negative,0,0,0,0,1,1,0,1,0,0,1,1,0,0,0,1,0,0,0,1
sst2_01414,train_37869,train,positive,0,0,0,0,0,0,0,0,0,0,0,0,0,0,1,0,0,0,0,0
sst2_01413,train_66011,train,positive,1,1,0,0,0,0,0,0,0,0,0,1,0,0,0,1,0,0,0,1
sst2_01411,train_50893,train,negative,0,0,0,0,1,1,1,1,0,1,0,1,0,0,0,1,0,0,0,1
sst2_01412,train_4318,train,negative,0,0,0,0,1,1,1,1,0,1,1,1,1,1,0,1,0,0,0,1
sst2_01415,train_21024,train,negative,0,0,0,0,0,0,0,0,0,0,1,0,0,0,1,0,0,0,0,0
sst2_01416,train_35194,train,positive,0,0,0,0,0,0,0,0,0,0,1,0,0,0,0,0,0,0,0,0
sst2_01418,train_12104,test,positive,1,1,0,0,0,0,0,0,0,0,0,0,0,0,0,1,0,0,0,0
sst2_01417,train_59022,train,positive,1,1,0,1,0,0,0,0,0,0,0,1,0,0,0,1,0,0,0,1
sst2_01419,train_48266,train,positive,1,0,0,0,0,0,0,0,0,0,0,0,0,0,1,0,0,0,0,0
sst2_01420,train_18878,train,positive,1,0,0,0,1,0,0,0,0,0,0,0,0,1,0,1,0,0,0,0
sst2_01421,train_6593,train,positive,1,1,1,0,0,0,0,0,0,0,0,0,0,0,0,0,1,0,0,1
sst2_01422,train_16573,train,positive,1,1,0,0,0,0,0,0,0,0,0,0,0,0,0,1,0,0,0,0
sst2_01423,train_47385,train,negative,0,0,0,0,1,1,1,1,0,0,1,1,0,0,0,1,0,0,0,1
sst2_01424,train_55564,train,positive,1,1,0,0,0,0,0,0,0,0,0,1,0,0,0,1,0,0,0,1
sst2_01425,train_14678,train,negative,0,0,0,0,1,1,0,1,0,1,0,1,0,0,0,1,1,0,0,1
sst2_01426,train_51915,test,negative,0,0,0,0,1,1,0,1,0,0,0,1,0,0,0,1,0,0,0,1
sst2_01427,train_27912,train,negative,0,0,0,0,1,1,0,0,0,0,0,1,0,0,0,1,0,0,0,1
sst2_01429,train_43858,train,negative,0,0,0,0,1,1,0,0,0,0,0,1,0,0,0,1,0,0,0,1
sst2_01432,train_52673,train,positive,0,0,0,0,0,0,0,0,0,0,0,0,0,0,1,0,0,0,0,0
sst2_01431,train_21328,train,negative,0,0,0,0,1,1,0,1,0,1,0,1,0,0,0,1,0,0,0,1
sst2_01430,train_3133,train,positive,1,1,1,0,0,0,0,0,0,0,1,0,0,1,0,1,1,0,0,0
sst2_01435,train_54705,train,negative,0,0,0,0,0,0,0,0,0,0,0,0,0,0,0,0,0,0,0,0
sst2_01433,train_30761,test,positive,1,1,0,0,0,0,0,0,0,0,0,0,0,0,0,1,0,0,0,0
sst2_01434,train_8327,train,positive,0,0,0,0,0,0,0,0,0,0,1,0,0,0,0,0,0,0,0,0
sst2_01437,train_9508,test,negative,0,0,0,0,1,1,1,1,0,1,0,1,1,0,0,1,1,0,1,1
sst2_01436,train_35087,train,positive,1,1,1,1,0,0,0,0,0,0,0,1,0,0,0,1,0,1,0,1
sst2_01440,train_4632,test,positive,1,0,0,0,0,0,0,0,0,0,0,0,0,0,0,1,0,0,0,0
sst2_01438,train_44862,train,positive,1,1,0,0,0,0,0,0,0,0,0,1,0,0,0,1,0,0,0,1
sst2_01439,train_51421,train,negative,0,0,0,0,1,1,0,0,0,0,0,1,0,0,0,1,0,0,0,1
sst2_01441,train_6336,train,positive,1,1,0,0,0,0,0,0,0,0,0,0,0,0,0,1,1,0,0,1
sst2_01442,train_29608,train,negative,0,0,0,0,1,1,1,1,0,0,0,1,0,0,0,1,0,0,0,1
sst2_01428,validation_782,train,positive,0,0,0,0,1,1,1,1,0,1,1,1,1,0,0,1,0,0,0,1
sst2_01444,train_31597,train,negative,0,0,0,0,1,1,1,1,0,0,1,1,1,0,0,1,0,0,0,1
sst2_01445,train_14383,train,positive,1,1,1,0,0,0,0,0,0,0,0,1,0,0,0,1,0,0,0,1
sst2_01443,train_18220,test,negative,0,0,0,0,1,1,0,0,0,0,0,1,0,0,0,1,0,0,0,1
sst2_01447,train_40589,train,positive,0,0,0,0,0,0,0,0,0,0,0,0,0,0,0,0,0,0,0,0
sst2_01446,train_10787,train,negative,0,0,0,0,1,1,0,1,0,0,0,1,0,0,0,1,0,0,0,1
sst2_01451,train_41361,train,positive,0,0,0,0,0,0,0,0,0,0,0,0,0,0,0,0,0,0,0,0
sst2_01449,train_17486,train,negative,0,0,0,0,1,1,0,1,0,1,0,1,0,0,0,1,0,0,0,1
sst2_01450,train_32341,train,negative,0,0,0,0,1,1,1,1,0,1,1,1,0,0,0,1,0,0,0,1
sst2_01448,train_648,train,negative,0,0,0,0,1,1,1,1,0,1,0,1,1,0,0,1,0,0,0,1
sst2_01452,train_39881,train,negative,0,0,0,0,1,1,1,1,0,1,0,1,0,0,0,1,0,0,0,1
sst2_01453,train_43080,train,positive,0,0,0,0,1,0,0,0,0,0,0,1,0,0,0,1,0,0,0,1
sst2_01454,train_9806,train,positive,1,1,1,1,0,0,0,0,0,0,0,1,0,0,0,1,0,1,0,1
sst2_01457,train_45533,train,negative,0,0,0,0,1,1,1,0,0,0,0,0,0,0,1,1,0,0,0,0
sst2_01455,train_59640,train,negative,0,0,0,0,1,1,1,1,0,0,1,1,0,0,0,1,0,0,0,1
sst2_01456,train_26892,train,negative,0,0,0,0,1,1,1,1,0,1,0,1,0,0,0,1,0,0,1,1
sst2_01458,train_54448,train,negative,0,1,0,0,1,1,1,1,1,0,0,1,0,1,0,1,0,0,0,1
sst2_01459,train_4420,train,negative,0,0,0,0,1,1,0,0,0,0,1,1,0,0,0,1,0,0,0,1
sst2_01460,train_8560,train,negative,0,0,0,0,0,0,0,0,0,0,0,0,0,0,0,0,0,0,0,0
sst2_01461,train_8790,train,positive,0,0,0,0,0,0,0,0,0,0,1,0,0,0,0,0,0,0,0,0
sst2_01462,train_19256,test,positive,1,0,0,0,0,0,0,0,0,0,0,0,0,0,0,1,0,0,0,0
sst2_01463,train_34814,train,positive,0,0,0,0,0,0,0,0,0,0,0,0,0,0,0,0,0,0,0,0
sst2_01464,train_39004,train,positive,1,1,1,1,0,0,0,0,0,0,1,1,0,0,0,1,1,0,0,1
sst2_01466,train_44135,train,positive,1,1,1,1,0,0,0,0,0,0,1,1,0,0,0,1,0,1,0,1
sst2_01469,train_32281,train,negative,0,0,0,0,1,1,0,1,0,0,1,0,0,0,0,1,0,0,0,1
sst2_01465,train_63430,train,negative,0,0,0,0,1,1,0,1,0,0,0,1,0,0,0,1,0,0,0,1
sst2_01467,train_23727,train,negative,0,0,0,0,1,1,0,1,0,0,1,1,0,0,0,1,0,0,0,1
sst2_01470,train_57786,train,positive,1,1,1,1,0,0,0,0,1,0,0,1,0,0,0,1,0,1,0,1
sst2_01471,train_53820,train,positive,0,0,0,0,0,0,0,0,0,0,0,0,0,0,0,0,0,0,0,0
sst2_01468,train_20829,test,positive,1,1,1,1,0,0,0,0,0,0,0,1,0,0,0,1,0,1,0,1
sst2_01474,train_37260,test,negative,0,0,0,0,1,1,1,1,0,0,1,1,1,1,0,1,0,0,0,1
sst2_01472,train_38932,train,positive,1,1,1,1,0,0,0,0,0,0,1,1,0,0,0,1,0,0,0,1
sst2_01473,train_35330,train,negative,0,0,0,0,1,1,0,1,0,1,1,1,1,1,0,1,0,0,0,1
sst2_01477,train_28626,test,positive,1,1,0,0,0,0,0,0,0,0,0,1,0,0,0,1,0,0,0,1
sst2_01475,train_33629,train,positive,0,1,0,1,1,0,0,0,0,0,0,1,0,1,0,1,0,0,0,1
sst2_01476,train_2761,train,negative,0,0,0,0,1,1,0,0,0,0,1,1,1,0,1,1,0,0,0,0
sst2_01479,train_55570,test,negative,0,0,0,0,1,1,0,1,0,1,0,1,0,0,0,1,0,0,0,1
sst2_01478,train_36822,train,positive,1,1,0,1,0,0,0,0,0,0,0,1,0,0,0,0,0,0,0,1
sst2_01480,train_14131,train,positive,1,1,0,0,0,0,0,0,0,0,0,0,0,0,0,0,0,0,0,0
sst2_01482,train_5813,train,negative,0,0,0,0,1,1,0,0,0,0,0,0,0,0,0,1,0,0,0,1
sst2_01481,train_37772,train,negative,0,0,0,0,1,1,1,1,0,0,0,1,0,0,0,1,0,0,0,1
sst2_01483,train_17456,train,negative,0,0,0,0,1,1,1,1,0,1,0,1,0,0,0,1,0,0,0,1
sst2_01486,train_51506,test,positive,1,0,0,0,0,0,0,0,0,0,0,0,0,0,0,1,0,0,0,0
sst2_01484,train_41754,test,positive,1,1,0,1,0,0,0,0,0,0,0,1,0,0,0,1,0,1,0,1
sst2_01485,train_11794,train,positive,1,1,0,1,0,0,0,0,1,0,0,1,0,0,0,1,0,0,0,1
sst2_01487,train_5805,train,positive,0,0,0,0,0,0,0,0,0,0,0,0,0,0,0,0,0,0,0,0
sst2_01488,train_14651,test,negative,0,0,0,0,1,1,0,0,0,0,0,0,0,0,1,1,0,0,1,0
sst2_01489,train_64204,train,positive,1,1,1,1,0,0,0,0,0,0,0,1,0,0,0,1,0,1,0,1
sst2_01490,train_19218,test,positive,1,1,0,1,0,0,0,0,0,0,0,1,0,0,0,1,0,0,0,1
sst2_01492,train_17643,train,negative,0,0,0,0,1,0,0,0,0,0,0,0,0,0,0,1,0,0,0,0
sst2_01493,train_42349,test,positive,1,1,0,0,0,0,0,0,0,0,0,0,0,0,0,1,0,0,0,0
sst2_01491,train_10035,train,negative,0,0,0,0,1,0,0,0,0,0,0,0,0,0,1,1,0,0,0,0
sst2_01494,train_44933,test,positive,0,0,0,0,0,0,0,0,0,0,0,0,0,0,0,0,0,0,0,0
sst2_01495,train_20986,train,positive,1,1,1,0,0,0,0,0,0,0,1,0,0,0,0,1,0,0,0,0
sst2_01496,train_21490,train,positive,1,0,1,0,0,0,0,0,0,0,0,0,0,0,0,1,0,0,0,0
sst2_01497,train_12281,train,positive,1,1,1,1,0,0,0,0,0,0,0,1,0,1,0,1,0,1,0,1
sst2_01498,train_9396,train,negative,0,0,0,0,1,1,0,1,0,0,0,1,0,0,0,1,0,0,1,1
sst2_01500,train_51037,train,positive,1,1,0,1,0,0,0,0,1,0,0,0,0,0,0,0,0,0,0,1
sst2_01499,train_2309,train,negative,0,0,0,0,1,1,0,1,0,1,1,1,1,0,0,1,0,0,0,1
sst2_01502,train_13253,test,negative,0,0,0,0,1,1,0,0,0,0,1,1,0,0,0,1,0,0,0,1
sst2_01501,train_40178,train,positive,0,1,0,0,1,1,1,0,0,1,0,0,0,1,0,1,0,0,0,0
sst2_01503,train_19067,train,positive,1,1,0,1,0,0,0,0,1,0,0,1,0,1,0,1,0,1,0,1
sst2_01504,train_59910,train,negative,0,0,0,0,1,1,0,1,0,0,1,1,0,0,0,1,0,0,0,1
sst2_01505,train_11549,train,positive,1,0,0,0,0,0,0,0,0,0,0,0,0,0,0,1,0,0,0,0
sst2_01506,train_24973,test,negative,0,0,0,0,1,1,1,1,0,1,1,1,0,0,0,1,0,0,0,1
sst2_01508,train_34204,train,negative,0,0,0,0,0,0,0,0,0,0,1,0,0,0,0,0,0,0,0,0
sst2_01507,train_40375,test,negative,0,0,0,0,1,1,0,1,0,1,0,1,0,0,0,1,0,0,0,1
sst2_01509,train_2379,train,positive,1,1,0,0,0,0,0,0,0,0,0,1,0,0,0,1,0,0,0,1
sst2_01510,train_23927,train,negative,0,0,0,0,1,1,0,0,0,0,0,1,0,0,0,1,0,0,0,1
sst2_01511,train_62429,test,positive,1,1,0,1,0,0,0,0,0,0,0,1,0,0,0,1,0,0,0,1
sst2_01513,train_41282,train,positive,1,1,1,1,0,0,0,0,0,0,0,1,0,0,0,1,0,1,0,1
sst2_01515,train_5713,train,positive,1,1,0,0,0,0,0,0,0,0,0,0,0,0,0,1,0,0,0,0
sst2_01516,train_57555,train,negative,0,0,0,0,1,1,1,1,0,1,1,1,0,1,0,1,0,0,0,1
sst2_01514,train_811,train,negative,0,0,0,0,1,1,0,1,0,1,0,1,0,0,0,1,0,0,0,1
sst2_01517,train_16289,train,positive,1,1,0,1,0,0,0,0,1,0,0,1,0,0,0,0,0,0,0,1
sst2_01518,train_29695,train,negative,0,0,0,0,1,1,1,1,0,0,0,1,1,0,0,1,1,0,0,1
sst2_01512,train_36315,train,positive,0,0,0,0,0,0,0,0,0,0,0,0,0,0,0,0,0,0,0,0
sst2_01519,train_24753,train,positive,1,1,0,1,0,0,0,0,0,0,0,0,0,0,0,0,0,0,0,1
sst2_01520,train_42015,train,positive,0,0,0,0,0,0,0,0,0,0,0,0,0,0,1,0,0,0,0,0
sst2_01525,train_18447,train,negative,0,0,0,0,0,0,0,0,0,0,0,0,0,0,0,0,0,0,0,0
sst2_01521,train_22271,train,negative,0,0,0,0,1,1,0,0,0,0,0,1,0,0,0,1,0,0,0,1
sst2_01523,train_8085,train,negative,0,0,0,0,1,1,0,1,0,0,0,1,0,0,0,1,0,0,0,1
sst2_01522,train_37762,train,negative,0,0,0,0,1,1,1,1,0,1,0,1,1,0,0,1,1,0,0,1
sst2_01524,train_41165,test,negative,0,0,0,0,1,1,0,1,0,0,0,1,0,0,0,1,0,0,0,1
sst2_01526,train_53966,test,positive,0,0,0,0,0,0,1,0,0,0,1,0,0,0,1,1,0,0,0,0
sst2_01529,train_41465,train,positive,1,1,1,0,0,0,0,0,0,0,0,0,0,0,0,1,0,0,0,1
sst2_01527,train_52701,train,negative,0,0,0,0,1,1,1,1,0,0,1,1,0,1,0,1,1,0,0,1
sst2_01528,train_13742,train,positive,1,1,0,1,0,0,0,0,0,0,0,0,0,0,0,1,1,1,0,1
sst2_01530,train_22431,train,positive,1,1,0,1,0,0,0,0,1,0,0,1,0,0,0,1,0,0,0,1
sst2_01531,validation_834,train,positive,1,1,1,0,0,0,0,0,0,0,1,1,0,0,0,1,1,0,0,1
sst2_01532,train_17949,train,negative,0,0,0,0,1,1,0,1,0,1,0,1,0,0,0,1,0,0,0,1
sst2_01535,train_21812,train,negative,0,0,0,0,1,1,0,1,0,0,0,1,0,0,0,1,0,0,0,1
sst2_01534,train_14660,test,negative,0,0,0,0,1,1,0,1,0,0,0,1,0,0,0,1,0,0,0,1
sst2_01533,train_13995,train,negative,0,0,0,0,1,1,1,0,0,0,1,1,0,1,0,1,0,0,0,1
sst2_01536,train_11192,train,negative,0,0,0,0,1,1,0,1,0,0,0,1,0,0,0,1,0,0,0,1
sst2_01537,train_16974,train,negative,0,0,0,0,1,1,0,1,0,0,0,1,1,0,0,1,0,0,0,1
sst2_01540,train_31864,test,positive,1,0,1,0,0,0,0,0,0,0,0,0,0,0,0,1,0,1,0,0
sst2_01541,train_67152,train,positive,0,0,0,0,0,0,0,0,0,0,0,0,0,0,0,1,0,0,0,0
sst2_01538,train_6237,train,negative,0,0,0,0,1,1,0,1,0,0,0,1,0,0,0,1,0,0,0,1
sst2_01539,train_2172,test,negative,0,0,0,0,1,1,1,1,0,1,1,1,1,0,0,1,1,0,0,1
sst2_01543,train_9131,train,positive,1,1,0,1,0,0,0,0,0,0,1,1,0,0,0,1,0,0,0,1
sst2_01542,train_42097,train,positive,1,1,0,1,0,0,0,0,1,0,0,0,0,0,0,0,0,0,0,1
sst2_01545,train_25913,train,negative,1,1,0,1,1,1,0,1,0,0,0,0,0,1,1,1,0,0,1,0
sst2_01544,train_7957,train,positive,1,1,0,1,0,0,0,0,1,0,0,1,0,0,0,1,0,0,0,1
sst2_01547,train_17730,train,positive,1,1,0,1,0,0,0,0,0,0,0,0,0,0,0,0,0,0,0,0
sst2_01546,train_16300,train,negative,0,0,0,0,1,1,0,1,0,1,0,1,1,0,0,1,0,0,0,1
sst2_01548,train_14592,train,positive,1,1,1,1,0,0,0,0,0,0,0,1,0,0,0,1,0,0,0,1
sst2_01549,train_39047,train,negative,0,0,0,0,1,1,0,0,0,0,1,0,0,0,1,1,1,0,0,0
sst2_01551,train_50434,train,negative,0,0,0,0,0,0,0,0,0,0,0,0,0,0,0,1,0,0,0,0
sst2_01552,train_32505,train,positive,1,1,0,1,0,0,0,0,1,0,1,0,0,1,0,0,0,0,0,1
sst2_01553,train_6653,train,negative,0,0,0,0,0,0,0,0,0,0,0,0,0,0,1,0,0,0,0,0
sst2_01554,train_44776,train,positive,0,0,0,0,0,0,0,0,0,0,0,0,0,0,0,0,0,0,0,0
sst2_01550,train_35388,train,negative,0,0,0,0,1,1,0,1,0,0,0,1,0,0,0,1,0,0,0,1
sst2_01555,train_46974,test,negative,0,0,0,0,1,1,0,1,0,1,0,1,0,0,0,1,0,0,0,1
sst2_01557,train_32002,train,negative,0,0,0,0,1,1,1,1,0,1,0,1,0,0,0,1,0,0,0,1
sst2_01556,train_14438,test,positive,1,1,0,1,0,0,0,0,1,0,0,1,0,0,0,1,0,0,0,1
sst2_01560,train_37698,train,positive,1,1,0,0,0,0,0,0,0,0,1,0,0,0,0,1,0,0,0,0
sst2_01559,train_62809,test,negative,0,0,0,0,1,1,0,1,0,0,1,1,0,0,0,1,0,0,0,1
sst2_01558,train_4509,train,negative,0,0,0,0,1,1,1,1,0,0,0,1,0,0,0,1,0,0,0,1
sst2_01561,train_36895,train,negative,0,0,0,0,1,1,1,1,0,0,1,1,0,0,0,1,1,0,0,1
sst2_01562,train_18684,test,positive,1,1,1,1,0,0,0,0,0,0,0,1,0,0,0,1,0,1,0,1
sst2_01563,train_13616,test,positive,0,0,0,0,0,0,0,0,0,0,0,0,0,0,0,0,0,0,0,0
sst2_01564,train_1513,test,negative,0,0,0,0,1,1,0,1,0,0,0,1,0,0,0,1,0,0,0,1
sst2_01565,train_33712,train,negative,0,0,0,0,1,1,0,1,0,0,0,1,0,0,0,1,0,0,0,1
sst2_01566,train_43682,train,positive,0,0,0,0,0,0,0,0,0,0,0,0,0,0,0,0,0,0,0,0
sst2_01568,train_20410,train,negative,0,0,0,0,1,1,0,1,0,1,0,1,0,0,0,1,0,0,0,1
sst2_01567,train_60688,train,positive,1,0,1,0,0,0,0,0,0,0,0,0,0,0,1,1,0,0,0,0
sst2_01570,train_47531,train,positive,1,1,0,1,0,0,0,0,0,0,0,1,0,0,0,1,0,0,0,1
sst2_01571,train_39651,train,positive,0,0,0,0,0,0,0,0,0,0,0,0,0,0,0,0,0,0,0,0
sst2_01572,train_63141,train,positive,1,1,1,1,0,0,0,0,0,0,1,0,0,0,0,0,0,0,0,0
sst2_01573,train_418,test,negative,0,0,0,0,0,0,0,0,0,0,0,0,0,0,0,0,0,0,0,1
sst2_01574,train_64901,train,positive,1,1,1,1,0,0,0,0,0,0,0,1,0,0,0,1,0,1,0,1
sst2_01576,train_42384,train,positive,1,1,0,1,1,0,0,0,0,0,0,1,0,1,0,1,0,0,0,1
sst2_01569,train_67245,train,negative,0,0,0,0,0,0,0,0,0,0,0,0,0,0,1,0,0,0,0,0
sst2_01575,train_9775,train,positive,1,1,0,1,0,0,0,0,0,0,0,0,0,0,0,1,0,0,0,1
sst2_01577,train_59454,train,positive,0,0,0,0,0,0,0,0,0,0,0,0,0,0,0,0,0,0,0,0
sst2_01579,train_6470,train,positive,1,1,0,1,0,0,0,0,0,0,0,0,0,0,0,1,0,0,0,1
sst2_01578,train_56184,test,negative,0,0,0,0,1,1,1,1,0,0,1,1,0,0,0,1,0,0,0,1
sst2_01582,train_53040,test,positive,1,0,0,0,0,0,0,0,0,0,0,0,0,0,0,1,0,0,0,0
sst2_01583,train_36013,train,positive,0,0,0,0,0,0,0,0,0,0,0,0,0,0,0,0,0,0,0,0
sst2_01581,train_46045,train,positive,0,0,0,0,0,0,0,0,0,0,1,0,0,0,0,1,0,0,0,0
sst2_01580,train_15934,train,positive,1,1,1,0,0,0,0,0,0,0,0,0,0,0,0,1,0,0,0,1
sst2_01584,train_8386,test,negative,0,0,0,0,1,1,1,1,0,0,1,1,1,1,0,1,0,0,0,1
sst2_01585,train_31118,train,negative,0,0,0,0,1,0,1,0,0,0,1,0,0,0,1,1,0,0,0,0
sst2_01587,train_8043,train,positive,0,0,0,0,0,0,0,0,0,0,0,0,0,0,0,0,0,0,0,0
sst2_01586,train_20438,train,positive,1,1,0,1,0,0,0,0,0,0,0,1,0,0,0,0,0,0,0,1
sst2_01591,train_22751,train,negative,0,0,0,0,1,1,0,0,0,0,0,0,0,0,1,0,0,0,0,0
sst2_01588,train_17225,train,negative,0,0,0,0,1,1,0,1,0,0,0,1,0,0,0,1,0,0,0,1
sst2_01589,train_58022,train,positive,1,1,0,1,0,0,0,0,1,0,0,1,0,0,0,1,0,0,0,1
sst2_01590,train_47427,train,negative,0,0,0,0,1,1,0,0,0,0,0,1,0,0,0,1,0,0,0,1
sst2_01592,validation_563,train,positive,1,1,0,1,0,0,0,0,1,0,0,1,0,0,0,0,0,0,0,1
sst2_01593,train_11304,train,positive,0,0,0,0,0,0,0,0,0,0,0,0,0,0,0,0,0,0,0,0
sst2_01596,train_49140,train,positive,1,1,0,0,0,0,0,0,0,0,0,1,0,0,0,1,0,0,0,1
sst2_01595,train_60100,train,positive,1,1,0,1,0,0,0,0,0,0,0,1,0,0,0,1,0,0,0,1
sst2_01594,train_53237,train,negative,0,0,0,0,1,1,1,1,0,1,0,1,0,0,0,1,0,0,0,1
sst2_01597,train_36605,train,negative,0,1,0,0,0,1,0,0,1,0,0,0,0,1,1,0,0,0,0,0
sst2_01600,train_4427,train,positive,1,1,1,0,1,1,0,0,0,0,0,0,0,1,0,1,0,1,0,0
sst2_01599,train_61986,train,positive,0,0,0,0,1,1,0,1,0,1,1,1,1,1,0,1,0,0,0,1
sst2_01602,train_66626,train,positive,0,0,0,0,0,0,0,0,0,0,0,0,0,0,0,0,0,0,0,0
sst2_01598,train_40449,train,negative,0,0,0,0,0,0,0,0,0,0,0,0,0,0,1,0,0,0,0,0
sst2_01601,train_58568,train,negative,0,0,0,0,1,1,1,1,0,1,1,1,0,0,0,1,0,0,0,1
sst2_01603,train_18198,train,positive,1,1,1,0,0,0,0,0,0,0,0,1,0,0,0,1,1,0,0,1
sst2_01605,train_31316,train,negative,0,0,0,0,1,1,1,1,0,1,1,1,0,0,0,1,0,0,0,1
sst2_01606,train_7183,test,negative,0,0,0,0,1,1,0,1,0,0,0,1,0,0,0,1,1,0,0,1
sst2_01607,train_48408,train,negative,0,0,0,0,1,1,1,1,0,0,0,1,1,0,0,1,0,0,1,1
sst2_01604,train_44901,train,positive,1,1,0,1,0,0,0,0,1,0,0,1,0,0,0,1,0,0,0,1
sst2_01608,train_28133,train,negative,0,0,0,0,1,1,0,1,0,0,1,1,0,0,0,1,0,0,0,1
sst2_01609,train_8027,train,negative,0,0,0,0,1,1,1,1,0,0,1,1,0,0,0,1,1,0,1,1
sst2_01610,train_8780,train,positive,1,1,0,1,0,0,0,0,0,0,0,1,0,0,0,1,0,0,0,1
sst2_01612,train_60189,train,positive,1,1,1,0,0,0,0,0,0,0,0,0,0,0,0,1,0,0,0,1
sst2_01614,train_19405,train,positive,1,1,1,0,0,0,0,0,0,0,0,1,0,0,0,1,0,1,0,1
sst2_01611,train_62692,train,positive,1,1,0,0,0,0,0,0,0,0,1,0,0,0,0,0,0,0,0,0
sst2_01613,train_20953,train,negative,0,0,0,0,1,1,0,1,0,0,0,1,0,0,0,1,0,0,1,1
sst2_01615,train_17901,train,positive,1,1,0,1,0,0,0,0,0,0,0,1,0,0,0,1,0,0,0,1
sst2_01617,train_44747,train,positive,0,0,0,0,0,0,0,0,0,0,1,0,0,0,0,0,0,0,0,0
sst2_01616,train_29530,train,negative,0,0,0,0,0,0,1,0,0,0,0,0,0,0,1,0,0,0,0,0
sst2_01618,train_51571,train,positive,1,1,0,1,0,0,0,0,1,0,0,1,0,0,0,1,0,0,0,1
sst2_01620,train_37509,test,positive,0,0,0,0,0,0,0,0,0,0,1,0,0,0,0,0,0,0,0,0
sst2_01619,train_64209,train,positive,1,1,0,1,0,0,0,0,0,0,0,1,0,0,0,0,0,0,0,1
sst2_01621,train_49809,train,negative,0,0,0,0,1,1,1,0,0,0,0,1,0,0,0,1,0,0,1,1
sst2_01622,train_64609,train,positive,1,1,0,1,0,0,0,0,0,0,1,1,0,0,0,1,0,0,0,1
sst2_01623,train_35806,test,negative,0,0,0,0,1,1,0,1,0,0,0,1,0,0,0,1,0,0,0,1
sst2_01626,train_29113,train,positive,1,1,1,0,0,0,0,0,0,0,0,0,0,0,0,1,0,1,0,1
sst2_01625,train_47930,train,negative,0,0,0,0,1,1,1,1,0,0,0,1,0,0,0,1,0,0,0,1
sst2_01624,train_1833,train,negative,0,0,0,0,0,0,0,0,0,0,0,0,0,0,0,0,0,0,0,0
sst2_01627,train_60355,test,negative,0,0,0,0,1,1,0,1,0,0,0,1,0,0,0,1,0,0,0,1
sst2_01629,train_64240,train,positive,0,0,0,0,0,0,0,0,0,0,0,0,0,0,0,0,0,0,0,0
sst2_01630,train_36379,test,negative,0,0,0,0,1,1,0,1,0,1,0,1,0,0,0,1,0,0,0,1
sst2_01631,train_7089,train,positive,0,0,0,0,0,0,1,0,0,0,0,0,0,0,0,0,0,0,0,0
sst2_01632,train_30001,train,positive,1,1,0,1,0,0,0,0,1,0,0,1,0,0,0,1,0,0,0,1
sst2_01633,train_53459,train,positive,0,0,0,0,0,0,0,0,0,0,0,0,0,0,1,0,0,0,0,0
sst2_01628,train_9544,train,positive,1,1,0,0,0,0,0,0,0,0,0,0,0,0,0,0,0,0,0,0
sst2_01634,train_8511,test,negative,0,0,0,0,1,1,0,1,0,0,1,1,0,0,0,1,1,0,0,1
sst2_01636,train_33863,test,negative,0,0,0,0,1,1,0,1,0,0,0,1,0,0,0,1,0,0,0,1
sst2_01637,train_49373,train,positive,1,1,0,0,0,0,0,0,0,0,0,1,0,0,0,1,0,0,0,1
sst2_01638,train_12418,train,positive,1,1,1,0,0,0,0,0,0,0,0,1,0,0,0,1,0,0,0,1
sst2_01635,train_29217,train,positive,1,1,0,1,0,0,0,0,0,0,0,1,0,0,0,1,0,0,0,1
sst2_01639,train_63241,train,negative,0,0,0,0,0,0,0,0,0,0,1,0,0,0,1,0,0,0,0,0
sst2_01642,train_62517,train,negative,0,0,0,0,0,0,0,0,0,0,0,0,0,0,0,0,0,0,0,0
sst2_01640,train_23305,train,negative,0,0,0,0,1,1,1,1,0,1,1,1,0,0,0,1,0,0,0,1
sst2_01641,train_18652,train,positive,1,1,0,1,0,0,0,0,0,0,0,1,0,0,0,1,0,0,0,1
sst2_01643,train_63899,train,positive,0,0,0,0,1,0,1,0,0,0,1,1,0,1,0,1,0,0,0,1
sst2_01645,train_57794,test,positive,0,0,0,0,0,0,0,0,0,0,0,0,0,0,0,1,0,0,0,0
sst2_01644,train_27415,train,positive,1,1,0,1,0,0,0,0,0,0,0,1,0,0,0,1,0,0,0,1
sst2_01646,train_437,train,negative,0,0,0,0,0,0,0,0,0,0,1,0,0,0,0,0,0,0,0,0
sst2_01648,train_5883,train,negative,0,0,0,0,0,0,0,0,0,0,0,0,0,0,0,0,0,0,0,0
sst2_01647,train_7428,train,positive,1,1,1,0,0,0,0,0,0,0,0,0,0,0,0,1,0,0,0,1
sst2_01649,train_46864,test,positive,1,1,1,0,0,0,0,0,0,0,0,0,0,0,0,1,0,1,0,0
sst2_01650,train_4010,train,positive,0,0,0,0,0,0,0,0,0,0,1,0,0,0,0,0,0,0,0,0
sst2_01651,train_22770,train,positive,0,0,0,0,0,0,0,0,0,0,0,0,0,0,0,0,0,0,0,0
sst2_01654,train_49321,train,positive,0,0,0,0,0,0,0,0,0,0,0,0,0,0,1,0,0,0,0,0
sst2_01652,train_60320,train,negative,0,0,0,0,1,1,0,1,0,1,0,1,0,0,0,1,0,0,0,1
sst2_01653,train_26293,train,positive,1,1,0,1,0,0,0,0,0,0,0,1,0,0,0,1,0,1,0,1
sst2_01655,train_61043,train,positive,1,1,1,1,0,0,0,0,0,0,0,1,0,0,0,1,0,1,0,1
sst2_01656,train_53376,train,positive,1,1,1,0,0,0,0,0,1,0,0,0,0,0,0,1,0,1,0,0
sst2_01659,train_53317,train,positive,1,1,0,1,0,0,0,0,1,0,0,0,0,0,0,1,0,0,0,1
sst2_01658,train_26746,train,negative,0,0,0,0,1,1,0,0,0,1,0,0,0,0,0,0,0,0,0,1
sst2_01660,train_35431,train,positive,1,1,1,1,0,0,0,0,0,0,0,1,0,0,0,1,0,1,0,1
sst2_01661,train_7508,train,negative,0,0,0,0,1,1,0,1,0,1,0,1,0,0,0,1,0,0,0,1
sst2_01664,train_63994,train,negative,0,0,0,0,1,1,0,1,0,1,0,1,0,0,0,1,0,0,0,1
sst2_01657,train_24569,train,positive,1,1,1,1,0,0,0,0,0,0,0,1,0,0,0,1,0,1,0,1
sst2_01662,train_57906,train,positive,1,1,1,0,0,0,0,0,0,0,1,0,0,0,0,1,0,1,0,0
sst2_01663,train_11832,train,positive,1,1,1,0,0,0,0,0,0,0,0,1,0,0,0,1,0,0,0,1
sst2_01668,train_43933,train,positive,1,1,0,0,0,0,0,0,0,0,0,1,0,0,0,1,0,0,0,1
sst2_01665,train_55357,train,negative,0,0,0,0,1,1,0,1,0,0,0,1,0,0,0,1,0,0,1,1
sst2_01666,train_40479,train,positive,1,1,1,0,0,0,0,0,0,0,1,0,0,0,0,0,0,0,0,0
sst2_01667,train_40484,train,positive,1,1,0,0,0,0,0,0,0,0,0,0,0,0,0,1,0,0,0,0
sst2_01669,train_55049,train,positive,1,1,0,1,0,1,0,0,0,0,0,1,0,1,0,1,0,0,0,1
sst2_01670,train_26102,train,negative,0,0,0,0,1,1,1,1,0,0,1,1,0,0,0,1,0,0,0,1
sst2_01671,train_23060,train,negative,0,0,0,0,1,1,0,0,0,0,1,1,0,0,0,1,0,0,0,1
sst2_01673,train_16605,train,positive,1,1,1,1,0,0,0,0,0,0,1,1,0,0,0,1,0,0,0,1
sst2_01674,train_20215,train,positive,1,1,0,1,0,0,0,0,0,0,1,1,0,0,0,0,0,0,0,1
sst2_01675,train_42894,test,negative,0,0,0,0,1,1,1,1,0,0,0,1,0,0,0,1,0,0,0,1
sst2_01672,train_43501,test,positive,1,1,0,1,0,0,0,0,1,0,0,1,0,0,0,1,0,1,0,1
sst2_01676,train_52395,train,negative,0,0,0,0,1,1,0,1,0,0,1,1,0,0,0,1,0,0,0,1
sst2_01677,train_41104,test,negative,0,0,0,0,1,1,0,1,0,1,1,1,0,1,0,1,0,0,0,1
sst2_01679,validation_524,train,positive,1,1,0,1,0,0,0,0,0,0,1,1,0,0,0,1,0,0,0,1
sst2_01682,train_53885,test,positive,1,0,1,0,0,0,0,0,0,0,0,0,0,0,1,1,0,0,0,0
sst2_01681,train_24008,train,negative,0,0,0,0,1,1,0,1,0,0,1,1,0,1,0,1,1,0,0,1
sst2_01678,train_58575,train,positive,1,1,0,1,0,0,0,0,1,0,0,0,0,0,0,1,0,0,0,1
sst2_01680,train_33808,train,positive,1,1,1,0,0,0,0,0,0,0,0,1,0,0,0,1,0,1,0,1
sst2_01683,train_8477,train,negative,0,0,0,0,0,0,0,0,0,0,0,0,0,0,1,0,0,0,0,0
sst2_01684,train_63645,test,positive,0,0,0,0,0,0,0,0,0,0,0,0,0,0,0,0,0,0,0,0
sst2_01686,train_64601,train,positive,1,1,0,1,0,0,0,0,0,0,0,1,0,0,0,0,0,0,0,1
sst2_01688,train_21146,train,negative,0,0,0,0,1,0,0,0,0,0,0,0,0,0,0,1,0,0,0,0
sst2_01685,train_37577,train,positive,1,1,0,1,0,0,0,0,0,0,0,0,0,0,0,1,0,0,0,1
sst2_01687,train_47315,test,positive,1,1,0,1,0,0,0,0,1,0,0,0,0,0,0,0,0,0,0,1
sst2_01690,train_35182,train,positive,0,0,0,0,0,0,0,0,0,0,0,0,0,0,1,0,0,0,0,0
sst2_01689,train_63338,train,negative,0,0,0,0,1,1,0,1,0,0,1,1,0,0,0,1,0,0,0,1
sst2_01692,train_32938,train,negative,0,0,0,0,1,1,0,1,0,1,0,1,0,0,0,1,0,0,1,1
sst2_01693,train_65535,test,negative,0,0,0,0,1,1,1,1,0,1,0,1,0,0,0,1,0,0,0,1
sst2_01695,train_33848,train,positive,1,1,0,1,0,0,0,0,0,0,0,1,0,0,0,1,0,0,0,1
sst2_01694,train_13973,train,positive,0,0,0,0,0,0,0,0,0,0,0,0,0,0,1,1,0,0,0,0
sst2_01691,train_59328,test,positive,1,1,1,1,0,0,0,0,1,0,0,1,0,0,0,1,1,1,0,1
sst2_01698,train_20502,train,positive,1,1,0,0,0,0,0,0,0,0,0,0,0,0,0,1,0,0,0,0
sst2_01699,train_6217,train,negative,0,0,0,0,1,1,1,1,0,0,1,1,0,1,0,1,0,0,0,1
sst2_01701,train_64057,test,negative,0,0,0,0,1,1,1,1,0,1,0,1,0,0,0,1,0,0,0,1
sst2_01703,train_20734,train,positive,1,1,1,0,0,0,0,0,0,0,0,0,0,0,0,0,0,0,0,1
sst2_01705,train_43852,train,positive,0,0,0,0,0,0,0,0,0,0,0,0,0,0,0,0,0,0,0,0
sst2_01706,train_9471,train,positive,1,1,1,1,0,0,0,0,0,0,1,1,0,0,0,1,0,1,0,1
sst2_01704,train_49007,train,negative,0,0,0,0,1,1,0,1,0,0,0,1,0,0,0,1,0,0,1,1
sst2_01707,train_54310,train,negative,0,0,0,0,1,1,1,0,0,0,1,0,0,0,0,1,0,0,0,1
sst2_01709,train_18524,train,negative,0,0,0,0,1,1,1,1,0,0,0,1,0,0,0,1,0,0,1,1
sst2_01708,train_7002,train,positive,1,1,0,1,0,0,0,0,0,0,0,1,0,0,0,1,0,0,0,1
sst2_01710,train_60544,train,negative,0,0,0,0,1,1,1,1,0,1,0,1,0,0,0,1,0,0,0,1
sst2_01711,train_53608,test,positive,1,0,0,0,0,0,0,0,0,0,0,0,0,0,0,1,0,0,0,0
sst2_01696,train_18286,test,positive,1,0,0,0,0,0,0,0,0,0,0,0,0,0,0,1,0,0,0,0
sst2_01712,train_35110,train,negative,0,0,0,0,1,1,0,0,0,0,0,1,0,0,0,1,0,0,0,1
sst2_01697,train_62193,test,positive,1,1,0,1,0,0,0,0,0,0,0,1,0,0,0,1,0,0,0,1
sst2_01713,train_29399,train,positive,1,1,0,1,0,0,0,0,1,0,0,1,0,0,0,1,0,1,0,1
sst2_01714,train_18197,test,negative,0,0,0,0,1,1,0,0,0,0,0,1,1,0,0,1,1,0,0,1
sst2_01716,train_26457,train,negative,0,0,0,0,0,0,0,0,0,0,0,0,0,0,0,0,0,0,0,0
sst2_01715,train_13513,test,positive,1,1,0,1,0,0,0,0,0,0,0,1,0,0,0,1,0,0,0,1
sst2_01717,train_35097,test,positive,1,0,0,0,0,0,0,0,0,0,0,0,0,0,0,1,0,0,0,0
sst2_01718,train_14295,test,positive,1,0,0,0,0,0,0,0,0,0,0,0,0,0,0,1,0,0,0,0
sst2_01702,train_43953,train,positive,0,0,0,0,0,0,0,0,0,0,1,0,0,1,0,0,0,0,0,0
sst2_01721,train_28780,train,positive,1,1,1,1,0,0,0,0,0,0,0,1,0,0,0,1,0,0,0,1
sst2_01720,train_50569,train,negative,0,0,0,0,1,1,1,1,0,0,1,1,0,0,0,1,0,0,0,1
sst2_01719,train_35747,train,negative,0,0,0,0,1,1,1,1,0,1,1,1,0,1,0,1,0,0,1,1
sst2_01723,train_60002,train,negative,0,0,0,0,1,1,1,1,0,0,1,1,0,0,0,1,1,0,1,1
sst2_01722,train_62320,train,positive,1,1,1,1,0,0,0,0,0,0,0,1,0,0,0,1,0,1,0,1
sst2_01725,train_8373,train,negative,0,0,0,0,1,0,0,0,0,0,0,0,0,0,0,1,0,0,0,0
sst2_01726,train_44736,train,positive,1,1,0,1,0,0,0,0,0,0,0,0,0,0,0,1,0,0,0,1
sst2_01727,train_20118,test,positive,1,1,0,0,0,0,0,0,0,0,0,0,0,0,0,0,0,0,0,1
sst2_01724,train_51975,train,negative,0,0,0,0,1,1,0,1,0,0,0,1,0,0,0,1,0,0,1,1
sst2_01728,train_29104,train,positive,1,1,1,0,0,0,0,0,0,0,0,0,0,0,0,1,0,1,0,1
sst2_01729,train_28025,train,positive,1,1,1,0,0,0,0,0,0,0,0,0,0,1,0,1,0,0,0,0
sst2_01730,train_19162,test,negative,0,0,0,0,1,1,0,0,0,0,0,0,0,0,1,0,0,0,0,0
sst2_01731,train_8450,train,negative,0,0,0,0,1,1,0,1,0,1,0,1,0,0,0,1,0,0,0,1
sst2_01732,train_9959,train,negative,0,0,0,0,1,1,0,0,0,0,1,0,0,0,0,0,0,0,0,1
sst2_01733,train_30420,train,negative,0,0,0,0,1,1,0,0,0,0,0,1,0,0,0,1,0,0,0,1
sst2_01734,train_22087,train,positive,1,1,0,0,0,0,0,0,0,0,0,0,0,0,0,1,0,0,0,0
sst2_01700,train_63658,train,negative,0,0,0,0,1,1,0,1,0,0,0,1,0,0,0,1,1,0,0,1
sst2_01736,train_12889,train,negative,0,0,0,0,1,1,0,1,0,0,0,1,0,0,0,1,0,0,0,1
sst2_01735,train_58487,train,negative,0,0,0,0,1,1,0,1,0,0,0,0,0,0,0,1,0,0,0,1
sst2_01737,train_29936,train,negative,0,0,0,0,1,1,1,1,0,0,1,1,0,1,0,1,0,0,0,1
sst2_01738,train_53880,train,positive,1,1,1,1,0,0,0,0,0,0,0,1,0,0,0,1,0,0,0,1
sst2_01739,train_61316,train,positive,1,1,0,0,0,0,0,0,0,0,0,0,0,0,0,0,0,0,0,0
sst2_01740,train_11047,train,positive,1,1,0,1,0,0,0,0,0,0,0,0,0,0,0,1,0,0,0,1
sst2_01742,train_57916,train,negative,0,0,0,0,1,1,0,1,0,1,0,1,0,0,0,1,0,0,0,1
sst2_01745,train_1144,train,positive,1,1,0,1,0,0,0,0,0,0,0,1,0,0,0,1,0,0,0,1
sst2_01741,train_38602,test,negative,0,0,0,0,1,1,1,1,0,1,0,1,0,0,0,1,0,0,0,1
sst2_01743,train_15839,test,positive,1,1,0,0,0,0,0,0,0,0,0,0,0,0,0,1,0,0,0,0
sst2_01744,train_52642,train,negative,0,0,0,0,1,1,0,1,0,0,1,1,0,0,0,1,0,0,0,1
sst2_01746,train_21001,test,positive,1,1,1,0,1,1,0,0,0,0,0,1,0,1,0,1,0,0,0,1
sst2_01747,train_61903,train,negative,0,0,0,0,1,1,0,1,0,1,0,1,0,0,0,1,0,0,1,1
sst2_01751,train_5439,train,positive,0,0,0,0,0,0,0,0,0,0,0,0,0,0,0,0,0,0,0,0
sst2_01750,train_17934,train,positive,1,1,0,1,0,0,0,0,1,0,0,0,0,0,0,1,0,0,0,1
sst2_01753,train_59393,train,positive,1,1,0,0,0,0,0,0,0,0,0,0,0,0,0,0,0,0,0,1
sst2_01749,train_32480,train,positive,1,1,0,1,0,0,0,0,0,0,1,1,0,0,0,1,0,0,0,1
sst2_01754,train_17062,train,positive,1,1,1,1,0,0,0,0,0,0,0,0,0,0,0,1,0,1,0,0
sst2_01752,train_56655,train,negative,0,0,0,0,1,1,0,1,0,0,0,1,0,0,0,1,0,0,0,1
sst2_01755,train_58526,train,negative,0,0,0,0,1,1,1,1,0,0,0,1,0,0,0,1,0,0,0,1
sst2_01757,train_44275,train,negative,0,0,0,0,1,1,0,1,0,0,0,1,0,0,0,1,0,0,0,1
sst2_01756,train_41069,train,negative,0,0,0,0,1,1,1,1,0,0,1,1,0,1,0,1,0,0,0,1
sst2_01760,train_34873,train,positive,1,1,0,0,0,0,0,0,0,0,0,1,0,0,0,1,0,0,0,1
sst2_01758,train_38829,train,negative,0,0,0,0,1,1,0,1,0,1,0,1,1,0,0,1,0,0,0,1
sst2_01759,train_38540,test,positive,0,0,0,0,0,0,0,0,0,0,0,0,0,0,0,0,0,0,0,0
sst2_01762,train_58311,train,negative,0,0,0,0,1,1,0,0,0,0,0,1,0,0,0,1,0,0,0,1
sst2_01761,train_66837,test,positive,1,1,0,1,0,0,0,0,0,0,0,1,0,0,0,1,0,0,0,1
sst2_01763,train_48552,train,negative,0,0,0,0,0,0,0,0,0,0,0,0,0,0,1,0,0,0,0,0
sst2_01765,train_40090,train,negative,0,0,0,0,0,0,0,0,0,0,1,0,0,0,0,0,0,0,0,0
sst2_01764,train_42801,train,positive,1,1,0,0,1,1,0,0,0,0,0,0,0,1,0,0,0,0,0,1
sst2_01766,train_35403,test,positive,0,0,0,0,0,0,0,0,0,0,0,0,0,0,1,0,0,0,0,0
sst2_01767,train_48404,train,negative,0,0,0,0,1,1,1,1,0,1,1,1,0,0,0,1,0,0,1,1
sst2_01768,train_7804,test,negative,0,0,0,0,0,1,0,1,0,1,0,1,0,0,0,0,0,0,0,1
sst2_01770,train_13431,test,positive,1,1,1,1,0,0,0,0,0,0,0,1,0,0,0,1,0,1,0,1
sst2_01771,train_59306,train,positive,1,1,1,1,0,0,0,0,0,0,0,1,0,0,0,1,0,1,0,1
sst2_01769,train_50538,train,negative,0,0,0,0,1,1,0,1,0,0,0,0,0,1,1,0,0,0,0,0
sst2_01774,train_21096,train,negative,0,0,0,0,1,1,1,1,0,0,1,1,0,0,0,1,1,0,0,1
sst2_01775,train_56014,train,negative,0,0,0,0,1,1,1,1,0,0,0,1,1,0,0,1,1,0,1,1
sst2_01777,train_42147,train,positive,1,1,1,1,0,0,0,0,0,0,0,1,0,0,0,1,0,1,0,1
sst2_01748,train_30491,train,negative,0,0,0,0,1,1,0,1,0,1,0,1,0,0,0,1,0,0,0,1
sst2_01778,train_45484,train,positive,1,1,0,1,0,0,0,0,0,0,0,1,0,0,0,1,0,0,0,1
sst2_01776,train_56790,train,negative,0,0,0,0,1,1,0,1,0,0,0,1,0,0,0,1,1,0,0,1
sst2_01779,train_31225,train,positive,1,1,0,1,0,0,0,0,0,0,0,1,0,0,0,1,0,0,0,1
sst2_01780,train_64086,train,negative,0,0,0,0,1,1,0,1,0,1,0,1,0,0,0,1,0,0,0,1
sst2_01781,train_8620,train,positive,0,0,0,0,0,0,0,0,0,0,0,0,0,0,0,1,0,0,0,0
sst2_01782,train_21880,train,negative,0,0,0,0,1,1,1,1,0,0,0,1,0,0,0,1,0,0,0,1
sst2_01783,train_37293,train,positive,1,1,0,1,0,0,0,0,1,0,0,1,0,0,0,0,0,0,0,1
sst2_01785,train_555,train,positive,1,1,0,0,0,0,0,0,1,0,0,0,0,0,1,0,0,0,0,0
sst2_01786,train_21567,train,negative,0,0,0,0,0,0,0,0,0,0,0,0,0,0,1,0,0,0,1,0
sst2_01788,train_18369,train,negative,0,0,0,0,1,1,0,0,0,0,0,1,0,0,0,1,0,0,0,1
sst2_01789,train_19649,train,negative,0,0,0,0,1,1,1,1,0,0,0,1,0,0,0,1,0,0,1,1
sst2_01772,train_34243,train,negative,0,0,0,0,0,0,0,0,0,0,0,0,0,0,0,0,0,0,0,1
sst2_01790,train_56216,test,negative,0,0,0,0,1,1,0,1,0,0,0,1,0,0,0,1,0,0,0,1
sst2_01773,train_39652,train,negative,0,0,0,0,0,0,0,0,0,0,0,0,0,0,1,0,0,0,0,0
sst2_01787,train_38481,train,positive,1,1,1,1,0,0,0,0,0,0,1,1,0,0,0,1,1,0,0,1
sst2_01793,train_21943,train,positive,0,0,0,0,0,0,0,0,0,0,0,0,0,0,0,0,0,0,0,0
sst2_01792,train_24217,train,negative,0,0,0,0,1,1,1,1,0,0,1,1,0,0,0,1,1,0,0,1
sst2_01791,train_24988,train,negative,0,0,0,0,1,1,1,1,0,1,0,1,0,0,0,1,1,0,0,1
sst2_01795,train_66,train,negative,0,0,0,0,1,1,1,1,0,1,0,1,0,0,0,1,0,0,0,1
sst2_01797,train_6884,train,negative,0,0,0,0,1,1,0,0,0,0,1,1,1,0,0,1,0,0,0,1
sst2_01796,train_59002,train,negative,0,0,0,0,1,1,1,1,0,1,1,1,0,0,0,1,0,0,1,1
sst2_01801,train_45500,train,negative,0,0,0,0,1,1,0,1,0,0,0,1,0,0,0,1,0,0,0,1
sst2_01800,train_24593,train,negative,0,0,0,0,1,1,1,1,0,1,0,1,0,0,0,1,0,0,0,1
sst2_01799,train_49050,train,negative,0,0,0,0,1,1,1,1,0,1,1,1,0,0,0,1,1,0,0,1
sst2_01798,train_38390,test,positive,0,0,0,0,0,0,0,0,0,0,0,0,0,0,1,0,0,0,0,0
sst2_01802,train_40170,train,negative,0,0,0,0,1,1,0,0,0,0,0,1,1,0,0,1,0,0,0,1
sst2_01804,train_67121,train,negative,0,0,0,0,1,1,0,1,0,0,0,1,0,0,0,1,0,0,0,1
sst2_01784,train_52015,train,positive,1,0,0,0,0,0,0,0,0,0,0,0,0,0,0,0,1,0,0,0
sst2_01803,train_27048,train,positive,1,1,0,1,0,0,0,0,0,0,1,1,0,0,0,0,0,0,0,1
sst2_01805,train_61869,train,negative,0,0,0,0,1,1,1,1,0,1,0,1,0,0,0,1,0,0,0,1
sst2_01807,train_61364,train,positive,1,1,0,0,0,0,0,0,0,0,0,0,0,0,0,1,0,0,0,1
sst2_01806,train_42577,train,positive,1,1,0,0,0,0,0,0,0,0,0,1,0,0,0,1,1,0,0,1
sst2_01808,train_41425,train,positive,1,1,0,1,0,0,0,0,0,0,1,1,0,0,0,1,0,0,0,1
sst2_01812,train_5230,train,positive,1,1,0,1,0,0,0,0,0,0,0,0,0,0,1,0,0,0,0,0
sst2_01810,train_7050,train,positive,0,0,0,0,0,0,0,0,0,0,0,0,0,0,0,0,0,0,0,0
sst2_01813,train_19909,test,positive,1,1,0,0,0,0,0,0,0,0,0,0,0,0,1,0,0,0,0,0
sst2_01815,train_37355,train,positive,0,0,0,0,1,1,1,1,0,0,1,1,0,0,0,1,0,0,0,1
sst2_01811,train_5081,train,negative,0,0,0,0,1,1,1,1,0,1,1,1,0,0,0,1,0,0,0,1
sst2_01814,train_56228,train,positive,1,1,0,1,0,0,0,0,1,0,0,0,0,0,0,0,0,0,0,1
sst2_01816,train_32150,train,negative,0,0,0,0,1,1,1,1,0,1,0,1,0,0,0,1,0,0,0,1
sst2_01820,train_50340,test,negative,0,0,1,0,0,0,0,0,0,0,1,0,0,0,1,0,0,0,0,0
sst2_01819,train_29605,train,negative,0,0,0,0,1,1,0,1,0,1,0,1,0,0,0,1,0,0,0,1
sst2_01817,train_56499,train,positive,1,0,0,0,0,0,0,0,0,0,0,0,0,0,0,0,0,0,0,0
sst2_01818,train_43530,train,negative,0,0,0,0,1,1,0,1,0,1,0,1,0,0,0,1,0,0,1,1
sst2_01794,train_28056,train,negative,0,0,0,0,1,0,1,0,0,0,0,0,0,0,1,1,0,0,0,0
sst2_01821,train_26524,train,positive,1,1,1,1,0,0,0,0,0,0,1,1,1,0,0,1,0,0,0,1
sst2_01822,train_17876,test,negative,0,0,0,0,1,1,0,1,0,0,0,1,0,0,0,1,0,0,0,1
sst2_01824,train_9322,train,positive,1,1,0,1,0,0,0,0,0,0,1,1,0,0,0,1,0,0,0,1
sst2_01823,train_11380,test,positive,1,1,0,1,0,0,0,0,0,0,0,1,0,0,0,1,0,0,0,1
sst2_01825,train_65967,train,positive,1,1,0,0,0,0,0,0,0,0,0,0,0,0,0,1,0,1,0,0
sst2_01827,train_12835,train,negative,0,0,0,0,1,1,0,0,0,0,1,1,0,1,0,1,0,0,0,1
sst2_01830,train_11346,train,positive,1,1,0,0,0,0,0,0,0,0,0,0,0,0,1,1,0,0,0,0
sst2_01831,train_57751,train,negative,0,0,0,0,1,1,1,1,0,1,1,1,0,0,0,1,1,0,0,1
sst2_01828,train_65239,train,negative,0,0,0,0,1,1,0,1,0,1,0,1,0,0,0,1,0,0,1,1
sst2_01829,train_7825,train,negative,0,0,0,0,1,1,1,0,0,0,1,0,1,1,0,1,0,0,0,0
sst2_01832,train_66474,train,negative,0,0,0,0,1,1,0,1,0,0,1,1,1,0,0,1,0,0,0,1
sst2_01809,train_59849,train,positive,1,1,1,0,1,1,0,0,0,0,0,1,0,1,0,1,0,1,0,1
sst2_01833,train_43173,test,negative,0,0,0,0,1,1,0,0,0,0,0,1,0,0,0,1,1,0,0,1
sst2_01835,train_38157,train,negative,0,0,0,0,1,1,0,1,0,0,1,1,1,1,0,1,1,0,1,1
sst2_01834,train_6449,train,negative,0,0,0,0,1,1,1,1,0,0,1,1,0,0,0,1,0,0,0,1
sst2_01836,train_60545,train,positive,1,1,1,0,0,1,0,0,0,1,1,1,0,1,0,1,0,1,0,1
sst2_01838,train_26895,test,positive,1,1,0,1,0,0,0,0,1,0,0,0,0,0,0,1,0,0,0,0
sst2_01837,train_26589,train,positive,0,1,0,1,0,0,0,0,1,0,0,1,0,0,0,1,0,0,0,1
sst2_01840,train_6936,test,negative,0,0,0,0,1,1,0,1,0,1,0,1,0,0,0,1,0,0,1,1
sst2_01839,train_30955,train,positive,1,1,0,0,0,0,0,0,0,0,0,0,0,0,0,0,0,0,0,1
sst2_01841,train_47294,train,negative,0,0,0,0,1,1,0,1,0,0,0,1,0,0,0,1,0,0,0,1
sst2_01842,train_3652,test,positive,1,1,1,0,0,0,0,0,0,0,1,0,0,0,0,1,0,1,0,1
sst2_01843,train_31913,train,negative,0,0,0,0,1,1,0,0,0,0,0,1,0,0,0,1,0,0,0,1
sst2_01844,train_57703,test,positive,1,1,0,1,0,0,0,0,0,0,0,1,0,0,0,1,0,0,0,1
sst2_01845,train_12843,test,negative,0,0,0,0,1,1,1,1,0,0,0,1,0,0,0,1,0,0,0,1
sst2_01846,train_28553,train,positive,0,0,0,0,0,0,0,0,0,0,0,0,0,0,1,0,0,0,0,0
sst2_01847,train_17108,train,negative,0,0,1,0,1,1,0,1,0,1,0,1,1,1,0,1,0,0,0,1
sst2_01849,train_36323,train,positive,1,1,0,1,0,0,0,0,0,0,0,1,0,0,0,1,0,0,0,1
sst2_01848,train_63668,test,negative,0,0,0,0,1,1,0,1,0,1,0,1,0,0,0,1,0,0,0,1
sst2_01850,train_51692,train,negative,0,0,0,0,1,1,1,1,0,1,1,1,1,0,0,1,0,0,0,1
sst2_01851,train_46559,train,positive,1,1,1,1,0,0,0,0,0,0,0,0,0,0,0,1,0,1,0,0
sst2_01854,train_40625,train,positive,0,0,0,0,0,0,0,0,0,0,0,0,0,0,0,0,0,0,0,0
sst2_01855,train_31178,train,positive,1,1,0,1,0,0,0,0,0,0,0,1,0,1,0,1,0,0,0,1
sst2_01853,train_50672,test,negative,0,0,0,0,1,1,1,1,0,0,0,1,0,0,0,1,0,0,1,1
sst2_01856,train_45363,train,positive,1,1,0,0,0,0,0,0,0,0,1,0,0,0,0,1,0,0,0,0
sst2_01860,train_29555,train,positive,1,1,0,0,0,0,0,0,1,0,0,0,0,0,0,1,0,0,0,0
sst2_01858,train_15364,train,positive,0,0,0,0,0,0,0,0,0,0,0,0,0,0,1,0,0,0,0,0
sst2_01857,train_52053,train,positive,1,1,1,0,0,0,0,0,0,0,1,1,0,0,0,1,1,1,0,1
sst2_01859,train_2128,train,positive,1,1,1,1,0,0,0,0,0,0,0,1,0,0,0,1,0,1,0,1
sst2_01826,train_30223,train,negative,0,0,0,0,1,1,0,1,0,1,0,1,1,0,0,1,1,0,1,1
sst2_01863,train_34468,train,negative,0,0,0,0,0,0,0,0,0,0,0,0,0,0,0,0,0,0,0,0
sst2_01862,train_25504,train,positive,1,1,1,1,0,0,0,0,0,0,0,0,0,0,0,1,0,0,0,1
sst2_01861,train_5656,test,negative,0,0,0,0,1,1,0,1,0,0,0,1,0,0,0,1,0,0,0,1
sst2_01865,train_62201,train,positive,0,0,0,0,0,0,0,0,0,0,0,0,0,0,1,0,0,0,0,0
sst2_01864,train_39744,train,negative,0,0,0,0,1,1,0,0,0,0,0,1,1,0,0,1,1,0,0,1
sst2_01866,train_14669,train,positive,0,1,0,1,1,0,0,0,0,0,0,1,0,1,0,1,0,0,0,1
sst2_01869,train_38683,train,negative,0,0,0,0,0,0,0,0,0,0,0,0,0,0,0,0,0,0,0,0
sst2_01867,train_55546,train,negative,0,0,0,0,1,1,1,1,0,1,1,1,1,0,0,1,1,0,0,1
sst2_01868,train_28146,test,negative,0,0,0,0,0,0,0,0,0,0,0,0,0,0,0,0,0,0,0,0
sst2_01870,train_33077,train,positive,1,1,0,0,0,0,0,0,0,0,0,0,0,0,0,1,0,0,0,1
sst2_01871,train_60061,train,negative,0,0,0,0,0,0,0,0,0,0,1,0,0,0,1,0,0,0,0,0
sst2_01872,train_45329,train,positive,0,0,0,0,0,0,0,0,0,0,0,0,0,0,1,0,0,0,0,0
sst2_01874,train_15681,train,negative,0,0,0,0,1,1,1,1,0,0,0,1,0,0,0,1,0,0,0,1
sst2_01873,train_41781,train,negative,0,0,0,0,1,1,1,1,0,1,0,1,0,0,0,1,1,0,0,1
sst2_01875,train_28440,train,positive,1,1,0,1,0,0,0,0,1,0,1,0,0,0,0,0,0,0,0,1
sst2_01876,train_27376,train,negative,0,0,0,0,1,1,1,1,0,0,0,1,0,0,0,1,0,0,0,1
sst2_01877,train_22799,train,negative,0,0,0,0,1,1,0,1,0,0,0,1,0,0,0,1,0,0,0,1
sst2_01879,train_48765,train,negative,0,0,0,0,0,0,0,0,0,0,0,0,0,0,0,0,0,0,0,0
sst2_01878,train_52685,train,positive,1,1,0,1,0,0,0,0,0,0,1,1,0,0,0,1,0,1,0,1
sst2_01881,train_44691,train,positive,1,1,0,0,1,1,1,1,0,1,1,1,0,1,0,1,0,0,1,1
sst2_01880,train_12162,train,positive,1,1,1,0,0,0,0,0,0,0,0,0,0,0,0,1,0,0,0,0
sst2_01882,train_56397,train,positive,1,1,0,1,0,0,0,0,0,0,0,1,0,0,0,1,0,0,0,1
sst2_01883,train_36082,train,negative,0,0,0,0,1,1,0,1,0,1,1,1,1,0,0,1,0,0,0,1
sst2_01884,train_6587,train,negative,0,0,0,0,1,0,0,0,0,0,0,1,0,0,0,1,0,0,0,1
sst2_01885,train_45992,test,negative,0,0,0,0,1,1,0,1,0,0,0,1,0,0,0,1,1,0,0,1
sst2_01888,train_33464,train,negative,0,0,0,0,1,1,1,1,0,0,0,1,1,0,0,1,0,0,0,1
sst2_01886,train_7334,train,positive,0,0,0,0,0,0,0,0,0,0,0,0,0,0,0,0,0,0,0,0
sst2_01887,train_4954,train,negative,0,0,0,0,1,1,1,1,0,0,0,1,0,1,0,1,0,0,0,1
sst2_01889,train_30025,train,positive,0,0,0,0,0,0,0,0,0,0,0,0,0,0,0,0,0,0,0,0
sst2_01892,train_33532,train,positive,1,1,0,0,0,0,0,0,0,0,0,1,0,0,0,1,0,0,0,1
sst2_01890,train_25861,train,negative,0,0,0,0,1,1,0,0,0,0,0,1,0,0,0,1,0,0,0,1
sst2_01893,train_45664,test,positive,1,1,1,1,0,0,0,0,0,0,0,1,0,0,0,1,0,1,0,1
sst2_01891,train_66444,test,positive,0,0,0,0,0,0,0,0,0,0,0,0,0,0,1,0,0,0,0,0
sst2_01896,train_32015,train,positive,1,1,0,1,0,0,0,0,0,0,0,1,0,0,0,1,0,0,0,1
sst2_01895,train_42368,train,negative,0,0,0,0,1,1,0,0,0,0,0,1,0,0,0,1,1,0,0,1
sst2_01852,train_63214,train,positive,0,0,0,0,0,0,0,0,0,0,0,0,0,0,0,0,0,0,0,0
sst2_01897,train_19535,train,negative,0,0,0,0,1,1,0,1,0,1,0,0,0,0,0,0,0,0,0,1
sst2_01899,train_32194,train,positive,0,0,0,0,0,0,0,0,0,0,0,0,0,0,0,0,0,0,0,0
sst2_01900,train_66427,train,positive,1,1,0,0,0,0,0,0,0,0,0,0,0,0,0,1,0,0,0,0
sst2_01894,train_37861,train,positive,1,1,0,1,0,0,0,0,0,0,0,1,0,0,0,1,0,0,0,1
sst2_01904,train_66558,test,positive,1,0,1,0,0,0,0,0,0,0,0,0,0,0,0,1,0,1,0,0
sst2_01903,train_49375,train,negative,0,0,0,0,1,1,0,1,0,0,0,1,0,0,0,1,1,0,1,1
sst2_01902,train_7166,test,positive,1,1,0,0,0,0,0,0,0,0,0,0,0,0,0,0,0,0,0,0
sst2_01901,train_54443,train,positive,1,0,0,0,0,0,0,0,0,0,0,0,0,0,0,1,0,0,0,0
sst2_01898,train_24980,test,positive,1,1,1,0,0,0,0,0,0,0,0,0,0,0,0,1,0,0,0,0
sst2_01906,train_31720,train,positive,1,1,0,0,0,0,0,0,0,0,0,0,0,0,1,1,0,0,0,0
sst2_01907,train_21794,train,negative,0,0,0,0,1,1,0,0,0,0,1,1,1,0,0,1,0,0,0,1
sst2_01909,train_1985,train,positive,1,1,1,0,0,0,0,0,0,0,0,1,0,0,0,1,0,1,0,1
sst2_01905,train_1012,test,negative,0,0,0,0,1,1,1,1,0,0,0,1,0,0,0,1,0,0,0,1
sst2_01908,train_28355,train,negative,0,0,0,0,1,1,0,1,0,0,0,1,0,0,0,1,0,0,0,1
sst2_01912,train_63161,train,positive,0,0,0,0,0,0,0,0,0,0,1,0,0,0,0,0,0,0,0,0
sst2_01911,train_24961,test,negative,0,0,0,0,1,1,1,1,0,1,1,1,0,1,0,1,1,0,0,1
sst2_01914,train_21652,train,negative,0,0,0,0,0,0,0,0,0,0,0,0,0,0,0,0,0,0,0,0
sst2_01913,train_19542,train,negative,0,0,0,0,1,1,0,0,0,0,0,1,0,0,0,1,0,0,0,1
sst2_01910,train_51676,train,positive,1,1,0,1,0,0,0,0,0,0,0,0,0,0,0,1,0,0,0,1
sst2_01915,train_55689,train,positive,1,1,1,0,0,0,0,0,0,0,0,0,0,0,0,1,0,0,0,1
sst2_01916,train_53222,train,positive,1,1,0,1,0,0,0,0,0,0,0,0,0,0,0,0,0,0,0,0
sst2_01917,train_9800,train,positive,1,1,0,0,0,0,0,0,0,0,0,0,0,0,0,0,0,0,0,0
sst2_01918,train_3509,train,positive,1,1,0,1,0,0,0,0,1,0,0,1,0,0,0,1,0,0,0,1
sst2_01919,train_42795,test,positive,1,1,0,0,0,0,0,0,1,0,0,0,0,0,1,0,0,0,0,0
sst2_01921,train_5911,train,positive,1,1,1,1,0,0,0,0,0,0,0,1,0,0,0,1,0,1,0,1
sst2_01920,train_30442,train,negative,0,0,0,0,1,1,0,1,0,0,0,1,0,0,0,1,0,0,0,1
sst2_01923,train_4696,train,positive,1,0,0,0,0,0,0,0,0,0,0,0,0,0,0,1,0,0,0,0
sst2_01924,train_5760,test,positive,1,1,1,0,0,0,0,0,0,0,0,1,0,0,0,1,0,1,0,1
sst2_01922,train_41585,train,positive,1,1,1,1,0,0,0,0,0,0,0,1,0,0,0,1,0,1,0,1
sst2_01925,train_4228,train,positive,1,1,0,0,0,0,0,0,0,0,0,0,0,0,0,1,0,0,0,0
sst2_01926,train_60112,train,positive,1,1,0,1,0,0,0,0,0,0,0,0,0,0,0,1,0,0,0,1
sst2_01927,train_6591,test,positive,1,1,0,0,0,0,0,0,0,0,0,0,0,0,0,1,0,0,0,1
sst2_01928,train_59556,train,negative,0,0,0,0,1,1,1,1,0,1,1,1,1,0,0,1,1,0,0,1
sst2_01929,train_52059,train,negative,0,0,0,0,1,1,0,0,0,0,1,0,0,0,0,0,0,0,0,1
sst2_01932,train_58534,train,positive,1,1,0,0,0,0,0,0,0,0,0,0,0,0,0,0,0,0,0,0
sst2_01931,train_48409,test,positive,1,1,0,1,0,0,0,0,0,0,0,1,0,0,0,1,0,1,0,1
sst2_01934,train_3644,train,negative,0,0,0,0,1,1,0,1,0,0,0,1,0,0,0,1,0,0,0,1
sst2_01930,train_42421,train,positive,1,1,1,0,0,0,0,0,0,0,1,0,0,0,1,1,0,1,0,0
sst2_01933,train_47223,train,negative,0,0,0,0,1,1,1,0,0,0,1,1,0,1,0,1,0,0,0,1
sst2_01935,train_58965,train,negative,0,0,0,0,1,1,1,1,0,0,0,1,0,0,0,1,0,0,1,1
sst2_01936,train_65191,train,positive,0,0,0,0,0,0,0,0,0,0,0,0,0,0,0,1,0,0,0,0
sst2_01939,train_20501,train,positive,0,0,0,0,0,0,0,0,0,0,0,0,0,0,0,0,0,0,0,0
sst2_01937,train_55269,test,negative,0,0,0,0,1,1,0,0,0,1,0,1,0,0,0,1,0,0,0,1
sst2_01938,train_54348,train,negative,0,0,0,0,1,1,0,0,0,0,0,1,0,0,0,1,0,0,0,1
sst2_01940,train_28878,train,negative,0,0,0,0,1,1,1,1,0,1,0,1,0,0,0,1,0,0,0,1
sst2_01941,train_45130,train,positive,1,1,1,0,0,0,0,0,0,0,1,0,0,0,0,1,0,1,0,0
sst2_01942,train_37746,test,positive,0,0,0,0,0,0,0,0,0,0,1,0,0,0,0,0,0,0,0,0
sst2_01944,train_51864,train,negative,0,0,0,0,1,1,1,1,0,0,1,1,1,0,0,1,1,0,0,1
sst2_01943,train_32372,train,negative,0,0,0,0,1,1,0,0,0,0,0,1,0,0,0,1,0,0,0,1
sst2_01946,train_34440,train,negative,0,0,0,0,1,1,0,0,0,0,0,1,0,0,0,1,0,0,0,1
sst2_01945,train_19875,test,negative,0,0,0,0,1,1,1,1,0,0,1,1,0,0,0,1,0,0,0,1
sst2_01948,train_8883,train,negative,0,0,0,0,1,1,1,1,0,0,0,0,0,0,1,0,0,0,0,0
sst2_01949,train_19199,train,positive,0,0,0,0,0,0,0,0,0,0,0,0,0,0,1,0,0,0,0,0
sst2_01947,train_30799,train,positive,1,1,0,1,0,0,0,0,0,0,1,1,0,0,0,1,0,0,0,1
sst2_01951,train_21162,train,negative,0,0,0,0,1,1,0,0,0,0,0,1,0,0,0,1,0,0,0,1
sst2_01952,train_20954,train,positive,1,1,1,1,0,0,0,0,0,0,0,1,0,0,0,1,0,1,0,1
sst2_01950,train_36759,train,positive,1,1,0,1,0,0,0,0,0,0,0,1,0,0,0,1,0,1,0,1
sst2_01953,train_29287,train,positive,0,0,0,0,0,0,0,0,0,0,0,0,0,0,1,0,0,0,0,0
sst2_01954,train_46729,train,positive,1,1,0,0,0,0,0,0,0,0,0,1,0,0,0,1,0,0,0,1
sst2_01955,validation_6,train,negative,0,0,0,0,1,1,0,0,0,0,0,0,0,0,1,1,0,0,1,0
sst2_01959,train_3048,train,positive,1,1,0,0,0,0,0,0,0,0,0,0,0,0,0,1,0,0,0,0
sst2_01956,train_33649,train,positive,1,0,0,0,0,0,0,0,0,0,0,0,0,0,0,1,0,1,0,0
sst2_01958,train_15648,train,positive,1,1,0,1,0,0,0,0,0,0,0,1,0,0,0,1,0,0,0,1
sst2_01960,train_38976,test,positive,1,1,1,0,0,0,0,0,0,0,0,0,0,0,0,1,0,1,0,1
sst2_01961,train_44101,train,negative,0,0,0,0,1,1,0,1,0,1,0,1,0,0,0,1,0,0,0,1
sst2_01957,train_35605,train,positive,0,0,0,0,0,0,0,0,0,0,0,0,0,0,0,0,0,0,0,0
sst2_01963,train_44061,train,positive,1,1,0,0,0,0,0,0,0,0,0,0,0,0,0,1,0,1,0,1
sst2_01962,train_3293,test,negative,0,0,0,0,1,1,0,0,0,0,0,0,0,0,0,1,0,0,1,1
sst2_01964,train_22782,train,positive,1,1,1,1,0,0,0,0,0,0,1,1,0,0,0,1,0,0,0,1
sst2_01968,train_1865,train,positive,1,1,0,0,0,0,0,0,0,0,0,0,0,0,0,0,0,0,0,1
sst2_01965,train_59680,train,positive,1,1,0,1,0,0,0,0,0,0,0,1,0,0,0,1,0,0,0,1
sst2_01966,train_65317,test,negative,0,0,0,0,1,1,0,1,0,0,0,1,0,0,0,1,1,0,0,1
sst2_01967,train_20036,train,negative,0,0,0,0,1,1,0,1,0,1,0,1,0,0,0,1,0,0,0,1
sst2_01969,train_64339,train,positive,1,1,0,1,0,0,0,0,1,0,0,0,0,0,0,1,0,0,0,0
sst2_01970,train_9561,train,negative,0,0,0,0,1,1,0,1,0,0,0,1,0,0,0,1,0,0,1,1
sst2_01973,train_33034,train,negative,0,0,0,0,1,1,0,0,0,0,0,0,0,0,0,1,0,0,0,0
sst2_01971,train_42281,test,positive,0,0,0,0,0,0,0,0,0,0,0,0,0,1,1,0,0,0,0,0
sst2_01972,train_5301,train,positive,1,1,1,1,0,0,0,0,1,0,0,1,0,0,0,1,0,1,0,1
sst2_01975,train_45257,train,positive,0,0,0,0,0,0,0,0,0,0,0,0,0,0,1,0,0,0,0,0
sst2_01976,train_2889,test,negative,0,0,0,0,1,1,0,1,0,0,0,1,0,0,0,1,0,0,1,1
sst2_01979,train_30535,train,negative,0,0,0,0,1,1,0,1,0,0,0,1,0,0,0,1,0,0,0,1
sst2_01977,train_8204,test,negative,0,0,0,0,1,1,1,1,0,0,1,1,0,0,0,1,0,0,0,1
sst2_01978,train_58692,train,negative,0,0,0,0,1,1,0,1,0,0,0,1,0,0,0,1,0,0,0,1
sst2_01974,train_63573,train,positive,0,0,0,0,0,0,0,0,0,0,0,0,0,0,0,0,0,0,0,0
sst2_01980,train_20664,train,positive,1,1,0,1,0,0,0,0,0,0,0,0,0,0,0,0,0,0,0,1
sst2_01981,train_28380,test,positive,0,0,0,0,0,0,0,0,0,0,0,0,0,0,0,0,0,0,0,0
sst2_01983,train_42021,train,negative,0,0,0,0,1,1,1,1,0,0,1,1,0,1,0,1,0,0,1,1
sst2_01982,train_2111,train,negative,0,0,0,0,1,1,1,1,0,0,0,1,0,0,0,1,0,0,0,1
sst2_01985,train_56806,train,negative,0,0,0,0,1,1,0,0,0,0,1,1,0,0,0,1,0,0,0,1
sst2_01984,train_16817,train,negative,0,0,0,0,1,1,1,1,0,0,1,1,0,1,0,1,0,0,0,1
sst2_01990,train_16412,test,negative,0,0,0,0,1,1,1,1,0,1,1,1,1,1,0,1,0,0,0,1
sst2_01991,train_63420,test,positive,1,1,0,0,0,0,0,0,0,0,0,0,0,0,0,0,1,0,0,0
sst2_01987,train_60607,train,positive,1,1,0,0,0,0,0,0,0,0,1,1,0,0,0,1,0,0,0,1
sst2_01989,train_19502,train,positive,1,1,0,1,0,0,0,0,0,0,0,1,0,0,0,0,0,0,0,1
sst2_01988,train_7240,train,negative,0,0,0,0,1,1,0,0,0,0,0,0,0,0,1,0,0,0,0,0
sst2_01995,train_53322,train,positive,1,0,1,0,0,0,0,0,0,0,0,0,0,0,1,0,1,0,0,0
sst2_01993,train_54528,train,positive,1,1,0,1,0,0,0,0,0,0,1,1,0,0,0,1,0,0,0,1
sst2_01994,train_45905,train,positive,0,0,0,0,0,0,0,0,0,0,0,0,0,0,1,0,0,0,0,0
sst2_01996,train_35928,test,positive,1,1,1,0,0,0,0,0,0,0,0,0,0,0,0,1,0,1,0,0
sst2_01997,train_26411,train,negative,0,0,0,0,1,1,0,0,0,0,0,1,1,0,0,1,0,0,0,1
sst2_01999,train_41407,train,negative,0,0,0,0,1,1,0,1,0,0,0,1,0,0,0,1,0,0,0,1
sst2_01992,train_37299,train,positive,1,1,1,1,0,0,0,0,1,0,0,0,0,0,0,1,0,0,0,1
sst2_02000,train_7981,train,positive,0,0,0,0,1,1,0,0,0,0,0,1,0,0,0,1,0,0,1,1
sst2_01998,train_38276,test,positive,1,1,0,0,0,0,0,0,0,0,0,0,0,0,0,1,0,0,0,0
sst2_02001,train_7212,train,negative,0,0,0,0,1,1,1,1,0,0,1,1,0,0,0,1,0,0,0,1
sst2_02002,train_17831,train,positive,1,1,0,1,0,0,0,0,1,0,0,0,0,0,0,0,0,0,0,0
sst2_02003,train_11964,train,positive,1,0,0,0,0,0,0,0,0,0,0,1,0,0,0,0,1,0,0,1
sst2_02004,train_36229,train,positive,1,1,0,1,0,0,0,0,0,0,0,1,0,0,0,1,0,0,0,1
sst2_02006,train_708,train,positive,1,1,0,0,0,0,0,0,0,0,1,0,0,0,1,0,0,0,0,0
sst2_02005,train_49864,train,negative,0,0,0,0,1,1,0,1,0,1,0,1,0,0,0,1,0,0,0,1
sst2_02009,train_47197,train,positive,1,1,0,1,1,0,0,0,0,0,0,1,0,1,0,1,0,0,0,1
sst2_02008,train_17081,train,negative,0,0,0,0,1,1,0,0,0,0,1,1,0,0,0,1,0,0,0,1
sst2_02007,train_56148,test,positive,1,1,1,1,0,0,0,0,0,0,0,0,0,0,0,1,0,1,0,1
sst2_02011,train_56656,train,positive,1,1,0,0,0,0,0,0,0,0,1,1,0,1,0,1,0,0,0,1
sst2_02010,train_32614,train,negative,0,0,0,0,1,1,1,1,0,0,0,1,0,0,0,1,0,0,0,1
sst2_02012,train_8660,train,positive,1,1,0,1,1,0,0,0,1,0,0,1,0,1,0,1,0,0,0,1
sst2_02013,validation_620,train,negative,0,0,0,0,1,1,1,1,0,0,1,1,0,0,0,1,1,0,1,1
sst2_02014,train_27402,test,negative,0,0,0,0,1,1,0,1,0,0,0,0,0,0,0,1,0,0,0,0
sst2_02016,train_66701,train,positive,0,0,0,0,0,0,0,0,0,0,0,0,0,0,0,0,0,0,0,0
sst2_02015,train_10359,test,positive,1,1,1,1,0,0,0,0,1,0,0,1,0,0,0,1,0,1,0,1
sst2_02017,train_26477,test,negative,0,0,0,0,1,1,1,1,0,0,1,1,0,0,0,1,0,0,0,1
sst2_02018,validation_221,train,negative,0,0,0,0,1,0,1,0,0,0,0,1,0,0,0,1,0,0,0,1
sst2_02019,train_44462,test,positive,1,1,0,1,0,0,0,0,1,0,0,1,0,0,0,1,0,0,0,1
sst2_02021,train_45097,train,negative,0,0,0,0,1,1,0,1,0,1,0,1,0,0,0,1,0,0,1,1
sst2_02020,train_26508,train,positive,1,1,1,1,0,0,0,0,0,0,0,1,0,0,0,1,0,1,0,1
sst2_02026,train_9147,test,negative,0,0,0,0,1,1,0,0,0,0,0,1,0,0,0,1,0,0,0,1
sst2_02024,train_66085,train,positive,1,1,0,1,0,0,0,0,0,0,0,0,0,0,0,0,0,0,0,1
sst2_02023,train_7126,train,positive,1,1,1,1,0,0,0,0,0,0,0,0,0,0,0,1,0,1,0,0
sst2_02025,train_10533,test,negative,0,0,0,0,1,1,1,1,0,1,0,1,0,0,0,1,0,0,0,1
sst2_01986,train_39445,train,positive,1,1,0,0,0,0,0,0,0,0,0,0,0,0,0,1,0,0,0,0
sst2_02028,train_4148,train,negative,0,0,0,0,1,1,0,1,0,1,0,1,0,0,0,1,0,0,0,1
sst2_02029,train_10680,train,positive,0,0,0,0,0,0,0,0,0,0,0,0,0,0,0,0,0,0,0,0
sst2_02027,validation_653,train,negative,0,0,0,0,1,1,1,1,0,0,1,1,0,0,0,1,1,0,0,1
sst2_02030,train_32939,train,positive,1,1,1,0,0,0,0,0,0,0,0,1,0,0,0,1,1,0,0,1
sst2_02031,train_30265,train,positive,1,1,1,0,0,0,0,0,0,0,0,0,0,0,0,1,1,0,0,1
sst2_02022,train_54960,test,positive,1,1,1,0,0,0,0,0,0,0,0,0,0,0,0,1,0,1,0,1
sst2_02034,train_61833,train,positive,1,1,0,0,0,0,0,0,0,0,0,0,0,0,0,0,0,0,0,1
sst2_02032,train_51265,train,positive,1,1,0,1,0,0,0,0,0,0,0,0,0,0,0,1,0,0,0,0
sst2_02033,train_1377,train,positive,1,1,0,1,0,0,0,0,1,0,0,1,0,0,0,1,0,0,0,1
sst2_02035,train_66497,train,positive,1,1,0,1,0,0,0,0,1,0,0,1,0,0,0,1,0,0,0,1
sst2_02037,train_600,train,positive,0,0,0,0,0,0,0,0,0,0,0,0,0,0,0,0,0,0,0,0
sst2_02036,train_13682,test,negative,0,0,0,0,1,1,0,1,0,1,1,1,1,0,0,1,0,0,0,1
sst2_02039,train_66369,train,positive,0,0,0,0,0,0,0,0,0,0,0,0,0,0,0,0,0,0,0,0
sst2_02038,train_61192,train,positive,1,1,0,0,0,0,0,0,0,0,1,1,0,0,0,1,0,0,0,1
sst2_02040,train_42109,train,positive,0,0,0,0,0,0,0,0,0,0,0,0,0,0,0,0,0,0,0,0
sst2_02041,train_35364,train,positive,1,1,1,1,0,0,0,0,0,0,0,0,0,0,0,1,0,1,0,1
sst2_02043,train_40981,test,positive,1,1,1,1,0,0,0,0,0,0,0,1,0,0,0,1,0,1,0,1
sst2_02042,train_41541,train,positive,1,1,0,0,0,0,0,0,0,0,1,0,0,0,0,1,0,0,0,0
sst2_02044,train_46793,train,negative,0,0,0,0,1,1,0,1,0,1,0,1,0,0,0,1,1,0,0,1
sst2_02045,train_18013,train,negative,0,0,0,0,1,1,0,0,0,0,0,1,0,0,0,1,0,0,0,1
sst2_02048,train_7016,train,positive,0,0,0,0,0,0,0,0,0,0,0,0,0,0,0,0,0,0,0,0
sst2_02047,train_3566,train,negative,0,0,0,0,1,1,0,1,0,1,0,1,0,0,0,1,0,0,0,1
sst2_02046,train_17819,train,positive,1,1,0,1,0,0,0,0,0,0,0,1,0,0,0,1,0,0,0,1
sst2_02049,train_16895,train,negative,0,0,0,0,1,1,0,0,0,0,0,1,1,0,0,1,0,0,0,1
sst2_02050,train_20504,train,negative,0,0,0,0,1,1,1,1,0,0,1,1,0,0,0,1,0,0,0,1
sst2_02051,train_30364,train,negative,0,0,0,0,1,1,0,0,0,0,1,1,0,0,0,1,0,0,0,1
sst2_02052,train_6609,train,positive,1,1,0,0,0,0,0,0,0,0,1,0,0,0,0,1,0,0,0,0
sst2_02053,train_18970,train,positive,1,1,1,0,0,0,0,0,0,0,0,1,0,0,0,1,0,1,0,1
sst2_02054,train_58992,test,positive,1,1,0,1,0,0,0,0,0,0,0,1,0,0,0,1,0,0,0,1
sst2_02055,train_40294,train,positive,1,1,1,1,0,0,0,0,0,0,0,1,0,0,0,1,0,0,0,1
sst2_02056,train_32449,test,negative,0,0,0,0,1,1,1,1,0,1,0,1,0,1,0,1,0,0,0,1
sst2_02057,train_6010,train,positive,1,0,1,0,0,0,0,0,0,0,0,0,0,0,0,1,0,1,0,1
sst2_02058,train_36952,train,positive,1,0,1,0,0,0,0,0,0,0,1,0,0,0,0,1,0,1,0,0
sst2_02061,train_12696,train,positive,0,0,0,0,0,0,0,0,0,0,0,0,0,0,0,0,0,0,0,0
sst2_02059,train_17549,test,negative,0,0,0,0,1,1,0,1,0,0,0,1,0,0,0,1,0,0,0,1
sst2_02060,train_45267,train,negative,0,0,0,0,1,1,1,1,0,1,0,1,0,1,0,1,0,0,0,1
sst2_02062,train_60372,test,positive,0,0,0,0,0,0,0,0,0,0,1,0,1,0,0,0,0,0,0,0
sst2_02063,train_41377,train,negative,0,0,0,0,1,1,0,0,0,0,0,1,0,0,0,1,0,0,0,1
sst2_02066,train_3270,train,positive,1,1,0,0,0,0,0,0,0,0,0,0,0,0,0,1,0,0,0,1
sst2_02064,train_45212,train,positive,1,1,1,1,0,0,0,0,1,0,0,1,0,0,0,1,0,1,0,1
sst2_02065,train_7485,train,negative,0,0,0,0,1,1,1,1,0,0,0,1,0,0,0,1,0,0,0,1
sst2_02070,train_56113,train,positive,1,1,1,1,0,0,0,0,0,0,1,0,0,0,0,1,0,1,0,1
sst2_02068,train_29270,test,negative,0,0,0,0,1,1,1,1,0,0,1,1,0,0,0,1,0,0,0,1
sst2_02071,train_49443,test,positive,1,0,0,0,0,0,0,0,0,0,0,0,0,0,0,1,0,0,0,0
sst2_02069,train_37045,train,positive,1,0,0,0,0,0,0,0,0,0,0,0,0,0,0,1,0,0,0,0
sst2_02072,train_7164,train,positive,1,1,0,1,0,0,0,0,0,0,1,1,0,0,0,1,0,0,0,1
sst2_02067,train_14036,train,negative,0,0,0,0,1,1,1,0,0,0,0,0,0,0,0,1,0,0,0,0
sst2_02074,train_33081,train,negative,0,0,0,0,1,1,0,1,0,0,0,1,0,0,0,1,0,0,0,1
sst2_02073,train_55796,train,negative,0,0,0,0,1,1,1,1,0,1,1,1,0,0,0,1,0,0,0,1
sst2_02076,train_37622,test,negative,0,0,0,0,1,1,1,1,0,0,0,1,0,0,0,1,0,0,0,1
sst2_02075,train_41657,train,negative,0,0,0,0,1,1,0,1,0,1,0,1,1,0,0,1,0,0,0,1
sst2_02077,train_22695,test,negative,0,0,0,0,1,1,0,1,0,0,0,1,0,0,0,1,0,0,0,1
sst2_02078,train_4656,train,negative,0,0,0,0,1,1,1,1,0,0,0,1,0,0,0,1,0,0,1,1
sst2_02079,train_34719,train,negative,0,0,0,0,1,1,0,0,0,0,0,1,0,0,0,1,0,0,0,1
sst2_02080,train_8434,train,negative,0,0,0,0,1,1,0,1,0,0,0,1,0,0,0,1,1,0,0,1
sst2_02084,train_35613,train,positive,0,0,0,0,0,0,0,0,0,0,0,0,0,0,0,0,0,0,0,0
sst2_02082,train_47516,test,positive,1,1,1,0,0,0,0,0,0,0,0,0,0,0,0,1,0,0,0,1
sst2_02083,train_23870,train,negative,0,0,0,0,1,1,1,0,0,0,1,1,0,0,0,1,0,0,0,1
sst2_02081,train_48846,test,positive,1,1,1,1,0,0,0,0,0,0,0,1,0,0,0,1,1,1,0,1
sst2_02085,train_22009,train,positive,1,1,1,1,0,0,0,0,1,0,1,1,0,0,0,1,0,1,0,1
sst2_02086,train_28856,test,positive,1,1,0,1,0,0,0,0,0,0,0,0,0,0,1,1,0,0,0,0
sst2_02087,train_66433,test,positive,0,0,0,0,0,0,0,0,0,0,0,0,0,0,0,0,0,0,0,0
sst2_02088,train_63740,train,positive,1,1,0,1,0,0,0,0,0,0,0,1,0,0,0,1,0,0,0,1
sst2_02090,train_31708,train,positive,0,0,0,0,0,0,0,0,0,0,0,0,0,0,0,0,0,0,0,0
sst2_02091,train_13941,train,positive,1,0,1,0,0,0,0,0,0,0,0,0,0,0,1,0,1,0,0,0
sst2_02089,validation_207,train,positive,1,1,1,1,0,0,0,0,0,0,0,1,0,0,0,1,0,1,0,1
sst2_02092,train_10761,train,positive,1,1,1,1,0,0,0,0,0,0,1,1,0,0,0,1,0,1,0,1
sst2_02093,train_42121,train,negative,0,0,0,0,0,0,0,0,0,0,0,0,0,0,0,0,0,0,0,0
sst2_02094,train_13346,train,positive,1,1,1,1,0,0,0,0,0,0,0,1,0,0,0,1,0,1,0,1
sst2_02095,train_184,test,positive,1,1,1,1,0,0,0,0,0,0,0,0,0,0,0,1,0,0,0,1
sst2_02097,train_11933,train,negative,0,0,0,0,1,1,0,1,0,0,0,1,0,0,0,1,0,0,1,1
sst2_02096,validation_242,train,negative,0,0,0,0,1,1,1,1,0,1,1,1,1,0,0,1,1,0,0,1
sst2_02099,train_59391,train,positive,0,0,0,0,0,0,0,0,0,0,0,0,0,0,0,0,0,0,0,0
sst2_02100,train_4142,train,positive,0,0,0,0,0,0,0,0,0,0,0,0,0,0,0,0,0,0,0,0
sst2_02102,train_63268,train,positive,0,0,0,0,0,0,0,0,0,0,0,0,0,0,0,0,0,0,0,0
sst2_02098,train_1478,train,positive,1,1,0,1,0,0,0,0,0,0,0,1,0,1,0,1,0,0,1,1
sst2_02104,train_10846,test,positive,1,1,0,1,0,0,0,0,0,0,0,0,0,0,0,0,0,0,0,1
sst2_02103,train_15830,train,negative,0,0,0,0,1,1,1,1,0,0,0,1,0,0,0,1,0,0,0,1
sst2_02101,validation_565,train,positive,1,1,0,0,0,0,0,0,0,0,0,0,0,1,0,1,0,0,0,0
sst2_02105,train_44964,train,positive,1,1,0,1,0,0,0,0,0,0,0,1,0,1,0,1,1,0,0,1
sst2_02106,train_21906,test,negative,0,0,0,0,1,1,0,0,0,0,0,1,0,0,0,1,0,0,0,1
sst2_02107,train_51060,train,positive,1,1,1,1,0,0,0,0,0,0,1,1,0,0,0,1,0,0,0,1
sst2_02108,train_62084,train,negative,0,0,0,0,1,1,0,1,0,0,1,1,1,0,0,1,0,0,0,1
sst2_02110,train_46129,train,negative,0,0,0,0,1,1,0,1,0,0,0,1,0,0,0,1,0,0,1,1
sst2_02109,train_8976,train,negative,0,0,0,0,1,1,1,0,0,0,1,0,0,0,0,1,0,0,0,0
sst2_02112,train_23809,train,positive,0,0,0,0,0,0,0,0,0,0,1,0,0,0,0,1,0,0,0,0
sst2_02111,train_49649,test,negative,0,0,0,0,1,1,1,1,0,0,1,1,0,0,0,1,0,0,0,1
sst2_02114,train_29305,train,positive,0,0,0,0,0,0,0,0,0,0,1,0,0,0,0,0,0,0,0,0
sst2_02113,train_6703,test,negative,0,0,0,0,1,1,1,1,0,1,1,1,0,0,0,1,0,0,0,1
sst2_02115,train_21265,train,positive,1,0,0,0,0,0,0,0,0,0,0,0,0,0,1,1,0,0,0,0
sst2_02116,train_49152,train,negative,0,0,0,0,1,1,0,1,0,0,0,1,0,0,0,1,0,0,1,1
sst2_02117,train_55324,train,positive,1,1,0,0,1,1,0,0,0,0,0,0,0,1,0,0,0,0,0,0
sst2_02118,train_33699,test,positive,1,1,0,1,0,0,0,0,0,0,1,1,0,1,0,1,0,0,0,1
sst2_02120,train_57733,train,positive,1,1,1,0,0,0,0,0,1,0,1,1,0,0,0,1,0,1,0,1
sst2_02122,train_2593,train,negative,0,0,0,0,0,0,0,0,0,0,0,0,0,0,1,0,0,0,0,0
sst2_02119,train_35838,train,positive,1,1,0,1,0,0,0,0,1,0,0,1,0,0,0,1,0,0,0,1
sst2_02121,train_53711,train,negative,0,0,0,0,1,1,0,1,0,0,1,1,0,0,0,1,0,0,0,1
sst2_02123,train_13161,train,negative,0,0,0,0,1,1,0,1,0,0,1,1,1,0,0,1,0,0,0,1
sst2_02124,train_26936,train,positive,1,1,1,0,0,0,0,0,0,0,1,0,0,0,0,1,0,0,0,0
sst2_02125,train_29820,test,positive,1,1,0,0,0,0,0,0,0,0,0,0,0,0,0,1,0,1,0,0
sst2_02126,train_23386,test,negative,0,0,0,0,1,1,0,1,0,0,0,1,0,0,0,1,0,0,0,1
sst2_02128,train_3523,train,positive,1,1,0,0,0,0,0,0,1,0,0,0,0,0,0,1,0,0,0,0
sst2_02127,train_3859,test,positive,1,0,0,0,0,0,0,0,0,0,0,0,0,0,0,1,0,0,0,0
sst2_02129,train_28042,test,negative,0,0,0,0,1,1,0,0,0,0,0,1,0,0,0,1,0,0,0,1
sst2_02130,train_28489,train,negative,0,0,0,0,1,1,1,1,0,1,0,1,0,0,0,1,0,0,0,1
sst2_02131,train_66514,train,positive,1,1,1,1,0,0,0,0,1,0,1,1,0,1,0,1,1,1,0,1
sst2_02133,train_48458,train,positive,1,1,1,1,0,0,0,0,0,0,0,1,0,0,0,1,0,1,0,1
sst2_02134,train_39618,train,positive,1,0,0,0,0,0,0,0,0,0,0,0,0,0,0,1,0,0,0,0
sst2_02132,train_15825,train,negative,0,0,0,0,1,1,0,1,0,1,0,1,1,0,0,1,0,0,0,1
sst2_02136,train_37038,train,negative,0,0,0,0,1,1,1,1,0,1,0,1,0,0,0,1,0,0,0,1
sst2_02137,train_26730,test,negative,0,0,0,0,0,0,0,0,0,0,0,0,0,0,1,0,0,0,0,0
sst2_02135,train_58960,train,negative,0,0,0,0,1,1,0,1,0,0,0,1,0,0,0,1,0,0,0,1
sst2_02138,train_25516,train,positive,1,0,1,0,0,0,0,0,0,0,0,0,0,0,0,1,0,0,0,1
sst2_02139,train_27483,test,positive,1,1,0,1,0,0,0,0,1,0,1,1,0,0,0,1,0,0,0,1
sst2_02140,train_57803,train,positive,0,0,0,0,0,0,0,0,0,0,0,0,0,1,1,1,0,0,0,0
sst2_02141,train_12397,test,positive,1,1,0,1,0,0,0,0,0,0,0,1,0,0,0,1,0,0,0,1
sst2_02143,train_31760,train,negative,0,0,0,0,1,1,1,0,0,0,0,1,1,1,0,1,0,0,0,1
sst2_02142,train_21196,train,positive,1,1,0,1,0,0,0,0,1,0,0,1,0,0,0,1,0,0,0,1
sst2_02144,train_13822,train,positive,1,1,0,1,0,0,0,0,0,0,0,1,0,0,0,1,0,0,0,1
sst2_02145,train_7719,train,positive,1,1,0,0,0,0,0,0,1,0,0,1,0,0,0,1,0,0,0,1
sst2_02146,train_56574,train,negative,0,0,0,0,1,1,1,1,0,0,0,1,0,0,0,1,1,0,0,1
sst2_02147,train_4781,train,negative,0,0,0,0,1,1,0,1,0,0,0,1,0,0,0,1,0,0,0,1
sst2_02148,train_24081,train,negative,0,0,0,0,1,1,1,1,0,0,0,1,0,0,0,1,1,0,0,1
sst2_02150,train_65865,train,negative,0,0,0,0,1,1,0,0,0,0,0,1,1,0,0,1,0,0,0,1
sst2_02151,train_17786,train,negative,0,0,0,0,0,0,0,0,0,0,0,0,0,0,0,0,0,0,0,0
sst2_02152,train_13906,test,positive,0,0,0,0,0,0,0,0,0,0,0,0,0,0,0,1,0,0,0,0
sst2_02149,train_17615,test,positive,1,1,0,1,0,0,0,0,1,0,1,0,0,0,0,0,0,0,0,0
sst2_02153,train_11067,train,positive,0,0,0,0,0,0,0,0,0,0,0,0,0,0,0,0,0,0,0,0
sst2_02154,train_38633,test,positive,0,0,0,0,1,1,1,0,0,0,0,0,0,0,0,1,0,0,0,0
sst2_02155,train_65695,test,negative,0,0,0,0,1,1,0,1,0,0,0,1,0,0,0,1,0,0,0,1
sst2_02156,train_31431,train,negative,0,0,0,0,1,1,1,1,0,0,0,1,0,0,0,1,0,0,0,1
sst2_02157,train_63046,train,positive,0,0,0,0,1,1,1,0,0,0,0,1,0,0,0,1,0,0,0,1
sst2_02158,train_62633,test,positive,1,1,0,1,0,0,0,0,0,0,1,1,0,0,0,1,0,0,0,1
sst2_02159,train_55333,test,positive,0,0,0,0,0,0,0,0,0,0,0,0,0,0,0,0,0,0,0,0
sst2_02160,train_43909,train,negative,0,0,0,0,1,1,0,1,0,0,1,1,0,0,0,1,0,0,0,1
sst2_02162,train_62864,train,positive,1,1,1,1,0,0,0,0,0,0,0,1,0,0,0,1,0,1,0,1
sst2_02161,train_29742,train,negative,1,1,1,1,1,1,0,0,0,0,0,1,1,1,0,1,0,0,0,1
sst2_02163,train_49244,train,positive,1,1,1,1,0,0,0,0,1,0,0,1,0,0,0,1,0,1,0,1
sst2_02164,train_8163,train,positive,1,1,0,0,0,0,0,0,0,0,1,0,0,1,0,1,0,1,0,0
sst2_02165,train_55014,test,positive,0,0,0,0,0,0,0,0,0,0,1,0,0,0,0,0,0,0,0,0
sst2_02166,train_67243,test,negative,0,0,0,0,1,1,0,0,0,0,0,1,0,0,0,1,0,0,0,1
sst2_02169,train_18805,train,negative,0,0,0,0,1,1,0,1,0,0,1,1,1,0,0,1,0,0,0,1
sst2_02168,train_35967,train,negative,0,0,0,0,1,1,0,1,0,0,0,1,0,0,0,1,0,0,0,1
sst2_02167,train_55245,train,negative,0,0,0,0,1,1,0,1,0,0,0,1,1,0,0,1,0,0,0,1
sst2_02170,train_9148,train,positive,1,1,0,1,0,0,0,0,1,0,0,1,0,0,0,1,0,0,0,1
sst2_02171,train_65012,train,positive,0,0,0,0,0,0,0,0,0,0,0,0,0,0,0,0,0,0,0,0
sst2_02172,train_4525,test,positive,0,0,0,0,0,0,0,0,0,0,0,0,0,0,1,0,0,0,0,0
sst2_02176,train_65455,train,positive,1,1,0,0,0,0,0,0,0,0,0,0,0,0,0,0,0,0,0,1
sst2_02175,train_65104,train,positive,1,1,0,0,0,0,0,0,0,0,0,1,0,0,0,1,0,0,0,1
sst2_02173,train_46037,train,negative,0,0,0,0,1,1,0,1,0,0,0,1,0,0,0,1,0,0,0,1
sst2_02174,train_31324,train,positive,1,1,1,1,0,0,0,0,0,0,0,1,0,0,0,1,1,1,0,1
sst2_02178,train_26481,train,positive,1,1,1,1,0,0,0,0,0,0,1,1,0,0,0,1,1,1,0,1
sst2_02179,train_2866,train,negative,0,0,0,0,1,1,0,0,0,0,0,1,0,0,0,1,0,0,0,1
sst2_02180,train_8728,train,positive,1,1,0,1,0,0,0,0,0,0,1,1,0,0,0,1,0,0,0,1
sst2_02181,train_51195,test,negative,0,0,0,0,1,1,1,1,0,1,1,1,0,0,0,1,1,0,0,1
sst2_02177,train_36414,train,negative,0,0,0,0,1,1,1,1,0,1,0,1,0,0,0,1,1,0,0,1
sst2_02182,train_42498,train,negative,0,0,0,0,1,1,1,1,0,0,0,1,0,0,0,1,0,0,0,1
sst2_02184,train_21376,train,positive,1,1,0,1,0,0,0,0,0,0,0,0,1,1,0,1,0,0,0,1
sst2_02183,train_49362,test,positive,1,1,1,0,0,0,0,0,0,0,0,0,0,0,0,0,0,0,0,0
sst2_02186,train_58014,train,positive,1,1,0,0,0,0,0,0,0,0,0,0,0,0,0,1,0,0,0,0
sst2_02187,validation_263,train,positive,1,1,0,1,0,0,0,0,1,0,0,1,0,0,0,1,0,1,0,1
sst2_02185,train_43585,train,negative,0,0,0,0,1,1,1,1,0,0,0,1,0,0,0,1,0,0,0,1
sst2_02188,train_14024,train,negative,0,0,0,0,1,1,1,0,0,0,1,0,0,0,1,0,0,0,0,0
sst2_02189,train_9340,test,negative,0,0,0,0,1,1,1,1,0,1,0,1,0,0,0,1,0,0,0,1
sst2_02193,train_53497,train,negative,0,0,0,0,0,0,0,0,0,0,0,0,0,0,1,0,0,0,0,0
sst2_02192,train_49035,test,positive,1,1,0,1,0,0,0,0,0,0,0,0,0,0,0,1,0,0,0,1
sst2_02190,train_44022,test,positive,1,1,0,1,0,0,0,0,1,0,0,1,0,0,0,1,0,0,0,1
sst2_02191,train_13709,train,positive,1,1,0,1,0,0,0,0,1,0,0,1,0,0,0,1,0,0,0,1
sst2_02194,train_23088,train,positive,1,1,1,1,0,0,0,0,0,0,0,1,0,0,0,1,0,1,0,1
sst2_02196,train_33219,train,negative,0,0,0,0,1,1,0,1,0,1,0,1,0,0,0,1,0,0,0,1
sst2_02195,train_64259,train,negative,0,0,0,0,1,1,0,1,0,1,0,1,0,0,0,1,0,0,0,1
sst2_02197,train_27778,train,negative,0,0,0,0,1,1,0,1,0,0,0,1,0,0,0,1,0,0,0,1
sst2_02198,train_48646,train,positive,1,1,0,1,0,0,0,0,0,0,0,1,0,0,0,1,0,0,0,1
sst2_02199,train_10125,train,negative,0,0,0,0,1,1,0,1,0,0,0,1,0,0,0,1,0,0,0,1
sst2_02200,train_16933,train,negative,0,0,0,0,1,1,0,1,0,0,0,1,0,0,0,1,0,0,0,1
sst2_02203,train_808,train,positive,1,1,0,0,0,0,0,0,0,0,0,0,0,0,0,1,0,0,0,0
sst2_02204,train_20412,train,negative,0,0,0,0,1,1,0,1,0,0,0,1,0,0,0,1,0,0,1,1
sst2_02205,train_10883,train,positive,0,1,0,1,1,0,0,0,0,0,0,1,0,1,0,1,0,1,0,1
sst2_02201,train_61277,train,negative,0,0,0,0,1,1,0,1,0,0,0,1,0,0,0,1,1,0,0,1
sst2_02202,train_38270,train,negative,0,0,0,0,1,0,0,0,0,0,0,0,0,0,0,1,0,0,0,0
sst2_02206,train_34252,train,positive,0,0,0,0,0,0,0,0,0,0,1,0,0,0,0,0,0,0,0,0
sst2_02208,train_55830,test,negative,0,0,0,0,1,1,0,1,0,0,0,1,0,0,0,1,0,0,0,1
sst2_02207,train_962,train,positive,1,1,0,1,0,0,0,0,0,0,0,1,0,0,0,1,0,0,0,1
sst2_02210,train_5960,train,positive,1,1,1,1,0,0,0,0,0,0,0,1,0,0,0,1,0,1,0,1
sst2_02209,train_4948,train,positive,1,1,1,1,0,0,0,0,0,0,0,0,0,0,0,1,0,1,0,1
sst2_02211,train_57273,train,positive,1,0,0,0,0,0,0,0,0,0,0,0,0,0,0,0,0,0,0,1
sst2_02212,train_18064,train,negative,0,0,0,0,1,1,1,0,0,0,0,0,0,0,0,1,0,0,0,1
sst2_02213,train_26950,train,positive,1,1,0,1,0,0,0,0,0,0,1,1,0,0,0,1,0,0,0,1
sst2_02214,validation_139,test,negative,0,0,0,0,0,0,0,0,0,0,1,0,0,0,0,0,0,0,0,0
sst2_02216,train_63170,train,positive,1,1,0,0,0,0,0,0,0,0,0,0,0,0,0,1,0,0,0,0
sst2_02217,train_63017,train,positive,0,0,0,0,0,0,0,0,0,0,1,0,0,0,0,0,0,0,0,0
sst2_02215,train_31347,train,negative,0,0,0,0,1,1,1,1,0,0,1,1,0,0,0,1,0,0,0,1
sst2_02219,train_7525,train,positive,1,0,0,0,0,0,0,0,0,0,0,0,0,0,0,0,0,0,0,0
sst2_02218,train_31447,train,positive,1,1,0,1,0,0,0,0,0,0,0,1,0,0,0,1,0,0,0,1
sst2_02220,train_52617,train,positive,1,1,0,1,0,0,0,0,0,0,1,1,0,0,0,0,0,0,0,1
sst2_02222,train_56370,train,negative,0,0,0,0,1,1,0,1,0,0,0,1,0,0,0,1,0,0,0,1
sst2_02221,train_12347,train,negative,0,0,0,0,1,1,0,0,0,0,0,0,0,0,0,0,0,0,0,1
sst2_02223,train_7832,train,positive,1,1,0,0,0,0,0,0,0,0,0,0,0,0,0,1,0,0,0,1
sst2_02224,train_59207,train,negative,0,0,0,0,1,1,0,1,0,0,0,1,0,0,0,1,0,0,1,1
sst2_02226,train_62700,test,negative,0,0,0,0,1,1,1,1,0,1,1,1,1,0,0,1,1,0,0,1
sst2_02228,train_34302,train,positive,1,1,1,1,0,0,0,0,0,0,0,1,0,0,0,1,0,1,0,1
sst2_02225,train_2429,train,positive,1,1,0,1,0,0,0,0,1,0,0,1,0,0,0,1,0,0,0,1
sst2_02227,train_61960,train,positive,1,1,1,1,0,0,0,0,1,0,0,1,0,1,0,1,0,0,0,1
sst2_02229,train_24883,test,negative,0,0,0,0,1,1,0,1,0,1,0,1,0,0,0,1,0,0,0,1
sst2_02230,train_4464,train,positive,0,0,0,0,0,0,0,0,0,0,1,1,0,0,0,0,0,0,0,1
sst2_02231,train_64495,train,positive,0,0,0,0,0,0,0,0,0,0,0,0,0,0,0,1,0,0,0,0
sst2_02233,train_26159,train,positive,1,0,0,0,0,0,0,0,0,0,0,0,0,0,0,1,0,0,0,0
sst2_02232,train_3134,train,positive,1,1,0,1,0,0,0,0,0,0,0,1,0,0,0,1,0,0,0,1
sst2_02234,train_2227,test,negative,0,0,0,0,1,1,0,1,0,1,1,1,0,0,0,1,0,0,0,1
sst2_02235,train_53950,train,positive,1,1,0,1,0,0,0,0,0,0,1,0,0,0,0,0,0,0,0,0
sst2_02236,train_57233,train,negative,0,0,0,0,0,0,0,0,0,0,1,0,0,0,1,0,0,0,0,0
sst2_02237,train_54206,train,positive,1,1,1,1,0,0,0,0,0,0,0,1,0,0,0,1,0,1,0,1
sst2_02238,train_52545,train,negative,0,0,0,0,1,1,0,1,0,0,0,1,0,0,0,1,0,0,0,1
sst2_02239,train_17510,train,negative,0,0,0,0,1,1,1,1,0,1,1,1,1,1,1,1,1,0,0,0
sst2_02241,train_65160,train,negative,0,0,0,0,1,1,0,1,0,1,0,1,0,0,0,1,0,0,0,1
sst2_02240,train_24360,train,positive,1,1,1,0,0,0,0,0,0,0,0,1,0,0,0,1,0,1,0,1
sst2_02244,train_57888,train,negative,0,0,0,0,1,1,1,1,0,0,0,1,0,0,0,1,0,0,0,1
sst2_02242,train_52720,train,positive,1,1,1,1,0,0,0,0,0,0,1,1,0,0,0,1,0,1,0,1
sst2_02243,train_25226,train,positive,1,1,0,1,0,0,0,0,0,0,0,1,0,0,0,1,1,0,0,1
sst2_02245,train_26741,train,positive,1,1,0,1,0,0,0,0,1,0,0,0,0,0,0,0,0,0,0,1
sst2_02246,train_24384,train,negative,0,0,0,0,1,1,0,1,0,0,0,1,0,0,0,1,0,0,0,1
sst2_02247,train_20757,train,positive,0,0,0,0,0,1,0,0,0,0,1,1,1,1,0,1,0,0,0,1
sst2_02249,train_10674,test,negative,0,0,0,0,1,1,0,1,0,1,1,1,0,0,0,1,1,0,0,1
sst2_02248,train_55638,train,negative,0,0,0,0,0,0,0,0,0,0,0,0,0,0,0,0,0,0,0,0
sst2_02251,train_54861,train,negative,0,0,0,0,1,1,0,0,0,0,0,1,1,0,0,1,0,0,0,1
sst2_02250,train_36719,test,negative,0,0,0,0,1,1,1,1,0,0,1,1,1,0,0,1,0,0,0,1
sst2_02252,train_39807,train,positive,1,1,0,1,0,0,0,0,0,0,1,1,1,1,0,1,0,0,0,0
sst2_02253,train_33212,test,negative,0,0,0,0,1,1,1,1,0,1,0,1,0,0,0,1,0,0,0,1
sst2_02255,train_55023,train,negative,0,0,0,0,1,0,0,0,0,0,0,1,0,0,0,1,0,0,0,1
sst2_02254,train_31831,train,negative,0,0,0,0,1,1,0,0,0,0,0,0,0,0,0,1,0,0,0,0
sst2_02256,train_32311,train,negative,0,0,0,0,1,1,1,1,0,1,0,1,0,0,0,1,0,0,0,1
sst2_02257,train_8765,train,negative,0,0,0,0,1,1,0,1,0,1,0,1,0,0,0,1,0,0,0,1
sst2_02258,train_40341,train,positive,0,0,0,0,0,0,0,0,0,0,0,0,0,0,0,0,0,0,0,0
sst2_02260,train_60598,train,negative,0,0,0,0,1,1,1,1,0,0,1,1,0,0,0,1,0,0,0,1
sst2_02259,train_25639,train,negative,0,0,0,0,1,1,1,1,0,1,1,1,0,1,0,1,1,0,0,1
sst2_02262,train_42340,train,positive,1,1,0,1,0,0,0,0,1,0,0,1,0,0,0,1,0,0,0,1
sst2_02261,validation_277,train,positive,1,0,0,0,0,0,0,0,0,0,1,0,0,0,1,0,0,0,0,0
sst2_02263,train_25090,train,negative,0,0,0,0,1,1,1,1,0,1,1,1,0,0,0,1,0,0,0,1
sst2_02264,train_40796,train,positive,1,1,0,1,0,0,0,0,1,0,0,1,0,0,0,1,0,0,0,1
sst2_02266,train_40759,train,positive,1,1,0,1,0,0,0,0,0,0,0,1,0,0,0,1,0,0,0,1
sst2_02265,train_3792,train,positive,1,1,1,1,0,0,0,0,1,0,1,0,0,0,0,1,1,0,0,1
sst2_02268,train_46417,test,positive,1,1,0,0,0,0,0,0,1,0,0,0,0,0,0,0,0,0,0,1
sst2_02267,train_213,train,negative,0,0,0,0,1,1,0,1,0,0,0,1,0,0,0,1,0,0,0,1
sst2_02269,train_55884,train,negative,0,0,0,0,1,1,1,1,0,0,0,1,1,0,0,1,1,0,1,1
sst2_02270,train_62480,train,negative,0,0,0,0,1,1,1,1,0,0,1,1,0,0,0,1,0,0,0,1
sst2_02271,train_37616,train,positive,1,1,0,1,0,0,0,0,0,0,0,1,0,0,0,1,0,0,0,1
sst2_02272,train_56005,train,negative,0,0,0,0,1,1,0,0,0,0,0,1,0,0,0,1,0,0,0,1
sst2_02274,train_20764,train,negative,0,0,0,0,1,1,1,1,0,0,1,1,0,1,0,1,0,0,0,1
sst2_02275,train_56557,train,negative,0,0,0,0,1,1,0,1,0,0,0,0,0,0,1,1,0,0,1,0
sst2_02276,train_54305,train,negative,0,0,0,0,1,1,0,0,0,0,0,1,0,0,0,1,0,0,0,1
sst2_02273,train_55889,train,positive,1,1,0,1,0,0,0,0,0,0,0,0,0,0,0,1,0,0,0,0
sst2_02277,train_56665,train,positive,1,1,0,0,0,0,0,0,0,0,0,0,0,0,0,1,0,0,0,1
sst2_02278,train_17863,test,positive,0,0,0,0,0,0,0,0,0,0,0,0,0,0,1,0,0,0,0,0
sst2_02283,train_25003,train,positive,0,0,0,0,0,0,0,0,0,0,0,0,0,0,1,0,0,0,0,0
sst2_02280,train_63795,train,positive,0,0,0,0,1,1,1,0,0,0,1,1,1,1,0,1,0,0,0,1
sst2_02279,train_50398,train,negative,0,0,0,0,1,1,1,1,0,1,0,1,0,0,0,1,0,0,0,1
sst2_02281,train_47468,train,negative,0,0,0,0,1,1,0,1,0,0,0,1,1,0,0,1,1,0,1,1
sst2_02282,train_8466,test,negative,0,0,0,0,1,1,1,0,0,0,0,1,0,0,0,1,0,0,0,1
sst2_02284,train_3925,train,negative,0,0,0,0,1,1,1,1,0,0,1,1,0,0,0,1,1,0,0,1
sst2_02285,train_52259,test,negative,0,0,0,0,1,1,0,1,0,0,0,1,0,0,0,1,0,0,0,1
sst2_02286,train_54492,train,positive,1,1,1,1,0,0,0,0,0,0,0,1,0,0,0,1,0,0,0,1
sst2_02288,train_16286,train,positive,1,1,0,0,0,0,0,0,0,0,1,0,0,0,0,1,0,0,0,0
sst2_02287,train_32298,test,negative,0,0,0,0,1,1,1,1,0,1,1,1,0,1,0,1,0,0,0,1
sst2_02289,train_28765,train,negative,0,0,0,0,1,1,0,0,0,0,1,1,1,0,0,1,0,0,0,1
sst2_02290,train_58395,train,positive,1,1,1,1,0,0,0,0,0,0,0,1,0,0,0,1,0,1,0,1
sst2_02292,train_40925,test,positive,1,1,0,1,0,0,0,0,0,0,0,1,0,0,0,1,0,0,0,1
sst2_02291,train_36017,train,positive,1,1,0,1,0,0,0,0,1,0,1,1,0,0,0,1,0,0,0,1
sst2_02293,train_42857,train,negative,0,0,0,0,1,1,0,0,0,1,0,1,0,0,0,1,0,0,0,1
sst2_02296,train_4929,train,negative,0,0,0,0,1,1,0,0,0,0,0,1,0,0,0,1,0,0,0,1
sst2_02295,train_2257,train,negative,0,0,0,0,1,1,0,1,0,1,0,1,0,0,0,1,0,0,0,1
sst2_02294,train_51062,train,negative,0,0,0,0,1,1,0,1,0,0,0,1,0,0,0,1,0,0,0,1
sst2_02298,train_23343,train,negative,0,0,0,0,1,1,1,1,0,1,0,1,1,0,0,1,0,0,0,1
sst2_02297,train_10818,train,positive,1,1,0,0,0,0,0,0,0,0,1,0,0,0,0,1,0,0,0,0
sst2_02300,train_45460,train,positive,1,1,0,0,0,0,0,0,0,0,0,0,0,0,0,1,0,0,0,0
sst2_02299,train_47897,train,negative,0,0,0,0,0,0,0,0,0,0,0,0,0,0,0,0,0,0,0,0
sst2_02302,train_17423,train,negative,0,0,0,0,0,0,0,0,0,0,0,0,0,0,0,0,0,0,0,0
sst2_02301,train_56090,train,positive,0,0,0,0,1,1,0,0,0,0,0,1,1,1,0,1,0,0,0,1
sst2_02303,train_46252,train,negative,0,0,0,0,1,1,0,1,0,1,0,1,0,0,0,1,0,0,1,1
sst2_02304,train_42729,test,negative,0,0,0,0,1,1,0,1,0,0,0,1,0,0,0,1,0,0,0,1
sst2_02308,train_64478,test,negative,0,0,0,0,1,0,0,0,0,0,0,0,0,0,0,1,0,0,0,1
sst2_02307,train_14136,train,positive,0,0,0,0,0,0,0,0,0,0,0,0,0,0,0,0,0,0,0,0
sst2_02305,train_16356,train,positive,1,1,0,0,0,0,0,0,0,0,0,0,0,0,0,0,0,0,0,1
sst2_02306,validation_807,train,positive,1,1,1,1,0,0,0,0,0,0,1,1,0,0,0,1,0,1,0,1
sst2_02309,train_17698,train,positive,1,1,0,1,0,0,0,0,1,0,0,0,0,0,0,0,0,0,0,1
sst2_02310,train_12609,test,positive,1,1,0,1,0,0,0,0,0,0,0,0,0,0,1,1,0,0,0,0
sst2_02311,train_3096,test,positive,1,1,1,0,0,0,0,0,0,0,0,1,0,0,0,1,0,1,0,1
sst2_02313,train_49886,test,negative,0,0,0,0,1,1,1,1,0,0,1,1,0,1,0,1,0,0,0,1
sst2_02312,train_38890,train,negative,0,0,0,0,0,0,0,0,0,0,1,0,0,0,0,0,0,0,0,0
sst2_02314,train_39963,train,negative,0,0,0,0,1,1,0,1,0,0,0,1,0,0,0,1,0,0,0,1
sst2_02315,train_51382,train,negative,0,0,0,0,1,1,0,1,0,0,0,1,0,0,0,1,0,0,1,1
sst2_02316,train_7983,train,negative,0,0,0,0,1,1,1,1,0,1,1,1,0,1,0,1,0,0,0,1
sst2_02317,train_32084,train,positive,1,1,1,0,0,0,0,0,0,0,0,0,0,0,0,1,0,1,0,0
sst2_02318,train_46281,train,positive,1,1,0,0,0,0,0,0,0,0,0,0,0,0,0,1,0,0,0,0
sst2_02320,train_10500,train,positive,1,1,0,1,0,0,0,0,1,0,0,1,0,0,0,0,0,0,0,1
sst2_02319,train_50198,train,negative,0,0,0,0,1,1,0,1,0,0,1,1,1,0,0,1,0,0,0,1
sst2_02321,train_42914,train,negative,0,0,0,0,1,1,1,1,0,0,1,1,0,1,0,1,1,0,1,1
sst2_02322,train_34132,train,negative,0,0,0,0,1,1,1,1,0,0,0,1,0,0,0,1,1,0,0,1
sst2_02323,train_6722,train,positive,1,1,0,1,0,0,0,0,1,0,0,0,0,0,0,0,0,0,0,1
sst2_02324,train_58413,test,positive,1,1,0,1,0,0,0,0,0,0,0,1,0,0,0,1,0,0,0,1
sst2_02326,train_65724,train,positive,1,1,0,1,0,0,0,0,0,0,0,0,0,0,1,0,0,0,0,0
sst2_02325,train_61687,train,negative,0,0,0,0,1,1,0,0,0,1,0,1,0,0,0,1,0,0,0,1
sst2_02327,train_2171,test,positive,0,0,0,0,0,0,0,0,0,0,0,0,0,0,0,0,0,0,0,0
sst2_02328,train_58891,train,positive,0,0,0,0,0,0,0,0,0,0,0,0,0,0,0,0,0,0,0,0
sst2_02330,train_56489,train,positive,1,1,0,1,0,0,0,0,0,0,0,0,0,0,0,1,0,0,0,1
sst2_02329,train_2108,train,positive,1,1,0,1,0,0,0,0,1,0,1,1,0,0,0,1,0,0,0,1
sst2_02332,train_22820,train,negative,0,0,0,0,0,0,0,0,0,0,0,0,0,0,0,0,0,0,0,0
sst2_02331,train_65480,train,negative,0,0,0,0,1,1,1,1,0,0,1,1,0,0,0,1,1,0,0,1
sst2_02333,train_42973,train,positive,0,0,0,0,0,0,0,0,0,0,0,0,0,0,0,1,0,0,0,0
sst2_02334,train_53131,train,positive,0,0,0,0,1,1,1,1,0,1,1,1,0,0,0,1,1,0,1,1
sst2_02338,train_46901,test,positive,1,1,0,0,0,0,0,0,0,0,0,1,0,0,0,1,0,0,0,1
sst2_02337,train_5186,train,positive,1,1,0,1,0,0,0,0,0,0,0,1,0,0,0,1,0,0,0,1
sst2_02336,validation_346,test,negative,0,0,0,0,1,1,0,1,0,0,0,1,0,0,0,1,1,0,0,1
sst2_02339,train_63939,test,negative,0,0,0,0,1,1,1,1,0,0,1,1,0,1,0,1,0,0,0,1
sst2_02335,train_53965,train,positive,1,1,0,1,0,0,0,0,1,0,0,0,0,0,0,0,0,0,0,1
sst2_02340,train_31078,train,negative,0,0,0,0,1,1,1,1,0,0,0,1,0,0,0,1,0,0,0,1
sst2_02341,train_39711,train,negative,0,0,0,0,0,0,0,0,0,0,0,0,0,0,0,0,0,0,0,0
sst2_02342,train_12536,train,positive,1,1,1,1,0,0,0,0,1,0,1,1,0,0,0,1,0,1,0,1
sst2_02345,train_28086,test,positive,0,0,0,0,0,0,0,0,0,0,0,0,0,0,0,0,0,0,0,0
sst2_02343,train_11103,train,positive,1,1,1,1,0,0,0,0,1,0,0,1,0,0,0,1,0,0,0,1
sst2_02346,train_63446,train,positive,0,0,0,0,0,0,0,0,0,0,0,0,0,0,1,0,0,0,0,0
sst2_02344,train_34654,test,positive,0,0,0,0,1,0,0,0,0,0,0,0,0,0,0,1,0,0,0,0
sst2_02347,train_32835,train,negative,1,1,0,0,0,0,0,0,0,0,1,0,0,0,0,0,1,0,0,0
sst2_02349,train_782,train,positive,1,1,0,1,0,0,0,0,0,0,1,0,0,0,0,0,0,0,0,1
sst2_02348,train_9614,train,negative,0,0,0,0,1,1,1,1,0,0,1,1,1,1,0,1,1,1,1,1
sst2_02350,train_55556,train,negative,0,0,0,0,1,1,0,0,0,0,0,1,0,0,1,1,0,0,0,0
sst2_02351,train_28661,train,positive,0,0,0,0,0,0,0,0,0,0,0,0,0,0,1,0,0,0,0,0
sst2_02352,train_7321,train,positive,1,0,1,0,0,0,0,0,0,0,0,0,0,0,1,0,0,0,0,0
sst2_02353,train_5469,train,negative,0,0,0,0,1,1,0,0,0,0,0,1,0,0,0,1,0,0,0,1
sst2_02355,train_12132,train,negative,0,0,0,0,1,1,1,1,0,0,0,1,0,0,0,1,0,0,1,1
sst2_02356,train_16389,train,negative,0,0,0,0,1,1,0,1,0,1,0,1,0,0,0,1,0,0,0,1
sst2_02354,train_54141,test,positive,1,1,0,1,0,0,0,0,0,0,0,1,0,0,0,1,0,0,0,1
sst2_02357,train_31816,train,negative,0,0,0,0,1,1,1,1,0,0,1,1,1,0,0,1,0,0,0,1
sst2_02358,train_14964,test,negative,0,0,0,0,1,1,1,1,0,1,0,1,0,0,0,1,1,0,0,1
sst2_02359,train_30357,train,positive,1,1,1,1,0,0,0,0,0,0,0,1,0,0,0,1,0,1,0,1
sst2_02360,train_60026,train,negative,0,0,0,0,0,0,0,0,0,0,0,0,0,0,1,0,0,0,0,0
sst2_02361,train_39579,train,positive,1,1,0,1,0,0,0,0,1,0,0,1,0,0,0,1,0,0,0,1
sst2_02363,train_52521,train,positive,1,1,1,1,0,0,0,0,1,0,0,1,0,0,0,1,0,1,0,1
sst2_02364,train_38027,train,positive,0,0,0,0,0,0,0,0,0,0,1,0,1,1,0,1,0,0,0,0
sst2_02362,train_4579,train,negative,0,0,0,0,1,1,1,1,0,1,1,1,0,1,0,1,1,0,1,1
sst2_02365,train_51984,train,negative,0,0,0,0,0,0,0,0,0,0,1,0,0,0,0,0,0,0,0,1
sst2_02366,train_10208,train,negative,0,0,0,0,0,0,0,0,0,0,0,0,0,0,1,0,0,0,0,0
sst2_02367,train_444,train,positive,1,1,0,1,0,0,0,0,0,0,1,1,0,0,0,1,0,0,0,1
sst2_02368,train_60890,train,negative,0,0,0,0,1,1,0,0,0,0,0,0,0,0,0,1,0,0,0,1
sst2_02369,train_49307,train,negative,0,0,0,0,1,1,0,1,0,1,0,1,0,0,0,1,0,0,0,1
sst2_02370,train_35069,train,positive,1,1,0,1,0,0,0,0,1,0,0,1,0,0,0,1,0,0,0,1
sst2_02373,train_18084,train,positive,0,0,0,0,0,0,0,0,0,0,0,0,0,0,0,0,0,0,0,0
sst2_02371,train_13914,train,negative,0,0,0,0,1,1,1,0,0,0,1,0,0,0,0,1,0,0,0,1
sst2_02374,train_56275,train,negative,0,1,0,1,1,1,1,0,0,0,0,1,0,1,0,1,0,0,0,1
sst2_02375,train_52928,train,positive,0,0,0,0,0,0,0,0,0,0,0,0,0,0,0,0,0,0,0,0
sst2_02376,train_59503,train,negative,0,1,0,0,1,1,1,1,1,1,1,1,0,1,0,1,1,0,1,1
sst2_02379,train_8421,train,negative,0,0,0,0,0,0,0,0,0,0,0,0,0,0,1,0,0,0,0,0
sst2_02378,train_29229,train,positive,1,1,1,1,0,0,0,0,1,0,0,0,0,0,0,1,0,0,0,1
sst2_02377,train_41475,train,negative,0,0,0,0,1,1,0,1,0,0,0,1,0,0,0,1,0,0,0,1
sst2_02380,train_17221,test,negative,0,0,0,0,1,1,1,1,0,1,1,1,0,1,0,1,0,0,0,1
sst2_02381,train_9374,train,negative,0,0,0,0,1,1,1,1,0,0,1,1,0,0,0,1,1,0,0,1
sst2_02372,train_64349,test,negative,0,0,0,0,1,1,1,1,0,1,0,1,0,0,0,1,0,0,0,1
sst2_02382,train_40101,test,positive,1,1,0,1,0,0,0,0,0,0,0,1,0,0,0,1,0,0,0,1
sst2_02383,train_21813,train,negative,0,0,0,0,1,1,0,0,0,0,0,1,1,0,0,1,0,0,0,1
sst2_02384,train_39501,train,negative,0,0,0,0,1,1,0,1,0,0,1,1,0,0,0,1,0,0,1,1
sst2_02386,train_6011,train,positive,1,1,0,0,0,0,0,0,0,0,0,1,0,0,0,1,0,0,0,1
sst2_02385,train_12119,train,positive,1,0,0,0,1,0,0,0,0,0,0,0,0,1,0,1,0,0,0,0
sst2_02387,train_21023,test,positive,1,0,1,0,1,1,0,1,0,0,0,1,0,1,0,1,0,0,0,1
sst2_02388,train_2347,train,positive,0,0,0,0,1,0,0,0,0,0,0,0,0,0,0,1,0,0,0,0
sst2_02391,train_61593,test,positive,0,0,0,0,0,0,0,0,0,0,0,0,0,0,0,0,0,0,0,0
sst2_02390,train_9641,train,negative,0,0,0,0,1,1,0,0,0,0,1,1,0,0,0,1,1,0,0,1
sst2_02389,train_37912,test,positive,1,1,1,1,0,0,0,0,0,0,0,1,0,0,0,1,0,1,0,1
sst2_02392,train_6743,train,positive,0,0,0,0,0,0,0,0,0,0,0,0,0,0,1,0,0,0,0,0
sst2_02394,train_36462,train,negative,0,0,0,0,1,1,1,1,0,0,0,0,0,0,0,1,0,0,0,1
sst2_02393,train_28604,test,positive,1,1,1,0,0,0,0,0,0,0,0,0,0,0,0,1,0,0,0,1
sst2_02397,train_44367,train,positive,1,1,0,0,0,0,0,0,0,0,0,0,0,0,0,1,0,0,0,0
sst2_02395,train_41894,train,positive,1,1,1,1,0,0,0,0,0,0,1,0,0,0,0,0,0,0,0,0
sst2_02396,train_48413,train,positive,1,1,0,0,0,0,0,0,0,0,0,0,0,0,0,0,0,0,0,1
sst2_02398,train_11155,train,negative,0,0,0,0,1,1,0,0,0,0,0,1,0,1,0,1,0,0,0,1
sst2_02399,train_14059,train,negative,0,0,0,0,1,1,0,1,0,0,0,0,0,0,0,1,0,0,1,1
sst2_02400,train_36732,train,negative,0,0,0,0,1,1,0,1,0,1,0,1,0,0,0,1,0,0,0,1
sst2_02402,train_53360,train,negative,0,0,0,0,1,1,1,1,0,0,0,1,0,0,0,1,0,0,1,1
sst2_02403,train_10402,train,positive,1,1,0,1,0,0,0,0,0,0,0,1,0,0,0,1,0,0,0,1
sst2_02401,train_48094,test,positive,1,1,1,1,0,0,0,0,1,0,0,1,0,0,0,1,0,1,0,1
sst2_02404,train_26265,train,positive,0,0,0,0,0,0,0,0,0,0,0,0,0,0,0,1,0,1,0,0
sst2_02406,train_14621,test,negative,0,0,0,0,0,0,0,0,0,0,0,0,0,0,1,0,1,0,0,0
sst2_02408,train_11459,train,positive,1,1,0,1,0,0,0,0,0,0,0,0,0,0,0,0,0,0,0,1
sst2_02405,train_59061,train,negative,0,0,0,0,1,1,0,1,0,0,0,1,1,0,0,1,0,0,0,1
sst2_02409,train_48450,train,negative,0,0,0,0,1,1,0,0,0,0,0,1,0,1,0,1,0,0,0,1
sst2_02407,train_19468,train,positive,1,0,1,0,0,0,0,0,0,0,1,0,0,1,0,0,0,0,0,1
sst2_02410,train_15521,test,positive,1,1,0,0,0,0,0,0,0,0,1,0,0,0,0,1,0,0,0,0
sst2_02412,train_6680,train,positive,1,1,0,0,1,1,0,0,0,0,0,1,0,1,0,1,0,0,0,1
sst2_02413,train_53911,train,negative,0,0,0,0,1,1,0,1,0,1,0,1,0,0,0,1,0,0,0,1
sst2_02411,train_17906,test,negative,0,0,0,0,1,1,1,1,0,1,0,1,0,0,0,1,0,0,0,1
sst2_02415,train_11425,train,negative,0,0,0,0,1,1,1,1,0,0,0,1,0,0,0,1,1,0,1,1
sst2_02414,train_56257,train,negative,0,0,0,0,1,1,0,1,0,1,0,1,0,1,0,1,0,0,0,1
sst2_02416,train_1156,train,positive,0,0,0,0,0,0,0,0,0,0,0,0,0,0,0,0,0,0,0,0
sst2_02417,train_33384,train,positive,1,1,0,0,0,0,0,0,0,0,1,1,0,0,0,0,0,0,0,1
sst2_02418,train_3310,train,negative,0,0,0,0,1,1,1,1,0,1,0,1,0,1,0,1,0,0,0,1
sst2_02419,train_20242,train,negative,0,0,0,0,1,1,0,1,0,0,0,1,0,0,0,1,0,0,0,1
sst2_02422,train_29957,test,negative,0,0,0,0,1,1,0,0,0,0,0,1,0,0,0,1,0,0,0,1
sst2_02420,train_37523,test,negative,0,0,0,0,1,1,1,1,0,0,0,1,0,0,0,1,1,0,0,1
sst2_02421,train_38814,train,positive,1,1,0,1,0,0,0,0,0,0,0,1,0,0,0,1,0,1,0,1
sst2_02423,train_42619,train,positive,1,1,1,1,0,0,0,0,0,0,0,1,0,0,0,1,0,1,0,1
sst2_02425,train_64080,test,positive,0,0,0,0,0,0,0,0,0,0,0,0,0,0,0,0,0,0,0,0
sst2_02424,train_5492,test,positive,1,1,0,1,0,0,0,0,1,0,0,1,0,0,0,1,0,0,0,1
sst2_02426,train_45063,train,positive,1,1,0,1,0,0,0,0,0,0,0,1,0,0,0,1,0,0,0,1
sst2_02427,validation_366,train,positive,1,1,0,1,0,0,0,0,0,0,1,1,0,0,0,1,0,0,0,1
sst2_02429,train_48524,test,negative,0,0,0,0,0,0,0,0,0,0,0,0,0,0,0,0,0,0,0,0
sst2_02428,train_18697,train,negative,0,0,0,0,1,1,0,1,0,0,1,1,0,0,0,1,1,0,0,1
sst2_02431,train_11712,test,negative,0,0,0,0,1,1,0,1,0,0,1,1,1,0,0,1,0,0,0,1
sst2_02430,train_37549,train,positive,1,0,0,0,0,0,0,0,0,0,1,0,0,0,0,0,1,0,0,1
sst2_02432,train_38401,train,positive,1,1,1,0,0,0,0,0,0,0,0,0,0,0,0,0,1,0,0,1
sst2_02433,train_13398,test,positive,1,1,0,1,0,0,0,0,1,0,0,1,0,0,0,1,0,0,0,1
sst2_02435,train_19558,train,negative,0,0,0,0,1,1,1,1,0,1,0,1,0,0,0,1,1,0,0,1
sst2_02434,train_5177,train,negative,0,0,0,0,1,1,1,1,0,0,0,1,0,0,0,1,1,0,0,1
sst2_02437,train_45754,train,positive,0,0,0,0,0,0,0,0,0,0,0,0,0,0,0,0,0,0,0,0
sst2_02436,train_7250,train,negative,1,1,0,1,1,0,0,0,0,0,0,1,0,1,0,1,0,0,0,1
sst2_02438,validation_100,test,positive,1,1,0,0,0,0,0,0,1,0,1,0,0,0,0,1,0,1,0,1
sst2_02439,train_24207,train,negative,0,0,0,0,0,0,0,0,0,0,0,0,0,0,1,0,0,0,0,0
sst2_02440,train_66793,train,positive,1,1,1,1,0,0,0,0,0,0,1,1,0,0,0,1,0,1,0,1
sst2_02441,train_53361,train,positive,1,1,0,1,1,1,0,0,0,1,0,1,0,1,0,1,0,0,0,1
sst2_02442,train_34299,test,negative,0,0,0,0,1,1,0,1,0,0,0,1,0,0,0,1,1,0,0,1
sst2_02443,train_20896,test,negative,0,0,0,0,1,1,0,1,0,0,0,1,0,0,0,1,1,0,0,1
sst2_02444,train_38601,train,positive,1,0,1,0,0,0,0,0,0,0,0,0,0,0,0,0,0,0,0,0
sst2_02445,train_60565,train,positive,1,0,1,0,0,0,0,0,0,0,0,0,0,0,0,1,0,0,0,0
sst2_02446,train_13825,train,negative,0,0,0,0,1,1,0,1,0,1,0,1,0,0,0,1,0,0,0,1
sst2_02448,train_42555,test,negative,0,0,0,0,1,1,1,1,0,1,1,1,0,0,0,1,0,0,0,1
sst2_02447,train_45192,train,negative,0,0,0,0,1,1,1,1,0,0,1,1,0,0,0,1,0,0,0,1
sst2_02451,train_19065,train,positive,0,0,0,0,0,0,0,0,0,0,1,0,0,0,0,0,0,0,0,0
sst2_02449,train_15990,train,negative,0,0,0,0,1,1,1,1,0,1,0,1,0,0,0,1,1,0,0,1
sst2_02450,train_58994,test,positive,1,1,0,1,0,0,0,0,1,0,0,0,0,0,0,0,0,0,0,1
sst2_02452,train_30093,train,positive,1,1,1,1,0,0,0,0,0,0,1,1,0,0,0,1,0,1,0,1
sst2_02455,train_8000,test,positive,1,1,0,1,0,0,0,0,1,0,0,0,0,0,0,0,0,0,0,1
sst2_02454,train_39916,train,negative,0,0,0,0,1,1,0,1,0,1,0,1,0,0,0,1,0,0,0,1
sst2_02456,train_33859,test,negative,0,0,0,0,1,1,0,0,0,0,0,1,0,0,0,1,1,0,0,1
sst2_02453,train_51076,train,positive,1,1,1,1,0,0,0,0,0,0,0,1,0,0,0,1,0,1,0,1
sst2_02457,train_9383,train,negative,0,0,0,0,1,1,0,1,0,0,1,1,1,1,0,1,0,0,0,1
sst2_02458,train_66655,test,positive,1,1,1,0,0,0,0,0,0,0,0,0,0,0,0,1,0,1,0,1
sst2_02459,train_31737,train,positive,0,0,0,0,0,0,0,0,0,0,0,0,0,0,0,0,0,0,0,0
sst2_02460,train_43059,train,positive,1,1,0,1,0,1,1,0,0,0,1,1,0,1,0,0,0,0,0,1
sst2_02461,train_61121,train,positive,1,1,0,1,0,0,0,0,1,0,0,0,0,0,0,1,0,0,0,1
sst2_02464,train_35878,test,positive,1,1,1,0,0,0,0,0,0,0,0,1,0,0,0,1,0,1,0,1
sst2_02462,train_40251,train,negative,0,0,0,0,1,1,1,1,0,0,0,1,0,0,0,1,0,0,0,1
sst2_02463,train_523,test,positive,1,1,0,1,0,0,0,0,1,0,0,1,0,0,0,1,0,0,0,1
sst2_02465,train_67003,train,positive,1,1,0,1,0,0,0,0,0,0,0,0,0,0,0,0,1,0,0,0
sst2_02466,train_60099,train,positive,1,1,1,0,0,0,0,0,0,0,0,0,0,0,1,1,0,1,0,0
sst2_02470,train_16587,test,positive,0,0,0,0,0,0,0,0,0,0,1,0,0,0,0,0,0,0,0,0
sst2_02467,train_13111,train,negative,0,0,0,0,1,1,1,1,0,0,0,0,0,0,0,0,0,0,0,1
sst2_02469,train_62008,train,negative,0,0,0,0,1,1,0,0,0,0,1,0,0,0,1,0,0,0,0,0
sst2_02468,train_23112,train,negative,0,0,0,0,1,1,1,1,0,0,0,1,0,0,0,1,0,0,0,1
sst2_02471,train_39480,train,negative,0,0,0,0,1,1,0,1,0,1,0,1,0,0,0,1,0,0,0,1
sst2_02473,train_4127,test,negative,0,0,0,0,1,1,1,1,0,1,0,1,0,0,0,1,0,0,0,1
sst2_02474,train_63567,train,positive,1,0,0,0,0,0,0,0,0,0,1,0,0,0,0,1,0,0,0,0
sst2_02472,train_22157,train,negative,0,0,0,0,1,1,1,1,0,1,1,1,0,1,0,1,1,0,0,1
sst2_02476,train_64561,train,negative,0,0,0,0,1,1,0,1,0,0,0,1,0,0,0,1,0,0,0,1
sst2_02477,train_66405,test,positive,1,0,0,0,0,0,0,0,0,0,0,0,0,0,0,1,1,1,0,1
sst2_02475,train_6261,train,negative,0,0,0,0,1,1,1,1,0,0,1,1,0,0,0,1,0,0,0,1
sst2_02478,train_61774,train,negative,0,0,0,0,1,1,0,0,0,0,0,1,0,0,0,1,0,0,0,1
sst2_02480,train_24016,train,negative,0,0,0,0,0,0,0,0,0,0,0,0,0,0,0,0,0,0,0,0
sst2_02482,train_26546,test,positive,0,0,0,0,0,0,0,0,0,0,0,0,0,0,0,0,0,0,0,0
sst2_02479,train_12644,train,positive,0,0,0,0,0,0,0,0,0,0,0,0,0,0,0,0,0,0,0,0
sst2_02483,train_23983,train,negative,0,0,0,0,1,1,0,1,0,1,0,1,0,0,0,1,0,0,0,1
sst2_02481,train_49491,test,negative,0,0,0,0,1,1,1,1,0,1,0,1,0,0,0,1,1,0,0,1
sst2_02484,train_5200,test,negative,0,1,0,0,1,1,1,0,0,0,0,1,0,1,0,1,0,0,1,1
sst2_02486,train_12598,train,negative,0,0,0,0,1,1,0,0,0,0,0,1,0,0,0,1,0,0,0,1
sst2_02487,train_53372,train,positive,1,0,1,0,0,0,0,0,0,0,0,0,0,0,1,1,0,0,0,0
sst2_02485,train_52889,train,positive,1,1,1,1,0,0,0,0,0,0,0,1,0,0,0,1,1,1,0,1
sst2_02488,train_53779,test,negative,0,0,0,0,1,1,0,1,0,0,0,1,0,0,0,1,0,0,1,1
sst2_02489,train_63529,train,positive,0,1,0,0,0,0,0,0,1,0,0,0,0,0,0,0,0,0,0,0
sst2_02491,train_44369,test,negative,0,0,0,0,1,1,0,1,0,0,0,1,0,0,1,1,0,0,0,0
sst2_02494,train_6385,train,positive,1,1,0,1,0,0,0,0,1,0,0,1,0,0,0,1,0,0,0,1
sst2_02490,train_42247,train,negative,0,1,0,1,1,1,1,1,0,1,1,1,0,1,0,1,0,0,0,1
sst2_02495,train_28201,train,negative,0,0,0,0,1,1,1,1,0,0,0,1,0,0,0,1,0,0,0,1
sst2_02493,train_66012,test,negative,0,0,0,0,1,1,1,1,0,1,1,1,0,0,0,1,1,0,0,1
sst2_02492,train_9961,test,negative,0,0,0,0,0,0,0,0,0,0,0,0,0,0,1,0,0,0,0,0
sst2_02496,train_11635,train,positive,1,0,0,0,0,0,0,0,0,0,0,0,0,0,0,1,0,0,0,0
sst2_02497,train_24787,train,positive,1,1,1,0,0,0,0,0,0,0,0,0,0,0,0,1,1,1,0,1
sst2_02498,train_46982,train,negative,0,0,0,0,1,1,0,1,0,0,0,1,0,0,0,1,0,0,0,1
sst2_02499,train_33690,train,negative,0,0,0,0,1,1,0,1,0,0,0,1,0,0,0,1,1,0,0,1
sst2_02500,train_16584,train,negative,0,0,0,0,1,1,1,1,0,1,0,1,0,0,0,1,0,0,0,1
sst2_02501,train_20499,train,negative,0,0,0,0,1,1,0,1,0,1,0,1,0,0,0,1,0,0,0,1
sst2_02502,train_5494,train,positive,1,1,1,0,0,0,0,0,0,0,0,0,0,0,0,1,0,1,0,0
sst2_02504,train_47312,train,negative,0,0,0,0,1,1,0,1,0,1,1,1,0,0,0,1,0,0,0,1
sst2_02506,train_50642,train,positive,1,0,0,0,0,0,0,0,0,0,0,0,0,0,0,1,0,0,0,1
sst2_02505,train_45094,train,positive,1,1,0,1,0,0,0,0,0,0,1,1,0,0,0,1,0,0,0,1
sst2_02503,train_33022,train,positive,1,1,0,1,0,0,0,0,0,0,0,1,0,0,0,1,0,0,0,1
sst2_02507,train_54756,train,positive,1,1,1,1,0,0,0,0,0,0,0,1,0,0,0,1,0,1,0,1
sst2_02508,train_12886,train,negative,0,0,0,0,1,1,1,1,0,1,1,1,0,0,0,1,0,0,0,1
sst2_02509,train_7797,train,positive,1,1,0,1,0,0,0,0,1,0,0,1,0,0,0,1,0,0,0,1
sst2_02510,train_37671,train,positive,1,0,0,0,0,0,0,0,0,0,0,0,0,0,0,1,0,1,0,0
sst2_02511,train_57667,train,negative,0,0,0,0,1,1,0,0,0,0,0,1,0,0,0,1,1,0,0,1
sst2_02512,train_64109,train,negative,0,0,0,0,1,1,0,1,0,1,0,1,0,0,0,1,0,0,0,1
sst2_02514,train_33905,train,negative,0,0,0,0,1,1,0,1,0,0,0,1,0,0,0,1,0,0,0,1
sst2_02513,train_7353,train,negative,0,0,0,0,1,1,0,1,0,1,0,1,0,0,0,1,1,0,0,1
sst2_02515,train_27943,test,positive,1,1,0,0,0,0,0,0,0,0,0,0,0,0,0,1,0,0,0,1
sst2_02518,train_34063,train,negative,0,0,0,0,1,1,1,1,0,1,1,1,0,0,0,1,0,0,0,1
sst2_02516,train_2911,train,negative,0,0,0,0,0,0,0,0,0,0,1,0,0,0,0,0,0,0,0,0
sst2_02520,train_18149,train,positive,1,1,0,0,0,0,0,0,1,0,0,1,0,0,0,1,0,0,0,1
sst2_02517,train_25494,train,positive,1,1,1,0,0,0,0,0,0,0,0,0,0,0,0,1,0,0,0,1
sst2_02519,train_10444,train,negative,0,0,0,0,1,1,0,1,0,0,0,1,0,0,0,1,0,0,0,1
sst2_02521,train_39037,train,positive,0,0,0,0,0,0,0,0,0,0,0,0,0,0,1,0,0,0,0,0
sst2_02522,train_25373,test,positive,1,1,0,1,0,0,0,0,0,0,0,0,0,0,0,0,0,0,0,1
sst2_02523,train_45327,test,negative,0,0,0,0,1,1,0,1,0,1,1,1,0,0,0,1,0,0,0,1
sst2_02524,train_5913,train,positive,1,1,0,1,0,0,0,0,0,0,0,0,0,0,0,1,0,0,0,1
sst2_02525,train_16246,train,negative,0,0,0,0,1,1,0,1,0,1,0,1,1,0,0,1,0,0,0,1
sst2_02527,train_40689,train,positive,0,0,0,0,0,0,0,0,0,0,0,0,0,0,0,0,0,0,0,0
sst2_02526,train_36826,train,positive,0,0,0,0,0,0,0,0,0,0,0,0,0,0,1,0,0,0,0,0
sst2_02529,train_3741,train,negative,0,0,0,0,1,1,1,1,0,1,0,1,0,0,0,1,0,0,0,1
sst2_02530,train_33363,train,positive,1,1,1,0,0,0,0,0,0,0,0,1,0,0,0,1,0,1,0,1
sst2_02531,train_23021,train,negative,0,0,0,0,1,1,0,1,0,0,1,1,0,0,0,1,0,0,0,1
sst2_02528,train_45682,test,negative,0,0,0,0,1,1,1,1,0,0,0,1,0,0,0,1,1,0,1,1
sst2_02532,train_34225,train,negative,0,0,0,0,1,1,1,1,0,1,1,1,0,1,0,1,0,0,0,1
sst2_02533,train_31796,train,negative,0,0,0,0,1,1,0,1,0,1,1,1,0,1,0,1,0,0,0,1
sst2_02535,train_7785,test,positive,1,1,1,1,0,0,0,0,0,0,1,1,0,0,0,1,1,1,0,1
sst2_02534,train_22215,train,positive,1,1,0,1,0,0,0,0,0,0,0,1,0,0,0,0,0,0,0,1
sst2_02536,train_14185,train,positive,1,1,1,0,0,0,0,0,0,0,1,0,0,0,0,1,0,0,0,0
sst2_02537,train_42704,train,positive,1,1,0,1,0,0,0,0,1,0,0,1,0,0,0,1,0,0,0,1
sst2_02538,train_52922,train,positive,1,1,0,0,0,0,0,0,1,0,0,0,0,0,0,0,0,0,0,0
sst2_02539,train_47690,train,negative,0,0,0,0,1,1,1,1,0,1,1,1,1,1,0,1,0,0,1,1
sst2_02541,train_39490,train,negative,0,0,0,0,1,1,0,0,0,0,1,1,0,0,0,1,0,0,0,1
sst2_02543,train_55793,train,positive,0,0,0,0,0,1,0,0,0,0,1,1,1,1,0,1,0,0,0,1
sst2_02542,train_13105,train,negative,0,0,0,0,1,1,1,1,0,1,1,1,1,0,0,1,1,0,0,1
sst2_02540,train_36736,train,negative,0,0,0,0,1,1,0,1,0,1,0,1,0,0,0,1,0,0,0,1
sst2_02544,train_45064,train,negative,0,0,0,0,1,1,0,0,0,0,1,0,0,0,0,0,0,0,0,1
sst2_02545,train_19000,train,negative,0,0,0,0,1,1,1,1,0,1,1,1,0,0,0,1,0,0,0,1
sst2_02546,train_15886,test,negative,0,0,0,0,1,1,0,1,0,0,0,1,0,0,0,1,0,0,0,1
sst2_02548,train_33250,train,positive,0,0,0,0,0,0,0,0,0,0,0,0,0,0,1,0,0,0,0,0
sst2_02549,train_1112,train,positive,1,1,0,1,1,1,0,0,0,0,0,1,0,1,0,1,0,0,0,1
sst2_02550,train_11560,train,negative,0,0,0,0,1,1,1,1,0,1,0,1,0,0,0,1,0,0,0,1
sst2_02547,train_43799,test,positive,1,1,0,0,0,0,0,0,1,0,0,0,0,0,0,1,0,0,0,1
sst2_02552,train_29469,train,negative,0,0,0,0,1,1,1,1,0,0,1,1,0,1,0,1,0,0,0,1
sst2_02553,train_49045,train,positive,1,1,0,0,0,0,0,0,0,0,0,0,0,0,1,0,0,0,0,0
sst2_02551,train_22122,train,positive,0,0,0,0,1,1,0,0,0,0,0,1,0,0,0,1,0,0,0,1
sst2_02556,train_44313,test,positive,1,0,0,0,0,0,0,0,0,0,0,0,0,0,0,1,0,0,0,0
sst2_02555,train_49917,train,negative,0,0,0,0,1,1,0,1,0,1,0,1,1,0,0,1,0,0,0,1
sst2_02554,train_56954,train,positive,1,1,0,1,0,0,0,0,0,0,0,1,0,0,0,1,0,0,0,1
sst2_02558,train_39029,test,positive,0,0,0,0,0,0,0,0,0,0,0,0,0,0,0,0,0,0,0,0
sst2_02557,train_51031,train,positive,1,1,1,0,0,0,0,0,0,0,0,1,0,0,0,1,0,0,0,1
sst2_02561,train_8893,train,positive,0,0,0,0,0,0,0,0,0,0,0,0,0,0,0,0,0,0,0,0
sst2_02559,train_5816,test,positive,0,0,0,0,0,0,0,0,0,0,0,0,0,0,0,0,0,0,0,0
sst2_02562,train_60669,train,positive,0,0,0,0,1,1,1,1,0,0,0,1,1,0,0,1,0,0,0,1
sst2_02560,train_19854,train,negative,0,0,0,0,1,1,1,1,0,0,0,0,0,1,0,1,0,0,0,1
sst2_02563,train_62132,train,positive,1,1,1,1,0,0,0,0,0,0,0,0,0,0,0,1,0,1,0,1
sst2_02566,train_25809,train,positive,0,0,0,0,0,0,0,0,0,0,0,0,0,0,1,0,0,0,0,0
sst2_02564,train_3228,train,negative,0,0,0,0,1,1,1,1,0,0,0,1,0,1,0,1,0,0,1,1
sst2_02565,train_12754,train,positive,1,1,0,1,0,0,0,0,0,0,0,1,0,0,0,1,0,1,0,1
sst2_02567,train_5239,train,negative,0,0,0,0,1,1,0,1,0,0,0,1,0,0,0,1,0,0,0,1
sst2_02568,train_51347,train,negative,0,0,0,0,1,1,1,1,0,0,1,1,0,0,0,1,1,0,0,1
sst2_02569,train_53019,train,negative,0,0,0,0,0,0,0,0,0,0,0,0,0,0,0,0,0,0,0,0
sst2_02573,train_42500,test,positive,1,1,0,1,0,0,0,0,0,0,0,1,0,0,0,0,0,0,0,1
sst2_02570,train_22356,train,negative,0,0,0,0,1,1,1,1,0,0,1,1,0,1,0,1,0,0,1,1
sst2_02572,train_13561,train,negative,0,0,0,0,1,1,0,1,0,1,0,1,1,1,0,1,0,0,0,1
sst2_02574,train_56011,train,positive,1,1,1,1,0,0,0,0,0,0,1,1,0,0,0,1,1,1,0,1
sst2_02571,train_58700,test,positive,0,0,0,0,0,0,0,0,0,0,0,0,0,0,0,0,0,0,0,0
sst2_02575,train_20459,train,negative,0,1,0,0,1,1,1,1,0,0,1,1,0,1,0,1,0,0,0,1
sst2_02576,train_50820,test,positive,1,1,1,0,0,0,0,0,0,0,0,0,0,0,0,1,0,1,0,1
sst2_02578,train_24465,train,positive,1,1,0,1,0,0,0,0,1,0,0,0,0,0,0,0,0,0,0,1
sst2_02580,train_42329,train,negative,0,0,0,0,1,1,1,1,0,0,0,1,0,1,1,1,0,0,0,0
sst2_02579,train_23264,train,positive,1,1,0,1,0,0,0,0,0,0,0,1,0,0,0,1,0,0,0,1
sst2_02577,train_27662,train,negative,0,0,0,0,1,1,0,1,0,1,0,1,0,0,0,1,0,0,1,1
sst2_02581,train_19883,train,positive,1,1,1,0,0,0,0,0,0,0,0,0,0,0,0,1,0,1,0,0
sst2_02583,train_56417,train,positive,0,0,0,0,0,0,0,0,0,0,0,0,0,0,0,0,0,0,0,0
sst2_02582,train_10204,test,positive,1,1,1,1,0,0,0,0,1,0,0,0,0,0,0,0,0,0,0,1
sst2_02584,train_25098,train,negative,0,0,0,0,1,1,0,1,0,0,0,1,0,0,0,1,0,0,1,1
sst2_02586,train_19376,train,positive,1,1,0,1,0,0,0,0,0,0,1,0,0,0,0,0,0,0,0,1
sst2_02585,train_65532,train,positive,1,1,1,1,0,0,0,0,1,0,0,1,0,0,0,1,1,1,0,1
sst2_02587,train_10505,test,negative,0,0,0,0,1,1,0,0,0,0,0,0,0,0,0,1,0,0,0,0
sst2_02588,train_34241,train,negative,0,0,0,0,1,1,1,1,0,0,0,1,0,0,0,1,0,0,1,1
sst2_02590,train_61845,train,negative,0,0,0,0,0,0,0,0,0,0,0,0,0,0,0,0,0,0,0,0
sst2_02591,train_66144,test,positive,1,1,0,0,0,0,0,0,0,0,0,1,0,0,0,1,0,0,0,1
sst2_02589,train_37739,train,positive,1,1,0,1,0,0,0,0,1,0,0,1,0,0,0,1,0,0,0,1
sst2_02592,train_50476,train,negative,0,0,0,0,1,1,0,1,0,1,0,1,0,0,0,1,0,0,0,1
sst2_02593,train_58055,train,positive,1,1,0,1,0,0,0,0,0,0,0,1,0,0,0,1,0,0,0,1
sst2_02596,train_43939,train,positive,1,1,0,1,0,0,0,0,0,0,0,1,0,0,0,1,0,0,0,1
sst2_02594,train_40934,train,negative,0,0,0,0,1,1,0,1,0,0,0,1,0,0,0,1,0,0,0,1
sst2_02595,train_13963,train,positive,1,1,1,1,1,0,0,0,0,0,0,1,0,1,0,1,0,0,0,1
sst2_02597,train_54092,train,negative,1,0,1,0,1,1,0,1,0,0,1,1,1,1,0,1,0,0,0,1
sst2_02598,train_24110,train,positive,1,0,0,0,0,0,0,0,0,0,0,0,0,0,0,1,0,0,0,0
sst2_02599,train_59185,train,positive,1,1,0,0,0,0,0,0,1,0,0,0,0,0,0,1,0,0,0,1
sst2_02601,train_29778,train,positive,0,0,0,0,0,0,0,0,0,0,0,0,0,0,0,0,0,0,0,0
sst2_02602,train_59905,train,positive,1,0,0,0,0,0,0,0,0,0,0,0,0,0,0,1,0,1,0,0
sst2_02600,train_25936,train,positive,1,1,0,1,0,0,0,0,0,0,1,1,0,0,0,1,0,0,0,1
sst2_02603,train_51530,train,positive,1,1,0,0,0,0,0,0,0,0,0,0,0,0,0,1,0,1,0,1
sst2_02604,train_28026,train,positive,1,1,0,0,0,0,0,0,0,0,0,0,0,0,0,0,0,0,0,0
sst2_02607,train_44374,train,negative,0,0,0,0,1,1,0,1,0,0,1,1,0,0,0,1,0,0,1,1
sst2_02605,train_64229,train,positive,1,1,1,0,0,0,0,0,0,0,0,0,0,0,0,1,0,1,0,1
sst2_02606,train_31710,test,negative,0,0,0,0,1,1,0,1,0,1,1,1,0,0,0,1,1,0,0,1
sst2_02608,train_6766,train,negative,0,0,0,0,1,1,1,0,0,0,1,1,1,0,0,1,1,0,0,1
sst2_02609,train_16625,test,negative,0,0,1,0,1,1,0,1,0,0,0,1,0,0,0,1,1,0,0,1
sst2_02610,train_22112,train,positive,1,1,1,1,0,0,0,0,0,0,0,1,0,0,0,1,1,0,0,1
sst2_02611,train_18601,test,positive,0,0,0,0,0,0,0,0,0,0,1,0,0,0,1,0,0,0,0,0
sst2_02612,train_13435,test,positive,1,1,1,0,0,0,0,0,0,0,0,1,0,0,0,1,0,0,0,1
sst2_02614,train_22857,train,positive,1,1,0,1,0,0,0,0,0,0,1,1,0,0,0,1,0,0,0,1
sst2_02613,train_44052,test,negative,0,0,0,0,1,1,1,1,0,1,0,1,0,0,0,1,0,0,0,1
sst2_02616,train_53935,train,positive,1,0,0,0,0,0,0,0,0,0,0,0,0,0,0,0,0,0,0,0
sst2_02615,train_22001,train,positive,1,1,0,0,0,0,0,0,0,0,0,0,0,0,0,1,0,0,0,0
sst2_02618,train_42863,train,negative,0,0,0,0,0,0,0,0,0,0,0,0,0,0,0,0,0,0,0,0
sst2_02617,train_27884,train,positive,1,1,1,0,0,1,0,0,0,0,1,0,0,1,0,0,0,0,0,1
sst2_02620,train_65283,test,negative,0,0,0,0,1,1,1,1,0,1,0,1,0,0,0,1,0,0,0,1
sst2_02619,train_50945,train,negative,0,0,0,0,1,1,1,0,0,0,1,0,0,0,0,1,0,0,0,1
sst2_02621,train_31511,train,positive,1,1,1,1,0,0,0,0,0,0,0,1,0,0,0,1,0,0,0,1
sst2_02622,train_39085,train,positive,1,1,1,1,0,0,0,0,0,0,1,1,0,0,0,1,1,1,0,1
sst2_02624,train_34018,train,negative,0,0,0,0,1,1,0,0,0,0,0,1,0,0,0,1,0,0,0,1
sst2_02623,train_18768,test,negative,0,0,0,0,1,1,0,1,0,1,1,1,0,0,0,1,0,0,0,1
sst2_02625,train_8415,test,negative,0,0,0,0,1,1,0,0,0,0,1,0,0,1,1,1,0,0,0,0
sst2_02626,train_5414,test,positive,1,1,1,1,0,0,0,0,0,0,0,0,0,0,0,1,0,1,0,1
sst2_02627,train_53020,train,positive,1,1,0,1,0,0,0,0,0,0,0,1,0,0,0,1,0,0,0,1
sst2_02630,train_4987,train,negative,0,0,0,0,0,0,0,0,0,0,0,0,0,0,0,0,0,0,0,0
sst2_02628,train_5975,train,negative,0,0,0,0,1,1,1,1,0,1,1,1,0,0,0,1,0,0,0,1
sst2_02629,train_46280,train,negative,0,0,0,0,1,1,0,1,0,0,0,1,0,0,0,1,0,0,0,1
sst2_02631,train_56482,train,negative,0,0,0,0,1,1,1,1,0,1,0,1,1,0,0,1,0,0,0,1
sst2_02632,train_24800,train,positive,1,1,0,0,0,0,0,0,0,0,0,0,0,0,0,1,0,0,0,1
sst2_02635,train_22258,train,positive,0,0,0,0,0,0,0,0,0,0,0,0,0,0,0,0,0,0,0,0
sst2_02633,train_51793,train,negative,0,0,0,0,1,1,0,1,0,1,0,1,0,0,0,1,0,0,0,1
sst2_02634,train_51300,train,negative,0,0,0,0,1,0,0,0,0,0,0,0,0,0,0,1,0,0,0,0
sst2_02636,train_53035,test,negative,0,0,0,0,1,1,0,1,0,0,1,1,0,0,0,1,0,0,0,1
sst2_02637,train_62414,train,positive,1,1,0,0,0,0,0,0,0,0,0,0,0,0,0,1,0,0,0,0
sst2_02638,train_5065,train,negative,0,0,0,0,1,1,0,0,0,0,1,1,1,0,0,1,0,0,0,1
sst2_02639,train_59600,train,positive,1,1,0,1,0,0,0,0,1,0,0,0,0,0,0,0,0,0,0,0
sst2_02642,train_4584,train,positive,1,1,0,1,0,0,0,0,1,0,0,1,0,0,0,0,0,0,0,1
sst2_02641,train_1113,train,positive,1,1,0,0,0,0,0,0,0,0,0,0,0,0,0,1,0,0,0,0
sst2_02643,train_8072,train,positive,0,0,0,0,0,0,0,0,0,0,1,0,0,0,1,0,0,0,0,0
sst2_02640,train_21058,test,negative,0,0,0,0,1,1,1,1,0,0,0,1,0,0,0,1,0,0,0,1
sst2_02645,train_58257,train,negative,0,0,0,0,0,0,0,0,0,0,0,0,0,0,1,0,0,0,0,0
sst2_02644,train_53687,train,positive,1,0,0,0,0,0,0,0,0,0,0,0,0,0,0,0,0,0,0,0
sst2_02646,train_14031,test,positive,1,1,0,1,0,0,0,0,0,0,0,0,0,0,0,1,0,0,0,0
sst2_02648,train_59285,train,positive,1,1,0,0,0,0,0,0,0,0,0,0,0,0,0,1,0,1,0,0
sst2_02647,train_28572,test,negative,0,0,0,0,1,1,0,1,0,0,1,1,0,0,0,1,0,0,0,1
sst2_02649,train_59160,test,negative,0,0,0,0,1,1,1,1,0,1,0,1,0,0,0,1,0,0,0,1
sst2_02650,train_26901,train,positive,0,0,0,0,1,0,0,0,0,0,1,1,0,1,0,1,0,0,0,1
sst2_02651,train_11810,train,negative,0,0,0,0,1,1,0,1,0,1,0,1,0,0,0,1,0,0,0,1
sst2_02652,train_5169,train,negative,0,0,0,0,1,1,0,0,0,0,0,1,1,0,0,1,1,0,0,1
sst2_02653,train_44910,train,negative,0,0,0,0,1,1,0,0,0,0,0,1,0,0,0,1,0,0,0,1
sst2_02654,train_57859,test,positive,1,1,0,0,0,0,0,0,0,0,0,0,0,0,0,1,0,1,0,0
sst2_02655,train_31054,train,negative,0,0,0,0,1,1,1,1,0,0,1,1,0,0,0,1,0,0,0,1
sst2_02656,train_65292,train,positive,1,1,1,1,0,0,0,0,1,0,0,0,0,0,0,1,0,1,0,1
sst2_02657,train_3431,train,negative,0,0,0,0,1,1,1,1,0,0,0,1,0,0,0,1,1,0,1,1
sst2_02659,train_51140,train,negative,0,0,0,0,1,0,0,0,0,0,0,0,0,0,0,1,0,0,0,1
sst2_02658,train_54796,train,positive,1,1,0,1,0,0,0,0,0,0,0,1,0,0,0,1,0,0,0,1
sst2_02660,train_65417,test,positive,1,1,0,0,0,0,0,0,0,0,0,1,0,0,0,0,0,0,0,1
sst2_02661,train_8903,train,negative,0,0,0,0,1,1,0,0,0,0,0,1,0,0,0,1,0,0,0,1
sst2_02662,train_49355,train,positive,0,0,0,0,0,0,0,0,0,0,0,0,0,0,0,0,0,0,0,0
sst2_02663,train_27441,train,negative,0,0,0,0,0,0,0,0,0,0,0,0,0,0,1,0,0,0,0,0
sst2_02664,train_50814,test,positive,0,0,0,0,0,0,0,0,0,0,0,0,0,0,0,1,0,0,0,0
sst2_02665,train_40173,train,negative,0,0,0,0,1,1,1,1,0,1,0,1,0,0,0,1,0,0,0,1
sst2_02666,train_43686,train,negative,0,0,0,0,1,1,0,0,0,0,0,1,0,0,0,1,1,0,0,1
sst2_02667,train_23950,test,positive,1,1,0,1,0,0,0,0,0,0,0,0,0,0,0,0,0,0,0,1
sst2_02668,train_47023,train,negative,0,0,0,0,1,1,0,1,0,1,1,1,0,0,0,1,0,0,0,1
sst2_02670,train_59832,train,negative,0,0,0,0,1,1,0,0,0,0,0,1,0,0,0,1,0,0,0,1
sst2_02669,train_30798,test,positive,1,1,1,1,0,0,0,0,1,0,0,1,0,0,0,1,1,1,0,1
sst2_02671,train_37196,train,negative,0,0,0,0,1,1,0,1,0,0,1,1,0,0,0,0,0,0,0,1
sst2_02672,train_41080,train,positive,1,1,1,0,0,0,0,0,0,0,0,0,0,0,0,1,0,1,0,1
sst2_02673,train_48804,train,negative,0,0,0,0,1,1,1,1,0,1,0,1,0,0,0,1,0,0,0,1
sst2_02674,train_8686,train,negative,0,0,0,0,1,1,1,1,0,0,0,1,0,0,0,1,1,0,1,1
sst2_02676,train_11194,train,negative,0,0,0,0,1,1,1,1,0,0,0,1,0,0,0,1,0,0,0,1
sst2_02675,train_66627,train,positive,1,0,0,0,0,0,0,0,0,0,0,0,0,0,0,1,0,0,0,0
sst2_02677,train_66932,train,negative,0,0,0,0,1,1,0,1,0,1,1,1,1,0,0,1,0,0,0,1
sst2_02678,train_8651,train,positive,1,1,1,0,0,0,0,0,0,0,0,1,0,0,0,1,1,0,0,1
sst2_02680,train_55631,train,positive,1,1,0,0,0,0,0,0,0,0,0,0,0,0,0,1,0,0,0,0
sst2_02679,train_46823,train,negative,0,1,0,1,1,1,0,0,0,0,0,0,0,1,1,1,0,0,1,0
sst2_02681,train_7502,test,negative,0,0,0,0,1,1,0,1,0,1,0,1,0,0,0,1,0,0,1,1
sst2_02682,train_2617,train,positive,1,1,0,1,0,0,0,0,1,0,0,1,0,0,0,1,0,0,0,1
sst2_02683,train_29273,train,positive,1,1,0,1,0,0,0,0,0,0,0,1,0,0,0,1,0,0,0,1
sst2_02685,train_64720,train,positive,1,1,1,1,0,0,0,0,0,0,1,1,0,0,0,1,1,1,0,1
sst2_02684,train_14627,train,negative,0,0,0,0,1,1,0,0,0,0,0,1,1,0,0,1,0,0,0,1
sst2_02687,train_60930,train,positive,0,0,0,0,0,0,0,0,0,0,0,0,0,0,0,0,0,0,0,0
sst2_02686,train_10823,train,negative,0,0,0,0,1,1,0,1,0,1,0,1,0,0,0,1,0,0,0,1
sst2_02688,train_43079,train,negative,0,0,0,0,1,1,0,1,0,0,0,1,0,0,0,1,0,0,0,1
sst2_02689,train_64631,test,positive,0,0,1,0,0,0,0,0,0,0,0,0,0,0,1,0,0,0,0,0
sst2_02690,train_51911,train,negative,0,0,0,0,1,1,0,0,0,0,1,1,0,0,0,1,0,0,0,1
sst2_02691,train_29271,train,negative,0,0,0,0,1,1,0,0,0,0,1,1,0,0,0,1,1,0,0,1
sst2_02694,train_43856,train,negative,0,0,0,0,1,1,0,1,0,0,0,1,0,0,0,1,0,0,1,1
sst2_02693,train_30539,train,positive,1,1,1,1,0,0,0,0,1,0,0,0,0,0,0,1,0,1,0,0
sst2_02692,train_56356,train,negative,0,0,0,0,1,1,1,1,0,1,1,1,0,1,0,1,0,0,0,1
sst2_02695,train_10847,train,positive,1,1,1,1,0,0,0,0,0,0,1,1,0,0,0,1,1,1,0,1
sst2_02697,train_32479,test,negative,0,0,0,0,1,1,0,0,0,0,0,1,0,0,0,1,0,0,0,1
sst2_02696,train_6667,test,positive,1,1,0,0,0,0,0,0,0,0,1,0,0,1,0,1,0,0,0,0
sst2_02700,train_55122,test,positive,1,0,1,0,0,0,0,0,0,0,1,0,0,0,1,0,0,0,0,0
sst2_02701,train_11569,train,positive,1,1,0,1,0,0,0,0,0,0,0,1,0,0,0,1,0,0,0,1
sst2_02698,train_65193,train,positive,1,1,0,0,0,0,0,0,1,0,0,0,0,0,0,0,0,0,0,0
sst2_02699,train_5353,train,positive,1,1,0,1,0,0,0,0,0,0,0,1,0,0,0,1,0,0,0,1
sst2_02702,train_39352,train,negative,0,0,0,0,1,1,0,0,0,0,0,1,0,1,0,1,0,0,0,1
sst2_02703,train_32749,train,negative,0,0,0,0,1,1,0,1,0,1,0,1,0,0,0,1,0,0,0,1
sst2_02705,train_58586,train,positive,0,0,0,0,0,0,0,0,0,0,0,0,0,0,1,0,0,0,0,0
sst2_02704,train_16223,train,positive,0,0,0,0,0,0,0,0,0,0,0,0,0,0,0,0,0,0,0,0
sst2_02706,train_33938,test,positive,1,1,0,1,0,0,0,0,0,0,0,1,0,0,0,1,0,0,0,1
sst2_02707,train_11321,test,negative,0,0,0,0,1,1,0,0,0,0,0,1,0,0,0,1,0,0,0,1
sst2_02708,train_20071,train,positive,0,0,0,0,0,0,0,0,0,0,0,0,0,0,0,0,0,0,0,0
sst2_02709,train_34064,train,positive,0,0,0,0,0,0,0,0,0,0,0,0,0,0,0,0,0,0,0,0
sst2_02710,train_27846,train,positive,0,0,0,0,0,0,0,0,0,0,0,0,0,0,0,0,0,0,0,0
sst2_02713,train_55956,train,negative,0,0,0,0,1,1,1,1,0,0,0,1,0,0,0,1,0,0,1,1
sst2_02711,train_1558,test,negative,0,0,0,0,1,1,0,1,0,0,1,1,1,0,0,1,0,0,0,1
sst2_02712,train_20369,train,negative,0,0,0,0,1,1,1,1,0,0,0,1,0,0,0,1,1,0,1,1
sst2_02714,train_30709,train,positive,1,1,0,0,0,0,0,0,0,0,0,0,0,0,0,0,0,0,0,0
sst2_02715,train_64095,test,positive,1,1,0,0,0,0,0,0,0,0,0,0,0,0,0,1,0,0,0,0
sst2_02716,train_27735,train,negative,0,0,0,0,1,1,1,1,0,0,0,1,0,0,0,1,0,0,0,1
sst2_02718,train_62909,train,positive,1,1,0,0,0,0,0,0,0,0,0,1,0,0,0,0,1,0,0,1
sst2_02717,train_63487,train,positive,1,1,0,0,0,0,0,0,1,0,0,0,0,0,0,1,0,0,0,0
sst2_02719,train_11415,train,negative,0,0,0,0,0,0,0,0,0,0,0,0,0,0,0,0,0,0,0,0
sst2_02720,train_54706,test,positive,1,1,1,1,0,0,0,0,0,0,1,1,0,1,0,1,0,0,0,1
sst2_02721,train_34092,train,negative,0,0,0,0,1,1,0,1,0,0,0,1,0,0,0,1,0,0,0,1
sst2_02722,train_25360,train,positive,0,1,0,1,0,0,0,0,1,0,0,0,0,0,0,0,0,0,0,0
sst2_02723,train_31932,train,positive,1,1,0,0,0,0,0,0,0,0,0,0,0,0,0,1,0,0,0,0
sst2_02724,train_48772,train,positive,1,1,0,1,0,0,0,0,0,0,0,1,0,0,0,1,0,0,0,1
sst2_02728,train_37171,train,positive,0,0,0,0,0,0,0,0,0,0,0,0,0,0,0,0,0,0,0,0
sst2_02726,train_23690,train,positive,1,0,0,0,0,0,0,0,0,0,1,0,0,0,0,1,0,0,0,0
sst2_02725,train_23608,train,positive,1,1,1,0,0,0,0,0,0,0,0,1,0,0,0,1,0,1,0,1
sst2_02727,train_36459,test,negative,0,0,0,0,1,1,0,1,0,1,0,1,1,0,0,1,0,0,0,1
sst2_02729,train_30740,train,negative,0,0,0,0,1,1,1,0,0,0,1,1,0,1,0,1,0,0,0,1
sst2_02730,train_25160,train,negative,0,0,0,0,1,1,1,1,0,0,0,1,0,0,0,1,0,0,0,1
sst2_02733,train_44796,train,positive,0,0,0,0,0,0,0,0,0,0,1,0,0,0,0,0,0,0,0,0
sst2_02734,train_18619,test,positive,0,0,0,0,0,0,0,0,0,0,0,0,0,0,0,0,0,0,0,0
sst2_02732,train_4484,train,positive,1,1,0,1,0,0,0,0,0,0,0,1,0,0,0,1,0,1,0,1
sst2_02735,train_4199,train,negative,1,1,1,0,0,0,0,0,0,0,1,0,0,0,0,1,0,0,0,0
sst2_02736,train_39052,train,positive,1,0,0,0,0,0,0,0,0,0,0,0,0,0,0,0,0,0,0,0
sst2_02731,train_1516,train,positive,1,0,1,0,0,0,0,0,0,0,0,0,0,0,0,1,1,0,0,1
sst2_02737,train_6378,test,positive,1,1,1,0,0,0,0,0,0,0,1,0,0,0,0,1,0,1,0,1
sst2_02740,train_18143,train,negative,0,0,0,0,1,1,1,1,0,0,0,1,0,0,0,1,0,0,0,1
sst2_02739,train_3180,train,positive,1,1,1,0,0,0,0,0,0,0,0,0,0,0,0,1,0,0,0,0
sst2_02738,train_59217,test,negative,0,0,0,0,1,1,1,1,0,1,0,1,0,1,0,1,1,0,0,1
sst2_02741,train_39843,train,positive,1,1,0,0,0,0,0,0,0,0,0,0,0,0,0,0,0,0,0,1
sst2_02742,train_21731,train,negative,0,0,0,0,1,1,0,1,0,0,0,0,0,0,1,0,0,0,0,0
sst2_02743,train_50302,test,positive,1,1,1,0,0,1,0,0,1,0,0,0,0,1,0,1,0,1,0,0
sst2_02747,train_8555,train,positive,0,0,0,0,0,0,0,0,0,0,0,0,0,0,0,0,0,0,0,0
sst2_02744,train_14102,train,negative,0,0,0,0,1,1,0,1,0,1,0,1,0,0,0,1,0,0,0,1
sst2_02745,train_20130,train,positive,1,0,0,0,0,0,0,0,0,0,0,0,0,0,0,1,0,0,0,1
sst2_02746,train_27815,test,positive,0,0,0,0,0,0,0,0,0,0,0,0,0,0,0,1,0,0,0,0
sst2_02748,train_28108,train,positive,1,1,1,1,0,0,0,0,0,0,0,1,0,0,0,1,1,1,0,1
sst2_02749,train_44843,train,negative,0,0,0,0,1,1,1,1,0,0,0,1,0,1,0,1,0,0,0,1
sst2_02750,train_14529,test,negative,0,0,0,0,1,1,1,1,0,1,1,1,0,0,0,1,1,0,0,1
sst2_02751,train_57530,test,negative,0,0,0,0,1,1,1,1,0,1,0,1,0,0,0,1,0,0,0,1
sst2_02753,train_66381,train,positive,1,1,0,1,0,0,0,0,0,0,0,1,0,1,0,1,0,0,0,1
sst2_02752,train_36007,train,positive,1,0,1,0,0,0,0,0,0,0,0,0,0,0,0,1,0,1,0,0
sst2_02755,train_23520,train,positive,1,1,1,1,0,0,0,0,1,0,0,1,0,0,0,1,0,1,0,1
sst2_02759,train_25441,train,positive,1,1,0,1,0,0,0,0,0,0,0,1,0,0,0,1,0,0,0,1
sst2_02757,train_36156,train,positive,0,0,0,0,1,1,0,0,0,1,0,1,0,0,0,1,0,0,0,1
sst2_02754,train_9705,train,negative,0,0,0,0,1,1,0,1,0,1,0,1,0,0,0,1,0,0,0,1
sst2_02758,train_12995,test,positive,1,1,1,1,0,0,0,0,0,0,0,1,0,0,0,1,0,1,0,1
sst2_02756,train_48691,test,negative,0,0,0,0,1,1,1,1,0,1,0,1,0,0,0,1,1,0,0,1
sst2_02760,train_21524,train,positive,1,1,0,0,0,0,0,0,0,0,0,0,0,0,0,1,0,0,0,1
sst2_02762,train_51462,test,negative,0,0,0,0,1,1,0,1,0,0,1,1,1,0,0,1,0,0,0,1
sst2_02761,train_66395,train,positive,1,1,1,0,0,0,0,0,1,0,0,0,0,0,0,1,0,0,0,1
sst2_02763,train_3994,train,positive,1,0,0,0,0,0,0,0,0,0,0,0,0,0,0,1,0,0,0,0
sst2_02765,train_33440,train,negative,0,0,0,0,1,1,0,1,0,1,0,1,0,0,0,1,0,0,0,1
sst2_02764,train_33819,train,positive,1,1,1,0,0,0,0,0,0,0,0,1,0,0,0,1,1,0,0,1
sst2_02766,train_49650,train,negative,0,0,0,0,1,1,1,0,0,0,1,0,1,0,0,1,0,0,0,0
sst2_02768,train_46884,train,positive,1,0,0,0,0,0,0,0,0,0,0,0,0,0,0,1,0,0,0,0
sst2_02767,train_25,train,positive,1,1,0,1,0,0,0,0,1,0,0,1,0,0,0,1,0,1,0,1
sst2_02769,train_41271,train,negative,0,0,0,0,1,1,1,1,0,0,1,1,0,0,0,1,1,0,1,1
sst2_02771,train_32239,test,positive,0,0,0,0,0,0,0,0,0,0,0,0,0,0,0,0,0,0,0,0
sst2_02770,train_43883,train,negative,1,1,0,0,0,0,0,0,0,0,1,0,0,0,1,1,0,1,0,0
sst2_02772,train_63062,train,positive,0,0,0,0,0,0,0,0,0,0,0,0,0,0,0,0,0,0,0,0
sst2_02773,train_38484,train,negative,0,0,0,0,1,1,1,1,0,1,1,1,0,0,0,1,0,0,0,1
sst2_02774,train_51848,train,positive,1,1,1,0,0,0,0,0,0,0,0,0,0,0,0,1,0,0,0,1
sst2_02775,train_54363,train,negative,0,0,0,0,0,0,0,0,0,0,0,0,0,0,0,0,0,0,0,0
sst2_02776,train_18736,test,positive,0,0,0,0,0,0,0,0,0,0,1,0,0,1,0,1,0,0,0,0
sst2_02777,train_12745,train,negative,0,0,0,0,1,1,0,0,0,0,0,1,0,0,0,1,0,0,0,1
sst2_02778,train_37885,train,positive,1,1,1,1,0,0,0,0,0,0,0,1,0,0,0,1,0,1,0,1
sst2_02779,train_51860,train,negative,0,0,0,0,1,1,0,1,0,0,0,1,0,0,0,1,0,0,0,1
sst2_02780,train_12341,train,positive,1,1,0,1,0,0,0,0,0,0,0,1,0,0,0,1,0,0,0,1
sst2_02781,train_43748,test,negative,0,0,0,0,1,1,0,1,0,0,0,1,0,0,0,1,0,0,0,1
sst2_02782,train_43451,train,negative,0,0,0,0,1,1,0,0,0,0,1,0,0,0,1,0,0,0,1,0
sst2_02784,train_31868,train,negative,0,0,0,0,1,1,0,0,0,1,0,1,0,1,0,1,0,0,0,1
sst2_02783,train_11284,train,positive,1,1,1,1,0,0,0,0,0,0,0,1,0,0,0,1,0,1,0,1
sst2_02786,train_26709,test,negative,0,0,0,0,0,0,0,0,0,0,0,0,0,0,1,0,0,0,0,0
sst2_02785,train_29226,train,positive,1,1,0,1,0,0,0,0,0,0,0,1,0,0,0,1,0,0,0,1
sst2_02787,train_19782,train,positive,1,1,0,1,0,0,0,0,1,0,0,1,0,0,0,1,0,0,0,1
sst2_02788,train_12092,train,negative,0,0,0,0,1,1,1,1,0,0,0,1,0,0,0,1,1,0,1,1
sst2_02791,train_48653,train,positive,1,0,0,0,0,0,0,0,0,0,0,1,0,0,0,1,0,0,0,1
sst2_02789,train_61865,train,negative,0,0,0,0,1,1,0,1,0,0,1,1,0,0,0,1,0,0,0,1
sst2_02790,train_42860,train,negative,0,0,0,0,1,1,1,1,0,0,0,1,0,0,0,1,0,0,0,1
sst2_02792,train_38446,train,positive,1,1,0,1,0,0,0,0,0,0,0,1,0,0,0,1,0,0,0,1
sst2_02793,train_17043,train,positive,1,0,0,0,1,0,0,0,0,0,0,0,0,1,0,1,0,0,0,0
sst2_02794,train_63699,train,negative,0,0,0,0,1,1,0,0,0,0,0,1,0,0,0,1,0,0,0,1
sst2_02795,train_59825,train,negative,0,0,0,0,1,1,0,1,0,0,0,1,0,0,0,1,0,0,0,1
sst2_02797,train_34839,train,negative,0,0,0,0,1,1,1,1,0,0,1,1,0,0,0,1,1,0,0,1
sst2_02796,validation_427,train,positive,1,1,1,1,0,0,0,0,1,0,0,1,0,0,0,1,1,1,0,1
sst2_02798,train_57898,train,negative,0,0,0,0,1,1,0,1,0,0,0,1,0,0,0,1,1,0,0,1
sst2_02799,train_44210,train,positive,1,1,0,1,0,0,0,0,1,0,0,1,0,0,0,1,0,0,0,1
sst2_02800,train_63417,train,positive,1,1,0,1,0,0,0,0,0,0,0,0,0,0,0,1,0,0,0,0
sst2_02801,train_14251,train,negative,0,0,0,0,0,0,0,0,0,0,0,0,0,0,0,0,0,0,0,0
sst2_02804,train_50122,train,negative,0,0,0,0,0,0,0,0,0,0,0,0,0,0,1,0,0,0,0,0
sst2_02802,train_59733,train,positive,1,1,0,1,0,0,0,0,1,0,0,0,0,0,0,0,0,0,0,0
sst2_02803,train_59590,train,positive,1,1,0,1,0,0,0,0,0,0,1,1,0,0,0,0,0,0,0,1
sst2_02806,train_29393,train,negative,0,0,0,0,1,1,0,0,0,0,0,1,0,0,0,1,0,0,0,1
sst2_02805,train_66921,test,positive,1,1,1,0,0,0,0,0,0,0,0,0,0,0,0,1,1,0,0,1
sst2_02807,train_25219,train,positive,1,1,0,1,0,0,0,0,0,0,0,0,0,0,0,1,0,0,0,1
sst2_02808,train_38993,train,negative,0,0,0,0,1,1,1,0,0,0,0,1,0,0,0,1,1,0,1,1
sst2_02811,train_20220,train,negative,0,0,0,0,0,0,0,0,0,0,0,0,0,0,0,0,0,0,0,0
sst2_02809,train_63520,test,negative,1,1,1,0,1,1,1,0,0,0,1,0,0,1,0,1,0,0,0,0
sst2_02810,train_35922,train,positive,1,1,1,1,0,0,0,0,0,0,0,1,0,0,0,1,1,1,0,1
sst2_02813,train_28183,train,negative,0,0,0,0,1,1,1,1,0,0,1,1,0,0,0,1,0,0,0,1
sst2_02812,train_54061,train,positive,1,1,1,1,0,0,0,0,0,0,0,1,0,0,0,1,0,1,0,1
sst2_02815,train_57538,test,negative,0,0,0,0,1,1,0,0,0,0,0,1,0,0,0,1,1,0,0,1
sst2_02816,train_64762,test,positive,1,1,1,0,0,0,0,0,0,0,0,0,0,1,0,1,0,0,0,0
sst2_02814,train_67210,train,negative,0,0,0,0,1,1,1,1,0,0,1,1,0,0,0,1,0,0,0,1
sst2_02817,train_45167,train,positive,0,0,0,0,0,0,0,0,0,0,0,0,0,0,0,0,0,0,0,0
sst2_02818,train_59357,test,positive,1,1,0,0,0,0,0,0,0,0,0,0,0,0,0,1,0,0,0,0
sst2_02820,train_28138,train,positive,1,0,0,0,0,0,0,0,0,0,0,0,0,0,0,1,0,0,0,0
sst2_02819,validation_556,train,negative,0,0,0,0,1,1,1,1,0,0,0,1,0,0,0,1,0,0,0,1
sst2_02821,train_13863,train,positive,1,1,0,1,0,0,0,0,1,0,1,1,0,0,0,1,0,0,0,1
sst2_02822,train_44685,train,negative,0,0,0,0,0,1,0,0,0,0,0,0,0,0,1,0,0,0,0,0
sst2_02824,train_47623,test,negative,0,0,0,0,1,1,1,1,0,0,0,1,0,0,0,1,0,0,0,1
sst2_02823,train_51697,train,negative,0,0,0,0,1,1,0,1,0,0,1,1,1,0,0,1,0,0,0,1
sst2_02826,train_11457,train,positive,1,0,0,0,0,0,0,0,0,0,0,0,0,0,0,1,0,0,0,0
sst2_02825,train_9333,train,positive,0,0,0,0,0,0,0,0,0,0,0,0,0,0,0,0,0,0,0,0
sst2_02827,train_65649,train,negative,0,0,0,0,1,1,1,1,0,0,1,1,0,0,0,1,1,0,0,1
sst2_02828,train_20493,train,negative,0,0,0,0,1,1,0,1,0,0,0,1,0,0,0,1,0,0,0,1
sst2_02829,train_18651,test,negative,0,0,0,0,1,1,1,1,0,1,0,1,0,0,0,1,1,0,0,1
sst2_02831,train_44953,train,positive,0,0,0,0,0,0,0,0,0,0,1,0,0,0,0,0,0,0,0,0
sst2_02830,train_49872,test,negative,0,0,0,0,1,1,0,1,0,0,0,1,0,0,0,1,0,0,0,1
sst2_02832,train_61696,train,positive,1,1,1,0,0,0,0,0,0,0,0,0,0,0,0,1,0,0,0,1
sst2_02833,train_20277,test,positive,0,0,0,0,0,0,0,0,1,0,0,0,0,0,0,0,0,0,0,0
sst2_02834,train_40493,train,positive,1,1,0,1,0,0,0,0,0,0,0,1,0,0,0,1,0,0,0,1
sst2_02836,train_27166,train,positive,0,0,0,0,0,0,0,0,0,0,0,0,0,0,0,0,0,0,0,0
sst2_02835,train_22672,train,positive,1,0,1,0,0,0,0,0,0,0,0,0,0,0,0,1,0,1,0,0
sst2_02838,train_29022,test,positive,0,0,0,0,0,0,0,0,0,0,0,0,0,0,0,0,0,0,0,0
sst2_02837,train_20527,train,negative,0,0,0,0,1,1,1,1,0,0,0,1,0,0,0,1,0,0,0,1
sst2_02840,train_2356,train,negative,0,0,0,0,0,0,0,0,0,0,0,0,0,0,0,0,0,0,0,0
sst2_02839,train_12173,train,positive,1,1,0,1,0,0,0,0,1,0,0,1,0,0,0,1,0,0,0,1
sst2_02841,train_19478,train,positive,1,1,1,0,0,0,0,0,0,0,0,0,0,1,1,1,0,0,0,0
sst2_02842,train_7516,train,positive,1,1,0,0,0,0,0,0,0,0,0,1,0,0,0,1,1,0,0,1
sst2_02843,train_62617,train,positive,1,1,1,0,0,0,0,0,0,0,0,0,0,0,0,1,0,0,0,0
sst2_02845,train_29465,train,positive,0,0,0,0,0,0,0,0,0,0,0,0,0,0,0,0,0,0,0,0
sst2_02844,train_52838,train,negative,0,0,0,0,1,1,1,0,0,0,0,0,0,1,1,1,0,0,0,0
sst2_02846,train_32827,test,positive,1,1,0,1,1,0,0,0,1,0,0,0,0,1,0,1,0,0,0,1
sst2_02847,train_19239,train,positive,1,1,1,0,0,0,0,0,0,0,0,1,0,0,0,1,0,0,0,1
sst2_02849,train_26666,train,positive,1,1,0,1,0,0,0,0,0,0,0,1,0,0,0,1,0,0,0,1
sst2_02848,train_43146,test,positive,1,1,0,1,0,0,0,0,1,0,0,1,0,1,0,1,0,0,0,1
sst2_02850,train_26687,train,negative,0,0,0,0,1,1,0,0,0,0,0,1,0,0,0,1,0,0,0,1
sst2_02851,train_27565,train,negative,0,0,0,0,1,1,0,0,0,0,0,1,0,0,0,1,0,0,0,1
sst2_02853,train_47306,train,negative,0,0,0,0,1,0,0,0,0,0,0,0,0,0,0,1,0,0,0,0
sst2_02852,train_48290,train,positive,1,1,1,1,0,0,0,0,0,0,0,1,0,0,0,1,0,1,0,1
sst2_02854,train_18751,test,negative,0,0,0,0,1,1,1,1,0,0,0,1,0,0,1,1,0,0,0,0
sst2_02855,train_61160,train,negative,0,0,0,0,1,1,0,1,0,0,1,1,0,0,0,1,0,0,0,1
sst2_02856,train_21605,train,positive,1,1,0,1,0,0,0,0,0,0,0,1,0,0,0,1,0,0,0,1
sst2_02857,train_21238,train,negative,0,0,0,0,1,1,1,1,0,0,0,0,0,1,1,0,0,0,0,0
sst2_02859,train_1958,train,positive,0,0,0,0,0,0,0,0,0,0,0,0,0,0,0,0,0,0,0,0
sst2_02858,train_54127,test,negative,0,0,0,0,1,1,0,0,0,0,0,1,0,0,0,1,0,0,0,1
sst2_02860,train_39167,train,positive,1,1,0,1,0,0,0,0,1,0,1,1,0,0,0,1,0,0,0,1
sst2_02861,train_53858,train,positive,1,1,1,0,0,0,0,0,0,0,0,1,0,0,0,1,0,1,0,1
sst2_02862,train_64314,test,negative,0,0,0,0,0,0,0,0,0,0,0,0,0,0,1,0,0,0,0,0
sst2_02863,train_33878,train,positive,1,1,1,0,0,0,0,0,0,0,0,1,0,0,0,1,1,0,0,1
sst2_02864,train_38615,train,positive,1,1,0,1,0,0,0,0,0,0,0,0,0,0,0,0,0,0,0,0
sst2_02865,train_16111,train,positive,1,1,0,0,0,0,0,0,0,0,0,0,0,0,0,1,0,0,0,0
sst2_02866,train_11072,train,positive,1,1,1,0,0,0,0,0,0,0,0,0,0,0,0,1,0,1,0,0
sst2_02869,train_26684,train,positive,0,0,0,0,0,0,0,0,0,0,0,0,0,0,0,0,0,0,0,0
sst2_02867,train_48233,train,positive,1,1,0,1,0,0,0,0,1,0,0,1,0,0,0,1,0,0,0,1
sst2_02868,train_64611,test,positive,1,1,0,1,0,0,0,0,0,0,1,1,0,0,0,1,0,0,0,1
sst2_02870,train_7249,train,positive,1,1,0,1,0,0,0,0,1,0,1,1,0,0,0,1,0,0,0,1
sst2_02871,train_47678,train,negative,1,1,0,1,1,0,0,0,0,0,0,1,0,1,0,1,0,0,0,1
sst2_02872,train_56174,train,positive,1,1,0,0,0,0,0,0,0,0,0,1,0,0,0,1,0,0,0,1
sst2_02873,train_25708,test,negative,0,0,0,0,1,1,1,1,0,0,0,1,0,0,0,1,0,0,0,1
sst2_02874,train_65236,train,positive,1,1,1,1,0,0,0,0,0,0,0,1,0,0,0,1,0,1,0,1
sst2_02875,train_53184,train,positive,1,1,1,1,0,1,1,0,0,0,1,0,0,1,0,0,0,0,0,0
sst2_02877,train_22549,train,negative,0,0,0,0,1,1,0,1,0,0,0,1,0,0,0,1,0,0,0,1
sst2_02876,train_29459,train,positive,1,1,0,1,0,0,0,0,0,0,0,1,0,0,0,1,0,0,0,1
sst2_02879,train_10659,train,positive,0,0,0,0,0,0,0,0,0,0,0,0,0,0,1,0,0,0,0,0
sst2_02880,train_28448,train,negative,0,0,0,0,1,1,0,0,0,0,0,1,0,0,0,1,0,0,0,1
sst2_02878,train_63462,train,negative,0,0,0,0,1,1,0,1,0,1,1,1,0,0,0,1,0,0,1,1
sst2_02881,train_61861,test,negative,0,0,0,0,1,1,1,1,0,0,0,1,0,0,0,1,0,0,1,1
sst2_02883,train_33828,train,positive,0,0,0,0,0,0,0,0,0,0,1,0,0,0,1,0,0,0,0,0
sst2_02884,train_37349,train,negative,0,0,0,0,1,1,0,0,0,0,0,0,0,0,1,0,0,0,0,0
sst2_02882,train_23341,train,negative,0,0,0,0,1,1,0,1,0,1,0,1,0,0,0,1,0,0,1,1
sst2_02885,train_43255,train,positive,1,1,1,1,0,1,0,0,1,0,0,0,0,1,1,1,0,0,0,0
sst2_02887,train_42128,train,positive,0,0,0,0,0,0,0,0,0,0,0,0,0,0,0,0,0,1,0,0
sst2_02886,train_8160,train,negative,0,0,0,0,1,1,1,1,0,0,1,1,0,0,0,1,1,0,0,1
sst2_02893,train_41162,test,positive,1,0,1,0,0,0,0,0,0,0,0,0,0,0,1,1,0,1,0,0
sst2_02890,train_21207,test,negative,0,0,0,0,1,1,0,1,0,1,1,1,1,0,0,1,0,0,0,1
sst2_02888,train_12326,train,positive,1,1,0,1,0,0,0,0,0,0,1,1,0,0,0,1,0,0,0,1
sst2_02891,train_41766,test,negative,0,0,0,0,0,0,0,0,0,0,1,0,0,0,0,0,0,0,0,0
sst2_02892,train_22175,train,negative,0,0,0,0,1,1,1,1,0,1,1,1,0,1,0,1,0,0,0,1
sst2_02889,train_5714,train,negative,0,0,0,0,1,1,0,1,0,1,0,1,0,0,0,1,0,0,0,1
sst2_02894,train_47489,train,positive,0,0,0,0,0,0,0,0,0,0,0,0,0,0,0,0,0,0,0,0
sst2_02896,train_49749,train,negative,0,0,0,0,1,1,1,1,0,1,0,1,0,0,0,1,0,0,1,1
sst2_02895,train_26391,train,positive,1,1,1,1,0,0,0,0,1,0,0,1,0,0,0,1,0,1,0,1
sst2_02897,train_8832,train,positive,1,1,0,1,0,0,0,0,1,0,0,0,0,0,0,0,0,0,0,1
sst2_02898,train_37552,train,positive,0,0,0,0,0,0,0,0,0,0,0,0,0,0,0,1,0,0,0,0
sst2_02899,train_5428,train,negative,0,0,0,0,1,1,0,0,0,0,0,1,0,0,0,1,0,0,0,1
sst2_02900,train_64012,test,negative,0,0,0,0,0,0,0,0,1,0,0,1,0,0,0,1,0,0,0,1
sst2_02903,train_36829,train,positive,0,0,0,0,0,0,0,0,0,0,0,0,0,0,0,0,0,0,0,0
sst2_02902,train_15911,test,positive,1,1,1,1,0,0,0,0,0,0,0,1,0,0,0,1,0,1,0,1
sst2_02904,train_7141,train,negative,0,0,0,0,1,1,1,1,0,0,1,1,0,0,0,1,1,0,0,1
sst2_02901,train_5632,train,negative,0,0,0,0,1,1,1,1,0,1,1,1,1,0,0,1,1,0,0,1
sst2_02905,train_19485,train,negative,0,0,0,0,1,1,0,1,0,1,0,1,0,0,0,1,1,0,0,1
sst2_02906,train_64004,test,positive,1,1,1,0,0,0,0,0,0,0,0,1,0,0,0,1,0,1,0,1
sst2_02909,train_54495,test,positive,0,0,0,0,0,0,0,0,0,0,0,0,0,0,0,0,0,0,0,0
sst2_02908,train_27276,test,negative,0,0,0,0,1,1,0,1,0,0,0,1,0,0,0,1,0,0,0,1
sst2_02911,train_51678,test,negative,0,0,0,0,1,1,0,1,0,0,0,1,0,0,0,1,1,0,1,1
sst2_02907,train_4750,train,positive,1,1,0,1,0,0,0,0,0,0,0,0,0,0,0,0,0,0,0,1
sst2_02910,train_5028,train,negative,0,0,0,0,1,1,1,0,0,0,1,0,0,0,0,1,0,0,0,1
sst2_02913,train_51298,train,positive,1,1,0,1,0,0,0,0,1,0,0,1,0,0,0,1,0,0,0,1
sst2_02912,train_61980,train,negative,0,0,0,0,0,0,0,0,0,0,0,0,0,0,1,0,0,0,0,0
sst2_02914,train_55658,test,positive,1,1,0,1,0,0,0,0,1,0,0,0,0,0,0,1,0,0,0,0
sst2_02916,train_31190,train,positive,1,1,0,1,0,0,0,0,1,0,1,1,0,0,0,1,0,0,0,1
sst2_02915,train_3726,test,negative,0,0,0,0,1,1,1,1,0,0,1,1,0,0,0,1,0,0,0,1
sst2_02917,train_22056,train,positive,1,1,0,1,0,0,0,0,1,0,0,1,0,0,0,1,0,0,0,1
sst2_02918,train_20509,train,positive,0,0,0,0,0,0,0,0,0,0,0,0,0,0,0,0,0,0,0,0
sst2_02920,train_2890,train,negative,0,0,0,0,1,1,0,0,0,0,0,0,0,0,0,1,0,0,0,1
sst2_02919,train_35492,train,positive,1,1,0,1,0,0,0,0,0,0,1,1,0,0,0,1,0,0,0,1
sst2_02921,train_67131,train,positive,1,1,0,0,0,0,0,0,0,0,0,1,0,0,0,1,0,0,0,1
sst2_02922,train_33261,train,negative,0,0,0,0,1,1,0,1,0,1,0,1,0,0,0,1,0,0,0,1
sst2_02923,train_54247,train,negative,0,0,0,0,1,1,0,1,0,1,0,1,0,0,0,1,0,0,0,1
sst2_02924,train_12247,train,positive,1,1,0,1,0,0,0,0,0,0,1,1,0,0,0,1,0,0,0,1
sst2_02925,train_60854,train,negative,0,0,0,0,0,0,0,0,0,0,0,0,0,0,1,0,0,0,0,0
sst2_02927,train_43498,train,negative,0,0,0,0,1,1,0,1,0,0,0,1,0,0,0,1,0,0,0,1
sst2_02926,train_3800,train,negative,0,0,0,0,1,1,0,1,0,0,0,1,0,0,0,1,0,0,0,1
sst2_02928,train_49839,test,negative,0,0,0,0,1,1,0,1,0,0,0,1,0,0,1,1,0,0,0,0
sst2_02929,train_62766,train,positive,1,1,0,1,0,0,0,0,0,0,0,1,0,0,0,1,0,0,0,1
sst2_02930,train_43871,train,positive,1,1,0,1,1,0,0,0,1,0,0,1,0,1,0,1,0,0,0,1
sst2_02931,train_44434,train,positive,1,1,0,1,1,1,0,0,0,1,0,1,0,1,0,1,0,0,0,1
sst2_02934,train_50268,test,negative,0,0,0,0,1,1,0,1,0,1,0,1,0,0,0,1,0,0,0,1
sst2_02933,train_63178,train,positive,1,1,0,1,0,0,0,0,1,0,1,1,0,0,0,1,0,0,0,1
sst2_02932,train_51192,train,positive,1,1,0,0,1,0,0,0,0,0,0,0,0,1,0,1,0,0,0,0
sst2_02935,train_31491,train,negative,0,0,0,0,1,1,0,1,0,0,0,1,0,0,0,1,0,0,0,1
sst2_02937,train_65611,train,positive,1,1,1,1,0,0,0,0,1,0,0,1,0,0,0,1,0,1,0,1
sst2_02939,train_42474,train,positive,1,0,0,0,0,0,0,0,0,0,0,0,0,0,0,1,0,0,0,0
sst2_02938,train_12278,test,positive,1,1,0,1,0,0,0,0,0,0,0,1,0,0,0,1,0,0,0,1
sst2_02936,train_42181,train,positive,1,1,0,0,0,0,0,0,0,0,0,0,0,0,0,0,0,0,0,1
sst2_02940,train_29337,train,positive,1,1,1,1,0,0,0,0,1,0,0,1,0,0,0,1,1,1,0,1
sst2_02941,train_16558,test,positive,1,1,0,1,0,0,0,0,0,0,0,1,0,0,0,1,0,0,0,1
sst2_02942,train_35279,train,positive,1,0,0,0,0,0,0,0,0,0,1,0,0,0,0,1,0,0,0,0
sst2_02943,train_1400,test,negative,0,0,0,0,1,1,0,1,0,1,0,1,1,0,0,1,0,0,0,1
sst2_02946,train_43898,test,positive,1,1,0,1,0,0,0,0,1,0,0,1,0,0,0,1,0,0,0,1
sst2_02944,train_24288,train,positive,1,1,1,1,0,0,0,0,0,0,0,1,0,0,0,1,0,1,0,1
sst2_02945,train_5073,train,positive,1,1,0,1,1,0,0,0,0,0,0,1,0,1,0,1,0,0,0,1
sst2_02947,train_53674,train,negative,0,0,0,0,1,1,0,0,0,0,0,1,0,0,0,1,1,0,0,1
sst2_02948,train_64629,train,positive,0,0,0,0,1,0,0,0,0,0,0,0,0,0,0,1,0,0,0,1
sst2_02949,train_18215,train,positive,1,1,0,1,0,0,0,0,1,0,0,1,0,0,0,1,0,0,0,1
sst2_02951,train_49889,test,negative,0,0,0,0,1,1,0,1,0,0,0,1,0,0,0,1,0,0,0,1
sst2_02952,train_11418,train,positive,0,0,0,0,1,0,0,0,0,0,1,0,0,0,0,1,0,0,0,0
sst2_02950,train_8856,train,positive,1,1,0,0,0,0,0,0,0,0,1,1,0,0,0,1,0,0,0,1
sst2_02953,train_61977,train,positive,1,1,0,1,0,0,0,0,0,0,0,1,0,0,0,0,0,0,0,1
sst2_02954,train_26268,train,positive,1,1,0,1,0,0,0,0,0,0,0,1,0,0,0,1,0,0,0,1
sst2_02955,train_31884,train,positive,1,1,0,1,0,0,0,0,0,0,0,1,0,0,0,1,0,0,0,1
sst2_02956,train_37596,test,positive,1,1,0,1,0,0,0,0,1,0,1,1,0,0,0,1,0,0,0,1
sst2_02959,train_29943,train,negative,0,0,0,0,1,1,0,0,0,0,1,1,0,0,0,1,0,0,0,1
sst2_02957,train_37815,train,positive,1,1,1,1,0,0,0,0,0,0,0,1,0,0,0,1,1,1,0,1
sst2_02958,train_11983,train,positive,1,1,0,1,0,0,0,0,1,0,0,1,0,0,0,1,0,0,0,1
sst2_02960,train_42541,test,positive,0,0,0,0,0,0,0,0,0,0,0,0,0,0,0,0,0,0,0,0
sst2_02961,train_20474,train,negative,0,0,0,0,1,1,0,1,0,0,0,0,0,0,0,0,0,0,0,1
sst2_02962,train_6331,train,negative,0,0,0,0,1,1,0,0,0,0,0,1,0,0,0,1,0,0,0,1
sst2_02964,train_65440,train,negative,0,0,0,0,1,1,0,1,0,0,0,1,0,0,0,1,0,0,1,1
sst2_02963,train_46044,train,negative,0,0,0,0,1,1,0,1,0,1,1,1,0,0,0,1,1,0,1,1
sst2_02966,train_8667,train,positive,0,0,0,0,0,0,0,0,0,0,0,0,0,0,1,0,0,0,0,0
sst2_02965,train_36979,test,positive,0,0,0,0,0,0,0,0,0,0,0,0,0,0,0,0,0,0,0,0
sst2_02967,train_47855,train,positive,0,0,0,0,0,0,0,0,0,0,0,0,0,0,0,0,0,0,0,0
sst2_02968,train_45127,train,negative,0,0,0,0,0,0,0,0,0,0,1,0,0,0,1,0,0,0,0,0
sst2_02971,train_16229,train,positive,1,1,1,1,0,0,0,0,0,0,1,1,0,0,0,1,0,0,0,1
sst2_02969,train_57029,train,negative,0,0,0,0,1,1,1,1,0,0,1,1,0,0,0,1,0,0,0,1
sst2_02973,train_32651,train,negative,0,0,0,0,0,1,0,0,0,0,0,0,0,0,0,0,0,0,0,1
sst2_02970,train_10418,train,negative,0,0,0,0,1,1,0,1,0,0,0,1,0,0,0,1,0,0,0,1
sst2_02972,train_48366,test,negative,0,0,0,0,1,1,0,1,0,0,0,1,0,0,0,1,1,0,0,1
sst2_02975,train_42211,train,positive,1,1,0,1,0,0,0,0,0,0,0,0,0,0,0,0,0,0,0,1
sst2_02974,train_51520,test,positive,1,1,0,1,0,0,0,0,1,0,0,1,0,0,0,1,0,0,0,1
sst2_02976,train_6610,train,negative,0,0,0,0,0,0,1,0,0,0,1,0,0,0,0,0,0,0,0,0
sst2_02978,train_65527,train,positive,1,1,0,1,0,0,0,0,0,0,0,1,0,0,0,1,0,0,0,1
sst2_02979,train_23176,train,positive,0,0,0,0,0,0,0,0,1,0,0,0,0,0,0,0,0,0,0,0
sst2_02977,train_66967,train,negative,0,0,0,0,1,1,0,1,0,0,0,1,0,0,0,1,0,0,0,1
sst2_02980,train_20208,train,negative,0,0,0,0,1,1,0,1,0,0,0,1,0,0,0,1,0,0,0,1
sst2_02981,train_48207,train,positive,1,1,1,0,0,0,0,0,0,0,0,0,0,0,0,1,0,1,0,1
sst2_02982,train_45602,train,negative,0,0,0,0,1,1,1,1,0,0,1,1,0,0,0,1,0,0,0,1
sst2_02984,train_35521,test,positive,1,1,0,1,0,0,0,0,0,0,0,0,0,0,0,1,0,0,0,1
sst2_02983,validation_37,train,negative,0,1,0,0,1,1,1,0,0,0,1,1,0,1,0,1,0,0,0,1
sst2_02985,train_43901,train,positive,1,1,1,1,0,0,0,0,1,0,0,1,0,0,0,1,0,1,0,1
sst2_02986,train_34476,train,negative,0,0,0,0,1,1,0,1,0,0,1,1,0,0,0,1,0,0,0,1
sst2_02987,train_45819,train,positive,1,1,1,1,0,0,0,0,1,0,0,1,0,0,0,1,1,1,0,1
sst2_02991,train_16792,train,positive,0,0,0,0,0,0,0,0,0,0,0,0,0,0,0,0,0,0,0,0
sst2_02989,train_4668,train,negative,0,0,0,0,1,1,0,1,0,1,0,1,1,0,0,1,0,0,0,1
sst2_02988,train_48512,train,positive,1,0,0,0,0,0,0,0,0,0,0,0,0,0,1,0,1,0,0,0
sst2_02990,train_15640,test,negative,0,0,0,0,1,1,0,0,0,0,0,0,0,0,0,1,0,0,1,1
sst2_02993,train_53499,train,negative,0,0,0,0,1,1,0,0,0,0,1,1,0,1,0,1,0,0,0,1
sst2_02992,train_37057,train,positive,1,1,0,1,0,0,0,0,0,0,0,1,0,0,0,1,0,0,0,1
sst2_02994,train_23232,train,negative,0,0,0,0,0,0,0,0,0,0,0,0,0,1,1,0,0,0,0,0
sst2_02996,train_20844,train,negative,0,0,0,0,1,1,0,0,0,0,0,1,0,0,0,1,0,0,0,1
sst2_02995,train_49197,train,negative,0,0,0,0,1,1,0,1,0,1,0,1,0,0,0,1,1,0,0,1
sst2_02997,train_36529,train,positive,1,1,0,1,0,0,0,0,0,0,0,1,0,0,0,1,0,0,0,1
sst2_02998,train_46617,train,positive,1,1,0,1,0,0,0,0,0,0,0,1,0,0,0,1,0,0,0,1
sst2_03000,train_51135,train,positive,1,1,1,0,0,0,0,0,0,0,0,1,0,0,0,1,0,1,0,1
sst2_02999,train_57164,train,positive,1,1,0,1,0,0,0,0,0,0,0,1,0,0,0,1,0,0,0,1
sst2_03002,train_37457,train,positive,1,1,0,1,0,0,0,0,1,0,1,1,0,0,0,1,0,0,0,1
sst2_03001,train_22438,test,negative,0,0,0,0,1,1,0,0,0,0,0,1,0,0,0,1,1,0,0,1
sst2_03003,train_54417,test,negative,0,0,0,0,1,1,1,1,0,0,0,1,0,0,0,1,0,0,0,1
sst2_03004,train_40763,train,negative,0,0,0,0,0,0,0,0,0,0,0,0,0,0,0,0,0,0,0,0
sst2_03005,train_5190,train,negative,0,0,0,0,1,1,0,1,0,0,0,1,0,0,0,1,0,0,0,1
sst2_03007,train_40544,test,positive,1,1,0,1,0,0,0,0,0,0,0,1,0,0,0,1,0,0,0,1
sst2_03008,train_5345,train,negative,0,0,0,0,1,1,1,1,0,1,0,1,0,0,0,1,0,0,0,1
sst2_03006,train_32106,train,positive,0,0,0,0,0,0,0,0,1,0,0,1,0,0,0,0,0,0,0,1
sst2_03010,train_60871,train,positive,1,1,0,1,0,0,0,0,0,0,0,1,0,0,0,1,0,0,0,1
sst2_03009,train_59976,train,positive,0,0,0,0,1,1,0,0,0,1,0,1,1,0,0,1,0,0,0,1
sst2_03011,train_33633,train,negative,0,0,0,0,0,1,0,0,0,0,0,0,0,0,1,0,0,0,1,0
sst2_03012,train_56504,train,positive,1,1,0,0,0,0,0,0,0,0,0,1,0,0,0,1,0,0,0,1
sst2_03015,train_66448,train,positive,1,1,0,0,0,0,0,0,0,0,0,0,0,0,0,1,0,0,0,0
sst2_03013,train_52662,train,negative,0,0,0,0,1,1,0,1,0,1,0,1,0,0,0,1,0,0,1,1
sst2_03014,train_42241,train,positive,1,1,1,1,0,0,0,0,0,0,0,1,0,0,0,1,1,1,0,1
sst2_03016,train_6801,train,positive,1,1,0,1,0,0,0,0,1,0,1,1,0,0,0,1,0,0,0,1
sst2_03017,train_51256,train,negative,0,0,0,0,1,1,0,0,0,1,1,1,0,1,0,1,0,0,0,1
sst2_03019,train_25758,test,negative,0,0,0,0,1,1,0,1,0,0,0,1,0,0,0,1,0,0,0,1
sst2_03018,train_10211,train,negative,0,0,0,0,1,1,0,1,0,0,0,1,0,0,0,1,0,0,0,1
sst2_03020,train_56672,train,positive,1,1,1,1,0,0,0,0,0,0,0,1,0,0,0,1,0,1,0,1
sst2_03021,train_26792,train,negative,0,0,0,0,1,1,0,1,0,0,0,1,0,0,0,1,0,0,0,1
sst2_03022,train_32657,train,positive,1,1,0,1,0,0,0,0,1,0,0,1,0,0,0,1,0,0,0,1
sst2_03023,train_15961,test,positive,1,1,1,0,0,0,0,0,0,0,0,1,0,0,0,1,1,0,0,1
sst2_03026,train_31712,train,negative,1,1,1,1,0,0,0,0,0,0,0,1,0,0,0,1,0,1,0,1
sst2_03025,train_7257,train,negative,0,0,0,0,0,0,0,0,0,0,0,0,0,0,1,0,0,0,0,0
sst2_03027,train_64769,train,negative,0,0,0,0,1,1,0,1,0,1,0,1,0,0,0,1,0,0,0,1
sst2_03024,train_31048,train,negative,0,0,0,0,1,1,1,1,0,1,1,1,0,0,0,1,1,0,1,1
sst2_03028,train_15213,test,negative,0,0,0,0,1,1,0,1,0,0,0,1,0,0,0,1,0,0,0,1
sst2_03029,train_17322,train,positive,1,1,1,0,0,0,0,0,0,0,0,1,0,0,0,1,0,0,0,1
sst2_03031,train_57984,test,negative,0,0,0,0,0,0,0,0,0,0,0,0,0,0,1,0,0,0,0,0
sst2_03032,validation_562,train,negative,0,0,0,0,1,1,1,1,0,1,0,1,0,0,0,1,1,0,0,1
sst2_03033,train_38920,train,positive,1,1,1,0,0,0,0,0,0,0,0,0,0,0,0,1,0,1,0,0
sst2_03034,train_19524,train,negative,0,0,0,0,1,1,0,1,0,0,0,1,0,0,0,1,0,0,0,1
sst2_03030,train_58321,train,positive,1,1,0,1,0,0,0,0,0,0,0,0,0,0,0,1,0,0,0,1
sst2_03036,train_60145,train,positive,1,1,0,1,0,0,0,0,0,0,0,1,0,0,0,1,0,0,0,1
sst2_03035,train_15093,train,negative,0,0,0,0,1,1,1,1,0,1,0,1,0,0,0,1,0,0,0,1
sst2_03037,train_26984,train,positive,1,1,0,0,0,0,0,0,0,0,0,0,0,0,0,1,0,1,0,0
sst2_03038,train_34900,train,negative,0,0,0,0,1,1,0,0,0,0,0,1,0,0,0,1,0,0,0,1
sst2_03039,train_59789,train,negative,0,0,0,0,1,1,1,1,0,1,1,1,1,1,0,1,0,0,1,1
sst2_03040,train_61038,train,negative,0,0,0,0,1,1,1,1,0,0,0,1,0,0,0,1,1,0,1,1
sst2_03042,train_20243,test,negative,0,0,0,0,1,1,1,1,0,0,1,1,0,0,0,1,0,0,0,1
sst2_03041,train_48951,train,negative,0,0,0,0,0,0,0,0,0,0,0,0,0,0,0,0,0,0,0,0
sst2_03043,train_31826,train,positive,1,0,1,0,0,0,0,0,0,0,0,0,0,0,0,1,0,1,0,1
sst2_03045,train_23428,train,negative,0,0,0,0,1,1,0,1,0,0,1,1,1,0,0,1,0,0,0,1
sst2_03044,train_11561,test,negative,0,0,0,0,1,1,1,1,0,0,0,1,1,1,0,1,0,0,0,1
sst2_03046,train_23004,train,negative,0,0,0,0,1,1,1,1,0,1,0,1,0,0,0,1,0,0,0,1
sst2_03047,train_60845,test,positive,1,1,0,0,0,0,0,0,0,0,0,0,0,0,0,0,1,0,0,0
sst2_03048,train_58096,train,positive,1,1,0,1,0,0,0,0,0,0,1,1,0,0,0,1,0,0,0,1
sst2_03050,train_30109,train,positive,1,1,1,0,0,0,0,0,0,0,0,0,0,0,1,1,0,1,0,0
sst2_03052,train_20452,test,negative,0,0,0,0,0,0,0,0,0,0,0,0,0,0,0,0,0,0,0,0
sst2_03049,train_607,train,positive,1,1,0,1,0,0,0,0,1,0,0,1,0,0,0,0,0,0,0,1
sst2_03051,train_35370,train,positive,1,1,1,1,0,0,0,0,1,0,0,1,0,1,0,1,0,1,0,1
sst2_03053,train_4361,train,negative,0,0,0,0,1,1,0,1,0,0,0,1,0,0,0,1,0,0,0,1
sst2_03054,train_48221,train,positive,1,1,0,1,0,0,0,0,1,0,0,1,0,0,0,1,0,0,0,1
sst2_03055,train_14312,train,positive,0,0,0,0,0,0,0,0,0,0,0,0,0,0,0,0,0,0,0,0
sst2_03057,train_36627,train,positive,0,0,0,0,0,0,0,0,0,0,0,0,0,0,0,0,0,0,0,0
sst2_03059,train_53945,test,positive,1,1,0,0,0,0,0,0,0,0,0,0,0,0,0,1,0,0,0,0
sst2_03056,train_15732,train,negative,0,0,0,0,1,1,1,0,0,0,0,0,0,0,1,0,0,0,0,0
sst2_03058,train_3197,test,positive,1,1,1,1,0,0,0,0,0,0,0,1,0,0,0,1,1,1,0,1
sst2_03060,train_13492,train,positive,0,0,0,0,0,0,0,0,0,0,0,0,0,0,0,0,0,0,0,0
sst2_03064,train_25976,train,positive,0,0,0,0,0,0,0,0,0,0,1,0,0,0,0,0,0,0,0,0
sst2_03061,train_64726,train,negative,0,0,0,0,1,1,0,0,0,0,0,0,0,0,0,1,0,0,1,1
sst2_03062,validation_340,train,negative,0,0,0,0,1,1,0,1,0,0,1,1,0,0,0,1,1,0,1,1
sst2_03063,train_47483,test,negative,0,0,0,0,1,1,0,1,0,0,0,1,0,0,0,1,0,0,0,1
sst2_03066,train_63512,test,negative,0,0,0,0,1,1,0,1,0,1,1,1,0,1,0,1,0,0,0,1
sst2_03065,train_12542,train,negative,0,0,0,0,1,1,1,1,0,1,1,1,0,1,0,1,0,0,0,1
sst2_03067,train_42275,test,positive,0,0,0,0,0,0,0,0,0,0,0,0,0,0,0,0,0,0,0,0
sst2_03068,train_32823,train,positive,1,1,0,0,0,0,0,0,0,0,0,0,0,0,0,1,0,0,0,0
sst2_03069,train_66926,train,negative,0,0,0,0,1,1,0,1,0,0,0,1,0,0,0,1,0,0,0,1
sst2_03071,train_11917,train,positive,1,1,0,1,0,0,0,0,0,0,1,0,0,0,0,1,0,0,0,0
sst2_03070,train_24419,train,negative,0,0,0,0,1,0,0,0,0,0,1,0,0,0,1,1,0,0,0,0
sst2_03072,train_7518,train,negative,0,0,0,0,1,1,1,1,0,0,0,1,0,0,0,1,1,0,0,1
sst2_03073,train_14706,train,positive,1,1,0,1,0,0,0,0,1,0,0,1,0,0,0,1,0,0,0,1
sst2_03074,train_63095,train,negative,0,0,0,0,1,1,0,1,0,1,0,1,0,0,0,1,0,0,0,1
sst2_03075,train_33276,train,negative,0,0,0,0,1,1,0,1,0,0,0,1,0,0,0,1,0,0,1,1
sst2_03078,train_20711,test,positive,1,1,0,1,0,0,0,0,0,0,0,1,0,0,0,0,0,0,0,1
sst2_03077,train_16118,train,negative,0,0,0,0,1,1,1,1,0,0,1,1,0,1,0,1,0,0,0,1
sst2_03079,train_39792,train,positive,1,1,0,1,0,0,0,0,1,0,1,1,0,0,0,1,0,0,0,1
sst2_03076,train_65898,train,positive,1,0,0,0,0,0,0,0,0,0,0,0,0,0,0,1,0,0,0,0
sst2_03080,train_54759,train,positive,1,1,1,1,0,0,0,0,0,0,0,1,0,0,0,1,0,1,0,1
sst2_03082,train_36217,test,negative,0,0,0,0,1,0,1,0,0,0,0,0,0,0,1,1,0,0,0,0
sst2_03083,train_32601,train,positive,0,0,0,0,0,0,0,0,0,0,0,0,0,0,0,1,0,0,0,0
sst2_03084,train_23355,train,positive,1,1,1,0,0,0,0,0,0,0,0,1,0,0,0,1,0,0,0,1
sst2_03085,train_38006,train,negative,0,0,0,0,1,1,0,1,0,0,0,1,0,0,0,1,0,0,1,1
sst2_03081,train_34763,train,negative,0,0,0,0,1,1,1,0,0,0,1,0,0,1,0,0,0,0,0,0
sst2_03086,train_16740,train,negative,0,0,0,0,1,1,1,1,0,0,1,1,0,0,0,1,0,0,0,1
sst2_03087,train_24166,train,negative,0,0,0,0,1,1,0,1,0,0,0,1,0,0,0,1,0,0,0,1
sst2_03088,train_41091,train,negative,0,0,0,0,1,1,0,1,0,0,0,1,0,0,0,1,0,0,0,1
sst2_03089,train_64021,train,negative,0,0,0,0,1,1,1,1,0,1,1,1,0,1,0,1,1,0,0,1
sst2_03090,train_6352,train,negative,0,0,0,0,1,1,1,1,0,0,0,1,0,0,0,1,0,0,1,1
sst2_03091,train_6939,test,positive,1,1,0,0,0,0,0,0,0,0,0,1,0,1,0,1,0,0,0,1
sst2_03092,train_48462,train,positive,1,1,0,0,0,0,0,0,0,0,0,0,0,0,0,0,0,0,0,0
sst2_03093,train_52339,train,positive,1,1,1,1,0,0,0,0,0,0,0,1,0,0,0,1,0,1,0,1
sst2_03095,train_37706,train,positive,0,0,0,0,0,0,0,0,0,0,0,0,0,0,1,0,0,0,0,0
sst2_03094,train_25453,train,negative,0,0,0,0,1,1,0,0,0,1,0,0,0,0,0,0,0,0,0,0
sst2_03096,train_20101,test,negative,0,0,0,0,1,1,1,1,0,1,1,1,1,1,0,1,0,0,0,1
sst2_03097,train_12780,train,positive,1,1,0,1,0,0,0,0,0,0,0,1,0,0,0,1,0,0,0,1
sst2_03099,train_20639,train,positive,0,0,0,0,0,0,0,0,0,0,0,0,0,0,0,1,0,0,0,0
sst2_03098,train_32892,train,positive,1,1,1,0,0,0,0,0,0,0,0,1,0,0,0,1,1,1,0,1
sst2_03100,train_56830,train,positive,1,1,0,1,0,0,0,0,1,0,0,0,0,0,0,0,0,0,0,0
sst2_03102,train_30840,train,negative,0,0,0,0,1,1,1,1,0,0,1,1,0,0,0,1,0,0,0,1
sst2_03103,train_25945,test,positive,1,1,0,1,0,0,0,0,0,0,0,1,0,0,0,1,0,0,0,1
sst2_03101,train_23640,train,positive,1,1,1,1,0,0,0,0,0,0,0,1,0,0,0,1,0,1,0,1
sst2_03104,train_28425,train,positive,1,1,0,1,0,0,0,0,0,0,0,1,0,0,0,1,0,0,0,1
sst2_03105,train_17810,train,positive,1,1,0,1,0,0,0,0,0,0,0,0,0,0,0,0,0,0,0,1
sst2_03106,train_26770,train,positive,1,1,0,1,0,0,0,0,0,0,0,1,0,0,0,1,0,0,0,1
sst2_03108,train_62762,train,positive,1,1,0,1,0,0,0,0,0,0,1,1,0,0,0,1,0,0,0,1
sst2_03109,train_11617,test,negative,0,0,0,0,1,1,0,0,0,1,0,1,0,0,0,1,0,0,0,1
sst2_03107,train_25389,test,positive,1,1,0,0,0,0,0,0,0,0,1,1,0,0,0,1,0,0,0,1
sst2_03111,train_60979,train,positive,1,1,0,1,0,0,0,0,1,0,0,0,0,0,0,0,0,0,0,1
sst2_03110,train_43204,test,positive,0,0,0,0,0,0,0,0,0,0,0,0,0,0,0,0,0,0,0,0
sst2_03112,train_44418,train,negative,0,0,0,0,1,1,0,1,0,1,1,1,0,0,0,1,0,0,0,1
sst2_03114,train_57217,train,negative,0,0,0,0,1,1,0,1,0,0,0,1,0,0,0,1,0,0,0,1
sst2_03115,train_21606,train,positive,1,0,0,0,0,0,0,0,0,0,1,0,0,0,0,0,0,0,0,0
sst2_03113,train_16825,test,negative,0,0,0,0,1,1,0,0,0,1,0,1,0,0,0,1,0,0,0,1
sst2_03117,train_57725,test,negative,0,0,0,0,1,1,1,1,0,0,0,1,0,0,0,1,1,0,0,1
sst2_03118,train_62902,train,positive,1,1,0,1,0,0,0,0,0,0,0,1,0,0,0,1,0,0,0,1
sst2_03119,train_30785,train,positive,1,1,1,1,0,0,0,0,0,0,0,1,0,0,0,1,0,1,0,1
sst2_03116,train_24442,train,negative,0,0,0,0,1,1,1,1,0,1,0,1,0,0,0,1,1,0,0,1
sst2_03120,train_15500,train,negative,0,0,0,0,1,1,1,1,0,0,0,1,0,0,0,1,0,0,0,1
sst2_03122,train_49666,train,negative,0,0,0,0,1,1,1,1,0,0,0,1,0,0,0,1,0,0,0,1
sst2_03121,train_10288,train,negative,0,0,0,0,1,1,1,1,0,1,0,1,0,0,0,1,0,0,0,1
sst2_03123,train_40150,train,negative,0,0,0,0,1,1,1,1,0,0,1,1,0,0,0,1,0,0,0,1
sst2_03125,train_42796,train,positive,1,1,1,1,0,0,0,0,0,0,0,0,0,0,0,1,0,1,0,0
sst2_03124,train_40662,train,negative,0,1,0,0,1,1,1,1,0,1,0,1,1,1,0,1,0,0,1,1
sst2_03128,train_3883,train,negative,0,0,0,0,1,1,0,1,0,1,0,1,1,0,0,1,0,0,0,1
sst2_03126,train_67098,train,positive,1,1,0,1,0,0,0,0,0,0,1,1,0,0,0,1,0,0,0,1
sst2_03127,train_58574,test,positive,1,1,1,1,0,0,0,0,0,0,0,1,0,0,0,1,0,1,0,1
sst2_03129,train_46866,train,negative,0,0,0,0,1,1,0,1,0,1,0,1,0,0,0,1,0,0,0,1
sst2_03130,train_55930,train,negative,0,0,0,0,1,1,0,1,0,1,0,1,0,0,0,1,0,0,1,1
sst2_03132,train_58113,train,negative,0,0,0,0,1,1,1,0,0,0,0,0,0,0,0,0,0,0,0,1
sst2_03133,train_2122,train,negative,0,0,0,0,1,1,0,1,0,0,0,1,0,0,0,1,1,0,0,1
sst2_03131,train_20983,train,positive,1,1,0,1,0,0,0,0,0,0,0,1,0,0,0,0,0,0,0,1
sst2_03134,train_47259,train,negative,0,0,0,0,1,1,0,1,0,0,0,1,0,0,0,1,0,0,0,1
sst2_03135,train_28407,train,positive,0,0,0,0,0,0,0,0,0,0,0,0,0,0,0,0,0,0,0,0
sst2_03136,train_54321,train,positive,1,1,0,1,0,0,0,0,0,0,0,1,0,0,0,1,0,0,0,1
sst2_03137,train_27404,train,negative,0,0,0,0,1,1,0,0,0,0,1,1,0,0,0,1,0,0,0,1
sst2_03138,train_27300,train,positive,1,1,1,0,0,0,0,0,0,0,0,1,0,0,0,1,0,1,0,1
sst2_03140,train_34445,train,negative,0,0,0,0,1,0,0,0,0,0,0,0,0,0,0,1,0,0,0,0
sst2_03139,train_51592,train,positive,1,1,0,1,0,0,0,0,0,0,1,1,0,0,0,1,0,0,0,1
sst2_03141,train_7940,train,negative,0,0,0,0,1,1,1,1,0,1,0,1,1,0,0,1,1,0,1,1
sst2_03142,train_59934,train,positive,1,1,0,1,0,0,0,0,0,0,0,1,0,0,0,1,0,0,0,1
sst2_03143,train_56023,train,negative,0,0,0,0,1,1,0,1,0,0,0,1,0,0,0,1,0,0,0,1
sst2_03144,train_30362,train,positive,0,0,0,0,0,0,0,0,0,0,0,0,0,0,0,0,0,0,0,0
sst2_03145,train_61963,train,positive,0,0,0,0,0,0,0,0,0,0,0,0,0,0,0,0,0,0,0,0
sst2_03148,train_58460,train,positive,0,0,0,0,0,0,0,0,0,0,0,0,0,0,0,0,0,0,0,0
sst2_03147,train_44233,train,positive,0,0,0,0,0,0,0,0,0,0,0,0,0,0,1,0,0,0,0,0
sst2_03150,train_67269,train,positive,0,0,0,0,0,0,0,0,0,0,0,0,0,0,0,0,0,0,0,0
sst2_03146,train_33311,test,positive,1,1,0,0,0,0,0,0,0,0,0,0,0,0,0,0,0,0,0,1
sst2_03151,train_36284,train,negative,0,0,0,0,1,1,0,1,0,1,1,1,0,0,0,1,0,0,0,1
sst2_03149,train_28040,train,positive,1,1,0,1,0,0,0,0,0,0,0,1,0,0,0,1,0,0,0,1
sst2_03152,train_7765,train,positive,1,1,1,0,0,0,0,0,0,0,0,0,0,0,0,1,0,1,0,0
sst2_03153,train_30809,train,negative,0,0,0,0,1,1,1,1,0,1,0,1,1,0,0,1,1,0,0,1
sst2_03154,train_49274,train,positive,1,1,1,1,0,0,0,0,0,0,0,1,0,0,0,1,1,0,0,1
sst2_03156,train_4706,train,positive,1,1,1,1,0,0,0,0,0,0,0,0,0,0,0,1,0,1,0,1
sst2_03155,train_50212,train,negative,0,0,0,0,1,1,1,1,0,0,1,1,1,0,0,1,0,0,0,1
sst2_03157,train_64756,train,negative,0,0,0,0,1,1,1,1,0,0,1,1,0,0,0,1,0,0,0,1
sst2_03158,train_12733,train,positive,1,1,1,1,0,0,0,0,0,0,0,0,0,0,0,1,0,1,0,1
sst2_03160,train_25908,train,negative,0,0,0,0,1,1,0,1,0,1,0,1,0,0,0,1,0,0,0,1
sst2_03159,train_66095,train,positive,1,1,0,1,0,0,0,0,0,0,0,0,0,0,0,0,0,0,0,1
sst2_03161,train_34046,train,positive,0,0,0,0,0,0,0,0,1,0,0,0,0,0,0,0,0,0,0,0
sst2_03162,train_10355,train,negative,0,0,0,0,0,0,0,0,0,0,0,0,0,0,0,0,0,0,0,0
sst2_03164,train_32608,train,negative,0,0,0,0,1,1,0,1,0,0,0,1,0,1,1,1,0,0,0,0
sst2_03163,train_32778,train,negative,0,0,0,0,1,1,0,1,0,0,0,1,0,0,0,1,0,0,0,1
sst2_03167,train_42903,test,positive,0,0,0,0,0,0,0,0,0,0,0,0,0,0,0,0,0,0,0,0
sst2_03166,train_47589,train,negative,0,0,0,0,1,1,1,1,0,0,0,1,0,0,0,1,0,0,0,1
sst2_03165,train_50674,train,positive,1,1,0,1,0,0,0,0,1,0,0,0,0,0,0,0,0,0,0,1
sst2_03168,train_22190,train,positive,1,1,0,1,0,0,0,0,0,0,0,0,0,0,0,0,0,0,0,0
sst2_03171,train_49039,train,positive,1,1,0,0,0,0,0,0,0,0,0,0,0,0,0,1,0,0,0,0
sst2_03170,train_57965,train,positive,1,1,0,1,0,0,0,0,1,0,1,1,0,0,0,1,0,0,0,1
sst2_03169,train_27162,test,negative,0,0,0,0,1,1,0,1,0,0,0,1,0,0,0,1,0,0,1,1
sst2_03172,train_23908,train,positive,1,1,0,1,0,0,0,0,0,0,1,1,0,0,0,1,0,0,0,1
sst2_03174,train_16689,test,positive,0,0,0,0,0,0,0,0,0,0,0,0,1,0,0,0,0,0,0,0
sst2_03173,train_61493,test,positive,1,1,0,1,0,0,0,0,1,0,0,1,0,0,0,1,0,0,0,1
sst2_03177,train_34958,train,positive,1,1,1,1,0,0,0,0,0,0,1,1,0,0,0,1,1,0,0,1
sst2_03176,train_36631,train,positive,1,1,1,0,0,0,0,0,0,0,0,1,0,0,0,1,1,0,0,1
sst2_03175,train_65130,train,positive,1,1,0,1,0,0,0,0,1,0,0,0,0,0,0,0,0,0,0,1
sst2_03178,train_22450,train,negative,0,0,0,0,1,1,1,1,0,0,0,1,0,0,0,1,0,0,0,1
sst2_03180,train_36536,train,positive,1,1,0,1,0,0,0,0,0,0,0,1,0,0,0,0,0,0,0,1
sst2_03179,train_3178,train,positive,1,1,0,1,0,0,0,0,0,0,0,0,0,0,0,1,0,0,0,1
sst2_03181,train_22532,test,negative,0,0,0,0,1,1,1,1,0,1,1,1,0,0,0,1,0,0,0,1
sst2_03182,train_43388,train,negative,0,0,0,0,1,1,1,0,0,0,1,1,0,0,0,1,0,0,0,1
sst2_03183,train_28444,train,negative,0,0,0,0,1,1,0,1,0,1,1,1,0,0,0,1,1,0,0,1
sst2_03184,train_39149,train,positive,1,1,0,0,0,0,0,0,1,0,0,0,0,0,0,1,0,0,0,1
sst2_03185,train_46641,train,positive,1,1,0,0,0,0,0,0,0,0,0,0,0,0,0,1,0,0,0,0
sst2_03187,train_44046,train,positive,0,0,0,0,0,0,0,0,0,0,0,0,0,0,0,0,0,0,0,0
sst2_03186,train_4756,train,negative,0,0,0,0,1,1,1,1,0,1,0,1,0,0,0,1,1,0,0,1
sst2_03189,train_38809,train,positive,0,0,0,0,0,0,0,0,0,0,0,0,0,0,0,0,0,0,0,0
sst2_03188,train_62569,train,positive,1,1,1,1,0,0,0,0,0,0,1,1,0,1,0,1,0,1,0,1
sst2_03190,train_49117,train,positive,1,1,0,1,0,0,0,0,0,0,0,1,0,0,0,0,0,0,0,1
sst2_03193,train_894,train,positive,1,0,0,0,0,0,0,0,0,0,0,0,0,0,0,1,0,0,0,0
sst2_03191,train_38559,test,negative,0,0,0,0,1,1,1,1,0,0,0,1,0,0,0,1,0,0,0,1
sst2_03192,train_19681,train,positive,1,1,0,1,0,0,0,0,1,0,0,1,0,0,0,1,0,0,0,1
sst2_03194,train_13869,train,positive,1,1,0,0,0,0,0,0,0,0,0,0,0,0,0,0,0,0,0,1
sst2_03195,train_13384,train,positive,0,0,0,0,0,0,0,0,0,0,1,0,0,0,0,0,0,0,0,0
sst2_03196,train_31201,train,positive,1,0,0,0,0,0,0,0,0,0,0,0,0,0,0,0,0,0,0,0
sst2_03197,train_36804,train,positive,1,1,0,1,0,0,0,0,1,0,0,1,0,0,0,1,0,0,0,1
sst2_03198,train_10000,train,positive,1,1,0,1,1,1,0,0,1,0,0,0,0,1,1,0,0,0,0,0
sst2_03200,train_11227,test,positive,1,1,0,1,1,0,0,0,0,0,0,1,0,1,0,1,0,0,0,1
sst2_03199,train_24433,train,positive,1,1,0,1,0,0,0,0,1,0,0,1,0,0,0,1,0,0,0,1
sst2_03202,train_41247,train,negative,0,0,0,0,1,1,0,1,0,1,0,1,0,0,0,1,0,0,0,1
sst2_03201,train_64284,train,positive,0,0,0,0,0,0,0,0,0,0,0,0,0,0,0,0,0,0,0,0
sst2_03203,train_27249,test,negative,0,0,0,0,1,1,0,1,0,0,1,1,0,0,0,1,0,0,1,1
sst2_03206,train_41900,train,positive,0,0,0,0,0,0,0,0,0,0,0,0,0,0,1,0,0,0,0,0
sst2_03205,train_4086,test,negative,0,0,0,0,1,1,0,1,0,1,0,1,0,0,0,1,0,0,0,1
sst2_03207,train_41470,train,negative,0,0,0,0,1,1,1,0,0,0,0,0,0,0,1,1,0,0,0,0
sst2_03204,train_16245,train,positive,0,0,0,0,1,1,0,0,0,0,1,1,0,0,0,1,0,0,0,1
sst2_03210,train_29720,test,positive,1,0,0,0,0,0,0,0,0,0,0,0,0,0,0,0,0,0,0,1
sst2_03208,train_36436,train,positive,1,1,1,0,1,0,0,0,0,0,0,1,0,1,0,1,0,1,0,1
sst2_03209,train_28014,train,negative,0,0,0,0,1,1,0,1,0,1,0,1,0,0,0,1,0,0,0,1
sst2_03211,train_57107,test,negative,0,0,0,0,1,1,1,1,0,0,0,0,0,0,0,1,0,0,0,1
sst2_03213,train_20112,train,negative,0,0,0,0,0,0,0,0,0,0,0,0,0,0,0,0,0,0,0,0
sst2_03215,train_28812,train,negative,0,0,0,0,1,1,0,0,0,0,0,1,0,0,0,1,1,0,0,1
sst2_03214,train_43957,train,positive,1,1,0,0,0,0,0,0,0,0,1,0,0,0,0,0,0,0,0,0
sst2_03212,train_16215,train,negative,0,0,0,0,1,1,0,1,0,0,0,1,0,0,0,1,0,0,0,1
sst2_03216,train_20788,train,positive,1,1,0,1,0,0,0,0,1,0,1,1,0,0,0,1,0,0,0,1
sst2_03217,train_39421,train,positive,1,1,1,1,0,0,0,0,0,0,1,1,0,0,0,1,0,1,0,1
sst2_03220,train_48031,train,negative,0,0,0,0,0,0,0,0,0,0,0,0,0,0,0,0,0,0,0,0
sst2_03219,train_50216,train,negative,0,0,0,0,1,1,0,0,0,1,0,0,0,0,1,1,0,0,0,0
sst2_03222,train_15749,train,positive,1,1,0,1,0,0,0,0,0,0,0,1,0,0,0,1,0,0,0,1
sst2_03218,train_38832,train,positive,1,1,0,1,0,0,0,0,0,0,1,1,0,0,0,1,0,0,0,1
sst2_03221,train_14760,train,positive,1,1,0,0,0,0,0,0,0,0,0,0,0,0,0,0,0,0,0,1
sst2_03223,train_51446,train,negative,0,0,0,0,1,1,0,1,0,0,0,1,0,0,0,1,0,0,0,1
sst2_03227,train_38109,train,positive,1,0,0,0,0,0,0,0,0,0,0,0,0,0,0,0,1,0,0,1
sst2_03224,train_16231,train,negative,0,0,0,0,1,1,1,0,0,0,1,0,1,1,0,1,0,0,0,0
sst2_03225,train_20419,train,positive,1,1,1,1,0,0,0,0,0,0,0,1,0,0,0,1,0,1,0,1
sst2_03228,train_36130,test,negative,0,0,0,0,1,1,0,0,0,0,0,1,0,1,1,1,0,0,0,0
sst2_03226,train_49606,train,positive,1,0,1,0,0,0,0,0,0,0,0,0,0,0,1,1,1,0,0,0
sst2_03229,train_56648,train,negative,0,0,0,0,1,1,1,1,0,1,1,1,0,1,0,1,0,0,0,1
sst2_03232,train_8874,train,positive,1,1,0,1,0,0,0,0,1,0,0,1,0,0,0,0,0,0,0,1
sst2_03230,train_31554,train,positive,1,1,1,1,1,1,0,0,0,0,0,1,0,1,0,1,0,1,0,1
sst2_03231,train_52287,train,positive,1,1,1,1,0,0,0,0,0,0,1,0,0,1,0,1,0,1,0,1
sst2_03234,train_30518,train,positive,1,1,0,1,0,0,0,0,0,0,1,1,0,1,0,0,0,0,0,1
sst2_03233,train_63380,train,positive,1,1,1,1,0,0,0,0,0,0,0,1,0,0,0,1,0,1,0,1
sst2_03235,validation_239,train,positive,1,1,0,1,0,0,0,0,0,0,0,1,0,0,0,1,0,0,0,1
sst2_03237,train_18421,train,positive,0,0,0,0,0,0,0,0,0,0,0,0,0,0,0,0,0,0,0,0
sst2_03236,train_14730,test,positive,1,1,1,0,0,0,0,0,0,0,0,1,0,0,0,1,0,1,0,1
sst2_03238,train_43734,train,negative,0,0,0,0,1,1,1,1,0,1,1,1,0,0,0,1,0,0,0,1
sst2_03240,train_7101,train,negative,0,0,0,0,0,0,0,0,0,0,0,0,0,0,1,0,0,0,0,0
sst2_03241,train_63701,train,negative,0,0,0,0,1,1,0,0,0,0,1,1,0,0,0,1,0,0,0,1
sst2_03242,train_30094,test,positive,0,0,0,0,0,0,0,0,0,0,1,0,0,0,1,0,0,0,0,0
sst2_03239,train_6837,train,positive,1,0,0,0,0,0,0,0,0,0,0,0,0,0,0,1,0,0,0,0
sst2_03243,train_38905,train,negative,0,0,0,0,1,1,0,1,0,0,1,1,0,0,0,1,1,0,0,1
sst2_03244,train_46736,train,positive,1,1,1,0,0,0,0,0,0,0,0,0,0,0,0,1,0,1,0,1
sst2_03245,train_10747,test,positive,1,1,0,1,0,0,0,0,0,0,0,1,0,0,0,1,0,0,0,1
sst2_03247,train_9304,train,negative,0,0,0,0,1,1,1,1,0,0,0,1,1,0,0,1,1,0,0,1
sst2_03246,train_17364,test,positive,1,1,0,1,0,0,0,0,0,0,0,1,0,0,0,1,0,0,0,1
sst2_03248,train_33588,train,positive,1,1,0,0,0,0,0,0,0,0,1,0,0,0,0,0,0,0,0,0
sst2_03249,train_13919,train,positive,1,1,0,0,0,0,0,0,0,0,0,0,0,0,0,1,0,1,0,1
sst2_03250,train_12819,train,positive,1,1,0,1,0,0,0,0,1,0,1,0,0,0,0,0,0,0,0,0
sst2_03251,train_12134,train,positive,1,1,0,0,0,0,0,0,0,0,0,0,0,0,0,1,0,1,0,0
sst2_03252,train_33611,train,negative,0,0,0,0,0,0,0,0,0,0,1,0,0,0,1,0,0,0,0,0
sst2_03254,train_42853,train,positive,1,1,0,0,0,0,0,0,1,0,0,0,0,0,0,1,0,0,0,1
sst2_03253,train_10436,train,negative,0,0,0,0,1,1,0,1,0,0,0,1,0,0,0,1,0,0,0,1
sst2_03256,train_18465,train,negative,0,0,0,0,1,1,0,1,0,1,0,1,0,0,0,1,0,0,0,1
sst2_03255,train_15252,train,positive,1,1,0,0,0,0,0,0,0,0,0,0,0,0,0,0,0,0,0,0
sst2_03257,train_47774,train,negative,0,0,0,0,1,0,0,0,0,0,0,0,0,0,0,1,0,0,0,0
sst2_03258,train_37802,train,negative,0,0,0,0,1,1,1,0,0,0,0,0,0,0,0,0,0,0,0,1
sst2_03259,train_55191,train,negative,0,0,0,0,1,1,0,1,0,1,0,1,0,0,0,1,0,0,0,1
sst2_03260,train_9132,train,negative,0,0,0,0,1,1,0,0,0,0,0,0,0,0,0,1,0,0,0,0
sst2_03261,train_12001,train,positive,1,0,1,0,0,0,0,0,0,0,0,0,0,0,0,1,1,0,0,1
sst2_03263,train_50623,test,positive,1,0,1,0,0,0,0,0,0,0,1,0,0,0,1,0,0,0,0,0
sst2_03264,train_48291,train,negative,0,0,0,0,0,0,0,0,0,0,0,0,0,0,0,0,0,0,0,0
sst2_03262,train_60420,train,positive,1,1,0,1,0,0,0,0,0,0,0,1,0,0,0,1,0,0,0,1
sst2_03266,train_38083,train,negative,0,0,0,0,1,1,1,1,0,0,0,1,1,0,0,1,0,0,0,1
sst2_03265,train_31689,train,positive,1,1,1,0,0,0,0,0,0,0,0,1,0,0,0,1,0,1,0,1
sst2_03269,train_39253,train,positive,1,1,0,1,0,0,0,0,0,0,0,1,0,0,0,1,0,0,0,1
sst2_03267,train_60905,train,positive,1,1,0,1,0,0,0,0,1,0,0,1,0,0,0,1,0,0,0,1
sst2_03268,train_39780,train,positive,1,1,1,1,0,1,1,0,1,0,1,0,0,1,0,1,0,0,0,0
sst2_03270,train_16029,train,positive,1,1,1,0,0,0,0,0,0,0,0,0,0,0,0,1,0,0,0,0
sst2_03272,train_55666,train,negative,0,0,0,0,1,1,0,1,0,1,0,1,0,0,0,1,0,0,0,1
sst2_03271,train_24557,test,negative,0,0,0,0,1,1,1,1,0,1,0,1,0,0,0,1,0,0,1,1
sst2_03274,train_20472,test,negative,0,0,0,0,1,1,0,1,0,1,0,1,0,0,0,1,0,0,0,1
sst2_03276,train_32283,train,positive,1,1,0,0,0,0,0,0,0,0,0,0,0,0,0,0,0,0,0,0
sst2_03273,train_15196,test,positive,1,1,0,1,0,0,0,0,0,0,0,1,0,0,0,1,0,0,0,1
sst2_03275,train_33630,train,positive,1,1,1,1,0,0,0,0,0,0,0,0,0,1,0,1,0,1,0,0
sst2_03278,train_16301,train,negative,0,0,0,0,1,1,0,1,0,1,0,1,0,0,0,0,0,0,0,1
sst2_03279,train_24241,test,negative,0,0,0,0,1,1,0,1,0,0,0,1,0,0,0,1,0,0,0,1
sst2_03280,train_44089,train,positive,0,0,0,0,1,1,1,1,0,0,0,1,1,0,0,1,0,0,0,1
sst2_03277,train_47487,train,negative,0,0,0,0,1,1,1,0,0,0,0,1,0,0,0,1,0,0,0,1
sst2_03281,train_62315,train,negative,0,0,0,0,1,1,0,1,0,0,0,1,0,0,0,1,0,0,0,1
sst2_03282,train_36899,train,positive,1,1,0,1,0,0,0,0,1,0,0,1,0,0,0,1,0,0,0,1
sst2_03284,train_54183,test,negative,0,0,0,0,1,1,0,1,0,0,0,1,0,0,0,1,1,0,0,1
sst2_03283,train_29956,test,negative,0,0,0,0,1,1,1,1,0,0,0,1,0,0,0,1,0,0,0,1
sst2_03285,train_54649,test,positive,1,1,0,1,0,0,0,0,1,0,0,0,0,1,0,1,0,0,0,1
sst2_03287,train_3343,train,negative,0,0,0,0,1,1,1,1,0,0,1,1,0,0,0,1,1,0,1,1
sst2_03286,train_35271,train,negative,0,0,0,0,1,1,1,1,0,0,1,1,0,1,0,1,0,0,0,1
sst2_03288,train_14311,train,positive,1,1,1,1,0,0,0,0,0,0,1,1,0,0,0,1,1,1,0,1
sst2_03289,train_27489,train,positive,0,1,0,1,0,0,0,0,0,0,0,1,0,0,0,1,0,0,0,1
sst2_03291,train_54201,train,positive,1,1,0,1,0,0,0,0,0,0,0,1,0,0,0,1,0,0,0,1
sst2_03292,train_5771,train,positive,0,0,0,0,0,0,0,0,0,0,0,0,0,0,0,1,0,0,0,0
sst2_03290,train_10891,train,negative,0,0,0,0,1,1,1,1,0,0,1,1,1,0,0,1,0,0,0,1
sst2_03293,train_52336,train,negative,0,0,0,0,1,1,0,1,0,0,0,1,0,0,0,1,0,0,1,1
sst2_03294,train_2882,train,negative,0,0,0,0,1,1,0,1,0,0,0,1,0,0,0,1,0,0,1,1
sst2_03296,train_9607,train,negative,0,0,0,0,1,1,0,1,0,0,0,1,0,1,0,1,0,0,0,1
sst2_03298,train_57744,test,positive,1,1,1,0,0,0,0,0,0,0,0,1,0,0,0,1,0,1,0,1
sst2_03295,train_14821,test,positive,1,1,0,1,0,0,0,0,1,0,0,0,0,0,0,0,0,0,0,1
sst2_03297,train_1962,test,negative,0,0,0,0,1,1,1,1,0,0,1,1,0,0,0,1,1,0,1,1
sst2_03299,train_44338,train,positive,1,0,0,0,0,0,0,0,0,0,0,0,0,0,1,1,0,0,0,0
sst2_03300,train_45789,test,positive,1,0,1,0,0,0,0,0,0,0,1,0,0,0,0,0,0,0,0,0
sst2_03304,train_32726,train,positive,0,0,0,0,0,0,0,0,0,0,1,0,0,1,1,0,0,0,0,0
sst2_03301,train_41567,train,negative,0,0,0,0,1,1,0,1,0,1,1,1,0,0,0,1,0,0,0,1
sst2_03303,train_17868,train,negative,0,0,0,0,1,1,1,0,0,0,1,0,0,1,1,0,0,0,0,0
sst2_03302,train_19525,train,negative,0,0,0,0,1,1,1,1,0,0,0,1,0,0,0,1,1,0,0,1
sst2_03305,train_22821,train,positive,1,1,1,0,0,0,0,0,0,0,0,0,0,0,0,1,0,0,0,0
sst2_03306,train_53200,train,positive,1,1,0,0,1,1,0,0,0,0,0,0,0,1,0,1,0,0,0,0
sst2_03307,train_16048,test,positive,1,1,1,0,0,0,0,0,0,0,0,0,0,0,0,1,0,0,0,1
sst2_03309,train_2352,train,negative,0,0,0,0,1,1,0,1,0,1,0,1,0,0,0,1,0,0,0,1
sst2_03308,train_2104,train,negative,0,1,0,1,1,1,1,1,0,1,0,1,0,1,0,1,0,0,0,1
sst2_03310,train_66407,train,positive,1,0,0,0,0,0,0,0,0,0,0,0,0,0,0,0,0,1,0,1
sst2_03311,train_31741,test,positive,1,0,1,0,0,0,0,0,0,0,0,0,0,1,1,0,0,0,0,0
sst2_03312,train_2731,train,positive,0,0,0,0,0,0,0,0,0,0,0,0,0,0,0,0,0,0,0,0
sst2_03313,train_18409,train,negative,0,0,0,0,1,1,0,1,0,0,0,1,0,0,0,1,0,0,0,1
sst2_03315,train_9983,train,positive,0,1,0,1,0,0,0,0,0,0,0,0,0,0,0,1,0,0,0,0
sst2_03317,train_42504,train,positive,1,1,1,1,0,0,0,0,0,0,0,1,0,0,0,1,0,0,0,1
sst2_03314,train_26454,train,positive,1,1,0,0,0,0,0,0,0,0,0,0,0,0,0,1,0,0,0,0
sst2_03318,train_3307,train,negative,0,0,0,0,1,1,1,0,0,0,1,1,0,0,0,1,0,0,0,1
sst2_03316,train_44337,train,positive,1,1,0,0,0,0,0,0,1,0,0,0,0,0,0,1,0,0,0,1
sst2_03322,train_31017,train,positive,0,0,0,0,0,0,0,0,0,0,0,0,0,0,0,0,0,0,0,0
sst2_03321,train_57545,test,negative,0,0,0,0,0,0,0,0,0,0,0,0,0,0,1,0,0,0,0,0
sst2_03320,train_49081,train,positive,1,1,1,0,0,0,0,0,0,0,1,1,0,0,0,1,0,0,0,1
sst2_03324,train_27473,train,negative,1,1,0,0,1,0,1,0,0,0,0,1,0,1,0,1,0,0,0,1
sst2_03319,train_64102,train,negative,0,0,0,0,1,1,0,0,0,0,1,1,0,0,0,1,0,0,0,1
sst2_03325,train_7597,train,positive,0,0,1,0,0,0,0,0,0,0,0,0,0,0,0,0,0,0,0,0
sst2_03323,train_26240,train,positive,1,1,0,1,0,0,0,0,1,0,0,1,0,0,0,1,0,0,0,1
sst2_03326,train_5346,train,positive,1,1,1,0,0,0,0,0,0,0,1,1,0,0,0,1,0,1,0,1
sst2_03328,train_32796,train,negative,0,0,0,0,1,1,0,1,0,1,0,1,0,0,0,1,0,0,0,1
sst2_03329,train_45404,train,positive,1,1,1,1,0,0,0,0,0,0,0,0,0,0,0,1,0,0,0,1
sst2_03330,train_60971,train,positive,0,0,0,0,0,0,0,0,0,0,0,0,0,0,0,0,0,0,0,0
sst2_03327,train_46387,train,negative,0,0,0,0,1,1,0,1,0,0,1,1,0,0,0,1,0,0,0,1
sst2_03331,train_26702,test,positive,1,1,0,0,0,0,0,0,0,0,1,0,0,0,0,0,0,0,0,0
sst2_03333,train_9253,train,negative,0,0,0,0,0,0,0,0,0,0,0,0,0,0,0,0,0,0,0,0
sst2_03335,train_36299,train,positive,0,0,0,0,0,0,0,0,0,0,0,0,0,0,0,0,0,0,0,0
sst2_03332,train_45423,train,negative,0,0,0,0,1,1,0,0,0,0,1,1,1,0,0,1,0,0,0,1
sst2_03334,train_35786,train,negative,0,0,0,0,1,1,1,1,0,0,1,1,1,1,0,1,1,0,0,1
sst2_03336,train_43305,train,positive,1,1,1,0,0,0,0,0,0,0,0,0,0,0,0,1,0,0,0,0
sst2_03337,train_23398,test,positive,1,1,0,1,0,0,0,0,0,0,0,0,0,0,0,0,0,0,0,1
sst2_03339,train_6675,train,positive,1,1,1,0,0,0,0,0,0,0,0,0,0,0,0,1,0,1,0,0
sst2_03338,train_13908,train,positive,1,1,0,0,0,0,0,0,0,0,0,1,0,0,0,1,0,0,0,1
sst2_03340,train_9117,train,positive,1,1,0,0,0,0,0,0,0,0,0,0,0,0,0,1,0,0,0,0
sst2_03341,train_20705,train,positive,1,1,1,1,0,0,0,0,0,0,0,1,0,0,0,1,0,1,0,1
sst2_03342,train_3691,train,positive,1,1,1,1,0,0,0,0,1,0,1,1,0,0,0,1,0,1,0,1
sst2_03343,train_42169,train,positive,1,1,0,0,0,0,0,0,0,0,1,1,0,0,0,1,0,0,0,1
sst2_03345,train_40438,test,negative,0,0,0,0,1,1,0,0,0,0,0,1,0,0,0,1,0,0,0,1
sst2_03344,train_40006,train,negative,0,0,0,0,1,1,0,0,0,0,0,1,1,0,0,1,0,0,0,1
sst2_03347,train_51909,train,positive,1,0,0,0,0,0,0,0,0,0,0,0,0,0,0,1,0,0,0,0
sst2_03348,train_11877,train,positive,1,1,0,1,0,0,0,0,1,0,0,1,0,0,0,1,0,0,0,1
sst2_03346,train_18729,train,positive,1,1,0,1,0,0,0,0,1,0,0,1,0,0,0,1,0,0,0,1
sst2_03349,train_21545,test,negative,0,0,0,0,1,1,0,1,0,1,0,1,0,0,0,1,0,0,0,1
sst2_03350,train_45661,train,positive,0,0,0,0,0,0,0,0,0,0,0,0,0,0,1,0,0,0,0,0
sst2_03351,train_55580,train,negative,0,0,0,0,1,1,0,1,0,0,1,1,0,0,0,1,0,0,0,1
sst2_03354,train_38614,train,positive,1,1,1,1,0,0,0,0,0,0,0,1,0,0,0,1,0,1,0,1
sst2_03352,train_39521,test,negative,0,0,0,0,1,1,0,1,0,0,0,1,0,0,0,1,0,0,1,1
sst2_03355,train_48251,train,negative,0,0,0,0,1,1,0,0,0,1,0,0,0,0,0,1,0,0,0,1
sst2_03356,train_3724,train,negative,0,0,0,0,1,1,0,1,0,0,0,1,0,0,0,1,1,0,0,1
sst2_03357,train_47764,train,positive,0,0,0,0,0,0,0,0,0,0,0,0,0,0,0,0,0,0,0,0
sst2_03353,train_24494,train,positive,1,1,0,1,0,0,0,0,0,0,0,1,0,0,0,1,0,0,0,1
sst2_03358,train_62209,test,positive,1,1,0,1,0,0,0,0,1,0,0,1,0,0,0,0,0,0,0,1
sst2_03360,train_35228,train,positive,1,1,1,0,0,0,0,0,0,0,0,1,0,0,0,1,0,1,0,1
sst2_03363,train_63064,train,positive,0,0,0,0,0,0,0,0,0,0,0,0,0,0,0,0,0,0,0,0
sst2_03361,train_37741,train,negative,0,0,0,0,1,1,0,0,0,0,0,1,0,0,0,1,0,0,0,1
sst2_03359,train_40762,train,positive,0,0,0,0,0,0,0,0,0,0,0,0,0,0,1,0,0,0,0,0
sst2_03362,train_37593,train,negative,0,0,0,0,1,1,1,1,0,0,1,1,0,0,0,1,1,0,0,1
sst2_03364,train_28457,test,positive,1,1,1,1,0,0,0,0,1,0,0,1,0,0,0,1,0,1,0,1
sst2_03365,train_37888,train,negative,0,0,0,0,1,1,1,1,0,0,0,1,0,0,0,1,0,0,0,1
sst2_03366,train_65863,test,negative,0,0,0,0,1,1,0,1,0,0,0,1,0,0,0,1,0,0,0,1
sst2_03367,train_55855,train,positive,1,0,0,0,0,0,0,0,0,0,1,0,0,1,1,0,0,0,0,0
sst2_03368,train_34812,test,positive,1,1,0,1,0,0,0,0,0,0,1,1,0,0,0,1,0,0,0,1
sst2_03369,train_13992,train,negative,0,0,0,0,1,1,1,1,0,1,1,1,0,0,0,1,0,0,0,1
sst2_03370,train_31102,test,negative,0,0,0,0,1,1,1,0,0,0,1,1,0,0,0,1,0,0,0,1
sst2_03371,validation_303,test,positive,1,1,1,0,0,0,0,0,0,0,0,0,0,0,0,1,0,1,0,1
sst2_03373,train_36463,train,positive,1,1,0,1,0,0,0,0,1,0,1,1,0,0,0,1,0,0,0,1
sst2_03372,train_22254,train,positive,1,1,0,1,0,0,0,0,0,0,1,1,0,0,0,1,0,0,0,1
sst2_03375,train_7465,train,negative,0,0,0,0,1,1,1,1,0,1,1,1,0,0,0,1,1,0,0,1
sst2_03374,train_35042,train,negative,0,0,0,0,1,1,1,0,0,0,0,1,1,1,0,1,0,0,0,1
sst2_03376,train_35496,test,positive,1,1,0,1,0,0,0,0,0,0,1,1,0,0,0,1,0,0,0,1
sst2_03377,train_65495,test,negative,0,0,0,0,1,1,0,1,0,0,0,1,0,0,0,1,0,0,1,1
sst2_03378,train_44408,train,negative,0,0,0,0,1,0,0,0,0,0,0,1,0,0,0,1,0,0,0,1
sst2_03380,train_16718,train,negative,0,0,0,0,1,1,0,1,0,0,0,1,0,0,0,1,0,0,0,1
sst2_03379,train_65506,train,positive,1,1,0,1,0,0,0,0,0,0,1,1,0,0,0,1,0,0,0,1
sst2_03381,validation_253,train,negative,0,0,0,0,1,1,0,1,0,1,0,1,1,0,0,1,1,0,0,1
sst2_03382,train_44389,test,negative,0,0,0,0,1,1,0,1,0,0,0,1,0,0,0,1,0,0,0,1
sst2_03384,train_16452,train,positive,1,1,0,1,0,0,0,0,0,0,1,1,0,1,0,1,0,1,0,1
sst2_03385,train_60368,train,positive,1,1,0,1,0,0,0,0,1,0,0,1,0,0,0,1,0,0,0,1
sst2_03387,train_18235,test,positive,1,1,0,1,0,0,0,0,0,0,0,1,0,0,0,1,0,0,0,1
sst2_03386,train_10255,test,positive,1,1,1,1,0,0,0,0,0,0,1,1,0,0,0,1,1,1,0,1
sst2_03383,train_4244,train,negative,0,0,0,0,1,1,0,0,0,0,1,1,1,0,0,1,0,0,0,1
sst2_03388,train_58870,test,negative,0,0,0,0,1,1,1,1,0,0,1,1,1,1,0,1,0,0,0,1
sst2_03389,train_4232,train,negative,0,0,0,0,0,0,0,0,0,0,0,0,0,0,0,0,0,0,0,0
sst2_03390,train_25902,train,positive,1,1,0,1,0,0,0,0,0,0,0,1,0,0,0,1,0,1,0,1
sst2_03391,train_22110,train,negative,0,0,0,0,1,1,1,1,0,1,0,1,0,0,0,1,1,0,0,1
sst2_03392,train_8747,train,positive,1,1,1,0,0,0,0,0,1,0,0,0,0,0,0,1,0,1,0,1
sst2_03393,train_26500,train,negative,0,0,0,0,0,0,0,0,0,0,1,0,0,0,0,0,0,0,0,0
sst2_03394,train_22709,test,positive,1,1,0,1,0,0,0,0,1,0,1,1,0,0,0,1,0,0,0,1
sst2_03395,train_46121,test,negative,0,0,0,0,1,1,1,1,0,0,0,1,0,0,0,1,1,0,0,1
sst2_03396,train_25729,train,negative,0,0,0,0,0,0,0,0,0,0,0,0,0,0,1,0,0,0,0,0
sst2_03397,train_58603,train,negative,0,0,0,0,1,1,1,1,0,0,1,1,0,0,0,1,0,0,0,1
sst2_03399,train_42034,test,negative,0,0,0,0,1,1,1,1,0,1,0,1,0,1,0,1,1,0,0,1
sst2_03400,train_42545,test,negative,0,0,0,0,1,1,0,0,0,0,0,0,0,0,0,1,0,0,0,1
sst2_03401,train_41174,train,negative,0,0,0,0,0,0,0,0,0,0,1,0,0,0,1,0,0,0,0,0
sst2_03403,train_37297,train,negative,0,0,0,0,1,1,0,0,0,0,0,1,0,0,0,1,0,0,0,1
sst2_03402,train_20576,train,positive,1,1,0,1,0,0,0,0,1,0,0,1,0,0,0,1,0,0,0,1
sst2_03398,train_31006,train,positive,1,1,1,0,0,0,0,0,0,0,0,1,0,0,0,1,0,0,0,1
sst2_03405,train_57698,train,positive,1,1,0,1,0,0,0,0,0,0,0,0,0,0,0,0,0,0,0,1
sst2_03406,train_10646,train,positive,1,1,0,0,0,0,0,0,0,0,0,1,0,0,0,1,0,0,0,1
sst2_03404,train_43440,train,positive,1,1,0,1,0,0,0,0,0,0,0,1,0,0,0,1,0,0,0,1
sst2_03407,train_49259,test,negative,0,0,0,0,1,1,0,0,0,1,0,1,0,0,0,1,0,0,0,1
sst2_03408,train_39273,test,negative,0,0,0,0,0,0,0,0,0,0,1,0,0,0,0,0,0,0,0,0
sst2_03409,train_28419,test,positive,1,1,0,0,0,1,0,0,0,0,1,0,0,1,0,0,0,0,0,1
sst2_03411,train_55728,train,positive,0,0,0,0,0,0,0,0,0,0,0,0,0,0,0,0,0,0,0,0
sst2_03410,train_61885,test,positive,1,1,1,1,0,0,0,0,0,0,1,1,0,0,0,1,1,1,0,1
sst2_03412,train_7380,test,positive,1,1,0,0,0,0,0,0,0,0,1,0,0,0,0,0,0,0,0,1
sst2_03413,train_31041,train,negative,0,0,0,0,1,1,0,1,0,1,0,1,0,0,0,1,0,0,0,1
sst2_03414,train_2251,train,negative,0,0,0,0,1,1,0,1,0,1,0,1,0,0,0,1,0,0,0,1
sst2_03415,train_11675,train,positive,1,1,0,1,0,0,0,0,0,0,1,0,0,0,0,0,0,0,0,1
sst2_03416,train_46220,train,negative,0,0,0,0,1,1,1,1,0,1,0,1,1,1,0,1,1,0,0,1
sst2_03417,train_39872,test,positive,1,1,0,1,0,0,0,0,0,0,0,1,0,0,0,1,0,0,0,1
sst2_03418,train_16757,train,positive,1,1,0,0,0,0,0,0,0,0,0,1,0,0,0,1,0,0,0,1
sst2_03420,train_67301,train,negative,0,0,0,0,1,1,0,0,0,0,0,0,0,0,0,1,0,0,0,0
sst2_03421,train_7088,test,positive,1,1,0,0,0,0,0,0,0,0,1,0,0,0,0,0,0,0,0,0
sst2_03419,train_7245,train,positive,0,0,0,0,0,0,0,0,0,0,1,0,0,0,0,1,0,0,0,0
sst2_03422,train_8035,train,negative,0,0,0,0,1,1,1,1,0,0,0,1,0,0,0,1,1,0,1,1
sst2_03423,train_42264,train,negative,0,0,0,0,1,0,0,0,0,0,0,0,0,0,0,1,0,0,0,0
sst2_03424,train_47874,train,negative,0,0,0,0,1,1,1,1,0,0,1,1,0,1,0,1,0,0,0,1
sst2_03425,train_20855,test,negative,0,0,0,0,1,1,1,1,0,0,0,1,0,0,0,1,1,0,1,1
sst2_03426,train_30935,train,negative,0,0,0,0,1,1,0,1,0,0,0,1,0,0,0,1,0,0,1,1
sst2_03427,train_34404,train,positive,1,1,0,1,0,0,0,0,1,0,0,1,0,1,0,1,0,0,0,1
sst2_03428,train_9346,train,positive,1,1,0,0,0,0,0,0,0,0,0,1,0,0,0,1,0,0,0,1
sst2_03429,train_48851,test,positive,1,1,0,1,0,1,0,0,0,0,1,1,0,1,0,1,0,0,0,1
sst2_03431,train_22050,train,negative,0,0,0,0,1,1,0,0,0,0,0,1,0,0,0,1,0,0,0,1
sst2_03430,train_27018,test,negative,0,0,0,0,1,1,0,1,0,1,0,1,0,0,0,1,0,0,0,1
sst2_03433,train_51751,train,positive,1,1,1,0,0,0,0,0,0,0,1,1,0,0,0,1,0,0,0,1
sst2_03435,train_52216,train,negative,0,0,0,0,0,0,0,0,0,0,1,0,0,0,0,0,0,0,0,0
sst2_03432,train_32260,train,negative,0,0,0,0,1,1,0,1,0,0,0,1,0,0,0,1,0,0,0,1
sst2_03436,train_5608,train,positive,1,1,1,1,0,0,0,0,0,0,0,1,0,0,0,1,0,1,0,1
sst2_03434,train_63972,train,positive,1,1,1,1,0,0,0,0,0,0,0,1,0,0,0,1,0,1,0,1
sst2_03437,train_32643,train,positive,1,1,1,0,0,0,0,0,1,0,0,0,0,0,0,1,0,1,0,0
sst2_03438,train_19663,train,negative,0,0,0,0,1,1,0,1,0,0,0,1,0,0,0,1,0,0,1,1
sst2_03439,train_44311,train,negative,0,0,0,0,1,1,0,1,0,0,0,1,0,0,0,1,0,0,0,1
sst2_03440,train_38404,train,negative,0,0,0,0,1,1,1,1,0,1,0,1,0,0,0,1,0,0,0,1
sst2_03441,train_65368,train,negative,0,0,0,0,1,1,1,0,0,1,1,1,0,1,0,1,0,0,0,1
sst2_03442,train_47602,train,positive,1,1,0,0,0,0,0,0,0,0,0,0,0,0,0,1,0,1,0,0
sst2_03444,train_29501,train,negative,0,0,0,0,1,1,0,1,0,0,0,1,0,0,0,1,0,0,1,1
sst2_03443,train_9605,train,negative,0,0,0,0,1,1,1,1,0,0,0,1,0,0,0,1,1,0,1,1
sst2_03446,train_56463,train,positive,1,1,0,0,0,0,0,0,0,0,0,1,0,0,0,1,0,0,0,1
sst2_03445,train_62878,train,negative,0,0,0,0,1,1,1,1,0,0,0,1,0,0,0,1,0,0,0,1
sst2_03447,train_41901,train,negative,0,0,0,0,1,1,1,1,0,1,1,1,0,1,0,1,0,0,1,1
sst2_03448,train_11956,test,positive,1,1,1,0,0,0,0,0,0,0,0,1,0,0,0,1,0,1,0,1
sst2_03449,train_65533,test,negative,0,0,0,0,1,0,0,0,0,0,0,0,0,0,0,1,0,0,0,0
sst2_03450,train_28250,train,positive,1,1,0,1,0,0,0,0,1,0,0,1,0,0,0,0,0,0,0,1
sst2_03451,train_47084,train,positive,1,1,0,1,0,0,0,0,0,0,0,1,0,0,0,1,0,0,0,1
sst2_03452,train_49880,test,positive,1,1,1,0,0,0,0,0,0,0,0,0,0,0,0,1,0,0,0,0
sst2_03453,train_61792,train,positive,1,1,1,0,0,1,0,0,0,0,0,0,0,1,1,1,0,1,0,0
sst2_03454,train_8897,train,positive,1,1,0,1,0,0,0,0,0,0,0,1,0,0,0,1,0,0,0,1
sst2_03455,train_34615,train,positive,1,1,0,1,0,0,0,0,0,0,0,1,0,0,0,1,1,0,0,1
sst2_03456,train_2665,test,negative,0,0,0,0,0,0,0,0,0,0,0,0,0,0,1,0,0,0,0,0
sst2_03457,train_38959,train,positive,1,1,0,0,0,0,0,0,0,0,0,0,0,0,0,1,0,0,0,0
sst2_03458,train_11471,train,positive,0,0,0,0,0,0,0,0,0,0,0,0,0,0,0,0,0,0,0,0
sst2_03459,train_15464,train,negative,0,0,0,0,1,1,0,1,0,0,0,1,0,0,0,1,0,0,0,1
sst2_03460,train_54824,test,negative,0,0,0,0,1,1,0,1,0,0,0,1,0,0,0,1,0,0,1,1
sst2_03461,train_61084,train,positive,0,0,0,0,0,0,0,0,0,0,0,0,0,0,1,0,0,0,0,0
sst2_03462,train_47410,train,positive,1,1,1,1,0,0,0,0,0,0,0,1,0,0,0,1,0,1,0,1
sst2_03464,train_53664,train,negative,0,0,0,0,1,1,0,0,0,0,0,1,0,0,0,1,0,0,0,1
sst2_03463,train_5056,train,negative,0,0,0,0,1,1,0,1,0,1,1,1,0,0,0,1,0,0,0,1
sst2_03466,train_12157,train,positive,0,0,0,0,0,0,0,0,0,0,0,0,0,0,0,0,0,0,0,0
sst2_03465,train_16534,train,negative,0,0,0,0,0,0,0,0,0,0,0,0,0,0,0,0,0,0,0,0
sst2_03467,train_59048,train,positive,1,1,1,1,0,0,0,0,0,0,0,1,0,0,0,1,0,1,0,1
sst2_03468,train_44206,train,negative,0,0,0,0,1,1,0,1,0,0,0,1,0,0,0,1,0,0,0,1
sst2_03469,train_34240,train,positive,1,1,1,1,0,0,0,0,0,0,0,0,0,0,0,0,0,1,0,1
sst2_03470,train_35115,train,negative,0,0,0,0,1,1,0,1,0,0,1,1,1,0,0,1,0,0,0,1
sst2_03471,train_27138,train,positive,1,1,0,1,0,0,0,0,1,0,0,1,0,0,0,1,0,0,0,1
sst2_03472,validation_525,test,positive,1,1,1,1,0,0,0,0,0,0,0,1,0,0,0,1,0,1,0,1
sst2_03475,train_26735,train,positive,1,0,0,0,0,0,0,0,0,0,0,0,0,0,0,1,0,0,0,0
sst2_03473,train_65288,train,positive,1,0,1,0,0,0,0,0,0,0,0,0,0,0,0,0,0,0,0,0
sst2_03474,train_58412,train,negative,0,0,0,0,1,1,1,1,0,0,1,1,0,0,0,1,0,0,0,1
sst2_03476,train_9666,train,positive,1,0,0,0,0,0,0,0,0,0,0,0,0,0,0,1,0,0,0,0
sst2_03477,train_1093,train,positive,0,0,0,0,0,0,0,0,0,0,0,0,0,0,0,0,0,0,0,0
sst2_03478,train_42893,train,negative,0,0,0,0,1,1,0,1,0,0,1,1,0,0,0,1,0,0,0,1
sst2_03479,train_43109,train,negative,0,0,0,0,1,1,0,1,0,0,0,1,0,0,0,1,0,0,0,1
sst2_03482,train_65829,train,positive,1,0,0,0,0,0,0,0,0,0,0,0,0,0,1,0,0,0,0,0
sst2_03481,train_13358,train,negative,0,0,0,0,0,1,0,0,0,1,0,0,0,0,0,0,0,0,0,0
sst2_03480,train_50161,train,negative,0,0,0,0,1,1,1,1,0,0,1,1,0,0,0,1,0,0,0,1
sst2_03483,train_25802,train,positive,1,1,0,1,0,0,0,0,0,0,0,0,0,0,0,0,0,0,0,1
sst2_03484,train_52477,test,positive,1,0,0,0,0,0,0,0,0,0,1,0,0,0,1,1,0,0,0,0
sst2_03485,train_26726,train,negative,0,0,0,0,1,1,1,1,0,1,0,1,0,0,0,1,0,0,0,1
sst2_03486,train_17117,train,positive,0,0,0,0,0,0,0,0,0,0,0,1,1,1,0,1,0,0,0,1
sst2_03487,train_9364,train,positive,1,1,0,1,0,0,0,0,0,0,0,0,0,0,0,1,0,0,0,0
sst2_03488,train_54611,train,positive,0,0,0,0,0,0,0,0,0,0,1,0,0,0,0,0,0,0,0,0
sst2_03489,train_23798,train,positive,1,1,0,0,1,0,0,0,0,0,1,0,0,1,0,1,0,0,0,0
sst2_03490,train_28475,train,positive,1,1,1,1,0,0,0,0,1,0,0,1,0,0,0,1,0,1,0,1
sst2_03491,train_20046,train,negative,0,0,0,0,1,1,1,1,0,0,1,1,0,1,0,1,0,0,0,1
sst2_03493,train_1977,train,negative,0,0,0,0,1,1,1,1,0,0,1,1,1,0,0,1,0,0,0,1
sst2_03494,train_19957,test,positive,1,1,1,1,0,0,0,0,0,0,0,1,0,0,0,1,0,1,0,1
sst2_03495,train_49432,train,positive,0,0,0,0,0,0,0,0,0,0,0,0,0,0,1,0,0,0,0,0
sst2_03492,train_51652,test,positive,1,0,0,0,0,0,0,0,0,0,0,0,0,0,0,1,0,0,0,0
sst2_03497,train_16450,train,positive,0,0,0,0,0,0,0,0,0,0,0,0,0,0,0,1,0,0,0,0
sst2_03496,train_60737,train,positive,1,1,0,1,0,0,0,0,0,0,0,1,0,0,0,1,0,0,0,1
sst2_03498,train_23300,train,negative,0,0,0,0,1,1,0,1,0,1,0,1,0,0,0,1,0,0,0,1
sst2_03499,train_29247,test,positive,1,1,1,1,0,0,0,0,0,0,1,1,0,0,0,1,1,1,0,1
sst2_03500,train_24423,train,positive,1,1,1,0,0,0,0,0,0,0,0,1,0,0,0,1,1,0,0,1
sst2_03502,train_64657,train,negative,0,0,0,0,1,1,0,0,0,1,0,1,0,0,0,1,0,0,0,1
sst2_03501,train_47141,train,negative,0,1,0,0,0,1,1,0,0,0,1,0,0,1,0,0,0,0,0,0
sst2_03503,train_39927,test,positive,1,1,0,0,0,1,0,1,1,0,0,1,0,1,0,1,0,0,0,1
sst2_03505,train_12573,train,positive,0,1,0,1,0,1,0,0,0,0,0,1,0,1,0,1,0,0,0,1
sst2_03504,train_4894,train,positive,1,1,0,0,0,0,0,0,1,0,0,0,0,0,0,1,0,1,0,1
sst2_03506,train_62886,train,negative,0,0,0,0,1,1,0,0,0,0,0,1,0,0,0,1,0,0,0,1
sst2_03508,train_48202,test,positive,1,1,0,0,0,0,0,0,0,0,0,0,0,0,0,1,0,0,0,0
sst2_03509,train_27125,train,positive,1,1,0,0,0,0,0,0,0,0,0,1,0,0,0,1,0,0,0,1
sst2_03507,train_65784,train,negative,0,0,0,0,1,1,0,1,0,0,0,1,0,0,0,1,0,0,0,1
sst2_03510,train_53855,train,positive,1,1,1,0,0,0,0,0,0,0,1,1,0,1,0,1,0,1,0,1
sst2_03511,train_15036,test,positive,1,1,0,0,0,0,0,0,0,0,0,0,0,0,0,1,0,0,0,0
sst2_03513,train_18347,test,positive,1,1,0,0,0,0,0,0,0,0,0,0,0,0,0,1,0,0,0,0
sst2_03512,train_66224,train,positive,0,0,0,0,1,0,0,0,0,0,0,1,0,0,0,1,0,0,0,1
sst2_03515,train_43944,test,negative,0,0,0,0,1,1,1,1,0,1,1,1,1,0,0,1,1,0,1,1
sst2_03516,train_11575,train,positive,1,0,0,0,0,0,0,0,0,0,0,1,0,0,0,1,0,0,0,1
sst2_03514,train_47130,test,positive,1,1,0,1,0,0,0,0,1,0,0,0,0,0,0,1,0,0,0,0
sst2_03517,train_44284,test,positive,1,1,0,1,0,0,0,0,1,0,0,0,0,0,0,1,0,0,0,1
sst2_03520,train_49741,train,negative,0,0,0,0,0,0,0,0,0,0,0,0,0,0,0,0,0,0,0,0
sst2_03519,train_2585,train,negative,0,0,0,0,1,1,0,0,0,0,1,0,1,0,1,1,1,0,0,0
sst2_03518,train_60034,train,negative,0,0,0,0,1,1,0,1,0,1,0,1,0,0,0,1,0,0,0,1
sst2_03522,train_893,test,positive,1,1,0,1,0,0,0,0,1,0,1,1,0,0,0,1,0,0,0,1
sst2_03521,train_44752,train,positive,1,1,0,0,0,0,0,0,0,0,0,1,0,0,0,1,0,0,0,1
sst2_03523,train_61133,train,positive,1,1,0,0,0,0,0,0,0,0,0,1,0,0,0,0,0,0,0,1
sst2_03524,train_17548,train,positive,1,1,0,0,0,0,0,0,0,0,0,0,0,0,0,1,0,0,0,0
sst2_03525,train_58940,train,negative,0,0,0,0,1,1,0,1,0,1,1,1,0,0,0,1,0,0,1,1
sst2_03526,train_9222,train,positive,1,1,1,0,0,0,0,0,0,0,0,0,0,0,0,1,0,1,0,0
sst2_03529,train_28384,train,positive,0,0,0,0,0,0,0,0,0,0,0,0,0,0,0,0,0,0,0,0
sst2_03527,train_39550,train,negative,0,0,0,0,1,1,0,0,0,0,0,1,1,0,0,1,1,0,0,1
sst2_03528,train_21335,train,negative,0,0,0,0,1,1,1,1,0,1,0,1,0,1,0,1,0,0,0,1
sst2_03530,train_17324,test,negative,0,0,0,0,1,1,0,1,0,1,1,1,0,0,0,1,0,0,0,1
sst2_03532,train_10292,train,positive,0,0,0,0,0,0,0,0,0,0,0,0,0,0,0,0,0,0,0,0
sst2_03531,train_19545,train,negative,0,0,0,0,1,1,0,1,0,1,0,1,0,0,0,1,0,0,0,1
sst2_03533,train_59608,train,negative,0,0,0,0,0,0,0,0,0,0,0,0,0,0,0,0,0,0,0,0
sst2_03534,train_49114,test,positive,1,1,0,1,0,0,0,0,0,0,0,1,0,0,0,1,0,0,0,1
sst2_03535,train_4344,train,negative,0,0,0,0,1,1,1,1,0,1,0,1,0,0,0,1,1,0,0,1
sst2_03536,train_48400,test,positive,1,1,0,1,0,0,0,0,1,0,1,1,0,0,0,1,0,0,0,1
sst2_03538,train_29677,train,negative,0,0,0,0,1,1,0,1,0,1,0,1,0,0,0,1,0,0,0,1
sst2_03537,train_17310,train,negative,0,0,0,0,1,1,1,1,0,0,1,1,1,0,0,1,0,0,0,1
sst2_03539,train_51186,train,negative,0,0,0,0,1,1,1,1,0,0,0,1,0,0,0,1,1,0,1,1
sst2_03541,train_20178,train,positive,1,1,0,1,0,0,0,0,0,0,1,1,0,0,0,1,0,0,0,1
sst2_03540,train_13474,train,positive,1,1,1,0,0,0,0,0,0,0,0,0,0,0,0,0,0,1,0,0
sst2_03543,train_43278,train,positive,0,0,0,0,0,0,0,0,0,0,0,0,0,0,0,0,0,0,0,0
sst2_03542,train_19928,train,positive,0,0,0,0,0,0,0,0,0,0,0,0,0,0,0,0,0,0,0,0
sst2_03544,train_63137,test,negative,0,0,0,0,1,1,0,1,0,0,0,0,0,0,1,1,0,0,0,0
sst2_03545,train_63479,train,negative,0,0,0,0,1,1,0,0,0,0,0,1,0,0,0,1,0,0,0,1
sst2_03546,train_41317,train,positive,1,1,1,1,0,0,0,0,0,0,0,1,0,0,0,1,0,1,0,1
sst2_03548,train_35281,test,positive,0,0,0,0,0,0,0,0,0,0,1,0,0,0,0,0,0,0,0,0
sst2_03549,train_15801,train,positive,1,1,1,1,0,0,0,0,0,0,1,1,0,0,0,1,1,1,0,1
sst2_03547,train_23515,test,positive,1,1,1,1,0,0,0,0,1,0,1,1,0,0,0,1,0,1,0,1
sst2_03550,train_18884,test,positive,1,1,0,1,0,0,0,0,1,0,0,1,0,0,0,1,0,0,0,1
sst2_03551,train_11133,train,negative,0,0,0,0,1,0,0,0,0,0,0,0,0,0,0,1,0,0,0,0
sst2_03552,train_22439,train,negative,0,0,0,0,1,1,0,1,0,0,0,1,0,0,0,1,0,0,0,1
sst2_03553,train_5921,train,negative,0,0,0,0,0,0,0,0,0,0,1,0,0,0,0,0,0,0,0,0
sst2_03554,train_34869,train,negative,0,0,0,0,1,1,0,0,0,0,0,1,0,0,0,1,0,0,1,1
sst2_03557,train_17903,train,positive,1,1,1,0,0,0,0,0,0,0,0,1,0,0,0,1,0,1,0,1
sst2_03558,train_48986,test,positive,0,0,0,0,0,0,0,0,0,0,0,0,0,0,0,0,0,0,0,0
sst2_03555,train_6931,train,positive,1,1,1,1,0,0,0,0,0,0,0,1,0,0,0,1,0,1,0,1
sst2_03556,train_62214,train,positive,1,0,0,0,0,0,0,0,0,0,0,0,0,0,0,1,0,0,0,0
sst2_03559,train_66948,train,negative,0,0,0,0,1,1,1,1,0,0,1,1,0,0,0,1,1,0,0,1
sst2_03561,train_49058,train,negative,0,0,0,0,1,1,0,1,0,0,0,1,0,0,0,1,1,0,0,1
sst2_03560,train_50495,train,positive,1,1,1,0,0,0,0,0,0,0,0,0,0,0,0,1,0,1,0,0
sst2_03564,train_23693,train,positive,1,1,0,0,0,0,0,0,0,0,1,0,0,0,0,1,0,1,0,0
sst2_03562,train_18924,train,positive,0,0,0,0,0,0,0,0,0,0,0,0,0,0,0,0,0,0,0,0
sst2_03563,train_62010,train,negative,0,0,0,0,1,1,0,1,0,1,0,1,0,0,0,1,0,0,0,1
sst2_03567,train_32371,train,positive,0,0,0,0,0,0,0,0,0,0,0,0,0,0,0,0,0,0,0,0
sst2_03565,train_48891,train,negative,0,0,0,0,0,0,0,0,0,0,0,0,0,0,0,0,0,0,0,0
sst2_03566,train_3773,train,negative,0,0,0,0,1,1,0,0,0,0,0,1,0,0,0,1,0,0,0,1
sst2_03570,train_64217,train,positive,0,0,0,0,0,0,0,0,0,0,0,0,0,0,0,0,0,0,0,0
sst2_03569,train_63659,train,negative,0,0,0,0,1,1,1,1,0,0,0,1,0,0,0,1,0,0,0,1
sst2_03568,train_63859,train,negative,0,0,0,0,1,1,1,1,0,1,0,1,1,0,0,1,0,0,0,1
sst2_03573,train_35320,train,negative,0,0,0,0,1,1,1,1,0,0,0,1,0,0,0,1,0,0,0,1
sst2_03571,train_42674,train,negative,0,0,0,0,1,1,1,1,0,0,0,1,0,0,0,1,0,0,0,1
sst2_03572,train_22138,train,positive,1,1,0,1,0,0,0,0,0,0,0,0,0,0,0,0,0,0,0,1
sst2_03574,train_61414,train,positive,1,1,1,1,0,0,0,0,0,0,0,0,0,0,0,1,0,1,0,0
sst2_03576,train_44028,train,positive,1,1,1,0,1,1,0,0,0,1,0,0,0,1,1,1,1,0,0,0
sst2_03578,train_57612,test,positive,0,0,0,0,0,0,0,0,0,0,0,0,0,0,0,0,0,0,0,0
sst2_03575,train_61675,train,negative,0,0,0,0,1,1,0,1,0,0,0,1,0,0,0,0,0,0,0,1
sst2_03577,train_903,train,negative,0,0,0,0,1,1,1,1,0,1,0,1,0,0,0,1,0,0,0,1
sst2_03579,train_6205,test,negative,0,0,0,0,0,0,1,0,0,0,0,0,0,0,1,0,0,0,0,0
sst2_03581,train_57642,train,positive,1,1,0,1,0,0,0,0,1,0,0,0,0,0,0,1,0,0,0,0
sst2_03580,train_58558,train,negative,0,0,0,0,1,1,0,0,0,0,0,1,0,0,0,1,0,0,0,1
sst2_03582,train_41737,train,positive,1,0,1,0,0,0,0,0,0,0,0,0,0,0,1,1,1,0,0,0
sst2_03584,train_39798,train,positive,1,1,0,1,0,0,0,0,1,0,0,0,0,0,0,1,0,0,0,1
sst2_03583,train_61534,train,positive,1,1,0,1,0,0,0,0,0,0,0,1,0,0,0,1,0,0,0,1
sst2_03585,train_34083,test,negative,0,0,0,0,1,1,1,1,0,0,1,1,0,1,0,1,0,0,0,1
sst2_03587,train_58705,train,negative,0,0,0,0,1,1,0,0,0,0,0,0,0,0,0,0,0,0,0,1
sst2_03588,train_45825,test,positive,0,0,0,0,0,0,0,0,0,0,0,0,0,0,0,0,0,0,0,0
sst2_03586,train_13631,test,negative,0,0,0,0,1,1,0,1,0,0,0,1,0,0,0,1,0,0,0,1
sst2_03590,train_37944,test,positive,1,1,0,1,0,0,0,0,0,0,0,0,0,0,0,0,0,0,0,1
sst2_03591,train_13491,train,positive,1,1,1,1,0,0,0,0,0,0,0,1,0,1,0,1,0,0,0,1
sst2_03589,train_46666,train,negative,0,0,0,0,1,1,0,0,0,0,0,1,0,0,0,1,0,0,0,1
sst2_03592,train_50035,train,positive,1,1,1,0,0,0,0,0,0,0,1,0,0,1,1,1,0,0,0,0
sst2_03593,train_12130,test,negative,0,0,0,0,1,1,0,0,0,0,0,0,0,0,0,1,0,0,0,1
sst2_03594,train_11335,train,negative,0,0,0,0,1,1,0,1,0,1,1,1,0,0,0,1,1,0,0,1
sst2_03595,train_65410,train,negative,0,0,0,0,1,1,0,1,0,1,0,1,0,0,0,1,0,0,0,1
sst2_03596,train_62362,train,positive,1,1,1,1,0,0,0,0,0,0,0,1,0,0,0,1,0,1,0,1
sst2_03599,train_61925,train,positive,0,0,0,0,0,0,0,0,0,0,0,0,0,0,0,0,0,0,0,0
sst2_03598,train_66432,train,negative,0,0,0,0,0,0,0,0,0,0,0,0,0,0,0,0,0,0,0,0
sst2_03597,train_23001,test,negative,0,0,0,0,1,1,0,1,0,1,1,1,0,1,0,1,0,0,0,1
sst2_03600,train_16107,train,negative,0,0,0,0,1,1,0,0,0,0,0,1,0,0,0,1,0,0,0,1
sst2_03601,train_40402,train,positive,1,0,0,0,0,0,0,0,0,0,0,0,0,0,0,1,0,0,0,0
sst2_03602,train_56330,train,positive,1,0,0,0,0,0,0,0,0,0,0,0,0,0,0,1,0,0,0,0
sst2_03603,train_66197,train,negative,0,0,0,0,1,1,0,0,0,0,0,1,0,0,0,0,0,0,0,1
sst2_03604,train_65808,train,negative,0,0,0,0,1,1,0,0,0,0,0,1,0,0,0,1,1,0,0,1
sst2_03605,train_22902,train,negative,0,0,0,0,1,1,0,1,0,1,0,1,0,0,0,1,0,0,0,1
sst2_03606,train_17696,train,positive,1,1,0,1,0,0,0,0,0,0,0,1,0,0,0,1,0,0,0,1
sst2_03609,train_65523,test,positive,1,0,0,0,0,0,0,0,0,0,0,0,0,0,0,0,1,0,0,1
sst2_03607,train_19651,train,negative,0,0,0,0,1,1,0,1,0,0,1,1,0,1,0,1,0,0,0,1
sst2_03610,train_17946,train,positive,1,1,0,1,0,0,0,0,0,0,1,0,0,0,0,0,0,0,0,1
sst2_03608,train_28538,train,positive,1,1,0,0,0,0,0,0,1,0,0,0,0,0,0,1,0,0,0,1
sst2_03612,train_32431,train,positive,1,1,0,1,0,0,0,0,1,0,0,1,0,0,0,1,0,0,0,1
sst2_03611,train_38796,train,positive,1,1,1,0,0,0,0,0,0,0,0,0,0,0,0,1,0,1,0,0
sst2_03614,train_40224,train,negative,0,0,0,0,1,1,1,1,0,0,0,1,0,1,0,1,0,0,0,1
sst2_03615,train_22309,train,negative,0,0,0,0,1,1,0,0,0,0,0,1,0,0,0,1,0,0,0,1
sst2_03616,train_50266,train,positive,1,0,0,0,0,0,0,0,0,0,0,0,0,0,1,1,0,1,0,0
sst2_03613,train_54563,train,positive,1,1,0,1,0,0,0,0,0,0,0,0,0,0,0,1,0,0,0,0
sst2_03617,train_31788,test,positive,1,1,0,0,0,0,0,0,0,0,0,0,0,0,0,1,0,0,0,0
sst2_03618,train_8414,train,negative,1,0,1,0,0,0,0,0,0,0,0,0,0,0,1,1,0,1,0,0
sst2_03620,train_9716,train,positive,1,1,1,0,0,0,0,0,0,0,0,0,0,0,0,1,0,0,0,0
sst2_03619,train_5288,train,negative,1,0,1,0,0,0,0,0,0,0,0,0,0,0,1,1,0,1,0,0
sst2_03621,train_47843,train,positive,1,1,1,1,0,0,0,0,0,0,1,1,0,1,0,1,1,1,0,1
sst2_03623,train_23244,train,negative,1,1,0,1,0,0,0,0,0,0,0,1,0,0,0,0,0,0,0,1
sst2_03622,train_64826,train,positive,1,1,0,1,0,0,0,0,0,0,0,1,0,0,0,1,0,0,0,1
sst2_03624,train_8854,train,negative,0,0,0,0,1,1,1,1,0,1,1,1,1,0,0,1,0,0,1,1
sst2_03625,train_40622,train,negative,0,0,0,0,1,1,0,1,0,1,0,0,0,0,0,1,0,0,0,1
sst2_03627,train_7345,train,negative,0,0,0,0,0,0,0,0,0,0,1,0,0,0,0,0,0,0,0,0
sst2_03628,train_43584,train,negative,0,0,0,0,1,1,1,1,0,1,1,1,0,0,0,1,0,0,0,1
sst2_03626,train_42695,test,positive,1,1,1,0,0,0,0,0,0,0,0,1,0,0,0,1,0,1,0,1
sst2_03629,train_20081,test,positive,0,0,0,0,1,1,0,0,0,0,1,1,0,0,0,1,0,0,0,1
sst2_03630,train_5791,test,positive,0,0,0,0,0,0,0,0,0,0,0,0,0,0,1,0,0,0,0,0
sst2_03632,train_23188,train,negative,0,0,0,0,1,1,0,0,0,0,0,1,1,0,0,1,0,0,0,1
sst2_03631,train_10991,train,positive,1,1,1,0,0,0,0,0,0,0,0,1,0,0,0,1,0,1,0,1
sst2_03634,train_33544,train,positive,0,0,0,0,0,0,0,0,0,0,0,0,0,0,0,0,0,0,0,0
sst2_03636,train_40234,train,positive,1,1,0,1,0,0,0,0,0,0,0,0,0,0,0,1,0,0,0,1
sst2_03635,train_15787,test,positive,1,1,1,0,0,0,0,0,0,0,0,0,0,0,0,1,0,0,0,1
sst2_03633,train_21006,train,negative,0,0,0,0,1,1,0,1,0,1,0,1,0,0,0,1,0,0,1,1
sst2_03639,train_47228,train,positive,0,0,0,0,1,1,0,0,0,0,0,1,1,1,0,1,0,0,0,1
sst2_03638,train_46930,train,positive,1,1,1,0,0,0,0,0,0,0,0,0,0,0,0,1,0,1,0,1
sst2_03637,train_1733,train,negative,0,0,0,0,1,1,0,1,0,0,1,1,1,0,0,1,0,0,0,1
sst2_03640,train_33981,test,negative,0,0,0,0,1,1,1,1,0,1,1,1,1,0,0,1,1,0,1,1
sst2_03641,train_3795,train,positive,1,1,0,1,0,0,0,0,0,0,0,1,0,0,0,1,0,0,0,1
sst2_03642,train_44339,train,negative,0,0,0,0,1,1,0,0,0,0,0,0,0,0,0,1,0,0,0,0
sst2_03643,train_16487,train,positive,0,0,0,0,1,0,1,0,0,0,0,0,0,0,0,1,0,0,0,1
sst2_03644,train_1520,train,positive,1,1,0,1,0,0,0,0,1,0,0,1,0,0,0,1,0,0,0,1
sst2_03645,train_7325,train,positive,1,1,1,1,1,1,0,0,0,0,1,1,0,1,0,1,0,0,0,1
sst2_03647,train_12785,train,negative,0,0,0,0,1,1,0,0,0,0,1,1,0,0,0,1,0,0,0,1
sst2_03646,train_37967,train,negative,0,0,0,0,1,1,0,1,0,0,1,1,0,0,0,1,1,0,0,1
sst2_03648,train_15723,test,negative,0,0,0,0,1,1,1,1,0,0,0,1,0,0,0,1,0,0,0,1
sst2_03650,train_17330,train,negative,0,0,0,0,1,1,0,0,0,0,0,1,0,0,0,1,0,0,0,1
sst2_03649,train_55551,train,positive,0,1,0,1,0,0,0,0,0,0,0,1,0,0,0,1,0,0,0,1
sst2_03651,train_40395,train,negative,0,0,0,0,1,1,0,0,0,0,0,1,0,1,0,1,0,0,0,1
sst2_03653,train_21497,test,negative,0,0,0,0,1,1,0,1,0,1,1,0,0,1,0,0,0,0,0,1
sst2_03652,train_24921,train,negative,0,0,0,0,1,1,1,0,0,0,0,1,0,0,0,1,0,0,0,1
sst2_03654,train_21666,test,negative,0,0,0,0,1,1,0,1,0,0,0,1,0,0,0,1,0,0,1,1
sst2_03655,train_25855,train,negative,0,0,0,0,1,1,1,1,0,0,0,1,0,0,0,1,0,0,0,1
sst2_03656,train_63288,train,negative,0,0,0,0,1,1,0,1,0,1,0,1,0,0,0,1,0,0,0,1
sst2_03658,train_37642,train,positive,1,1,0,1,0,0,0,0,0,0,0,0,0,0,0,0,0,0,0,0
sst2_03657,train_33971,train,positive,1,1,0,1,0,0,0,0,0,0,0,1,0,0,0,1,0,0,0,1
sst2_03659,train_5006,train,negative,0,0,0,0,1,1,1,1,0,0,1,1,0,0,0,1,1,0,0,1
sst2_03661,train_5373,train,negative,1,1,0,0,1,1,0,0,0,0,0,1,0,1,0,1,1,0,0,1
sst2_03660,train_55480,train,negative,0,0,0,0,1,1,0,1,0,1,0,1,0,0,0,1,0,0,0,1
sst2_03662,train_6234,train,positive,0,0,0,0,0,0,0,0,0,0,0,1,0,0,0,0,0,0,0,0
sst2_03663,train_21816,train,positive,1,1,1,1,0,0,0,0,0,0,0,1,0,0,0,1,0,1,0,1
sst2_03665,train_61123,train,negative,0,0,0,0,0,0,0,0,0,0,1,0,0,0,0,1,0,0,0,0
sst2_03664,train_6710,train,positive,1,1,0,1,0,0,0,0,1,0,0,1,0,0,0,1,0,0,0,1
sst2_03666,train_10187,train,positive,1,1,1,0,0,0,0,0,0,0,0,0,0,0,0,0,0,0,0,1
sst2_03667,train_35380,train,negative,0,0,0,0,1,1,0,0,0,0,0,1,0,0,0,1,0,0,0,1
sst2_03668,train_11035,train,negative,0,0,0,0,1,1,0,1,0,0,0,0,0,0,0,1,0,0,0,0
sst2_03669,train_34689,train,positive,1,1,0,1,0,0,0,0,0,0,1,1,0,0,0,1,0,0,0,1
sst2_03670,train_49566,train,positive,1,1,1,0,0,0,0,0,0,0,0,0,0,0,1,1,0,0,0,0
sst2_03673,train_35575,train,positive,1,1,0,0,0,0,0,0,0,0,0,1,0,0,0,1,0,0,0,1
sst2_03672,train_48211,train,positive,1,1,1,1,0,0,0,0,0,0,0,1,0,0,0,1,1,1,0,1
sst2_03671,train_28228,train,negative,0,0,0,0,1,1,1,0,0,0,1,1,0,0,0,1,0,0,0,1
sst2_03674,train_27503,train,positive,1,1,1,0,0,0,0,0,0,0,1,1,0,0,0,1,0,1,0,1
sst2_03675,train_42805,train,negative,0,0,0,0,1,1,0,0,0,0,0,1,0,0,0,1,0,0,0,1
sst2_03679,train_41783,train,negative,0,0,0,0,0,0,0,0,0,0,0,0,0,0,1,0,0,0,0,0
sst2_03676,train_49229,test,positive,1,1,0,1,0,0,0,0,1,0,0,1,0,0,0,1,0,0,0,1
sst2_03678,train_62047,train,negative,0,0,0,0,1,1,0,0,0,0,0,1,0,0,0,1,0,0,0,1
sst2_03680,train_44385,train,positive,0,0,0,0,0,0,0,0,0,0,0,0,0,0,1,0,0,0,0,0
sst2_03677,train_42442,test,positive,1,1,0,1,0,0,0,0,0,0,1,0,0,0,0,0,0,0,0,0
sst2_03681,train_21333,test,positive,0,0,0,0,0,0,0,0,0,0,0,0,0,0,1,0,0,0,0,0
sst2_03684,train_60901,train,positive,1,1,0,1,0,0,0,0,0,0,1,1,0,0,0,1,0,0,0,1
sst2_03682,train_12101,test,negative,0,0,0,0,1,1,0,0,0,0,0,1,0,0,0,1,0,0,0,1
sst2_03683,validation_129,test,positive,1,1,1,1,0,0,0,0,1,0,0,1,0,0,0,1,0,1,0,1
sst2_03686,train_7452,train,positive,1,0,0,0,0,0,0,0,0,0,0,0,0,0,0,0,0,0,0,0
sst2_03685,train_25745,test,negative,0,0,0,0,0,0,0,0,0,0,0,0,0,0,0,0,0,0,0,0
sst2_03687,train_22031,test,positive,1,1,1,0,0,0,0,0,0,0,0,0,0,0,1,0,0,0,0,0
sst2_03688,train_48497,train,positive,1,1,1,0,0,0,0,0,0,0,0,0,0,0,0,1,0,0,0,1
sst2_03690,train_42158,train,negative,0,0,0,0,1,1,1,1,0,1,0,1,0,0,0,1,0,0,0,1
sst2_03689,train_63958,train,negative,0,0,0,0,0,0,0,0,0,0,1,0,0,0,0,0,0,0,0,0
sst2_03691,train_52097,train,positive,1,1,1,0,0,0,0,0,0,0,0,0,0,0,1,1,0,0,0,0
sst2_03692,train_56551,test,positive,1,1,0,1,0,0,0,0,1,0,0,1,1,1,1,1,0,0,0,0
sst2_03693,train_10860,train,negative,0,0,0,0,1,1,0,1,0,0,0,1,0,0,0,1,0,0,0,1
sst2_03696,train_40576,train,negative,0,0,0,0,1,0,0,0,0,0,0,1,0,0,0,1,0,0,0,1
sst2_03694,train_14197,train,positive,1,1,0,0,0,0,0,0,0,0,0,1,0,0,0,1,0,0,0,1
sst2_03695,train_26982,train,positive,1,1,0,0,0,0,0,0,1,0,0,0,0,0,0,0,0,0,0,0
sst2_03698,train_1790,train,negative,0,0,0,0,1,1,0,0,0,0,0,1,0,0,0,1,0,0,0,1
sst2_03700,train_65582,train,negative,0,0,0,0,1,1,0,1,0,0,0,1,0,0,0,1,0,0,0,1
sst2_03697,train_19637,train,positive,1,1,0,1,1,1,0,0,0,0,1,1,0,1,0,1,0,0,0,1
sst2_03699,train_34796,train,negative,0,0,0,0,1,1,1,1,0,0,1,1,0,0,0,1,0,0,0,1
sst2_03701,train_48796,test,positive,0,0,0,0,0,0,0,0,0,0,0,0,0,0,1,0,0,0,0,0
sst2_03702,train_47541,train,negative,0,0,0,0,1,1,0,0,0,0,0,1,0,0,0,1,0,0,0,1
sst2_03703,train_58073,train,positive,1,1,1,1,0,0,0,0,0,0,0,0,0,0,0,1,0,1,0,1
sst2_03704,train_13158,train,negative,0,0,0,0,1,1,1,1,0,1,0,1,0,1,0,1,0,0,0,1
sst2_03705,train_63233,train,negative,0,0,0,0,1,0,0,0,0,0,0,0,0,0,0,1,0,0,0,0
sst2_03707,train_47512,train,positive,1,1,1,1,0,0,0,0,0,0,1,1,0,0,0,1,0,0,0,1
sst2_03708,train_45586,test,positive,1,1,0,1,0,0,0,0,0,0,0,1,0,0,0,1,0,0,0,1
sst2_03706,validation_326,train,positive,1,1,1,1,0,0,0,0,0,0,0,1,0,0,0,1,0,1,0,1
sst2_03709,train_30486,train,negative,0,0,0,0,1,1,0,1,0,0,0,1,0,0,0,1,0,0,0,1
sst2_03710,train_40590,train,positive,1,1,0,1,0,0,0,0,1,0,0,1,0,0,0,1,0,0,0,1
sst2_03711,train_63588,train,negative,0,0,0,0,1,1,1,1,0,1,0,1,0,0,0,1,1,0,0,1
sst2_03712,train_48642,train,negative,0,0,0,0,1,1,1,1,0,1,0,1,0,0,0,1,1,0,0,1
sst2_03713,train_5310,train,negative,0,0,0,0,1,1,0,0,0,0,0,1,0,0,0,1,0,0,0,1
sst2_03714,train_31278,train,negative,0,0,0,0,1,1,0,1,0,0,1,1,0,0,0,1,1,0,0,1
sst2_03715,train_51970,train,positive,1,1,1,1,0,0,0,0,1,0,0,1,0,1,0,1,0,1,0,1
sst2_03716,train_37551,train,positive,1,1,1,1,0,0,0,0,0,0,1,1,0,0,0,1,1,1,0,1
sst2_03717,train_13299,train,positive,1,1,1,0,0,0,0,0,0,0,0,0,0,0,0,1,0,0,0,1
sst2_03718,train_45547,test,positive,1,1,0,0,1,1,0,0,1,0,0,0,0,1,0,0,0,0,0,0
sst2_03721,train_28608,train,positive,1,1,1,1,0,0,0,0,1,0,1,0,0,1,0,0,0,1,0,1
sst2_03720,train_52245,train,positive,1,1,1,0,0,0,0,0,0,0,0,0,0,0,0,1,0,1,0,0
sst2_03723,train_9554,test,negative,0,0,0,0,1,1,1,1,0,1,0,1,0,0,0,1,0,0,0,1
sst2_03722,train_59657,train,negative,0,0,0,0,1,1,0,1,0,0,0,1,0,0,0,1,0,0,1,1
sst2_03724,train_41732,train,negative,0,0,0,0,1,1,0,1,0,0,1,1,0,0,0,1,0,0,0,1
sst2_03719,train_29658,train,negative,0,0,0,0,1,1,0,1,0,0,0,1,0,0,0,1,0,0,0,1
sst2_03726,train_34881,test,negative,0,0,0,0,1,1,1,1,0,1,1,1,0,0,0,1,0,0,0,1
sst2_03729,train_59211,train,negative,0,0,0,0,0,0,0,0,0,0,0,0,0,0,0,0,0,0,0,0
sst2_03727,train_23610,train,negative,0,0,0,0,1,1,0,0,0,1,0,1,0,0,0,1,0,0,0,1
sst2_03728,train_659,train,positive,1,1,0,0,0,0,0,0,0,0,0,0,1,0,0,1,0,0,0,0
sst2_03725,train_53400,test,positive,1,1,0,1,0,0,0,0,0,0,0,0,0,0,0,1,0,1,0,1
sst2_03730,train_17597,train,positive,1,1,0,1,0,0,0,0,0,0,0,0,0,0,0,1,0,0,0,1
sst2_03731,train_35360,train,positive,0,0,0,0,0,0,0,0,0,0,0,0,0,0,0,0,0,0,0,0
sst2_03733,train_16066,train,positive,0,0,0,0,0,0,0,0,0,0,0,0,0,0,0,0,0,0,0,0
sst2_03732,train_61944,train,positive,0,0,0,1,0,0,0,0,0,0,0,0,0,0,0,0,0,0,0,1
sst2_03734,train_49073,train,negative,0,0,0,0,1,1,1,1,0,1,1,1,0,1,0,1,0,0,0,1
sst2_03735,train_2116,train,negative,0,0,0,0,1,1,0,1,0,1,1,1,1,0,0,1,0,0,0,1
sst2_03736,train_17396,test,positive,1,1,0,1,0,0,0,0,0,0,0,0,0,0,1,1,0,0,0,0
sst2_03737,train_31576,train,positive,1,1,1,1,0,0,0,0,0,0,0,1,0,0,0,1,0,1,0,1
sst2_03739,train_52943,train,positive,0,0,0,0,0,0,0,0,0,0,0,0,0,0,0,0,0,0,0,0
sst2_03738,train_3536,train,positive,1,1,1,1,0,0,0,0,0,0,0,0,0,0,0,0,0,0,0,1
sst2_03740,train_57017,train,positive,1,1,1,1,0,0,0,0,0,0,0,1,0,0,0,1,0,1,0,1
sst2_03742,train_7647,test,negative,0,0,0,0,0,0,0,0,0,0,0,0,0,0,0,0,0,0,0,0
sst2_03741,train_34748,train,positive,1,1,0,0,0,0,0,0,1,0,0,0,0,0,0,1,0,0,0,0
sst2_03744,train_11740,train,negative,0,0,0,0,1,1,0,1,0,0,0,1,0,0,0,1,0,0,1,1
sst2_03743,train_1072,train,negative,0,0,0,0,1,1,0,1,0,0,0,1,0,0,0,1,0,0,0,1
sst2_03745,train_35853,train,negative,0,0,0,0,1,1,0,0,0,0,1,1,0,1,0,1,0,0,0,1
sst2_03746,train_60493,train,negative,0,0,0,0,1,1,0,1,0,1,0,1,0,0,0,1,0,0,0,1
sst2_03747,train_22114,train,negative,0,0,0,0,1,1,1,1,0,1,1,1,0,1,0,1,0,0,0,1
sst2_03750,train_30692,train,negative,0,0,0,0,0,0,0,0,0,0,0,0,0,0,0,0,0,0,0,0
sst2_03749,train_66078,train,positive,1,1,0,0,0,0,0,0,0,0,0,0,0,0,1,0,1,0,0,0
sst2_03748,train_56581,train,positive,0,0,0,0,0,0,0,0,0,0,0,0,0,0,0,0,0,0,0,0
sst2_03751,train_50080,train,negative,0,0,0,0,1,1,0,0,0,0,1,1,0,0,0,1,0,0,0,1
sst2_03754,train_23706,train,positive,1,1,1,0,0,0,0,0,0,0,0,1,0,0,0,1,0,1,0,1
sst2_03755,train_31267,train,positive,1,1,0,1,0,0,0,0,0,0,1,0,0,0,0,0,0,0,0,0
sst2_03753,train_59360,train,positive,1,1,1,1,0,0,0,0,0,0,1,1,0,0,0,1,1,1,0,1
sst2_03752,train_47152,train,negative,0,0,0,0,1,1,0,1,0,0,0,1,0,0,0,1,0,0,0,1
sst2_03756,train_4839,train,positive,1,1,0,1,0,0,0,0,1,0,0,1,0,1,0,1,0,0,0,1
sst2_03757,train_22423,test,positive,1,1,0,1,0,0,0,0,1,0,0,1,0,0,0,1,0,0,0,1
sst2_03760,train_29649,train,positive,1,1,0,0,0,0,0,0,0,0,0,1,0,0,0,1,0,0,0,1
sst2_03758,train_22414,test,positive,1,1,0,1,0,0,0,0,0,0,0,1,0,0,0,1,0,0,0,1
sst2_03763,train_53132,test,positive,1,1,0,0,0,0,0,0,0,0,0,0,0,0,0,0,0,0,0,1
sst2_03761,train_23495,train,negative,0,0,0,0,1,1,0,1,0,0,0,1,0,0,0,1,0,0,1,1
sst2_03759,train_27914,train,positive,1,1,0,1,0,0,0,0,0,0,0,1,0,0,0,1,0,1,0,1
sst2_03764,train_66483,train,positive,1,1,0,0,0,0,0,0,0,0,0,1,0,0,0,1,0,0,0,1
sst2_03765,train_64588,test,negative,0,0,0,0,1,1,0,1,0,0,0,1,0,0,0,1,0,0,0,1
sst2_03766,train_50641,train,positive,1,1,0,1,0,0,0,0,0,0,0,1,0,0,0,0,0,0,0,1
sst2_03762,train_19514,train,negative,0,0,0,0,1,1,1,1,0,0,0,1,0,0,0,1,0,0,0,1
sst2_03767,train_46887,train,negative,0,0,0,0,1,1,1,1,0,0,0,1,0,0,0,1,0,0,0,1
sst2_03769,train_19437,train,positive,1,1,0,1,0,0,0,0,0,0,0,1,0,0,0,1,0,0,0,1
sst2_03768,train_23190,train,positive,1,1,0,0,0,0,0,0,1,0,0,0,0,0,0,0,0,0,0,1
sst2_03770,train_30138,train,negative,0,0,0,0,1,1,0,0,0,0,0,1,1,0,0,1,0,0,0,1
sst2_03772,train_30091,test,negative,0,0,0,0,1,1,1,1,0,1,1,1,0,0,0,1,0,0,0,1
sst2_03771,train_38801,train,negative,0,0,0,0,1,1,0,1,0,1,0,1,0,0,0,1,0,0,0,1
sst2_03773,train_12324,test,positive,1,1,0,1,0,0,0,0,0,0,0,1,0,0,0,1,0,0,0,1
sst2_03774,train_46910,train,negative,0,0,0,0,1,1,0,1,0,0,0,1,0,0,0,1,0,0,0,1
sst2_03776,train_5988,train,positive,0,0,0,0,0,0,0,0,0,0,0,0,0,0,0,0,0,0,0,0
sst2_03775,train_11860,train,negative,0,0,0,0,1,1,0,1,0,1,0,1,0,0,0,1,0,0,0,1
sst2_03778,train_8807,train,positive,0,0,0,0,0,0,0,0,0,0,0,0,0,0,0,0,0,0,0,0
sst2_03777,train_16666,train,positive,1,1,0,1,0,0,0,0,0,0,0,0,0,1,1,1,0,0,0,0
sst2_03779,train_29220,test,positive,1,1,0,1,0,0,0,0,0,0,0,1,0,0,0,1,0,0,0,1
sst2_03781,train_16991,train,positive,0,0,0,0,0,0,0,0,0,0,1,0,0,0,0,0,0,0,0,0
sst2_03780,train_10903,test,positive,1,1,1,1,0,0,0,0,0,0,1,1,0,0,0,1,0,1,0,1
sst2_03783,train_65355,train,positive,1,1,1,1,0,0,0,0,0,0,0,1,0,1,0,1,0,1,0,1
sst2_03782,train_48821,train,positive,1,1,0,0,1,0,0,0,0,0,0,0,0,1,0,1,0,0,0,0
sst2_03785,train_49116,train,positive,1,1,1,1,0,0,0,0,0,0,0,1,0,0,0,1,0,1,0,1
sst2_03786,train_1362,train,positive,1,1,0,0,0,0,0,0,0,0,0,0,0,0,0,0,0,0,0,1
sst2_03787,train_41742,train,negative,0,0,0,0,1,1,0,0,0,0,1,1,0,0,0,1,0,0,0,1
sst2_03784,train_52468,test,positive,1,0,1,0,0,0,0,0,0,0,0,0,0,0,0,0,0,0,0,0
sst2_03788,train_52985,train,positive,1,1,1,1,0,0,0,0,0,0,1,1,0,0,0,1,0,1,0,1
sst2_03791,train_42192,test,positive,0,0,0,0,0,0,0,0,0,0,0,0,0,0,1,0,0,0,0,0
sst2_03789,train_19940,train,negative,0,0,0,0,1,1,0,1,0,0,1,1,0,1,0,1,0,0,0,1
sst2_03790,train_11193,test,negative,0,0,0,0,1,1,0,1,0,0,0,1,0,0,0,1,1,0,0,1
sst2_03792,train_18284,test,positive,1,0,0,0,0,0,0,0,0,0,0,0,0,0,0,1,0,0,0,0
sst2_03793,train_41415,train,negative,0,0,0,0,1,1,1,1,0,1,1,1,1,0,0,1,0,0,0,1
sst2_03794,train_32766,train,negative,0,1,0,1,1,1,1,0,0,0,0,0,0,1,0,1,0,0,0,0
sst2_03795,train_13150,test,positive,0,0,0,0,0,0,0,0,0,0,0,0,0,0,0,0,0,0,0,0
sst2_03797,train_51650,train,negative,0,0,0,0,1,1,1,1,0,0,0,1,0,0,0,1,0,0,0,1
sst2_03796,train_8615,train,positive,1,1,1,1,0,0,0,0,0,0,0,1,0,0,0,1,1,1,0,1
sst2_03798,train_45477,train,positive,0,0,0,0,0,0,0,0,0,0,0,0,0,0,0,0,0,0,0,0
sst2_03800,train_40914,train,negative,0,0,0,0,1,1,1,1,1,0,0,1,0,1,0,1,0,0,0,1
sst2_03799,train_48154,test,positive,1,1,0,1,0,0,0,0,0,0,1,0,0,0,0,0,0,0,0,0
sst2_03801,train_5210,train,positive,1,1,0,0,0,0,0,0,0,0,0,1,0,0,0,1,0,0,0,1
sst2_03804,train_56909,train,negative,0,0,0,0,1,1,0,1,0,1,0,1,0,0,0,1,0,0,0,1
sst2_03803,train_39410,train,positive,1,1,0,1,1,0,0,0,0,0,1,1,0,1,0,1,0,0,0,1
sst2_03802,train_19409,train,positive,0,0,0,0,0,0,0,0,0,0,0,0,0,0,0,1,0,0,0,0
sst2_03805,train_5560,train,positive,1,1,1,1,0,0,0,0,0,0,1,1,0,0,0,1,0,1,0,1
sst2_03806,train_2408,train,positive,0,0,0,0,0,0,0,0,0,0,0,0,0,0,0,0,0,0,0,0
sst2_03807,train_5555,train,positive,1,1,1,1,0,0,0,0,0,0,0,0,0,0,0,1,0,1,0,1
sst2_03808,train_36474,train,positive,1,1,0,1,0,0,0,0,0,0,0,0,0,0,1,0,0,0,0,0
sst2_03809,train_61190,train,positive,1,1,0,1,0,0,0,0,0,0,0,0,0,0,0,1,0,0,0,0
sst2_03810,train_47888,train,positive,1,1,0,0,0,0,0,0,1,0,0,0,0,0,0,1,0,0,0,1
sst2_03811,train_11965,train,positive,1,1,1,1,0,0,0,0,0,0,0,1,0,0,0,1,0,0,0,1
sst2_03812,train_37006,train,positive,1,1,0,1,0,0,0,0,0,0,0,0,0,0,0,0,0,0,0,0
sst2_03813,train_45240,train,positive,0,0,0,0,0,0,0,0,0,0,0,0,0,1,1,0,0,0,0,0
sst2_03815,train_30850,train,positive,1,1,1,0,0,0,0,0,0,0,0,0,0,0,0,1,0,0,0,0
sst2_03814,train_41499,train,positive,1,1,1,1,0,0,0,0,0,0,1,0,0,0,0,0,0,0,0,1
sst2_03816,train_11104,test,negative,0,0,0,0,1,1,0,1,0,1,0,1,0,0,0,1,0,0,0,1
sst2_03817,train_37246,test,positive,1,0,0,0,0,0,0,0,0,0,0,0,0,0,0,1,0,0,0,0
sst2_03818,train_46243,test,negative,0,0,0,0,1,1,1,1,0,0,1,1,0,0,0,1,1,0,1,1
sst2_03819,validation_665,train,positive,1,1,1,1,0,0,0,0,0,0,0,1,0,0,0,1,1,0,0,1
sst2_03821,train_30292,train,positive,0,0,0,0,0,0,0,0,0,0,0,0,0,0,1,0,0,0,0,0
sst2_03822,train_35871,train,negative,0,0,0,0,1,1,0,0,0,0,0,0,0,0,0,1,0,0,0,0
sst2_03823,train_34347,train,positive,1,0,0,0,0,0,0,0,0,0,0,0,0,0,0,1,0,0,0,1
sst2_03820,train_63284,train,positive,1,1,1,1,0,0,0,0,0,0,0,1,0,0,0,1,0,0,0,1
sst2_03827,train_19719,train,negative,0,0,0,0,1,1,0,0,0,0,0,1,0,0,0,1,0,0,0,1
sst2_03824,train_28284,train,negative,0,0,0,0,0,0,0,0,0,0,1,0,0,1,0,0,0,0,0,0
sst2_03826,train_61496,test,positive,1,1,0,1,0,0,0,0,0,0,0,1,0,0,0,1,0,0,0,1
sst2_03825,train_30884,train,positive,1,1,1,1,0,0,0,0,1,0,0,1,0,0,0,1,0,1,0,1
sst2_03829,train_48983,train,negative,0,0,0,0,1,1,1,1,0,0,0,1,0,0,0,1,0,0,0,1
sst2_03828,train_8818,train,positive,1,1,1,0,0,0,0,0,0,0,1,1,0,0,0,1,0,1,0,1
sst2_03831,train_63319,train,positive,0,0,0,0,1,1,0,1,0,1,0,1,0,0,0,1,0,0,0,1
sst2_03830,train_55911,test,positive,1,1,0,1,0,0,0,0,0,0,0,1,0,0,0,1,0,0,0,1
sst2_03835,train_23165,train,positive,0,0,0,0,1,1,0,1,0,0,0,1,1,0,0,1,0,0,0,1
sst2_03833,train_16519,train,negative,0,0,0,0,1,1,1,1,0,1,1,1,0,0,0,1,0,0,0,1
sst2_03834,train_67176,train,negative,0,0,0,0,1,1,0,1,0,0,1,1,0,0,0,1,0,0,0,1
sst2_03832,train_17846,train,negative,0,0,0,0,0,0,0,0,0,0,0,0,0,0,1,0,0,0,0,0
sst2_03837,train_54780,train,positive,0,0,0,0,0,0,0,0,0,0,0,0,0,0,0,0,0,0,0,0
sst2_03836,train_52540,train,positive,1,1,1,0,0,0,0,0,0,0,0,1,0,0,0,1,0,0,0,1
sst2_03838,train_57576,train,negative,0,0,0,0,1,1,0,1,0,1,0,1,0,0,0,1,0,0,0,1
sst2_03839,train_53957,train,negative,0,0,0,0,1,1,1,1,0,0,1,1,0,0,0,1,0,0,1,1
sst2_03840,train_55218,train,negative,0,0,0,0,1,1,0,1,0,0,0,1,0,0,0,1,1,0,0,1
sst2_03841,train_14110,train,negative,0,0,0,0,1,1,0,1,0,0,0,1,1,0,0,1,0,0,0,1
sst2_03842,train_50245,test,negative,0,0,0,0,1,1,0,1,0,0,0,1,0,0,0,1,1,0,0,1
sst2_03843,train_41993,train,negative,0,0,0,0,1,1,1,1,0,1,1,1,1,1,0,1,0,0,0,1
sst2_03844,train_36032,train,negative,0,0,0,0,1,1,0,1,0,0,0,1,0,0,0,1,0,0,0,1
sst2_03846,train_46570,train,positive,0,0,0,0,0,0,0,0,0,0,0,0,0,0,0,0,0,0,0,0
sst2_03845,train_14002,train,negative,0,0,0,0,1,1,1,1,0,1,1,1,0,0,0,1,1,0,1,1
sst2_03847,train_26889,train,positive,1,1,0,1,0,0,0,0,0,0,0,1,0,0,0,1,0,0,0,1
sst2_03848,train_27367,train,positive,1,1,0,1,0,0,0,0,1,0,0,1,0,0,0,1,0,0,0,1
sst2_03851,train_18278,train,positive,0,0,0,0,0,0,0,0,0,0,0,0,0,0,1,0,0,0,0,0
sst2_03849,train_7365,train,positive,1,1,1,0,0,0,0,0,0,0,0,0,0,0,0,1,0,1,0,1
sst2_03852,train_34113,train,positive,1,1,0,0,0,0,0,0,0,0,0,0,0,0,0,1,0,0,0,1
sst2_03850,train_33822,test,negative,0,0,0,0,1,1,0,1,0,0,0,1,0,0,0,1,0,0,0,1
sst2_03855,train_53049,train,positive,1,0,0,0,0,0,0,0,0,0,0,0,0,0,0,0,0,0,0,0
sst2_03853,train_20222,train,negative,0,0,0,0,1,1,1,1,0,0,0,1,0,0,0,1,0,0,0,1
sst2_03854,train_19861,train,positive,1,1,0,1,1,0,0,0,0,0,0,1,0,1,0,1,0,0,0,1
sst2_03856,train_19351,test,positive,1,1,1,1,0,0,0,0,0,0,0,1,0,0,0,1,1,1,0,1
sst2_03857,train_26158,train,positive,0,0,0,0,1,1,0,0,0,0,0,0,0,0,0,1,0,0,0,0
sst2_03858,train_8063,train,negative,0,0,0,0,1,1,0,1,0,1,0,1,0,0,0,1,0,0,0,1
sst2_03860,train_66572,train,positive,1,1,0,0,0,0,0,0,0,0,0,0,0,0,0,1,0,0,0,0
sst2_03859,train_3866,test,positive,1,1,0,1,0,0,0,0,0,0,1,1,0,0,0,1,0,0,0,1
sst2_03861,train_58768,train,positive,1,1,1,1,0,0,0,0,0,0,0,1,0,0,0,1,1,0,0,1
sst2_03863,train_33010,test,positive,1,1,1,1,0,0,0,0,0,0,0,1,0,0,0,1,0,1,0,1
sst2_03862,train_55250,train,negative,0,0,0,0,1,1,0,1,0,1,0,0,0,0,0,0,0,0,0,1
sst2_03864,train_59201,train,negative,0,0,0,0,1,1,1,1,0,1,1,1,1,0,0,1,0,0,0,1
sst2_03868,train_32846,test,negative,0,0,0,0,1,1,1,1,0,0,0,1,0,0,0,1,0,0,0,1
sst2_03867,train_834,test,positive,1,1,0,1,0,0,0,0,0,0,0,1,0,0,0,1,0,0,0,1
sst2_03869,train_32805,train,negative,0,0,0,0,1,1,1,1,0,1,1,1,0,0,0,1,0,0,0,1
sst2_03866,train_42304,train,positive,1,1,0,1,0,0,0,0,1,0,0,1,0,0,0,1,0,0,0,1
sst2_03870,train_46164,train,positive,0,0,0,0,0,0,0,0,0,0,0,0,0,0,0,0,0,0,0,0
sst2_03865,train_9779,train,negative,0,0,0,0,1,1,0,1,0,0,1,1,0,0,0,1,1,0,1,1
sst2_03874,train_60664,train,positive,1,0,1,0,0,0,0,0,0,0,0,0,0,0,0,1,0,0,0,0
sst2_03872,train_2268,train,negative,0,0,0,0,1,1,0,0,0,1,0,1,0,0,0,1,0,0,0,1
sst2_03873,train_44564,train,positive,1,1,0,1,0,0,0,0,0,0,1,1,0,0,0,1,0,0,0,1
sst2_03871,train_11587,train,negative,0,0,0,0,1,1,1,0,0,0,1,1,0,1,0,1,0,0,0,1
sst2_03875,train_3027,train,negative,0,0,0,0,1,1,1,1,0,0,1,1,1,1,0,1,0,0,0,1
sst2_03876,train_27242,test,negative,0,0,0,0,1,1,0,1,0,0,0,0,0,1,1,1,0,0,0,0
sst2_03878,train_1474,test,positive,1,1,0,1,0,0,0,0,0,0,0,1,0,0,0,1,0,0,0,1
sst2_03877,train_33921,test,positive,1,1,0,1,0,0,0,0,1,0,0,1,0,0,0,1,0,0,0,1
sst2_03879,train_7986,train,negative,0,0,0,0,1,1,0,1,0,0,0,1,1,0,0,1,0,0,0,1
sst2_03880,train_54940,train,positive,1,1,1,0,0,0,0,0,0,0,0,0,0,0,0,1,0,1,0,1
sst2_03881,train_61967,train,positive,1,0,0,0,0,0,0,0,0,0,0,0,0,0,0,1,0,0,0,0
sst2_03882,train_13097,train,positive,1,1,1,1,0,0,0,0,0,0,0,1,0,0,0,1,0,0,0,1
sst2_03884,train_32565,train,negative,0,0,0,0,1,1,0,0,0,0,1,0,0,0,0,0,1,0,1,1
sst2_03886,train_3727,train,positive,0,0,0,0,0,0,0,0,0,0,1,0,0,0,1,0,0,0,0,0
sst2_03883,train_46633,train,positive,1,1,0,1,0,0,0,0,0,0,1,1,0,0,0,1,0,0,0,1
sst2_03887,train_8955,test,positive,0,0,0,0,0,0,0,0,0,0,0,0,0,0,1,1,0,0,0,0
sst2_03885,validation_590,train,negative,0,0,0,0,1,1,1,1,0,1,1,1,1,0,0,1,0,0,1,1
sst2_03888,train_64994,train,negative,0,0,0,0,0,0,0,0,0,0,0,0,0,0,1,0,0,0,0,0
sst2_03889,train_10498,train,positive,1,1,0,1,1,1,0,0,0,0,0,0,0,1,0,1,0,0,0,0
sst2_03891,train_26143,train,positive,1,1,0,0,0,0,0,0,0,0,0,0,0,0,0,0,1,0,0,1
sst2_03890,train_52210,train,negative,0,0,0,0,0,0,0,0,0,0,0,0,0,0,1,0,0,0,0,0
sst2_03892,train_23554,train,positive,1,1,0,1,0,0,0,0,1,0,0,1,0,0,0,1,0,0,0,1
sst2_03894,train_48741,train,positive,0,0,0,0,0,0,0,0,0,0,0,0,0,0,0,0,0,0,0,0
sst2_03893,validation_264,train,negative,0,0,0,0,1,1,1,1,0,1,1,1,0,0,0,1,0,0,0,1
sst2_03897,train_35937,train,negative,0,0,0,0,1,1,1,1,0,0,1,1,1,1,0,1,0,0,0,1
sst2_03896,train_12450,train,negative,0,0,0,0,1,1,0,1,0,1,0,1,0,0,0,1,0,0,0,1
sst2_03895,train_12630,train,positive,1,1,0,1,0,0,0,0,0,0,0,1,0,0,0,1,0,0,0,1
sst2_03898,train_42232,train,positive,0,0,0,0,1,1,0,1,0,1,0,1,1,1,0,1,0,0,0,1
sst2_03899,train_63059,train,negative,0,0,0,0,1,1,0,1,0,0,0,1,0,0,0,1,0,0,0,1
sst2_03900,train_23294,train,positive,0,0,0,0,0,0,0,0,0,0,0,0,0,0,1,0,0,0,0,0
sst2_03901,train_36973,train,negative,0,0,0,0,1,1,0,1,0,0,1,1,1,0,0,1,0,0,0,1
sst2_03903,train_43764,train,negative,0,0,0,0,1,1,1,1,0,1,1,1,1,0,0,1,1,0,0,1
sst2_03902,train_27968,train,positive,0,0,0,0,0,0,0,0,0,0,0,1,0,1,0,1,0,0,0,1
sst2_03904,train_49784,train,positive,1,1,1,0,0,0,0,0,0,0,0,0,0,1,0,1,0,0,0,0
sst2_03905,train_49473,test,positive,0,0,0,0,0,0,0,0,0,0,0,0,0,0,0,0,0,0,0,0
sst2_03906,train_29550,train,positive,0,0,0,1,0,0,0,0,0,0,0,0,0,0,0,1,0,0,0,1
sst2_03908,train_67284,train,negative,0,0,0,0,1,0,0,0,0,0,0,0,0,0,0,1,0,0,0,0
sst2_03907,train_59871,test,negative,0,0,0,0,1,1,1,1,0,0,0,1,0,0,0,1,0,0,1,1
sst2_03909,train_1398,train,positive,1,1,0,1,0,0,0,0,1,0,0,1,0,0,0,1,0,0,0,1
sst2_03910,train_40160,train,negative,0,0,0,0,0,1,0,0,0,0,1,0,0,0,0,0,0,0,0,0
sst2_03911,train_1814,test,negative,0,0,0,0,1,1,0,1,0,1,0,1,0,0,0,1,0,0,0,1
sst2_03912,train_27143,train,negative,1,0,0,0,0,0,0,0,0,0,0,0,0,0,0,1,0,0,0,0
sst2_03913,train_33149,train,positive,1,1,1,1,0,0,0,0,1,0,0,1,0,0,0,1,0,1,0,1
sst2_03915,train_21708,train,positive,1,1,0,1,0,0,0,0,0,0,0,1,0,0,0,1,0,0,0,1
sst2_03916,train_44531,train,negative,0,0,0,0,1,1,0,0,0,0,0,1,0,0,0,1,0,0,0,1
sst2_03914,train_56053,train,positive,1,1,0,1,0,0,0,0,1,0,1,1,0,0,0,1,0,0,0,1
sst2_03917,train_5285,train,positive,1,1,1,1,0,0,0,0,0,0,0,1,0,0,0,1,0,1,0,1
sst2_03918,train_3503,train,positive,1,1,0,1,0,0,0,0,0,0,1,1,0,0,0,1,0,0,0,1
sst2_03919,train_52324,train,negative,0,0,0,0,1,1,0,1,0,0,1,1,1,0,0,1,0,0,0,1
sst2_03920,train_33025,train,positive,1,1,0,1,0,0,0,0,0,0,0,1,0,0,0,1,0,0,0,1
sst2_03921,validation_311,train,positive,1,1,1,1,0,0,0,0,0,0,0,0,0,0,0,1,0,1,0,1
sst2_03923,train_34392,train,positive,1,0,1,0,0,0,0,0,0,0,0,0,0,0,0,1,0,0,0,0
sst2_03922,train_54029,train,positive,1,1,0,1,0,0,0,0,0,0,0,1,0,0,0,1,0,0,0,1
sst2_03924,train_2912,train,negative,0,0,0,0,1,1,1,1,0,0,0,1,1,0,0,1,1,0,1,1
sst2_03925,train_6218,train,positive,1,1,1,1,0,0,0,0,1,0,0,0,0,0,0,1,0,0,0,1
sst2_03927,train_41296,train,positive,1,1,0,1,0,0,0,0,0,0,0,1,0,0,0,0,0,0,0,1
sst2_03926,train_43853,train,positive,1,1,1,1,0,0,0,0,0,0,1,1,0,1,0,1,0,1,0,1
sst2_03928,train_59452,train,negative,0,0,0,0,0,0,0,0,0,0,0,0,0,0,0,0,0,0,0,0
sst2_03929,train_41824,test,positive,1,1,1,0,0,0,0,0,0,0,1,0,0,1,0,1,0,0,0,0
sst2_03930,train_67031,train,negative,0,0,0,0,1,1,0,0,0,0,0,1,0,0,0,1,0,0,0,1
sst2_03933,train_46472,train,positive,0,0,0,0,0,0,0,0,0,0,0,0,0,0,0,0,0,1,0,0
sst2_03931,train_31998,test,positive,1,1,0,1,0,0,0,0,0,0,0,1,0,0,0,1,0,0,0,1
sst2_03932,train_49359,train,positive,1,1,0,1,0,1,0,0,1,0,1,0,0,1,0,0,0,0,0,1
sst2_03934,train_49508,train,negative,0,0,0,0,1,1,0,0,0,0,0,1,0,0,0,1,0,0,0,1
sst2_03935,train_37987,train,positive,1,0,0,0,0,0,0,0,0,0,1,1,0,0,0,1,0,0,0,1
sst2_03936,train_33648,train,positive,0,0,0,0,0,0,0,0,0,0,0,0,0,0,0,1,0,0,0,0
sst2_03937,train_5299,train,positive,1,1,1,1,0,0,0,0,0,0,1,1,0,0,0,1,0,0,0,1
sst2_03938,train_43823,train,negative,0,0,0,0,1,1,1,1,0,0,0,1,0,0,0,1,0,0,0,1
sst2_03939,train_34911,train,positive,1,1,0,1,0,0,0,0,0,0,0,1,0,0,0,1,0,0,0,1
sst2_03940,train_50543,test,positive,1,1,1,1,0,0,0,0,0,0,0,1,0,0,0,1,0,0,0,1
sst2_03943,train_34119,train,negative,0,0,0,0,1,1,0,1,0,0,0,1,0,0,0,1,0,0,0,1
sst2_03941,train_66790,train,negative,0,0,0,0,1,1,1,1,0,1,0,1,0,0,0,1,0,0,0,1
sst2_03942,train_61480,train,negative,0,0,0,0,1,1,0,1,0,0,0,1,0,0,0,1,0,0,1,1
sst2_03945,train_1242,train,negative,0,0,0,0,1,1,0,1,0,1,1,1,0,0,0,1,0,0,0,1
sst2_03944,train_27026,test,negative,0,0,0,0,1,1,1,1,0,1,1,1,0,0,0,1,0,0,0,1
sst2_03946,train_23822,train,positive,1,1,1,1,0,0,0,0,0,0,0,1,0,0,0,1,0,1,0,1
sst2_03948,train_14283,train,negative,0,0,0,0,1,1,0,0,0,1,0,0,0,0,0,1,0,0,0,1
sst2_03947,train_5573,train,negative,0,0,0,0,1,0,0,0,0,0,0,0,0,0,0,1,0,0,0,0
sst2_03949,train_39854,train,positive,0,0,0,0,1,1,0,1,0,1,0,1,1,0,1,1,0,0,0,0
sst2_03950,train_9226,train,positive,1,1,0,1,0,0,0,0,0,0,1,1,0,0,0,1,0,0,0,1
sst2_03952,train_57540,train,positive,0,0,0,0,0,0,0,0,0,0,0,0,0,0,1,0,0,0,0,0
sst2_03953,train_51655,test,positive,0,0,0,0,0,0,0,0,0,0,0,0,0,0,0,0,0,0,0,0
sst2_03951,train_36311,train,negative,0,0,0,0,1,1,1,1,0,0,0,1,0,0,0,1,1,0,0,1
sst2_03955,train_28577,train,positive,1,1,0,1,0,0,0,0,0,0,0,0,0,0,0,0,0,0,0,0
sst2_03954,train_64076,train,negative,0,0,0,0,1,1,0,1,0,1,0,1,1,0,0,1,0,0,0,1
sst2_03956,train_57014,train,negative,0,0,0,0,1,1,1,1,0,0,1,1,0,0,0,1,0,0,0,1
sst2_03958,train_52863,train,negative,0,0,0,0,1,1,0,0,0,0,1,1,0,0,0,1,0,0,0,1
sst2_03959,train_25055,test,positive,1,1,0,1,0,0,0,0,0,0,0,1,0,0,0,1,0,0,0,1
sst2_03957,train_3938,train,positive,1,1,0,1,0,0,0,0,0,0,1,1,0,0,0,1,0,0,0,1
sst2_03960,train_39134,train,negative,0,0,0,0,1,1,1,1,0,1,1,1,0,0,0,1,0,0,0,1
sst2_03961,train_52686,train,positive,1,1,0,1,0,0,0,0,0,0,1,1,0,0,0,1,0,0,0,1
sst2_03962,train_22435,train,positive,1,0,1,0,0,0,0,0,0,0,0,0,0,0,0,1,0,1,0,0
sst2_03965,train_27936,train,positive,1,1,0,1,0,0,0,0,0,0,0,1,0,0,0,0,0,0,0,1
sst2_03963,train_10914,train,negative,0,0,0,0,1,1,1,1,0,0,1,1,0,0,0,1,0,0,0,1
sst2_03964,train_983,train,positive,1,1,0,1,0,0,0,0,0,0,1,1,0,0,0,1,0,0,0,1
sst2_03967,train_57949,train,positive,1,1,1,1,0,0,0,0,0,0,0,0,0,0,0,1,0,0,0,1
sst2_03966,train_2709,train,negative,0,0,0,0,1,1,0,0,0,0,0,0,0,0,0,1,0,0,0,0
sst2_03968,train_25384,train,negative,0,0,0,0,1,1,0,1,0,1,0,1,0,0,0,1,0,0,0,1
sst2_03969,train_43783,train,positive,1,1,1,0,0,0,0,0,0,0,0,0,0,0,0,1,0,0,0,0
sst2_03970,train_20464,train,positive,1,1,0,0,0,0,0,0,1,0,0,0,0,0,0,1,0,0,0,1
sst2_03972,train_13375,train,positive,1,1,0,1,0,0,0,0,0,0,0,1,0,0,0,1,0,0,0,1
sst2_03973,validation_144,train,negative,0,0,0,0,1,1,1,1,0,0,1,1,0,1,0,1,1,0,1,1
sst2_03975,train_34137,train,positive,1,1,0,0,0,0,0,0,0,0,0,1,0,0,0,1,0,0,0,1
sst2_03971,train_12964,train,positive,0,0,0,0,0,0,0,0,0,0,0,0,0,0,0,0,0,0,0,0
sst2_03974,train_22960,train,negative,0,0,0,0,1,1,0,1,0,0,1,1,0,1,0,1,0,0,1,1
sst2_03976,train_61789,train,positive,0,0,0,0,0,0,0,0,0,0,0,0,0,0,0,0,0,0,0,0
sst2_03978,train_12540,test,positive,0,0,0,0,0,0,0,0,0,0,0,0,0,0,0,0,0,0,0,0
sst2_03980,train_11972,train,positive,1,1,1,0,0,0,0,0,0,0,0,1,0,0,0,1,0,1,0,1
sst2_03979,train_6018,train,positive,1,1,1,1,0,0,0,0,0,0,1,1,0,0,0,1,0,1,0,1
sst2_03977,train_8693,test,positive,1,0,0,0,0,0,0,0,0,0,0,1,0,0,0,0,1,0,0,1
sst2_03981,train_36546,train,positive,1,0,0,0,0,0,0,0,0,0,0,0,0,0,1,0,0,0,0,0
sst2_03982,train_48801,test,negative,1,1,0,1,1,1,0,0,0,0,0,1,0,1,0,1,0,0,0,1
sst2_03983,train_50664,train,positive,1,1,0,1,0,0,0,0,1,0,0,0,0,0,0,1,0,0,0,1
sst2_03984,train_51364,train,negative,0,0,0,0,1,1,1,1,0,0,1,1,0,1,0,1,0,0,1,1
sst2_03985,train_3488,train,positive,1,1,1,0,0,0,0,0,0,0,0,1,0,0,0,1,0,1,0,1
sst2_03986,train_32189,train,positive,0,0,0,0,1,1,0,0,0,0,0,1,0,0,0,1,0,0,0,1
sst2_03987,train_37933,train,negative,0,0,0,0,1,1,0,1,0,0,1,1,0,0,0,1,0,0,0,1
sst2_03988,train_59014,train,negative,0,0,0,0,1,1,0,1,0,1,0,1,0,0,0,1,0,0,0,1
sst2_03989,train_10473,train,positive,1,1,0,1,0,0,0,0,0,0,0,1,0,0,0,1,0,0,0,1
sst2_03990,train_51318,train,positive,1,1,0,1,0,0,0,0,0,0,0,1,0,0,0,1,0,0,0,1
sst2_03992,train_21276,train,negative,0,0,0,0,0,0,0,0,0,0,0,0,0,0,0,0,0,0,0,0
sst2_03991,train_19788,train,positive,1,1,1,1,0,0,0,0,0,0,1,0,0,1,0,1,0,0,0,1
sst2_03993,train_47870,train,negative,0,0,0,0,1,1,1,1,0,1,1,1,0,0,0,1,0,0,0,1
sst2_03994,train_8439,train,negative,0,0,0,0,1,1,0,0,0,0,0,0,0,0,0,1,0,0,0,1
sst2_03995,train_29259,train,positive,1,1,1,0,0,0,0,0,0,0,0,1,0,0,0,1,0,0,0,1
sst2_03996,train_15859,train,positive,1,1,0,1,0,0,0,0,0,0,0,1,0,0,0,1,0,0,0,1
sst2_03998,train_67323,train,positive,1,0,1,0,0,0,0,0,0,0,0,0,0,0,0,1,0,1,0,0
sst2_03997,train_46303,train,positive,0,0,0,0,0,0,0,0,0,0,1,0,0,0,0,0,0,0,0,0
sst2_03999,train_56131,test,negative,0,0,0,0,1,1,0,1,0,1,0,1,0,0,0,1,0,0,1,1
sst2_04000,train_66259,train,positive,1,1,0,1,0,0,0,0,1,0,0,1,0,0,0,1,0,0,0,1
sst2_04001,train_46146,test,positive,0,0,0,0,0,0,0,0,0,0,0,0,0,0,0,0,0,0,0,0
sst2_04003,train_24509,train,positive,1,1,0,1,0,0,0,0,0,0,1,0,0,0,0,0,0,0,0,1
sst2_04002,train_27330,train,positive,1,1,0,1,0,0,0,0,0,0,0,1,0,0,0,1,0,0,0,1
sst2_04004,train_16394,train,positive,0,0,0,0,0,0,0,0,0,0,0,0,0,0,0,0,0,0,0,0
sst2_04005,train_17836,train,negative,0,0,0,0,1,1,0,1,0,0,0,1,0,0,0,1,0,0,0,1
sst2_04006,train_12315,train,negative,0,0,0,0,0,0,0,0,0,0,0,0,0,0,0,0,0,0,0,0
sst2_04007,train_50732,train,negative,0,0,0,0,1,1,0,0,0,0,0,1,0,0,0,1,0,0,0,1
sst2_04008,train_14571,test,negative,0,0,0,0,1,1,1,0,0,1,0,1,0,0,0,1,0,0,0,1
sst2_04010,train_18532,train,negative,0,0,0,0,1,1,0,0,0,0,0,0,0,0,0,1,0,0,0,0
sst2_04009,train_40397,train,negative,0,0,0,0,1,1,0,1,0,1,0,1,0,0,0,1,0,0,0,1
sst2_04012,train_28944,train,positive,1,0,0,0,0,0,0,0,0,0,0,0,0,0,1,0,0,0,0,0
sst2_04014,train_6991,train,negative,0,0,0,0,1,1,0,1,0,0,0,1,0,0,0,1,0,0,0,1
sst2_04013,train_58320,train,negative,0,0,0,0,1,1,1,1,0,0,1,1,0,0,0,1,0,0,0,1
sst2_04015,train_33747,train,positive,1,1,1,1,0,0,0,0,0,0,0,1,0,0,0,1,0,1,0,1
sst2_04011,train_34744,train,negative,0,0,0,0,1,1,1,1,0,1,0,1,0,0,0,1,1,0,0,1
sst2_04017,train_54266,train,negative,0,0,0,0,1,1,0,0,0,0,0,1,0,0,0,1,0,0,0,1
sst2_04016,train_43078,train,positive,0,0,0,0,1,1,0,0,0,0,0,1,1,0,0,1,0,0,0,1
sst2_04019,train_24517,train,positive,1,1,0,1,0,0,0,0,1,0,0,0,0,0,0,1,0,0,0,1
sst2_04018,train_65823,train,negative,0,0,0,0,1,1,1,1,0,1,1,1,0,0,0,1,0,0,0,1
sst2_04021,train_6672,train,negative,0,0,0,0,1,1,0,1,0,0,0,1,0,0,0,1,0,0,0,1
sst2_04020,train_4393,test,negative,0,0,0,0,1,1,0,1,0,1,0,1,0,0,0,1,0,0,0,1
sst2_04023,train_50001,test,positive,0,0,0,0,0,0,0,0,0,0,0,0,0,0,0,0,0,0,0,0
sst2_04022,train_64914,train,negative,0,0,0,0,1,1,1,1,0,1,0,1,0,0,0,1,0,0,0,1
sst2_04024,train_13519,train,positive,0,0,0,0,0,0,0,0,0,0,0,0,0,0,0,0,0,0,0,0
sst2_04025,train_47226,train,negative,1,0,1,0,1,1,0,1,0,1,1,1,1,1,0,1,0,0,0,1
sst2_04027,train_44382,train,negative,0,0,0,0,1,1,1,1,0,0,0,1,0,0,0,1,0,0,1,1
sst2_04029,train_9010,test,positive,0,0,0,0,0,0,0,0,0,0,0,0,0,0,0,1,0,0,0,0
sst2_04030,train_25865,train,positive,0,0,0,0,0,0,0,0,0,0,0,0,0,0,0,0,0,0,0,0
sst2_04028,train_27789,train,positive,1,1,1,0,0,0,0,0,0,0,0,0,0,0,0,1,0,1,0,0
sst2_04026,train_36357,train,negative,0,0,0,0,1,1,0,0,0,0,1,1,1,1,0,1,0,0,0,1
sst2_04031,train_10363,train,positive,0,0,0,0,0,0,0,0,0,0,0,0,0,0,0,0,0,0,0,0
sst2_04032,train_64505,train,positive,0,0,0,0,0,0,0,0,0,0,0,0,0,0,0,0,0,0,0,0
sst2_04035,train_50009,train,positive,1,1,1,0,0,0,0,0,0,0,0,1,0,0,0,1,0,1,0,1
sst2_04033,train_55862,train,positive,1,1,0,1,0,0,0,0,1,0,0,0,0,0,0,1,0,0,0,1
sst2_04034,train_628,test,negative,0,0,0,0,1,1,0,1,0,1,0,1,0,0,0,1,0,0,0,1
sst2_04036,train_51818,train,negative,0,0,1,0,1,1,1,0,0,0,1,0,0,1,0,1,0,0,0,0
sst2_04037,train_21971,train,positive,0,0,0,0,0,0,0,0,1,0,0,0,0,0,0,1,0,0,0,0
sst2_04038,train_7961,test,negative,0,0,0,0,1,1,1,1,0,0,0,1,0,0,0,1,1,0,0,1
sst2_04039,train_6016,test,positive,1,1,1,1,0,0,0,0,0,0,0,1,0,0,0,1,0,1,0,1
sst2_04041,train_8799,train,positive,1,1,0,1,0,0,0,0,0,0,1,1,0,0,0,1,0,0,0,1
sst2_04042,train_52881,train,positive,1,1,0,0,0,0,0,0,0,0,0,0,0,0,0,1,0,0,0,0
sst2_04040,train_12617,train,positive,1,1,1,0,0,0,0,0,0,0,0,1,0,0,0,1,1,0,0,1
sst2_04043,train_52719,train,negative,0,0,0,0,0,0,0,0,0,0,0,0,0,0,0,0,0,0,0,0
sst2_04045,train_201,train,positive,1,1,0,0,0,0,0,0,0,0,1,1,0,0,0,0,0,0,0,1
sst2_04044,train_42780,train,negative,0,0,0,0,1,1,1,1,0,0,1,1,1,0,0,1,0,0,0,1
sst2_04048,train_37102,train,positive,0,0,0,0,0,0,0,0,0,0,0,0,0,0,0,0,0,0,0,0
sst2_04047,train_35133,train,negative,0,0,0,0,1,1,0,1,0,1,0,0,0,0,1,0,0,0,0,0
sst2_04049,train_52568,train,positive,1,0,1,0,0,0,0,0,0,0,0,0,0,0,1,0,0,0,0,0
sst2_04046,train_42494,train,positive,1,1,0,1,0,0,0,0,0,0,0,1,0,0,0,1,0,0,0,1
sst2_04052,train_29350,train,negative,0,0,0,0,1,1,0,1,0,0,0,1,0,0,0,1,0,0,0,1
sst2_04050,train_33603,train,negative,0,0,0,0,0,1,0,0,0,0,1,0,0,1,1,0,0,0,0,0
sst2_04051,train_11061,train,positive,1,1,0,0,0,0,0,0,0,0,0,1,0,0,0,1,1,0,0,1
sst2_04053,train_32322,train,positive,1,1,0,1,0,0,0,0,1,0,0,1,0,0,0,1,0,0,0,1
sst2_04054,train_10773,train,negative,0,0,0,0,1,1,0,0,0,0,0,1,0,0,0,1,0,0,0,1
sst2_04055,train_64101,test,negative,0,0,0,0,1,1,1,1,0,0,0,1,0,0,0,1,0,0,1,1
sst2_04056,train_33867,train,positive,0,0,0,0,0,0,0,0,0,0,0,0,0,0,0,1,0,0,0,0
sst2_04057,train_24936,test,positive,1,1,0,1,0,0,0,0,0,0,0,0,0,0,0,0,0,0,0,1
sst2_04058,train_37927,test,positive,0,0,0,0,0,0,0,0,1,0,0,0,0,0,0,0,0,0,0,0
sst2_04059,train_64331,test,negative,0,0,0,0,1,1,1,1,0,0,1,1,0,0,0,1,0,0,0,1
sst2_04061,train_60370,train,positive,1,1,1,1,0,0,0,0,0,0,0,1,0,0,0,1,0,1,0,1
sst2_04060,train_61769,train,negative,0,0,0,0,1,1,0,0,0,0,0,1,0,0,0,1,0,0,0,1
sst2_04062,train_12203,train,negative,0,0,0,0,1,1,0,0,0,0,0,1,0,0,0,1,0,0,0,1
sst2_04063,train_34743,train,positive,1,1,0,1,0,0,0,0,1,0,0,0,0,0,0,0,0,0,0,1
sst2_04064,train_37177,train,negative,0,0,0,0,1,1,1,1,0,0,0,1,0,0,0,1,0,0,0,1
sst2_04065,train_57344,test,negative,0,0,0,0,1,1,0,1,0,1,0,1,0,0,0,1,0,0,0,1
sst2_04066,train_27625,train,negative,0,0,0,0,1,1,0,1,0,0,0,1,1,0,0,1,1,0,0,1
sst2_04067,train_34478,test,negative,0,0,0,0,1,1,1,1,0,1,0,1,0,0,0,1,0,0,0,1
sst2_04068,train_8494,train,negative,0,0,0,0,1,1,0,1,0,0,0,1,0,0,0,1,0,0,0,1
sst2_04069,train_40811,train,negative,0,0,0,0,0,0,0,0,0,0,1,0,0,0,1,0,0,0,0,0
sst2_04070,train_3114,train,positive,0,0,0,0,1,0,0,0,0,0,0,0,0,0,0,1,0,0,0,0
sst2_04071,train_23654,train,positive,1,1,1,1,0,0,0,0,0,0,0,1,0,0,0,1,1,1,0,1
sst2_04074,train_63105,train,positive,1,1,0,1,0,0,0,0,0,0,0,0,0,0,0,0,0,0,0,1
sst2_04072,train_3708,train,positive,1,1,1,1,0,0,0,0,0,0,0,1,0,0,0,1,0,1,0,1
sst2_04073,train_40832,train,positive,1,1,1,0,0,0,0,0,0,0,1,0,0,0,0,1,0,1,0,1
sst2_04076,train_5541,train,negative,0,0,0,0,1,1,0,1,0,0,0,1,0,0,0,1,0,0,0,1
sst2_04077,train_22761,test,negative,0,0,0,0,1,1,1,1,0,1,0,1,0,0,1,1,0,0,1,0
sst2_04078,train_60456,train,positive,1,1,0,1,0,0,0,0,1,0,0,0,0,0,0,0,0,0,0,1
sst2_04080,train_8433,test,positive,1,1,1,1,0,0,0,0,0,0,1,1,0,0,0,1,0,1,0,1
sst2_04075,train_62166,train,positive,1,1,0,0,0,0,0,0,0,0,0,1,0,0,0,1,0,0,0,1
sst2_04079,train_56500,test,positive,1,1,1,0,0,0,0,0,0,0,0,1,0,0,0,1,0,0,0,1
sst2_04081,train_53633,train,positive,1,1,0,1,0,0,0,0,0,0,0,1,0,0,0,1,0,1,0,1
sst2_04082,train_63469,train,negative,0,0,0,0,1,1,0,0,0,0,0,0,0,0,1,0,0,0,0,0
sst2_04083,train_43966,train,positive,1,0,0,0,0,0,0,0,0,0,0,0,0,0,0,1,0,0,0,0
sst2_04086,train_63005,train,positive,0,0,0,0,0,0,0,0,0,0,0,0,0,0,0,0,0,0,0,0
sst2_04085,train_531,test,negative,0,0,0,0,1,1,1,1,0,0,0,1,0,0,0,1,0,0,0,1
sst2_04084,train_49797,train,negative,0,0,0,0,1,1,0,1,0,1,0,1,0,0,0,1,0,0,0,1
sst2_04087,train_59402,train,positive,1,1,1,0,0,0,0,0,0,0,0,0,0,0,0,1,0,1,0,0
sst2_04088,train_13505,train,negative,0,0,0,0,1,1,0,1,0,1,0,1,0,0,0,1,0,0,0,1
sst2_04091,train_60473,train,positive,0,0,0,0,1,0,0,0,0,0,0,0,0,0,0,1,0,0,0,0
sst2_04089,train_42223,train,positive,0,0,0,0,0,0,0,0,0,0,0,0,0,0,0,0,0,0,0,0
sst2_04090,train_47775,test,positive,1,1,0,1,0,0,0,0,1,0,0,1,0,0,0,1,0,0,0,1
sst2_04092,train_25953,test,negative,0,0,0,0,1,1,1,1,0,1,0,1,0,0,0,1,0,0,0,1
sst2_04093,train_61340,train,negative,0,0,0,0,1,1,0,1,0,0,0,0,0,0,0,0,0,0,1,1
sst2_04096,train_24792,test,positive,0,0,0,0,0,0,0,0,0,0,0,0,0,0,0,0,0,0,0,0
sst2_04095,train_33016,test,positive,1,1,0,1,0,0,0,0,0,0,0,0,0,0,0,1,0,0,0,1
sst2_04094,train_824,train,positive,1,1,0,1,0,0,0,0,0,0,1,1,0,0,0,1,0,0,0,1
sst2_04098,train_56544,train,positive,0,0,0,0,0,0,0,0,0,0,0,0,0,0,0,0,0,0,0,0
sst2_04097,train_26379,train,positive,1,1,1,1,0,0,0,0,0,0,0,0,0,0,0,1,0,1,0,1
sst2_04101,train_52432,train,positive,0,0,0,0,0,0,0,0,0,0,0,0,0,0,0,0,0,0,0,0
sst2_04100,train_24824,train,negative,0,0,0,0,1,1,0,1,0,0,0,1,0,0,0,1,0,0,0,1
sst2_04099,train_23065,train,negative,0,0,0,0,1,1,1,1,0,0,0,1,0,0,0,1,1,0,0,1
sst2_04104,train_56842,test,negative,0,0,0,0,1,1,0,1,0,1,1,1,0,0,0,1,0,0,0,1
sst2_04102,train_5415,train,positive,1,1,0,1,0,0,0,0,0,0,0,0,0,0,1,0,0,0,0,0
sst2_04103,train_39116,train,positive,0,0,0,0,0,1,0,0,0,1,0,0,0,0,1,0,0,0,0,0
sst2_04105,train_43277,train,positive,1,1,0,1,0,0,0,0,0,0,0,1,0,0,0,1,0,0,0,1
sst2_04106,train_1538,train,negative,0,0,0,0,1,1,1,1,0,1,0,1,0,0,0,1,0,0,0,1
sst2_04107,train_53470,train,negative,0,0,0,0,0,0,0,0,0,0,0,0,0,0,1,0,0,0,0,0
sst2_04109,train_52729,train,positive,1,1,0,1,0,0,0,0,1,0,0,1,0,0,0,1,0,0,0,1
sst2_04108,train_25769,train,negative,0,1,0,0,1,1,1,1,1,1,0,1,0,1,0,1,0,0,1,1
sst2_04111,train_18988,train,positive,1,1,0,1,1,0,0,0,0,0,0,1,0,1,0,1,1,0,0,1
sst2_04112,train_34353,test,positive,0,0,0,0,0,0,0,0,0,0,0,0,0,0,0,0,0,0,0,0
sst2_04110,train_48486,train,negative,0,0,0,0,1,1,0,1,0,0,1,1,1,0,0,1,1,0,0,1
sst2_04113,train_34550,train,negative,0,0,0,0,1,1,1,1,0,0,1,1,0,0,0,1,1,0,0,1
sst2_04114,train_55837,train,positive,1,1,0,1,0,0,0,0,0,0,0,1,0,0,0,1,0,0,0,1
sst2_04115,train_6835,train,negative,0,0,0,0,1,1,0,1,0,1,0,1,0,0,0,1,0,0,0,1
sst2_04116,train_14165,test,negative,0,0,0,0,1,1,1,1,0,1,1,1,1,0,0,1,0,0,0,1
sst2_04117,train_30859,train,positive,1,1,1,0,0,0,0,0,0,0,0,0,0,0,0,1,0,0,0,0
sst2_04118,validation_304,train,positive,1,1,0,1,0,0,0,0,0,0,1,1,0,0,0,1,0,0,0,1
sst2_04120,train_55722,train,positive,1,1,1,1,0,0,0,0,0,0,0,1,0,0,0,1,0,1,0,1
sst2_04119,train_7132,train,negative,0,0,0,0,1,1,0,1,0,0,0,1,0,0,0,1,0,0,1,1
sst2_04121,train_16366,train,negative,0,0,0,0,1,1,0,1,0,1,0,1,1,0,0,1,0,0,0,1
sst2_04123,train_40971,test,negative,0,0,0,0,1,1,1,1,0,0,1,1,0,0,0,1,1,0,0,1
sst2_04124,train_24696,train,positive,0,0,0,0,1,1,0,1,0,0,0,1,0,0,0,1,0,0,0,1
sst2_04122,train_42738,train,negative,0,0,0,0,1,1,1,1,0,0,0,1,0,1,0,1,0,0,0,1
sst2_04125,train_21817,train,negative,0,0,0,0,1,1,1,1,0,1,1,1,0,0,0,1,0,0,0,1
sst2_04126,train_13870,train,positive,1,1,1,1,0,0,0,0,0,0,0,1,0,0,0,1,0,1,0,1
sst2_04127,train_11248,test,positive,1,1,0,1,0,0,0,0,0,0,0,1,0,0,0,1,0,0,0,1
sst2_04128,train_50958,train,negative,0,0,0,0,1,1,0,1,0,0,0,1,0,0,0,1,0,0,0,1
sst2_04129,train_51924,train,positive,1,1,0,0,0,0,0,0,0,0,0,1,0,0,0,1,0,0,0,1
sst2_04130,train_61932,train,positive,1,1,1,1,0,0,0,0,0,0,0,1,0,0,0,1,0,1,0,1
sst2_04133,train_43672,test,negative,0,0,0,0,1,1,0,0,0,0,0,1,0,0,0,1,0,0,0,1
sst2_04131,train_10901,test,negative,0,0,0,0,1,1,0,1,0,0,0,1,0,0,0,1,0,0,0,1
sst2_04132,train_41525,train,negative,0,0,0,0,1,1,0,1,0,0,0,1,0,0,0,1,0,0,0,1
sst2_04134,train_46893,test,positive,1,1,1,1,0,0,0,0,1,0,1,1,0,0,0,1,1,1,0,1
sst2_04136,train_49533,train,negative,0,0,0,0,0,0,0,0,0,0,0,0,0,0,1,0,0,0,0,0
sst2_04139,train_2640,test,negative,0,0,0,0,0,0,0,0,0,0,1,0,0,0,0,0,0,0,0,0
sst2_04135,train_53590,train,positive,1,1,0,0,0,0,0,0,0,0,0,0,0,0,0,1,0,0,0,0
sst2_04137,train_26523,train,positive,1,1,1,0,0,0,0,0,0,0,0,1,0,0,0,1,0,1,0,1
sst2_04138,train_12697,train,positive,1,1,0,0,0,0,0,0,0,0,0,0,0,0,0,1,0,0,0,1
sst2_04140,train_54378,train,negative,0,1,0,1,1,1,1,1,0,0,0,1,0,1,0,1,0,0,1,1
sst2_04142,train_67080,train,negative,0,0,0,0,1,1,0,0,0,0,0,1,0,0,0,1,0,0,0,1
sst2_04143,train_65880,train,positive,0,0,0,0,0,0,0,0,0,0,0,0,0,0,0,1,0,0,0,0
sst2_04141,train_18708,train,negative,0,0,0,0,1,1,0,0,0,1,0,1,0,0,1,1,0,0,0,0
sst2_04145,train_32406,test,positive,0,0,0,0,0,0,0,0,0,0,0,0,0,0,1,0,0,0,0,0
sst2_04144,train_64382,train,positive,0,0,0,0,0,0,0,0,0,0,0,0,0,0,0,1,0,0,0,0
sst2_04147,train_26812,train,negative,0,0,0,0,1,1,1,1,0,1,1,1,0,0,0,1,0,0,0,1
sst2_04146,train_59551,train,positive,1,1,0,1,0,0,0,0,0,0,0,1,0,0,0,1,0,0,0,1
sst2_04148,train_40944,train,negative,0,0,0,0,1,1,0,1,0,0,0,1,0,0,0,1,0,0,0,1
sst2_04149,train_28158,train,positive,1,1,0,1,0,0,0,0,0,0,0,1,0,0,0,1,0,0,0,1
sst2_04150,train_32858,train,negative,0,0,0,0,1,1,1,1,0,1,1,1,0,0,0,1,0,0,0,1
sst2_04151,train_53915,train,negative,0,0,0,0,1,1,0,1,0,0,1,1,0,0,0,1,0,0,0,1
sst2_04153,train_31020,train,positive,1,1,0,1,0,0,0,0,0,0,0,1,0,0,0,1,0,0,0,1
sst2_04152,train_42029,test,negative,0,0,0,0,1,1,0,0,0,0,0,0,0,0,1,1,0,0,0,0
sst2_04154,train_21274,train,positive,1,1,1,1,0,0,0,0,0,0,0,1,0,0,0,1,0,0,0,1
sst2_04155,train_46398,test,negative,0,0,0,0,1,1,1,1,0,1,0,1,0,0,0,1,0,0,1,1
sst2_04156,train_52612,train,negative,0,0,0,0,0,0,0,0,0,0,0,0,0,0,1,0,0,0,0,0
sst2_04158,train_1677,train,positive,1,1,0,0,0,0,0,0,0,0,1,0,0,0,0,0,0,0,0,0
sst2_04157,train_35538,train,negative,0,0,0,0,1,1,0,1,0,0,0,1,0,0,0,1,0,0,0,1
sst2_04159,train_48953,test,negative,0,0,0,0,1,1,1,1,0,0,0,1,0,0,1,1,0,0,0,0
sst2_04161,train_15024,train,negative,0,0,0,0,1,1,0,1,0,1,0,1,0,0,0,1,0,0,0,1
sst2_04160,train_50863,train,negative,0,0,0,0,1,1,1,1,1,0,1,1,0,1,0,1,0,0,0,1
sst2_04163,train_47836,train,positive,0,0,0,0,0,0,0,0,0,0,0,0,0,0,1,0,0,0,0,0
sst2_04164,train_49912,train,positive,1,1,1,0,0,0,0,0,0,0,0,0,0,0,0,1,0,0,0,0
sst2_04162,train_23590,train,positive,0,0,0,0,0,0,0,0,0,0,0,0,0,0,0,1,0,0,0,0
sst2_04167,train_24335,train,negative,0,0,0,0,1,1,0,1,0,1,1,1,0,0,1,1,1,0,0,0
sst2_04165,train_28107,test,negative,0,0,0,0,1,1,0,0,0,0,1,0,0,0,0,0,0,0,0,1
sst2_04168,train_38318,train,negative,0,0,0,0,1,1,1,1,0,0,0,1,0,0,0,1,0,0,0,1
sst2_04169,train_60053,test,positive,0,0,0,0,0,0,0,0,0,0,0,0,0,0,0,0,0,0,0,0
sst2_04166,train_34847,train,negative,0,0,0,0,0,0,0,0,0,0,1,0,0,0,0,0,0,0,0,0
sst2_04171,train_7811,train,positive,1,1,0,0,0,0,0,0,0,0,0,0,0,0,0,1,0,0,0,0
sst2_04170,train_61155,train,negative,0,0,0,0,1,1,1,1,0,0,1,1,0,0,0,1,0,0,0,1
sst2_04172,train_9217,train,positive,0,0,0,0,1,0,0,0,0,0,0,1,0,0,0,1,0,0,0,1
sst2_04173,train_48714,train,positive,0,0,0,0,0,0,0,0,0,0,0,0,0,0,0,0,0,0,0,0
sst2_04174,train_61089,train,positive,1,1,1,1,0,0,0,0,1,0,0,1,0,0,0,1,0,1,0,1
sst2_04176,train_42987,train,positive,0,0,0,0,0,0,0,0,0,0,0,0,0,0,0,0,0,0,0,0
sst2_04175,train_22273,train,positive,1,1,0,1,0,0,0,0,1,0,0,1,0,0,0,1,0,0,0,1
sst2_04177,train_14264,test,negative,0,0,0,0,1,1,1,1,0,1,1,1,1,0,0,1,0,0,0,1
sst2_04179,train_47591,train,negative,0,0,0,0,1,1,1,1,0,0,0,1,0,0,0,1,0,0,0,1
sst2_04180,train_44381,train,negative,0,0,0,0,1,1,0,1,0,1,1,1,0,0,0,1,1,0,0,1
sst2_04181,train_43031,test,positive,0,0,0,0,0,0,0,0,0,0,0,0,0,0,0,1,0,1,0,0
sst2_04182,train_37743,test,negative,0,0,0,0,1,1,0,1,0,0,0,1,0,0,0,1,0,0,1,1
sst2_04183,train_5711,train,negative,0,0,0,0,1,1,1,1,0,0,0,1,0,0,0,1,1,0,0,1
sst2_04178,train_30426,train,positive,1,1,1,0,0,0,0,0,0,0,1,0,0,0,0,0,0,0,0,0
sst2_04184,train_16881,train,positive,1,1,0,1,0,0,0,0,0,0,0,1,0,0,0,1,0,0,0,1
sst2_04185,train_46755,train,positive,1,1,1,0,0,0,0,0,0,0,0,0,0,0,0,0,1,0,0,0
sst2_04187,train_33213,train,positive,0,0,0,0,0,0,0,0,0,0,0,0,0,0,0,1,0,0,0,0
sst2_04186,train_14793,test,negative,0,0,0,0,1,1,0,1,0,0,0,1,0,0,0,1,0,0,0,1
sst2_04188,train_39642,train,negative,0,0,0,0,1,1,0,0,0,0,0,0,0,0,0,0,1,0,0,1
sst2_04190,train_55277,train,negative,0,0,0,0,1,1,1,1,0,0,0,1,0,0,0,1,0,0,0,1
sst2_04189,train_9298,train,negative,0,0,0,0,1,1,1,1,0,0,1,1,0,0,0,1,1,0,0,1
sst2_04191,train_18410,train,negative,0,0,0,0,1,1,0,1,0,0,0,1,0,0,0,1,0,0,0,1
sst2_04193,train_38219,train,negative,0,0,0,0,1,1,0,0,0,0,0,1,0,0,0,1,1,0,0,1
sst2_04192,train_46554,train,negative,0,0,0,0,1,1,0,1,0,1,0,1,0,0,0,1,0,0,0,1
sst2_04195,validation_734,train,negative,0,0,0,0,1,1,1,1,0,0,1,1,0,0,0,1,0,0,0,1
sst2_04194,train_39923,train,positive,1,1,0,1,0,0,0,0,0,0,1,1,0,0,0,1,0,0,0,1
sst2_04196,train_44844,train,positive,1,0,0,0,0,0,0,0,0,0,0,0,0,0,0,0,1,0,0,1
sst2_04199,train_58598,train,positive,1,0,1,0,0,0,0,0,0,0,0,0,0,0,0,1,1,0,0,1
sst2_04197,train_7577,train,positive,1,1,0,1,0,0,0,0,0,0,0,0,0,0,0,1,0,0,0,0
sst2_04198,train_35455,train,positive,1,1,0,0,0,0,0,0,0,0,0,0,0,0,0,1,0,0,0,0
sst2_04200,train_19286,train,negative,0,0,0,0,1,1,1,1,0,0,1,1,0,0,0,1,1,0,0,1
sst2_04201,train_61824,train,positive,1,1,0,1,0,0,0,0,1,0,0,0,0,0,0,0,0,0,0,0
sst2_04202,train_46331,train,negative,0,0,0,0,0,0,0,0,0,0,1,0,0,0,0,0,0,0,0,0
sst2_04203,train_49701,train,negative,0,0,0,0,1,1,1,0,0,0,0,1,0,0,0,1,0,0,0,1
sst2_04204,train_7399,train,negative,0,0,0,0,1,1,0,1,0,1,0,1,0,0,0,1,0,0,0,1
sst2_04205,train_57150,train,negative,0,0,0,0,1,1,1,1,0,0,1,1,0,1,0,1,1,0,0,1
sst2_04206,train_50953,train,positive,1,1,0,1,0,0,0,0,0,0,0,1,0,0,0,1,0,0,0,1
sst2_04207,train_2293,test,negative,0,0,0,0,0,0,0,0,0,0,0,0,0,0,1,0,0,0,0,0
sst2_04209,validation_691,train,positive,1,1,0,1,0,0,0,0,1,0,0,1,0,0,0,1,0,1,0,1
sst2_04208,train_19739,train,positive,1,1,0,1,0,0,0,0,0,0,0,1,0,0,0,1,0,0,0,1
sst2_04212,train_49551,train,positive,1,1,0,1,0,0,0,0,0,0,0,0,0,0,0,1,0,0,0,1
sst2_04211,train_57303,train,positive,1,0,1,0,0,0,0,0,0,0,1,0,0,0,1,0,0,0,0,0
sst2_04210,train_45357,test,negative,0,0,0,0,1,1,1,1,0,0,1,1,0,0,0,1,0,0,0,1
sst2_04213,train_49410,test,negative,0,0,0,0,1,1,0,1,0,0,0,1,0,0,0,1,0,0,0,1
sst2_04214,train_17421,test,negative,0,0,0,0,0,0,0,0,0,0,0,0,0,0,0,0,0,0,0,0
sst2_04215,train_42612,train,positive,0,0,0,0,0,0,0,0,0,0,0,0,0,0,0,0,0,0,0,0
sst2_04217,train_57327,train,negative,0,0,0,0,1,1,1,1,0,1,0,1,1,0,0,1,1,0,0,1
sst2_04216,train_20749,train,positive,1,0,1,0,0,0,0,0,0,0,1,0,0,0,0,0,0,0,0,0
sst2_04218,train_64455,test,negative,0,0,0,0,0,0,0,0,0,0,0,0,0,0,0,0,0,0,0,1
sst2_04219,train_35585,train,positive,1,1,0,1,0,0,0,0,0,0,0,1,0,0,0,1,0,0,0,1
sst2_04220,train_9269,train,positive,1,0,0,0,0,0,0,0,0,0,0,0,0,0,0,1,0,0,0,0
sst2_04222,train_31808,train,negative,0,0,0,0,1,1,0,1,0,0,0,1,0,0,0,1,0,0,0,1
sst2_04225,train_63819,test,negative,0,0,0,0,1,1,0,1,0,1,0,1,0,0,0,1,0,0,0,1
sst2_04223,train_3856,train,positive,1,1,0,0,0,0,0,0,0,0,0,0,0,0,0,1,0,0,0,0
sst2_04226,train_62103,train,positive,0,0,0,0,0,0,0,0,0,0,0,0,0,0,0,0,0,0,0,0
sst2_04224,train_33596,train,negative,0,0,0,0,1,1,0,0,0,0,0,1,0,0,0,1,0,0,0,1
sst2_04221,train_20917,train,positive,0,0,0,0,1,1,1,0,0,0,1,1,0,0,0,1,0,0,0,1
sst2_04229,train_1991,train,positive,1,1,0,1,0,0,0,0,1,0,0,1,0,0,0,1,0,0,0,1
sst2_04227,train_2282,train,positive,1,1,1,0,0,0,0,0,0,0,0,0,0,0,0,1,0,1,0,1
sst2_04232,train_20768,train,positive,0,0,0,0,0,0,0,0,0,0,0,0,0,0,0,0,0,0,0,0
sst2_04230,train_46932,test,positive,1,1,0,1,0,0,0,0,0,0,1,1,0,0,0,1,0,0,0,1
sst2_04231,train_12440,train,positive,1,1,1,1,0,0,0,0,1,0,1,0,0,1,1,0,0,0,0,0
sst2_04228,train_45954,train,negative,0,0,0,0,1,1,0,1,0,0,0,1,0,0,0,1,1,0,0,1
sst2_04233,train_50095,train,positive,1,1,0,1,0,0,0,0,1,0,0,0,0,0,0,1,0,0,0,1
sst2_04235,train_32921,train,positive,0,0,0,0,0,0,0,0,0,0,1,0,0,0,0,0,0,0,0,0
sst2_04234,train_31067,train,positive,1,1,0,1,0,0,0,0,0,0,0,1,0,0,0,1,0,1,0,1
sst2_04236,train_43131,train,negative,0,0,0,0,1,1,0,1,0,1,0,1,0,0,0,1,1,0,0,1
sst2_04237,train_29897,train,negative,0,0,0,0,1,1,0,0,0,0,1,1,0,0,0,1,0,0,0,1
sst2_04238,train_5254,test,positive,0,0,0,0,0,0,0,0,0,0,1,0,1,1,0,0,0,0,0,0
sst2_04242,train_36406,train,positive,1,0,0,0,0,0,0,0,0,0,0,1,0,0,0,1,0,0,0,1
sst2_04239,train_34820,train,positive,0,0,0,0,0,0,0,0,0,0,0,0,0,0,0,0,0,0,0,0
sst2_04240,train_5271,train,negative,0,0,0,0,1,1,0,1,0,0,0,1,0,0,0,1,0,0,0,1
sst2_04243,train_46618,test,positive,1,1,0,0,0,0,0,0,1,0,1,0,0,0,0,1,0,0,0,1
sst2_04244,train_1940,train,positive,1,1,0,1,0,0,0,0,1,0,1,1,0,0,0,0,0,0,0,1
sst2_04241,train_55353,train,positive,0,0,0,0,0,0,0,0,0,0,0,1,0,1,0,1,0,0,0,1
sst2_04245,train_16852,train,positive,1,1,1,0,0,0,0,0,0,0,0,0,0,0,0,1,0,1,0,1
sst2_04247,train_29813,test,negative,0,0,0,0,1,1,1,1,0,1,1,1,1,0,0,1,1,0,0,1
sst2_04248,train_64141,test,positive,1,1,0,0,0,0,0,0,0,0,0,0,0,1,0,1,0,0,0,1
sst2_04246,train_3072,train,negative,0,0,0,0,1,1,1,1,0,1,0,1,0,0,0,1,1,0,0,1
sst2_04251,train_32707,train,positive,1,0,1,0,0,0,0,0,0,0,0,0,0,0,1,0,0,0,0,0
sst2_04249,train_44693,train,positive,1,1,0,1,0,0,0,0,0,0,0,1,0,0,0,1,0,0,0,1
sst2_04252,train_43632,train,positive,1,1,0,1,0,0,0,0,0,0,0,1,0,0,0,1,0,0,0,1
sst2_04253,train_15602,train,negative,0,0,0,0,1,0,0,0,0,0,0,0,0,0,0,1,0,0,0,1
sst2_04250,train_51224,train,positive,1,1,1,0,0,0,0,0,0,0,0,0,0,0,0,1,0,1,0,1
sst2_04254,train_3208,train,negative,0,0,1,0,1,1,0,1,0,0,0,1,0,1,0,1,0,0,0,1
sst2_04256,train_30603,train,positive,1,1,0,0,0,0,0,0,1,0,0,1,0,0,0,1,0,0,0,1
sst2_04255,train_381,train,positive,1,1,0,1,0,0,0,0,1,0,0,1,0,0,0,1,0,0,0,1
sst2_04257,train_2276,train,positive,1,1,0,0,0,0,0,0,0,0,1,0,0,0,0,1,0,0,0,0
sst2_04258,validation_528,train,positive,1,1,1,1,0,0,0,0,0,0,0,1,0,0,0,1,1,1,0,1
sst2_04260,train_9337,train,positive,0,0,0,0,0,0,0,0,0,0,0,0,0,0,1,0,0,0,0,0
sst2_04259,train_54846,train,positive,1,0,0,0,0,0,0,0,0,0,0,0,0,0,0,0,0,0,0,0
sst2_04261,train_17581,train,negative,0,0,0,0,1,0,0,0,0,0,0,0,0,0,0,1,0,0,0,0
sst2_04264,train_16098,train,negative,0,0,0,0,0,0,0,0,0,0,0,0,0,0,0,0,0,0,0,0
sst2_04262,train_20476,train,negative,0,0,0,0,1,1,1,1,0,0,0,1,0,0,0,1,1,0,0,1
sst2_04263,train_46334,test,positive,1,1,0,1,0,0,0,0,0,0,1,1,0,1,0,1,0,0,0,1
sst2_04265,train_110,train,negative,0,0,0,0,1,1,0,1,0,0,0,1,0,0,0,1,0,0,0,1
sst2_04266,train_59935,train,positive,1,1,1,1,0,0,0,0,0,0,0,1,0,0,0,1,0,1,0,1
sst2_04267,train_29814,train,positive,1,1,0,1,0,0,0,0,0,0,0,1,0,0,0,1,0,0,0,1
sst2_04268,train_64129,test,negative,0,0,0,0,1,1,1,1,0,0,0,1,0,0,0,1,0,0,1,1
sst2_04270,train_62695,train,positive,1,1,0,1,0,0,0,0,1,0,0,0,0,0,0,1,0,0,0,0
sst2_04269,train_23154,test,negative,0,0,0,0,1,1,1,1,0,1,0,1,0,0,0,1,0,0,1,1
sst2_04271,train_4877,train,positive,1,1,1,0,0,0,0,0,0,0,0,1,0,0,0,1,0,1,0,1
sst2_04272,train_20306,train,negative,0,0,0,0,1,1,0,1,0,0,0,1,0,0,0,1,0,0,1,1
sst2_04273,train_53611,train,negative,0,0,0,0,1,1,0,1,0,0,0,1,0,0,0,1,0,0,0,1
sst2_04274,train_9722,test,negative,0,0,0,0,1,1,0,1,0,0,0,1,0,0,0,1,0,0,0,1
sst2_04276,train_17943,train,negative,0,0,0,0,1,1,1,1,0,1,0,1,0,0,0,1,1,0,1,1
sst2_04277,train_63552,train,positive,0,1,0,1,0,0,0,0,0,0,1,1,0,1,0,1,0,0,1,1
sst2_04275,train_66649,test,positive,1,1,1,1,0,0,0,0,0,0,0,1,0,0,0,1,0,1,0,1
sst2_04279,train_15650,train,negative,0,0,0,0,0,0,0,0,0,0,0,0,0,0,1,0,0,0,0,0
sst2_04278,train_57240,train,negative,0,0,0,0,1,1,0,1,0,0,0,1,0,0,0,1,0,0,0,1
sst2_04284,train_1057,train,positive,1,1,0,0,0,0,0,0,0,0,0,0,0,0,0,1,0,0,0,0
sst2_04280,train_48794,train,positive,1,1,0,1,0,0,0,0,0,0,1,1,0,0,0,1,0,0,0,1
sst2_04282,train_32746,train,negative,0,0,0,0,1,1,0,1,0,0,0,1,0,0,0,1,1,0,0,1
sst2_04281,train_33236,train,negative,0,0,0,0,1,1,1,1,0,1,1,1,0,0,0,1,0,0,0,1
sst2_04283,train_1107,train,negative,0,0,0,0,1,1,1,1,0,0,1,1,0,0,0,1,0,0,0,1
sst2_04285,train_64678,train,negative,0,0,0,0,1,1,1,1,0,0,0,1,0,0,0,1,1,0,0,1
sst2_04286,train_43529,train,negative,0,0,0,0,1,1,0,0,0,1,0,1,0,0,0,1,0,0,0,1
sst2_04289,train_21250,test,negative,0,0,0,0,1,1,0,1,0,1,0,1,0,1,0,1,0,0,0,1
sst2_04288,train_53695,test,negative,0,0,0,0,1,1,1,0,0,0,1,1,0,1,0,1,0,0,0,1
sst2_04287,train_46307,test,positive,1,1,1,1,0,0,0,0,0,0,0,1,0,0,0,1,0,1,0,1
sst2_04291,train_25065,train,negative,0,0,0,0,1,1,0,1,0,0,0,1,0,0,0,1,1,0,0,1
sst2_04290,train_54870,train,negative,0,0,0,0,0,1,1,0,0,0,1,0,0,1,0,0,0,0,0,0
sst2_04293,train_19119,train,negative,0,0,0,0,1,0,0,0,0,0,0,0,0,0,0,1,0,0,0,1
sst2_04292,train_39448,train,positive,1,1,1,1,0,0,0,0,0,0,0,1,0,0,0,1,0,1,0,1
sst2_04294,train_4290,train,positive,1,1,1,1,0,0,0,0,1,0,1,1,0,0,0,1,0,1,0,1
sst2_04295,train_65093,train,positive,1,1,0,1,0,0,0,0,0,0,0,1,0,0,0,1,0,0,0,1
sst2_04296,train_41211,train,positive,1,1,0,1,0,0,0,0,0,0,0,0,0,0,0,1,0,0,0,0
sst2_04297,train_60809,train,positive,1,0,1,0,0,0,0,0,0,0,0,0,0,0,0,1,0,0,0,0
sst2_04298,train_53023,train,positive,1,1,1,1,0,0,0,0,1,0,0,1,0,0,0,1,0,1,0,1
sst2_04299,train_25193,train,positive,1,1,1,1,0,1,0,0,0,1,1,1,0,1,0,1,0,1,0,1
sst2_04300,train_33766,train,positive,1,1,1,0,0,1,1,0,0,0,1,0,0,1,0,1,0,0,0,0
sst2_04301,train_63355,test,negative,0,0,0,0,0,0,0,0,0,0,1,0,0,0,0,0,0,0,0,0
sst2_04304,train_58712,train,positive,0,0,0,0,0,0,0,0,0,0,0,0,0,0,0,0,0,0,0,0
sst2_04303,train_41183,train,positive,0,0,0,0,0,0,0,0,0,0,0,0,0,0,0,0,0,0,0,0
sst2_04302,train_39693,train,positive,1,1,0,1,0,0,0,0,0,0,0,0,0,0,0,1,0,0,0,1
sst2_04306,train_41809,train,positive,1,1,0,0,0,0,0,0,0,0,1,0,0,0,0,0,0,0,0,0
sst2_04305,train_55800,test,negative,0,0,0,0,1,1,0,1,0,1,0,1,0,0,0,1,0,0,0,1
sst2_04307,train_692,train,negative,0,0,0,0,1,1,1,1,0,1,1,1,0,0,0,1,1,0,0,1
sst2_04310,train_13721,train,positive,1,1,0,1,0,0,0,0,0,0,0,1,0,0,0,1,0,1,0,1
sst2_04309,train_5367,train,negative,0,0,0,0,1,1,0,0,0,0,0,1,0,0,0,1,0,0,0,1
sst2_04308,train_21337,train,negative,0,0,0,0,1,1,1,0,0,0,1,1,0,1,0,1,0,0,0,1
sst2_04312,train_9317,train,positive,1,1,0,1,0,0,0,0,1,0,0,0,0,0,1,0,0,0,0,0
sst2_04311,train_34426,train,positive,1,1,0,1,0,0,0,0,1,0,0,1,0,0,0,1,0,0,0,1
sst2_04315,train_65983,train,positive,0,0,0,0,0,0,0,0,0,0,0,0,0,0,0,0,0,0,0,0
sst2_04314,train_4615,train,negative,0,1,0,0,1,1,0,1,0,1,0,1,1,1,0,1,0,0,1,1
sst2_04316,train_14435,train,positive,1,1,0,0,0,0,0,0,0,0,0,1,0,0,0,1,0,0,0,1
sst2_04317,train_65818,train,positive,1,1,0,1,0,0,0,0,0,0,0,1,0,0,0,1,0,0,0,1
sst2_04313,train_64287,train,negative,0,0,0,0,1,1,0,0,0,0,0,1,0,0,0,1,0,0,0,1
sst2_04318,train_65072,train,positive,1,1,0,1,0,0,0,0,0,0,0,0,0,0,0,1,0,0,0,1
sst2_04320,train_3356,train,positive,0,0,0,0,0,0,0,0,0,0,0,0,0,0,0,0,0,0,0,0
sst2_04319,train_54896,train,positive,1,1,0,1,0,0,0,0,1,0,0,0,0,0,0,1,0,0,0,1
sst2_04322,train_142,train,positive,1,1,1,0,0,0,0,0,0,0,0,0,0,0,0,1,0,1,0,1
sst2_04321,train_31555,test,positive,1,1,0,1,0,0,0,0,0,0,0,0,0,0,0,1,0,0,0,1
sst2_04324,train_25881,train,positive,0,0,0,0,0,0,0,0,0,0,0,0,0,1,0,1,0,0,0,0
sst2_04323,train_15436,train,positive,1,1,0,1,0,0,0,0,1,0,0,0,0,0,0,1,0,0,0,1
sst2_04326,train_38018,train,negative,0,0,0,0,1,1,1,1,0,0,0,1,0,0,0,1,0,0,0,1
sst2_04325,train_58639,train,negative,0,0,0,0,1,1,0,1,0,0,0,1,0,0,0,1,0,0,0,1
sst2_04327,train_46530,train,positive,1,0,0,0,0,0,0,0,0,0,0,0,0,0,0,1,0,0,0,0
sst2_04328,train_26439,train,negative,0,0,0,0,1,1,0,1,0,0,0,1,0,0,0,1,0,0,1,1
sst2_04329,train_65047,train,positive,1,1,1,1,0,0,0,0,1,0,0,1,0,0,0,1,0,1,0,1
sst2_04331,train_57783,train,positive,1,1,0,1,0,0,0,0,0,0,1,0,0,0,0,1,0,0,0,0
sst2_04332,train_67127,test,positive,1,1,0,0,0,0,0,0,0,0,0,0,0,0,0,1,0,0,0,1
sst2_04330,train_11496,train,negative,0,0,0,0,1,1,1,1,0,0,0,1,0,0,0,1,0,0,0,1
sst2_04333,train_5488,train,positive,1,1,0,0,0,0,0,0,0,0,0,0,0,0,0,0,0,0,0,0
sst2_04334,train_58740,train,positive,0,0,0,0,0,0,0,0,0,0,0,0,0,0,0,0,0,0,0,0
sst2_04337,train_43857,train,positive,0,0,0,0,0,0,0,0,0,0,0,0,0,0,0,0,0,0,0,0
sst2_04339,train_7350,test,positive,1,1,1,0,0,0,0,0,0,0,0,0,0,0,0,1,0,1,0,0
sst2_04336,train_66021,train,positive,1,0,0,0,0,0,0,0,0,0,0,0,0,0,0,0,0,0,0,0
sst2_04338,train_47477,test,positive,0,1,0,1,0,0,0,0,0,0,0,0,0,0,0,0,0,0,0,1
sst2_04335,train_10238,test,negative,0,0,0,0,1,1,0,1,0,1,0,1,0,0,0,1,0,0,0,1
sst2_04344,train_17473,train,negative,0,0,0,0,0,0,0,0,0,0,0,0,0,0,0,1,0,0,0,0
sst2_04340,train_25107,test,negative,0,0,0,0,1,1,0,1,0,0,0,1,0,0,0,1,0,0,0,1
sst2_04342,train_42976,train,negative,0,0,0,0,1,1,0,1,0,1,0,1,0,0,0,1,0,0,0,1
sst2_04345,train_20257,train,positive,1,1,0,1,0,0,0,0,1,0,0,1,0,0,0,1,0,0,0,1
sst2_04341,train_27287,train,negative,0,0,0,0,1,1,1,1,0,0,0,1,0,0,0,1,0,0,0,1
sst2_04343,train_55334,train,negative,0,0,0,0,1,1,0,1,0,0,0,0,0,1,1,0,0,0,0,0
sst2_04348,train_15145,train,positive,0,0,0,0,0,0,0,0,0,0,0,0,0,0,1,0,0,0,0,0
sst2_04347,train_16489,test,negative,0,0,0,0,1,1,0,1,0,0,0,1,1,0,0,1,0,0,0,1
sst2_04350,train_66884,test,positive,1,0,1,0,0,0,0,0,0,0,0,0,0,0,0,0,0,0,0,0
sst2_04346,train_26929,train,negative,0,0,0,0,1,1,1,1,0,0,0,1,0,0,0,1,0,0,0,1
sst2_04349,train_46315,train,positive,1,1,1,1,0,0,0,0,0,0,0,1,0,0,0,1,0,1,0,1
sst2_04351,train_13643,train,positive,1,1,0,1,1,1,0,0,0,0,0,1,0,1,0,1,0,0,0,1
sst2_04353,train_54156,train,positive,1,0,1,0,0,0,0,0,0,0,0,0,0,0,0,0,0,0,0,0
sst2_04356,train_37010,test,positive,1,1,0,1,0,0,0,0,0,0,0,1,0,0,0,1,0,0,0,1
sst2_04355,train_54900,train,negative,0,0,0,0,1,1,0,1,0,0,0,1,0,0,0,1,0,0,0,1
sst2_04354,train_30934,train,positive,0,0,0,0,0,0,0,0,0,0,0,0,0,0,0,0,0,0,0,0
sst2_04352,train_20128,train,negative,0,0,0,0,1,1,0,1,0,0,0,1,0,0,0,1,1,0,0,1
sst2_04357,train_31510,train,positive,1,1,1,1,0,0,0,0,0,0,0,1,0,0,0,1,0,1,0,1
sst2_04358,train_12128,test,positive,1,1,0,1,0,0,0,0,0,0,1,1,0,0,0,1,0,0,0,1
sst2_04360,train_2676,train,negative,0,0,0,0,0,0,0,0,0,0,0,0,0,0,0,0,0,0,0,0
sst2_04362,train_18912,train,positive,0,0,0,0,0,0,0,0,0,0,0,0,0,0,0,0,0,0,0,0
sst2_04359,train_13218,train,negative,0,0,0,0,1,0,0,0,0,0,0,0,0,0,1,1,0,0,0,0
sst2_04361,train_65041,train,positive,1,1,1,1,0,0,0,0,0,0,1,1,0,0,0,1,0,1,0,1
sst2_04363,train_2962,test,negative,0,0,0,0,1,1,1,1,0,1,1,1,1,0,0,1,0,0,0,1
sst2_04365,train_22268,train,negative,0,0,0,0,1,1,0,1,0,0,1,1,0,0,0,1,1,0,0,1
sst2_04364,train_39911,test,negative,0,0,0,0,1,1,0,1,0,1,0,1,0,0,0,1,0,0,0,1
sst2_04367,train_22798,train,negative,0,0,0,0,1,1,0,1,0,0,0,1,0,0,0,1,0,0,0,1
sst2_04366,train_35923,test,negative,0,0,0,0,1,1,0,1,0,1,0,1,0,0,0,1,0,0,0,1
sst2_04369,train_13909,train,positive,1,1,0,1,0,0,0,0,1,0,0,1,0,0,0,1,0,1,0,1
sst2_04368,train_31766,train,negative,0,0,0,0,1,1,1,1,0,1,0,1,0,0,0,1,1,0,0,1
sst2_04371,train_23723,test,positive,0,0,0,0,0,0,0,0,0,0,0,0,0,0,0,0,0,0,0,0
sst2_04373,train_50854,train,positive,1,1,0,1,0,0,0,0,0,0,0,1,0,0,0,1,0,0,0,1
sst2_04372,train_40225,train,positive,1,1,1,1,0,0,0,0,1,0,1,1,0,0,0,1,1,1,0,1
sst2_04370,train_35066,train,positive,1,1,1,1,0,0,0,0,0,0,0,0,0,0,0,1,0,1,0,0
sst2_04374,train_21405,train,positive,0,0,0,0,0,0,0,0,0,0,0,0,0,0,0,0,0,0,0,0
sst2_04375,train_12923,train,negative,0,0,0,0,1,1,0,1,0,0,0,1,0,0,0,1,0,0,0,1
sst2_04377,train_46919,train,positive,1,1,0,0,0,0,0,0,0,0,0,1,0,0,0,1,0,0,0,1
sst2_04376,train_22765,train,positive,1,1,0,1,0,0,0,0,1,0,0,1,0,0,0,1,0,1,0,1
sst2_04378,train_35154,test,positive,1,1,0,1,0,0,0,0,0,0,1,1,0,0,0,1,0,0,0,1
sst2_04379,train_48608,train,positive,1,1,0,1,0,0,0,0,0,0,0,1,0,0,0,1,0,0,0,1
sst2_04380,train_58010,train,positive,1,1,0,1,0,0,0,0,0,0,0,1,0,0,0,1,0,0,0,1
sst2_04385,train_49653,train,negative,0,0,0,0,1,1,0,0,0,0,0,0,0,0,0,1,0,0,0,0
sst2_04381,train_13185,test,positive,1,1,0,1,0,0,0,0,0,0,0,0,0,0,1,0,0,0,0,0
sst2_04384,train_43420,test,negative,0,0,0,0,1,1,1,1,0,1,1,1,0,1,0,1,0,0,0,1
sst2_04382,train_20605,test,negative,0,0,0,0,1,1,0,1,0,1,0,1,1,0,0,1,0,0,0,1
sst2_04383,train_51439,test,negative,0,0,0,0,1,0,0,0,0,1,0,1,0,0,0,1,0,0,0,1
sst2_04386,train_29421,test,negative,0,0,0,0,1,1,1,1,0,1,1,1,0,0,0,1,1,0,0,1
sst2_04388,train_66664,train,positive,1,1,0,0,0,0,0,0,0,0,0,1,0,0,0,1,0,0,0,1
sst2_04389,train_36123,train,negative,0,0,0,0,1,1,1,1,0,0,0,1,0,0,0,1,1,0,0,1
sst2_04392,train_30784,train,negative,0,0,0,0,1,0,0,0,0,0,0,0,0,0,0,1,0,0,0,0
sst2_04391,train_3718,test,positive,1,0,0,0,0,0,0,0,0,0,0,0,0,0,0,1,0,0,0,0
sst2_04390,train_7496,train,positive,1,1,0,1,0,0,0,0,1,0,0,1,0,0,0,0,0,0,0,1
sst2_04387,train_44436,train,positive,1,1,0,1,0,0,0,0,0,0,0,1,0,0,0,1,0,0,0,1
sst2_04393,train_57729,train,negative,0,0,0,0,1,1,0,0,0,0,1,1,0,1,1,1,0,0,0,0
sst2_04394,train_1509,train,positive,0,0,0,0,1,0,0,0,0,0,0,1,0,0,0,1,0,0,0,1
sst2_04395,train_57446,train,positive,1,1,1,0,0,0,0,0,0,0,0,0,0,0,0,1,0,0,0,1
sst2_04396,train_39034,train,positive,1,1,0,1,0,0,0,0,0,0,0,1,0,0,0,1,0,1,0,1
sst2_04397,train_55936,train,negative,1,0,0,0,1,1,0,0,0,0,1,0,0,1,0,0,0,0,0,0
sst2_04398,train_28036,train,positive,1,1,0,1,0,0,0,0,0,0,0,1,0,0,0,1,0,0,0,1
sst2_04399,train_66960,train,negative,0,0,0,0,1,1,1,1,0,0,1,1,0,0,0,1,0,0,0,1
sst2_04400,train_1539,train,positive,1,1,1,0,0,0,0,0,0,0,0,1,0,0,0,1,1,1,0,1
sst2_04403,train_64105,train,negative,0,0,0,0,0,0,0,0,0,0,0,0,0,0,1,0,0,0,0,0
sst2_04402,train_20606,train,positive,1,1,1,0,0,0,0,0,0,0,0,0,0,0,0,1,0,1,0,1
sst2_04401,train_33411,train,positive,1,1,1,1,0,0,0,0,0,0,0,1,0,0,0,1,0,1,0,1
sst2_04406,train_12294,train,positive,0,0,0,0,0,0,0,0,0,0,0,0,0,0,0,0,0,0,0,0
sst2_04405,train_42533,train,positive,0,0,0,0,0,0,0,0,0,0,0,0,0,0,0,0,0,0,0,0
sst2_04404,train_16555,train,positive,1,1,1,0,0,0,0,0,0,0,0,0,0,0,0,1,1,0,0,1
sst2_04409,train_54811,test,negative,0,0,0,0,1,1,1,1,0,1,0,1,0,0,0,1,1,0,0,1
sst2_04407,train_16992,train,negative,0,0,0,0,1,1,0,1,0,0,1,1,0,0,0,1,0,0,0,1
sst2_04408,train_59099,test,positive,1,1,1,1,0,0,0,0,0,0,0,1,0,0,0,1,0,1,0,1
sst2_04411,train_16235,train,positive,1,1,0,1,0,0,0,0,0,0,0,1,0,0,0,0,0,0,0,1
sst2_04414,train_6428,train,positive,1,1,0,0,0,0,0,0,0,0,0,1,0,0,0,1,0,0,0,1
sst2_04410,train_61303,train,positive,0,0,0,0,0,0,0,0,0,0,0,0,0,0,0,1,0,0,0,0
sst2_04412,train_322,train,positive,1,1,0,0,0,0,0,0,1,0,0,0,0,0,0,1,0,0,0,1
sst2_04413,train_59931,train,negative,0,0,0,0,1,1,1,1,0,1,0,1,0,0,0,1,0,0,0,1
sst2_04415,train_56007,train,positive,1,1,1,1,0,0,0,0,0,0,0,1,0,0,0,1,0,1,0,1
sst2_04417,train_40355,train,positive,1,1,0,0,0,0,0,0,0,0,0,0,0,0,0,1,0,0,0,0
sst2_04416,train_47536,train,positive,1,1,0,0,0,0,0,0,0,0,0,0,0,0,0,1,0,0,0,0
sst2_04418,train_15621,train,positive,1,1,1,0,0,0,0,0,0,0,0,0,0,1,1,1,0,0,0,0
sst2_04420,train_61078,train,negative,0,0,0,0,1,1,0,0,0,0,0,1,0,0,0,1,0,0,0,1
sst2_04421,train_20380,test,positive,1,1,0,0,0,0,0,0,0,0,0,0,0,0,1,0,0,0,0,0
sst2_04419,train_44173,test,positive,1,1,0,1,0,0,0,0,1,0,1,1,0,0,0,1,0,0,0,1
sst2_04425,train_1933,test,positive,1,1,0,0,0,0,0,0,0,0,0,0,0,0,0,1,0,0,0,0
sst2_04423,train_19205,train,negative,0,0,0,0,1,1,1,1,0,0,1,1,0,0,0,1,0,0,0,1
sst2_04422,train_64723,train,positive,1,1,1,0,0,0,0,0,0,0,0,0,0,0,0,1,0,1,0,1
sst2_04424,train_34626,train,negative,0,0,0,0,1,1,0,1,0,1,0,1,1,0,0,1,0,0,0,1
sst2_04426,train_40222,train,negative,0,0,0,0,1,1,0,0,0,0,0,1,0,0,0,1,0,0,0,1
sst2_04427,train_14062,train,positive,1,1,0,1,0,0,0,0,0,0,0,1,0,0,0,1,0,0,0,1
sst2_04428,train_55171,test,negative,0,0,0,0,1,1,0,0,0,0,0,0,0,0,1,0,0,0,0,0
sst2_04430,train_6608,test,negative,0,0,0,0,1,1,1,1,0,1,1,1,0,0,0,1,0,0,0,1
sst2_04431,train_5846,test,positive,1,1,0,0,0,0,0,0,0,0,0,0,0,0,1,0,0,0,0,0
sst2_04432,train_1406,test,negative,0,0,0,0,1,1,0,1,0,1,0,1,0,0,0,1,0,0,0,1
sst2_04429,train_21229,train,negative,0,0,0,0,1,1,0,1,0,1,0,1,0,0,0,1,0,0,0,1
sst2_04433,train_53519,test,negative,0,0,0,0,1,1,0,1,0,1,0,1,0,1,0,1,0,0,0,1
sst2_04435,train_47273,train,negative,0,0,0,0,1,1,0,0,0,0,0,0,0,0,0,0,0,0,0,1
sst2_04436,train_17562,train,positive,1,1,0,1,0,0,0,0,1,0,0,1,0,0,0,1,1,0,0,1
sst2_04434,train_45137,test,negative,0,0,0,0,1,1,0,0,0,0,0,0,0,0,0,1,0,0,0,0
sst2_04438,train_1477,train,negative,0,0,0,0,1,1,0,1,0,0,0,1,0,0,0,1,0,0,0,1
sst2_04437,train_55663,train,negative,0,0,0,0,0,0,0,0,0,0,0,0,0,0,0,1,0,0,0,0
sst2_04439,train_31869,test,negative,0,0,0,0,1,1,1,1,0,0,0,1,0,0,0,1,1,0,0,1
sst2_04440,train_44612,test,negative,0,0,0,0,1,1,0,1,0,0,1,1,0,0,0,1,1,0,0,1
sst2_04442,train_26353,train,positive,1,1,0,1,0,0,0,0,1,0,0,1,0,0,0,1,0,0,0,1
sst2_04441,train_52342,train,positive,1,1,1,0,0,0,0,0,0,0,0,1,0,0,0,1,0,0,0,1
sst2_04443,train_53917,train,positive,1,1,0,0,0,1,0,0,0,0,0,0,0,1,1,1,0,0,0,0
sst2_04444,validation_548,train,negative,0,0,0,0,1,1,1,0,0,0,1,1,0,0,0,1,0,0,0,1
sst2_04445,train_29265,train,negative,0,0,0,0,1,1,1,1,0,1,1,1,0,0,0,1,0,0,0,1
sst2_04446,train_57912,train,positive,1,1,0,0,0,0,0,0,0,0,0,1,0,1,0,1,0,0,0,1
sst2_04449,train_1980,train,positive,1,1,0,0,0,0,0,0,0,0,0,1,0,0,0,0,1,0,0,1
sst2_04448,train_13333,train,negative,0,0,0,0,1,1,1,1,0,0,0,1,0,0,0,1,0,0,0,1
sst2_04447,train_39593,train,positive,0,0,0,0,0,0,0,0,0,0,1,0,1,0,0,0,0,0,0,0
sst2_04451,train_9943,test,positive,0,0,0,0,0,0,0,0,0,0,0,0,0,0,0,0,0,0,0,0
sst2_04450,train_40768,test,negative,0,0,0,0,1,1,0,1,0,1,0,1,0,0,0,1,0,0,0,1
sst2_04452,validation_34,train,negative,0,0,0,0,1,1,1,1,0,0,0,1,0,0,0,1,0,0,1,1
sst2_04455,train_5240,test,positive,1,1,0,0,0,0,0,0,0,0,0,0,0,0,1,1,0,0,0,0
sst2_04453,train_17514,train,positive,0,0,0,0,0,0,0,0,0,0,0,0,0,0,1,0,0,0,0,0
sst2_04456,train_34800,train,positive,1,1,1,0,0,0,0,0,0,0,0,0,0,0,0,1,0,0,0,0
sst2_04454,train_2027,train,positive,1,1,1,0,0,0,0,0,1,0,0,0,0,0,0,1,0,1,0,1
sst2_04457,train_53846,train,positive,1,1,0,1,0,0,0,0,1,0,0,1,0,0,0,1,0,0,0,1
sst2_04458,train_31375,test,negative,0,0,0,0,1,1,1,1,0,1,0,1,0,0,0,1,0,0,0,1
sst2_04460,train_63792,train,positive,1,1,0,1,0,0,0,0,1,0,1,1,0,0,0,0,0,0,0,1
sst2_04461,train_7304,train,negative,0,0,0,0,1,1,1,1,0,0,1,1,1,1,0,1,0,0,0,1
sst2_04459,train_50067,test,negative,0,0,0,0,1,1,0,1,0,1,0,1,0,0,0,1,0,0,0,1
sst2_04462,train_50764,test,negative,0,0,0,0,0,0,0,0,0,0,0,0,0,0,0,0,0,0,0,0
sst2_04463,train_33739,train,negative,0,0,0,0,1,1,0,1,0,0,0,1,0,0,0,1,0,0,0,1
sst2_04466,train_5470,train,positive,0,0,0,0,1,1,0,0,0,0,0,1,0,0,0,1,0,0,0,1
sst2_04464,train_16483,train,positive,1,1,0,0,0,0,0,0,0,0,1,0,0,0,0,1,0,0,0,1
sst2_04467,train_54603,train,positive,1,1,1,1,0,0,0,0,0,0,1,1,0,0,0,1,0,1,0,1
sst2_04465,train_24506,train,negative,0,0,0,0,1,1,0,1,0,0,0,1,0,0,0,1,0,0,0,1
sst2_04468,train_16987,train,positive,1,1,1,1,0,0,0,0,1,0,0,1,0,0,0,1,0,1,0,1
sst2_04469,train_3810,test,negative,0,0,0,0,0,1,0,0,0,0,0,0,0,0,1,0,0,0,0,0
sst2_04471,train_42652,train,positive,1,0,0,0,0,0,0,0,0,0,0,1,0,0,0,0,0,0,0,1
sst2_04472,train_28472,train,positive,1,0,0,0,0,0,0,0,0,0,1,0,0,0,0,1,0,0,0,0
sst2_04470,train_36188,train,positive,1,1,0,1,0,0,0,0,0,0,0,0,0,0,0,1,0,0,0,1
sst2_04473,train_17676,test,negative,0,0,0,0,1,1,0,1,0,1,0,1,0,0,0,1,0,0,0,1
sst2_04474,train_59151,train,positive,1,1,1,0,0,0,0,0,0,0,0,0,0,0,1,0,0,0,0,0
sst2_04477,train_29701,train,negative,0,0,0,0,1,1,0,0,0,0,0,1,0,0,0,1,0,0,0,1
sst2_04475,train_63519,test,positive,1,1,0,1,0,0,0,0,1,0,1,1,0,0,0,1,0,0,0,1
sst2_04476,train_34154,train,positive,1,1,1,0,0,0,0,0,1,0,1,0,0,0,0,1,0,1,0,1
sst2_04478,train_22068,train,positive,1,1,0,0,0,0,0,0,0,0,0,1,0,0,0,1,0,0,0,1
sst2_04479,train_2304,train,positive,1,1,1,1,0,0,0,0,1,0,0,1,0,1,0,1,0,0,0,1
sst2_04480,train_32257,train,positive,1,1,0,1,0,0,0,0,0,0,0,1,0,0,0,1,0,0,0,1
sst2_04481,train_57820,train,negative,0,0,0,0,1,1,0,0,0,0,1,1,0,0,0,1,1,0,1,1
sst2_04482,train_62747,train,negative,0,0,0,0,1,1,0,0,0,0,0,1,0,0,0,1,0,0,0,1
sst2_04485,train_46703,train,negative,0,0,0,0,1,1,0,0,0,0,0,1,0,0,0,1,0,0,0,1
sst2_04484,train_58184,train,positive,1,1,1,0,0,0,0,0,0,0,1,0,0,0,0,0,0,1,0,0
sst2_04483,train_64691,train,positive,1,1,1,1,0,0,0,0,1,0,1,1,0,0,0,1,0,1,0,1
sst2_04486,train_45796,test,negative,0,0,0,0,1,1,0,1,0,0,1,1,0,0,0,1,0,0,1,1
sst2_04487,train_37572,train,negative,0,0,0,0,1,1,1,1,0,1,1,1,0,1,0,1,0,0,0,1
sst2_04488,train_64015,train,positive,1,1,1,0,0,0,0,0,0,0,0,1,0,0,0,1,0,1,0,1
sst2_04489,train_26106,train,positive,1,1,0,1,0,0,0,0,1,0,0,0,0,1,0,1,0,0,0,0
sst2_04490,train_22908,train,negative,0,0,0,0,0,1,0,0,0,0,0,0,0,0,0,0,0,0,0,1
sst2_04491,train_20018,test,negative,0,0,0,0,1,1,1,1,0,1,0,1,0,0,0,1,0,0,1,1
sst2_04492,train_19576,train,positive,1,1,1,1,0,0,0,0,0,0,0,0,0,0,1,1,0,1,0,0
sst2_04493,train_20006,train,positive,1,1,0,0,0,0,0,0,0,0,0,1,0,0,0,1,1,0,0,1
sst2_04494,train_10429,train,positive,1,1,0,0,0,0,0,0,0,0,0,0,0,0,0,1,0,0,0,0
sst2_04495,train_57486,train,positive,1,1,1,1,0,0,0,0,0,0,1,1,0,0,0,1,0,1,0,1
sst2_04496,train_49316,train,negative,0,0,0,0,1,1,1,1,0,1,1,1,0,0,0,1,0,0,0,1
sst2_04498,train_18385,train,negative,0,0,0,0,1,1,1,1,0,0,1,1,1,1,0,1,1,0,1,1
sst2_04499,train_44024,train,positive,1,1,0,1,0,0,0,0,1,0,0,1,0,0,0,1,0,0,0,1
sst2_04500,train_49928,train,negative,0,0,0,0,1,1,1,1,0,1,1,1,0,0,0,1,1,0,1,1
sst2_04497,train_9451,train,negative,0,0,0,0,0,0,0,0,0,0,0,0,0,0,1,0,0,0,0,0
sst2_04501,train_60797,test,positive,1,1,0,0,0,0,0,0,0,0,0,1,0,0,0,1,0,0,0,1
sst2_04502,train_21252,train,positive,1,1,0,1,0,0,0,0,1,0,0,1,0,0,0,1,0,0,0,1
sst2_04504,train_4765,train,positive,0,0,0,0,1,1,0,0,0,0,0,1,0,0,0,1,0,0,0,1
sst2_04505,train_49295,train,positive,1,1,1,1,0,0,0,0,0,0,0,1,0,0,0,1,0,1,0,1
sst2_04503,train_1131,train,positive,1,1,0,0,0,0,0,0,1,0,0,0,0,0,0,1,0,0,0,1
sst2_04506,train_61852,train,negative,0,0,0,0,1,1,0,0,0,1,1,1,0,0,0,1,0,0,0,1
sst2_04507,train_32455,test,positive,1,1,1,1,0,0,0,0,1,0,1,0,0,0,0,0,0,1,0,1
sst2_04508,train_47193,train,negative,0,0,0,0,1,0,0,0,0,0,0,0,0,0,0,1,0,0,0,1
sst2_04510,train_51269,train,positive,1,1,0,1,0,0,0,0,0,0,0,1,0,0,0,1,0,0,0,1
sst2_04509,train_53074,test,negative,0,0,0,0,1,1,0,1,0,0,0,1,0,0,0,1,0,0,0,1
sst2_04511,train_19673,train,negative,0,0,0,0,1,1,1,0,0,0,1,1,0,0,0,1,0,0,0,1
sst2_04513,train_55506,test,negative,0,0,0,0,1,1,0,1,0,0,0,1,0,0,0,1,1,0,0,1
sst2_04512,train_24117,train,negative,0,0,0,0,1,1,0,1,0,1,0,1,0,0,0,1,0,0,0,1
sst2_04514,train_35743,train,positive,0,0,0,0,1,1,1,1,0,1,1,1,0,1,1,1,0,0,0,0
sst2_04515,train_11494,train,positive,1,1,0,0,0,0,0,0,0,0,0,0,0,0,0,1,0,0,0,1
sst2_04516,train_17642,train,negative,0,0,0,0,0,1,0,0,0,0,0,0,0,0,1,0,0,0,0,0
sst2_04518,train_30735,train,positive,0,0,0,0,0,0,0,0,0,0,0,0,0,0,0,0,0,0,0,0
sst2_04519,train_35240,train,positive,0,0,0,0,0,0,0,0,0,0,1,0,0,0,0,0,0,0,0,0
sst2_04517,train_29681,train,negative,0,0,0,0,1,1,1,1,0,0,1,1,0,0,0,1,0,0,0,1
sst2_04520,train_11041,train,negative,0,0,0,0,1,1,0,0,0,0,1,1,0,0,0,1,0,0,0,1
sst2_04521,train_5845,train,negative,0,0,0,0,1,1,0,0,0,1,0,1,0,0,0,1,0,0,0,1
sst2_04522,train_9680,train,positive,1,1,0,1,0,0,0,0,1,0,1,1,0,0,0,1,0,0,0,1
sst2_04523,train_164,train,positive,1,1,0,0,0,0,0,0,0,0,0,0,0,0,0,0,0,0,0,0
sst2_04525,train_29795,train,negative,0,0,0,0,1,1,1,1,0,1,1,1,0,1,0,1,0,0,0,1
sst2_04526,train_63332,train,positive,1,1,0,1,0,0,0,0,1,0,0,1,0,0,0,1,0,0,0,1
sst2_04524,train_50293,train,negative,0,0,0,0,1,1,1,1,0,0,1,1,1,0,0,1,1,0,0,1
sst2_04528,train_37377,train,positive,0,0,0,0,0,0,0,0,0,0,0,0,0,0,1,0,0,0,0,0
sst2_04527,train_59981,train,positive,1,1,0,1,0,0,0,0,0,0,0,1,0,0,0,1,0,0,0,1
sst2_04530,train_50218,train,negative,0,0,0,0,1,0,0,0,0,0,0,1,0,0,0,1,0,0,0,1
sst2_04529,train_3686,train,positive,1,1,0,1,0,0,0,0,0,0,0,1,0,0,0,1,0,0,0,1
sst2_04531,train_50003,train,negative,0,0,0,0,1,1,0,0,0,0,0,1,0,0,0,1,0,0,1,1
sst2_04532,train_31679,train,positive,1,1,1,1,0,0,0,0,0,0,0,1,0,0,0,1,1,1,0,1
sst2_04533,train_56934,test,negative,0,0,0,0,1,1,1,1,0,0,0,1,0,0,0,1,1,0,0,1
sst2_04534,train_60918,test,negative,0,0,0,0,1,1,1,1,0,1,0,1,0,0,0,1,0,0,0,1
sst2_04535,train_22301,train,negative,0,0,0,0,1,1,0,1,0,0,0,1,1,0,0,1,0,0,0,1
sst2_04536,train_44174,train,negative,0,0,0,0,0,0,0,0,0,0,0,1,1,1,0,1,0,0,0,0
sst2_04537,train_24297,train,positive,1,1,0,0,0,0,0,0,0,0,1,1,0,0,0,0,0,0,0,1
sst2_04538,train_43992,train,positive,1,1,0,1,0,0,0,0,0,0,0,1,0,0,0,0,0,0,0,1
sst2_04539,train_48975,train,negative,0,0,0,0,1,1,1,1,0,0,0,1,0,0,0,1,0,0,0,1
sst2_04540,train_35179,train,negative,0,0,0,0,1,1,0,0,0,0,0,1,0,0,0,1,0,0,0,1
sst2_04541,train_26621,train,negative,0,0,0,0,1,1,0,0,0,0,0,0,0,0,0,1,0,0,0,1
sst2_04542,train_42485,train,positive,1,1,0,1,0,0,0,0,0,0,0,1,0,0,0,1,0,0,0,1
sst2_04543,train_61310,train,negative,0,0,0,0,1,1,0,1,0,1,0,1,0,0,0,1,0,0,0,1
sst2_04545,train_13485,test,positive,1,1,1,0,0,0,0,0,0,0,0,1,0,0,0,1,1,1,0,1
sst2_04544,train_59611,train,negative,0,0,0,0,1,1,0,1,0,0,0,1,0,0,0,1,0,0,1,1
sst2_04546,train_41033,train,positive,0,0,0,0,0,0,0,0,0,0,0,0,0,0,1,0,0,0,0,0
sst2_04547,train_19588,train,positive,1,1,1,1,0,0,0,0,0,0,0,1,0,0,0,1,0,1,0,1
sst2_04549,train_25454,train,negative,0,0,0,0,1,1,0,1,0,1,0,1,0,0,1,1,0,0,1,0
sst2_04548,train_57000,train,positive,1,1,1,1,0,0,0,0,0,0,0,0,0,0,0,1,0,0,0,1
sst2_04552,train_17776,train,positive,0,0,0,0,0,0,0,0,0,0,1,0,0,0,0,0,0,0,0,0
sst2_04551,train_11536,train,negative,0,0,0,0,1,1,1,1,0,1,0,0,0,1,1,1,0,0,0,0
sst2_04550,train_11950,train,negative,0,0,0,0,1,1,1,1,0,1,0,1,0,0,0,1,0,0,0,1
sst2_04558,train_35071,train,positive,0,0,0,0,0,0,0,0,0,0,1,0,0,0,0,0,0,0,0,0
sst2_04553,train_353,test,positive,1,1,0,1,0,0,0,0,0,0,1,0,0,0,0,0,0,0,0,1
sst2_04554,train_50252,train,negative,0,0,0,0,1,1,1,1,0,0,0,1,0,0,0,1,0,0,0,1
sst2_04555,train_55896,train,negative,0,0,0,0,1,1,1,1,0,0,1,1,0,1,0,1,0,0,0,1
sst2_04557,train_56694,train,positive,1,1,0,1,0,0,0,0,0,0,0,0,0,0,0,0,0,0,0,1
sst2_04556,train_61387,train,positive,0,1,0,1,0,1,0,0,0,0,0,1,0,1,0,1,0,0,0,1
sst2_04559,train_48557,test,negative,0,0,0,0,1,1,0,0,0,0,0,0,0,0,0,1,0,0,0,0
sst2_04560,train_29446,train,positive,1,1,1,0,0,0,0,0,0,0,0,0,0,0,0,1,0,1,0,0
sst2_04561,train_28560,test,positive,1,1,1,0,0,0,0,0,0,0,0,1,0,0,0,1,0,0,0,1
sst2_04563,train_5857,train,negative,0,0,0,0,1,1,0,1,0,0,0,1,0,0,0,1,0,0,0,1
sst2_04564,train_16212,train,positive,1,1,0,0,0,0,0,0,0,0,0,0,0,0,0,1,0,0,0,1
sst2_04566,train_6312,train,positive,1,1,0,1,0,0,0,0,0,0,0,1,0,0,0,1,0,0,0,1
sst2_04565,train_29734,test,positive,1,1,0,1,0,0,0,0,1,0,0,1,0,0,0,1,0,0,0,1
sst2_04562,train_19912,train,positive,1,1,1,0,0,0,0,0,0,0,1,0,0,0,0,1,0,1,0,1
sst2_04568,train_44986,train,positive,1,1,0,0,1,0,0,0,0,0,0,1,0,1,0,1,0,0,0,1
sst2_04567,train_57643,train,negative,0,0,0,0,1,1,1,1,0,0,0,1,0,0,0,1,0,0,0,1
sst2_04569,train_62678,train,positive,1,1,1,0,0,0,0,0,0,0,0,1,0,0,0,1,0,1,0,1
sst2_04570,train_55972,train,positive,1,1,1,1,0,0,0,0,0,0,0,0,0,0,0,1,0,1,0,0
sst2_04571,train_66693,train,positive,1,1,0,0,0,0,0,0,0,0,0,0,0,0,0,1,0,0,0,0
sst2_04572,train_53993,train,positive,1,1,0,0,0,0,0,0,0,0,0,0,0,0,0,1,0,0,0,0
sst2_04574,train_4130,test,negative,0,0,0,0,1,1,1,1,0,1,0,1,0,0,0,1,0,0,0,1
sst2_04573,train_14769,test,negative,0,0,0,0,1,1,1,1,0,0,1,1,0,0,0,1,1,0,0,1
sst2_04575,train_17522,train,positive,1,1,0,0,0,0,0,0,0,0,0,1,0,0,0,1,0,0,0,1
sst2_04576,train_12201,train,negative,0,0,0,0,1,1,0,0,0,0,1,0,0,0,0,0,0,0,0,0
sst2_04577,train_29147,train,negative,0,0,0,0,1,0,0,0,0,0,0,0,0,0,0,1,0,0,0,0
sst2_04578,train_19587,test,positive,1,1,1,1,0,0,0,0,0,0,1,1,0,0,0,1,1,0,0,1
sst2_04579,train_18923,train,positive,1,0,1,0,0,0,0,0,0,0,0,0,0,0,0,0,0,0,0,0
sst2_04582,train_37532,train,positive,1,1,0,1,0,0,0,0,0,0,0,1,0,0,0,1,0,0,0,1
sst2_04580,train_52047,train,positive,1,1,0,1,0,0,0,0,0,0,0,1,0,0,0,1,0,0,0,1
sst2_04581,train_7318,train,negative,0,0,0,0,1,1,1,1,0,0,1,1,1,0,0,1,1,0,1,1
sst2_04583,train_37049,test,positive,1,0,0,0,0,0,0,0,0,0,0,0,0,0,0,1,0,0,0,0
sst2_04584,train_48686,train,positive,1,1,1,0,0,0,0,0,0,0,0,1,0,1,0,1,1,1,0,1
sst2_04585,train_984,train,negative,0,0,0,0,1,1,1,1,0,0,1,1,0,0,0,1,0,0,0,1
sst2_04587,train_56795,train,negative,0,0,0,0,1,1,0,0,0,0,0,1,0,0,0,1,0,0,1,1
sst2_04586,train_3076,train,positive,1,1,0,0,0,0,0,0,0,0,0,0,0,0,0,1,0,0,0,0
sst2_04588,train_17090,train,negative,0,0,0,0,1,1,1,0,0,0,0,1,0,0,0,1,0,0,0,1
sst2_04589,train_11637,train,negative,0,0,0,0,1,1,0,1,0,0,0,1,0,0,0,1,1,0,0,1
sst2_04590,train_31721,test,negative,0,0,0,0,1,1,0,0,0,0,0,1,0,0,0,1,0,0,0,1
sst2_04591,train_35712,train,positive,1,1,0,0,0,0,0,0,1,0,0,0,0,0,0,0,0,0,0,0
sst2_04593,train_30528,train,positive,1,0,1,0,0,0,0,0,0,0,1,0,0,0,0,0,1,0,0,0
sst2_04592,train_58601,test,positive,1,1,1,1,0,0,0,0,0,0,0,0,0,0,0,1,0,1,0,1
sst2_04594,train_34417,train,negative,0,0,0,0,1,1,1,1,0,0,0,1,0,0,0,1,0,0,0,1
sst2_04596,train_16054,train,positive,0,0,0,0,0,0,0,0,0,0,0,0,0,0,0,0,0,0,0,0
sst2_04597,train_66351,test,negative,0,0,0,0,1,0,0,0,0,0,0,0,0,0,0,1,0,0,0,1
sst2_04599,train_3877,train,positive,1,1,1,0,0,0,0,0,0,0,0,1,0,0,0,1,0,1,0,1
sst2_04598,train_45604,test,positive,1,1,1,1,0,0,0,0,0,0,1,1,0,0,0,1,0,1,0,1
sst2_04600,train_9169,train,negative,0,0,0,0,1,1,0,0,0,0,0,1,0,0,0,1,0,0,0,1
sst2_04602,train_56984,train,positive,1,1,0,1,0,0,0,0,1,0,0,0,0,0,0,0,0,0,0,0
sst2_04595,train_53849,test,negative,0,0,0,0,1,1,0,1,0,1,0,1,0,0,0,1,0,0,0,1
sst2_04601,train_8403,train,positive,1,1,0,1,0,0,0,0,0,0,1,1,0,0,0,1,0,0,0,1
sst2_04603,train_15126,test,positive,1,1,1,0,0,0,0,0,0,0,0,0,0,0,0,1,0,1,0,0
sst2_04604,train_23771,test,negative,0,0,0,0,1,1,0,1,0,0,1,0,0,0,1,1,0,0,1,0
sst2_04606,train_19189,train,positive,1,1,0,1,0,0,0,0,0,0,0,1,0,0,0,1,0,0,0,1
sst2_04605,train_38292,train,positive,1,1,0,1,0,0,0,0,0,0,0,0,0,0,0,1,0,0,0,1
sst2_04607,train_9687,train,negative,0,0,0,0,1,1,1,1,0,1,1,1,0,0,0,1,1,0,0,1
sst2_04609,train_14952,train,positive,1,1,1,1,0,0,0,0,1,0,0,1,0,0,0,1,0,1,0,1
sst2_04610,train_26203,train,positive,1,1,0,1,0,0,0,0,0,0,0,0,0,0,0,1,0,0,0,1
sst2_04608,train_22072,train,positive,1,1,0,1,0,0,0,0,1,0,0,0,0,0,0,0,0,0,0,1
sst2_04611,train_12595,train,positive,1,1,1,0,0,1,0,0,0,0,0,0,0,1,0,1,0,1,0,1
sst2_04615,train_18694,train,positive,1,1,0,0,0,0,0,0,0,0,0,1,0,0,0,1,0,0,0,1
sst2_04613,train_16936,train,positive,1,1,0,1,0,0,0,0,1,0,0,1,0,0,0,1,0,0,0,1
sst2_04614,train_33,train,negative,0,0,0,0,1,1,1,1,0,0,1,1,0,0,0,1,1,0,0,1
sst2_04618,train_9708,train,positive,1,0,0,0,0,0,0,0,0,0,0,0,0,0,0,0,1,0,0,1
sst2_04612,train_31156,train,negative,0,0,0,0,1,1,0,1,0,0,0,1,0,0,0,1,0,0,0,1
sst2_04616,train_17612,train,negative,0,0,0,0,1,1,0,1,0,1,1,1,0,0,0,1,0,0,0,1
sst2_04620,train_18464,train,negative,0,0,0,0,1,1,0,0,0,0,0,1,0,0,0,1,0,0,0,1
sst2_04619,train_51165,train,positive,1,0,1,0,0,0,0,0,0,0,0,0,0,0,0,1,0,0,0,0
sst2_04617,train_39210,train,negative,0,0,0,0,1,1,0,1,0,1,0,1,0,0,0,1,0,0,1,1
sst2_04622,train_30737,train,negative,0,0,0,0,1,1,0,0,0,0,0,0,0,0,0,0,0,0,0,0
sst2_04623,train_26502,train,negative,0,0,0,0,0,0,0,0,0,0,0,0,0,0,0,0,0,0,0,0
sst2_04621,train_48339,train,positive,1,1,1,1,0,0,0,0,0,0,0,1,0,0,0,1,0,0,0,1
sst2_04625,train_38978,train,positive,1,1,0,0,0,0,0,0,0,0,0,1,0,0,0,1,0,0,0,1
sst2_04626,train_16928,train,positive,1,1,0,1,0,0,0,0,0,0,0,0,0,0,0,1,0,0,0,1
sst2_04624,train_25020,train,negative,0,0,0,0,1,1,1,1,0,1,1,1,0,0,0,1,0,0,0,1
sst2_04630,train_15848,train,negative,0,0,0,0,1,0,0,0,0,0,0,0,0,0,0,1,0,0,0,0
sst2_04628,train_19488,train,negative,0,0,0,0,1,1,0,1,0,1,0,1,0,0,0,1,0,0,0,1
sst2_04627,train_24327,train,positive,1,1,0,0,0,0,0,0,1,0,0,0,0,0,0,1,0,0,0,1
sst2_04629,train_14013,train,negative,0,0,0,0,1,1,0,0,0,0,0,0,0,0,1,1,0,0,1,0
sst2_04632,train_44765,train,positive,0,0,0,0,0,0,0,0,0,0,1,0,0,0,0,0,0,0,0,0
sst2_04631,train_139,train,negative,0,0,0,0,1,1,0,1,0,1,0,1,0,0,0,1,1,0,0,1
sst2_04634,train_49223,test,negative,0,0,0,0,1,1,0,1,0,1,0,1,0,0,0,1,0,0,1,1
sst2_04633,train_1867,train,positive,1,1,1,0,0,0,0,0,0,0,0,0,0,0,0,1,1,1,0,0
sst2_04635,train_43918,train,negative,0,0,0,0,1,1,1,1,0,0,0,1,0,0,0,1,0,0,0,1
sst2_04636,train_50444,train,positive,1,1,0,1,0,0,0,0,1,0,1,1,0,0,0,1,0,0,0,1
sst2_04637,train_6153,train,positive,1,1,0,1,0,0,0,0,0,0,0,0,0,0,0,0,0,0,0,1
sst2_04638,train_44460,train,negative,0,0,0,0,1,1,1,1,0,0,0,1,0,0,0,1,0,0,1,1
sst2_04639,validation_751,test,negative,0,0,0,0,1,1,0,1,0,0,0,1,0,0,0,1,0,0,0,1
sst2_04641,train_60337,train,negative,0,0,0,0,1,1,0,1,0,1,0,1,0,0,0,1,0,0,0,1
sst2_04643,train_61231,train,positive,1,0,0,0,0,0,0,0,0,0,0,0,0,0,0,0,0,0,0,0
sst2_04640,train_59718,train,positive,1,1,0,1,0,0,0,0,0,0,1,1,0,0,0,1,0,0,0,1
sst2_04642,train_24325,train,negative,0,0,0,0,1,1,0,1,0,1,0,1,1,0,0,1,1,0,0,1
sst2_04644,train_6679,test,negative,0,0,0,0,1,1,1,1,0,0,1,1,1,1,0,1,1,0,0,1
sst2_04646,train_40776,train,positive,1,1,0,0,0,0,0,0,1,0,0,0,0,0,0,1,0,1,0,1
sst2_04647,train_56362,train,positive,0,0,0,0,1,1,1,1,0,0,0,1,0,0,0,1,0,0,0,1
sst2_04648,train_13030,train,positive,1,1,0,0,0,0,0,0,0,0,0,0,0,0,0,1,0,0,0,1
sst2_04649,train_32269,test,negative,0,0,0,0,1,1,0,0,0,1,0,1,0,0,0,1,0,0,0,1
sst2_04645,train_11305,train,negative,0,0,0,0,1,1,1,1,0,0,0,1,0,0,0,1,1,0,0,1
sst2_04650,train_36308,train,negative,0,0,0,0,1,1,0,1,0,1,0,1,0,0,0,1,0,0,0,1
sst2_04652,train_15393,test,positive,1,1,0,1,0,0,0,0,1,0,1,1,0,0,0,1,0,0,0,1
sst2_04655,train_41793,test,positive,1,1,0,1,0,0,0,0,0,0,0,1,0,0,0,0,0,0,0,1
sst2_04651,train_20564,train,positive,1,1,0,0,0,0,0,0,0,0,0,0,0,0,0,1,0,0,0,0
sst2_04656,train_37029,train,negative,0,0,0,0,1,1,1,1,0,0,0,1,1,0,0,1,1,0,0,1
sst2_04653,train_48010,test,positive,1,1,0,1,0,0,0,0,1,0,0,1,0,0,0,1,0,0,0,1
sst2_04654,train_40845,train,positive,1,1,1,0,0,0,0,0,0,0,0,0,0,0,0,1,0,1,0,0
sst2_04659,train_14147,train,negative,0,0,0,0,0,0,0,0,0,0,1,0,0,0,0,0,0,0,0,0
sst2_04657,train_60294,test,negative,0,0,0,0,0,0,0,0,0,0,1,0,0,0,0,0,0,0,0,0
sst2_04660,train_20826,train,negative,0,0,0,0,0,0,0,0,0,0,0,0,0,0,0,0,0,0,0,0
sst2_04658,train_52426,train,negative,0,0,0,0,1,1,0,1,0,1,1,1,0,0,0,1,0,0,0,1
sst2_04661,train_39499,train,negative,0,0,0,0,1,1,0,1,0,1,0,1,0,0,0,1,0,0,1,1
sst2_04662,train_7586,train,positive,1,1,1,1,0,0,0,0,0,0,0,1,0,1,0,1,0,1,0,1
sst2_04663,train_5010,train,negative,0,0,0,0,1,1,0,1,0,1,0,1,0,0,0,1,0,0,0,1
sst2_04664,train_31254,train,negative,0,0,0,0,1,1,0,1,0,0,0,1,0,0,0,1,0,0,0,1
sst2_04666,train_44616,train,negative,0,0,0,0,1,1,0,1,0,0,0,1,0,0,0,1,0,0,0,1
sst2_04665,train_19881,train,negative,0,0,0,0,1,1,0,1,0,0,0,1,0,0,0,1,0,0,0,1
sst2_04668,train_59426,train,negative,0,0,0,0,1,1,0,1,0,0,0,0,0,0,0,0,0,0,1,1
sst2_04669,train_16621,train,positive,0,0,0,0,0,0,0,0,0,0,0,0,0,0,1,0,0,0,0,0
sst2_04667,train_30613,test,negative,0,0,0,0,1,1,0,0,0,1,0,1,0,0,0,1,0,0,0,1
sst2_04670,train_6849,train,negative,0,0,0,0,1,1,1,1,0,1,1,1,0,1,0,1,1,0,0,1
sst2_04671,train_57620,test,positive,1,1,0,0,0,0,0,0,0,0,0,0,0,0,0,0,0,0,0,1
sst2_04672,train_24281,train,positive,0,0,0,0,0,0,0,0,0,0,0,0,0,0,0,0,0,0,0,0
sst2_04674,train_17719,train,positive,0,0,0,0,1,1,0,0,0,1,0,1,1,0,0,1,0,0,0,1
sst2_04673,train_27397,train,positive,1,1,0,1,0,0,0,0,0,0,0,0,0,0,0,0,0,0,0,1
sst2_04675,train_6863,test,positive,1,1,1,1,0,0,0,0,1,0,0,0,0,0,0,1,0,1,0,1
sst2_04676,train_54842,train,positive,1,0,1,0,0,0,0,0,0,0,0,0,0,0,0,1,0,0,0,0
sst2_04677,train_15623,train,positive,1,1,0,1,0,0,0,0,1,0,0,1,0,0,0,1,0,0,0,1
sst2_04678,train_59396,test,negative,0,0,0,0,1,1,1,1,0,0,0,0,0,0,0,1,0,0,1,1
sst2_04680,train_48689,train,positive,1,1,0,0,0,0,0,0,0,0,0,1,0,0,0,1,0,0,0,1
sst2_04679,validation_479,test,positive,1,1,0,1,0,0,0,0,0,0,0,1,0,0,0,1,0,0,0,1
sst2_04681,train_12465,train,negative,0,0,0,0,1,1,1,1,0,0,0,1,0,0,0,1,0,0,0,1
sst2_04682,train_17216,train,negative,0,0,0,0,1,1,0,0,0,0,1,0,0,0,1,1,0,0,0,0
sst2_04684,train_17816,train,negative,0,0,0,0,0,0,0,0,0,0,0,0,0,0,0,0,0,0,0,0
sst2_04683,train_32865,train,negative,0,0,0,0,1,1,1,1,0,0,1,1,0,0,0,1,1,0,0,1
sst2_04685,train_64090,train,positive,1,0,0,0,0,0,0,0,0,0,0,0,0,0,0,1,0,0,0,0
sst2_04686,train_56525,train,positive,0,0,0,0,0,0,0,0,0,0,0,0,0,0,1,0,0,0,0,0
sst2_04690,train_58425,train,positive,1,1,0,1,0,0,0,0,0,0,0,0,0,0,0,0,0,0,0,1
sst2_04687,train_65201,train,negative,0,0,0,0,1,1,1,1,0,0,0,0,0,0,0,0,0,0,0,0
sst2_04689,train_42949,train,negative,0,0,0,0,1,1,0,1,0,1,1,1,1,0,0,1,1,0,0,1
sst2_04692,train_30585,train,positive,1,0,1,0,0,0,0,0,0,0,0,0,0,0,0,1,0,0,0,0
sst2_04688,train_59796,test,negative,0,0,0,0,1,1,0,0,0,0,0,1,0,0,0,1,0,0,0,1
sst2_04691,train_7578,train,negative,0,0,0,0,1,1,0,1,0,0,1,1,0,0,0,1,0,0,0,1
sst2_04696,train_5462,train,positive,0,0,0,0,0,0,0,0,0,0,0,0,0,0,0,0,0,0,0,0
sst2_04693,train_49733,train,negative,0,0,0,0,1,1,0,1,0,0,1,1,0,0,0,1,0,0,0,1
sst2_04695,train_15466,train,positive,1,1,1,1,0,0,0,0,0,0,0,1,0,1,0,1,0,1,0,1
sst2_04694,train_50785,train,positive,1,1,0,0,0,0,0,0,0,0,1,1,0,0,0,1,0,0,0,1
sst2_04697,train_2853,train,positive,1,1,1,1,0,0,0,0,0,0,1,1,0,0,0,1,0,1,0,1
sst2_04698,train_33163,train,positive,1,1,0,1,0,0,0,0,1,0,0,0,0,0,0,0,0,0,0,1
sst2_04699,train_45524,train,positive,1,1,0,0,0,0,0,0,0,0,0,0,0,0,0,1,0,0,0,0
sst2_04700,train_56187,test,negative,0,0,0,0,1,0,0,0,0,0,0,0,0,0,1,1,0,0,0,0
sst2_04701,train_53115,train,positive,1,1,0,1,0,0,0,0,1,0,0,0,0,0,0,1,0,0,0,1
sst2_04703,train_19280,train,positive,1,1,0,1,0,0,0,0,0,0,0,1,0,0,0,0,0,0,0,1
sst2_04702,train_46726,test,negative,0,0,0,0,1,1,0,1,0,0,1,1,0,0,0,1,0,0,0,1
sst2_04704,train_43726,train,negative,0,0,0,0,1,1,0,1,0,0,0,1,0,0,0,1,1,0,0,1
sst2_04705,train_2456,train,positive,0,0,0,0,0,0,0,0,0,0,1,0,0,0,0,0,0,0,0,0
sst2_04707,train_34036,train,positive,1,1,0,1,0,0,0,0,0,0,1,1,0,1,0,1,0,0,0,1
sst2_04709,train_332,test,positive,1,1,0,1,0,0,0,0,0,0,1,1,0,0,0,1,0,0,0,1
sst2_04706,train_64946,train,positive,1,1,1,1,0,0,0,0,0,0,0,1,0,0,0,1,1,1,0,1
sst2_04710,train_65587,test,positive,1,1,1,0,0,0,0,0,0,0,0,0,0,0,0,1,0,0,0,1
sst2_04708,train_46202,train,negative,0,0,0,0,1,1,1,1,0,1,0,1,1,0,0,1,0,0,0,1
sst2_04711,train_48753,test,negative,0,0,0,0,1,1,0,0,0,1,0,0,0,0,1,1,0,0,0,0
sst2_04713,train_53069,train,positive,0,0,0,0,0,0,0,0,0,0,0,0,0,0,0,0,0,0,0,0
sst2_04714,train_66830,train,negative,0,0,0,0,1,1,0,0,0,0,1,1,1,0,0,1,0,0,0,1
sst2_04712,train_46013,train,positive,0,0,0,0,0,0,0,0,0,0,0,0,0,0,0,0,0,0,0,0
sst2_04715,train_34177,train,positive,1,1,0,1,0,0,0,0,1,0,0,1,0,0,0,1,0,0,0,1
sst2_04716,train_34268,test,positive,1,1,0,0,0,0,0,0,1,0,0,0,0,0,0,1,0,0,0,1
sst2_04717,train_64030,train,negative,0,0,0,0,1,1,1,1,0,1,1,1,0,0,0,1,0,0,0,1
sst2_04718,train_50388,train,positive,1,1,0,1,0,0,0,0,1,0,0,0,0,0,0,0,0,0,0,1
sst2_04721,train_32327,train,positive,0,0,0,0,0,0,0,0,0,0,0,0,0,0,1,0,0,0,0,0
sst2_04719,train_23077,train,positive,1,1,0,0,0,0,0,0,0,0,0,1,0,0,0,0,0,0,0,1
sst2_04723,train_23902,train,negative,0,0,0,0,1,1,1,1,0,0,1,1,1,1,0,1,0,0,0,1
sst2_04720,train_65867,train,positive,1,1,0,0,0,0,0,0,0,0,1,0,0,0,1,0,0,0,0,0
sst2_04722,train_51961,train,positive,0,0,0,0,0,0,0,0,0,0,0,0,0,0,0,0,0,0,0,0
sst2_04724,train_18537,train,negative,0,0,0,0,1,1,0,1,0,0,0,1,0,0,0,1,0,0,0,1
sst2_04725,train_59975,test,negative,0,0,0,0,1,1,0,0,0,0,0,1,0,0,0,1,0,0,0,1
sst2_04727,train_36420,test,negative,0,0,0,0,1,0,0,0,0,0,0,0,0,0,0,1,0,0,0,0
sst2_04726,train_16146,train,positive,1,1,0,1,0,0,0,0,0,0,0,1,0,0,0,1,0,0,0,1
sst2_04729,train_64487,test,negative,0,0,0,0,1,1,0,1,0,0,0,1,0,0,0,1,0,0,0,1
sst2_04728,train_60458,train,negative,0,0,0,0,1,1,0,1,0,0,0,0,0,0,0,1,0,0,0,1
sst2_04733,train_33389,train,positive,0,0,0,0,0,0,0,0,0,0,0,0,0,0,0,0,0,0,0,0
sst2_04730,train_60217,train,positive,1,1,1,1,0,0,0,0,0,0,0,1,0,0,0,1,0,1,0,1
sst2_04731,train_39913,test,negative,0,0,0,0,1,1,0,1,0,0,0,0,0,0,0,0,0,0,0,1
sst2_04734,train_5409,train,positive,0,0,0,0,0,0,0,0,0,0,0,0,0,0,0,0,0,0,0,0
sst2_04735,train_23951,train,negative,0,0,0,0,1,1,1,1,0,0,0,1,0,0,0,1,0,0,0,1
sst2_04732,train_50360,train,negative,0,0,0,0,1,1,1,1,0,1,0,1,0,0,0,1,0,0,0,1
sst2_04737,train_13412,test,positive,1,1,0,1,0,0,0,0,0,0,0,1,0,0,0,1,0,0,0,1
sst2_04736,train_33085,test,positive,1,1,1,1,0,0,0,0,1,0,0,1,0,0,0,1,0,1,0,1
sst2_04738,train_1881,train,negative,0,0,0,0,1,1,1,0,0,0,1,1,0,0,0,1,0,0,0,1
sst2_04739,train_41327,train,negative,0,0,0,0,1,1,0,1,0,1,0,1,0,0,0,1,0,0,0,1
sst2_04741,train_64263,train,negative,0,0,0,0,1,1,1,1,0,1,0,1,0,0,0,1,0,0,0,1
sst2_04740,train_41203,train,positive,1,0,0,0,0,0,0,0,0,0,0,0,0,0,0,1,0,0,0,0
sst2_04742,train_63449,train,positive,0,0,0,0,0,0,0,0,0,0,0,0,0,0,1,0,0,0,0,0
sst2_04743,train_15551,train,negative,0,0,0,0,1,1,0,0,0,0,0,1,0,0,0,1,0,0,0,1
sst2_04745,train_41973,train,negative,0,0,0,0,1,1,0,0,0,0,0,0,0,0,0,1,0,0,0,0
sst2_04747,train_65402,train,positive,1,1,0,1,0,0,0,0,1,0,0,1,0,0,0,0,0,0,0,1
sst2_04744,train_24594,test,negative,0,0,0,0,1,1,1,1,0,1,0,1,0,0,0,1,0,0,0,1
sst2_04746,train_30194,train,positive,1,1,1,0,0,0,0,0,0,0,1,0,0,0,0,1,0,1,0,0
sst2_04748,train_59025,train,positive,1,1,1,0,0,0,0,0,0,0,0,0,0,0,0,1,0,0,0,1
sst2_04750,train_1431,train,positive,0,0,0,0,0,0,0,0,0,0,0,0,0,0,1,0,0,0,0,0
sst2_04749,train_14204,train,negative,0,0,0,0,1,1,0,1,0,0,1,1,0,0,0,1,0,0,0,1
sst2_04752,train_1928,train,positive,1,1,1,0,0,0,0,0,0,0,0,0,0,1,0,1,0,0,0,0
sst2_04753,train_33581,train,negative,0,0,0,0,1,1,0,1,0,0,0,1,0,0,0,1,0,0,0,1
sst2_04751,train_41574,train,positive,1,1,1,1,0,0,0,0,0,0,0,1,0,0,0,1,0,0,0,1
sst2_04754,train_51597,train,positive,1,1,1,1,0,0,0,0,1,0,0,0,0,0,0,1,0,1,0,1
sst2_04755,train_20077,test,negative,0,0,0,0,0,0,0,0,0,0,1,0,0,0,0,0,0,0,0,0
sst2_04759,train_34861,train,positive,0,0,0,0,0,0,0,0,0,0,0,0,0,0,1,0,0,0,0,0
sst2_04757,train_40733,train,positive,1,1,0,1,0,0,0,0,0,0,1,1,0,0,0,1,0,0,0,1
sst2_04756,train_488,train,positive,1,1,1,0,0,0,0,0,0,0,1,0,0,0,0,1,0,1,0,1
sst2_04758,train_25488,train,negative,0,0,0,0,0,0,0,0,0,0,0,0,0,0,1,0,0,0,0,0
sst2_04760,train_26592,train,positive,1,1,0,1,0,0,0,0,0,0,0,0,0,0,0,0,0,0,0,1
sst2_04761,train_3028,test,positive,0,0,0,0,0,0,0,0,0,0,0,0,0,0,0,0,0,0,0,0
sst2_04762,train_40518,test,negative,0,0,0,0,1,1,0,0,0,0,0,1,0,0,0,1,0,0,0,1
sst2_04763,train_12298,test,positive,1,0,1,0,1,0,0,0,0,0,0,0,0,1,0,1,0,0,0,0
sst2_04764,train_6439,train,negative,0,0,0,0,1,1,0,1,0,0,0,1,1,0,0,1,0,0,0,1
sst2_04765,train_57267,train,negative,0,0,0,0,1,1,0,0,0,0,0,0,0,1,0,1,0,0,0,0
sst2_04768,train_35231,test,positive,1,1,0,0,0,0,0,0,0,0,0,0,0,0,0,1,0,0,0,1
sst2_04767,train_53301,test,positive,1,1,1,1,0,0,0,0,0,0,0,1,0,0,0,1,0,1,0,1
sst2_04766,train_8092,train,positive,1,1,0,0,0,0,0,0,0,0,1,0,0,1,1,1,0,0,0,0
sst2_04770,train_60915,train,positive,1,1,0,1,0,0,0,0,0,0,1,0,0,0,0,0,0,0,0,0
sst2_04769,train_54521,train,negative,0,0,0,0,1,1,0,0,0,0,0,1,1,0,0,1,0,0,0,1
sst2_04773,train_11341,train,negative,0,0,0,0,1,1,1,1,0,1,0,1,0,0,1,1,0,0,0,0
sst2_04771,train_42228,train,negative,0,0,0,0,1,1,0,1,0,0,1,1,0,0,0,1,0,0,0,1
sst2_04772,train_66335,train,negative,0,0,0,0,1,1,1,1,0,0,1,1,1,0,0,1,0,0,1,1
sst2_04774,train_24415,test,negative,0,0,0,0,0,1,0,0,0,0,1,0,0,0,1,0,0,0,0,0
sst2_04775,train_19768,train,negative,0,0,0,0,1,1,1,1,0,1,0,1,0,0,0,1,1,0,0,1
sst2_04776,train_14393,train,positive,1,1,1,1,0,0,0,0,0,0,0,1,0,0,0,1,0,1,0,1
sst2_04777,train_63883,train,negative,0,0,0,0,1,1,0,1,0,0,1,1,0,0,0,1,0,0,0,1
sst2_04778,train_38984,train,positive,1,1,1,1,0,0,0,0,0,0,0,1,0,0,0,1,0,1,0,1
sst2_04779,train_12023,train,negative,0,0,0,0,1,1,0,1,0,1,1,1,0,0,0,1,0,0,0,1
sst2_04780,train_52348,train,negative,0,0,0,0,1,1,0,1,0,0,0,1,0,0,0,1,0,0,0,1
sst2_04781,train_30646,train,negative,0,0,0,0,1,1,0,0,0,0,0,0,0,0,0,1,0,0,1,1
sst2_04784,train_6638,train,positive,1,1,0,1,0,0,0,0,1,0,0,1,0,0,0,1,0,0,0,1
sst2_04785,train_31623,train,positive,1,1,0,0,0,0,0,0,0,0,0,0,0,0,0,0,0,0,0,1
sst2_04782,train_18780,test,positive,0,0,0,0,1,1,0,1,0,0,1,1,0,0,0,1,0,0,0,1
sst2_04783,train_66787,train,positive,1,1,0,1,0,0,0,0,1,0,0,1,0,0,0,1,0,1,0,1
sst2_04786,train_60733,train,positive,1,1,0,1,0,0,0,0,0,0,0,1,0,0,0,1,0,0,0,1
sst2_04787,train_43293,train,positive,1,1,1,1,0,0,0,0,0,0,0,1,0,0,0,1,0,1,0,1
sst2_04788,train_57435,train,positive,1,1,0,0,0,0,0,0,0,0,1,0,0,0,0,0,0,0,0,0
sst2_04791,train_43459,train,positive,0,0,0,0,0,0,0,0,0,0,0,0,0,0,0,0,0,0,0,0
sst2_04790,train_44478,train,negative,0,0,0,0,1,1,1,1,0,0,1,1,0,0,0,1,0,0,0,1
sst2_04789,train_39509,train,positive,0,0,0,0,1,0,0,0,0,0,0,0,0,0,0,1,0,0,0,1
sst2_04792,train_49071,train,positive,0,0,0,0,0,0,0,0,0,0,0,0,0,0,0,0,0,0,0,0
sst2_04794,train_51051,test,negative,0,0,0,0,1,1,0,1,0,0,0,1,0,0,0,1,0,0,0,1
sst2_04795,train_56816,test,negative,0,0,0,0,1,1,1,1,0,0,1,1,0,1,1,1,0,0,1,0
sst2_04798,train_57524,train,negative,0,0,0,0,1,1,0,0,0,0,0,1,0,0,0,1,0,0,0,1
sst2_04797,train_29662,train,negative,0,0,0,0,1,1,1,1,0,0,0,1,0,0,0,1,1,0,1,1
sst2_04796,train_13716,train,positive,1,1,0,1,0,0,0,0,1,0,0,1,0,0,0,1,0,0,0,1
sst2_04793,train_47658,train,positive,1,1,1,0,0,0,0,0,0,0,0,0,0,1,0,1,0,1,0,0
sst2_04799,train_1068,train,positive,0,0,0,0,0,0,0,0,0,0,0,0,0,0,1,0,0,0,0,0
sst2_04801,train_28031,train,positive,1,1,0,1,0,0,0,0,0,0,0,1,0,0,0,1,0,0,0,1
sst2_04800,train_25334,test,positive,1,1,0,1,0,0,0,0,0,0,0,1,0,0,0,1,0,0,0,1
sst2_04803,train_61368,test,positive,1,1,0,1,0,0,0,0,1,0,0,0,0,0,0,0,0,0,0,1
sst2_04802,train_21769,test,positive,1,1,0,1,0,0,0,0,1,0,1,1,0,0,0,1,0,0,0,1
sst2_04804,train_32303,train,negative,0,0,0,0,1,1,1,1,0,0,1,1,0,1,0,1,0,0,1,1
sst2_04805,train_59885,test,positive,1,1,1,1,0,0,0,0,0,0,0,1,0,0,0,1,0,0,0,1
sst2_04806,train_40663,train,positive,1,1,1,1,0,0,0,0,0,0,0,1,0,0,0,1,0,0,0,1
sst2_04807,train_29098,train,positive,1,1,0,1,0,0,0,0,0,0,0,1,0,0,0,1,0,0,0,1
sst2_04808,train_58837,train,positive,1,1,0,1,0,0,0,0,1,0,0,0,0,0,0,0,0,0,0,1
sst2_04809,train_55529,train,positive,1,1,1,1,0,0,0,0,0,0,0,1,0,1,0,1,0,1,0,1
sst2_04810,train_19066,test,positive,1,0,1,0,0,0,0,0,0,0,0,0,0,0,0,0,0,0,0,0
sst2_04811,train_46229,train,negative,0,0,0,0,1,1,0,1,0,1,0,1,0,0,0,1,0,0,0,1
sst2_04812,train_58273,train,negative,0,0,0,0,0,0,0,0,0,0,1,0,0,0,0,0,0,0,0,0
sst2_04813,train_1875,train,positive,1,1,0,1,0,1,0,0,1,0,0,0,0,1,0,0,0,0,0,0
sst2_04815,train_62189,test,negative,0,0,0,0,0,0,0,0,0,0,0,0,0,0,0,0,0,0,0,0
sst2_04814,train_20500,train,negative,0,0,0,0,1,1,0,1,0,0,0,1,0,0,0,1,0,0,1,1
sst2_04817,train_10179,train,positive,1,1,0,1,1,1,0,0,0,0,0,1,0,1,0,1,0,0,0,1
sst2_04818,train_15683,train,positive,1,1,0,1,0,0,0,0,0,0,0,1,0,0,0,1,0,0,0,1
sst2_04819,train_45125,train,positive,1,1,0,1,0,0,0,0,1,0,0,1,0,0,0,1,0,0,0,1
sst2_04816,train_44136,train,negative,0,0,0,0,0,0,0,0,0,0,1,0,0,0,0,0,0,0,0,0
sst2_04820,train_10311,test,positive,1,1,1,0,0,0,0,0,0,0,0,0,0,0,0,0,0,0,0,0
sst2_04821,train_10020,train,negative,0,0,0,0,1,0,0,0,0,0,0,1,0,0,0,1,0,0,0,1
sst2_04824,train_31490,train,negative,0,0,0,0,1,1,0,0,0,0,0,1,1,0,0,1,0,0,0,1
sst2_04823,train_1920,test,negative,0,0,0,0,1,1,0,0,0,0,0,1,0,0,0,1,0,0,0,1
sst2_04826,train_67002,train,negative,0,0,0,0,1,0,0,0,0,0,0,0,0,0,0,1,0,0,0,0
sst2_04822,train_55802,train,negative,0,0,0,0,1,1,0,1,0,0,0,0,0,0,1,1,0,0,1,0
sst2_04827,train_9326,test,positive,0,0,0,0,1,1,1,0,0,0,1,1,1,1,0,1,0,0,0,1
sst2_04825,validation_725,train,positive,1,1,1,1,0,0,0,0,0,0,0,1,0,0,0,1,0,0,0,1
sst2_04831,train_15239,test,positive,1,1,0,1,0,0,0,0,0,0,0,1,0,0,0,1,0,0,0,1
sst2_04828,train_34423,train,positive,1,1,1,0,0,0,0,0,0,0,1,0,0,0,0,1,0,0,0,0
sst2_04832,train_49400,train,negative,0,0,0,0,1,0,0,0,0,0,0,0,0,0,0,1,0,0,0,0
sst2_04830,train_16786,train,negative,0,0,0,0,1,1,0,1,0,0,0,1,0,0,0,1,0,0,0,1
sst2_04829,train_38916,test,positive,1,1,1,1,0,0,0,0,0,0,0,0,0,0,0,1,0,0,0,1
sst2_04833,train_5474,train,negative,0,0,0,0,1,1,1,1,0,1,0,1,0,0,1,1,0,0,0,0
sst2_04834,train_18247,train,negative,0,0,0,0,1,1,0,0,0,0,0,0,0,0,0,1,0,0,0,0
sst2_04835,train_41006,test,negative,0,0,0,0,1,1,0,1,0,1,1,1,0,0,0,1,0,0,0,1
sst2_04836,train_30212,test,negative,0,0,0,0,1,1,1,1,0,0,0,1,0,0,0,1,0,0,0,1
sst2_04837,train_27366,train,negative,0,0,0,0,1,1,0,1,0,0,1,1,0,0,0,1,0,0,0,1
sst2_04839,train_40077,train,negative,0,0,0,0,1,1,0,1,0,0,0,1,0,0,0,1,1,0,0,1
sst2_04838,train_53077,test,positive,1,1,0,1,0,0,0,0,1,0,0,1,0,0,0,1,0,0,0,1
sst2_04840,train_4045,train,positive,1,1,1,0,0,0,0,0,0,0,0,0,0,0,0,1,1,1,0,1
sst2_04842,train_45339,train,negative,0,0,0,0,1,1,0,1,0,0,0,1,0,0,0,1,1,0,0,1
sst2_04841,train_4717,train,positive,1,1,0,1,0,0,0,0,0,0,0,1,0,0,0,1,0,0,0,1
sst2_04843,train_37779,train,positive,1,1,0,1,0,0,0,0,0,0,0,0,0,0,0,1,0,0,0,0
sst2_04845,train_5741,train,positive,1,1,0,1,0,0,0,0,0,0,0,0,0,0,0,1,0,0,0,1
sst2_04844,train_41451,train,negative,0,0,0,0,1,1,1,1,0,0,0,1,0,0,0,1,0,0,0,1
sst2_04846,train_61710,train,negative,0,0,0,0,1,1,0,1,0,0,0,1,0,0,0,1,1,0,0,1
sst2_04848,train_37868,train,positive,0,0,0,0,1,0,0,0,0,0,0,0,0,0,0,1,0,0,0,0
sst2_04850,train_10814,test,positive,1,0,0,0,0,0,0,0,0,0,0,0,0,0,0,1,0,0,0,0
sst2_04849,train_24932,train,positive,1,1,1,0,0,0,0,0,0,0,0,0,0,0,0,1,0,1,0,0
sst2_04851,train_47135,train,negative,0,0,0,0,0,0,0,0,0,0,0,0,0,0,0,0,0,0,0,0
sst2_04852,train_65075,train,negative,0,0,0,0,1,1,1,1,0,0,0,1,0,0,0,1,0,0,0,1
sst2_04847,train_42301,test,positive,1,1,1,1,0,0,0,0,1,0,0,0,0,0,0,1,0,0,0,1
sst2_04853,train_46100,train,negative,0,0,0,0,1,1,0,1,0,0,0,1,0,0,0,1,0,0,1,1
sst2_04854,train_50974,train,negative,0,0,0,0,1,1,0,1,0,0,0,1,0,0,0,1,0,0,0,1
sst2_04855,train_35350,test,positive,1,1,0,1,0,0,0,0,0,0,0,1,0,0,0,1,0,0,0,1
sst2_04856,train_6823,test,positive,0,0,0,0,0,0,0,0,0,0,1,0,0,0,1,0,0,0,0,0
sst2_04858,train_15264,train,positive,0,0,0,0,0,0,0,0,0,0,0,0,0,0,1,0,0,0,0,0
sst2_04857,train_22039,train,negative,0,0,0,0,1,1,1,1,0,0,0,1,1,0,0,1,1,0,0,1
sst2_04860,train_11277,train,negative,0,0,0,0,1,1,1,1,0,0,0,1,0,0,0,1,1,0,0,1
sst2_04859,train_54345,train,positive,1,0,0,0,0,0,0,0,0,0,0,0,0,0,1,1,0,0,0,0
sst2_04861,train_48165,train,positive,1,1,0,0,0,0,0,0,0,0,0,0,0,0,1,0,0,0,0,0
sst2_04863,train_40120,train,positive,1,1,1,1,0,0,0,0,1,0,0,1,0,0,0,1,0,1,0,1
sst2_04862,train_52387,test,positive,1,1,0,1,0,0,0,0,0,0,1,0,0,0,0,0,0,0,0,1
sst2_04864,train_20539,train,negative,0,0,0,0,1,1,1,1,0,0,1,1,0,0,0,1,1,0,0,1
sst2_04865,train_20558,test,positive,1,1,0,0,0,0,0,0,1,0,0,0,0,0,0,1,0,0,0,0
sst2_04867,train_20335,train,negative,0,0,0,0,1,1,0,0,0,0,0,1,0,0,0,1,0,0,0,1
sst2_04866,train_53789,train,positive,1,0,1,0,0,0,0,0,0,0,0,0,0,0,0,1,0,1,0,0
sst2_04868,train_29299,train,positive,0,0,0,0,0,0,0,0,0,0,1,0,0,1,0,1,0,0,0,0
sst2_04869,validation_321,train,negative,0,0,0,0,0,0,0,0,0,0,1,0,0,1,1,0,0,0,0,0
sst2_04870,train_34117,train,positive,1,1,0,1,0,0,0,0,1,0,0,1,0,0,0,1,0,0,0,1
sst2_04871,train_64510,test,positive,1,1,0,1,0,0,0,0,0,0,0,1,0,0,0,1,0,0,0,1
sst2_04872,train_45274,train,positive,1,1,0,1,0,0,0,0,0,0,0,1,0,1,0,1,0,1,0,1
sst2_04874,train_44083,train,negative,0,0,0,0,1,1,1,1,0,0,0,1,0,0,0,1,0,0,0,1
sst2_04873,train_64639,train,positive,1,1,0,1,0,0,0,0,1,0,1,1,0,0,0,1,0,0,0,1
sst2_04875,train_19799,train,positive,1,1,0,1,0,0,0,0,0,0,0,1,0,0,0,1,0,0,0,1
sst2_04876,train_55503,train,positive,1,1,0,1,0,0,0,0,0,0,0,1,0,0,0,1,0,0,0,1
sst2_04877,train_34804,train,negative,0,0,0,0,1,1,0,0,0,0,0,0,0,0,0,0,0,0,0,1
sst2_04878,train_43700,train,positive,0,0,0,0,1,1,0,1,0,0,0,1,0,0,0,1,0,0,0,1
sst2_04879,train_47246,train,positive,1,0,1,0,0,0,0,0,0,0,0,0,0,0,0,0,1,0,0,0
sst2_04880,train_31415,train,negative,0,0,0,0,1,1,1,1,0,1,0,1,1,0,0,1,0,0,0,1
sst2_04883,train_5326,train,negative,0,0,0,0,1,1,0,1,0,0,0,1,0,0,0,1,0,0,1,1
sst2_04882,train_11330,test,positive,1,1,1,0,0,0,0,0,0,0,0,0,0,0,0,0,0,0,0,0
sst2_04881,train_45118,train,negative,0,0,0,0,1,1,0,1,0,0,0,1,0,0,0,1,0,0,0,1
sst2_04884,train_32833,train,negative,0,0,0,0,0,0,0,0,0,0,0,0,0,0,1,0,0,0,0,0
sst2_04885,train_22500,train,positive,1,1,0,1,0,0,0,0,1,0,0,1,0,0,0,1,0,0,0,1
sst2_04887,train_34444,train,positive,0,0,0,0,0,0,0,0,0,0,0,0,0,0,0,0,0,0,0,0
sst2_04886,train_36691,train,negative,0,0,0,0,1,1,1,1,0,1,0,1,0,0,0,1,0,0,0,1
sst2_04890,train_17971,train,positive,1,1,0,1,0,0,0,0,0,0,0,1,0,0,0,1,0,0,0,1
sst2_04888,train_1147,train,negative,0,0,0,0,0,0,0,0,0,0,1,0,0,0,1,0,0,0,0,0
sst2_04889,train_27574,train,positive,1,1,0,1,0,0,0,0,1,0,0,1,0,0,0,1,0,0,0,1
sst2_04891,train_6952,train,positive,1,1,1,1,0,0,0,0,0,0,1,1,0,0,0,1,1,0,0,1
sst2_04892,train_65029,train,positive,1,1,0,0,0,0,0,0,0,0,0,0,0,0,0,1,0,0,0,0
sst2_04895,train_59368,test,negative,0,0,0,0,1,1,1,1,0,0,0,1,0,0,0,1,0,0,0,1
sst2_04894,train_66539,train,positive,1,0,0,0,0,0,0,0,0,0,0,0,0,0,0,1,0,0,0,0
sst2_04893,train_40050,train,positive,1,1,0,0,0,0,0,0,1,0,0,1,0,0,0,1,0,0,0,1
sst2_04896,train_58024,test,negative,0,0,0,0,1,1,0,1,0,1,0,1,1,0,0,1,1,0,0,1
sst2_04898,train_45851,train,negative,1,1,0,1,1,1,1,1,0,1,1,1,0,1,0,1,0,0,0,1
sst2_04897,train_5223,test,positive,1,1,1,1,0,0,0,0,0,0,1,0,0,1,0,1,0,1,0,1
sst2_04901,train_19449,train,negative,0,0,0,0,1,1,0,1,0,1,0,1,0,0,0,1,1,0,1,1
sst2_04900,train_10378,test,negative,0,0,0,0,1,1,1,1,0,0,0,1,0,0,0,1,0,0,0,1
sst2_04899,train_5820,test,positive,1,1,1,0,0,0,0,0,0,0,0,1,0,0,0,1,0,1,0,1
sst2_04902,train_56756,train,negative,0,0,0,0,1,1,1,1,0,0,0,0,0,0,1,1,0,0,0,0
sst2_04903,train_46106,train,negative,0,0,0,0,1,1,0,0,0,0,0,1,0,0,0,1,0,0,0,1
sst2_04904,train_15838,train,negative,0,0,0,0,1,1,0,1,0,1,1,1,0,0,0,1,0,0,1,1
sst2_04906,train_22918,train,positive,1,1,0,0,0,0,0,0,0,0,0,0,0,0,0,1,0,0,0,0
sst2_04905,train_31335,train,negative,0,0,0,0,1,1,1,1,0,1,0,1,0,1,0,1,0,0,0,1
sst2_04907,train_52161,train,positive,0,1,0,1,1,0,0,0,0,0,0,1,0,1,0,1,0,0,0,1
sst2_04908,train_3613,train,negative,0,0,0,0,1,1,0,1,0,1,0,1,0,0,0,1,0,0,0,1
sst2_04909,train_39217,test,positive,0,0,0,0,0,0,0,0,0,0,0,0,0,0,0,0,0,0,0,0
sst2_04911,train_58898,train,positive,1,1,1,1,0,0,0,0,0,0,1,1,0,1,0,1,0,0,0,1
sst2_04912,train_3434,train,positive,1,1,0,1,0,0,0,0,0,0,0,1,0,0,0,1,0,0,0,1
sst2_04910,train_36824,train,negative,1,1,0,1,0,0,0,0,0,0,1,1,0,0,0,1,0,0,0,1
sst2_04913,train_4261,train,negative,0,0,0,0,1,1,1,0,0,0,1,0,0,0,0,0,0,0,0,0
sst2_04914,train_52776,train,negative,0,0,0,0,1,1,1,1,0,0,1,1,0,0,0,1,0,0,0,1
sst2_04915,train_7985,train,positive,1,1,0,1,0,0,0,0,0,0,0,0,0,0,0,0,0,0,0,1
sst2_04917,train_21942,train,negative,0,0,0,0,0,0,0,0,0,0,0,0,0,0,0,0,0,0,0,0
sst2_04916,train_41011,train,negative,0,0,0,0,1,1,1,1,0,0,0,1,0,0,0,1,1,0,1,1
sst2_04918,train_64734,train,negative,0,0,0,0,1,1,1,1,0,0,0,1,0,0,0,1,1,0,0,1
sst2_04919,train_56636,train,negative,0,0,0,0,1,1,0,0,0,0,0,1,1,1,0,1,0,0,0,1
sst2_04921,train_23048,train,positive,0,0,0,0,0,0,0,0,0,0,0,0,0,0,0,0,0,0,0,0
sst2_04920,train_41404,train,positive,1,1,0,0,0,0,0,0,0,0,1,0,0,0,0,0,0,0,0,0
sst2_04922,train_40058,train,negative,0,0,0,0,1,0,0,0,0,0,0,0,0,0,0,1,0,0,0,0
sst2_04923,train_32666,train,negative,0,0,0,0,1,1,0,0,0,0,0,0,0,0,0,1,0,0,0,0
sst2_04924,train_34492,train,negative,0,0,0,0,1,1,0,1,0,0,1,1,1,0,0,1,0,0,0,1
sst2_04925,train_46495,train,positive,1,0,0,0,0,0,0,0,0,0,0,0,0,0,0,1,0,0,0,0
sst2_04926,train_51010,train,positive,1,1,1,1,0,0,0,0,0,0,1,1,0,0,0,1,0,1,0,1
sst2_04927,train_26072,train,negative,0,0,0,0,1,1,0,1,0,0,0,1,0,0,0,1,0,0,0,1
sst2_04930,train_17919,train,positive,0,0,0,0,0,0,0,0,0,0,1,0,0,0,0,0,0,0,0,0
sst2_04928,train_18820,train,positive,1,1,0,1,0,0,0,0,0,0,1,1,0,0,0,1,0,1,0,1
sst2_04929,train_46707,train,negative,0,0,0,0,1,1,1,1,0,0,1,1,1,0,0,1,0,0,1,1
sst2_04931,train_46689,test,positive,1,1,1,0,0,0,0,0,0,0,0,0,0,0,0,1,0,1,0,1
sst2_04932,train_45198,train,positive,0,0,0,0,0,0,0,0,0,0,1,0,0,0,1,0,0,0,0,0
sst2_04934,train_62025,train,positive,1,1,1,1,0,0,0,0,1,0,0,1,0,0,0,1,0,1,0,1
sst2_04935,train_17096,train,positive,1,1,1,0,0,0,0,0,0,0,0,0,0,0,0,1,0,0,0,0
sst2_04933,train_668,train,positive,0,0,0,0,0,0,0,0,0,0,1,0,0,0,0,0,0,0,0,0
sst2_04938,train_56115,train,positive,0,0,0,0,0,0,0,0,0,0,0,0,0,0,1,0,0,0,0,0
sst2_04937,train_47233,train,positive,1,1,1,1,0,0,0,0,1,0,0,1,0,0,0,1,0,1,0,1
sst2_04936,train_13352,train,negative,0,0,0,0,1,1,1,1,0,0,1,1,0,0,0,1,0,0,1,1
sst2_04939,train_62009,test,negative,0,0,0,0,1,1,1,1,0,1,0,1,0,0,0,1,1,0,1,1
sst2_04940,train_4805,train,positive,1,0,0,0,0,0,0,0,0,0,0,0,0,0,0,1,0,0,0,0
sst2_04941,train_524,train,negative,0,0,0,0,1,1,0,0,0,0,0,1,0,0,0,1,1,0,0,1
sst2_04942,train_26654,train,positive,0,0,0,0,0,0,0,0,0,0,0,0,0,0,0,0,0,0,0,0
sst2_04943,train_17249,train,positive,1,1,0,1,0,0,0,0,0,0,0,1,0,0,0,1,0,0,0,1
sst2_04944,train_61020,train,negative,0,0,0,0,0,0,0,0,0,0,0,0,0,0,0,0,0,0,0,0
sst2_04945,train_22052,test,negative,0,0,0,0,1,1,1,1,0,0,1,1,0,0,0,1,0,0,1,1
sst2_04946,train_52407,test,negative,0,0,0,0,1,1,0,0,0,0,0,1,0,0,0,1,0,0,0,1
sst2_04947,train_67235,train,positive,1,1,1,1,0,0,0,0,0,0,0,1,0,0,0,1,0,1,0,1
sst2_04948,train_51599,train,positive,1,1,0,1,0,0,0,0,1,0,0,1,0,0,0,1,0,0,0,1
sst2_04950,train_8462,train,negative,0,0,0,0,1,1,0,1,0,0,0,1,0,0,0,1,0,0,1,1
sst2_04951,train_38673,test,positive,0,0,0,0,0,0,0,0,0,0,0,0,0,0,0,0,0,0,0,0
sst2_04952,train_39805,train,positive,0,0,0,0,0,0,0,0,0,0,0,0,0,0,0,0,0,0,0,0
sst2_04953,train_37473,train,positive,1,1,1,1,0,0,0,0,0,0,0,0,0,0,0,1,0,0,0,1
sst2_04949,train_36062,train,negative,0,0,0,0,1,1,0,1,0,1,0,1,0,0,0,1,0,0,0,1
sst2_04954,train_52103,test,negative,0,0,0,0,1,1,0,0,0,0,1,1,0,0,0,1,0,0,0,1
sst2_04956,train_26624,train,positive,1,1,0,0,0,0,0,0,0,0,0,0,0,0,0,1,0,0,0,0
sst2_04955,train_13651,train,positive,0,0,0,0,1,1,0,0,0,0,0,0,0,0,0,1,0,0,0,0
sst2_04957,train_6367,train,positive,1,1,1,1,0,0,0,0,0,0,0,0,0,0,0,1,0,1,0,1
sst2_04958,train_24002,train,positive,1,1,0,0,0,0,0,0,0,0,0,0,0,0,0,1,0,1,0,0
sst2_04959,train_25137,train,negative,0,0,0,0,1,1,0,1,0,0,1,1,1,0,0,1,0,0,0,1
sst2_04960,train_22626,test,negative,0,0,0,0,1,1,1,1,0,1,1,1,0,0,0,1,0,0,0,1
sst2_04961,validation_414,train,positive,1,1,1,1,0,0,0,0,0,0,1,1,0,0,0,1,0,1,0,1
sst2_04962,train_34974,train,negative,0,0,0,0,1,1,0,1,0,1,0,1,0,0,0,1,0,0,0,1
sst2_04964,train_66851,train,positive,1,0,1,0,0,0,0,0,0,0,0,0,0,0,1,0,0,0,0,0
sst2_04963,train_29484,train,positive,1,1,0,1,0,0,0,0,1,0,0,1,0,0,0,1,0,1,0,1
sst2_04965,train_54360,test,positive,1,1,1,0,0,0,0,0,0,0,1,0,0,1,0,1,0,0,0,0
sst2_04966,train_52935,train,positive,1,1,0,0,0,0,0,0,0,0,1,0,0,0,0,1,0,0,0,0
sst2_04968,train_62415,train,positive,0,0,0,0,0,0,0,0,0,0,0,0,0,0,0,0,0,0,0,0
sst2_04969,train_45330,train,negative,0,0,0,0,1,1,0,1,0,0,0,1,0,0,0,1,0,0,0,1
sst2_04970,train_22096,train,positive,1,1,0,1,0,0,0,0,0,0,0,0,0,0,0,1,0,0,0,1
sst2_04971,train_49047,train,negative,0,0,0,0,1,1,0,0,0,0,1,0,0,0,1,1,0,0,0,0
sst2_04967,train_25920,train,negative,0,0,0,0,1,1,0,0,0,0,0,1,0,0,0,1,0,0,0,1
sst2_04974,train_9635,train,positive,0,0,0,0,0,0,0,0,0,0,0,0,0,0,1,0,0,0,0,0
sst2_04972,train_51901,test,negative,0,0,0,0,1,1,1,1,0,0,1,1,0,1,0,1,1,0,0,1
sst2_04973,train_36344,train,positive,1,1,1,1,0,0,0,0,0,0,0,1,0,0,0,1,1,1,0,1
sst2_04975,train_60720,train,negative,0,0,0,0,0,0,0,0,0,0,0,0,0,0,0,0,0,0,0,0
sst2_04976,train_45759,train,positive,1,1,1,0,0,0,0,0,0,0,0,0,0,0,0,0,0,0,0,1
sst2_04977,train_38884,test,positive,1,1,0,0,0,0,0,0,1,0,0,0,0,0,0,0,0,0,0,0
sst2_04978,train_12600,test,positive,1,1,0,0,0,0,0,0,1,0,0,0,0,0,1,1,0,1,0,0
sst2_04979,train_21986,train,positive,1,1,1,0,0,0,0,0,0,0,0,0,0,0,0,1,0,0,0,0
sst2_04980,train_35591,train,positive,1,1,0,1,0,0,0,0,0,0,0,1,0,0,0,1,0,0,0,1
sst2_04981,train_4396,train,negative,0,0,0,0,1,1,0,1,0,0,0,1,0,0,0,1,1,0,0,1
sst2_04982,train_38617,test,positive,1,1,0,1,0,0,0,0,0,0,0,0,0,0,0,0,0,0,0,1
sst2_04983,train_46784,train,positive,1,0,1,0,0,0,0,0,0,0,0,0,0,0,1,0,1,0,0,0
sst2_04987,train_7023,train,positive,1,1,0,1,0,0,0,0,0,0,0,0,0,0,0,0,0,0,0,1
sst2_04984,train_18221,train,negative,0,0,0,0,0,0,0,0,0,0,0,0,0,0,0,0,0,0,0,0
sst2_04985,train_23152,train,negative,0,0,0,0,1,1,0,1,0,0,0,1,0,0,0,1,0,0,0,1
sst2_04986,train_58455,train,negative,0,0,0,0,1,1,1,1,0,0,1,0,0,1,0,1,0,0,0,0
sst2_04989,train_9332,train,negative,0,0,0,0,1,1,0,1,0,0,0,1,0,0,0,1,0,0,1,1
sst2_04991,train_29252,test,positive,1,1,0,0,0,0,0,0,0,0,0,0,0,0,0,1,0,0,0,0
sst2_04988,train_36387,train,positive,0,0,0,0,0,0,0,0,0,0,0,0,0,0,1,1,0,0,0,0
sst2_04993,train_59956,train,negative,0,0,0,0,1,1,0,1,0,0,0,1,0,0,0,1,0,0,0,1
sst2_04990,train_5725,test,negative,0,0,0,0,1,1,1,1,0,1,0,1,0,0,0,1,0,0,0,1
sst2_04992,train_23357,train,negative,0,0,0,0,1,1,1,0,0,0,0,0,0,0,1,1,0,0,0,0
sst2_04994,train_46529,test,negative,0,0,0,0,1,1,0,1,0,1,1,1,0,0,0,1,0,0,0,1
sst2_04995,train_25733,test,positive,1,1,1,0,0,0,0,0,0,0,0,0,0,0,0,1,0,1,0,0
sst2_04996,train_36310,train,positive,1,1,1,1,0,0,0,0,0,0,0,1,0,0,0,1,0,1,0,1
sst2_04999,train_67198,train,positive,1,0,0,0,0,0,0,0,0,0,0,0,0,0,1,0,0,0,0,0
sst2_04998,train_57773,train,negative,0,0,0,0,1,1,1,1,0,0,1,1,0,0,0,1,0,0,1,1
sst2_04997,train_39522,train,positive,1,1,0,1,0,0,0,0,0,0,1,1,0,0,0,1,0,0,0,1
