id,source_id,split,label,mentions_prize_reward_gift,claims_winner_or_selected,impersonates_official_entity,uses_promotional_or_marketing_claim,mentions_money_payment,mentions_free_offer,mentions_discount_or_rate,mentions_financial_gain_or_cost,creates_urgency,uses_deadline_or_expiry,threatens_loss_or_penalty,contains_all_caps_or_exclamation_emphasis,asks_click_link,asks_user_reply_or_call,requests_personal_information,requests_immediate_action,normal_personal_conversation,mentions_meeting_family_friends,uses_casual_emotional_language,refers_previous_conversation
sms_spam_00002,3695,train,ham,0,0,0,0,0,0,0,0,0,0,0,0,0,1,0,0,1,0,1,0
sms_spam_00001,627,train,ham,0,0,0,0,0,0,0,0,0,0,0,0,0,0,0,0,1,1,1,1
sms_spam_00004,2736,train,ham,0,0,0,0,0,0,0,0,0,0,0,0,0,0,0,0,1,0,1,1
sms_spam_00005,4409,train,ham,0,0,0,0,0,0,0,0,0,0,0,0,0,0,0,0,1,0,1,1
sms_spam_00003,3273,train,ham,0,0,0,0,0,0,0,0,0,0,0,0,0,0,0,0,1,0,1,1
sms_spam_00000,855,train,spam,0,0,0,1,0,0,0,0,0,0,0,0,0,1,0,1,0,0,1,0
sms_spam_00007,981,train,ham,0,0,0,0,0,0,0,0,0,0,0,0,0,0,0,0,1,1,1,1
sms_spam_00008,971,test,ham,0,0,0,0,0,0,0,0,0,0,0,0,0,0,0,0,1,0,1,1
sms_spam_00006,1673,train,spam,0,0,0,0,0,0,0,0,0,0,0,0,0,0,0,0,0,0,0,0
sms_spam_00009,4948,test,ham,0,0,0,0,0,0,0,0,0,0,0,0,0,0,0,0,1,1,1,0
sms_spam_00010,5101,train,ham,0,0,0,0,0,0,0,0,0,0,0,0,0,0,0,0,1,0,1,1
sms_spam_00011,4953,train,ham,0,0,0,0,0,0,0,0,0,0,0,0,0,0,0,0,1,1,1,1
sms_spam_00012,412,train,ham,0,0,0,0,0,0,0,0,0,0,0,0,0,0,0,0,1,1,1,1
sms_spam_00015,4209,train,ham,0,0,0,0,0,0,0,0,0,0,0,0,0,0,0,0,1,0,1,1
sms_spam_00013,4205,train,ham,0,0,0,0,0,0,0,0,0,0,0,0,0,0,0,0,1,1,1,1
sms_spam_00016,4800,train,ham,0,0,0,0,0,0,0,0,0,0,0,0,0,0,0,0,1,0,1,1
sms_spam_00014,3098,train,ham,0,0,0,0,0,0,0,0,0,0,0,0,0,0,0,0,1,0,1,1
sms_spam_00017,247,train,ham,0,0,0,0,0,0,0,0,0,0,0,0,0,0,0,0,1,0,0,0
sms_spam_00020,3535,test,ham,0,0,0,0,0,0,0,0,0,0,0,0,0,0,0,0,1,1,1,1
sms_spam_00022,2241,test,ham,0,0,0,0,0,0,0,0,0,0,0,0,0,0,0,0,1,0,1,1
sms_spam_00021,4332,test,ham,0,0,0,0,0,0,0,0,0,0,0,0,0,0,0,0,1,0,1,1
sms_spam_00018,1436,test,ham,0,0,0,0,0,0,0,0,0,0,0,0,0,0,0,0,1,0,1,1
sms_spam_00019,3457,train,ham,0,0,0,0,0,0,0,0,1,0,0,0,0,0,0,1,1,1,1,0
sms_spam_00023,3806,train,ham,0,0,0,0,0,0,0,0,0,0,0,0,0,0,0,0,1,0,1,1
sms_spam_00025,5530,train,ham,0,0,0,0,0,0,0,0,0,0,0,0,0,0,0,0,1,1,1,1
sms_spam_00024,1177,train,ham,0,0,0,0,0,0,0,0,0,0,0,0,0,0,0,0,1,0,1,0
sms_spam_00026,2171,train,ham,0,0,0,0,0,0,0,0,0,0,0,0,0,0,0,0,1,0,1,1
sms_spam_00027,40,train,ham,0,0,0,0,0,0,0,0,0,0,0,0,0,0,0,0,1,0,1,1
sms_spam_00028,2008,train,ham,0,0,0,0,0,0,0,0,0,0,0,0,0,0,0,0,0,0,0,0
sms_spam_00029,3269,train,ham,0,0,0,0,0,0,0,0,0,0,0,0,0,0,0,0,1,1,1,1
sms_spam_00033,4940,train,ham,0,0,0,0,0,0,0,0,0,0,0,0,0,0,0,0,1,0,1,0
sms_spam_00032,5084,test,ham,0,0,0,0,0,0,0,0,0,0,0,0,0,0,0,0,1,0,1,0
sms_spam_00030,1138,test,ham,0,0,0,0,0,0,0,0,0,0,0,0,0,0,0,0,1,0,1,0
sms_spam_00031,3828,test,ham,0,0,0,0,0,0,0,0,0,0,0,0,0,0,0,0,1,1,1,1
sms_spam_00034,2843,train,ham,0,0,0,1,0,0,0,0,1,0,0,0,0,1,0,1,0,0,1,0
sms_spam_00035,4059,train,spam,0,0,1,1,1,0,0,1,0,0,0,0,0,1,0,0,0,0,0,0
sms_spam_00037,4850,test,ham,0,0,0,0,0,0,0,0,0,0,0,0,0,0,0,0,1,0,1,1
sms_spam_00038,3259,train,ham,0,0,0,0,0,0,0,0,0,0,0,0,0,0,0,0,1,0,1,0
sms_spam_00036,1232,train,ham,0,0,0,0,0,0,0,0,0,0,0,0,0,1,0,0,1,1,0,1
sms_spam_00040,858,train,ham,0,0,0,0,0,0,0,0,0,0,0,0,0,0,0,0,1,0,1,1
sms_spam_00039,5142,train,ham,0,0,0,0,0,0,0,0,0,0,0,0,1,0,0,0,1,0,1,1
sms_spam_00041,5426,train,ham,0,0,0,0,0,0,0,0,0,0,0,1,0,0,0,0,1,0,1,0
sms_spam_00043,5448,train,ham,0,0,0,0,0,0,0,0,0,0,0,0,0,0,0,0,1,1,1,1
sms_spam_00042,3058,test,ham,1,0,0,0,0,0,0,0,0,0,0,0,0,0,0,0,1,1,1,0
sms_spam_00044,3973,test,ham,0,0,0,0,0,0,0,0,0,0,0,0,0,0,0,0,1,1,1,1
sms_spam_00045,3922,train,ham,0,0,0,0,0,0,0,0,0,0,0,0,0,0,0,0,1,1,1,1
sms_spam_00046,5022,train,ham,0,0,0,0,0,0,0,0,0,0,0,0,0,0,0,0,1,1,1,1
sms_spam_00047,4340,test,ham,0,0,0,0,0,0,0,0,0,0,0,0,0,0,0,0,1,0,1,0
sms_spam_00049,660,train,ham,0,0,0,0,0,0,0,0,0,0,0,0,0,0,0,0,1,0,1,0
sms_spam_00048,647,train,spam,1,1,1,1,1,0,0,1,1,1,1,1,0,1,0,1,0,0,0,0
sms_spam_00051,3937,test,ham,0,0,0,0,0,0,0,0,0,0,0,1,0,0,0,0,0,0,0,0
sms_spam_00050,452,test,ham,0,0,0,0,1,0,0,0,0,0,0,0,0,1,1,0,1,0,1,1
sms_spam_00053,3766,train,ham,0,0,0,0,0,0,0,0,0,0,0,0,0,1,0,1,0,0,0,0
sms_spam_00052,2012,train,ham,0,0,0,0,0,0,0,0,0,0,0,0,0,0,0,0,1,0,1,0
sms_spam_00055,2796,train,ham,0,0,0,0,0,0,0,0,0,0,0,0,0,0,0,0,1,0,1,1
sms_spam_00054,2268,train,spam,0,0,1,0,1,0,0,1,0,0,0,1,0,0,0,0,0,0,0,0
sms_spam_00056,4180,train,ham,0,0,0,0,0,0,0,0,0,0,0,0,0,0,0,0,1,1,1,1
sms_spam_00057,5130,train,ham,0,0,0,0,0,0,0,0,0,0,0,0,0,0,0,0,1,0,1,1
sms_spam_00058,3304,train,ham,0,0,0,1,0,0,0,0,1,1,1,0,0,0,0,1,0,0,0,0
sms_spam_00059,2895,train,spam,0,0,1,1,0,1,0,0,1,0,0,1,0,1,0,1,0,0,0,0
sms_spam_00060,32,train,ham,0,0,0,0,0,0,0,0,0,0,0,0,0,0,0,0,1,0,1,0
sms_spam_00061,2305,test,ham,0,0,0,0,0,0,0,0,0,0,0,0,0,0,0,0,1,1,1,1
sms_spam_00063,4993,train,ham,0,0,0,0,0,0,0,0,0,0,0,0,0,0,0,0,1,0,0,0
sms_spam_00064,3394,train,ham,0,0,0,0,0,0,0,0,0,0,0,0,0,0,0,0,1,0,1,1
sms_spam_00062,5077,train,spam,0,0,0,1,0,1,0,0,1,0,0,0,0,1,0,1,0,0,0,0
sms_spam_00065,4324,train,ham,0,0,0,0,0,0,0,0,0,0,0,0,0,0,0,0,1,0,1,0
sms_spam_00067,1270,train,ham,0,0,0,0,0,0,0,0,0,0,0,0,0,0,0,0,1,0,1,1
sms_spam_00066,1744,train,spam,0,0,0,1,0,0,0,0,0,0,0,0,0,1,0,1,0,0,0,0
sms_spam_00068,1961,test,ham,0,0,0,0,0,0,0,0,0,0,0,0,0,0,0,0,1,0,1,1
sms_spam_00069,2621,train,ham,0,0,0,0,0,0,0,0,0,0,0,0,0,0,0,0,1,1,1,1
sms_spam_00071,466,train,ham,0,0,0,0,0,0,0,0,0,0,0,0,0,0,0,0,1,0,1,1
sms_spam_00070,716,train,spam,1,1,0,1,1,0,0,1,1,1,0,1,0,1,0,1,0,0,0,0
sms_spam_00075,2738,train,ham,0,0,0,0,0,0,0,0,0,0,0,0,0,0,0,0,1,0,0,1
sms_spam_00072,5124,test,ham,0,0,0,0,0,0,0,0,0,0,0,0,0,0,0,0,1,0,1,1
sms_spam_00074,4667,test,ham,0,0,0,0,0,0,0,0,0,0,0,0,0,0,0,0,1,1,1,1
sms_spam_00073,5074,train,spam,1,1,0,1,1,0,0,1,0,0,0,0,0,1,0,1,0,0,0,1
sms_spam_00077,4286,test,ham,0,0,0,0,0,0,0,0,0,0,0,0,0,0,0,0,1,0,1,0
sms_spam_00076,739,train,ham,0,0,0,0,0,0,0,0,0,0,0,0,0,0,0,0,1,1,1,1
sms_spam_00079,2298,train,ham,0,0,0,0,0,0,0,0,0,0,0,0,0,0,0,0,1,0,1,0
sms_spam_00081,2072,train,ham,0,0,0,0,0,0,0,0,0,0,0,0,0,0,0,0,1,0,1,0
sms_spam_00080,1746,train,ham,0,0,0,0,0,0,0,0,0,0,0,0,0,0,0,0,1,1,1,1
sms_spam_00078,383,test,ham,0,0,0,0,0,0,0,0,0,0,0,0,0,0,0,0,1,1,1,1
sms_spam_00082,3510,test,ham,0,0,0,0,1,0,0,1,0,0,0,0,0,0,0,0,1,0,1,1
sms_spam_00083,2179,train,ham,0,0,0,0,0,0,0,0,0,0,0,0,0,0,0,0,1,0,1,1
sms_spam_00086,194,train,ham,0,0,0,0,0,0,0,0,0,0,0,0,0,0,0,0,1,1,1,0
sms_spam_00087,4952,train,ham,0,0,0,0,0,0,0,0,0,0,0,1,0,0,0,0,1,0,1,1
sms_spam_00085,2395,test,ham,0,0,0,0,0,0,0,0,0,0,0,0,0,0,0,0,1,0,1,1
sms_spam_00084,4794,train,ham,0,0,0,0,0,0,0,0,0,0,0,0,0,0,0,0,1,1,1,0
sms_spam_00089,2542,train,ham,0,0,0,0,0,0,0,0,0,0,0,0,0,0,0,0,1,0,1,0
sms_spam_00088,179,train,ham,0,0,1,0,0,0,0,0,0,0,0,0,0,1,0,1,0,0,0,1
sms_spam_00090,3555,train,ham,0,0,0,0,0,0,0,0,0,0,0,0,0,0,0,0,1,0,1,1
sms_spam_00092,1934,train,ham,0,0,0,0,0,0,0,0,0,0,0,0,0,0,0,0,1,0,1,0
sms_spam_00091,3388,train,ham,0,0,0,0,0,0,0,0,0,0,0,0,0,0,0,0,1,0,1,1
sms_spam_00093,4576,train,spam,0,0,0,1,0,1,1,0,0,0,0,1,0,1,0,1,0,0,0,0
sms_spam_00094,4941,train,ham,0,0,0,0,0,0,0,0,0,0,0,0,0,0,0,0,1,1,1,1
sms_spam_00095,567,test,ham,0,0,0,0,0,0,0,0,0,0,0,0,0,0,0,0,1,0,1,0
sms_spam_00096,274,train,ham,0,0,0,0,0,0,0,0,0,0,0,0,0,0,0,0,1,1,1,1
sms_spam_00097,3958,train,ham,0,0,0,0,0,0,0,0,0,0,0,0,0,0,0,0,1,0,1,0
sms_spam_00098,979,train,ham,0,0,0,0,0,0,0,0,0,0,0,0,0,0,0,0,1,0,1,0
sms_spam_00099,2120,train,ham,0,0,0,0,0,0,0,0,0,0,0,0,0,0,0,0,1,0,1,1
sms_spam_00100,2961,train,ham,0,0,0,0,0,0,1,0,0,0,0,1,0,0,0,0,0,0,1,0
sms_spam_00101,18,train,ham,0,0,0,0,0,0,0,0,0,0,0,0,0,0,0,0,1,0,1,1
sms_spam_00102,3090,train,spam,1,0,0,1,0,0,0,0,1,1,0,1,0,1,0,1,0,0,0,0
sms_spam_00103,4899,train,spam,1,1,0,1,1,1,0,1,1,0,0,1,0,1,0,1,0,0,0,0
sms_spam_00105,4574,test,ham,0,0,0,0,0,0,0,0,0,0,0,0,0,0,0,0,1,0,1,1
sms_spam_00104,2732,train,ham,0,0,0,0,0,0,0,0,0,0,0,0,0,0,0,0,1,0,1,1
sms_spam_00107,4989,train,spam,1,1,1,1,1,0,0,1,1,0,0,0,0,1,0,1,0,0,0,0
sms_spam_00106,378,train,ham,0,0,0,0,0,0,0,0,0,0,0,0,0,0,0,0,1,1,1,1
sms_spam_00109,5200,train,spam,0,0,0,1,1,0,1,1,0,0,0,0,1,1,0,0,0,0,0,0
sms_spam_00110,3067,test,ham,0,0,0,0,0,0,0,0,1,0,0,0,0,0,0,1,1,0,1,0
sms_spam_00108,4458,train,spam,0,0,1,1,1,1,0,1,0,0,0,0,0,1,0,1,0,0,0,0
sms_spam_00111,4485,test,ham,0,0,0,0,0,0,0,0,0,0,0,0,0,0,0,0,1,0,1,0
sms_spam_00112,1530,test,ham,0,0,0,0,0,0,0,0,0,0,0,0,0,0,0,0,1,0,1,1
sms_spam_00116,1683,train,ham,0,0,0,0,0,0,0,0,0,0,0,0,0,0,0,0,1,0,1,0
sms_spam_00113,3412,train,ham,0,0,0,0,0,0,0,0,0,0,0,0,0,0,0,0,1,0,0,1
sms_spam_00114,5557,train,ham,0,0,0,0,1,0,0,1,0,0,0,0,0,0,0,0,1,1,1,1
sms_spam_00115,51,train,ham,0,0,0,0,1,0,0,1,0,0,0,0,0,0,0,0,0,0,0,0
sms_spam_00117,3699,train,ham,0,0,0,0,0,0,0,0,0,0,0,0,0,0,0,0,1,0,1,1
sms_spam_00118,904,test,ham,0,0,0,0,0,0,0,0,0,0,0,0,0,0,0,0,1,1,1,1
sms_spam_00119,2431,test,ham,0,0,0,0,0,0,0,0,0,0,0,0,0,0,0,0,1,0,1,1
sms_spam_00120,534,train,ham,0,0,0,0,0,0,0,0,0,0,0,0,0,0,0,0,1,1,1,1
sms_spam_00121,4992,train,ham,0,0,0,0,0,0,0,0,0,0,0,0,0,0,0,0,1,0,1,0
sms_spam_00122,2349,train,ham,0,0,0,0,0,0,0,0,0,0,0,0,0,0,0,0,1,0,1,1
sms_spam_00123,4616,train,ham,0,0,0,0,0,0,0,0,0,0,0,0,0,0,0,0,1,0,1,1
sms_spam_00124,755,train,ham,0,0,0,0,0,0,0,0,0,0,0,0,0,0,0,0,1,0,1,1
sms_spam_00125,975,train,ham,0,0,0,0,0,0,0,0,0,0,0,0,0,0,0,0,1,1,1,1
sms_spam_00127,1474,train,ham,0,0,0,0,0,0,0,0,0,0,0,0,0,0,0,0,1,0,1,0
sms_spam_00126,3872,train,ham,0,0,0,0,0,0,0,0,0,0,0,0,0,0,0,0,1,0,1,0
sms_spam_00128,17,train,ham,0,0,0,0,0,0,0,0,0,0,0,0,0,0,0,0,1,0,1,1
sms_spam_00129,4808,train,ham,0,0,0,0,0,0,0,0,0,0,0,0,0,0,0,0,1,0,1,1
sms_spam_00130,3209,train,ham,0,0,0,0,0,0,0,0,0,0,0,0,0,0,0,0,1,1,1,1
sms_spam_00131,2113,train,ham,0,0,0,0,0,0,0,0,0,0,0,0,0,0,0,0,1,1,1,1
sms_spam_00133,365,train,ham,0,0,0,0,0,0,0,0,0,0,0,0,0,0,0,0,1,0,1,1
sms_spam_00132,4894,train,spam,0,0,0,1,1,0,1,1,1,1,0,0,0,1,0,1,0,0,0,0
sms_spam_00134,1982,test,ham,0,0,0,0,0,0,0,0,0,0,0,0,0,0,0,0,1,1,1,1
sms_spam_00135,5568,test,ham,0,0,0,0,0,0,0,0,0,0,0,0,0,0,0,0,1,1,1,1
sms_spam_00136,4973,test,ham,0,0,0,0,0,0,0,0,0,0,0,0,0,0,0,0,1,0,1,1
sms_spam_00137,1852,train,spam,1,1,0,1,1,0,0,1,1,0,0,1,0,1,0,1,0,0,0,1
sms_spam_00138,1839,test,ham,0,0,0,0,0,0,0,0,0,0,0,0,0,0,0,0,1,1,1,1
sms_spam_00139,3020,train,ham,0,0,0,0,0,0,0,0,0,0,0,0,0,0,0,0,1,0,1,0
sms_spam_00140,462,train,spam,1,1,1,1,0,1,0,0,1,1,0,0,0,1,0,1,0,0,0,0
sms_spam_00141,2367,train,ham,0,0,0,0,0,0,0,0,0,0,0,0,0,0,0,0,1,1,1,1
sms_spam_00142,3036,test,ham,0,0,0,0,0,0,0,0,0,0,0,0,0,0,0,0,1,0,1,1
sms_spam_00143,140,train,ham,0,0,0,0,0,0,0,0,0,0,0,0,0,0,0,0,1,0,1,1
sms_spam_00145,4509,train,ham,0,0,0,0,0,0,0,0,0,0,0,0,0,0,0,0,1,1,1,1
sms_spam_00146,2280,test,ham,0,0,0,0,0,0,0,0,0,0,0,0,0,0,0,0,1,1,1,1
sms_spam_00144,1331,train,ham,0,0,0,0,0,0,0,0,0,0,0,0,0,1,0,1,1,0,1,0
sms_spam_00147,5511,train,ham,0,0,0,0,0,0,0,0,0,0,0,0,0,0,0,0,1,0,1,0
sms_spam_00148,4430,train,ham,0,0,0,0,0,0,0,0,0,0,0,0,0,0,0,0,1,1,1,1
sms_spam_00149,1509,test,ham,0,0,0,0,0,0,0,0,0,0,0,0,0,0,0,0,1,0,1,0
sms_spam_00150,5431,train,ham,0,0,0,0,0,0,0,0,0,0,0,0,0,0,0,0,1,0,1,1
sms_spam_00152,2975,train,ham,0,0,0,0,0,0,0,0,0,0,0,0,0,0,0,0,1,0,1,0
sms_spam_00151,5218,test,ham,0,0,0,0,0,0,0,0,0,0,0,0,0,0,0,0,1,0,1,1
sms_spam_00153,3354,train,ham,0,0,0,0,0,0,0,0,0,0,0,0,0,0,0,0,1,0,0,0
sms_spam_00154,282,test,ham,0,0,0,0,1,0,0,1,0,0,0,0,0,0,0,0,1,0,1,1
sms_spam_00155,2756,train,ham,0,0,0,0,0,0,0,0,0,0,0,0,0,0,0,0,1,1,1,1
sms_spam_00156,833,test,ham,0,0,0,0,0,0,0,0,0,0,0,1,0,0,0,0,1,1,1,1
sms_spam_00158,1344,train,ham,0,0,0,0,0,0,0,0,0,0,0,0,0,0,0,0,1,0,1,1
sms_spam_00157,2814,train,ham,0,0,0,0,0,0,0,0,0,0,0,0,0,0,0,0,1,0,1,1
sms_spam_00159,4255,train,ham,0,0,0,0,0,0,0,0,0,0,0,1,0,0,0,0,1,0,1,1
sms_spam_00160,3550,train,ham,0,0,0,0,0,0,0,0,0,0,0,0,0,0,0,0,1,0,1,1
sms_spam_00161,96,test,ham,0,0,0,0,0,0,0,0,0,0,0,0,0,0,0,0,1,0,1,0
sms_spam_00162,2070,train,spam,0,0,0,1,0,0,0,0,0,0,0,0,0,1,1,1,0,0,0,0
sms_spam_00163,3371,train,ham,0,0,0,0,0,0,0,0,0,0,0,0,0,0,0,0,1,0,1,0
sms_spam_00164,3928,train,ham,0,0,0,0,0,0,0,0,0,0,0,0,0,0,0,0,1,0,1,0
sms_spam_00165,3242,train,ham,0,0,0,0,0,0,0,0,1,0,0,0,0,0,0,1,1,0,1,0
sms_spam_00166,1272,train,ham,0,0,0,0,0,0,0,0,0,0,0,0,0,0,0,0,1,0,1,1
sms_spam_00167,2630,test,ham,0,0,0,0,0,0,0,0,0,0,0,0,0,0,0,0,1,0,1,1
sms_spam_00168,2745,train,ham,0,0,0,0,0,0,0,0,0,0,0,0,0,0,0,0,1,1,1,1
sms_spam_00169,1240,train,ham,0,0,0,0,0,0,0,0,0,0,0,0,0,0,0,0,1,0,1,1
sms_spam_00170,4150,test,ham,0,0,0,0,0,0,0,0,0,0,0,0,0,0,0,0,1,1,1,1
sms_spam_00171,1156,train,ham,0,0,0,0,0,0,0,0,0,0,0,0,0,0,0,0,1,1,1,1
sms_spam_00172,934,train,spam,1,1,0,1,1,1,0,1,0,0,0,0,0,1,0,1,0,0,0,0
sms_spam_00173,258,test,spam,1,1,1,1,0,1,0,0,1,0,0,1,0,1,0,1,0,0,0,1
sms_spam_00175,2201,train,ham,0,0,0,0,0,0,0,0,0,0,0,0,0,0,0,0,1,1,1,0
sms_spam_00174,1886,test,spam,0,0,0,1,1,0,0,1,1,1,0,0,0,1,0,1,0,0,0,0
sms_spam_00176,4656,train,spam,1,1,1,1,0,0,0,1,1,1,1,1,0,1,0,1,0,0,0,0
sms_spam_00177,3308,train,ham,0,0,0,0,0,0,0,0,0,0,0,0,0,0,0,0,1,1,1,1
sms_spam_00179,1614,test,ham,0,0,0,0,0,0,0,0,0,0,0,0,0,0,0,0,1,0,1,0
sms_spam_00178,3727,train,ham,0,0,0,0,0,0,0,0,0,0,0,0,0,0,0,0,1,0,1,0
sms_spam_00180,298,train,ham,0,0,0,0,0,0,0,0,0,0,0,0,0,1,0,0,1,0,1,0
sms_spam_00181,2949,test,ham,0,0,0,0,0,0,0,0,0,0,0,0,0,0,0,0,1,1,1,1
sms_spam_00182,2691,test,ham,0,0,0,0,0,0,0,0,0,0,0,0,0,0,0,0,1,1,1,0
sms_spam_00183,3981,train,ham,0,0,0,0,0,0,0,0,0,0,0,0,0,0,0,0,1,1,1,1
sms_spam_00184,1394,train,ham,0,0,0,0,0,0,0,0,0,0,0,0,0,0,0,0,1,1,1,1
sms_spam_00185,3189,test,ham,0,0,0,0,0,0,0,0,0,0,0,0,0,0,0,0,1,0,1,0
sms_spam_00186,3272,train,ham,0,0,0,0,0,0,0,0,0,0,0,0,0,0,0,0,1,0,1,1
sms_spam_00187,639,train,ham,0,0,0,0,0,0,0,0,0,0,0,0,0,0,0,0,1,0,0,1
sms_spam_00188,2640,train,ham,0,0,0,0,0,0,0,0,0,0,0,0,0,0,0,0,1,1,1,0
sms_spam_00189,1218,train,ham,0,0,0,0,0,0,0,0,0,0,0,0,0,0,0,0,1,0,1,1
sms_spam_00191,2314,train,ham,0,0,0,0,0,0,0,0,0,0,0,0,0,0,0,0,1,1,1,1
sms_spam_00190,3970,train,spam,0,0,0,1,1,1,1,1,0,0,0,0,0,1,0,0,0,0,0,0
sms_spam_00192,2719,train,ham,0,0,0,0,0,0,0,0,0,0,0,0,0,0,0,0,1,0,1,1
sms_spam_00193,3069,test,ham,0,0,0,0,0,0,0,0,0,0,0,0,0,0,0,0,1,0,1,1
sms_spam_00194,2312,train,spam,1,0,1,1,0,1,0,0,0,0,0,0,0,0,0,0,0,0,0,0
sms_spam_00195,5337,train,ham,0,0,0,0,0,0,0,0,0,0,0,0,0,0,0,0,1,0,1,0
sms_spam_00197,2090,train,ham,0,0,0,0,0,0,0,0,0,0,0,0,0,0,0,0,1,0,1,0
sms_spam_00196,1088,train,spam,1,1,0,1,1,0,0,1,0,0,0,0,0,1,0,0,0,0,0,0
sms_spam_00199,456,train,ham,0,0,0,0,0,0,0,0,0,0,0,0,0,0,0,0,1,0,1,0
sms_spam_00198,4239,train,ham,0,0,0,0,0,0,0,0,0,0,0,0,0,1,0,0,1,1,1,0
sms_spam_00200,5268,train,ham,0,0,0,0,0,0,0,0,0,0,0,0,0,0,0,0,0,0,0,0
sms_spam_00201,3301,train,ham,0,0,0,0,0,0,0,0,0,0,0,0,0,0,0,0,1,1,1,1
sms_spam_00202,4679,train,ham,0,0,0,0,0,0,0,0,0,0,0,0,0,1,0,0,1,1,1,1
sms_spam_00203,5024,train,ham,0,0,0,0,0,0,0,0,0,0,0,0,0,0,0,0,1,1,1,1
sms_spam_00204,106,train,ham,0,0,0,0,1,0,0,0,0,0,0,0,0,0,0,0,1,0,1,1
sms_spam_00205,2220,test,ham,0,0,0,0,0,0,0,0,0,0,0,0,0,0,0,0,1,0,1,1
sms_spam_00206,501,test,ham,0,0,0,0,0,0,0,0,0,0,0,0,0,0,0,0,1,0,1,1
sms_spam_00207,3841,train,ham,0,0,0,0,0,0,0,0,0,0,0,0,0,0,0,0,1,1,1,1
sms_spam_00208,4218,train,ham,0,0,0,0,0,0,0,0,0,0,0,0,0,0,0,0,1,1,1,1
sms_spam_00209,3250,train,ham,0,0,0,0,0,0,0,0,0,0,0,0,0,0,0,0,1,1,1,1
sms_spam_00210,1813,train,ham,0,0,0,0,0,0,0,0,0,0,0,0,0,0,0,0,1,0,1,1
sms_spam_00211,2329,train,ham,0,0,0,1,0,0,0,0,0,0,0,0,0,0,0,0,1,0,1,0
sms_spam_00212,2225,test,ham,0,0,0,0,0,0,0,0,0,0,0,0,0,0,0,0,1,1,1,1
sms_spam_00213,4462,train,ham,0,0,0,0,0,0,0,0,0,0,0,0,0,0,0,0,1,0,1,1
sms_spam_00214,835,train,ham,0,0,0,0,0,0,0,0,0,0,0,0,0,0,0,0,1,0,1,0
sms_spam_00215,3091,train,ham,0,0,0,0,0,0,0,0,0,0,0,0,0,0,0,0,1,0,1,0
sms_spam_00216,3514,train,ham,0,0,0,0,0,0,0,0,0,0,0,0,0,0,0,0,1,0,0,0
sms_spam_00217,1884,test,ham,0,0,0,0,0,0,0,0,0,0,0,0,0,0,0,0,1,0,1,0
sms_spam_00218,4333,train,ham,0,0,0,0,0,0,0,0,0,0,0,0,0,0,0,0,1,1,1,1
sms_spam_00219,4671,train,spam,0,0,1,0,0,0,0,0,1,0,0,0,0,1,0,1,0,0,0,0
sms_spam_00220,608,train,ham,0,0,0,0,0,0,0,0,0,0,0,0,0,0,0,0,1,0,1,1
sms_spam_00221,2855,train,ham,0,0,0,0,0,0,0,0,0,0,0,0,0,0,0,0,0,0,1,0
sms_spam_00222,3212,train,ham,0,0,0,0,0,0,0,0,0,0,0,0,0,1,1,1,0,0,0,0
sms_spam_00223,1311,train,ham,0,0,0,0,0,0,0,0,0,0,0,0,0,0,0,0,1,0,1,0
sms_spam_00224,1038,test,ham,0,0,0,0,0,0,0,0,0,0,0,0,0,0,0,0,1,0,1,0
sms_spam_00225,2342,train,spam,0,0,0,1,0,1,1,1,0,0,0,0,0,1,0,0,0,0,0,0
sms_spam_00227,1427,train,ham,0,0,0,0,0,0,0,0,0,0,0,0,0,0,0,0,1,1,1,1
sms_spam_00226,3319,train,ham,0,0,0,0,0,0,0,0,0,0,0,0,0,0,0,0,1,0,1,1
sms_spam_00229,798,test,ham,0,0,0,0,0,0,0,0,0,0,0,0,0,0,0,0,1,0,1,1
sms_spam_00228,2237,train,ham,0,0,0,0,0,0,0,0,0,0,0,0,0,1,0,1,1,0,1,1
sms_spam_00230,5021,train,ham,0,0,0,0,0,0,0,0,0,0,0,0,0,0,0,0,1,0,1,1
sms_spam_00231,5070,train,ham,0,0,0,0,0,0,0,0,0,0,0,0,0,0,0,0,1,0,1,1
sms_spam_00233,4226,test,ham,0,0,0,0,0,0,0,0,0,0,0,0,0,0,0,0,1,0,1,0
sms_spam_00232,14,train,ham,0,0,0,0,0,0,0,0,0,0,0,1,0,0,0,0,1,1,1,0
sms_spam_00235,4705,train,ham,0,0,0,0,0,0,0,0,0,0,0,0,0,0,0,0,1,0,1,1
sms_spam_00234,2338,train,ham,0,0,0,0,0,0,0,0,0,0,0,0,0,0,0,0,1,1,1,1
sms_spam_00236,121,test,ham,0,0,0,0,0,0,0,0,0,0,0,0,0,0,0,0,1,0,1,1
sms_spam_00237,3356,train,ham,0,0,0,0,0,0,0,0,0,0,0,0,0,0,0,0,1,0,1,0
sms_spam_00238,4141,train,ham,0,0,0,0,0,0,0,0,0,0,0,0,0,0,0,0,1,1,1,0
sms_spam_00239,4155,train,ham,0,0,0,0,0,0,0,0,0,0,0,0,0,1,0,0,1,0,1,1
sms_spam_00241,797,train,ham,0,0,0,0,0,0,0,0,0,0,0,0,0,0,0,0,1,1,1,0
sms_spam_00240,994,train,ham,0,0,0,0,0,0,0,0,0,0,0,0,0,0,0,0,1,0,1,1
sms_spam_00242,1853,train,ham,0,0,0,0,1,0,0,1,0,0,0,0,0,0,0,0,1,0,1,1
sms_spam_00243,4267,train,ham,0,0,0,0,0,0,0,0,0,0,0,0,0,0,0,0,1,1,1,1
sms_spam_00244,1689,test,ham,0,0,0,0,0,0,0,0,0,0,0,0,0,0,0,0,1,0,1,1
sms_spam_00245,89,train,ham,0,0,0,0,0,0,0,0,0,0,0,0,0,0,0,0,1,0,1,0
sms_spam_00247,5388,train,ham,0,0,0,0,0,0,0,0,0,0,0,1,0,0,0,0,1,1,1,1
sms_spam_00246,2588,test,ham,0,0,0,0,0,0,0,0,0,0,0,0,0,1,0,1,1,1,1,1
sms_spam_00248,433,train,ham,0,0,0,0,0,0,0,0,0,0,0,0,0,0,0,0,1,1,1,1
sms_spam_00249,984,test,ham,0,0,0,0,0,0,0,0,0,0,0,0,0,0,0,0,1,0,1,0
sms_spam_00250,4847,train,ham,1,0,0,1,0,0,0,0,0,0,0,0,0,0,0,0,0,0,0,0
sms_spam_00251,4965,train,spam,1,1,0,1,1,0,0,1,1,1,0,1,0,1,0,1,0,0,0,0
sms_spam_00252,1583,train,ham,0,0,0,0,0,0,0,0,0,0,0,0,0,0,0,0,1,1,1,1
sms_spam_00253,3500,test,ham,0,0,0,0,1,0,0,1,0,0,0,0,0,0,0,0,1,0,1,1
sms_spam_00254,725,test,ham,0,0,0,0,0,0,0,0,0,0,0,0,0,0,0,0,1,0,1,1
sms_spam_00255,4498,test,spam,0,0,1,1,1,0,0,1,0,0,0,0,1,1,0,0,0,0,0,0
sms_spam_00257,1480,train,ham,0,0,0,0,0,0,0,0,0,0,0,0,0,0,0,0,1,0,1,0
sms_spam_00256,3824,train,ham,0,0,0,0,0,0,0,0,0,0,0,0,0,0,0,0,1,0,1,0
sms_spam_00258,4413,train,ham,0,0,0,0,0,0,0,0,0,0,0,0,0,0,0,0,1,0,1,1
sms_spam_00259,5088,train,ham,0,0,0,0,0,0,0,0,0,0,0,0,0,0,0,0,1,0,1,1
sms_spam_00260,4186,train,ham,0,0,0,0,0,0,0,0,0,0,0,0,0,0,0,0,1,0,0,0
sms_spam_00261,3368,test,ham,0,0,0,0,0,0,0,0,0,0,0,0,0,0,0,0,1,0,1,1
sms_spam_00262,2097,train,ham,0,0,0,0,0,0,0,0,0,0,0,0,0,0,0,0,1,0,1,0
sms_spam_00263,3425,test,ham,0,0,0,0,0,0,0,0,0,0,0,0,0,0,0,0,1,1,1,1
sms_spam_00264,1157,train,ham,0,0,0,0,0,0,0,0,0,0,0,0,0,0,0,0,1,0,1,1
sms_spam_00265,5008,train,ham,0,0,0,0,0,0,0,0,0,0,0,0,0,1,0,0,1,1,1,0
sms_spam_00266,1115,test,ham,0,0,0,0,0,0,0,0,0,0,0,0,0,0,0,0,1,1,1,1
sms_spam_00267,1644,train,ham,0,0,0,0,0,0,0,0,0,0,0,0,0,0,0,0,1,0,1,0
sms_spam_00268,47,train,ham,0,0,0,0,0,0,0,0,0,0,0,0,0,0,0,0,1,0,1,1
sms_spam_00270,1630,test,ham,0,0,0,0,0,0,0,0,0,0,0,0,0,0,0,0,1,1,1,1
sms_spam_00269,2111,train,ham,0,0,0,0,0,0,0,0,0,0,0,0,0,0,0,0,1,1,1,1
sms_spam_00271,5294,train,spam,1,1,0,1,1,1,0,1,1,0,0,0,1,1,0,1,0,0,0,0
sms_spam_00272,5455,train,ham,0,0,0,0,0,0,0,0,0,0,0,0,0,0,0,0,1,0,1,0
sms_spam_00273,4111,test,ham,0,0,0,0,0,0,0,0,0,0,0,0,0,0,0,0,1,0,1,1
sms_spam_00276,1556,train,ham,0,0,0,0,0,0,0,0,0,0,0,0,0,0,0,0,1,0,1,0
sms_spam_00275,1808,train,ham,0,0,0,0,0,0,0,0,0,0,0,0,0,0,0,0,1,0,1,1
sms_spam_00274,4816,train,ham,0,0,0,0,0,0,0,0,0,0,0,0,0,0,0,0,1,0,1,1
sms_spam_00277,4156,train,ham,0,0,0,0,1,0,0,1,0,0,0,0,0,0,0,0,1,0,1,1
sms_spam_00278,4225,train,ham,0,0,0,0,0,0,0,0,0,0,0,0,0,1,0,0,1,1,1,1
sms_spam_00279,4379,train,ham,0,0,0,0,0,0,0,0,0,0,0,0,0,0,0,0,1,0,1,1
sms_spam_00281,3080,test,ham,0,0,0,0,0,0,0,0,0,0,0,0,0,0,0,0,1,1,1,1
sms_spam_00282,4538,train,ham,0,0,0,0,1,1,0,1,0,0,0,0,0,0,0,0,1,1,1,0
sms_spam_00280,5501,train,spam,1,1,1,1,0,0,0,0,1,1,0,1,0,1,0,1,0,0,0,0
sms_spam_00283,927,train,ham,0,0,0,0,1,0,0,0,0,0,0,0,0,0,1,0,1,0,1,0
sms_spam_00284,1794,test,ham,0,0,0,0,1,0,0,1,0,0,0,0,0,0,0,0,1,0,1,1
sms_spam_00285,496,train,ham,0,0,0,0,0,0,0,0,0,0,0,0,0,0,0,0,1,0,1,1
sms_spam_00286,706,test,ham,0,0,0,0,0,0,0,0,0,0,0,0,0,0,0,0,1,1,1,1
sms_spam_00287,3953,test,ham,0,0,0,0,0,0,0,0,0,0,0,0,0,0,0,0,1,0,1,1
sms_spam_00288,3411,test,ham,0,0,0,0,0,0,0,0,0,0,0,0,0,0,0,0,1,0,1,1
sms_spam_00289,4805,train,ham,0,0,0,0,0,0,0,0,0,0,0,0,0,1,0,1,1,1,1,1
sms_spam_00291,3137,train,ham,0,0,0,0,0,0,0,0,0,0,0,0,0,0,0,0,1,0,1,0
sms_spam_00290,1725,train,ham,0,0,0,0,0,0,0,0,0,0,0,0,0,0,0,0,1,0,1,1
sms_spam_00292,3712,train,ham,0,0,0,0,0,0,0,0,0,0,0,0,0,0,0,0,1,1,1,1
sms_spam_00293,3845,test,ham,0,0,0,0,0,0,0,0,1,1,0,0,0,0,0,1,0,0,1,0
sms_spam_00294,4876,test,ham,0,0,0,0,0,0,0,0,0,0,0,0,0,0,0,0,1,1,1,0
sms_spam_00295,3951,train,ham,0,0,0,0,0,0,0,0,0,0,0,0,0,0,0,0,1,1,1,1
sms_spam_00296,166,train,spam,1,1,0,1,1,0,0,1,1,1,0,1,0,1,0,1,0,0,0,0
sms_spam_00297,3115,train,ham,0,0,0,0,0,0,0,0,0,0,0,0,0,0,0,0,1,0,1,0
sms_spam_00298,1192,train,ham,0,0,0,0,0,0,0,0,0,0,0,0,0,0,0,0,1,1,1,1
sms_spam_00299,3524,train,ham,0,0,0,0,0,0,0,0,0,0,0,0,0,0,0,0,1,1,1,0
sms_spam_00300,2619,train,spam,0,0,1,1,1,0,0,1,0,0,0,0,0,1,0,1,0,0,0,0
sms_spam_00301,1675,train,ham,0,0,0,0,0,0,0,0,0,0,0,0,0,0,0,0,1,0,1,0
sms_spam_00303,905,train,ham,0,0,0,0,0,0,0,0,0,0,0,0,0,0,0,0,1,0,1,1
sms_spam_00302,1256,train,ham,0,0,0,0,0,0,0,0,0,0,0,0,0,0,0,0,1,0,1,1
sms_spam_00305,4185,train,ham,0,0,0,0,0,0,0,0,0,0,0,0,0,0,0,0,1,1,1,1
sms_spam_00304,400,train,spam,0,0,0,1,1,1,0,1,0,0,0,1,0,1,0,1,0,0,0,0
sms_spam_00306,2100,test,ham,0,0,0,0,0,0,0,0,0,0,0,0,0,0,0,0,1,0,1,1
sms_spam_00307,5561,train,ham,0,0,0,0,0,0,0,0,0,0,0,0,0,0,0,0,1,1,1,0
sms_spam_00308,5184,train,ham,0,0,0,0,0,0,0,0,0,0,0,0,0,0,0,0,1,1,1,1
sms_spam_00309,5292,test,spam,1,1,0,1,1,1,0,1,1,0,0,1,0,1,0,1,0,0,0,0
sms_spam_00310,5009,train,ham,0,0,0,0,0,0,0,0,0,0,0,0,0,0,0,0,1,0,1,1
sms_spam_00311,4983,train,spam,0,0,0,1,0,0,0,0,0,0,0,0,1,1,0,1,0,0,0,0
sms_spam_00312,1946,train,ham,0,0,0,0,0,0,0,0,0,0,0,0,0,0,0,0,1,1,1,0
sms_spam_00313,4351,test,ham,0,0,0,0,0,0,0,0,0,0,0,0,0,0,0,0,1,0,1,1
sms_spam_00314,1928,train,spam,1,1,0,1,1,0,0,1,0,0,0,0,0,1,1,1,0,0,0,0
sms_spam_00315,895,train,ham,0,0,0,0,0,0,0,0,0,0,0,0,0,0,0,0,1,0,1,0
sms_spam_00316,434,test,ham,0,0,0,0,0,0,0,0,0,0,0,0,0,0,0,0,1,1,1,0
sms_spam_00317,4634,test,ham,0,0,0,0,0,0,0,0,0,0,0,0,0,0,0,0,1,0,1,1
sms_spam_00318,2780,test,ham,0,0,0,0,0,0,0,0,0,0,0,0,0,0,0,0,1,0,1,1
sms_spam_00319,4793,test,ham,0,0,0,0,0,0,0,0,0,0,0,0,0,0,0,0,1,1,1,1
sms_spam_00320,5305,test,ham,0,0,0,0,0,0,0,0,0,0,0,0,0,1,1,0,1,1,1,1
sms_spam_00321,5348,train,ham,0,0,0,0,0,0,0,0,0,0,0,0,0,0,0,0,1,0,1,1
sms_spam_00322,843,train,spam,1,1,0,1,1,1,0,1,1,0,0,1,0,1,0,1,0,0,0,0
sms_spam_00323,340,train,ham,0,0,0,0,0,0,0,0,0,0,0,0,0,0,0,0,1,0,1,1
sms_spam_00324,5564,train,ham,0,0,0,0,0,0,0,0,0,0,0,0,0,0,0,0,1,0,1,1
sms_spam_00325,1951,train,ham,0,0,0,0,0,0,0,0,0,0,0,0,0,0,0,0,1,0,1,1
sms_spam_00326,4750,test,spam,0,0,0,1,0,0,0,0,0,0,0,0,0,0,0,0,0,0,0,0
sms_spam_00327,4911,train,ham,0,0,0,0,0,0,0,0,0,0,0,0,0,0,0,0,1,0,0,0
sms_spam_00328,3124,train,spam,0,0,0,1,1,1,0,1,0,0,0,1,0,1,0,0,0,0,1,0
sms_spam_00329,2267,test,ham,0,0,0,0,0,0,0,0,0,0,0,0,0,0,0,0,1,0,1,1
sms_spam_00330,5037,train,ham,0,0,0,0,0,0,0,0,0,0,0,0,0,0,0,0,1,1,1,1
sms_spam_00331,3290,train,ham,0,0,0,0,0,0,0,0,0,0,0,0,0,0,0,0,1,0,1,1
sms_spam_00333,524,train,spam,1,1,0,1,1,0,0,1,1,0,0,1,0,1,0,1,0,0,0,0
sms_spam_00332,3802,train,ham,0,0,0,0,0,0,0,0,0,0,0,0,0,0,0,0,1,0,1,1
sms_spam_00334,1095,train,ham,0,0,0,0,0,0,0,0,0,0,0,0,0,0,0,0,0,0,0,0
sms_spam_00335,746,train,ham,0,0,0,0,0,0,0,0,0,0,0,0,0,0,0,0,1,0,1,1
sms_spam_00336,1805,test,ham,0,0,0,0,0,0,0,0,0,0,0,0,0,0,0,0,1,0,1,0
sms_spam_00337,5169,train,ham,0,0,0,0,0,0,0,0,0,0,0,0,0,0,0,0,1,0,1,0
sms_spam_00339,5140,train,ham,0,0,0,0,0,0,0,0,0,0,0,0,0,0,0,0,1,0,1,1
sms_spam_00338,3359,train,ham,0,0,0,0,0,0,0,0,0,0,0,0,0,0,0,0,1,0,1,0
sms_spam_00340,4008,train,ham,0,0,0,0,0,0,0,0,0,0,0,0,0,0,0,0,1,1,1,1
sms_spam_00341,619,test,ham,0,0,0,0,0,0,0,0,0,0,0,0,0,0,0,0,1,1,1,0
sms_spam_00342,2167,train,ham,0,0,0,0,0,0,0,0,0,0,0,0,0,0,0,0,1,0,1,0
sms_spam_00343,3342,test,ham,0,0,0,0,1,0,0,1,0,0,0,0,0,0,0,0,1,0,1,1
sms_spam_00344,4421,test,ham,0,0,0,0,0,0,0,0,0,0,0,1,0,0,0,0,1,0,1,0
sms_spam_00345,3933,train,ham,0,0,0,0,0,0,0,0,0,0,0,0,0,0,0,0,1,0,1,1
sms_spam_00346,4024,train,ham,0,0,0,0,0,0,0,0,0,0,0,0,0,0,0,0,0,0,0,0
sms_spam_00347,2067,train,ham,0,0,0,0,0,0,0,0,0,0,0,0,0,0,0,0,1,0,1,0
sms_spam_00348,745,train,ham,0,0,0,0,0,0,0,0,0,0,0,0,0,0,0,0,1,1,1,1
sms_spam_00350,220,train,ham,0,0,0,0,0,0,0,0,0,0,0,0,0,0,0,0,1,0,1,1
sms_spam_00349,2580,test,spam,0,0,1,1,1,0,0,1,0,0,0,0,0,1,0,0,0,0,0,0
sms_spam_00351,3252,train,ham,0,0,0,0,0,0,0,0,0,0,0,0,0,0,0,0,1,1,1,1
sms_spam_00353,1906,test,ham,0,0,0,0,0,0,0,0,0,0,0,0,0,0,0,0,1,1,1,1
sms_spam_00352,4553,train,ham,0,0,0,0,0,0,0,0,0,0,0,0,0,0,0,0,1,0,1,0
sms_spam_00354,3284,train,ham,0,0,0,0,1,0,0,1,0,0,0,0,0,0,0,0,1,0,1,1
sms_spam_00357,1251,train,spam,0,0,0,0,0,0,0,0,1,0,0,0,0,1,0,1,0,0,0,0
sms_spam_00356,3083,train,ham,0,0,0,0,0,0,0,0,0,0,0,0,0,0,0,0,1,1,1,1
sms_spam_00355,2933,train,ham,0,0,0,0,0,0,0,0,0,0,0,0,0,0,0,0,1,1,1,1
sms_spam_00358,1770,train,ham,0,0,0,0,0,0,0,0,0,0,0,0,0,0,0,0,1,0,1,1
sms_spam_00359,2983,train,ham,0,0,0,0,0,0,0,0,0,0,0,0,0,0,0,0,1,1,1,1
sms_spam_00360,4416,train,ham,0,0,0,0,0,0,0,0,0,0,0,0,0,0,0,0,1,1,1,1
sms_spam_00361,2257,train,ham,0,0,0,1,0,0,0,0,0,0,0,0,0,0,0,0,0,0,0,0
sms_spam_00362,336,test,ham,0,0,0,0,0,0,0,0,0,0,0,0,0,0,0,0,1,0,1,1
sms_spam_00363,3131,train,ham,0,0,0,0,0,0,0,0,0,0,0,1,0,0,0,0,1,0,1,0
sms_spam_00364,4318,test,ham,0,0,0,0,0,0,0,0,0,0,0,0,0,0,0,0,1,1,1,1
sms_spam_00365,4489,train,ham,0,0,0,0,0,0,0,0,0,0,0,0,0,0,0,0,1,0,1,0
sms_spam_00366,3501,train,ham,0,0,0,0,0,0,0,0,0,0,0,0,0,0,0,0,1,1,1,0
sms_spam_00367,624,train,ham,0,0,0,0,1,0,0,1,0,0,0,0,0,0,0,0,1,1,1,1
sms_spam_00368,1670,test,ham,0,0,0,0,0,0,0,0,0,0,0,1,0,0,0,0,1,0,1,0
sms_spam_00369,952,train,ham,0,0,0,0,0,0,0,0,0,0,0,0,0,0,0,0,1,0,1,0
sms_spam_00370,25,test,ham,0,0,0,0,0,0,0,0,0,0,0,0,0,0,0,0,1,1,1,1
sms_spam_00371,4427,train,ham,0,0,0,0,0,0,0,0,0,0,0,0,0,0,0,0,1,0,1,1
sms_spam_00372,2593,train,ham,0,0,0,0,0,0,0,0,0,0,0,0,0,0,0,0,1,1,1,1
sms_spam_00373,3258,train,spam,1,1,0,1,1,0,1,1,1,0,0,1,0,1,0,1,0,0,0,0
sms_spam_00375,1595,train,ham,0,0,0,0,1,0,0,0,0,0,0,0,0,1,0,1,1,0,0,1
sms_spam_00374,3833,train,ham,0,0,0,0,0,0,0,0,0,0,0,0,0,0,0,0,1,0,1,1
sms_spam_00376,234,train,spam,0,0,0,1,1,0,0,1,0,0,0,0,0,1,1,1,0,0,1,0
sms_spam_00377,2713,train,ham,0,0,0,0,0,0,0,0,0,0,0,0,0,0,0,0,1,0,1,1
sms_spam_00378,4966,train,spam,0,0,1,1,1,0,0,1,0,0,0,0,0,1,0,1,0,0,0,0
sms_spam_00379,3120,train,ham,0,0,0,0,0,0,0,0,0,0,0,0,0,0,0,0,1,0,1,1
sms_spam_00382,3652,train,ham,0,0,0,0,0,0,0,0,0,0,0,0,0,0,0,0,1,0,1,1
sms_spam_00381,4677,train,ham,0,0,0,0,0,0,0,0,0,0,0,0,0,0,0,0,1,0,1,1
sms_spam_00380,4873,train,ham,0,0,0,0,0,0,0,0,0,0,0,0,0,0,0,0,1,0,1,1
sms_spam_00383,291,train,ham,0,0,0,0,0,0,0,0,0,0,0,0,0,0,0,0,1,0,1,1
sms_spam_00384,3262,train,ham,0,0,0,0,0,0,0,0,0,0,0,0,0,0,0,0,1,0,1,1
sms_spam_00386,4436,train,ham,0,0,0,0,0,0,0,0,0,0,0,0,0,0,0,0,1,0,1,1
sms_spam_00387,1882,train,ham,0,0,0,0,0,0,0,0,0,0,0,0,0,0,0,0,1,0,1,1
sms_spam_00385,5378,train,spam,1,0,0,1,1,1,0,1,0,0,0,0,1,1,0,0,0,0,0,0
sms_spam_00388,1084,train,ham,0,0,0,0,0,0,0,0,0,0,0,0,0,0,0,0,1,0,1,0
sms_spam_00389,2934,train,ham,0,0,0,0,0,0,0,0,0,0,0,0,0,0,0,0,1,1,1,1
sms_spam_00390,2729,train,spam,1,1,0,1,1,1,0,1,1,0,0,0,0,1,0,1,0,0,0,0
sms_spam_00392,4738,train,ham,0,0,0,0,0,0,0,0,0,0,0,0,0,0,0,0,1,0,1,0
sms_spam_00391,4782,train,ham,0,0,0,0,0,0,0,0,0,0,0,0,0,0,0,0,1,0,1,1
sms_spam_00393,2816,test,spam,0,0,0,1,1,0,0,1,0,0,0,0,1,1,0,1,0,0,0,0
sms_spam_00394,3105,train,ham,0,0,0,0,1,0,0,1,1,0,0,0,0,0,0,1,1,0,1,0
sms_spam_00395,4527,train,ham,0,0,0,0,0,0,0,0,0,0,0,1,0,0,0,0,1,1,1,0
sms_spam_00396,3345,train,ham,0,0,0,0,0,0,0,0,0,0,0,0,0,0,0,0,1,0,1,1
sms_spam_00398,3485,train,ham,0,0,0,0,0,0,0,0,0,0,0,0,0,0,0,0,1,0,1,1
sms_spam_00397,3022,train,ham,0,0,0,0,0,0,0,0,0,0,0,0,0,0,0,0,1,0,1,0
sms_spam_00400,2464,train,ham,0,0,0,0,0,0,0,0,0,0,0,0,0,0,0,0,1,1,1,1
sms_spam_00399,1261,train,ham,0,0,0,0,0,0,0,0,0,0,0,1,0,0,0,0,1,1,1,1
sms_spam_00401,574,train,ham,0,0,0,0,0,0,0,0,0,0,0,0,0,0,0,0,1,1,1,1
sms_spam_00402,3638,train,ham,0,0,0,0,0,0,0,0,0,0,0,0,0,1,0,0,1,0,1,0
sms_spam_00403,2085,train,ham,0,0,0,0,0,0,0,0,0,0,0,0,0,0,0,0,1,0,1,0
sms_spam_00404,63,train,ham,0,0,0,0,0,0,0,0,0,0,0,0,0,0,0,0,1,1,1,1
sms_spam_00406,1799,test,ham,0,0,0,0,0,0,0,0,0,0,0,0,0,0,0,0,1,1,1,0
sms_spam_00405,551,train,ham,0,0,0,0,0,0,0,0,1,0,0,0,0,0,0,0,1,0,1,0
sms_spam_00407,1033,train,ham,0,0,0,0,1,0,0,1,0,0,0,1,0,0,0,0,1,0,1,1
sms_spam_00408,1669,train,ham,0,0,0,0,0,0,0,0,0,0,0,0,0,0,0,0,1,0,1,0
sms_spam_00409,4151,train,ham,0,0,0,0,0,0,0,0,0,0,0,0,0,0,0,0,1,1,1,1
sms_spam_00410,3143,train,ham,0,0,0,0,0,0,0,0,0,0,0,0,0,1,0,0,1,0,1,1
sms_spam_00411,1979,test,ham,0,0,0,0,0,0,0,0,0,0,0,0,0,0,0,0,1,0,1,0
sms_spam_00412,5233,train,ham,0,0,0,0,0,0,0,0,0,0,0,0,0,0,0,0,1,0,1,1
sms_spam_00413,1149,test,ham,0,0,0,0,0,0,0,0,0,0,0,0,0,0,0,0,1,0,1,0
sms_spam_00414,3434,train,ham,0,0,0,0,0,0,0,0,0,0,0,0,0,0,0,0,1,1,1,1
sms_spam_00415,4884,train,ham,0,0,0,0,0,0,0,0,0,0,0,0,0,0,0,0,1,0,1,1
sms_spam_00416,1848,train,ham,0,0,0,0,0,0,0,0,0,0,0,0,0,0,0,0,1,0,1,1
sms_spam_00417,1039,test,ham,0,0,0,0,0,0,0,0,0,0,0,0,0,0,0,0,1,0,1,1
sms_spam_00418,4061,train,ham,0,0,0,0,0,0,0,0,0,0,0,0,0,0,0,0,1,1,1,1
sms_spam_00419,2801,train,ham,0,0,0,0,0,0,0,0,0,0,0,0,0,0,0,0,1,0,1,0
sms_spam_00420,1400,train,ham,0,0,0,0,0,0,0,0,0,0,0,0,0,0,0,0,1,0,1,1
sms_spam_00421,481,train,ham,0,0,0,0,0,0,0,0,0,0,0,0,0,0,0,0,1,1,1,1
sms_spam_00422,3859,train,ham,0,0,0,0,0,0,0,0,0,0,0,0,0,0,0,0,1,0,1,1
sms_spam_00423,2430,train,ham,0,0,0,0,0,0,0,0,0,0,0,0,0,0,0,0,1,0,1,1
sms_spam_00424,2651,train,ham,0,0,0,0,0,0,0,0,0,0,0,0,0,1,0,0,1,0,1,0
sms_spam_00425,4166,test,ham,0,0,0,0,0,0,0,0,0,0,0,0,0,0,0,0,1,1,1,0
sms_spam_00426,94,test,ham,0,0,0,0,0,0,0,0,0,0,0,0,0,0,0,0,1,1,1,1
sms_spam_00427,1196,train,ham,0,0,0,0,0,0,0,0,0,0,0,0,0,0,0,0,1,0,1,1
sms_spam_00428,4213,train,ham,0,0,0,0,0,0,0,0,0,0,0,0,0,0,0,0,1,1,1,1
sms_spam_00429,4682,train,ham,0,0,0,0,0,0,0,0,0,0,0,0,0,0,0,0,1,1,1,1
sms_spam_00430,2553,train,ham,0,0,0,0,0,0,0,0,0,0,0,0,0,0,0,0,1,0,1,0
sms_spam_00431,4425,train,ham,0,0,0,0,0,0,0,0,0,0,0,0,0,0,0,0,1,0,1,1
sms_spam_00432,1356,train,ham,0,0,0,0,0,0,0,0,0,0,0,0,0,0,0,0,1,0,1,1
sms_spam_00433,957,train,ham,0,0,0,0,0,0,0,0,0,0,0,0,0,0,0,0,1,0,1,1
sms_spam_00434,5387,test,ham,0,0,0,0,0,0,0,0,0,0,0,0,0,0,0,0,1,0,1,0
sms_spam_00436,3118,test,ham,0,0,0,0,0,0,0,0,0,0,0,0,0,0,0,0,1,0,1,0
sms_spam_00435,3396,test,ham,0,0,0,0,0,0,0,0,0,0,0,0,0,0,0,0,1,0,1,1
sms_spam_00438,2273,test,ham,0,0,0,0,0,0,0,0,0,0,0,0,0,0,0,0,1,0,1,0
sms_spam_00437,2536,train,ham,0,0,0,0,0,0,0,0,0,0,0,0,0,0,0,0,1,0,1,0
sms_spam_00439,1263,train,ham,0,0,0,0,0,0,0,0,0,0,0,0,0,0,0,0,1,0,1,1
sms_spam_00440,2984,train,ham,0,0,0,0,0,0,0,0,0,0,0,0,0,0,0,0,1,0,1,1
sms_spam_00442,518,test,ham,0,0,0,0,0,0,0,0,0,0,0,0,0,0,0,0,1,1,1,1
sms_spam_00441,1608,test,ham,0,0,0,0,0,0,0,0,0,0,0,0,0,0,0,0,1,1,1,0
sms_spam_00444,3672,train,ham,0,0,0,0,0,0,0,0,0,0,0,0,0,0,0,0,1,1,1,1
sms_spam_00443,3431,train,spam,1,1,0,1,0,1,0,0,0,1,0,0,0,1,0,0,0,0,0,0
sms_spam_00445,3508,test,ham,0,0,0,0,0,0,0,0,0,0,0,0,0,0,0,0,1,1,1,1
sms_spam_00446,2627,train,ham,0,0,0,0,0,0,0,0,0,0,0,0,0,0,0,0,1,0,1,1
sms_spam_00447,4424,train,ham,0,0,0,0,0,0,0,0,0,0,0,0,0,0,0,0,1,0,1,1
sms_spam_00448,139,train,ham,0,0,0,0,0,0,0,0,0,0,0,0,0,0,0,0,1,0,1,1
sms_spam_00449,391,train,ham,0,0,0,0,0,0,0,0,0,0,0,0,0,0,0,0,1,1,1,1
sms_spam_00450,3837,train,ham,0,0,0,0,1,0,0,1,0,0,0,0,0,0,0,0,1,0,0,0
sms_spam_00452,2677,train,ham,0,0,0,0,0,0,0,0,0,0,0,0,0,0,0,0,1,1,1,1
sms_spam_00451,3232,train,ham,0,0,0,0,0,0,0,0,0,0,0,0,0,0,0,0,1,0,1,0
sms_spam_00453,4868,train,ham,0,0,0,0,0,0,0,0,0,0,0,0,0,0,0,0,1,0,1,0
sms_spam_00454,3533,train,ham,0,0,0,0,0,0,0,0,0,0,0,0,0,0,0,0,1,0,1,0
sms_spam_00455,1278,train,ham,0,0,0,0,0,0,0,0,0,0,0,0,0,0,0,0,1,1,1,1
sms_spam_00456,2193,train,ham,0,0,0,0,0,0,0,0,0,0,0,0,0,0,0,0,1,0,1,1
sms_spam_00457,4669,train,ham,0,0,0,0,0,0,0,0,0,0,0,0,0,0,0,0,1,0,1,1
sms_spam_00458,919,train,ham,0,0,0,0,0,0,0,0,0,0,0,0,0,0,0,0,1,0,1,1
sms_spam_00460,2410,train,ham,0,0,0,0,0,0,0,0,0,0,0,0,0,0,0,0,1,0,1,1
sms_spam_00459,322,train,ham,0,0,0,0,0,0,0,0,0,0,0,0,0,0,0,0,1,1,1,1
sms_spam_00461,4519,train,ham,0,0,0,0,0,0,0,0,0,0,0,0,0,0,0,0,1,1,1,1
sms_spam_00462,5028,train,spam,0,0,0,1,1,0,1,1,0,0,0,0,0,1,0,0,0,0,1,0
sms_spam_00463,3629,train,spam,0,0,1,1,1,0,0,1,1,0,0,1,0,1,0,1,0,0,0,0
sms_spam_00464,3634,train,ham,0,0,0,0,0,0,0,0,0,0,0,0,0,0,0,0,1,0,1,1
sms_spam_00466,4514,train,ham,0,0,0,0,0,0,0,0,0,0,0,0,0,0,0,0,1,1,1,1
sms_spam_00465,1007,train,ham,0,0,0,0,0,0,0,0,0,0,0,0,0,0,0,0,1,1,1,1
sms_spam_00468,4936,train,ham,0,0,0,0,0,0,0,0,0,0,0,0,0,0,0,0,1,0,1,0
sms_spam_00467,2493,train,ham,0,0,0,0,0,0,0,0,0,0,0,0,0,0,0,0,1,0,1,1
sms_spam_00469,4885,train,ham,0,0,0,0,0,0,0,0,0,0,0,0,0,0,0,0,1,0,1,1
sms_spam_00470,4400,train,ham,0,0,0,0,0,0,0,0,0,0,0,0,0,0,0,0,1,0,1,0
sms_spam_00471,4486,train,ham,0,0,0,0,0,0,0,0,0,0,0,0,0,0,0,0,1,0,1,0
sms_spam_00472,3553,test,ham,0,0,0,0,0,0,0,0,0,0,0,0,0,0,0,0,1,0,1,0
sms_spam_00474,2115,train,ham,0,0,0,0,0,0,0,0,0,0,0,0,0,0,0,0,1,1,1,1
sms_spam_00473,2769,train,spam,1,0,1,1,0,0,0,0,1,1,0,0,0,0,0,1,0,0,1,0
sms_spam_00475,256,train,ham,0,0,0,0,0,0,0,0,0,0,0,0,0,0,0,0,1,0,1,0
sms_spam_00476,135,test,ham,0,0,0,0,0,0,0,0,0,0,0,0,0,0,0,0,1,0,1,1
sms_spam_00477,1642,train,ham,0,0,0,0,0,0,0,0,0,0,0,0,0,0,0,0,1,0,1,0
sms_spam_00478,417,train,spam,1,0,0,1,1,1,0,1,1,0,0,1,1,1,0,1,0,0,0,0
sms_spam_00479,1646,train,ham,0,0,0,0,0,0,0,0,0,0,0,0,0,0,0,0,1,0,1,0
sms_spam_00480,2078,test,spam,0,0,0,1,0,1,0,0,0,0,0,1,0,1,0,1,0,0,0,0
sms_spam_00481,1216,test,spam,0,0,1,0,0,0,0,0,0,0,0,0,0,1,0,0,0,0,0,0
sms_spam_00482,485,train,ham,1,1,0,0,0,0,0,0,0,0,0,0,0,0,0,0,0,0,0,0
sms_spam_00483,998,train,ham,0,0,0,0,0,0,0,0,0,0,0,0,0,0,0,0,1,1,1,1
sms_spam_00484,2061,train,ham,0,0,0,0,0,0,0,0,0,0,0,1,0,0,0,0,1,0,1,0
sms_spam_00485,5211,train,ham,0,0,0,0,0,0,0,0,0,0,0,0,0,0,0,0,1,0,1,0
sms_spam_00486,2055,train,ham,0,0,0,0,0,0,0,0,0,0,0,0,0,0,0,0,1,0,0,1
sms_spam_00487,4840,train,ham,0,0,0,0,0,0,0,0,0,0,0,0,0,0,0,0,1,1,1,1
sms_spam_00488,1341,test,ham,0,0,0,0,0,0,0,0,0,0,0,0,0,0,0,0,1,0,1,1
sms_spam_00489,2557,train,spam,0,0,1,1,0,0,0,0,0,0,0,0,0,0,0,0,0,0,0,0
sms_spam_00490,4271,train,ham,0,0,0,0,0,0,0,0,0,0,0,0,0,0,0,0,1,0,1,1
sms_spam_00491,3710,train,ham,0,0,0,0,0,0,0,0,0,0,0,0,0,0,0,0,1,0,1,1
sms_spam_00492,1834,train,ham,0,0,0,0,0,0,0,0,0,0,0,0,0,0,0,0,1,0,1,0
sms_spam_00493,2053,test,ham,0,0,0,0,0,0,0,0,0,0,0,0,0,1,0,0,1,1,1,1
sms_spam_00494,312,test,ham,0,0,0,0,1,0,0,1,0,1,0,0,0,0,0,0,1,0,1,1
sms_spam_00495,4968,test,ham,0,0,0,0,0,0,0,0,0,0,0,0,0,0,0,0,1,1,1,1
sms_spam_00496,5111,train,ham,0,0,0,0,0,0,0,0,0,0,0,0,0,0,0,0,1,1,1,1
sms_spam_00497,5057,test,ham,0,0,0,0,0,0,0,0,0,0,0,0,0,0,0,0,1,0,1,0
sms_spam_00498,431,train,ham,0,0,0,0,0,0,0,0,0,0,0,0,0,0,0,0,1,0,1,1
sms_spam_00499,46,test,ham,0,0,0,0,0,0,0,0,0,0,0,0,0,0,0,0,1,0,0,1
sms_spam_00500,4173,train,ham,0,0,0,0,0,0,0,0,0,0,0,0,0,0,0,0,1,0,1,0
sms_spam_00501,3779,train,ham,0,0,0,0,0,0,0,0,0,0,0,0,0,0,0,0,1,0,1,1
sms_spam_00502,1325,train,ham,0,0,0,0,0,0,0,0,0,0,0,0,0,0,0,0,1,0,1,0
sms_spam_00503,5090,train,ham,0,0,0,0,0,0,0,0,0,0,0,0,0,0,0,0,1,0,0,0
sms_spam_00504,1626,train,ham,0,0,0,0,0,0,0,0,0,0,0,0,0,0,0,0,1,0,1,0
sms_spam_00506,4534,train,ham,0,0,0,0,0,0,0,0,0,0,0,0,0,0,0,0,1,1,1,1
sms_spam_00505,2881,train,ham,0,0,0,0,1,0,0,1,0,0,0,0,0,0,0,0,1,0,0,0
sms_spam_00507,887,train,ham,0,0,0,0,0,0,0,0,0,0,0,0,0,0,0,0,1,0,1,1
sms_spam_00508,5248,train,ham,0,0,0,0,0,0,0,0,0,0,0,0,0,0,0,0,1,0,1,1
sms_spam_00510,980,train,ham,0,0,0,0,0,0,0,0,0,0,0,0,0,0,0,0,1,0,1,1
sms_spam_00509,1284,train,ham,0,0,0,0,0,0,0,0,0,0,0,0,0,0,0,0,1,0,1,1
sms_spam_00511,1573,test,spam,1,0,0,1,0,1,0,0,1,0,0,1,0,1,0,1,0,0,0,0
sms_spam_00512,917,test,ham,0,0,0,0,0,0,0,0,0,0,0,0,0,0,0,0,1,1,1,0
sms_spam_00513,3974,train,ham,0,0,0,0,0,0,0,0,0,0,0,0,0,0,0,0,1,0,1,0
sms_spam_00514,2587,train,ham,0,0,0,0,0,0,0,0,0,0,0,0,0,0,0,0,1,1,1,1
sms_spam_00515,3329,train,ham,0,0,0,0,0,0,0,0,0,0,0,0,0,1,0,0,1,0,1,0
sms_spam_00516,59,train,ham,0,0,0,0,0,0,0,0,0,0,0,0,0,0,0,0,1,0,1,1
sms_spam_00517,4399,train,ham,0,0,0,0,0,0,0,0,0,0,0,0,0,0,0,0,1,0,1,0
sms_spam_00518,4362,train,ham,0,0,0,0,0,0,0,0,0,0,0,0,0,0,0,0,1,0,1,0
sms_spam_00519,1292,train,ham,0,0,0,0,0,0,0,0,0,0,0,0,0,0,0,0,1,0,1,1
sms_spam_00520,2262,train,ham,0,0,0,0,0,0,0,0,0,0,0,0,0,0,0,0,0,0,0,0
sms_spam_00522,3253,train,ham,0,0,0,0,0,0,0,0,0,0,0,0,0,0,0,0,1,0,1,0
sms_spam_00521,3365,train,ham,0,0,0,0,0,0,0,0,0,0,0,0,0,0,0,0,1,0,0,0
sms_spam_00523,5364,test,spam,0,0,0,1,1,0,1,1,0,0,0,0,0,1,0,1,0,0,0,0
sms_spam_00524,1051,train,ham,0,0,0,0,0,0,0,0,0,0,0,0,0,0,0,0,1,0,1,0
sms_spam_00525,213,train,ham,0,0,0,0,0,0,0,0,0,0,0,0,0,0,0,0,1,0,1,1
sms_spam_00526,3878,train,ham,0,0,0,0,1,0,0,1,0,0,0,0,0,0,0,0,1,0,1,1
sms_spam_00527,3775,train,ham,0,0,0,0,0,0,0,0,0,0,0,0,0,1,0,0,1,0,1,1
sms_spam_00528,2986,train,ham,0,0,0,0,0,0,0,0,0,0,0,0,0,0,0,0,1,0,1,1
sms_spam_00529,5313,train,ham,0,0,0,0,1,0,0,1,0,0,0,0,0,0,0,0,1,1,1,0
sms_spam_00530,879,train,spam,0,0,0,1,0,0,0,0,1,0,0,0,0,1,0,1,0,0,1,0
sms_spam_00531,4823,train,ham,0,0,0,0,0,0,0,0,0,0,0,0,0,0,0,0,1,1,1,1
sms_spam_00532,1958,train,ham,0,0,0,0,0,0,0,0,0,0,0,0,0,0,0,0,1,1,1,1
sms_spam_00533,5570,train,ham,0,0,0,0,0,1,0,0,0,0,0,0,0,0,0,0,1,0,1,1
sms_spam_00534,2925,train,ham,0,0,0,0,0,0,0,0,0,0,0,0,0,0,0,0,1,1,1,1
sms_spam_00535,1255,train,ham,0,0,0,0,0,0,0,0,0,0,0,0,0,0,0,0,1,0,1,0
sms_spam_00536,1863,test,ham,0,0,0,0,0,0,0,0,0,0,0,0,0,0,0,0,1,0,1,1
sms_spam_00537,1998,train,ham,0,0,0,0,0,0,0,0,0,0,0,0,0,0,0,0,1,1,1,1
sms_spam_00538,2504,test,ham,0,0,0,0,0,0,0,0,0,0,0,0,0,0,0,0,1,0,1,1
sms_spam_00539,928,test,ham,0,0,0,0,0,0,0,0,0,0,0,0,0,0,0,0,1,1,1,1
sms_spam_00540,3285,train,ham,0,0,0,0,0,0,0,0,0,0,0,0,0,0,0,0,1,0,1,1
sms_spam_00541,2803,train,ham,0,0,0,0,0,0,0,0,0,0,0,0,0,0,0,0,1,0,1,0
sms_spam_00542,1978,train,ham,0,0,0,0,0,0,0,0,0,0,0,0,0,0,0,0,1,1,1,1
sms_spam_00543,4881,train,ham,0,0,0,0,0,0,0,0,0,0,0,0,0,1,0,0,1,0,1,1
sms_spam_00544,5534,train,ham,0,0,0,0,0,0,0,0,0,0,0,0,0,1,0,0,1,0,1,1
sms_spam_00545,4766,train,spam,0,0,1,0,0,0,0,0,0,0,0,0,0,1,0,0,0,0,0,0
sms_spam_00546,945,train,ham,0,0,0,0,0,0,0,0,0,0,0,0,0,0,0,0,1,1,1,1
sms_spam_00547,3609,train,ham,0,0,0,0,0,0,0,0,0,0,0,0,0,1,0,0,1,1,1,0
sms_spam_00548,1553,train,ham,0,0,0,0,0,0,0,0,0,0,0,0,0,1,0,0,1,1,1,1
sms_spam_00549,2913,train,spam,0,0,1,1,0,0,0,0,0,1,0,1,0,1,0,0,0,0,0,0
sms_spam_00550,5414,train,ham,0,0,0,0,0,0,0,0,0,0,0,0,0,0,0,0,1,0,0,0
sms_spam_00551,1841,train,ham,0,0,0,0,0,0,0,0,0,0,0,0,0,0,0,0,1,1,1,1
sms_spam_00552,959,train,ham,0,0,0,0,0,0,0,0,0,0,0,0,0,0,0,0,1,0,0,0
sms_spam_00553,3683,test,ham,0,0,0,0,0,0,0,0,0,0,0,0,0,0,0,0,1,0,1,0
sms_spam_00554,3666,test,ham,0,0,0,0,0,0,0,0,0,0,0,0,0,0,0,0,1,0,1,1
sms_spam_00555,1821,train,ham,0,0,0,0,0,0,0,0,0,0,0,0,0,0,0,0,1,1,1,1
sms_spam_00556,1364,test,ham,0,0,0,0,0,0,0,0,0,0,0,0,0,0,0,0,1,1,1,1
sms_spam_00557,1733,train,spam,1,1,1,1,1,0,0,1,1,1,1,0,0,1,0,1,0,0,0,0
sms_spam_00558,3898,test,ham,0,0,0,0,0,0,0,0,0,0,0,0,0,0,0,0,1,0,1,1
sms_spam_00559,4299,test,ham,0,0,0,0,0,0,0,0,0,0,0,0,0,0,0,0,1,0,1,1
sms_spam_00560,2428,test,ham,0,0,0,0,0,0,0,0,0,0,0,0,0,0,0,0,1,1,1,1
sms_spam_00561,3008,train,spam,0,0,1,1,1,0,1,1,1,0,0,0,0,1,0,1,0,0,0,0
sms_spam_00562,605,train,ham,0,0,0,0,0,0,0,0,0,0,0,1,0,0,0,0,1,0,1,0
sms_spam_00563,4479,train,ham,0,0,0,0,0,0,0,0,0,0,0,0,0,0,0,0,1,0,1,0
sms_spam_00564,5548,train,ham,0,0,0,0,0,0,0,0,0,0,0,0,0,0,0,0,1,0,1,1
sms_spam_00565,3876,train,ham,0,0,0,0,0,0,0,0,0,0,0,0,0,0,0,0,1,0,1,1
sms_spam_00566,4455,train,ham,0,0,0,0,0,0,0,0,0,0,0,0,0,0,0,0,1,0,0,1
sms_spam_00567,295,train,spam,1,1,1,1,0,1,0,0,1,1,0,1,0,1,0,1,0,0,0,0
sms_spam_00568,4253,train,ham,0,0,0,1,0,0,0,0,0,0,0,0,0,0,0,0,0,0,0,0
sms_spam_00569,1515,train,ham,0,0,0,0,0,0,0,0,0,0,0,0,0,0,0,0,1,0,1,0
sms_spam_00570,1056,train,ham,0,0,0,0,0,0,0,0,0,0,0,0,0,0,0,0,1,0,1,1
sms_spam_00571,3848,train,ham,0,0,0,0,0,0,0,0,0,0,0,0,0,0,0,0,1,0,1,0
sms_spam_00572,734,test,ham,0,0,0,0,0,0,0,0,0,0,0,0,0,0,0,0,1,0,1,0
sms_spam_00573,2930,train,ham,0,0,0,0,0,0,0,0,0,0,0,0,0,0,0,0,1,0,1,0
sms_spam_00574,438,train,ham,0,0,0,0,0,0,0,0,0,0,0,0,0,0,0,0,1,0,1,1
sms_spam_00576,1708,train,ham,0,0,0,0,0,0,0,0,0,0,0,0,0,0,0,0,1,0,1,1
sms_spam_00575,193,test,ham,0,0,0,0,0,0,0,0,0,0,0,0,0,0,0,0,1,0,1,1
sms_spam_00577,3264,train,spam,0,0,0,1,0,1,0,0,1,0,0,0,0,1,0,1,0,0,0,0
sms_spam_00578,3062,test,spam,0,0,0,0,1,0,0,1,0,0,0,0,0,1,0,0,1,0,1,0
sms_spam_00579,1845,train,ham,0,0,0,0,0,0,0,0,0,0,0,0,0,1,0,0,1,1,1,1
sms_spam_00580,1947,train,ham,0,0,0,0,0,0,0,0,0,0,0,0,0,0,0,0,1,1,1,0
sms_spam_00583,4516,train,ham,0,0,0,0,0,0,0,0,0,0,0,0,0,0,0,0,1,0,1,0
sms_spam_00582,1870,train,ham,0,0,0,0,0,0,0,0,0,0,0,0,0,0,0,0,1,0,1,1
sms_spam_00581,240,train,ham,0,0,0,0,0,0,0,0,0,0,0,0,0,0,0,0,1,1,1,1
sms_spam_00584,3017,train,ham,0,0,0,0,0,0,0,0,0,0,0,0,0,0,0,0,1,0,1,1
sms_spam_00585,2238,train,ham,0,0,0,0,0,0,0,0,0,0,0,0,0,0,0,0,1,0,1,1
sms_spam_00586,3575,train,ham,0,0,0,0,0,0,0,0,0,0,0,1,0,0,0,0,1,0,1,0
sms_spam_00588,425,train,ham,0,0,0,0,0,0,0,0,0,0,0,0,0,0,0,0,1,0,1,1
sms_spam_00587,5023,train,ham,0,0,0,0,0,0,0,0,0,0,0,0,0,0,0,0,1,0,1,1
sms_spam_00589,1966,train,ham,0,0,0,0,0,0,0,0,0,0,0,0,0,0,0,0,1,0,1,0
sms_spam_00591,3460,train,ham,0,0,0,0,0,0,0,0,0,0,0,0,0,0,0,0,1,1,1,1
sms_spam_00590,5420,train,ham,0,0,0,0,0,0,0,0,0,0,0,0,0,0,0,0,1,0,1,1
sms_spam_00592,4719,train,ham,0,0,0,0,0,0,0,0,0,0,0,0,0,0,0,0,1,0,1,1
sms_spam_00593,2815,train,ham,0,0,0,0,0,0,0,0,0,0,0,0,0,0,0,0,1,1,1,1
sms_spam_00595,1220,train,spam,0,0,0,1,1,1,0,1,1,0,0,1,0,1,0,1,0,0,0,0
sms_spam_00594,3607,train,ham,0,0,0,0,0,0,0,0,1,0,0,0,0,0,0,1,1,0,1,0
sms_spam_00596,5181,train,ham,0,0,0,0,0,0,0,0,0,0,0,0,0,1,0,0,1,1,1,1
sms_spam_00597,987,train,ham,0,0,0,0,0,0,0,0,0,0,0,0,0,0,0,0,1,1,1,1
sms_spam_00598,3158,train,ham,0,0,0,0,0,0,0,0,0,0,0,0,0,0,0,0,1,0,1,0
sms_spam_00599,792,train,ham,0,0,0,0,0,0,0,0,0,0,0,1,0,1,0,1,1,0,1,1
sms_spam_00600,941,train,ham,0,0,0,0,0,0,0,0,0,0,0,0,0,0,0,0,1,0,1,1
sms_spam_00601,2968,test,ham,0,0,0,0,0,0,0,0,0,0,0,0,0,0,0,0,1,0,1,1
sms_spam_00602,4987,test,ham,0,0,0,0,0,0,0,0,0,0,0,0,0,0,0,0,1,0,1,0
sms_spam_00603,2046,train,ham,0,0,0,0,0,0,0,0,0,0,0,0,0,0,0,0,1,0,1,1
sms_spam_00604,1252,train,ham,0,0,0,0,0,0,0,0,0,0,0,0,0,0,0,0,1,1,1,1
sms_spam_00605,2065,train,ham,0,0,0,0,0,0,0,0,0,0,0,0,0,0,0,0,1,1,1,1
sms_spam_00606,468,train,ham,0,0,0,0,0,0,0,0,0,0,0,0,0,0,0,0,1,0,1,1
sms_spam_00607,2434,train,ham,0,0,0,0,0,0,0,0,0,0,0,0,0,0,0,0,1,1,1,1
sms_spam_00608,1093,train,ham,0,0,0,0,0,0,0,0,0,0,0,0,0,0,0,0,1,1,1,0
sms_spam_00609,1061,train,ham,0,0,0,0,0,0,0,0,0,0,0,0,0,0,0,0,1,1,1,1
sms_spam_00610,5520,train,ham,0,0,0,0,0,0,0,0,0,0,0,0,0,0,0,0,1,0,1,1
sms_spam_00611,4353,train,spam,1,1,1,1,0,0,0,0,1,0,0,1,1,0,0,1,0,0,0,0
sms_spam_00612,2859,test,ham,0,0,0,0,0,0,0,0,0,0,0,0,0,0,0,0,1,1,1,0
sms_spam_00614,2632,train,ham,0,0,0,0,0,0,0,0,0,0,0,0,0,0,0,0,1,1,1,0
sms_spam_00613,5468,test,spam,1,1,0,1,1,1,0,1,1,0,0,1,0,1,0,1,0,0,0,0
sms_spam_00615,3594,test,ham,0,0,0,0,0,0,0,0,0,0,0,0,0,0,0,0,1,1,1,1
sms_spam_00616,4470,test,ham,0,0,0,0,0,0,0,0,0,0,0,0,0,0,0,0,1,0,1,0
sms_spam_00618,1411,train,ham,0,0,0,0,0,0,0,0,0,0,0,0,0,0,0,0,1,0,1,0
sms_spam_00617,1199,train,ham,0,0,1,0,1,0,0,1,0,0,0,0,0,0,0,0,0,0,0,0
sms_spam_00620,3693,train,ham,0,0,0,0,0,0,0,0,0,0,0,0,0,0,0,0,1,1,1,1
sms_spam_00619,1493,train,ham,0,0,0,0,1,0,0,1,0,0,0,0,0,0,0,0,1,0,1,0
sms_spam_00621,2635,train,ham,0,0,0,0,0,0,0,0,0,0,0,0,0,0,0,0,1,0,0,0
sms_spam_00622,1486,train,ham,0,0,0,0,0,0,0,0,0,0,0,0,0,0,0,0,1,0,1,1
sms_spam_00625,4408,test,spam,1,0,0,1,0,1,0,0,0,0,0,0,0,1,0,1,0,0,0,0
sms_spam_00623,4563,train,ham,0,0,0,0,0,0,0,0,0,0,0,0,0,0,0,0,1,0,0,1
sms_spam_00624,2481,test,ham,0,0,0,0,0,0,0,0,1,0,0,1,0,0,0,1,1,0,1,0
sms_spam_00626,1940,train,ham,0,0,0,0,0,0,0,0,0,0,0,0,0,0,0,0,1,0,1,1
sms_spam_00627,830,test,spam,0,0,0,1,1,0,0,1,1,0,0,1,0,1,0,1,0,0,0,0
sms_spam_00628,4995,train,ham,0,0,0,0,0,0,0,0,0,0,0,0,0,0,0,0,1,1,1,0
sms_spam_00629,1851,train,ham,0,0,0,0,1,0,0,1,0,0,0,0,0,0,0,0,1,0,1,1
sms_spam_00630,3866,test,ham,0,0,0,0,0,0,0,0,0,0,0,0,0,0,0,0,1,1,1,1
sms_spam_00631,850,train,ham,0,0,0,0,0,0,0,0,0,0,0,0,0,0,0,0,1,1,1,1
sms_spam_00632,130,train,ham,0,0,0,0,0,0,0,0,0,0,0,0,0,0,0,0,1,0,0,0
sms_spam_00633,5309,train,ham,0,0,0,0,0,0,0,0,0,0,0,0,0,0,0,0,1,1,1,1
sms_spam_00634,103,train,ham,0,0,0,0,0,0,0,0,0,0,0,0,0,0,0,0,1,0,1,1
sms_spam_00635,2198,train,ham,0,0,0,0,0,0,0,0,0,0,0,0,0,1,0,0,1,0,1,0
sms_spam_00637,2117,test,ham,0,0,0,0,0,0,0,0,0,0,0,0,0,0,0,0,1,0,1,0
sms_spam_00636,3462,train,ham,0,0,0,0,0,0,0,0,0,0,0,0,0,0,0,0,1,0,1,0
sms_spam_00638,5224,train,ham,0,0,0,0,0,0,0,0,0,0,0,1,0,0,0,0,1,1,1,1
sms_spam_00639,1075,train,ham,0,0,0,0,0,0,0,0,0,0,0,0,0,1,0,1,1,0,1,1
sms_spam_00640,2047,train,ham,0,0,0,0,0,0,0,0,0,0,0,0,0,1,0,0,1,0,1,1
sms_spam_00641,3585,train,spam,0,0,0,1,1,0,0,1,0,0,0,0,0,1,0,1,0,0,1,0
sms_spam_00643,723,train,ham,0,0,0,0,0,0,0,0,0,0,0,0,0,0,0,0,1,0,1,1
sms_spam_00642,4260,test,ham,0,0,0,0,0,0,0,0,0,0,0,0,0,0,0,0,1,0,1,0
sms_spam_00644,5026,train,spam,1,1,1,1,0,0,0,0,1,1,0,1,0,1,0,1,0,0,0,0
sms_spam_00645,4216,train,ham,0,0,0,0,0,0,0,0,0,0,0,0,0,0,0,0,1,1,1,0
sms_spam_00646,3950,train,ham,0,0,0,0,0,0,0,0,0,0,0,0,0,0,0,0,1,0,1,0
sms_spam_00647,2782,train,ham,0,0,0,0,0,0,0,0,0,0,0,0,0,1,0,0,1,1,1,1
sms_spam_00649,31,train,ham,0,0,0,0,0,0,0,0,0,0,0,0,0,0,0,0,1,1,1,1
sms_spam_00648,3829,train,ham,0,0,0,0,0,0,0,0,0,0,0,0,0,1,0,0,1,0,1,1
sms_spam_00650,422,train,ham,0,0,0,0,0,0,0,0,0,0,0,0,0,0,0,0,1,0,1,0
sms_spam_00651,2581,train,ham,0,0,0,0,0,0,0,0,0,0,0,0,0,0,0,0,1,0,1,1
sms_spam_00652,3838,test,ham,0,0,0,0,0,0,0,0,0,0,0,0,0,0,0,0,1,1,1,1
sms_spam_00653,4676,train,ham,0,0,0,0,1,0,0,1,0,0,0,0,0,0,0,0,0,0,0,0
sms_spam_00654,1829,train,spam,0,0,0,1,1,0,0,1,1,0,0,1,0,1,0,1,0,0,1,0
sms_spam_00655,5278,train,spam,1,1,0,1,1,0,0,1,1,1,0,1,0,1,0,1,0,0,0,0
sms_spam_00656,4034,train,spam,1,1,0,1,1,0,0,1,1,0,0,1,0,1,0,1,0,0,0,0
sms_spam_00657,2749,train,ham,0,0,0,0,0,0,0,0,0,0,0,0,0,0,0,0,1,0,1,1
sms_spam_00658,990,train,ham,0,0,0,0,0,0,0,0,0,0,0,0,0,0,0,0,1,0,0,0
sms_spam_00659,3522,test,ham,0,0,0,0,0,0,0,0,0,0,0,1,0,0,0,0,1,0,1,0
sms_spam_00660,5303,train,ham,0,0,0,0,0,0,0,0,0,0,0,0,0,0,0,0,1,0,1,1
sms_spam_00661,2748,train,ham,0,0,0,0,0,0,0,0,0,0,0,0,0,1,0,1,1,0,1,1
sms_spam_00662,3511,test,ham,0,0,0,0,0,0,0,0,0,0,0,0,0,0,0,0,1,0,1,0
sms_spam_00663,1560,train,ham,0,0,0,0,1,0,0,1,0,0,0,0,0,0,0,0,1,1,1,0
sms_spam_00664,146,test,spam,0,0,0,1,1,0,0,1,0,0,0,0,0,1,0,1,0,0,1,1
sms_spam_00665,257,train,ham,0,0,0,0,0,0,0,0,0,0,0,0,0,0,0,0,1,0,1,0
sms_spam_00666,1387,train,ham,0,0,0,0,0,0,0,0,0,0,0,0,0,1,0,0,1,1,1,1
sms_spam_00667,1563,train,ham,0,0,0,0,0,0,0,0,0,0,0,0,0,0,0,0,1,0,1,0
sms_spam_00668,1658,train,spam,1,1,0,1,1,0,0,1,1,1,0,1,0,1,0,1,0,0,0,0
sms_spam_00670,4493,test,ham,0,0,0,0,0,0,0,0,0,0,0,0,0,0,0,0,1,0,1,0
sms_spam_00669,4482,train,ham,0,0,0,0,0,0,0,0,0,0,0,0,0,0,0,0,1,0,1,0
sms_spam_00671,2531,train,ham,0,0,0,0,0,0,0,0,0,0,0,0,0,0,0,0,1,0,1,1
sms_spam_00672,3525,train,ham,0,0,0,0,0,0,0,0,0,0,0,1,0,0,0,0,1,0,1,0
sms_spam_00673,1450,test,ham,0,0,0,0,0,0,0,0,0,0,0,0,0,1,0,1,1,1,1,1
sms_spam_00674,2249,train,spam,0,0,1,0,1,0,0,1,0,0,0,0,0,1,0,0,0,0,0,0
sms_spam_00675,944,test,ham,0,0,0,0,0,0,0,1,0,0,0,0,0,0,0,0,1,1,1,1
sms_spam_00676,3576,train,ham,0,0,0,0,0,0,0,0,0,0,0,0,0,0,0,0,1,1,1,1
sms_spam_00677,2389,train,ham,0,0,0,0,0,0,0,0,0,0,0,0,0,0,0,0,1,0,1,1
sms_spam_00679,5160,train,ham,0,0,0,0,0,0,0,0,0,0,0,0,0,0,0,0,1,1,1,1
sms_spam_00678,2354,train,ham,0,0,0,0,0,0,0,0,0,0,0,0,0,0,0,0,1,1,1,1
sms_spam_00681,413,train,ham,0,0,0,0,0,0,0,0,0,0,0,0,0,0,0,0,1,1,1,0
sms_spam_00682,5119,train,ham,0,0,0,0,0,0,0,0,0,0,0,0,0,0,0,0,1,1,1,1
sms_spam_00680,2437,train,spam,1,0,0,1,1,0,0,1,0,0,0,0,1,1,0,1,0,0,0,0
sms_spam_00683,5039,train,spam,0,0,0,1,0,0,0,0,0,0,0,0,1,1,0,1,0,0,0,0
sms_spam_00684,4262,train,ham,0,0,0,0,0,0,1,0,0,0,0,0,0,0,0,0,1,0,1,0
sms_spam_00685,183,train,ham,0,0,0,0,0,0,0,0,0,0,0,0,0,0,0,0,1,1,1,1
sms_spam_00686,1384,train,ham,0,0,0,0,0,0,0,0,0,0,0,0,0,0,0,0,1,0,1,0
sms_spam_00687,357,train,spam,0,0,0,1,1,0,0,1,1,0,0,0,0,1,0,1,0,0,0,0
sms_spam_00688,113,test,spam,1,1,0,1,1,0,0,1,1,1,0,1,0,1,0,1,0,0,0,0
sms_spam_00689,1448,train,spam,1,1,0,1,0,0,0,0,0,0,0,0,0,1,0,1,0,0,0,0
sms_spam_00690,2682,train,ham,0,0,0,0,0,0,0,0,0,0,0,0,0,0,0,0,1,1,1,1
sms_spam_00691,3410,train,ham,0,0,0,0,0,0,0,0,0,0,0,0,0,0,0,0,1,0,0,1
sms_spam_00692,4967,train,ham,0,0,0,0,0,0,0,0,0,0,0,0,0,0,0,0,1,0,1,0
sms_spam_00693,3217,train,ham,0,0,0,0,0,0,0,0,0,0,0,0,0,0,0,0,1,1,1,0
sms_spam_00694,4661,train,ham,0,0,0,0,0,0,0,0,0,0,0,0,0,0,0,0,1,0,1,0
sms_spam_00695,5033,train,ham,0,0,0,0,0,0,0,0,0,0,0,0,0,0,0,0,1,0,0,0
sms_spam_00696,1672,train,spam,1,1,0,1,1,0,0,1,1,1,0,1,0,1,0,1,0,0,0,0
sms_spam_00697,4467,train,ham,0,0,0,0,0,0,0,0,0,0,0,0,0,0,0,0,1,0,1,1
sms_spam_00698,1687,train,spam,0,0,0,1,1,1,0,1,0,0,0,0,0,1,0,0,0,0,0,0
sms_spam_00700,4505,test,ham,0,0,0,0,0,0,0,0,0,0,0,0,0,0,0,0,1,1,1,1
sms_spam_00701,912,train,ham,0,0,0,0,0,0,0,0,0,0,0,0,0,0,0,0,1,0,1,1
sms_spam_00699,1445,train,ham,0,0,0,0,0,0,0,0,0,0,0,0,0,0,0,0,1,1,1,0
sms_spam_00702,3001,train,ham,0,0,0,0,0,0,0,0,0,0,0,0,0,0,0,0,1,1,1,1
sms_spam_00703,1376,train,ham,0,0,0,0,0,0,0,0,0,0,0,0,0,0,0,0,1,1,1,1
sms_spam_00704,4790,train,ham,0,0,0,0,0,0,0,0,0,0,0,0,0,0,0,0,1,0,1,0
sms_spam_00705,428,train,ham,0,0,0,0,0,0,0,0,0,0,0,0,0,0,0,0,1,1,1,1
sms_spam_00707,252,test,ham,0,0,0,0,0,0,0,0,0,0,0,0,0,0,0,0,1,0,1,0
sms_spam_00706,35,train,ham,0,0,0,0,0,0,0,0,0,0,0,0,0,0,0,0,1,1,1,1
sms_spam_00708,1971,train,ham,0,0,0,0,0,0,0,0,0,0,0,0,0,0,0,0,1,0,1,0
sms_spam_00709,3971,train,ham,0,0,0,0,0,0,0,0,0,0,0,0,0,0,0,0,1,0,1,1
sms_spam_00710,3070,train,ham,0,0,0,0,0,0,0,0,0,0,0,0,0,0,0,0,1,0,1,1
sms_spam_00711,3787,test,spam,0,0,0,1,1,0,0,1,0,0,0,0,1,1,0,1,0,0,0,0
sms_spam_00713,1824,test,ham,0,0,0,0,0,0,0,0,0,0,0,0,0,1,1,1,1,0,0,0
sms_spam_00712,4277,train,ham,0,0,0,0,0,0,0,0,0,0,0,0,0,0,0,0,1,0,1,0
sms_spam_00714,2337,train,ham,0,0,0,0,0,0,0,0,0,0,0,0,1,0,0,0,0,1,0,0
sms_spam_00715,3997,train,spam,1,0,0,1,0,1,0,0,1,1,0,0,0,1,0,1,0,0,0,1
sms_spam_00716,5089,train,ham,0,0,0,0,0,0,0,0,0,0,0,0,0,0,0,0,1,0,1,0
sms_spam_00717,4128,train,ham,0,0,0,0,0,0,0,0,0,0,0,0,0,0,0,0,1,0,1,0
sms_spam_00718,921,train,ham,0,0,0,0,0,0,0,0,0,0,0,0,0,0,0,0,1,1,1,0
sms_spam_00719,1909,train,ham,0,0,0,0,0,0,0,0,0,0,0,0,0,0,0,0,1,1,1,1
sms_spam_00720,2707,train,spam,0,0,0,1,0,1,1,0,1,0,0,1,0,1,0,1,0,0,0,0
sms_spam_00721,3758,train,ham,0,0,0,0,0,0,0,0,0,0,0,0,0,0,0,0,1,0,1,0
sms_spam_00722,3128,train,ham,0,0,0,0,0,0,0,0,0,0,0,0,0,0,0,0,1,1,1,1
sms_spam_00723,1722,train,ham,0,0,0,0,0,0,0,0,0,0,0,0,0,0,0,0,1,0,1,1
sms_spam_00724,4531,train,ham,0,0,0,0,0,0,0,0,0,0,0,0,0,0,0,0,1,1,1,1
sms_spam_00725,5507,train,ham,0,0,0,0,0,0,0,0,0,0,0,0,0,0,0,0,1,0,1,0
sms_spam_00727,2048,train,ham,0,0,0,0,0,0,0,0,0,0,0,0,0,0,0,0,1,0,1,0
sms_spam_00726,3834,train,ham,0,0,0,0,0,0,0,0,0,0,0,0,0,0,0,0,1,0,1,1
sms_spam_00728,2629,train,ham,0,0,0,0,0,0,0,0,0,0,0,0,0,0,0,0,1,1,1,1
sms_spam_00729,4047,train,ham,0,0,0,0,0,0,0,0,0,0,0,0,0,0,0,0,1,0,1,1
sms_spam_00730,3018,train,ham,0,0,0,0,0,0,0,0,0,0,0,0,0,1,0,0,1,1,1,1
sms_spam_00731,3962,train,ham,0,0,0,0,0,0,0,0,0,0,0,0,0,1,0,0,1,0,0,0
sms_spam_00732,3026,train,ham,0,0,0,0,0,0,0,0,0,0,0,0,0,0,0,0,1,1,1,1
sms_spam_00733,4247,train,spam,0,0,0,0,0,0,0,0,0,0,0,0,0,1,0,1,0,0,0,1
sms_spam_00734,1380,train,ham,0,0,0,0,0,0,0,0,0,0,0,0,0,0,0,0,1,0,1,0
sms_spam_00735,1155,train,ham,0,0,0,0,0,0,0,0,0,0,0,0,0,0,0,0,1,0,1,1
sms_spam_00737,3959,test,ham,0,0,0,0,0,0,0,0,0,0,0,0,0,0,0,0,1,0,0,1
sms_spam_00736,1329,train,ham,0,0,0,0,0,0,0,0,0,0,0,0,0,0,0,0,1,0,1,1
sms_spam_00738,3068,train,ham,0,0,0,0,0,0,0,0,0,0,0,0,0,0,0,0,1,1,1,0
sms_spam_00740,3132,test,ham,0,0,0,0,0,0,0,0,0,0,0,0,0,0,0,0,1,0,1,1
sms_spam_00739,2886,train,ham,0,0,0,0,0,0,0,0,0,0,0,0,0,0,0,0,1,0,1,1
sms_spam_00741,4484,train,ham,0,0,0,0,0,0,0,0,0,0,0,0,0,0,0,0,1,0,1,1
sms_spam_00742,1053,train,ham,0,0,0,0,0,0,0,0,0,0,0,0,0,0,0,0,1,0,1,0
sms_spam_00743,2877,train,spam,0,0,0,1,1,1,0,1,0,0,0,1,0,1,0,1,0,0,0,0
sms_spam_00744,707,test,ham,0,0,0,0,0,0,0,0,0,0,0,0,0,0,0,0,1,1,1,1
sms_spam_00745,3203,test,ham,0,0,0,0,0,0,0,0,0,0,0,0,0,0,0,0,1,1,1,1
sms_spam_00746,2002,train,spam,0,0,0,1,0,1,0,0,0,0,0,0,1,0,0,0,0,0,1,0
sms_spam_00747,1416,test,ham,0,0,0,0,0,0,0,0,0,0,0,0,0,0,0,0,1,0,1,1
sms_spam_00748,349,train,ham,0,0,0,0,0,0,0,0,0,0,0,0,0,0,0,0,1,1,1,1
sms_spam_00749,2230,train,ham,0,0,0,0,0,0,0,0,0,0,0,0,0,0,0,0,1,1,1,1
sms_spam_00750,2828,train,spam,0,0,0,1,1,0,0,1,0,0,0,0,0,1,0,1,0,0,0,0
sms_spam_00751,5244,train,ham,0,0,0,0,0,0,0,0,0,0,0,0,0,0,0,0,1,0,1,1
sms_spam_00752,3191,test,ham,0,0,0,0,0,0,0,0,0,0,0,0,0,0,0,0,1,1,1,1
sms_spam_00753,1977,train,spam,1,0,0,1,1,0,0,1,0,0,0,0,0,1,0,1,0,0,0,0
sms_spam_00755,1698,train,spam,0,0,1,0,1,0,0,1,0,0,1,0,0,0,0,1,0,0,0,0
sms_spam_00754,4852,train,ham,0,0,0,0,0,0,0,0,0,0,0,0,0,0,0,0,1,0,1,0
sms_spam_00756,78,train,ham,0,0,0,0,0,0,0,0,0,0,0,0,0,0,0,0,1,0,1,0
sms_spam_00757,1723,train,ham,0,0,0,0,1,0,0,1,0,0,0,0,0,0,0,0,1,0,1,1
sms_spam_00758,4376,test,ham,0,0,0,0,0,0,0,0,0,0,0,0,0,0,0,0,1,0,1,0
sms_spam_00759,3418,test,spam,0,0,0,1,0,1,0,0,1,0,0,1,0,1,0,1,0,0,0,0
sms_spam_00761,4504,test,spam,1,0,0,1,0,0,0,0,0,0,0,0,0,0,0,0,0,0,0,0
sms_spam_00760,4611,test,ham,0,0,0,0,0,0,0,0,0,0,0,0,0,0,0,0,1,0,1,1
sms_spam_00762,4441,train,ham,0,0,0,0,0,0,0,0,0,0,0,0,0,0,0,0,1,0,1,1
sms_spam_00763,2725,train,ham,0,0,0,0,0,0,0,0,0,0,0,0,0,0,0,0,1,1,0,1
sms_spam_00764,2411,train,ham,0,0,0,0,0,0,0,0,0,0,0,0,0,0,0,1,1,0,0,0
sms_spam_00765,4062,train,ham,0,0,0,0,0,0,0,0,0,0,0,0,0,0,0,0,1,1,1,1
sms_spam_00766,4703,train,ham,0,0,0,0,0,0,0,0,0,0,0,0,0,0,0,0,1,0,1,1
sms_spam_00767,387,train,ham,0,0,0,0,0,0,0,0,0,0,0,0,0,0,0,0,1,0,1,1
sms_spam_00768,5255,train,ham,0,0,0,0,0,0,0,0,0,0,0,0,0,0,0,0,1,0,1,0
sms_spam_00769,5103,train,ham,0,0,0,0,1,0,0,1,0,0,0,1,0,0,0,0,1,1,1,1
sms_spam_00770,559,train,ham,0,0,0,0,0,0,0,0,0,0,0,0,0,0,0,0,1,0,1,1
sms_spam_00771,5338,test,ham,0,0,0,0,0,0,0,0,0,0,0,0,0,0,0,0,1,1,1,1
sms_spam_00773,5165,test,ham,0,0,0,0,0,0,0,0,0,0,0,0,0,0,0,0,1,1,1,1
sms_spam_00772,1765,train,ham,0,0,0,0,1,0,0,1,0,0,0,0,0,0,0,0,1,0,1,1
sms_spam_00774,3702,train,ham,0,0,0,0,0,0,0,0,0,0,0,0,0,0,0,0,1,1,1,1
sms_spam_00775,380,test,ham,0,0,0,0,0,0,0,0,0,0,0,0,0,0,0,0,1,0,1,1
sms_spam_00776,848,train,ham,0,0,0,0,0,0,0,0,0,0,0,0,0,0,0,0,1,1,1,1
sms_spam_00777,2217,test,ham,0,0,0,0,0,0,0,0,0,0,0,0,0,0,0,0,1,0,1,1
sms_spam_00778,1636,train,ham,0,0,0,0,0,0,0,0,0,0,0,0,0,0,0,0,1,1,1,1
sms_spam_00779,4121,test,ham,0,0,0,0,0,0,0,0,0,0,0,0,0,0,0,0,1,1,1,1
sms_spam_00780,3847,test,ham,0,0,0,0,0,0,0,0,0,0,0,0,0,0,0,0,1,0,1,0
sms_spam_00781,616,test,ham,0,0,0,0,0,0,0,0,0,0,0,0,0,0,0,0,1,1,1,1
sms_spam_00782,5254,test,ham,0,0,0,0,0,0,0,0,0,0,0,0,0,0,0,0,1,0,1,1
sms_spam_00783,3855,train,ham,0,0,0,0,0,0,0,0,0,0,0,0,0,0,0,0,1,0,1,1
sms_spam_00784,2,train,spam,1,0,0,1,0,1,0,0,0,0,0,0,0,1,0,0,0,0,0,0
sms_spam_00785,1510,train,ham,0,0,0,0,0,0,0,0,0,0,0,0,0,0,0,0,1,1,1,1
sms_spam_00786,2004,train,ham,0,0,0,0,0,0,0,0,0,0,0,0,0,0,0,0,1,0,1,0
sms_spam_00787,2142,train,ham,0,0,0,0,0,0,0,0,0,0,0,0,0,0,0,0,1,0,0,1
sms_spam_00788,1991,train,ham,0,0,0,0,0,0,0,0,0,0,0,1,0,0,0,0,1,0,1,1
sms_spam_00789,2401,train,spam,0,0,0,1,0,0,0,0,0,0,0,0,0,1,0,1,0,0,1,0
sms_spam_00790,3705,train,ham,0,0,0,0,0,0,0,0,0,0,0,0,0,0,0,0,1,0,1,0
sms_spam_00791,703,train,ham,0,0,0,0,0,0,0,0,0,0,0,0,0,0,0,0,1,1,1,1
sms_spam_00792,717,test,ham,0,0,0,0,0,0,0,0,0,0,0,0,0,1,0,0,1,1,1,1
sms_spam_00794,1561,train,ham,0,0,0,0,0,0,0,0,0,0,0,0,0,0,0,1,1,0,1,1
sms_spam_00793,2994,test,ham,0,0,0,0,0,0,0,0,0,0,0,0,0,0,0,0,1,0,1,1
sms_spam_00795,1728,train,ham,0,0,1,1,0,0,0,0,0,0,0,0,0,1,0,0,0,0,0,0
sms_spam_00797,2927,train,ham,0,0,0,0,0,0,0,0,0,0,0,0,0,0,0,0,1,0,0,0
sms_spam_00796,5041,train,spam,0,0,0,1,0,1,0,0,1,0,0,1,0,1,0,1,0,0,0,0
sms_spam_00798,2379,train,ham,0,0,0,0,1,0,0,1,0,0,0,0,0,0,0,0,1,0,1,1
sms_spam_00799,2932,train,ham,0,0,0,0,0,0,0,0,1,0,0,0,0,0,0,1,1,1,1,1
sms_spam_00800,4250,train,ham,0,0,0,0,0,0,0,0,0,0,0,0,0,0,0,0,1,1,1,1
sms_spam_00801,270,train,ham,0,0,0,0,0,0,0,0,0,0,0,0,0,0,0,0,1,1,1,1
sms_spam_00802,4689,test,ham,0,0,0,0,0,0,0,0,0,0,0,0,0,0,0,0,1,0,1,1
sms_spam_00803,1903,train,spam,1,0,0,1,1,1,0,0,0,0,0,0,0,1,0,1,0,0,0,0
sms_spam_00804,1897,test,ham,0,0,0,0,0,0,0,0,0,0,0,0,0,0,0,0,1,1,1,1
sms_spam_00805,2465,train,ham,0,0,0,0,0,0,0,0,0,0,0,0,0,0,0,0,1,0,1,1
sms_spam_00806,907,train,ham,0,0,0,0,0,0,0,0,0,0,0,0,0,0,0,0,1,0,1,1
sms_spam_00807,2462,train,ham,0,0,0,0,0,0,0,0,0,0,0,0,0,0,0,0,1,0,1,0
sms_spam_00808,3361,train,ham,0,0,0,0,0,0,0,0,0,0,0,0,0,0,0,0,1,0,1,1
sms_spam_00809,4315,train,ham,0,0,0,0,0,0,0,0,0,0,0,0,0,0,0,0,1,0,1,0
sms_spam_00811,2042,train,ham,0,0,0,0,0,0,0,0,0,0,0,0,0,0,0,0,1,0,1,0
sms_spam_00810,110,train,ham,0,0,0,0,0,0,0,0,0,0,0,0,0,0,0,0,1,0,0,0
sms_spam_00812,22,train,ham,0,0,0,0,1,0,0,1,0,0,0,0,0,0,0,0,1,0,1,1
sms_spam_00813,4994,test,ham,0,0,0,0,0,0,0,0,0,0,0,0,0,0,0,0,1,1,1,1
sms_spam_00814,1739,test,ham,0,0,0,0,0,0,0,0,0,0,0,0,0,0,0,0,1,1,1,1
sms_spam_00815,307,train,ham,0,0,0,0,0,0,0,0,0,0,0,0,0,0,0,0,1,1,1,1
sms_spam_00816,2242,train,ham,0,0,0,0,0,0,0,0,0,0,0,0,0,0,0,0,1,1,1,1
sms_spam_00817,966,train,ham,0,0,0,0,0,0,0,0,0,0,0,0,0,0,0,0,1,0,1,1
sms_spam_00818,4807,train,ham,0,0,0,0,0,0,0,0,0,0,0,0,0,0,0,0,1,0,1,1
sms_spam_00819,5306,test,ham,0,0,0,0,0,0,0,0,0,0,0,0,0,0,0,0,1,1,1,1
sms_spam_00820,4702,test,ham,0,0,0,0,0,0,0,0,0,0,0,0,0,0,0,0,1,0,1,0
sms_spam_00821,4541,train,spam,0,0,0,1,1,0,0,1,0,0,0,0,0,1,0,1,0,0,1,0
sms_spam_00822,4293,train,spam,0,0,1,0,1,0,0,1,0,0,0,0,0,0,0,0,0,0,0,0
sms_spam_00823,4789,test,ham,0,0,0,0,0,0,0,0,0,0,0,0,0,0,0,0,1,0,1,1
sms_spam_00824,1930,train,ham,0,0,0,0,0,0,0,0,0,0,0,0,0,0,0,0,1,0,1,1
sms_spam_00825,2612,train,ham,0,0,0,0,0,0,0,0,0,0,0,0,0,0,0,0,1,0,1,1
sms_spam_00826,908,test,ham,0,0,0,1,0,0,0,0,0,0,0,1,0,0,0,0,0,0,0,0
sms_spam_00829,159,test,spam,1,1,0,1,1,1,0,1,0,0,0,0,0,1,0,1,0,0,0,0
sms_spam_00827,5199,train,ham,0,0,0,0,0,0,0,0,0,0,0,0,0,0,0,0,1,0,1,0
sms_spam_00828,2908,train,spam,1,1,0,1,1,0,0,1,1,1,0,1,0,1,0,1,0,0,0,0
sms_spam_00830,977,train,ham,0,0,0,0,0,0,0,0,0,0,0,0,0,0,0,0,1,0,1,1
sms_spam_00831,2021,train,ham,0,0,0,0,0,0,0,0,0,0,0,0,0,0,0,0,1,0,1,1
sms_spam_00832,3662,train,ham,0,0,0,0,0,0,0,0,0,0,0,0,0,0,0,0,1,0,1,0
sms_spam_00833,370,train,ham,0,0,0,0,0,0,0,0,0,0,0,0,0,0,0,0,1,0,1,1
sms_spam_00834,4776,train,ham,0,0,0,0,0,0,0,0,0,0,0,0,0,0,0,0,1,1,1,1
sms_spam_00835,1713,train,spam,0,0,0,1,1,0,1,1,1,0,0,1,0,1,0,1,0,0,0,0
sms_spam_00836,3428,train,ham,0,0,0,0,0,0,0,0,0,0,0,0,0,0,0,0,1,0,1,0
sms_spam_00837,4799,test,ham,0,0,0,0,1,0,0,1,0,0,0,0,0,0,0,0,1,1,1,1
sms_spam_00839,4621,train,ham,0,0,0,0,0,0,0,0,0,0,0,0,0,0,0,0,1,0,0,1
sms_spam_00838,1880,test,ham,0,0,0,0,0,0,0,0,0,0,0,0,0,0,0,0,1,1,1,1
sms_spam_00840,1547,train,ham,0,0,0,0,0,0,0,0,0,0,0,0,0,0,0,0,1,1,1,1
sms_spam_00841,3222,test,ham,0,0,0,0,0,0,0,0,0,0,0,0,0,0,0,0,1,0,1,1
sms_spam_00842,714,train,ham,0,0,0,0,0,0,0,0,0,0,0,0,0,0,0,0,1,1,1,1
sms_spam_00843,407,train,ham,0,0,0,0,0,0,0,0,0,0,0,0,0,0,0,0,1,1,1,0
sms_spam_00845,3644,train,spam,0,0,0,1,1,0,0,1,1,0,0,0,0,1,0,1,0,0,0,0
sms_spam_00844,4240,train,ham,0,0,0,0,0,0,0,0,0,0,0,0,0,0,0,0,1,0,1,0
sms_spam_00847,3577,test,ham,0,0,0,0,0,0,0,0,0,0,0,0,0,0,0,0,1,0,1,1
sms_spam_00846,363,test,ham,0,0,0,0,0,0,0,0,0,0,0,0,0,0,0,0,1,1,1,1
sms_spam_00848,1624,train,spam,0,0,0,1,0,1,0,0,0,0,0,0,0,1,0,1,0,0,0,0
sms_spam_00849,2997,train,ham,0,0,0,0,0,0,0,0,0,0,0,0,0,0,0,0,1,0,0,1
sms_spam_00850,2255,train,ham,0,0,0,0,0,0,0,0,0,0,0,0,0,0,0,0,1,0,1,0
sms_spam_00851,403,test,ham,0,0,0,0,0,0,0,0,0,0,0,0,0,0,0,0,1,1,1,1
sms_spam_00852,4824,train,ham,0,0,0,0,0,0,0,0,0,0,0,0,0,0,0,0,1,0,1,0
sms_spam_00853,2787,test,ham,0,0,0,0,0,0,0,0,0,0,0,0,0,1,0,0,1,0,1,1
sms_spam_00854,5260,train,ham,0,0,0,0,1,0,0,1,0,0,0,0,0,0,0,1,1,0,0,0
sms_spam_00855,3912,train,ham,0,0,0,0,0,0,0,0,0,0,0,0,0,0,0,0,1,0,1,0
sms_spam_00857,5451,train,ham,0,0,0,0,0,0,0,0,0,0,0,0,0,0,0,0,1,0,1,1
sms_spam_00856,4666,train,ham,0,0,0,0,0,0,0,0,0,0,0,0,0,0,0,0,1,0,1,1
sms_spam_00858,4605,train,ham,0,0,0,0,0,0,0,0,0,0,0,0,0,0,0,0,1,1,1,1
sms_spam_00859,1668,train,ham,0,0,0,0,0,0,0,0,0,0,0,0,0,0,0,0,1,0,1,1
sms_spam_00860,4110,test,spam,1,1,0,1,1,0,0,1,1,1,0,1,0,1,0,1,0,0,0,0
sms_spam_00861,4190,train,ham,0,0,0,0,0,0,0,0,0,0,0,0,0,0,0,0,1,0,1,0
sms_spam_00862,2921,test,ham,0,0,0,0,0,0,0,0,0,0,0,0,0,0,0,0,1,0,1,1
sms_spam_00863,3286,train,ham,0,0,0,0,0,0,0,0,0,0,0,0,0,0,0,0,1,0,1,1
sms_spam_00864,4492,train,ham,0,0,0,0,0,0,0,0,0,0,0,0,0,0,0,0,1,0,1,1
sms_spam_00865,2383,train,ham,0,0,0,0,0,0,0,0,0,0,0,0,0,0,0,0,1,0,1,0
sms_spam_00866,2607,train,ham,0,0,0,0,0,0,0,0,0,0,0,0,0,0,0,0,1,0,1,1
sms_spam_00867,3664,train,ham,0,0,0,0,0,0,0,0,0,0,0,0,0,0,0,0,1,0,1,1
sms_spam_00868,2301,test,ham,0,0,0,0,0,0,0,0,0,0,0,0,0,0,0,0,1,0,1,1
sms_spam_00869,1365,train,spam,0,0,0,1,1,0,0,1,0,0,0,1,0,1,0,1,0,0,0,0
sms_spam_00871,752,train,ham,0,0,0,0,0,0,0,0,0,0,0,0,0,0,0,0,1,0,1,0
sms_spam_00870,261,train,ham,0,0,0,0,0,0,0,0,0,0,0,0,0,0,0,0,1,1,1,1
sms_spam_00872,3625,train,ham,0,0,0,0,0,0,0,0,0,0,0,1,0,0,0,0,1,0,1,1
sms_spam_00873,2941,train,ham,0,0,0,0,0,0,0,0,0,0,0,0,0,0,0,0,1,1,1,1
sms_spam_00874,1296,train,ham,0,0,0,0,0,0,0,0,0,0,0,0,0,0,0,0,1,0,1,1
sms_spam_00875,4600,test,spam,1,1,0,1,1,1,0,1,1,0,0,0,0,1,0,1,0,0,0,0
sms_spam_00876,2689,train,ham,0,0,0,0,0,0,0,0,0,0,0,0,0,1,0,0,1,1,1,1
sms_spam_00877,73,train,ham,0,0,0,0,0,0,0,0,0,0,0,0,0,0,0,0,1,1,1,1
sms_spam_00878,137,train,ham,0,0,0,0,0,0,0,0,0,0,0,0,0,0,0,0,1,0,1,1
sms_spam_00879,3746,train,ham,0,0,0,0,0,0,0,0,0,0,0,0,0,0,0,0,1,0,1,1
sms_spam_00880,4559,train,ham,0,0,0,0,0,0,0,0,0,0,0,0,0,0,0,0,1,0,1,1
sms_spam_00881,3563,test,ham,0,0,0,0,0,0,0,0,0,0,0,0,0,0,0,0,1,1,1,0
sms_spam_00883,3929,train,ham,0,0,0,0,0,0,0,0,0,0,0,0,0,0,0,0,1,1,1,1
sms_spam_00882,133,test,spam,1,0,0,1,1,0,0,1,0,0,0,0,0,1,0,1,0,0,0,0
sms_spam_00884,626,train,ham,0,0,0,0,0,0,0,0,0,0,0,0,0,0,0,0,1,0,1,0
sms_spam_00885,1694,train,ham,0,0,0,0,0,0,0,0,0,0,0,0,0,0,0,0,1,1,1,1
sms_spam_00886,2721,test,ham,0,0,0,0,0,0,0,0,0,0,0,0,0,0,0,0,1,0,1,0
sms_spam_00887,615,train,ham,0,0,0,0,0,0,0,0,0,0,0,0,0,0,0,0,1,1,1,0
sms_spam_00888,364,train,ham,0,0,0,0,0,0,0,0,0,0,0,0,0,0,0,0,1,0,1,0
sms_spam_00889,339,test,ham,0,0,0,0,0,0,0,0,0,0,0,0,0,1,0,0,1,0,1,1
sms_spam_00890,3940,test,spam,0,0,0,1,0,1,0,0,1,1,0,1,0,1,0,1,0,0,0,0
sms_spam_00891,350,train,ham,0,0,0,0,0,0,0,0,0,0,0,0,0,0,0,0,1,0,1,1
sms_spam_00893,4116,train,ham,0,0,0,0,0,0,0,0,0,0,0,0,0,0,0,0,1,1,1,1
sms_spam_00892,2392,train,ham,0,0,0,0,0,0,0,0,0,0,0,0,0,0,0,0,1,0,1,0
sms_spam_00895,875,train,spam,1,1,0,1,1,0,0,1,1,0,0,0,0,1,0,1,0,0,0,0
sms_spam_00894,5281,train,ham,0,0,0,0,0,0,0,0,0,0,0,0,0,0,0,0,1,0,1,1
sms_spam_00896,3952,train,spam,0,0,0,1,1,0,0,1,0,0,0,0,0,1,0,1,0,0,0,0
sms_spam_00897,2656,train,ham,0,0,0,0,0,0,0,0,0,0,0,0,0,0,0,0,1,0,1,1
sms_spam_00898,5287,train,ham,0,0,0,0,0,0,0,0,0,0,0,0,0,0,0,0,1,0,1,0
sms_spam_00899,448,train,ham,0,0,0,0,0,0,0,0,0,0,0,0,0,0,0,0,1,1,1,0
sms_spam_00900,2900,train,spam,0,0,0,1,1,0,0,1,1,0,0,0,0,1,0,1,0,0,0,0
sms_spam_00901,2566,test,ham,0,0,0,0,0,0,0,0,0,0,0,0,0,0,0,0,1,1,1,1
sms_spam_00902,3144,test,ham,0,0,0,0,0,0,0,0,0,0,0,0,0,0,0,0,1,0,0,1
sms_spam_00903,3531,train,ham,0,0,0,0,0,0,0,0,0,0,0,0,0,0,0,0,1,0,1,1
sms_spam_00904,1347,train,ham,0,0,0,0,0,0,0,0,0,0,0,0,0,0,0,0,1,0,1,1
sms_spam_00905,267,train,spam,0,0,0,1,1,1,0,1,0,0,0,0,1,1,0,1,0,0,0,0
sms_spam_00907,2007,test,ham,0,0,0,0,0,0,0,0,0,0,0,0,0,0,0,0,1,0,1,0
sms_spam_00906,3014,train,ham,0,0,0,0,0,0,0,0,0,0,0,0,0,0,0,0,1,0,1,1
sms_spam_00908,2099,test,spam,0,0,1,1,1,0,0,1,0,0,0,0,1,1,0,0,0,0,0,0
sms_spam_00909,4025,train,ham,0,0,0,0,0,0,0,0,0,0,0,0,0,1,1,0,1,0,1,1
sms_spam_00910,620,test,ham,0,0,0,0,1,0,0,1,0,0,0,0,0,0,0,0,0,0,1,0
sms_spam_00911,2351,train,spam,0,0,0,1,1,1,0,0,0,0,0,0,0,1,0,0,0,0,0,0
sms_spam_00913,112,train,ham,0,0,0,0,0,0,0,0,0,0,0,0,0,0,0,0,1,0,1,1
sms_spam_00912,3763,train,ham,0,0,0,0,0,0,0,0,0,0,0,0,0,0,0,0,1,0,1,1
sms_spam_00914,3601,train,ham,0,0,1,0,0,0,0,0,0,0,0,0,0,0,0,0,0,0,0,0
sms_spam_00915,5261,test,ham,0,0,0,0,0,0,0,0,0,0,0,1,0,0,0,0,1,0,1,0
sms_spam_00916,1050,train,ham,0,0,0,0,0,0,0,0,0,0,0,0,0,0,0,0,1,1,1,0
sms_spam_00917,3497,train,ham,0,0,0,0,0,0,0,0,0,0,0,0,0,0,0,0,1,0,1,1
sms_spam_00918,344,train,ham,0,0,0,0,0,0,0,0,0,0,0,0,0,0,0,0,1,1,1,0
sms_spam_00919,3437,train,ham,0,0,0,0,0,0,0,0,0,0,0,0,0,0,0,0,1,0,1,0
sms_spam_00920,943,test,ham,0,0,0,0,0,0,0,0,0,0,0,0,0,0,0,0,1,0,1,1
sms_spam_00921,2772,train,ham,0,0,0,0,0,0,0,0,0,0,0,0,0,0,0,0,1,0,0,1
sms_spam_00922,3737,train,ham,0,0,0,0,0,0,0,0,0,0,0,0,0,0,0,0,1,1,1,1
sms_spam_00923,2849,train,ham,0,0,0,0,0,0,0,0,0,0,0,0,0,0,0,0,1,0,1,1
sms_spam_00925,1309,train,ham,0,0,0,0,0,0,0,0,0,0,0,1,0,0,0,0,1,0,1,0
sms_spam_00924,1457,train,spam,0,0,0,1,1,0,0,1,0,0,0,0,0,1,0,1,0,0,1,0
sms_spam_00926,4920,train,ham,0,0,0,0,0,0,0,0,0,0,0,0,0,0,0,0,1,0,1,0
sms_spam_00927,151,train,ham,0,0,0,0,0,0,0,0,0,0,0,0,0,0,0,0,1,0,1,1
sms_spam_00928,779,train,ham,0,0,0,0,0,0,0,0,0,0,0,0,0,0,0,0,1,0,1,1
sms_spam_00929,2904,test,ham,0,0,0,0,0,0,0,0,0,0,0,0,0,0,0,0,1,0,1,1
sms_spam_00930,2311,train,spam,1,1,0,1,1,0,1,1,1,0,0,1,0,1,0,1,0,0,0,0
sms_spam_00931,384,test,spam,0,0,0,1,0,1,0,0,0,0,0,0,0,1,0,0,0,0,0,0
sms_spam_00933,1768,test,ham,0,0,0,0,0,0,0,0,0,0,0,0,0,0,0,0,1,0,1,1
sms_spam_00932,5492,train,spam,1,0,1,1,1,1,0,1,0,0,0,0,0,1,0,1,0,0,0,0
sms_spam_00934,3719,train,ham,0,0,0,0,0,0,0,0,0,0,0,0,0,0,0,0,1,1,1,1
sms_spam_00935,2075,test,ham,0,0,0,0,0,0,0,0,0,0,0,0,0,0,0,0,1,0,1,1
sms_spam_00936,2624,train,ham,0,0,0,0,0,0,0,0,0,0,0,0,0,0,0,0,0,0,0,0
sms_spam_00937,2235,train,ham,0,0,0,0,0,0,0,0,0,0,0,1,0,0,0,0,1,0,1,1
sms_spam_00939,5494,train,ham,0,0,0,0,0,0,0,0,0,0,0,0,0,0,0,0,1,1,1,1
sms_spam_00938,5344,train,ham,0,0,0,0,0,0,0,0,0,0,0,0,0,0,0,0,1,1,1,1
sms_spam_00940,773,train,ham,0,0,0,0,0,0,0,0,0,0,0,0,0,0,0,0,1,1,1,0
sms_spam_00942,2112,train,spam,1,1,0,1,1,0,0,1,0,0,0,0,0,1,0,1,0,0,0,0
sms_spam_00941,1579,test,ham,0,0,0,0,0,0,0,0,0,0,0,0,0,0,0,0,1,0,1,0
sms_spam_00943,2243,test,ham,0,0,0,0,0,0,0,0,0,0,0,0,0,0,0,0,1,1,1,0
sms_spam_00944,1298,test,ham,0,0,0,0,0,0,0,0,0,0,0,0,0,0,0,0,1,0,1,1
sms_spam_00945,539,train,ham,0,0,0,0,0,0,0,0,0,0,0,0,0,1,0,0,1,1,1,1
sms_spam_00946,5452,train,ham,0,0,0,0,0,0,0,0,0,0,0,0,0,0,0,0,1,0,1,0
sms_spam_00947,4710,train,ham,0,0,0,0,0,0,0,0,0,0,0,0,0,0,0,0,1,0,1,1
sms_spam_00948,2360,train,ham,0,0,0,0,1,0,0,1,0,0,0,0,0,0,0,0,1,0,1,1
sms_spam_00949,30,train,ham,0,0,0,0,0,0,0,0,0,0,0,0,0,0,0,0,1,1,1,1
sms_spam_00950,1625,train,ham,0,0,0,0,0,0,0,0,1,0,0,0,0,1,0,1,1,0,1,1
sms_spam_00951,1206,train,spam,1,1,1,1,1,0,0,1,1,1,0,0,0,1,0,1,0,0,0,0
sms_spam_00952,5030,test,ham,0,0,0,0,0,0,0,0,0,0,0,0,0,0,0,0,1,1,1,1
sms_spam_00953,4934,train,ham,0,0,0,0,0,0,0,0,0,0,0,0,0,0,0,0,1,1,1,1
sms_spam_00955,5139,train,ham,0,0,0,0,0,0,0,0,0,0,0,0,0,0,0,0,1,1,1,1
sms_spam_00954,334,train,spam,1,0,0,1,1,0,0,1,1,0,0,1,0,1,0,1,0,0,0,0
sms_spam_00957,4977,train,ham,0,0,0,0,0,0,0,0,0,0,0,1,0,1,0,1,1,1,1,1
sms_spam_00956,1076,test,ham,0,0,0,0,0,0,0,0,0,0,0,0,0,0,0,0,0,0,0,0
sms_spam_00958,718,train,spam,1,1,0,1,1,0,0,1,0,0,0,0,0,1,0,0,0,0,0,0
sms_spam_00959,5250,train,spam,1,1,0,1,1,0,0,1,1,0,0,0,0,1,0,1,0,0,0,0
sms_spam_00960,16,train,ham,0,0,0,0,0,0,0,0,0,0,0,0,0,0,0,0,1,0,1,1
sms_spam_00961,3810,test,ham,0,0,0,0,0,0,0,0,0,0,0,1,0,0,0,0,1,0,1,0
sms_spam_00962,314,test,ham,0,0,0,0,0,0,0,0,0,0,0,0,0,0,0,0,1,0,1,0
sms_spam_00963,1691,train,ham,0,0,0,0,0,0,0,0,0,0,0,0,0,0,0,0,1,0,1,0
sms_spam_00964,2239,train,ham,0,0,0,0,0,0,0,0,0,0,0,0,0,0,0,0,1,0,1,0
sms_spam_00965,4028,train,ham,0,0,0,0,0,0,0,0,0,0,0,0,0,0,0,0,1,0,1,0
sms_spam_00966,3849,test,ham,0,0,0,0,0,0,0,0,0,0,0,0,0,0,0,0,1,1,1,1
sms_spam_00967,3860,train,spam,0,0,0,1,0,1,0,0,0,0,0,0,1,0,0,0,0,0,0,0
sms_spam_00968,3027,train,ham,0,0,0,0,0,0,0,0,0,0,0,0,0,0,0,0,1,0,1,0
sms_spam_00969,484,test,ham,0,0,0,0,0,0,0,0,0,0,0,0,0,0,0,0,1,0,1,0
sms_spam_00970,3084,test,ham,0,0,0,0,0,0,0,0,0,0,0,0,0,0,0,0,1,1,1,0
sms_spam_00971,3374,test,ham,0,0,0,0,0,0,0,0,0,0,0,0,0,0,0,0,1,0,1,0
sms_spam_00972,4910,train,ham,0,0,0,0,0,0,0,0,0,0,0,0,0,0,0,0,1,0,1,0
sms_spam_00973,1169,train,ham,0,0,0,0,0,0,0,0,0,0,0,0,0,0,0,0,1,0,1,0
sms_spam_00975,1134,train,ham,0,0,0,0,0,0,0,0,0,0,0,0,0,0,0,0,1,0,1,1
sms_spam_00974,1238,train,ham,0,0,0,0,0,0,0,0,0,0,0,0,0,0,0,0,1,1,1,1
sms_spam_00976,4104,train,ham,0,0,0,0,0,0,0,0,0,0,0,0,0,0,0,0,1,1,1,1
sms_spam_00977,1769,train,ham,0,0,0,0,0,0,0,0,0,0,0,0,0,0,0,0,1,1,1,1
sms_spam_00978,4031,train,ham,0,0,0,0,0,0,0,0,0,0,0,1,0,0,0,0,1,0,1,0
sms_spam_00979,5222,train,ham,0,0,0,0,1,0,0,1,0,0,0,0,0,0,0,0,1,1,1,1
sms_spam_00981,1716,train,ham,0,0,0,0,0,0,0,0,0,0,0,1,0,1,0,0,1,1,1,1
sms_spam_00980,1401,train,ham,0,0,0,0,0,0,0,0,0,0,0,0,0,0,0,0,1,0,1,1
sms_spam_00982,4607,train,ham,0,0,0,0,0,0,0,0,0,0,0,0,0,0,0,0,1,0,0,0
sms_spam_00983,4949,train,ham,0,0,0,0,0,0,0,0,0,0,0,0,0,0,0,0,1,1,1,1
sms_spam_00984,4022,train,ham,0,0,0,0,0,0,0,0,0,0,0,0,0,0,0,0,1,0,1,0
sms_spam_00985,1352,train,ham,0,0,0,0,0,0,0,0,0,0,0,0,0,0,0,0,1,0,1,0
sms_spam_00987,3600,train,ham,0,0,0,0,0,0,0,0,0,0,0,0,0,0,0,0,1,0,1,1
sms_spam_00986,1907,train,ham,0,0,0,0,0,0,0,0,0,0,0,0,0,0,0,0,1,0,1,0
sms_spam_00989,3571,train,ham,0,0,0,0,0,0,0,0,0,0,0,0,0,0,0,0,1,0,1,1
sms_spam_00988,393,train,ham,0,0,0,0,0,0,0,0,0,0,0,0,0,0,0,0,1,0,1,1
sms_spam_00990,4410,train,ham,0,0,0,0,0,0,0,0,0,0,0,0,0,0,0,0,1,0,1,1
sms_spam_00991,5310,train,ham,0,0,0,0,0,0,0,0,0,0,0,0,0,0,0,0,1,0,1,1
sms_spam_00993,3552,train,ham,0,0,0,0,0,0,0,0,0,0,0,0,0,0,0,0,1,0,1,1
sms_spam_00992,556,train,ham,0,0,0,0,0,0,0,0,0,0,0,0,0,0,0,0,1,0,1,1
sms_spam_00994,3095,train,ham,0,0,0,0,0,0,0,0,0,0,0,0,0,0,0,0,1,1,1,1
sms_spam_00995,2003,train,ham,0,0,0,0,0,0,0,0,0,0,0,0,0,0,0,0,1,0,1,0
sms_spam_00996,281,train,ham,0,0,0,0,0,0,0,0,0,0,0,0,0,0,0,0,1,0,1,0
sms_spam_00997,3840,train,ham,0,0,0,0,0,0,0,0,0,0,0,0,0,0,0,1,1,0,1,1
sms_spam_00998,4096,train,ham,0,0,0,0,0,0,0,0,0,0,0,0,0,0,0,0,1,0,1,1
sms_spam_00999,5286,train,ham,0,0,0,0,0,0,0,0,0,0,0,0,0,0,0,0,1,0,1,1
sms_spam_01000,4431,train,ham,0,0,0,0,1,0,0,1,0,0,0,0,0,0,0,0,1,0,1,0
sms_spam_01001,218,train,ham,0,0,0,0,0,0,0,0,0,0,0,0,0,0,0,0,1,1,0,0
sms_spam_01002,2778,train,spam,1,0,0,1,1,0,0,1,0,0,0,0,1,1,0,1,0,0,0,0
sms_spam_01003,1514,train,ham,0,0,0,0,0,0,0,0,0,0,0,0,0,0,0,0,1,0,1,0
sms_spam_01004,1914,train,spam,0,0,0,1,1,1,0,1,0,0,0,0,1,1,0,0,0,0,0,0
sms_spam_01005,689,train,spam,0,0,1,0,0,0,0,0,1,0,0,0,0,1,0,1,0,0,0,0
sms_spam_01007,1187,train,ham,0,0,0,0,0,0,0,0,0,0,0,0,0,0,0,0,1,0,1,0
sms_spam_01006,432,train,spam,1,1,0,1,1,1,0,1,0,1,0,0,0,1,0,1,0,0,0,0
sms_spam_01008,5506,test,ham,0,0,0,0,0,0,0,0,0,0,0,1,0,0,0,0,0,0,1,0
sms_spam_01009,5342,train,spam,1,0,1,1,1,1,0,1,0,0,0,0,0,1,0,1,0,0,0,0
sms_spam_01010,3455,test,ham,0,0,0,0,0,0,0,0,0,0,0,0,0,0,0,0,1,0,1,1
sms_spam_01011,2339,train,ham,0,0,0,0,0,0,0,0,0,0,0,0,0,0,0,0,1,0,1,1
sms_spam_01012,599,train,ham,0,0,0,0,0,0,0,0,0,0,0,0,0,0,0,0,1,1,1,0
sms_spam_01013,3039,test,ham,0,0,0,0,0,0,0,0,0,0,0,0,0,0,0,0,1,0,1,0
sms_spam_01014,3048,test,ham,0,0,0,0,0,0,0,0,0,0,0,0,0,0,0,0,1,0,1,1
sms_spam_01016,3598,test,ham,0,0,0,0,0,0,0,0,0,0,0,0,0,0,0,0,1,0,1,1
sms_spam_01015,3923,train,ham,0,0,0,0,0,0,0,0,0,0,0,0,0,0,0,0,1,0,1,1
sms_spam_01017,1241,train,ham,0,0,0,0,0,0,0,0,0,0,0,0,0,0,0,0,1,1,1,1
sms_spam_01018,1729,train,ham,0,0,0,0,0,0,0,0,0,0,0,0,0,0,0,0,1,0,1,1
sms_spam_01019,5418,train,ham,0,0,0,0,0,0,0,0,0,0,0,0,0,0,0,0,1,1,1,1
sms_spam_01020,3404,train,ham,0,0,0,0,0,0,0,0,0,0,0,0,0,0,0,0,1,0,1,0
sms_spam_01021,1557,train,ham,0,0,0,0,0,0,0,0,0,0,0,0,0,0,0,0,1,0,1,0
sms_spam_01022,4687,train,ham,0,0,0,0,0,0,0,0,0,0,0,0,0,0,0,0,1,0,1,1
sms_spam_01023,5180,train,ham,0,0,0,0,0,0,0,0,0,0,0,1,0,0,0,0,1,0,1,1
sms_spam_01025,88,train,ham,0,0,0,0,0,0,0,0,0,0,0,0,0,0,0,0,1,0,1,1
sms_spam_01024,2420,test,ham,0,0,0,0,0,0,0,0,0,0,0,0,0,0,0,0,1,0,1,1
sms_spam_01026,4383,test,ham,0,0,0,0,0,0,0,0,0,0,0,0,0,0,0,0,1,1,1,1
sms_spam_01027,4810,train,ham,0,0,0,0,0,0,0,0,0,0,0,0,0,1,0,0,1,1,1,1
sms_spam_01028,279,train,ham,0,0,0,0,0,0,0,0,0,0,0,0,0,0,0,0,1,0,1,1
sms_spam_01030,292,train,ham,0,0,0,0,0,0,0,0,0,0,0,0,0,0,0,0,1,0,1,1
sms_spam_01029,4437,train,ham,0,0,0,0,0,0,0,0,0,0,0,0,0,0,0,0,1,0,1,0
sms_spam_01031,1215,test,ham,0,0,0,0,0,0,0,0,0,0,0,0,0,1,0,0,1,1,1,1
sms_spam_01032,4869,train,ham,0,0,0,0,0,0,0,0,0,0,0,0,0,1,0,1,1,1,1,1
sms_spam_01033,82,train,ham,0,0,0,0,0,0,0,0,0,0,0,0,0,0,0,0,1,1,1,1
sms_spam_01034,156,train,ham,0,0,0,0,0,0,0,0,0,0,0,0,0,0,0,0,1,0,1,0
sms_spam_01035,5319,train,ham,0,0,0,0,0,0,0,0,0,0,0,0,0,0,0,0,1,0,0,0
sms_spam_01036,4844,train,ham,0,0,0,0,0,0,0,0,0,0,0,0,0,0,0,0,1,1,1,1
sms_spam_01037,1843,train,ham,0,0,0,0,0,0,0,0,0,0,0,0,0,0,0,0,1,0,1,0
sms_spam_01038,1391,train,ham,0,0,0,0,0,0,0,0,0,0,0,0,0,0,0,0,1,0,1,1
sms_spam_01039,2963,train,spam,0,0,0,0,0,0,0,0,0,0,0,0,0,0,0,0,1,0,1,0
sms_spam_01040,2988,train,spam,0,0,0,1,1,1,0,1,1,0,0,1,0,1,0,1,0,0,1,0
sms_spam_01041,2155,train,ham,0,0,0,0,0,0,0,0,0,0,0,0,0,0,0,0,1,0,0,1
sms_spam_01042,2704,train,spam,0,0,0,1,1,0,0,1,1,0,0,0,0,1,0,1,0,0,0,0
sms_spam_01043,521,train,ham,0,0,0,0,0,0,0,0,0,0,0,0,0,0,0,0,1,1,1,1
sms_spam_01044,5361,train,ham,0,0,0,0,0,0,0,0,0,0,0,0,0,0,0,0,1,0,1,1
sms_spam_01045,3472,train,ham,0,0,0,0,0,0,0,0,0,0,0,0,0,0,0,0,1,1,1,1
sms_spam_01046,4919,train,ham,0,0,0,0,0,0,0,0,0,0,0,0,0,1,0,1,1,0,1,1
sms_spam_01047,3801,train,ham,0,0,0,0,0,0,0,0,0,0,0,0,0,0,0,0,1,1,1,1
sms_spam_01048,3439,train,ham,0,0,0,0,0,0,0,0,0,0,0,0,0,0,0,0,1,1,1,1
sms_spam_01049,677,train,ham,0,0,0,0,0,0,0,0,0,0,0,0,0,0,0,0,1,0,1,1
sms_spam_01050,4375,train,spam,1,1,1,1,1,0,0,1,1,0,1,0,1,1,0,1,0,0,0,0
sms_spam_01052,3918,test,ham,0,0,0,0,0,0,0,0,0,0,0,1,0,0,0,0,1,0,1,1
sms_spam_01051,528,train,spam,0,0,0,0,0,0,0,0,1,1,0,0,0,0,0,0,0,0,0,0
sms_spam_01053,1265,test,ham,0,0,0,0,0,0,0,0,0,0,0,0,0,0,0,0,1,0,1,0
sms_spam_01054,757,train,ham,0,0,0,0,0,0,0,0,0,0,0,1,0,0,0,0,1,0,1,0
sms_spam_01055,1214,train,ham,0,0,0,0,0,0,0,0,0,0,0,0,0,0,0,0,1,0,1,1
sms_spam_01056,3459,train,ham,0,0,0,0,0,0,0,0,0,0,0,0,0,0,0,0,1,0,1,1
sms_spam_01058,2786,train,ham,0,0,0,0,0,0,0,0,0,0,0,0,0,0,0,0,1,0,1,1
sms_spam_01057,3910,train,ham,0,0,0,0,0,0,0,0,0,0,0,0,0,0,0,0,1,1,1,1
sms_spam_01059,3175,test,ham,0,0,0,0,0,0,0,0,0,0,0,0,0,0,0,0,1,0,1,1
sms_spam_01060,736,train,ham,0,0,0,0,0,0,0,0,0,0,0,0,0,0,0,0,1,0,1,1
sms_spam_01061,4359,test,ham,0,0,0,0,0,0,0,0,0,0,0,0,0,0,0,0,1,0,1,0
sms_spam_01062,62,train,ham,0,0,0,0,0,0,0,0,0,0,0,0,0,0,0,0,1,0,0,0
sms_spam_01063,2151,test,ham,0,0,0,0,0,0,0,0,0,0,0,0,0,0,0,0,1,0,1,0
sms_spam_01064,3107,train,ham,0,0,0,0,0,0,0,0,0,0,0,0,0,0,0,0,1,1,1,1
sms_spam_01065,1200,train,ham,0,0,0,0,0,0,0,0,0,0,0,0,0,0,0,0,1,1,1,1
sms_spam_01066,3946,train,ham,0,0,0,0,0,0,0,0,0,0,0,0,0,0,0,0,1,0,1,1
sms_spam_01067,1555,train,ham,0,0,0,0,1,0,0,1,0,0,0,0,0,0,0,0,1,0,1,1
sms_spam_01068,4991,train,ham,0,0,0,0,0,0,0,0,0,0,0,0,0,0,0,0,1,0,1,0
sms_spam_01069,2451,train,ham,0,0,0,0,0,0,0,0,0,0,0,0,0,0,0,0,1,0,1,1
sms_spam_01070,1635,train,ham,0,0,0,0,0,0,0,0,0,0,0,0,0,0,0,0,1,0,1,0
sms_spam_01071,2600,test,ham,0,0,0,0,0,0,0,0,0,0,0,0,0,0,0,0,1,0,1,0
sms_spam_01072,3686,train,ham,0,0,0,0,0,0,0,0,0,0,0,1,0,0,0,0,1,0,1,0
sms_spam_01073,1802,test,ham,0,0,0,0,0,0,0,0,0,0,0,0,0,0,0,0,1,1,1,1
sms_spam_01074,3717,test,ham,0,0,0,0,0,0,0,0,0,0,0,0,0,0,0,0,1,1,1,1
sms_spam_01075,4364,train,ham,0,0,0,0,0,0,0,0,0,0,0,1,0,0,0,0,1,0,1,1
sms_spam_01076,399,test,ham,0,0,0,0,0,0,0,0,0,0,0,0,0,0,0,0,1,0,1,1
sms_spam_01077,3403,train,ham,0,0,0,0,0,0,0,0,0,0,0,0,0,0,0,0,1,1,1,1
sms_spam_01078,3798,train,ham,0,0,0,0,1,0,0,1,0,0,0,0,0,0,0,0,1,1,1,1
sms_spam_01079,2189,train,ham,0,0,0,0,0,0,0,0,0,0,0,0,0,0,0,0,1,0,1,1
sms_spam_01080,5349,train,ham,0,0,0,0,0,0,0,0,0,0,0,0,0,0,0,0,1,0,1,0
sms_spam_01081,1228,test,spam,1,0,0,1,1,1,0,1,1,0,0,1,1,1,0,1,0,0,0,0
sms_spam_01082,1451,train,ham,0,0,0,0,0,0,0,0,0,0,0,1,0,0,0,0,1,0,1,1
sms_spam_01083,1495,train,ham,0,0,0,0,0,0,0,0,0,0,0,0,0,0,0,0,1,1,1,0
sms_spam_01084,3156,train,ham,0,0,0,0,0,0,0,0,0,0,0,0,0,0,0,0,1,0,1,1
sms_spam_01085,5325,train,ham,0,0,0,0,0,0,0,0,0,0,0,0,0,0,0,0,1,0,1,0
sms_spam_01086,4684,train,ham,0,0,0,0,0,0,0,0,0,0,0,0,0,0,0,0,1,1,1,1
sms_spam_01087,2074,train,ham,0,0,0,0,0,0,0,0,0,0,0,0,0,0,0,0,1,0,1,1
sms_spam_01089,2955,test,ham,0,0,0,0,0,0,0,0,0,0,0,0,0,0,0,0,1,0,1,1
sms_spam_01088,2284,train,ham,0,0,0,0,0,0,0,0,0,0,0,1,0,0,0,0,1,0,1,0
sms_spam_01090,1833,train,ham,0,0,0,0,0,0,0,0,0,0,0,0,0,0,0,0,1,1,1,1
sms_spam_01092,674,train,ham,0,0,0,0,0,0,0,0,0,0,0,0,0,1,0,0,1,0,1,1
sms_spam_01091,5547,train,spam,0,0,0,1,0,1,1,0,0,0,0,1,0,1,0,1,0,0,0,0
sms_spam_01093,3692,train,ham,0,0,0,0,0,0,0,0,0,0,0,0,0,0,0,0,1,0,1,1
sms_spam_01094,859,train,ham,0,0,0,0,0,0,0,0,0,0,0,0,0,0,0,0,1,0,1,1
sms_spam_01095,1478,train,ham,0,0,0,0,0,0,0,0,0,0,0,0,1,0,0,0,1,0,1,1
sms_spam_01096,196,train,ham,0,0,0,0,0,0,0,0,0,0,0,0,0,0,0,0,1,0,1,1
sms_spam_01097,1700,train,ham,0,0,0,0,0,0,0,0,0,0,0,0,0,0,0,0,1,1,1,1
sms_spam_01098,4815,train,ham,0,0,0,0,0,0,0,0,0,0,0,0,0,0,0,0,1,0,1,0
sms_spam_01100,3041,train,ham,0,0,0,0,0,0,0,0,0,0,0,0,0,0,0,0,1,0,1,1
sms_spam_01101,3047,train,ham,0,0,0,0,0,0,0,0,0,0,0,0,0,0,0,0,1,0,1,0
sms_spam_01099,4411,test,ham,0,0,0,0,0,0,0,0,0,0,0,0,0,0,0,0,1,0,1,1
sms_spam_01102,4787,train,ham,0,0,0,0,0,0,0,0,0,0,0,0,0,0,0,0,1,1,1,1
sms_spam_01103,4042,train,ham,0,0,0,0,0,0,0,0,0,0,0,0,0,0,0,0,1,0,1,0
sms_spam_01106,276,train,ham,0,0,0,0,0,0,0,0,0,0,0,0,0,0,0,0,1,1,1,1
sms_spam_01105,2101,train,ham,0,0,0,0,0,0,0,0,0,0,0,0,0,0,0,0,1,0,1,1
sms_spam_01104,1526,train,ham,0,0,0,0,0,0,0,0,0,0,0,1,0,0,0,0,1,0,1,0
sms_spam_01107,2832,train,spam,1,1,0,1,1,0,0,1,1,0,0,1,0,1,0,1,0,0,0,0
sms_spam_01108,4700,train,ham,0,0,0,0,0,0,0,0,0,0,0,0,0,0,0,0,1,0,1,0
sms_spam_01109,2207,train,ham,0,0,0,0,0,0,0,0,0,0,0,0,0,0,0,0,1,1,1,1
sms_spam_01110,3169,test,ham,0,0,0,0,0,0,0,0,0,0,0,0,0,0,0,0,1,0,1,1
sms_spam_01111,1230,train,ham,0,0,0,0,1,0,0,1,0,0,0,0,0,0,0,0,0,0,0,0
sms_spam_01112,1727,train,ham,0,0,0,0,0,0,0,0,0,0,0,0,0,0,0,0,1,1,0,0
sms_spam_01113,560,train,ham,0,0,0,0,0,0,0,0,0,0,0,0,0,0,0,0,1,0,1,0
sms_spam_01114,219,train,ham,0,0,0,0,0,0,0,0,0,0,0,0,0,0,0,0,1,0,1,1
sms_spam_01115,3195,test,ham,0,0,0,0,0,0,0,0,0,0,0,0,0,0,0,0,1,0,1,1
sms_spam_01118,4288,test,ham,0,0,0,0,0,0,0,0,0,0,0,0,0,0,0,0,1,0,1,1
sms_spam_01117,1343,train,ham,0,0,0,0,0,0,0,0,0,0,0,0,0,0,0,0,1,1,1,1
sms_spam_01116,5453,test,ham,0,0,0,0,0,0,0,0,0,0,0,0,0,0,0,0,1,0,1,0
sms_spam_01119,2421,train,ham,0,0,0,0,0,0,0,0,0,0,0,0,0,0,0,0,1,1,1,1
sms_spam_01120,3703,train,ham,0,0,0,0,0,0,0,0,0,0,0,0,0,0,0,0,1,1,1,1
sms_spam_01121,4892,test,ham,0,0,0,0,0,0,0,0,0,0,0,0,0,1,0,1,1,0,0,1
sms_spam_01125,3823,test,ham,0,0,0,0,0,0,0,0,0,0,0,0,0,0,0,0,1,0,1,1
sms_spam_01124,4645,train,spam,1,0,0,1,0,0,1,1,0,0,0,0,0,1,0,1,0,0,0,1
sms_spam_01122,5258,train,ham,0,0,0,0,0,0,0,0,0,0,0,0,0,0,0,0,1,0,0,0
sms_spam_01123,1660,train,ham,0,0,0,0,0,0,0,0,0,0,0,0,0,0,0,0,1,1,1,1
sms_spam_01126,2443,train,ham,0,0,0,0,0,0,0,0,0,0,0,0,0,0,0,0,1,0,1,1
sms_spam_01128,976,train,ham,0,0,0,0,0,0,0,0,0,0,0,0,0,0,0,0,1,0,1,1
sms_spam_01127,3687,train,ham,0,0,0,0,0,0,0,0,0,0,0,0,0,0,0,0,1,1,0,0
sms_spam_01130,4606,train,ham,0,0,0,0,0,0,0,0,0,0,0,0,0,0,0,0,1,0,1,1
sms_spam_01129,580,train,ham,0,0,0,0,0,0,0,0,0,0,0,0,0,0,0,0,1,1,1,1
sms_spam_01131,1639,train,spam,0,0,0,1,1,0,0,1,0,0,0,0,0,1,0,1,0,0,1,0
sms_spam_01132,5521,test,ham,0,0,0,0,0,0,0,0,0,0,0,0,0,0,0,0,1,0,1,0
sms_spam_01137,3503,test,ham,0,0,0,0,0,0,0,0,0,0,0,0,0,0,0,0,1,1,1,1
sms_spam_01133,4604,train,ham,0,0,0,0,0,0,0,0,0,0,0,0,0,0,0,0,1,1,1,1
sms_spam_01135,506,train,ham,0,0,0,0,0,0,0,0,0,0,0,0,0,0,0,0,1,1,1,1
sms_spam_01136,4401,test,ham,0,0,0,0,0,0,0,0,0,0,0,0,0,0,0,0,1,0,1,0
sms_spam_01134,4543,test,ham,0,0,0,0,0,0,0,0,0,0,0,0,0,0,0,0,1,1,1,1
sms_spam_01138,4724,train,ham,0,0,0,0,0,0,0,0,0,0,0,0,0,0,0,0,1,1,1,0
sms_spam_01140,1441,test,ham,0,0,0,0,0,0,0,0,0,0,0,0,0,0,0,0,1,1,1,0
sms_spam_01139,436,train,ham,0,0,0,0,0,0,0,0,0,0,0,0,0,0,0,0,1,0,1,1
sms_spam_01141,141,train,ham,0,0,0,0,0,0,0,0,0,0,0,0,0,0,0,0,1,0,0,1
sms_spam_01142,1108,train,ham,0,0,0,0,0,0,0,0,0,0,0,0,0,0,0,0,1,0,1,1
sms_spam_01143,2173,test,ham,0,0,0,0,0,0,0,0,0,0,0,0,0,0,0,0,1,0,1,1
sms_spam_01144,3890,train,ham,0,0,0,0,0,0,0,0,0,0,0,0,0,0,0,0,1,1,1,1
sms_spam_01146,157,test,ham,0,0,0,0,0,0,0,0,0,0,0,0,0,0,0,0,1,1,1,1
sms_spam_01145,1936,train,ham,0,0,0,0,0,0,0,0,0,0,0,0,0,0,0,0,1,1,1,0
sms_spam_01147,4248,train,ham,0,0,0,0,0,0,0,0,0,0,0,0,0,0,0,1,1,0,1,0
sms_spam_01148,3750,test,ham,0,0,0,0,0,0,0,0,0,0,0,0,0,0,0,0,1,0,1,1
sms_spam_01149,4469,train,ham,0,0,0,0,0,0,0,0,0,0,0,0,0,0,0,0,1,1,1,1
sms_spam_01150,4234,train,spam,0,1,0,1,1,1,0,1,0,0,0,0,0,1,0,1,0,0,0,0
sms_spam_01151,3706,test,ham,0,0,0,0,1,0,0,1,0,0,0,0,0,0,0,0,1,0,1,1
sms_spam_01152,4114,train,ham,0,0,0,0,0,0,0,0,0,0,0,0,0,0,0,0,1,0,1,1
sms_spam_01153,1406,test,spam,1,1,1,1,0,0,0,0,1,0,0,1,1,0,0,1,0,0,0,0
sms_spam_01154,2959,train,ham,0,0,0,0,0,0,0,0,0,0,0,0,0,0,0,0,0,0,0,0
sms_spam_01155,4539,train,ham,0,0,0,0,0,0,0,0,0,0,0,0,0,0,0,0,1,0,1,1
sms_spam_01156,2088,train,spam,0,0,0,1,1,0,0,1,1,0,0,1,0,1,0,1,0,0,0,0
sms_spam_01159,870,train,ham,0,0,0,0,0,0,0,0,0,0,0,0,0,1,0,0,1,0,1,0
sms_spam_01157,4291,train,ham,0,0,0,0,0,0,0,0,0,0,0,0,0,0,0,0,1,0,0,0
sms_spam_01158,4552,train,ham,0,0,0,0,0,0,0,0,0,0,0,0,0,0,0,0,1,1,1,1
sms_spam_01160,4681,test,ham,0,0,0,0,0,0,0,0,0,0,0,0,0,0,0,0,1,0,1,1
sms_spam_01161,1481,train,ham,0,0,0,0,0,0,0,0,0,0,0,0,0,0,0,0,1,0,1,0
sms_spam_01162,3140,train,ham,0,0,0,0,0,0,0,0,0,0,0,0,0,0,0,0,1,0,0,0
sms_spam_01164,2666,train,ham,0,0,0,0,0,0,0,0,0,0,0,0,0,0,0,0,1,1,1,1
sms_spam_01163,4970,train,ham,0,0,0,0,0,0,0,0,0,0,0,0,0,0,0,1,1,1,1,0
sms_spam_01165,1618,train,ham,0,0,0,0,1,0,0,1,0,0,0,0,0,0,0,0,1,1,1,1
sms_spam_01166,3089,train,ham,0,0,0,0,0,0,0,0,0,0,0,0,0,0,0,0,1,0,1,0
sms_spam_01167,2037,train,ham,0,0,0,0,0,0,0,0,0,0,0,0,0,0,0,0,1,0,1,1
sms_spam_01168,4586,test,ham,0,0,0,0,0,0,0,0,0,0,0,0,0,0,0,0,1,1,1,1
sms_spam_01170,2573,train,spam,1,1,0,1,1,0,0,1,1,0,0,0,0,1,0,1,0,0,0,0
sms_spam_01171,1714,train,ham,0,0,0,0,0,0,0,0,0,0,0,0,0,0,0,0,1,0,1,1
sms_spam_01169,2866,test,ham,0,0,0,0,0,0,0,0,0,0,0,0,0,0,0,0,1,1,1,1
sms_spam_01172,3615,train,ham,0,0,0,0,0,0,0,0,0,0,0,0,0,1,0,0,1,0,1,1
sms_spam_01173,967,train,ham,1,0,0,0,0,0,0,0,0,0,0,1,0,1,0,0,1,1,1,1
sms_spam_01174,3611,train,ham,0,0,0,0,0,0,0,0,0,0,0,0,0,0,0,0,1,1,1,1
sms_spam_01175,4026,train,ham,0,0,0,0,0,0,0,0,0,0,0,0,0,0,0,0,1,0,1,1
sms_spam_01176,1822,train,ham,0,0,0,0,0,0,0,0,0,0,0,0,0,0,0,0,1,0,1,1
sms_spam_01177,5131,train,ham,0,0,0,0,0,1,0,0,0,0,0,0,0,0,0,0,1,1,1,1
sms_spam_01178,2295,train,ham,0,0,0,0,0,0,0,0,0,0,0,0,0,1,0,0,1,0,1,0
sms_spam_01179,1430,train,ham,0,0,0,0,0,0,0,0,1,0,0,1,0,0,0,1,1,0,1,1
sms_spam_01180,1465,train,spam,1,1,0,1,1,1,0,1,1,0,0,1,0,1,0,1,0,0,0,0
sms_spam_01181,238,train,ham,0,0,0,0,0,0,0,0,0,0,0,1,0,0,0,0,1,0,1,0
sms_spam_01182,5060,train,ham,0,0,0,0,0,0,0,0,0,0,0,0,0,0,0,0,1,1,1,0
sms_spam_01183,1459,train,spam,0,0,0,1,1,0,0,1,0,0,0,0,0,0,0,0,0,0,0,0
sms_spam_01184,1754,train,ham,0,0,0,0,0,0,0,0,0,0,0,0,0,0,0,0,1,1,1,1
sms_spam_01185,495,train,ham,0,0,0,0,0,0,0,0,0,0,0,0,0,0,0,0,1,0,1,1
sms_spam_01186,820,train,ham,0,0,0,0,0,0,0,0,0,0,0,0,0,0,0,0,1,0,1,1
sms_spam_01187,1548,train,ham,0,0,0,0,0,0,0,0,0,0,0,0,0,0,0,0,1,0,1,1
sms_spam_01188,2821,train,spam,0,0,0,0,0,0,0,0,0,0,0,0,0,0,0,0,1,0,1,0
sms_spam_01189,2917,train,ham,0,0,0,0,0,0,0,0,0,0,0,0,0,0,0,0,1,0,1,0
sms_spam_01190,4544,train,ham,0,0,0,0,0,0,0,0,0,0,0,0,1,0,0,0,1,0,1,1
sms_spam_01191,285,train,ham,0,0,0,0,0,0,0,0,0,0,0,0,0,0,0,0,1,1,1,1
sms_spam_01192,4998,test,ham,0,0,0,0,0,0,0,0,0,0,0,0,0,0,0,0,1,0,1,1
sms_spam_01193,3617,train,ham,0,0,0,0,0,0,0,0,0,0,0,0,0,0,0,0,1,0,1,0
sms_spam_01197,3197,train,ham,0,0,0,0,0,0,0,0,0,0,0,0,0,1,0,0,1,1,1,1
sms_spam_01195,2285,train,ham,0,0,0,0,0,0,0,0,0,0,0,0,0,0,0,0,1,1,1,1
sms_spam_01194,5552,train,ham,0,0,0,0,0,0,0,0,0,0,0,0,0,0,0,0,1,1,1,0
sms_spam_01196,4986,train,ham,0,0,0,0,0,0,0,0,0,0,0,0,0,0,0,0,1,1,1,0
sms_spam_01198,3092,test,ham,0,0,0,0,0,0,0,0,0,0,0,0,1,0,0,0,0,0,0,0
sms_spam_01201,3560,train,spam,0,0,0,1,1,0,0,1,0,0,0,0,0,1,0,1,0,0,0,0
sms_spam_01199,4933,train,ham,0,0,0,0,0,0,0,0,0,0,0,0,0,0,0,0,1,0,1,0
sms_spam_01200,2872,train,ham,0,0,0,0,0,0,0,0,0,0,0,0,0,0,0,0,1,0,0,0
sms_spam_01203,368,train,ham,0,0,0,0,0,0,0,0,0,0,0,0,0,0,0,0,1,0,1,1
sms_spam_01202,83,train,ham,0,0,0,0,0,0,0,0,0,0,0,0,0,0,0,0,1,0,0,0
sms_spam_01204,4580,train,ham,0,0,0,0,0,0,0,0,0,0,0,0,0,0,0,0,1,0,0,0
sms_spam_01205,2366,train,spam,0,0,0,1,1,1,0,1,1,1,0,0,0,1,0,1,0,0,0,0
sms_spam_01207,4520,train,ham,0,0,0,0,0,0,0,0,0,0,0,0,0,0,0,0,1,0,1,1
sms_spam_01206,4373,test,ham,0,0,0,0,0,0,0,0,0,0,0,0,0,0,0,0,1,0,1,1
sms_spam_01208,3888,train,ham,0,0,0,0,0,0,0,0,0,0,0,0,0,0,0,0,0,0,0,0
sms_spam_01209,1258,train,ham,0,0,0,0,0,0,0,0,0,0,0,0,0,0,0,0,1,0,1,0
sms_spam_01210,5422,train,ham,0,0,0,0,0,0,0,0,0,0,0,0,0,0,0,0,1,0,1,1
sms_spam_01211,1846,test,ham,0,0,0,0,0,0,0,0,0,0,0,1,0,0,0,0,1,1,1,1
sms_spam_01213,2475,train,ham,0,0,0,0,0,0,0,0,0,0,0,0,0,0,0,0,1,1,1,1
sms_spam_01216,4513,train,ham,0,0,0,0,0,0,0,0,0,0,0,0,0,0,0,0,1,0,1,1
sms_spam_01215,4046,train,spam,0,0,1,0,1,0,0,1,0,0,0,0,0,1,0,0,0,0,0,0
sms_spam_01212,229,train,ham,0,0,0,0,0,0,0,0,0,0,0,0,0,0,0,0,1,0,1,0
sms_spam_01214,3044,train,ham,0,0,0,0,0,0,0,0,0,0,0,0,0,0,0,0,1,1,1,1
sms_spam_01217,3517,train,ham,0,0,0,0,0,0,0,0,0,0,0,0,0,0,0,0,1,1,1,0
sms_spam_01218,1423,train,ham,0,0,0,0,0,0,0,0,0,0,0,0,0,0,0,0,1,0,1,0
sms_spam_01220,1435,test,ham,0,0,0,0,0,0,0,0,0,0,0,0,0,0,0,0,1,0,1,0
sms_spam_01222,3504,train,ham,0,0,0,0,0,0,0,0,0,0,0,0,0,0,0,0,1,0,1,0
sms_spam_01221,1291,test,ham,0,0,0,0,0,0,0,0,0,0,0,0,0,0,0,0,1,0,1,1
sms_spam_01219,4310,test,ham,0,0,0,0,1,0,0,1,1,1,0,0,0,0,0,0,1,0,1,1
sms_spam_01223,3620,train,ham,0,0,0,0,0,0,0,0,0,0,0,0,0,0,0,0,1,1,1,1
sms_spam_01224,913,train,ham,0,0,0,0,0,0,0,0,0,0,0,0,0,0,0,0,1,1,1,1
sms_spam_01225,2363,train,spam,1,0,1,1,1,0,0,1,1,1,0,1,0,1,0,1,0,0,0,0
sms_spam_01227,4281,train,ham,0,0,0,0,0,0,0,0,0,0,0,0,0,1,0,1,0,0,0,0
sms_spam_01226,826,test,ham,0,0,0,0,0,0,0,0,0,0,0,0,0,0,0,0,1,0,1,0
sms_spam_01228,53,train,ham,0,0,0,0,0,0,0,0,0,0,0,0,0,0,0,0,1,0,1,1
sms_spam_01229,2837,test,ham,0,0,0,0,0,0,0,0,0,0,0,0,0,0,0,0,1,1,1,0
sms_spam_01230,3633,test,ham,0,0,0,0,0,0,0,0,0,0,0,0,0,0,0,0,1,0,0,1
sms_spam_01232,3279,test,ham,0,0,0,0,0,0,0,0,0,0,0,0,0,0,0,0,1,1,1,1
sms_spam_01231,3106,train,ham,0,0,0,0,1,0,0,1,0,0,0,0,0,1,0,0,1,0,1,0
sms_spam_01234,3335,train,ham,0,0,0,0,0,0,0,0,0,0,0,0,0,0,0,0,1,0,1,1
sms_spam_01233,5367,train,ham,0,0,0,0,0,0,0,0,0,0,0,0,0,0,0,0,1,1,1,1
sms_spam_01235,2405,train,ham,0,0,0,0,0,0,0,0,0,0,0,0,0,0,0,0,1,1,1,1
sms_spam_01236,208,train,ham,0,0,1,0,1,0,0,1,1,1,1,0,0,0,0,1,0,0,0,0
sms_spam_01237,558,train,ham,0,0,0,0,0,0,0,0,0,0,0,0,0,0,0,0,1,0,1,1
sms_spam_01239,1867,train,ham,0,0,0,0,0,0,0,0,0,0,0,0,0,0,0,0,1,0,1,1
sms_spam_01240,4273,test,ham,0,0,0,0,0,0,0,0,0,0,0,0,0,0,0,0,1,0,1,0
sms_spam_01238,3873,train,ham,0,0,0,0,0,0,0,0,0,0,0,0,0,0,0,0,1,0,0,1
sms_spam_01242,1857,train,ham,0,0,0,0,0,0,0,0,0,0,0,0,0,0,0,0,1,1,1,1
sms_spam_01241,402,train,ham,0,0,0,0,0,0,0,0,0,0,0,0,0,0,0,0,1,0,0,0
sms_spam_01243,1301,test,ham,0,0,0,0,0,0,0,0,0,0,0,0,0,0,0,0,1,0,1,1
sms_spam_01244,4041,train,ham,0,0,0,0,0,0,0,0,0,0,0,0,0,0,0,0,1,1,1,1
sms_spam_01245,120,train,spam,1,1,0,1,1,0,0,1,1,1,0,1,0,1,0,1,0,0,0,0
sms_spam_01246,4619,train,ham,0,0,0,0,0,0,0,0,0,0,0,1,0,0,0,0,0,0,1,0
sms_spam_01248,2435,train,ham,0,0,0,0,0,0,0,0,0,0,0,0,0,0,0,0,1,0,1,1
sms_spam_01247,2709,train,ham,0,0,0,0,0,0,0,0,0,0,0,0,0,0,0,0,1,0,1,1
sms_spam_01249,3653,train,ham,0,0,0,0,0,0,0,0,0,0,0,0,0,0,0,0,1,0,1,1
sms_spam_01251,991,test,ham,0,0,0,0,0,0,0,0,0,0,0,0,0,0,0,0,1,1,1,1
sms_spam_01250,158,test,spam,1,1,1,1,0,0,0,0,1,0,0,0,0,1,0,1,0,0,0,0
sms_spam_01252,2121,test,ham,0,0,0,0,0,0,0,0,0,0,0,0,0,0,0,0,1,1,1,1
sms_spam_01253,4566,train,ham,0,0,0,0,0,0,0,0,0,0,0,0,0,0,0,0,1,0,1,1
sms_spam_01254,3605,train,ham,0,0,0,0,0,0,0,0,0,0,0,0,0,0,0,0,1,1,1,1
sms_spam_01255,1984,train,spam,1,1,1,1,1,1,0,1,1,0,0,1,0,1,0,1,0,0,0,0
sms_spam_01256,3076,train,ham,0,0,0,0,0,0,0,0,0,0,0,0,0,0,0,0,1,0,1,0
sms_spam_01258,511,train,ham,0,0,0,0,0,0,0,0,0,0,0,0,0,0,0,0,1,0,1,1
sms_spam_01257,4249,train,ham,0,0,0,0,1,0,0,1,0,0,0,0,0,0,0,0,1,0,1,0
sms_spam_01259,644,train,ham,0,0,0,0,0,0,0,0,0,0,0,0,0,0,0,0,1,1,1,1
sms_spam_01260,5311,train,ham,0,0,0,0,1,0,0,1,0,1,0,0,0,0,0,0,1,1,1,0
sms_spam_01261,1316,train,ham,0,0,0,0,0,0,0,0,0,0,0,0,0,0,0,0,1,0,1,1
sms_spam_01262,2471,train,ham,0,0,0,0,0,0,0,0,0,0,0,0,0,0,0,0,1,1,1,1
sms_spam_01263,2591,train,ham,0,0,0,0,0,0,0,0,0,0,0,0,0,0,0,0,1,0,1,0
sms_spam_01264,5075,test,ham,0,0,0,0,0,0,0,0,0,0,0,0,0,0,0,0,1,0,1,1
sms_spam_01266,300,train,ham,0,0,0,0,0,0,0,0,0,0,0,0,0,0,0,0,1,1,1,1
sms_spam_01265,1180,train,ham,0,0,0,0,0,0,0,0,0,0,0,0,0,0,0,0,1,1,1,0
sms_spam_01268,326,test,ham,0,0,0,0,0,0,0,0,0,0,0,0,0,0,0,0,1,1,1,0
sms_spam_01267,5474,train,ham,0,0,0,0,0,0,0,0,0,0,0,0,0,0,0,0,1,1,1,1
sms_spam_01269,3714,train,ham,0,0,0,0,0,0,0,0,0,0,0,0,0,0,0,0,1,0,1,1
sms_spam_01270,1159,train,ham,0,0,0,0,1,0,0,1,0,0,0,0,0,0,0,0,1,1,1,1
sms_spam_01271,4745,train,ham,0,0,0,0,0,0,0,0,0,0,0,0,0,0,0,0,1,0,1,1
sms_spam_01272,3614,train,ham,0,0,0,0,0,0,0,0,0,0,0,0,0,0,0,0,1,0,1,0
sms_spam_01274,3665,train,ham,0,0,0,0,0,0,0,0,0,0,0,0,0,0,0,0,1,1,1,1
sms_spam_01273,15,train,spam,0,0,1,1,0,0,0,0,0,0,0,0,1,0,0,1,0,0,0,0
sms_spam_01275,5267,train,ham,0,0,0,0,0,0,0,0,0,0,0,0,0,0,0,0,1,1,1,1
sms_spam_01276,4595,train,ham,0,0,0,0,0,0,0,0,0,0,0,0,0,0,0,0,1,1,1,1
sms_spam_01277,4168,train,ham,0,0,0,0,0,0,0,0,0,0,0,0,0,0,0,0,1,1,1,1
sms_spam_01278,2444,train,ham,0,0,0,0,0,0,0,0,0,0,0,1,0,0,0,0,1,0,1,1
sms_spam_01280,4118,test,ham,0,0,0,0,0,0,0,0,0,0,0,0,0,0,0,0,1,1,1,1
sms_spam_01279,5004,train,ham,0,0,0,0,0,0,0,0,0,0,0,0,0,0,0,0,1,1,1,0
sms_spam_01282,1463,test,ham,0,0,0,0,0,0,0,0,0,0,0,0,0,0,0,0,1,1,1,1
sms_spam_01281,2028,train,ham,0,0,0,0,0,0,0,0,0,0,0,0,0,0,0,0,1,0,0,0
sms_spam_01284,3373,train,ham,0,0,0,0,0,0,0,0,0,0,0,0,0,0,0,0,1,0,1,0
sms_spam_01283,2614,train,ham,0,0,0,0,1,0,0,1,0,0,0,0,0,0,0,0,1,0,1,0
sms_spam_01285,601,train,ham,0,0,0,0,0,0,0,0,0,0,0,0,0,0,0,0,1,1,1,1
sms_spam_01286,827,train,ham,0,0,0,0,0,0,0,0,0,0,0,0,0,0,0,0,1,0,1,0
sms_spam_01287,3198,test,ham,0,0,0,0,0,0,0,0,0,0,0,0,0,0,0,0,1,0,1,1
sms_spam_01288,1929,train,spam,1,0,0,1,1,1,0,1,0,0,0,0,1,1,0,1,0,0,0,0
sms_spam_01289,4175,train,ham,0,0,0,0,0,0,0,0,0,0,0,0,0,0,0,0,1,1,1,1
sms_spam_01291,4918,train,ham,0,0,0,0,0,0,0,0,0,0,0,0,0,0,0,0,1,0,1,1
sms_spam_01290,5565,test,ham,0,0,0,0,0,0,0,0,0,0,0,0,0,0,0,0,1,0,1,1
sms_spam_01292,187,train,spam,1,1,1,1,1,0,0,1,0,0,0,1,0,1,0,1,0,0,0,0
sms_spam_01294,1552,train,ham,0,0,0,0,0,0,0,0,0,0,0,0,0,0,0,0,1,0,1,1
sms_spam_01293,1877,train,ham,0,0,0,0,0,0,0,0,0,0,0,0,0,0,0,0,1,0,1,1
sms_spam_01295,3337,train,ham,0,0,0,0,0,0,0,0,0,0,0,0,0,0,0,0,1,1,1,1
sms_spam_01296,5424,train,ham,0,0,0,0,0,0,0,0,0,0,0,0,0,0,0,0,1,1,1,1
sms_spam_01297,2275,train,ham,0,0,0,0,0,0,0,0,0,0,0,0,0,0,0,0,1,0,1,1
sms_spam_01298,5229,train,ham,0,0,0,0,0,0,0,0,0,0,0,0,0,0,0,0,1,0,1,1
sms_spam_01299,1446,train,ham,0,0,0,0,0,0,0,0,0,0,0,0,0,0,0,0,1,1,1,1
sms_spam_01300,1381,train,ham,0,0,0,0,0,0,0,0,0,0,0,0,0,0,0,0,1,0,1,0
sms_spam_01301,1974,train,ham,0,0,0,0,0,0,0,0,0,0,0,0,0,0,0,0,1,0,1,1
sms_spam_01303,4660,train,ham,0,0,0,0,0,0,0,0,0,0,0,0,0,0,0,0,1,0,1,1
sms_spam_01302,5251,train,ham,0,0,0,0,0,0,0,0,0,0,0,0,0,0,0,0,1,1,1,1
sms_spam_01304,4336,train,ham,0,0,0,0,0,0,0,0,0,0,0,0,0,0,0,0,1,0,1,0
sms_spam_01305,866,test,ham,0,0,0,0,0,0,0,0,0,0,0,0,0,0,0,0,1,0,1,1
sms_spam_01306,5498,train,ham,0,0,0,0,0,0,0,0,0,0,0,0,0,0,0,0,1,0,1,1
sms_spam_01307,3591,train,ham,0,0,0,0,0,0,0,0,0,0,0,0,0,0,0,0,1,0,1,1
sms_spam_01309,174,train,ham,0,0,0,0,0,0,0,0,0,0,0,0,0,0,0,0,1,0,1,1
sms_spam_01308,2259,train,ham,0,0,0,0,0,0,0,0,0,0,0,0,0,0,0,0,1,0,1,1
sms_spam_01310,3492,train,ham,0,0,0,0,0,0,0,0,0,0,0,0,0,0,0,0,1,1,1,1
sms_spam_01311,3176,train,ham,0,0,0,0,0,0,0,0,0,0,0,0,0,0,0,0,1,1,1,1
sms_spam_01312,4610,train,ham,0,0,0,0,0,0,0,0,0,0,0,0,0,0,0,0,1,0,1,1
sms_spam_01315,5331,train,ham,0,0,0,0,0,0,0,0,0,0,0,0,0,0,0,0,1,0,1,1
sms_spam_01314,549,train,ham,0,0,0,0,0,0,0,0,0,0,0,0,0,0,0,0,1,1,1,1
sms_spam_01313,2716,test,ham,0,0,0,0,0,0,0,0,0,0,0,0,0,0,0,0,1,0,1,1
sms_spam_01316,4398,train,ham,0,0,0,0,0,0,0,0,0,0,0,0,0,0,0,0,1,0,1,1
sms_spam_01317,2883,train,ham,0,0,0,0,0,0,0,0,0,0,0,0,0,0,0,0,1,0,1,0
sms_spam_01318,4755,train,ham,0,0,0,0,0,0,0,0,0,0,0,0,0,0,0,0,1,0,1,0
sms_spam_01320,475,train,ham,0,0,0,0,0,0,0,0,0,0,0,0,0,0,0,0,1,1,1,1
sms_spam_01319,2197,test,ham,0,0,0,0,0,0,0,0,0,0,0,0,0,0,0,0,1,0,1,1
sms_spam_01321,2415,train,ham,0,0,0,0,0,0,0,0,0,0,0,0,0,0,0,0,1,0,1,1
sms_spam_01322,670,train,ham,0,0,0,0,0,0,0,0,0,0,0,0,0,0,0,0,1,1,1,1
sms_spam_01323,4641,test,spam,0,0,0,1,1,0,0,1,0,0,0,0,1,1,0,0,0,0,0,0
sms_spam_01324,1952,train,ham,0,0,0,0,0,0,0,0,0,0,0,0,0,0,0,0,1,1,1,1
sms_spam_01325,1676,train,ham,0,0,0,0,1,0,0,1,0,0,0,0,0,0,0,0,1,0,1,1
sms_spam_01327,3104,train,ham,0,0,0,0,0,0,0,0,0,0,0,0,0,0,0,0,1,0,1,1
sms_spam_01326,272,train,spam,1,0,1,1,1,0,0,1,1,0,0,1,1,1,0,1,0,0,0,0
sms_spam_01328,5195,train,ham,0,0,0,0,0,0,0,0,0,0,0,0,0,0,0,0,1,1,1,1
sms_spam_01329,2700,train,ham,0,0,0,0,0,0,0,0,1,0,1,0,0,0,0,1,0,0,1,0
sms_spam_01330,587,train,ham,0,0,0,0,0,0,0,0,0,0,0,0,0,1,0,1,1,0,1,0
sms_spam_01331,5523,train,ham,0,0,0,0,0,0,0,0,0,0,0,0,0,0,0,0,1,1,0,1
sms_spam_01332,4089,train,spam,0,0,0,1,0,1,0,0,0,0,0,1,0,1,0,0,0,0,0,1
sms_spam_01334,1605,test,ham,0,0,0,0,0,0,0,0,0,0,0,0,0,0,0,0,1,1,0,1
sms_spam_01333,682,test,ham,0,0,0,0,0,0,0,0,0,0,0,0,0,0,0,0,1,1,1,1
sms_spam_01335,2281,train,ham,0,0,0,0,0,0,0,0,0,0,0,0,0,1,0,1,1,1,1,1
sms_spam_01336,1312,train,ham,0,0,0,0,0,0,0,0,0,0,0,0,0,1,0,0,1,0,1,1
sms_spam_01337,2916,train,ham,0,0,0,0,0,0,0,0,0,0,0,0,0,0,0,0,1,0,1,1
sms_spam_01338,2355,train,ham,0,0,0,0,0,0,0,0,0,0,0,1,0,0,0,0,1,0,1,0
sms_spam_01340,4363,train,ham,0,0,0,0,0,0,0,0,0,0,0,0,0,0,0,0,1,0,1,1
sms_spam_01339,5491,train,ham,0,0,0,0,0,0,0,0,0,0,0,0,0,0,0,0,1,1,1,1
sms_spam_01341,2077,train,ham,0,0,0,0,0,0,0,0,0,0,0,0,0,0,0,0,1,1,1,1
sms_spam_01342,4029,test,ham,0,0,0,0,0,0,0,0,0,0,0,0,0,0,0,0,1,0,1,1
sms_spam_01343,1340,train,ham,0,0,0,0,0,0,0,0,0,0,0,0,0,0,0,0,1,0,1,0
sms_spam_01344,5110,train,spam,0,0,0,0,0,0,0,0,0,0,0,0,0,1,0,0,0,0,0,0
sms_spam_01346,3011,train,ham,0,0,0,0,0,0,0,0,0,0,0,0,0,0,0,0,1,0,1,1
sms_spam_01345,1587,train,ham,0,0,0,0,0,0,0,0,0,0,0,0,0,0,0,0,1,0,1,0
sms_spam_01347,3423,train,spam,0,0,0,1,1,0,0,1,1,1,0,0,0,1,0,1,0,0,1,0
sms_spam_01348,5000,train,ham,0,0,0,0,0,0,0,0,0,0,0,0,0,0,0,0,1,1,1,1
sms_spam_01349,3505,train,ham,0,0,0,0,0,0,0,0,0,0,0,0,0,0,0,0,1,0,1,0
sms_spam_01351,4032,train,ham,0,0,0,0,0,0,0,0,0,0,0,0,0,0,0,0,1,1,1,0
sms_spam_01350,4578,test,ham,0,0,0,0,0,0,0,0,0,0,0,0,0,0,0,0,1,1,1,1
sms_spam_01352,1742,train,ham,0,0,0,0,0,0,0,0,0,0,0,1,0,1,0,0,1,1,1,1
sms_spam_01353,954,test,spam,0,0,0,1,0,0,0,0,0,0,0,0,0,0,0,0,0,0,0,0
sms_spam_01354,4366,train,ham,0,0,0,0,0,0,0,0,0,0,0,0,0,0,0,0,1,0,1,0
sms_spam_01356,455,train,ham,0,0,0,0,0,0,0,0,0,0,0,0,0,0,0,0,1,0,1,1
sms_spam_01355,3488,train,ham,0,0,0,0,0,0,0,0,0,0,0,0,0,0,0,0,1,0,1,1
sms_spam_01357,2086,test,ham,0,0,0,0,0,0,0,0,0,0,0,0,0,0,0,0,1,0,1,0
sms_spam_01358,1990,train,ham,0,0,0,0,0,0,0,0,0,0,0,0,0,0,0,0,1,1,1,1
sms_spam_01359,3297,test,spam,0,0,0,1,1,1,0,1,0,0,0,0,0,1,0,0,0,0,0,0
sms_spam_01360,439,test,ham,0,0,0,0,0,0,0,0,0,0,0,0,0,0,0,0,1,0,1,1
sms_spam_01361,3749,train,ham,0,0,0,0,0,0,0,0,0,0,0,0,0,0,0,0,1,0,1,0
sms_spam_01362,1443,train,spam,1,0,0,1,1,1,0,1,0,0,0,0,1,1,0,1,0,0,0,0
sms_spam_01363,3210,test,ham,0,0,0,0,0,0,0,0,0,0,0,1,0,0,0,0,1,1,1,1
sms_spam_01364,2973,train,ham,0,0,0,0,0,0,0,0,0,0,0,0,0,0,0,0,1,1,1,1
sms_spam_01365,61,train,ham,0,0,0,0,0,0,0,0,0,0,0,0,0,0,0,0,1,0,1,1
sms_spam_01366,4037,train,ham,0,0,0,0,0,0,0,0,0,0,0,1,0,0,0,0,1,0,1,0
sms_spam_01367,4551,train,ham,0,0,0,0,0,0,0,0,0,0,0,0,0,0,0,0,1,0,1,0
sms_spam_01368,1942,train,ham,0,0,0,0,0,0,0,0,0,0,0,0,0,0,0,0,1,0,1,0
sms_spam_01370,1246,train,ham,0,0,0,0,0,0,0,0,0,0,0,0,0,0,0,0,1,0,1,1
sms_spam_01369,3939,train,ham,0,0,0,0,0,0,0,0,0,0,0,0,0,0,0,0,1,1,1,1
sms_spam_01371,5055,train,ham,0,0,0,0,0,0,0,0,0,0,0,0,0,0,0,0,1,0,1,0
sms_spam_01372,4743,train,ham,0,0,0,0,0,0,0,0,0,0,0,0,0,0,0,0,1,0,1,0
sms_spam_01373,5243,train,ham,0,0,0,0,0,0,0,0,0,0,0,0,0,0,0,0,1,0,1,1
sms_spam_01374,3333,train,ham,0,0,0,0,0,0,0,0,0,0,0,0,0,1,0,0,1,0,1,1
sms_spam_01376,4221,test,ham,0,0,0,0,0,0,0,0,0,0,0,0,0,0,0,0,1,1,1,0
sms_spam_01375,5397,train,ham,0,0,0,0,0,0,0,0,0,0,0,0,0,0,0,0,1,0,1,0
sms_spam_01377,2222,test,ham,0,0,0,0,0,0,0,0,0,0,0,0,0,0,0,0,1,0,1,1
sms_spam_01378,5253,train,ham,0,0,0,0,0,0,0,0,0,0,0,0,0,0,0,0,1,0,1,1
sms_spam_01379,4754,train,ham,0,0,0,0,0,0,0,0,0,0,0,0,0,0,0,0,1,1,1,0
sms_spam_01380,2670,train,ham,0,0,0,0,0,0,0,0,0,0,0,0,0,0,0,0,1,1,1,1
sms_spam_01381,1473,test,ham,0,0,0,0,0,0,0,0,0,0,0,0,0,0,0,0,1,1,1,1
sms_spam_01382,4633,train,ham,0,0,0,0,0,0,0,0,0,0,0,0,0,0,0,0,1,0,1,1
sms_spam_01383,4207,train,ham,0,0,0,0,0,0,0,0,0,0,0,0,0,0,0,0,1,1,1,1
sms_spam_01384,5544,train,ham,0,0,0,0,0,0,0,0,0,0,0,0,0,0,0,0,1,1,1,1
sms_spam_01385,3029,test,ham,0,0,0,0,0,0,0,0,0,0,0,0,0,0,0,0,1,0,1,1
sms_spam_01386,4382,train,ham,0,0,0,0,0,0,0,0,0,0,0,0,0,0,0,0,1,1,1,1
sms_spam_01388,1911,train,ham,0,0,0,0,0,0,0,0,0,0,0,0,0,0,0,0,1,0,1,0
sms_spam_01387,1549,train,ham,0,0,0,0,0,0,0,0,0,0,0,0,0,0,0,0,1,0,1,1
sms_spam_01389,1671,train,ham,0,0,0,0,0,0,0,0,0,0,0,0,0,0,0,0,1,0,1,1
sms_spam_01390,1101,test,ham,0,0,0,0,0,0,0,0,0,0,0,0,0,0,0,0,1,0,1,0
sms_spam_01391,5209,train,ham,0,0,0,0,0,0,0,0,0,0,0,0,0,0,0,0,1,0,1,1
sms_spam_01392,3375,train,ham,0,0,0,0,0,0,0,0,0,0,0,0,0,0,0,0,1,0,1,0
sms_spam_01393,540,train,spam,0,0,1,1,1,0,0,1,0,0,0,0,0,0,0,0,0,0,0,0
sms_spam_01394,3328,test,ham,0,0,0,0,0,0,0,0,0,0,0,0,0,0,0,0,1,0,1,0
sms_spam_01395,2251,test,ham,0,0,0,0,0,0,0,0,0,0,0,0,0,0,0,0,1,1,1,1
sms_spam_01397,4211,train,spam,0,0,0,0,0,0,0,0,0,0,0,0,0,0,0,0,0,0,0,0
sms_spam_01396,3659,train,ham,0,0,0,0,0,0,0,0,0,0,0,0,0,0,0,0,1,1,1,0
sms_spam_01398,4468,train,ham,0,0,0,0,0,0,0,0,0,0,0,0,0,0,0,0,1,1,1,1
sms_spam_01399,2160,train,ham,0,0,0,0,0,0,0,0,0,0,0,0,0,0,0,0,1,0,1,1
sms_spam_01400,4381,train,ham,0,0,0,0,0,0,0,0,0,0,0,0,0,0,0,0,1,0,1,1
sms_spam_01401,1745,train,ham,0,0,0,0,0,0,0,0,0,0,0,0,0,0,0,0,1,1,1,1
sms_spam_01403,888,train,ham,0,0,0,0,0,0,0,0,0,0,0,0,0,0,0,0,0,0,1,0
sms_spam_01402,728,train,ham,0,0,0,0,0,0,0,0,0,0,0,0,0,0,0,0,1,1,1,1
sms_spam_01404,4088,train,ham,0,0,0,0,0,0,0,0,0,0,0,0,0,0,0,0,1,1,1,1
sms_spam_01406,5437,train,ham,0,0,0,0,0,0,0,0,0,0,0,0,0,0,0,0,1,0,1,0
sms_spam_01405,5270,test,ham,0,0,0,0,0,0,0,0,1,0,0,0,0,0,0,1,1,0,1,1
sms_spam_01407,2663,train,spam,0,0,0,1,1,1,0,1,0,0,0,0,1,1,0,1,0,0,0,0
sms_spam_01408,4943,train,ham,0,0,0,0,0,0,0,0,0,0,0,0,0,0,0,0,1,0,1,1
sms_spam_01409,1346,test,ham,0,0,0,0,0,0,0,0,0,0,0,0,0,0,0,0,1,1,1,1
sms_spam_01410,5395,test,ham,0,0,0,0,0,0,0,0,0,0,0,0,0,0,0,0,1,1,1,1
sms_spam_01412,1320,train,ham,0,0,0,0,0,0,0,0,0,0,0,0,0,0,0,0,1,0,1,1
sms_spam_01411,4784,train,spam,1,1,0,1,1,1,0,1,1,0,0,0,0,1,0,1,0,0,0,0
sms_spam_01413,1183,train,ham,0,0,0,0,0,0,0,0,0,0,0,0,0,0,0,0,1,0,1,1
sms_spam_01414,5353,test,ham,0,0,0,0,0,0,0,0,0,0,0,0,0,0,0,0,1,0,1,1
sms_spam_01415,5071,test,spam,1,0,0,1,1,0,0,1,1,0,0,1,0,1,0,1,0,0,0,0
sms_spam_01417,818,train,ham,0,0,0,0,0,0,0,0,0,0,0,0,0,0,0,0,1,0,1,1
sms_spam_01416,3956,train,ham,0,0,0,0,0,0,0,0,0,0,0,0,0,0,0,0,1,1,1,1
sms_spam_01418,1801,train,ham,0,0,0,0,0,0,0,0,0,0,0,0,0,0,0,0,1,0,1,0
sms_spam_01419,1633,train,ham,0,0,0,0,0,0,0,0,0,0,0,0,0,0,0,0,1,0,1,1
sms_spam_01420,2045,train,ham,0,0,0,0,0,0,0,0,0,0,0,0,0,0,0,0,1,1,1,1
sms_spam_01421,2819,train,spam,0,0,1,1,0,0,0,0,1,1,0,0,0,1,0,1,0,0,0,0
sms_spam_01422,4078,train,ham,0,0,0,0,0,0,0,0,0,0,0,0,0,0,0,0,1,0,1,0
sms_spam_01424,3149,test,ham,0,0,0,0,0,0,0,0,0,0,0,0,0,0,0,0,1,0,1,1
sms_spam_01425,2527,train,ham,0,0,0,0,0,0,0,0,0,0,0,0,0,0,0,0,1,1,1,1
sms_spam_01423,4428,test,ham,0,0,0,0,0,0,0,0,0,0,0,0,0,0,0,0,1,1,1,1
sms_spam_01426,5459,train,ham,0,0,0,0,0,0,0,0,0,0,0,0,0,0,0,0,1,0,1,0
sms_spam_01427,5419,train,ham,0,0,0,0,0,0,0,0,0,0,0,0,0,0,0,0,1,1,1,1
sms_spam_01428,1158,train,ham,0,0,0,0,0,0,0,0,0,0,0,0,0,0,0,0,1,1,1,1
sms_spam_01429,1558,train,ham,0,0,0,0,0,0,0,0,0,0,0,0,0,1,0,0,1,0,0,0
sms_spam_01431,5403,train,ham,0,0,0,0,0,1,0,0,0,0,0,0,0,0,0,0,1,0,1,0
sms_spam_01430,65,train,spam,1,1,1,1,1,0,0,1,0,0,0,0,0,1,0,0,0,0,0,0
sms_spam_01433,36,train,ham,0,0,0,0,0,0,0,0,0,0,0,0,0,0,0,0,1,1,1,1
sms_spam_01432,2747,train,ham,0,0,0,0,0,0,0,0,0,0,0,0,0,0,0,0,1,0,1,1
sms_spam_01435,2064,train,ham,0,0,0,0,0,0,0,0,0,0,0,0,0,0,0,0,1,0,1,0
sms_spam_01437,493,train,ham,0,0,0,0,0,0,0,0,0,0,0,0,0,0,0,0,1,1,1,0
sms_spam_01436,1414,test,ham,0,0,0,0,0,0,0,0,0,0,0,0,0,0,0,0,1,0,1,1
sms_spam_01434,3349,train,ham,0,0,0,0,1,0,0,1,0,1,0,0,0,0,0,0,1,1,1,1
sms_spam_01439,5015,train,ham,0,0,0,0,0,0,0,0,0,0,0,0,0,0,0,0,1,1,1,0
sms_spam_01438,3323,train,ham,0,0,0,0,0,0,0,0,0,0,0,0,0,1,0,1,1,0,1,1
sms_spam_01440,5326,train,ham,0,0,0,0,0,0,0,0,0,0,0,0,0,0,0,0,1,0,1,0
sms_spam_01441,4393,train,ham,0,0,0,0,0,0,0,0,0,0,0,1,0,0,0,0,1,0,1,0
sms_spam_01443,4385,train,ham,0,0,0,0,0,0,0,0,0,0,0,0,0,0,0,0,1,1,1,1
sms_spam_01442,5504,test,ham,0,0,0,0,0,0,0,0,0,0,0,0,0,0,0,0,1,0,1,1
sms_spam_01445,2373,train,spam,1,1,0,1,1,0,0,1,1,1,0,1,0,1,0,1,0,0,0,0
sms_spam_01444,2977,train,ham,0,0,0,0,0,0,0,0,0,0,0,0,0,0,0,0,1,0,1,1
sms_spam_01447,1231,train,ham,0,0,0,0,0,0,0,0,0,0,0,0,0,0,0,0,1,1,1,0
sms_spam_01446,3171,train,ham,0,0,0,0,0,0,0,0,0,0,0,0,0,0,0,0,1,0,1,1
sms_spam_01448,4906,train,ham,0,0,0,0,0,0,0,0,0,0,0,0,0,0,0,0,1,0,1,1
sms_spam_01449,3593,train,spam,0,0,0,1,0,1,0,0,1,0,0,0,0,1,0,1,0,0,0,0
sms_spam_01450,1613,train,ham,0,0,0,0,0,0,0,0,0,0,0,0,0,0,0,0,1,1,1,1
sms_spam_01451,2505,train,ham,0,0,0,0,0,0,0,0,0,0,0,0,0,0,0,0,1,1,1,1
sms_spam_01453,5020,test,ham,0,0,0,0,0,0,0,0,0,0,0,0,0,0,0,0,1,0,1,0
sms_spam_01452,5537,test,spam,0,0,0,1,1,0,0,1,1,0,0,1,0,1,0,1,0,0,0,0
sms_spam_01454,1959,train,ham,0,0,0,0,0,0,0,0,0,0,0,0,0,0,0,0,1,0,1,1
sms_spam_01455,3927,train,ham,0,0,0,0,0,0,0,0,0,0,0,0,0,0,0,1,1,0,1,1
sms_spam_01456,474,train,ham,0,0,0,0,0,0,0,0,0,0,0,0,0,0,0,0,1,0,1,1
sms_spam_01457,3234,train,ham,0,0,0,0,0,0,0,0,0,0,0,0,0,0,0,0,1,0,1,1
sms_spam_01458,4330,train,ham,0,0,0,0,0,0,0,0,0,0,0,0,0,0,0,0,1,0,1,1
sms_spam_01460,2071,train,ham,0,0,0,0,0,0,0,0,0,0,0,0,0,0,0,0,1,0,1,0
sms_spam_01459,781,train,ham,0,0,0,0,0,0,0,0,0,0,0,0,0,0,0,0,1,0,1,1
sms_spam_01461,1065,test,ham,0,0,0,0,0,0,0,0,0,0,0,0,0,0,0,0,1,1,1,0
sms_spam_01462,555,train,ham,0,0,0,0,0,0,0,0,0,0,0,0,0,0,0,0,1,0,1,1
sms_spam_01463,4657,train,ham,0,0,0,0,0,0,0,0,0,0,0,0,0,0,0,0,0,0,1,0
sms_spam_01464,3595,train,ham,0,0,0,0,0,0,0,0,0,0,0,0,0,0,0,0,1,0,1,0
sms_spam_01465,5093,train,ham,0,0,0,0,0,0,0,0,0,0,0,0,0,0,0,0,1,0,1,0
sms_spam_01466,294,train,ham,0,0,0,0,0,0,0,0,0,0,0,0,0,1,0,1,1,0,0,1
sms_spam_01467,3935,train,ham,0,0,0,0,0,0,0,0,0,0,0,0,0,0,0,0,1,0,1,0
sms_spam_01468,143,train,ham,0,0,0,0,0,0,0,0,0,0,0,0,0,0,0,1,1,0,1,1
sms_spam_01469,814,train,spam,0,0,0,1,0,0,0,0,1,0,0,0,1,1,0,1,0,0,0,0
sms_spam_01471,2357,test,ham,0,0,0,0,0,0,0,0,0,0,0,0,0,0,0,0,1,0,1,1
sms_spam_01470,1855,test,ham,0,0,0,0,0,0,0,0,0,0,0,0,0,0,0,0,1,1,1,1
sms_spam_01472,2356,train,ham,0,0,0,0,0,0,0,0,0,0,0,0,0,0,0,0,1,0,1,1
sms_spam_01473,4584,test,spam,0,0,0,1,1,0,0,1,1,0,0,0,0,1,0,1,0,0,1,0
sms_spam_01474,3790,train,spam,0,0,0,1,1,0,0,1,1,0,0,0,0,1,0,1,0,0,0,0
sms_spam_01475,1874,test,spam,0,0,0,1,0,0,0,0,0,0,0,1,0,0,0,0,0,0,1,0
sms_spam_01476,4067,train,spam,0,0,1,0,1,0,0,1,0,0,0,0,0,0,0,0,1,0,1,1
sms_spam_01477,3936,train,ham,0,0,0,0,0,0,0,0,0,0,0,0,0,0,0,0,1,1,1,1
sms_spam_01478,1349,train,spam,0,0,0,1,1,1,0,1,1,0,0,1,0,1,0,1,0,0,0,0
sms_spam_01479,4872,train,ham,0,0,0,0,0,0,0,0,0,0,0,1,0,0,0,0,1,0,1,1
sms_spam_01480,1028,train,ham,0,0,0,0,0,0,0,0,0,0,0,0,0,0,0,0,1,0,1,1
sms_spam_01481,4417,train,ham,0,0,0,0,0,0,0,0,0,0,0,0,0,1,0,1,1,0,1,0
sms_spam_01482,2874,test,ham,0,0,0,0,0,0,0,0,0,0,0,0,0,0,0,0,1,0,1,1
sms_spam_01483,313,train,ham,0,0,0,0,0,0,0,0,0,0,0,0,0,0,0,0,1,1,1,1
sms_spam_01484,712,train,spam,0,0,0,0,1,0,0,1,0,0,0,0,0,0,0,0,0,0,0,0
sms_spam_01485,441,train,ham,0,0,0,0,0,0,0,0,0,0,0,0,0,0,0,0,1,0,1,1
sms_spam_01486,286,test,ham,0,0,0,0,0,0,0,0,0,0,0,0,0,0,0,0,1,0,1,1
sms_spam_01487,4079,train,ham,0,0,0,0,1,0,0,1,0,0,0,0,0,0,0,0,1,0,1,1
sms_spam_01488,4780,test,ham,0,0,0,0,0,0,0,0,0,0,0,0,0,0,0,0,1,1,1,1
sms_spam_01490,3667,train,ham,0,0,0,0,0,0,0,0,0,0,0,0,0,0,0,0,1,0,1,0
sms_spam_01489,1239,train,ham,0,0,0,0,0,0,0,0,0,0,0,0,0,0,0,0,1,0,1,0
sms_spam_01491,3733,test,ham,0,0,0,0,0,0,0,0,0,0,0,0,0,0,0,0,1,0,1,1
sms_spam_01493,1771,train,ham,0,0,0,0,0,0,0,0,0,0,0,0,0,0,0,0,1,0,1,0
sms_spam_01492,1879,test,spam,0,0,0,1,0,0,0,0,0,0,0,0,0,1,0,0,0,0,1,0
sms_spam_01494,1243,test,ham,0,0,0,0,0,0,0,0,0,0,0,0,0,0,0,0,1,0,1,0
sms_spam_01495,296,train,ham,0,0,0,0,0,0,0,0,0,0,0,0,0,0,0,0,1,0,1,1
sms_spam_01496,24,train,ham,0,0,0,0,0,0,0,0,0,0,0,0,0,0,0,0,1,1,1,1
sms_spam_01497,729,train,ham,0,0,0,0,0,0,0,0,0,0,0,0,0,0,0,0,1,0,1,1
sms_spam_01498,469,train,ham,0,0,0,0,0,0,0,0,0,0,0,0,0,0,0,0,0,0,0,0
sms_spam_01499,2672,train,ham,0,0,0,0,0,0,0,0,0,0,0,0,0,0,0,0,1,0,1,0
sms_spam_01500,477,train,ham,0,0,0,0,0,0,0,0,0,0,0,0,0,0,0,0,1,0,1,1
sms_spam_01501,5274,test,ham,0,0,0,0,0,0,0,0,0,0,0,0,0,1,0,0,1,1,1,1
sms_spam_01502,210,train,ham,0,0,0,0,0,0,0,0,0,0,0,0,0,0,0,0,1,1,1,1
sms_spam_01503,1370,train,ham,0,0,0,0,0,0,0,0,0,0,0,0,0,0,0,0,1,0,1,1
sms_spam_01504,1883,train,ham,0,0,0,0,0,0,0,0,0,0,0,0,0,0,0,0,1,0,1,1
sms_spam_01505,4804,train,ham,0,0,0,0,0,0,0,0,0,0,0,0,0,0,0,0,1,0,1,1
sms_spam_01506,1665,test,ham,0,0,0,0,0,0,0,0,0,0,0,0,0,0,0,0,1,1,1,1
sms_spam_01507,1418,train,ham,0,0,0,0,0,0,0,0,0,0,0,0,0,1,0,1,1,0,1,1
sms_spam_01508,2278,train,ham,0,0,0,1,1,0,0,1,1,0,1,0,0,0,0,0,0,0,0,0
sms_spam_01509,4214,train,ham,0,0,0,0,0,0,0,0,0,0,0,0,0,0,0,0,1,0,1,1
sms_spam_01510,4072,train,ham,0,0,0,0,0,0,0,0,0,0,0,0,0,0,0,0,1,0,0,0
sms_spam_01511,3019,test,ham,0,0,0,0,0,0,0,0,0,0,0,0,0,0,0,0,1,0,1,0
sms_spam_01512,1011,train,ham,0,0,0,0,0,0,0,0,0,0,0,0,0,0,0,0,1,0,1,1
sms_spam_01513,2626,test,ham,0,0,0,0,0,0,0,0,0,0,0,0,0,0,0,0,1,0,1,1
sms_spam_01514,1447,train,ham,0,0,0,0,0,0,0,0,0,0,0,0,0,0,0,0,1,1,1,1
sms_spam_01515,4358,train,ham,0,0,0,0,0,0,0,0,0,0,0,0,0,0,0,0,1,0,0,0
sms_spam_01517,4306,train,ham,0,0,0,0,0,0,0,0,0,0,0,0,0,0,0,0,1,0,1,1
sms_spam_01516,3072,train,ham,0,0,0,0,0,0,0,0,0,0,0,0,0,0,0,0,1,0,1,0
sms_spam_01518,1540,train,ham,0,0,0,0,0,0,0,0,0,0,0,0,0,0,0,0,1,1,1,1
sms_spam_01519,834,train,ham,0,0,0,1,0,0,0,0,0,0,0,0,0,0,0,0,0,0,1,0
sms_spam_01520,5345,train,ham,0,0,0,0,0,0,0,0,0,0,0,0,0,0,0,0,1,0,1,0
sms_spam_01521,4796,train,spam,0,0,1,1,1,0,0,1,0,0,0,0,1,1,0,1,0,0,0,0
sms_spam_01522,3648,test,ham,0,0,0,0,0,0,0,0,0,0,0,0,0,0,0,0,1,0,1,1
sms_spam_01523,3528,train,spam,0,0,0,1,1,0,0,1,1,0,0,1,0,0,0,0,0,0,0,0
sms_spam_01524,2499,train,ham,0,0,0,0,0,0,0,0,0,0,0,0,0,0,0,0,1,0,1,1
sms_spam_01526,1191,train,ham,0,0,0,0,0,0,0,0,0,0,0,0,0,0,0,1,1,1,1,1
sms_spam_01525,4963,train,spam,0,0,0,1,0,1,1,0,0,0,0,0,1,0,0,0,0,0,0,0
sms_spam_01527,3995,train,ham,0,0,0,0,1,0,0,1,0,0,0,0,0,0,0,0,1,0,1,1
sms_spam_01528,1070,train,ham,0,0,0,0,0,0,0,0,0,0,0,0,0,0,0,0,1,0,1,1
sms_spam_01529,2939,train,spam,0,0,0,0,0,0,0,0,0,0,0,0,0,1,0,1,0,0,0,0
sms_spam_01530,4714,train,ham,0,0,0,0,0,0,0,0,0,0,0,0,0,0,0,0,1,0,1,0
sms_spam_01531,2918,train,ham,0,0,0,0,0,0,0,0,0,0,0,0,0,0,0,0,1,1,1,1
sms_spam_01532,3596,train,spam,1,1,0,1,1,0,0,1,1,0,0,1,0,1,0,1,0,0,0,0
sms_spam_01533,2543,train,ham,0,0,0,0,0,0,0,0,0,0,0,0,0,0,0,0,1,0,0,0
sms_spam_01534,681,train,ham,0,0,0,0,0,0,0,0,0,0,0,0,0,0,0,0,1,0,1,0
sms_spam_01535,3447,train,ham,0,0,0,0,0,0,0,0,0,0,0,0,0,0,0,0,1,0,1,1
sms_spam_01536,2592,train,ham,0,0,0,0,1,0,0,1,0,0,0,0,0,1,0,1,1,1,1,1
sms_spam_01537,3689,train,ham,0,0,0,0,0,0,0,0,0,0,0,0,0,0,0,0,1,0,1,0
sms_spam_01538,5434,train,ham,0,0,0,0,0,0,0,0,0,0,0,0,0,0,0,0,1,0,1,1
sms_spam_01539,544,train,ham,0,0,0,0,0,0,0,0,0,0,0,0,0,0,0,0,1,0,1,0
sms_spam_01540,600,test,ham,0,0,0,0,0,0,0,0,0,0,0,1,0,0,0,0,1,0,1,0
sms_spam_01541,185,train,ham,0,0,0,0,0,0,0,0,0,0,0,0,0,0,0,0,1,0,1,1
sms_spam_01542,1772,train,ham,0,0,0,0,0,0,0,0,0,0,0,0,0,0,0,0,1,0,1,1
sms_spam_01543,1135,train,ham,0,0,0,0,0,0,0,0,0,0,0,0,0,0,0,0,1,0,1,1
sms_spam_01544,4530,train,ham,0,0,0,0,0,0,0,0,0,0,0,0,0,0,0,0,1,0,1,1
sms_spam_01545,1040,train,ham,0,0,0,0,0,0,0,0,0,0,0,0,0,0,0,0,1,1,1,0
sms_spam_01546,3183,train,ham,0,0,0,0,0,0,0,0,0,0,0,0,0,0,0,0,1,0,1,0
sms_spam_01547,1896,train,ham,0,0,0,0,0,0,0,0,0,0,0,0,0,0,0,0,1,1,1,1
sms_spam_01548,405,train,ham,0,0,0,0,0,0,0,0,0,0,0,0,0,0,0,0,1,1,1,1
sms_spam_01549,3590,test,ham,0,0,0,0,1,0,0,1,0,0,0,0,0,0,0,0,0,0,0,0
sms_spam_01550,5487,train,spam,0,0,1,1,1,0,1,1,0,0,0,0,1,1,0,0,0,0,0,0
sms_spam_01551,2178,train,ham,0,0,0,0,0,0,0,0,0,0,0,1,0,0,0,0,1,1,1,1
sms_spam_01552,4146,train,ham,0,0,0,0,0,0,0,0,0,0,0,0,0,1,0,1,1,0,1,1
sms_spam_01553,3187,train,spam,1,1,0,1,1,0,0,1,1,0,0,1,0,1,0,1,0,0,0,1
sms_spam_01554,23,train,ham,0,0,0,0,0,0,0,0,0,0,0,0,0,0,0,0,1,1,1,1
sms_spam_01555,386,train,ham,0,0,0,0,0,0,0,0,0,0,0,0,0,0,0,0,1,0,0,0
sms_spam_01556,889,test,ham,0,0,0,0,0,0,0,0,0,0,0,0,0,0,0,0,1,0,1,1
sms_spam_01557,2143,train,ham,0,0,0,0,0,0,0,0,0,0,0,1,0,0,0,0,1,1,1,1
sms_spam_01558,784,train,ham,0,0,0,0,0,0,0,0,0,0,0,0,0,0,0,0,1,0,1,1
sms_spam_01559,3982,train,ham,0,0,0,0,0,0,0,0,0,0,0,0,0,0,0,0,1,0,1,0
sms_spam_01560,3589,train,ham,0,0,0,0,0,0,0,0,0,0,0,0,0,0,0,0,1,1,1,0
sms_spam_01561,4483,train,ham,0,0,0,0,0,0,0,0,0,0,0,0,0,0,0,0,1,0,1,1
sms_spam_01562,4825,train,ham,0,0,0,0,0,0,0,0,0,0,0,0,0,0,0,0,1,0,1,1
sms_spam_01563,4929,test,spam,0,0,0,1,0,0,0,0,1,0,0,0,0,1,0,1,0,0,0,0
sms_spam_01564,5381,train,spam,0,0,0,0,0,0,0,0,0,0,0,0,0,1,0,0,0,0,0,0
sms_spam_01566,2784,train,ham,0,0,0,0,0,0,0,0,0,0,0,0,0,0,0,0,1,0,1,1
sms_spam_01565,3111,train,ham,0,0,0,0,0,0,0,0,0,0,0,0,0,0,0,0,1,0,1,1
sms_spam_01567,5517,train,ham,0,0,0,0,0,0,0,0,0,0,0,0,0,0,0,0,1,0,1,0
sms_spam_01568,1125,test,spam,1,1,0,1,1,1,0,1,0,0,0,0,1,1,0,1,0,0,0,0
sms_spam_01569,3854,test,spam,0,0,0,1,1,1,0,1,0,0,0,0,0,1,0,1,0,0,0,0
sms_spam_01570,710,train,ham,0,0,0,0,0,0,0,0,0,0,0,0,0,0,0,0,1,0,1,0
sms_spam_01572,2909,train,ham,0,0,0,0,0,0,0,0,0,0,0,0,0,0,0,0,1,1,1,1
sms_spam_01571,5183,train,ham,0,0,0,0,0,0,0,0,0,0,0,0,0,0,0,0,1,0,1,0
sms_spam_01573,2456,train,ham,0,0,0,0,0,0,0,0,0,0,0,0,0,0,0,0,1,0,1,0
sms_spam_01574,2436,test,ham,0,0,0,0,0,0,0,0,0,0,0,0,0,0,0,0,1,1,1,1
sms_spam_01575,4603,train,ham,0,0,0,0,0,0,0,0,0,0,0,1,0,0,0,0,1,0,1,1
sms_spam_01576,3133,train,ham,0,0,0,0,0,0,0,0,0,0,0,0,0,0,0,0,1,1,1,1
sms_spam_01577,1589,train,ham,0,0,0,0,0,0,0,0,0,0,0,0,0,0,0,0,1,0,1,0
sms_spam_01578,4164,train,spam,1,0,1,1,0,1,0,0,0,0,0,0,1,0,0,0,0,0,0,0
sms_spam_01579,4974,train,ham,0,0,0,0,0,0,0,0,0,0,0,0,0,0,0,0,1,0,1,1
sms_spam_01580,2438,train,ham,0,0,0,0,0,0,0,0,0,0,0,0,0,0,0,0,1,1,1,1
sms_spam_01581,861,train,ham,0,0,0,0,0,0,0,0,0,0,0,0,0,0,0,0,1,1,1,0
sms_spam_01582,2502,train,ham,0,0,0,1,1,0,0,1,0,0,0,0,0,0,0,0,0,0,1,1
sms_spam_01583,3473,train,ham,0,0,0,0,0,0,0,0,0,0,0,0,0,0,0,0,1,0,1,0
sms_spam_01584,2898,test,ham,0,0,0,0,0,0,0,0,0,0,0,0,0,0,0,0,1,1,1,1
sms_spam_01585,2758,test,ham,0,0,0,0,0,0,0,0,0,0,0,0,0,0,0,0,1,1,1,1
sms_spam_01586,4763,train,ham,0,0,1,0,0,0,0,0,0,0,0,0,0,0,0,0,0,0,0,0
sms_spam_01587,4557,train,ham,0,0,0,0,0,0,0,0,0,0,0,1,0,0,0,0,0,0,0,0
sms_spam_01588,2896,train,ham,0,0,0,0,0,0,0,0,0,0,0,0,0,0,0,0,1,0,1,1
sms_spam_01589,3470,train,ham,0,0,0,0,0,0,0,0,0,0,0,0,0,0,0,0,1,0,1,0
sms_spam_01590,42,train,spam,1,0,0,1,0,1,0,0,1,1,0,0,0,1,0,1,0,0,0,1
sms_spam_01591,3669,train,ham,0,0,0,0,0,0,0,0,0,0,0,0,0,0,0,0,1,0,1,1
sms_spam_01592,5429,train,ham,0,0,0,0,0,0,0,0,0,0,0,0,0,0,0,0,1,1,1,1
sms_spam_01594,5527,test,ham,0,0,0,0,0,0,0,0,0,0,0,0,0,0,0,0,1,0,1,1
sms_spam_01593,3339,train,ham,0,0,0,0,0,0,0,0,0,0,0,0,0,0,0,0,1,1,1,1
sms_spam_01595,4696,train,ham,0,0,0,0,0,0,0,0,0,0,0,0,0,0,0,0,1,0,1,1
sms_spam_01596,1175,train,ham,0,0,0,0,0,0,0,0,0,0,0,0,0,0,0,0,1,0,1,1
sms_spam_01598,690,test,ham,0,0,0,0,0,0,0,0,0,0,0,0,0,0,0,0,1,0,0,0
sms_spam_01597,3805,test,spam,1,1,0,1,1,0,0,1,1,1,0,1,0,1,0,1,0,0,0,0
sms_spam_01600,1738,train,ham,0,0,0,0,0,0,0,0,0,0,0,0,0,0,0,0,1,0,1,0
sms_spam_01599,2597,train,ham,0,0,0,0,0,0,0,0,0,0,0,0,0,0,0,0,1,0,1,0
sms_spam_01601,2509,train,ham,0,0,0,0,0,0,0,0,0,0,0,0,0,0,0,0,1,1,1,1
sms_spam_01602,4712,train,ham,0,0,0,0,0,0,0,0,0,0,0,0,0,0,0,0,1,0,1,0
sms_spam_01603,3579,train,ham,0,0,0,0,0,0,0,0,0,0,0,0,0,0,0,0,1,0,1,0
sms_spam_01604,589,test,ham,0,0,0,0,0,0,0,0,0,0,0,0,0,1,0,0,1,1,0,0
sms_spam_01605,1572,train,spam,0,0,1,1,1,0,0,1,1,0,0,0,0,1,0,1,0,0,0,0
sms_spam_01606,2574,test,spam,0,0,0,1,0,1,0,0,0,0,0,0,0,1,0,1,0,0,0,0
sms_spam_01607,5496,train,ham,0,0,0,0,0,0,0,0,0,0,0,0,0,0,0,1,1,0,1,1
sms_spam_01608,4117,train,ham,0,0,0,0,1,0,0,1,0,0,0,0,0,0,0,0,1,0,1,1
sms_spam_01609,3711,train,ham,0,0,0,0,0,0,0,0,0,0,0,0,0,0,0,0,1,0,1,0
sms_spam_01610,3602,train,ham,0,0,0,0,0,0,0,0,0,0,0,0,0,0,0,0,1,0,1,1
sms_spam_01611,3467,test,ham,0,0,0,0,0,0,0,0,0,0,0,0,0,0,0,0,1,1,1,1
sms_spam_01612,815,train,ham,0,0,0,0,0,0,0,0,0,0,0,0,0,0,0,0,1,0,1,1
sms_spam_01613,2604,train,ham,0,0,0,0,0,0,0,0,0,0,0,0,0,1,0,1,1,0,1,1
sms_spam_01614,2417,train,ham,0,0,0,0,0,0,0,0,0,0,0,0,0,0,0,0,1,1,1,1
sms_spam_01615,1110,train,ham,0,0,0,0,0,0,0,0,0,0,0,0,0,0,0,0,1,0,1,1
sms_spam_01617,2915,train,ham,0,0,0,0,0,0,0,0,0,0,0,0,0,0,0,0,1,1,1,1
sms_spam_01616,5500,train,ham,0,0,0,0,0,0,0,0,0,0,0,0,0,0,0,0,1,0,1,0
sms_spam_01618,3977,train,ham,0,0,0,0,1,0,1,1,0,0,0,0,0,0,0,0,0,0,0,0
sms_spam_01619,1077,train,ham,0,0,0,0,0,0,0,0,0,0,0,0,0,0,0,0,1,0,1,1
sms_spam_01621,2637,train,ham,0,0,0,0,0,0,0,0,0,0,0,0,0,0,0,0,1,1,1,1
sms_spam_01620,5290,train,ham,0,0,0,0,0,0,0,0,0,0,0,0,0,1,0,0,1,0,0,0
sms_spam_01622,3561,train,ham,0,0,0,0,0,0,0,0,0,0,0,0,0,0,0,0,1,0,1,1
sms_spam_01624,464,train,ham,0,0,0,0,0,0,0,0,0,0,0,0,0,0,0,0,1,1,1,1
sms_spam_01623,3674,test,ham,0,0,0,0,0,0,0,0,0,0,0,0,0,0,0,0,1,1,1,0
sms_spam_01625,1208,train,ham,0,0,0,0,0,0,0,0,0,0,0,0,0,0,0,0,1,0,1,0
sms_spam_01626,1106,train,ham,0,0,0,0,0,0,0,0,0,0,0,0,0,0,0,0,1,0,1,1
sms_spam_01627,2399,train,ham,0,0,0,0,0,0,0,0,0,0,0,0,0,0,0,0,1,1,1,1
sms_spam_01628,741,train,ham,0,0,0,0,0,0,0,0,0,0,0,0,0,0,0,0,1,0,1,0
sms_spam_01629,1052,test,ham,0,0,0,0,0,0,0,0,0,0,0,0,0,0,0,0,1,0,1,1
sms_spam_01630,2282,train,ham,0,0,0,0,0,0,0,0,0,0,0,0,0,0,0,0,1,1,1,1
sms_spam_01631,680,test,ham,0,0,0,0,0,0,0,0,0,0,0,0,0,0,0,0,1,0,1,1
sms_spam_01632,3162,train,spam,1,1,0,1,1,0,0,1,1,1,0,0,0,1,0,1,0,0,0,1
sms_spam_01633,1137,train,ham,0,0,0,0,0,0,0,0,0,0,0,0,0,0,0,0,1,0,1,1
sms_spam_01634,4632,train,ham,0,0,0,0,0,0,0,0,0,0,0,0,0,0,0,0,1,0,1,0
sms_spam_01635,1227,train,ham,0,0,0,0,0,0,0,0,0,0,0,0,0,0,0,0,1,0,1,1
sms_spam_01636,2999,train,ham,0,0,0,0,0,0,0,0,0,0,0,0,0,0,0,0,1,0,0,0
sms_spam_01637,1692,test,ham,0,0,0,1,1,0,0,1,0,0,0,0,0,0,0,0,0,0,1,0
sms_spam_01638,1437,train,ham,0,0,0,0,0,0,0,0,0,0,0,0,0,0,0,0,1,1,1,1
sms_spam_01639,547,train,ham,0,0,0,0,0,0,0,0,0,0,0,0,0,0,0,0,1,0,1,1
sms_spam_01642,1004,train,ham,0,0,0,0,0,0,0,0,0,0,0,0,0,0,0,0,1,0,1,1
sms_spam_01641,5529,train,ham,0,0,0,0,0,0,0,0,0,0,0,0,0,0,0,0,1,0,1,1
sms_spam_01640,3035,train,ham,0,0,0,0,0,0,0,0,0,0,0,0,0,0,0,0,1,0,1,0
sms_spam_01643,275,train,ham,0,0,0,0,0,0,0,0,0,0,0,0,0,0,0,0,1,0,1,1
sms_spam_01644,1941,train,spam,1,1,0,1,1,1,0,1,1,0,0,1,0,1,0,1,0,0,0,0
sms_spam_01645,3377,test,ham,0,0,0,0,0,0,0,0,0,0,0,0,0,0,0,0,1,0,1,1
sms_spam_01648,1358,train,ham,0,0,0,0,1,0,0,1,0,0,0,0,0,0,0,0,1,1,1,1
sms_spam_01646,2468,train,ham,0,0,0,0,0,0,0,0,0,0,0,0,0,0,0,0,1,1,1,1
sms_spam_01647,149,train,ham,0,0,0,0,0,0,0,0,0,0,0,0,0,0,0,0,1,0,0,0
sms_spam_01649,1282,train,ham,0,0,0,0,0,0,0,0,0,0,0,0,0,0,0,0,1,0,1,0
sms_spam_01650,1266,train,ham,0,0,0,0,0,0,0,0,0,0,0,0,0,0,0,0,1,0,1,1
sms_spam_01651,1069,train,ham,0,0,0,0,0,0,0,0,0,0,0,0,0,0,0,0,1,0,1,0
sms_spam_01652,337,train,ham,0,0,0,0,0,0,0,0,0,0,0,0,0,0,0,0,1,0,1,0
sms_spam_01653,4329,train,ham,0,0,0,0,0,0,0,0,0,0,0,0,0,0,0,0,1,0,1,1
sms_spam_01654,5099,train,ham,0,0,0,0,0,0,0,0,0,0,0,0,0,0,0,0,1,1,1,1
sms_spam_01655,596,test,ham,0,0,0,0,0,0,0,0,0,0,0,0,0,0,0,0,1,0,1,0
sms_spam_01656,1976,train,ham,0,0,0,0,0,0,0,0,0,0,0,0,0,0,0,0,1,0,1,1
sms_spam_01657,4007,train,ham,0,0,0,0,0,0,0,0,0,0,0,0,0,1,0,0,1,1,1,1
sms_spam_01658,352,train,ham,0,0,0,0,0,0,0,0,0,0,0,1,0,0,0,0,1,0,1,1
sms_spam_01659,2057,train,ham,0,0,0,0,0,0,0,0,0,0,0,0,0,0,0,0,1,0,1,1
sms_spam_01660,5228,train,spam,1,1,1,1,0,0,0,0,1,1,0,1,0,1,0,1,0,0,0,0
sms_spam_01661,0,train,ham,0,0,0,1,0,0,0,0,0,0,0,0,0,0,0,0,0,0,1,0
sms_spam_01662,3796,train,ham,0,0,0,1,1,0,1,1,0,0,0,1,0,0,0,0,0,0,0,0
sms_spam_01663,4285,train,ham,0,0,0,0,0,0,0,0,0,0,0,0,0,0,0,0,1,0,1,1
sms_spam_01664,3945,train,ham,0,0,0,0,0,0,0,0,0,0,0,0,0,1,0,0,1,0,1,1
sms_spam_01665,5062,train,ham,0,0,0,0,0,0,0,0,0,0,0,0,0,0,0,0,1,1,1,1
sms_spam_01666,2586,test,ham,0,0,0,0,0,0,0,0,0,0,0,0,0,0,0,0,1,0,1,1
sms_spam_01667,3178,train,ham,0,0,0,0,0,0,0,0,0,0,0,0,0,0,0,0,1,1,1,1
sms_spam_01668,4000,train,ham,0,0,0,0,1,0,0,1,0,0,0,0,0,0,0,0,1,0,1,1
sms_spam_01669,3957,test,ham,0,0,0,0,0,0,0,0,0,0,0,0,0,0,0,0,1,0,1,0
sms_spam_01671,4624,train,ham,0,0,0,0,0,0,0,0,0,0,0,0,0,0,0,0,1,0,1,0
sms_spam_01670,3395,train,spam,1,1,0,1,1,0,0,1,1,1,0,1,0,1,0,1,0,0,0,0
sms_spam_01672,1970,train,ham,0,0,0,0,0,0,0,0,0,0,0,0,0,0,0,0,1,0,1,1
sms_spam_01673,278,test,ham,0,0,0,0,0,0,0,0,0,0,0,0,0,0,0,0,1,0,1,1
sms_spam_01674,374,train,spam,0,0,1,1,1,0,0,1,0,0,0,0,0,1,0,0,0,0,0,0
sms_spam_01675,250,train,ham,0,0,0,0,0,0,0,0,0,0,0,0,0,0,0,0,1,1,0,1
sms_spam_01676,2699,train,ham,0,0,0,0,0,0,0,0,0,0,0,0,0,0,0,0,1,0,1,1
sms_spam_01677,4090,train,ham,0,0,0,0,1,0,0,1,0,0,0,0,0,1,0,0,1,1,1,0
sms_spam_01678,5094,test,ham,0,0,0,0,0,0,0,0,0,0,0,0,0,0,0,0,1,0,1,1
sms_spam_01679,5144,train,ham,0,0,0,0,0,0,0,0,0,0,0,0,0,0,0,0,1,1,1,1
sms_spam_01680,4405,train,spam,1,0,0,1,0,1,0,0,0,0,0,0,0,1,0,1,0,0,0,0
sms_spam_01681,460,train,ham,0,0,0,0,0,0,0,0,0,0,0,0,0,0,0,0,1,0,1,1
sms_spam_01682,4511,train,ham,0,0,0,0,0,0,0,0,0,0,0,0,0,0,0,0,1,1,1,1
sms_spam_01683,968,test,ham,0,0,0,0,0,0,0,0,0,0,0,0,0,0,0,0,1,1,0,0
sms_spam_01684,3800,train,ham,0,0,0,0,0,0,0,0,0,0,0,0,0,0,0,0,1,0,1,1
sms_spam_01685,1287,train,ham,0,0,0,0,0,0,0,0,0,0,0,0,0,0,0,0,1,0,1,1
sms_spam_01686,4322,train,ham,0,0,0,0,0,0,0,0,0,0,0,0,0,0,0,0,1,0,1,1
sms_spam_01687,246,train,ham,0,0,0,0,0,0,0,0,0,0,0,0,0,1,0,1,1,0,1,1
sms_spam_01688,2397,train,ham,0,0,0,0,0,0,0,0,0,0,0,0,0,1,0,1,1,0,1,0
sms_spam_01689,1860,train,ham,0,0,0,0,0,0,0,0,0,0,0,0,0,0,0,0,1,1,0,1
sms_spam_01691,2579,train,ham,0,0,0,0,0,0,0,0,0,0,0,0,0,0,0,0,1,1,1,1
sms_spam_01690,4734,train,ham,0,0,0,0,0,0,0,0,0,0,0,0,0,0,0,0,1,1,1,1
sms_spam_01692,1025,train,ham,0,0,0,0,0,0,0,0,0,0,0,0,0,0,0,0,1,0,1,0
sms_spam_01693,2790,test,spam,1,1,0,1,1,0,0,1,0,0,0,0,0,1,0,1,0,0,0,0
sms_spam_01694,2664,train,ham,0,0,0,0,0,0,0,0,0,0,0,0,0,0,0,0,1,0,1,0
sms_spam_01695,3771,train,ham,0,0,0,0,0,0,0,0,0,0,0,0,0,0,0,0,1,1,1,1
sms_spam_01696,3580,test,ham,0,0,0,0,0,0,0,0,0,0,0,0,0,0,0,0,1,0,1,0
sms_spam_01697,237,test,ham,0,0,0,0,0,0,0,0,0,0,0,0,0,1,0,0,1,1,1,1
sms_spam_01698,2213,train,ham,0,0,0,0,0,0,0,0,0,0,0,0,0,0,0,0,1,0,1,0
sms_spam_01699,4200,train,ham,0,0,0,0,0,0,0,0,0,0,0,0,0,0,0,0,1,1,1,1
sms_spam_01700,2807,train,ham,0,0,0,0,0,0,0,0,0,0,0,0,0,0,0,0,1,0,1,0
sms_spam_01702,509,train,ham,0,0,0,0,0,0,0,0,0,0,0,0,0,1,0,1,1,0,1,0
sms_spam_01701,3718,train,spam,0,0,1,1,1,0,0,1,0,0,0,0,0,1,0,0,0,0,0,0
sms_spam_01703,5197,train,ham,0,0,0,0,1,0,1,1,0,0,0,0,0,0,0,0,1,0,1,1
sms_spam_01705,1172,train,ham,0,0,0,0,0,0,0,0,0,0,0,0,0,0,0,0,1,0,1,0
sms_spam_01704,4955,train,ham,0,0,0,0,0,0,0,0,0,0,0,0,0,0,0,0,1,1,1,1
sms_spam_01706,1373,train,spam,0,0,0,1,1,0,0,1,0,0,0,0,0,1,0,0,0,0,0,0
sms_spam_01707,3793,test,ham,0,0,0,0,0,0,0,0,0,0,0,0,0,0,0,0,1,0,1,0
sms_spam_01708,2547,train,spam,0,0,0,1,0,0,0,0,0,0,0,0,1,0,0,0,0,0,0,0
sms_spam_01709,3238,train,ham,0,0,0,0,0,0,0,0,0,0,0,0,0,0,0,0,1,0,1,1
sms_spam_01710,721,train,ham,0,0,0,0,0,0,0,0,0,0,0,0,0,0,0,0,1,0,1,1
sms_spam_01711,2551,train,ham,0,0,0,0,0,0,0,0,0,0,0,0,0,0,0,0,1,0,1,1
sms_spam_01712,535,train,ham,0,0,0,0,0,0,0,0,0,0,0,0,0,0,0,0,1,0,1,1
sms_spam_01713,3228,train,spam,0,0,1,1,1,0,0,1,1,0,0,0,0,1,0,1,0,0,0,0
sms_spam_01714,1932,test,ham,0,0,0,0,0,0,0,0,0,0,0,0,0,0,0,0,1,0,1,0
sms_spam_01716,4614,test,spam,1,0,0,1,0,0,0,0,0,0,0,0,0,1,0,0,0,0,0,0
sms_spam_01715,1504,test,ham,0,0,0,0,0,0,0,0,0,0,0,0,0,0,0,0,1,0,1,0
sms_spam_01717,116,train,spam,1,1,0,1,1,1,0,1,0,0,0,0,0,1,0,1,0,0,0,0
sms_spam_01718,3759,train,ham,0,0,0,0,0,0,0,0,0,0,0,0,0,0,0,0,1,1,1,0
sms_spam_01720,3852,train,ham,0,0,0,0,0,0,0,0,0,0,0,0,0,0,0,0,1,1,1,1
sms_spam_01719,1393,train,ham,0,0,0,0,0,0,0,0,0,0,0,0,0,0,0,0,1,0,1,1
sms_spam_01721,5245,train,ham,0,0,0,0,0,0,0,0,0,0,0,0,0,0,0,0,1,0,1,0
sms_spam_01722,3243,train,ham,0,0,0,0,0,0,0,0,0,0,0,1,0,0,0,0,1,0,1,0
sms_spam_01723,2567,test,ham,0,0,0,0,0,0,0,0,0,0,0,0,0,0,0,0,1,0,1,1
sms_spam_01724,1789,train,ham,0,0,0,0,0,0,0,0,0,0,0,0,0,0,0,0,1,0,1,1
sms_spam_01726,75,train,ham,0,0,0,0,0,0,0,0,0,0,0,0,0,1,0,1,1,0,1,0
sms_spam_01725,1523,train,ham,0,0,0,0,0,0,0,0,0,0,0,0,0,0,0,0,1,0,1,1
sms_spam_01727,3960,train,ham,0,0,0,0,0,0,0,0,0,0,0,0,0,0,0,0,1,1,1,1
sms_spam_01728,1166,train,ham,0,0,0,0,0,0,0,0,0,0,0,0,0,0,0,0,1,0,1,1
sms_spam_01729,1068,test,spam,0,0,0,1,0,0,0,0,1,0,0,1,0,1,0,1,0,0,0,0
sms_spam_01730,869,train,spam,1,0,0,1,1,1,1,1,0,0,0,0,0,1,0,0,0,0,0,0
sms_spam_01731,791,train,ham,0,0,0,0,0,0,0,0,0,0,0,0,0,0,0,0,1,0,1,0
sms_spam_01732,2496,train,ham,0,0,0,1,1,0,0,1,0,0,0,0,0,1,0,1,0,0,0,0
sms_spam_01733,1043,train,ham,0,0,0,0,0,0,0,0,0,0,0,0,0,0,0,0,1,1,1,1
sms_spam_01734,5371,train,ham,0,0,0,0,0,0,0,0,0,0,0,0,0,0,0,0,1,1,1,1
sms_spam_01735,4338,train,ham,0,0,0,0,0,0,0,0,0,0,0,0,0,0,0,0,1,1,1,0
sms_spam_01736,3762,train,ham,0,0,0,0,0,0,0,0,0,0,0,0,0,0,0,0,1,0,1,1
sms_spam_01737,3009,test,ham,0,0,0,0,0,0,0,0,0,0,0,0,0,0,0,0,1,0,1,0
sms_spam_01739,2376,train,ham,0,0,0,0,0,0,0,0,0,0,0,0,0,0,0,0,1,0,1,0
sms_spam_01738,5220,train,ham,0,0,0,0,0,0,0,0,0,1,0,0,0,0,0,0,1,0,0,0
sms_spam_01740,4670,train,ham,0,0,0,0,1,0,0,1,0,0,0,0,0,0,0,0,1,0,1,1
sms_spam_01741,2181,train,ham,0,0,0,0,0,0,0,0,0,0,0,0,0,0,0,0,1,0,0,0
sms_spam_01742,3164,train,ham,0,0,0,0,0,0,0,0,0,0,0,0,0,0,0,0,1,0,1,1
sms_spam_01743,1375,train,ham,0,0,0,0,0,0,0,0,0,0,0,0,0,0,0,0,1,0,1,1
sms_spam_01745,4866,train,ham,0,0,0,0,0,0,0,0,0,0,0,0,0,0,0,0,1,0,1,0
sms_spam_01744,55,train,ham,0,0,0,0,0,0,0,0,0,0,0,0,1,0,0,0,0,0,0,0
sms_spam_01746,3777,train,ham,0,0,0,0,0,0,0,0,0,0,0,0,0,0,0,0,1,0,1,0
sms_spam_01747,3732,train,ham,0,0,0,0,0,0,0,0,0,0,0,0,0,0,0,0,1,1,1,1
sms_spam_01748,4817,train,ham,0,0,0,0,0,0,0,0,0,0,0,0,0,0,0,0,1,0,1,1
sms_spam_01749,1986,test,ham,0,0,0,0,0,0,0,0,0,0,0,0,0,0,0,0,1,0,1,0
sms_spam_01751,5276,train,ham,0,0,0,0,0,0,0,0,0,0,0,0,0,0,0,0,1,1,1,1
sms_spam_01750,209,train,ham,0,0,0,0,0,0,0,0,0,0,0,0,0,0,0,0,1,0,1,1
sms_spam_01752,3645,train,ham,0,0,0,0,0,0,0,0,0,0,0,0,0,0,0,0,1,1,1,1
sms_spam_01753,2038,train,ham,0,0,0,0,0,0,0,0,0,0,0,0,0,0,0,0,1,1,1,1
sms_spam_01754,1171,train,spam,1,0,0,1,1,0,0,1,0,0,0,1,1,1,0,1,0,0,0,0
sms_spam_01755,328,train,ham,0,0,0,0,0,0,0,0,0,0,0,0,0,0,0,0,1,1,1,1
sms_spam_01756,841,train,ham,0,0,0,0,1,0,0,1,0,0,0,0,0,1,0,1,0,0,0,0
sms_spam_01757,1121,test,spam,0,0,0,1,1,0,0,1,1,0,0,0,0,1,0,1,0,0,0,0
sms_spam_01758,3701,train,ham,0,0,0,0,0,0,0,0,0,0,0,1,0,0,0,0,1,0,1,0
sms_spam_01759,3900,train,ham,0,0,0,0,0,0,0,0,0,0,0,0,0,0,0,0,1,0,1,1
sms_spam_01760,3690,train,ham,0,0,0,0,0,0,0,0,0,0,0,0,0,1,0,1,1,0,0,0
sms_spam_01762,1360,train,ham,0,0,0,0,0,0,0,0,0,0,0,0,0,0,0,0,1,0,1,0
sms_spam_01761,4444,train,ham,0,0,0,0,0,0,0,0,0,0,0,0,0,0,0,0,1,0,1,0
sms_spam_01763,453,train,ham,0,0,0,0,0,0,0,0,0,0,0,0,0,0,0,0,1,1,1,1
sms_spam_01764,3814,train,ham,0,0,0,0,0,0,0,0,0,0,0,0,0,0,0,0,1,0,1,1
sms_spam_01765,5259,test,ham,0,0,0,0,0,0,0,0,0,0,0,0,0,0,0,0,1,1,1,1
sms_spam_01766,2762,train,ham,0,0,0,0,0,0,0,0,0,0,0,0,0,0,0,0,1,1,1,0
sms_spam_01767,1181,test,ham,0,0,0,0,0,0,0,0,0,0,0,0,0,0,0,0,1,0,1,0
sms_spam_01768,3540,train,ham,0,0,0,0,0,0,0,0,0,0,0,0,0,0,0,0,1,0,1,1
sms_spam_01769,940,test,ham,0,0,0,1,1,0,0,1,0,0,0,0,0,0,0,0,0,0,1,1
sms_spam_01770,377,train,ham,0,0,0,0,0,0,0,0,0,0,0,0,0,0,0,0,1,1,1,1
sms_spam_01771,2429,train,spam,0,0,0,0,0,0,0,0,0,0,0,0,1,0,0,0,1,0,1,0
sms_spam_01772,114,train,ham,0,0,0,0,0,0,0,0,0,0,0,0,0,0,0,0,1,0,1,1
sms_spam_01773,3081,train,ham,0,0,0,0,0,0,0,0,0,0,0,0,0,0,0,0,1,0,1,1
sms_spam_01774,3287,train,spam,0,0,0,1,1,0,0,1,1,0,0,1,0,1,0,1,0,0,0,0
sms_spam_01775,1091,train,ham,0,0,0,0,0,0,0,0,0,0,0,0,0,1,0,1,1,0,1,1
sms_spam_01776,1554,train,ham,0,0,0,0,0,0,0,0,0,0,0,0,0,1,0,0,1,0,1,1
sms_spam_01777,1354,train,ham,0,0,0,0,0,0,0,0,0,0,0,0,0,0,0,0,1,1,1,1
sms_spam_01778,831,test,ham,0,0,0,0,0,0,0,0,0,0,0,0,0,0,0,0,1,0,1,1
sms_spam_01779,3481,train,spam,0,0,0,1,1,0,0,1,1,0,0,0,0,1,0,1,0,0,0,0
sms_spam_01780,3260,train,ham,0,0,0,0,0,0,0,0,0,0,0,0,0,0,0,0,1,1,1,1
sms_spam_01781,3884,test,ham,0,0,0,0,0,0,0,0,0,0,0,0,0,0,0,0,1,0,1,1
sms_spam_01782,4295,train,spam,0,0,0,0,0,0,0,0,1,0,0,0,0,1,0,1,0,0,0,0
sms_spam_01783,3655,train,ham,0,0,0,0,0,0,0,0,0,0,0,0,0,0,0,0,1,0,1,1
sms_spam_01785,1730,test,ham,0,0,0,0,0,0,0,0,0,0,0,0,0,0,0,0,1,1,1,0
sms_spam_01784,2015,train,ham,0,0,0,0,0,0,0,0,0,0,0,1,0,0,0,0,1,0,1,1
sms_spam_01786,5317,train,ham,0,0,0,0,0,0,0,0,0,0,0,0,0,0,0,0,1,1,1,1
sms_spam_01787,5149,train,ham,0,0,0,0,0,0,0,0,0,0,0,0,0,1,0,0,1,0,1,1
sms_spam_01788,2820,train,ham,0,0,0,0,0,0,0,0,0,0,0,0,0,0,0,0,1,0,1,1
sms_spam_01789,1710,train,ham,0,0,0,0,0,0,0,0,0,0,0,0,0,0,0,0,1,0,1,1
sms_spam_01790,111,train,ham,0,0,0,0,0,0,0,0,0,0,0,0,0,0,0,0,1,1,1,1
sms_spam_01792,5463,train,ham,0,0,0,0,0,0,0,0,0,0,0,0,0,0,0,0,1,1,1,0
sms_spam_01791,3463,train,ham,0,0,0,0,0,0,0,0,0,0,0,0,0,0,0,0,1,0,0,0
sms_spam_01793,197,train,ham,0,0,0,0,0,0,0,0,0,0,0,0,0,0,0,0,1,1,1,1
sms_spam_01794,2692,test,spam,1,0,1,1,0,1,0,0,1,1,0,1,0,1,0,1,0,0,0,0
sms_spam_01795,3327,test,ham,0,0,0,0,0,0,0,0,0,0,0,0,0,0,0,0,1,1,1,0
sms_spam_01796,3045,train,ham,0,0,0,0,0,0,0,0,0,0,0,0,0,0,0,0,1,0,1,1
sms_spam_01797,4860,train,ham,0,0,0,0,0,0,0,0,0,0,0,0,0,0,0,0,1,0,1,0
sms_spam_01798,3680,test,ham,0,0,0,0,0,0,0,0,0,0,0,0,0,0,0,0,1,0,1,0
sms_spam_01799,5560,test,ham,0,0,0,0,0,0,0,0,0,0,0,0,0,0,0,0,1,1,1,1
sms_spam_01800,1806,test,spam,1,1,1,1,1,0,0,1,0,0,0,0,0,1,0,1,0,0,0,0
sms_spam_01801,4371,train,spam,1,0,0,1,1,0,0,1,1,0,0,0,0,1,0,1,0,0,0,0
sms_spam_01802,972,test,ham,0,0,0,0,0,0,0,0,0,0,0,0,0,0,0,0,1,0,1,1
sms_spam_01803,458,train,ham,0,0,0,0,1,0,0,1,0,0,0,0,0,0,0,0,1,0,1,0
sms_spam_01804,2480,train,spam,1,1,0,1,1,1,0,1,1,0,0,1,0,1,0,1,0,0,0,0
sms_spam_01805,1299,train,ham,0,0,0,0,0,0,0,0,0,0,0,0,0,0,0,0,1,1,1,1
sms_spam_01806,50,train,ham,0,0,0,0,0,0,0,0,0,0,0,0,0,0,0,0,1,1,1,1
sms_spam_01807,360,test,ham,0,0,0,0,0,0,0,0,0,0,0,0,0,0,0,0,1,0,1,0
sms_spam_01808,3744,train,ham,0,0,0,0,0,0,0,0,0,0,0,0,0,0,0,0,1,1,1,1
sms_spam_01809,1184,train,ham,0,0,0,0,0,0,0,0,0,0,0,0,0,0,0,0,1,0,1,1
sms_spam_01810,3424,test,ham,0,0,0,0,0,0,0,0,0,0,0,0,0,0,0,0,1,0,1,1
sms_spam_01811,630,train,ham,0,0,0,0,0,0,0,0,0,0,0,0,0,0,0,0,1,0,1,1
sms_spam_01812,3932,train,ham,0,0,0,0,0,0,0,0,0,0,0,0,0,0,0,0,1,0,1,0
sms_spam_01813,5304,train,ham,0,0,0,0,1,0,0,1,0,0,0,0,0,0,0,0,1,0,1,1
sms_spam_01814,3267,test,ham,0,0,0,0,0,0,0,0,0,0,0,0,0,0,0,0,1,0,1,1
sms_spam_01815,3736,test,ham,0,0,1,0,0,0,0,0,1,0,1,0,0,0,0,1,0,0,0,0
sms_spam_01816,785,train,ham,0,0,0,0,0,0,0,0,0,0,0,0,0,0,0,0,1,1,1,1
sms_spam_01817,5043,train,ham,0,0,0,0,0,0,0,0,0,0,0,0,0,0,0,0,1,1,1,1
sms_spam_01819,3612,train,ham,0,0,0,0,0,0,0,0,0,0,0,0,0,0,0,0,1,1,1,1
sms_spam_01818,578,train,spam,1,1,0,1,1,0,0,1,0,0,0,0,0,1,0,1,0,0,0,0
sms_spam_01820,929,train,spam,1,1,0,1,1,0,0,1,1,0,0,1,0,1,0,1,0,0,0,0
sms_spam_01821,1525,train,ham,0,0,0,0,0,0,0,0,0,0,0,0,0,0,0,0,1,1,1,1
sms_spam_01822,3804,train,ham,0,0,0,0,0,0,0,0,0,0,0,0,0,0,0,0,1,1,1,1
sms_spam_01823,2059,train,ham,0,0,0,0,0,0,0,0,0,0,0,0,0,0,0,0,1,0,1,1
sms_spam_01825,2771,train,ham,0,0,0,0,0,0,0,0,0,0,0,0,0,0,0,0,1,1,1,1
sms_spam_01824,2187,test,ham,0,0,0,0,0,0,0,0,0,0,0,0,0,0,0,0,1,0,1,0
sms_spam_01826,673,train,ham,0,0,0,0,0,0,0,0,0,0,0,0,0,0,0,0,1,0,1,1
sms_spam_01827,361,test,ham,0,0,0,0,0,0,0,0,0,0,0,0,0,0,0,0,1,0,1,1
sms_spam_01828,617,train,ham,0,0,0,0,0,0,0,0,0,0,0,0,0,0,0,0,1,1,1,0
sms_spam_01829,4206,train,ham,0,0,0,0,0,0,0,0,0,0,0,0,0,0,0,0,1,1,1,1
sms_spam_01830,142,test,ham,0,0,0,0,0,0,0,0,0,0,0,0,0,0,0,0,1,0,1,0
sms_spam_01831,763,train,ham,0,0,0,0,0,0,0,0,0,0,0,0,0,0,0,0,1,1,1,1
sms_spam_01832,2068,test,ham,0,0,0,0,0,0,0,0,0,0,0,0,0,0,0,0,1,0,1,1
sms_spam_01833,5299,train,ham,0,0,0,0,0,0,0,0,0,0,0,0,0,0,0,0,1,0,1,0
sms_spam_01834,34,train,spam,0,0,1,1,1,0,0,1,1,0,0,0,0,1,0,1,0,0,0,0
sms_spam_01835,415,train,ham,0,0,0,0,0,0,0,0,0,0,0,0,0,0,0,0,1,0,1,0
sms_spam_01836,39,test,ham,0,0,0,0,0,0,0,0,0,0,0,0,0,0,0,0,1,1,1,1
sms_spam_01837,1334,train,ham,0,0,0,0,0,0,0,0,0,0,0,1,0,0,0,0,1,0,1,1
sms_spam_01838,2775,train,ham,0,0,0,0,0,0,0,0,0,0,0,0,0,0,0,0,1,1,1,1
sms_spam_01839,5083,train,ham,0,0,0,0,0,0,0,0,0,0,0,0,0,0,0,0,1,1,1,1
sms_spam_01840,5445,train,ham,0,0,0,0,0,0,0,0,0,0,0,0,0,0,0,0,1,0,1,1
sms_spam_01841,4054,test,ham,0,0,0,0,0,0,0,0,0,0,0,0,0,0,0,0,1,1,1,0
sms_spam_01842,2063,train,spam,1,1,0,1,1,0,0,1,1,0,0,1,0,1,0,1,0,0,0,0
sms_spam_01843,2698,train,spam,0,0,1,0,1,0,0,1,0,0,0,0,0,0,0,0,0,0,0,0
sms_spam_01844,1861,test,ham,0,0,0,0,0,0,0,0,0,0,0,0,0,0,0,0,1,0,1,1
sms_spam_01845,2676,train,ham,0,0,0,0,0,0,0,0,0,0,0,0,0,0,0,0,1,0,1,1
sms_spam_01846,804,train,ham,0,0,0,0,0,0,0,0,0,0,0,0,0,0,0,0,1,1,1,1
sms_spam_01848,447,test,ham,0,0,0,0,0,0,0,0,0,0,0,0,0,0,0,0,1,0,1,0
sms_spam_01847,4904,train,spam,0,0,1,1,0,1,0,0,0,1,0,1,0,1,0,1,0,0,0,0
sms_spam_01849,2724,test,ham,0,0,0,0,0,0,0,0,0,0,0,0,0,0,0,0,1,0,1,1
sms_spam_01850,3193,train,ham,0,0,0,0,0,0,0,0,0,0,0,1,0,0,0,0,1,1,1,1
sms_spam_01851,5407,train,ham,0,0,0,0,0,0,0,0,0,0,0,0,0,0,0,0,1,1,1,1
sms_spam_01852,2639,train,ham,0,0,0,0,0,0,0,0,0,0,0,0,0,0,0,0,1,0,1,1
sms_spam_01854,2029,train,ham,0,0,0,0,0,0,0,0,0,0,0,0,0,0,0,0,1,0,1,1
sms_spam_01853,4769,train,ham,0,0,0,0,0,0,0,0,0,0,0,1,0,0,0,0,1,1,1,1
sms_spam_01855,293,test,ham,0,0,0,0,0,0,0,0,0,0,0,0,0,0,0,0,1,0,1,0
sms_spam_01856,4178,test,ham,0,0,0,0,0,0,0,0,0,0,0,0,0,0,0,0,1,0,1,1
sms_spam_01858,1656,train,ham,0,0,0,0,0,0,0,0,0,0,0,0,0,0,0,0,1,1,1,1
sms_spam_01857,4720,train,ham,0,0,0,0,0,0,0,0,0,0,0,0,0,0,0,0,1,0,1,1
sms_spam_01859,1612,train,spam,0,0,1,1,0,0,0,0,0,0,0,1,1,1,0,0,0,0,0,0
sms_spam_01860,847,train,ham,0,0,0,0,0,0,0,0,0,0,0,0,0,1,0,0,1,0,1,1
sms_spam_01861,3206,train,ham,0,0,0,0,0,0,0,0,0,0,0,0,0,0,0,0,1,0,1,0
sms_spam_01862,3024,train,ham,0,0,0,0,0,0,0,0,0,0,0,0,0,0,0,0,1,0,1,1
sms_spam_01864,2254,test,ham,0,0,0,0,0,0,0,0,0,0,0,0,0,0,0,0,1,0,1,1
sms_spam_01863,1313,train,ham,0,0,0,0,0,0,0,0,0,0,0,0,0,0,0,0,1,0,1,1
sms_spam_01867,3016,test,ham,0,0,0,0,0,0,0,0,0,0,0,0,0,0,0,0,1,0,1,0
sms_spam_01866,2166,test,ham,0,0,0,0,0,0,0,0,0,0,0,0,0,0,0,0,1,0,1,1
sms_spam_01865,5202,train,ham,0,0,0,0,0,0,1,1,0,0,0,0,0,0,0,0,1,0,1,0
sms_spam_01868,4549,train,ham,0,0,0,0,0,0,0,0,0,0,0,0,0,1,0,0,1,1,1,0
sms_spam_01870,2138,train,ham,0,0,0,0,0,0,0,0,0,0,0,0,0,0,0,0,1,0,1,1
sms_spam_01869,2998,train,ham,0,0,0,0,0,0,0,0,0,0,0,0,0,0,0,0,1,0,1,1
sms_spam_01873,489,train,ham,0,0,0,0,0,0,0,0,0,0,0,0,0,0,0,0,1,0,1,1
sms_spam_01871,4004,train,ham,0,0,0,0,1,0,0,1,0,0,0,0,0,0,0,0,1,0,1,1
sms_spam_01872,3723,train,spam,0,0,0,1,1,0,0,1,1,0,0,1,0,1,0,1,0,0,1,0
sms_spam_01874,1889,test,ham,0,0,0,0,0,0,0,0,0,0,0,0,0,0,0,0,1,0,1,0
sms_spam_01875,3221,train,ham,0,0,0,0,0,0,0,0,0,0,0,0,0,0,0,0,1,0,1,1
sms_spam_01876,2290,test,ham,0,0,0,0,0,0,0,0,0,0,0,0,0,0,0,0,1,0,1,0
sms_spam_01877,4292,train,ham,0,0,0,0,0,0,0,0,0,0,0,0,0,0,0,0,1,0,1,0
sms_spam_01878,2463,train,ham,0,0,0,0,0,0,0,0,0,0,0,0,0,0,0,0,1,0,1,0
sms_spam_01879,3529,train,ham,0,0,0,0,0,0,0,0,0,0,0,0,0,0,0,0,1,1,1,1
sms_spam_01880,811,train,ham,1,0,0,0,0,0,0,0,0,0,0,0,0,0,0,0,1,0,1,1
sms_spam_01881,3441,test,spam,0,0,0,1,0,0,0,0,0,0,0,0,1,0,0,0,0,0,0,0
sms_spam_01882,733,test,ham,0,0,0,0,0,0,0,0,0,0,0,0,0,0,0,0,1,0,1,1
sms_spam_01883,1985,train,ham,0,0,0,0,0,0,0,0,0,0,0,0,0,0,0,0,1,1,1,1
sms_spam_01884,3063,train,ham,0,0,0,0,0,0,0,0,0,0,0,0,0,0,0,0,1,0,0,1
sms_spam_01885,463,train,ham,0,0,0,0,0,0,0,0,0,0,0,0,0,0,0,0,1,0,1,1
sms_spam_01886,5538,train,ham,0,0,0,0,0,0,0,0,0,0,0,0,0,0,0,0,1,1,1,1
sms_spam_01887,5382,train,ham,0,0,0,0,1,0,0,1,0,0,0,0,0,0,0,0,1,1,1,1
sms_spam_01888,3235,train,ham,0,0,0,0,0,0,0,0,0,0,0,0,0,1,0,0,1,1,1,1
sms_spam_01889,277,test,ham,0,0,0,0,0,0,0,0,0,0,0,0,0,0,0,0,1,1,1,1
sms_spam_01891,3694,train,ham,0,0,0,0,1,0,0,1,0,0,0,0,0,0,0,0,0,0,0,0
sms_spam_01890,3215,train,spam,1,1,0,1,1,0,0,1,1,1,0,1,0,1,0,1,0,0,0,0
sms_spam_01892,4694,train,spam,1,1,0,1,1,0,0,1,1,0,0,1,0,1,0,1,0,0,0,0
sms_spam_01893,1035,train,ham,0,0,0,0,0,0,0,0,0,0,0,0,0,0,0,0,1,1,1,1
sms_spam_01895,4879,test,ham,0,0,0,0,0,0,0,0,1,0,0,0,0,0,0,1,1,1,1,1
sms_spam_01894,1715,train,ham,0,0,0,0,0,0,0,0,0,0,0,0,0,0,0,0,1,1,1,1
sms_spam_01896,4822,test,ham,0,0,0,0,0,0,0,0,0,0,0,0,0,0,0,0,1,0,1,0
sms_spam_01897,930,test,ham,0,0,0,0,0,0,0,0,0,0,0,0,0,0,0,0,1,1,1,1
sms_spam_01898,3815,test,ham,0,0,0,0,0,0,0,0,0,0,0,0,0,0,0,0,1,0,0,0
sms_spam_01899,1894,test,spam,0,0,0,1,1,0,0,1,0,0,0,0,0,1,0,1,0,0,1,0
sms_spam_01901,389,test,ham,0,0,0,0,0,0,0,0,0,0,0,0,0,0,0,0,1,1,1,1
sms_spam_01900,4066,train,spam,0,0,1,1,1,0,0,1,1,0,0,0,0,1,0,1,0,0,0,0
sms_spam_01902,1389,train,ham,0,0,0,0,0,0,0,0,0,0,0,0,0,0,0,0,1,1,1,1
sms_spam_01903,3557,train,ham,0,0,0,0,0,0,0,0,0,0,0,0,0,0,0,0,1,0,1,1
sms_spam_01904,1830,train,ham,0,0,0,0,0,0,0,0,0,0,0,0,0,0,0,0,1,0,1,0
sms_spam_01905,572,train,ham,0,0,0,0,0,0,0,0,0,0,0,0,0,0,0,0,1,0,0,0
sms_spam_01907,2388,train,ham,0,0,0,0,0,0,0,0,0,0,0,0,0,0,0,0,0,0,0,0
sms_spam_01906,838,train,spam,0,0,1,1,0,0,1,1,0,0,0,0,0,1,0,0,0,0,0,0
sms_spam_01908,4573,train,ham,0,0,0,0,0,0,0,0,0,0,0,0,0,0,0,0,1,0,1,0
sms_spam_01909,805,train,ham,0,0,0,0,0,0,0,0,0,0,0,0,0,0,0,0,1,0,1,1
sms_spam_01910,1086,train,ham,0,0,0,0,0,0,0,0,0,0,0,0,0,0,0,0,1,0,1,1
sms_spam_01911,341,train,ham,0,0,0,0,0,0,0,0,0,0,0,0,0,0,0,0,1,0,1,1
sms_spam_01913,4942,train,ham,0,0,0,0,0,0,0,0,0,0,0,0,0,0,0,0,1,0,1,1
sms_spam_01912,593,train,ham,0,0,0,0,0,0,0,0,0,0,0,0,0,0,0,0,1,1,1,1
sms_spam_01914,3177,train,ham,0,0,0,0,0,0,0,0,0,0,0,0,0,0,0,0,1,0,1,0
sms_spam_01915,2559,train,ham,0,0,0,0,0,0,0,0,0,0,0,0,0,0,0,0,1,0,1,1
sms_spam_01916,409,train,ham,0,0,0,0,0,0,0,0,0,0,0,0,0,0,0,0,1,0,1,0
sms_spam_01919,2076,train,ham,0,0,0,0,0,0,0,0,0,0,0,0,0,0,0,0,1,0,1,0
sms_spam_01917,290,train,ham,0,0,0,0,0,0,0,0,0,0,0,0,0,0,0,0,1,0,1,1
sms_spam_01918,3685,test,ham,0,0,0,0,0,0,0,0,0,0,0,0,0,0,0,0,1,1,1,1
sms_spam_01920,4017,train,ham,0,0,0,0,0,0,0,0,0,0,0,0,0,0,0,0,1,1,1,1
sms_spam_01921,228,train,ham,0,0,0,0,0,0,0,0,0,0,0,0,0,0,0,0,1,0,1,0
sms_spam_01922,3586,train,ham,0,0,0,0,0,0,0,0,0,0,0,0,0,0,0,0,1,0,1,1
sms_spam_01925,1538,train,ham,0,0,0,0,0,0,0,0,0,0,0,0,0,0,0,0,1,0,0,1
sms_spam_01924,3182,train,ham,0,0,0,0,0,0,1,0,0,0,0,0,0,0,0,0,1,0,1,1
sms_spam_01923,5329,train,ham,0,0,0,0,0,0,0,0,0,0,0,0,0,0,0,0,1,0,1,1
sms_spam_01926,2126,train,ham,0,0,0,0,0,0,0,0,0,0,0,0,0,0,0,0,1,0,1,1
sms_spam_01927,2706,train,ham,0,0,0,0,0,0,0,0,0,0,0,0,0,0,0,0,1,0,1,1
sms_spam_01928,2232,test,ham,0,0,0,0,0,0,0,0,0,0,0,0,0,0,0,0,1,0,1,1
sms_spam_01930,1703,train,ham,0,0,0,0,0,0,0,0,0,0,0,0,0,0,0,0,1,0,1,0
sms_spam_01929,4715,train,ham,0,0,0,0,0,0,0,0,0,0,0,0,0,1,0,1,1,0,1,1
sms_spam_01931,1382,train,ham,0,0,0,0,0,0,0,0,0,0,0,0,0,0,0,0,1,1,1,1
sms_spam_01932,1629,test,ham,0,0,0,0,0,0,0,0,0,0,0,0,0,0,0,0,1,1,1,1
sms_spam_01933,3826,train,spam,1,1,0,1,1,1,0,1,0,0,0,0,1,1,0,1,0,0,0,0
sms_spam_01934,162,train,ham,0,0,0,0,0,0,0,0,0,0,0,0,0,0,0,0,1,0,1,0
sms_spam_01935,3544,train,ham,0,0,0,0,0,0,0,0,0,0,0,0,0,0,0,0,1,1,1,1
sms_spam_01936,3330,train,ham,0,0,0,0,1,0,0,1,0,0,0,0,0,0,0,0,1,0,0,0
sms_spam_01937,1188,train,ham,0,0,0,0,0,0,0,0,0,0,0,0,0,0,0,0,1,0,1,0
sms_spam_01938,2324,test,ham,0,0,0,0,0,0,0,0,0,0,0,0,0,0,0,0,1,0,1,1
sms_spam_01939,4129,train,ham,0,0,0,0,0,0,0,0,1,0,0,0,0,0,0,1,1,0,1,1
sms_spam_01941,5273,test,ham,0,0,0,0,0,0,0,0,0,0,0,0,0,0,0,0,1,0,1,1
sms_spam_01942,280,train,ham,0,0,0,0,0,0,0,0,0,0,0,0,0,0,0,0,1,0,1,0
sms_spam_01940,1637,train,spam,0,0,0,0,0,0,0,0,0,0,0,0,0,0,0,0,0,0,0,0
sms_spam_01943,1488,test,ham,0,0,0,0,0,0,0,0,0,0,0,0,0,0,0,0,1,0,1,1
sms_spam_01944,1793,train,ham,0,0,0,0,0,0,0,0,0,0,0,0,0,0,0,0,1,0,1,1
sms_spam_01945,3050,train,ham,0,0,0,0,0,0,0,0,0,0,0,0,0,0,0,0,1,0,1,0
sms_spam_01946,853,train,ham,0,0,0,0,0,0,0,0,0,0,0,1,0,0,0,0,1,0,1,0
sms_spam_01948,4833,train,ham,0,0,0,0,0,0,0,0,0,0,0,0,0,0,0,0,0,0,1,0
sms_spam_01947,2652,train,ham,0,0,0,0,0,0,0,0,0,0,0,0,0,0,0,0,1,0,1,1
sms_spam_01949,74,train,ham,0,0,0,0,0,0,0,0,0,0,0,0,0,1,0,1,1,0,1,0
sms_spam_01950,4256,train,spam,1,1,1,1,0,0,0,0,0,0,0,1,1,0,0,0,0,0,0,0
sms_spam_01951,467,train,ham,0,0,0,0,0,0,0,0,0,0,0,0,0,0,0,0,1,0,1,1
sms_spam_01952,4746,train,ham,0,0,0,0,0,0,0,0,0,0,0,0,0,0,0,0,1,0,1,1
sms_spam_01953,1234,test,ham,0,0,0,0,0,0,0,0,0,0,0,0,0,0,0,0,1,0,1,0
sms_spam_01954,4,train,ham,0,0,0,0,0,0,0,0,0,0,0,0,0,0,0,0,1,1,1,1
sms_spam_01955,498,train,ham,0,0,0,0,0,0,0,0,0,0,0,0,0,0,0,0,1,1,1,1
sms_spam_01956,1792,train,spam,1,1,0,1,0,1,0,0,0,0,0,1,1,0,0,0,0,0,0,0
sms_spam_01957,2705,train,ham,0,0,0,0,0,0,0,0,0,0,0,0,0,0,0,0,1,0,1,1
sms_spam_01958,212,train,ham,0,0,0,0,0,0,0,0,0,0,0,0,0,0,0,0,1,0,1,0
sms_spam_01959,2728,train,spam,1,1,0,1,1,1,0,1,1,0,0,0,0,1,0,1,0,0,0,0
sms_spam_01960,3864,train,ham,0,0,0,0,0,0,0,0,0,0,0,1,0,0,0,0,1,0,1,1
sms_spam_01961,3108,train,ham,0,0,0,0,1,0,0,1,0,0,0,0,0,0,0,0,1,0,1,1
sms_spam_01962,711,test,ham,0,0,0,0,0,0,0,0,0,0,0,0,0,0,0,0,1,1,1,1
sms_spam_01963,2204,test,ham,0,0,0,0,0,0,0,0,0,0,0,0,0,0,0,0,1,1,1,1
sms_spam_01964,4015,train,ham,0,0,0,0,0,0,1,1,0,0,0,0,0,0,0,0,1,0,1,0
sms_spam_01965,204,train,ham,0,0,0,0,0,0,0,0,0,0,0,0,0,1,0,0,1,0,1,1
sms_spam_01966,3992,train,ham,0,0,0,0,0,0,0,0,0,0,0,0,0,0,0,0,1,0,1,1
sms_spam_01967,698,train,ham,0,0,0,0,0,0,0,0,0,0,0,0,0,0,0,0,1,1,1,1
sms_spam_01968,1616,train,ham,0,0,0,0,0,0,0,0,0,0,0,0,0,0,0,0,1,1,1,1
sms_spam_01969,675,test,ham,0,0,0,0,0,0,0,0,0,0,0,0,0,0,0,0,1,0,1,1
sms_spam_01970,4591,test,ham,0,0,0,0,0,0,0,0,0,0,0,0,0,0,0,0,1,0,1,1
sms_spam_01971,5478,train,ham,0,0,0,0,0,0,0,0,0,0,0,0,0,0,0,0,1,0,1,0
sms_spam_01972,2263,train,spam,0,0,0,1,0,0,0,0,0,0,0,0,0,1,0,1,0,0,1,1
sms_spam_01973,4378,train,ham,0,0,0,0,0,0,0,0,0,0,0,0,0,0,0,0,1,0,1,0
sms_spam_01974,766,test,ham,0,0,0,0,0,0,0,0,0,0,0,0,0,0,0,0,1,1,1,1
sms_spam_01975,4802,train,ham,0,0,0,0,0,0,0,0,0,0,0,0,0,0,0,0,1,0,0,1
sms_spam_01976,4956,test,ham,0,0,0,0,0,0,0,0,0,0,0,0,0,0,0,0,1,0,1,1
sms_spam_01978,765,train,spam,1,1,0,1,1,0,0,1,0,0,0,1,0,1,0,1,0,0,0,0
sms_spam_01977,5515,train,ham,0,0,0,0,0,0,0,0,0,0,0,0,0,0,0,0,1,0,1,0
sms_spam_01979,5401,test,ham,0,0,0,0,0,0,0,0,0,0,0,0,0,0,0,0,1,1,1,1
sms_spam_01980,4272,train,ham,0,0,0,0,0,0,0,0,0,0,0,0,0,0,0,0,1,1,1,1
sms_spam_01981,2871,train,ham,0,0,0,0,0,0,0,0,0,0,0,0,0,0,0,0,1,1,1,1
sms_spam_01982,2528,train,ham,0,0,0,0,0,0,0,0,0,0,0,0,0,0,0,0,1,0,1,1
sms_spam_01983,3471,train,ham,0,0,0,0,0,0,0,0,0,0,0,0,0,1,0,1,1,1,1,1
sms_spam_01984,3353,test,ham,0,0,0,0,0,0,0,0,0,0,0,1,0,0,0,0,1,0,1,1
sms_spam_01985,3825,train,ham,0,0,0,0,0,0,0,0,0,0,0,0,0,0,0,0,1,1,1,0
sms_spam_01986,3420,train,spam,0,0,0,0,0,0,0,0,0,0,0,0,0,1,1,1,0,0,0,0
sms_spam_01987,3924,train,ham,0,0,0,0,0,0,0,0,0,0,0,0,0,0,0,0,1,0,1,0
sms_spam_01988,3858,train,spam,1,0,0,1,0,0,0,0,0,0,0,0,0,1,0,0,0,0,0,0
sms_spam_01991,4686,train,ham,0,0,0,0,0,0,0,0,0,0,0,0,0,0,0,0,1,0,1,0
sms_spam_01990,2940,test,ham,0,0,0,0,0,0,0,0,0,0,0,0,0,0,0,0,1,1,1,1
sms_spam_01989,5543,train,ham,0,0,0,0,0,0,0,0,0,0,0,0,0,0,0,0,1,0,1,1
sms_spam_01992,3213,train,ham,0,0,0,0,1,0,0,1,0,0,0,0,0,0,0,0,1,0,1,0
sms_spam_01993,688,train,ham,0,0,0,0,0,0,0,0,0,0,0,0,0,0,0,0,1,0,1,1
sms_spam_01994,1902,test,ham,0,0,0,0,0,0,0,0,0,0,0,0,0,0,0,0,1,1,1,0
sms_spam_01996,3184,train,ham,0,0,0,0,0,0,0,0,0,0,0,1,0,0,0,0,1,0,1,1
sms_spam_01995,1577,train,ham,0,0,0,0,0,0,0,0,0,0,0,0,0,0,0,0,1,0,1,1
sms_spam_01997,2318,test,ham,0,0,0,0,0,0,0,0,0,0,0,0,0,0,0,0,1,0,1,0
sms_spam_01998,7,train,ham,0,0,1,1,0,0,0,0,0,0,0,0,0,1,0,1,0,0,0,1
sms_spam_01999,3559,test,ham,0,0,0,0,0,0,0,0,0,0,0,0,0,0,0,0,1,0,1,1
sms_spam_02000,3851,test,ham,0,0,0,0,0,0,0,0,0,0,0,0,0,1,0,0,1,0,1,1
sms_spam_02001,2294,test,spam,0,0,0,0,0,0,0,0,0,0,0,0,0,1,0,1,0,0,0,0
sms_spam_02002,3103,train,ham,0,0,0,0,0,0,0,0,0,0,0,0,0,0,0,0,1,0,1,1
sms_spam_02003,2991,train,ham,0,0,0,0,0,0,0,0,0,0,0,0,0,0,0,0,1,1,1,1
sms_spam_02004,324,train,ham,0,0,0,0,0,0,0,0,0,0,0,0,0,0,0,0,1,0,1,1
sms_spam_02005,2433,test,ham,0,0,1,1,1,1,0,1,1,0,0,0,0,0,0,1,0,0,0,0
sms_spam_02007,2035,train,ham,0,0,0,0,0,0,0,0,0,0,0,0,0,0,0,0,1,1,1,0
sms_spam_02006,1800,train,ham,0,0,0,0,0,0,0,0,0,0,0,0,0,0,0,0,1,0,1,0
sms_spam_02008,1735,train,ham,0,0,0,0,0,0,0,0,0,0,0,0,0,0,0,0,1,0,1,1
sms_spam_02009,770,train,ham,0,0,0,0,0,0,0,0,0,0,0,1,0,0,0,0,1,0,1,0
sms_spam_02010,316,test,ham,0,0,0,0,0,0,0,0,0,0,0,0,0,0,0,0,1,1,1,1
sms_spam_02011,1992,train,spam,0,0,1,1,0,1,0,0,0,0,0,0,0,1,0,0,0,0,0,0
sms_spam_02012,4071,train,spam,0,0,0,1,1,0,0,1,0,0,0,0,0,1,0,0,0,0,0,0
sms_spam_02013,5334,train,ham,0,0,0,0,0,0,0,0,0,0,0,0,0,0,0,0,1,0,0,0
sms_spam_02015,2582,train,spam,0,0,0,1,1,1,0,1,0,0,0,1,0,1,0,1,0,0,0,0
sms_spam_02014,529,train,ham,0,0,0,0,0,0,0,0,0,0,0,0,0,0,0,0,1,0,1,1
sms_spam_02016,3051,train,ham,0,0,0,0,0,0,0,0,0,0,0,0,0,0,0,0,1,0,1,1
sms_spam_02017,1350,test,ham,0,0,0,0,0,0,0,0,0,0,0,0,0,0,0,0,1,0,1,0
sms_spam_02019,178,test,ham,0,0,0,0,0,0,0,0,0,0,0,0,0,1,0,1,1,0,0,1
sms_spam_02018,4951,train,spam,0,0,1,1,0,1,0,0,0,0,0,0,0,1,0,0,0,0,0,0
sms_spam_02020,4855,train,ham,0,0,0,0,0,0,0,0,0,0,0,1,0,0,0,0,1,0,1,0
sms_spam_02021,946,train,spam,0,0,1,1,1,0,0,1,1,0,0,0,0,1,0,1,0,0,0,0
sms_spam_02022,2661,train,ham,0,0,0,0,0,0,0,0,0,0,0,0,0,0,0,0,1,1,1,1
sms_spam_02023,2605,train,ham,0,0,0,0,0,0,0,0,0,0,0,0,0,0,0,0,1,1,1,1
sms_spam_02025,1112,train,ham,0,0,0,0,0,0,0,0,0,0,0,0,0,0,0,0,1,0,1,1
sms_spam_02024,4348,train,ham,0,0,0,0,0,0,0,0,0,0,0,0,0,0,0,0,1,0,1,1
sms_spam_02026,4672,train,ham,0,0,0,0,0,0,0,0,0,0,0,0,0,0,0,0,1,1,1,1
sms_spam_02027,3,train,ham,0,0,0,0,0,0,0,0,0,0,0,0,0,0,0,0,1,0,1,1
sms_spam_02028,5145,train,ham,0,0,0,0,0,0,0,0,0,0,0,0,0,0,0,0,1,0,1,0
sms_spam_02029,2369,test,ham,0,0,0,0,0,0,0,0,0,0,0,0,0,0,0,0,1,0,1,0
sms_spam_02030,2788,train,ham,0,0,0,0,0,0,0,0,0,0,0,0,0,0,0,0,1,0,1,1
sms_spam_02031,148,test,ham,0,0,0,0,0,0,0,0,0,0,0,0,0,0,0,0,1,0,1,1
sms_spam_02032,2348,train,ham,0,0,0,0,0,0,0,0,0,0,0,0,0,0,0,0,1,0,1,1
sms_spam_02033,1366,train,ham,0,0,0,0,0,0,0,0,0,0,0,0,0,0,0,0,1,1,1,1
sms_spam_02035,4251,train,ham,0,0,0,0,0,0,0,0,0,0,0,0,0,1,1,1,0,0,0,0
sms_spam_02034,1542,test,ham,0,0,0,0,0,0,0,0,0,0,0,0,0,0,0,0,1,0,1,0
sms_spam_02036,1345,train,ham,0,0,0,0,0,0,0,0,0,0,0,0,0,0,0,0,1,0,1,0
sms_spam_02038,2331,train,ham,0,0,0,0,0,0,0,0,0,0,0,0,0,0,0,0,1,0,1,0
sms_spam_02037,1913,train,ham,0,0,0,0,0,0,0,0,0,0,0,0,0,0,0,0,1,1,1,1
sms_spam_02039,2974,train,ham,0,0,0,0,0,0,0,0,0,0,0,0,0,0,0,0,1,0,1,1
sms_spam_02041,882,train,ham,0,0,0,0,0,0,0,0,0,0,0,0,0,0,0,0,1,0,1,0
sms_spam_02040,4290,test,ham,0,0,0,0,0,0,0,0,0,0,0,0,0,1,0,0,1,0,1,0
sms_spam_02042,1122,train,ham,0,0,0,0,0,0,0,0,0,0,0,0,0,0,0,0,1,1,1,1
sms_spam_02044,3025,test,ham,0,0,0,0,0,0,0,0,0,0,0,0,0,0,0,0,1,0,1,1
sms_spam_02043,2794,train,ham,0,0,0,0,0,0,0,0,0,0,0,0,0,0,0,0,1,0,1,1
sms_spam_02045,1837,train,ham,0,0,0,0,0,0,0,0,0,0,0,0,0,0,0,0,1,1,1,1
sms_spam_02047,4540,test,ham,0,0,0,0,0,0,0,0,0,0,0,0,0,0,0,0,1,1,1,1
sms_spam_02046,3799,train,spam,1,0,1,1,0,1,0,0,1,0,0,1,0,1,0,1,0,0,0,1
sms_spam_02048,4523,train,ham,0,0,0,0,0,0,0,0,0,0,0,0,0,0,0,0,1,0,1,1
sms_spam_02049,2726,train,ham,0,0,0,0,0,0,0,0,0,0,0,0,0,0,0,0,1,0,1,1
sms_spam_02050,4572,train,spam,1,1,0,1,1,0,0,1,1,1,0,1,0,1,0,1,0,0,0,0
sms_spam_02051,3839,train,ham,0,0,0,0,0,0,0,0,0,0,0,1,0,0,0,0,1,1,1,0
sms_spam_02052,2176,train,ham,0,0,0,0,0,0,0,0,0,0,0,0,0,0,0,0,1,0,1,0
sms_spam_02053,2483,test,ham,0,0,0,0,0,0,0,0,0,0,0,0,0,0,0,0,1,0,1,1
sms_spam_02054,3201,train,ham,0,0,0,0,0,0,0,0,0,0,0,0,0,0,0,0,1,0,1,1
sms_spam_02055,4871,train,ham,0,0,0,0,0,0,0,0,0,0,0,0,0,0,0,0,1,1,1,1
sms_spam_02056,3499,train,spam,0,0,1,1,1,0,0,1,0,0,0,1,0,0,0,0,0,0,0,0
sms_spam_02057,2226,train,ham,0,0,0,0,0,0,0,0,0,0,0,0,0,0,0,1,1,1,1,0
sms_spam_02058,4429,train,ham,0,0,0,0,0,0,0,0,0,0,0,0,0,0,0,0,1,0,1,1
sms_spam_02059,4954,train,ham,0,0,0,0,0,0,0,0,0,0,0,0,0,0,0,0,1,1,1,1
sms_spam_02061,570,test,ham,0,0,0,0,0,0,0,0,0,0,0,0,0,0,0,0,1,1,1,1
sms_spam_02060,4935,test,ham,1,1,0,1,0,0,0,0,0,0,0,0,0,0,0,0,0,0,1,0
sms_spam_02062,2206,train,spam,1,1,0,1,1,0,0,1,1,0,0,1,0,1,0,1,0,0,0,0
sms_spam_02063,3789,train,ham,0,0,0,0,0,0,0,0,0,0,0,1,0,0,0,0,1,0,1,0
sms_spam_02064,3127,train,ham,0,0,0,0,0,0,0,0,0,0,0,1,0,0,0,0,1,0,1,1
sms_spam_02065,750,test,spam,0,0,0,0,0,0,0,0,0,0,0,0,0,0,0,0,1,0,1,0
sms_spam_02067,3853,train,ham,0,0,0,0,0,0,0,0,0,0,0,0,0,0,0,0,1,1,1,1
sms_spam_02066,3179,test,ham,0,0,0,0,0,0,0,0,0,0,0,1,0,0,0,0,0,0,1,0
sms_spam_02069,3454,train,ham,0,0,0,0,0,0,0,0,0,0,0,0,0,0,0,0,1,1,1,1
sms_spam_02068,950,train,ham,0,0,0,0,0,0,0,0,0,0,0,0,0,0,0,0,1,1,1,1
sms_spam_02070,2584,test,ham,0,0,0,0,0,0,0,0,0,0,0,0,0,0,0,0,1,0,1,0
sms_spam_02071,1763,train,ham,0,0,0,0,0,0,0,0,0,0,0,0,0,0,0,0,1,1,0,0
sms_spam_02072,1807,train,ham,0,0,0,0,0,0,0,0,0,0,0,0,0,0,0,0,1,0,1,0
sms_spam_02073,1520,train,spam,1,1,0,1,1,0,0,1,1,0,0,1,0,1,0,1,0,0,0,0
sms_spam_02075,2459,train,ham,0,0,0,0,0,0,0,0,0,0,0,0,0,0,0,0,1,0,1,1
sms_spam_02074,48,test,ham,0,0,0,0,0,0,0,0,0,0,0,0,0,0,0,0,1,1,1,1
sms_spam_02076,3066,train,ham,0,0,0,0,0,0,0,0,0,0,0,0,0,0,0,0,1,1,1,1
sms_spam_02077,5295,train,ham,0,0,0,0,0,0,0,0,0,0,0,0,0,0,0,0,1,0,1,1
sms_spam_02080,3229,train,ham,0,0,0,0,0,0,0,0,0,0,0,0,0,0,0,0,1,1,1,1
sms_spam_02081,249,train,spam,1,1,0,1,0,1,0,0,0,0,0,0,1,1,0,1,0,0,0,0
sms_spam_02079,3291,test,ham,0,0,0,0,0,0,0,0,0,0,0,0,0,0,0,0,1,0,1,0
sms_spam_02078,4628,train,ham,0,0,0,0,0,0,0,0,0,0,0,0,0,0,0,0,1,0,1,0
sms_spam_02082,3740,test,spam,0,0,0,0,0,0,0,0,0,0,0,0,0,0,0,0,0,0,0,0
sms_spam_02083,1764,train,spam,1,0,1,1,1,0,0,1,1,0,0,1,0,1,0,1,0,0,0,0
sms_spam_02084,4093,train,ham,0,0,0,0,0,0,0,0,0,0,0,0,0,0,0,0,1,0,1,0
sms_spam_02085,3247,train,ham,0,0,0,0,0,0,0,0,0,0,0,0,0,0,0,1,1,0,0,0
sms_spam_02086,1758,train,ham,0,0,0,0,0,0,0,0,0,0,0,0,0,0,0,0,1,0,1,0
sms_spam_02087,5384,train,ham,0,0,0,0,0,0,0,0,0,0,0,0,0,0,0,0,1,1,1,1
sms_spam_02089,1274,train,ham,0,0,0,0,0,0,0,0,0,0,0,0,0,1,0,1,1,0,1,1
sms_spam_02088,1271,test,ham,0,0,0,0,1,0,0,1,0,0,0,0,0,1,0,1,1,0,1,1
sms_spam_02090,2552,train,ham,0,0,0,0,0,0,0,0,0,0,0,0,0,0,0,0,1,1,1,1
sms_spam_02091,3636,train,ham,0,0,0,0,0,0,0,0,0,0,0,0,0,0,0,0,1,0,1,1
sms_spam_02092,1719,train,ham,0,0,0,0,0,0,0,0,0,0,0,0,0,0,0,0,1,0,1,1
sms_spam_02093,4367,train,ham,0,0,0,0,0,0,0,0,0,0,0,0,0,0,0,0,1,0,1,1
sms_spam_02094,4230,train,ham,0,0,0,0,0,0,0,0,0,0,0,0,0,0,0,0,1,1,1,0
sms_spam_02095,4629,train,ham,0,0,0,0,0,0,0,0,0,0,0,0,0,0,0,0,1,1,1,1
sms_spam_02097,1123,train,ham,0,0,0,0,0,0,0,0,0,0,0,0,0,0,0,0,1,0,1,0
sms_spam_02096,3079,test,ham,0,0,0,0,0,0,0,0,0,0,0,0,0,0,0,0,1,0,1,0
sms_spam_02098,1798,test,ham,0,0,0,0,0,0,0,0,0,0,0,0,0,0,0,0,1,0,1,1
sms_spam_02099,2335,train,ham,0,0,0,0,0,0,0,0,0,0,0,0,0,0,0,0,1,0,1,1
sms_spam_02100,4500,train,ham,0,0,0,0,0,0,0,0,0,0,0,0,0,0,0,0,1,0,1,1
sms_spam_02101,1470,test,ham,0,0,0,0,0,0,0,0,0,0,0,0,0,0,0,0,1,0,1,0
sms_spam_02103,4609,train,ham,0,0,0,0,0,0,0,0,0,0,0,0,0,0,0,0,1,0,1,1
sms_spam_02102,4232,train,ham,0,0,0,0,0,0,0,0,0,0,0,0,0,0,0,0,1,0,1,1
sms_spam_02104,375,train,ham,0,0,0,0,0,0,0,0,0,0,0,0,0,0,0,0,1,0,1,1
sms_spam_02105,2887,train,ham,0,0,0,0,0,0,0,0,0,0,0,0,0,0,0,0,1,1,1,1
sms_spam_02106,2163,test,ham,0,0,0,0,0,0,0,0,0,0,0,0,0,0,0,0,1,1,1,1
sms_spam_02107,3479,train,ham,0,0,0,0,0,0,0,0,0,0,0,0,0,0,0,0,1,0,0,1
sms_spam_02108,4452,train,ham,0,0,0,0,0,0,0,0,0,0,0,0,0,0,0,0,1,0,1,1
sms_spam_02109,2000,test,ham,0,0,0,0,0,0,0,0,0,0,0,0,0,0,0,0,1,1,1,1
sms_spam_02110,581,train,ham,0,0,0,0,0,0,0,0,0,0,0,0,0,0,0,0,1,0,1,1
sms_spam_02111,1593,test,spam,1,1,1,1,0,0,0,0,1,1,0,1,0,1,0,1,0,0,0,0
sms_spam_02113,2422,test,ham,0,0,0,0,0,0,0,0,0,0,0,0,0,0,0,0,1,0,1,0
sms_spam_02112,3892,train,ham,0,0,0,0,0,0,0,0,0,0,0,0,0,0,0,0,1,0,1,1
sms_spam_02114,1107,train,ham,0,0,0,0,0,0,0,0,0,0,0,0,0,0,0,0,1,0,1,1
sms_spam_02115,1773,test,ham,0,0,0,0,0,0,0,0,0,0,0,0,0,0,0,0,1,1,1,1
sms_spam_02117,3216,train,ham,0,0,0,0,0,0,0,0,0,0,0,0,0,0,0,0,1,1,0,0
sms_spam_02116,2808,test,ham,0,0,0,0,0,0,0,0,0,0,0,0,0,0,0,0,1,1,1,1
sms_spam_02119,3769,test,ham,0,0,0,0,0,0,0,0,0,0,0,0,0,0,0,0,1,1,1,0
sms_spam_02118,4384,train,spam,0,0,0,1,0,1,0,0,1,0,0,0,0,1,0,1,0,0,0,0
sms_spam_02120,5396,train,ham,0,0,0,0,0,0,1,0,0,0,0,0,0,0,0,0,1,0,1,1
sms_spam_02121,2544,train,ham,0,0,0,0,0,0,0,0,0,0,0,0,0,0,0,0,0,1,1,0
sms_spam_02122,1701,test,ham,0,0,0,0,0,0,0,0,0,0,0,0,0,0,0,0,1,1,1,1
sms_spam_02123,90,train,ham,0,0,0,0,0,0,0,0,0,0,0,0,0,0,0,0,1,0,1,1
sms_spam_02124,2386,train,ham,0,0,0,0,0,0,0,0,0,0,0,0,0,0,0,0,1,0,1,1
sms_spam_02125,2549,train,ham,0,0,0,0,0,0,0,0,0,0,0,0,0,0,0,0,1,0,1,1
sms_spam_02126,1663,train,ham,0,0,0,0,0,0,0,0,0,0,0,0,0,0,0,0,1,0,1,1
sms_spam_02127,3519,train,ham,0,0,0,0,0,0,0,0,0,0,0,0,0,0,0,0,1,1,1,1
sms_spam_02128,2556,train,ham,0,0,0,0,0,0,0,0,0,0,0,0,0,0,0,0,1,0,1,1
sms_spam_02129,2040,test,ham,0,0,0,0,0,0,0,0,0,0,0,0,0,0,0,0,1,0,1,1
sms_spam_02130,37,train,ham,0,0,0,0,0,0,0,0,0,0,0,0,0,0,0,0,1,0,0,0
sms_spam_02131,4341,train,ham,0,0,0,0,0,0,0,0,0,0,0,0,0,0,0,0,1,0,1,1
sms_spam_02132,321,train,ham,0,0,0,0,0,0,0,0,0,0,0,0,0,0,0,0,1,1,1,1
sms_spam_02134,2208,train,spam,1,1,0,1,1,0,0,1,1,0,0,1,0,1,0,1,0,0,0,0
sms_spam_02133,561,train,ham,0,0,0,0,0,0,0,0,0,0,0,0,0,0,0,0,1,0,1,1
sms_spam_02135,1024,train,ham,0,0,0,0,0,0,0,0,0,0,0,0,0,0,0,0,1,0,1,1
sms_spam_02136,1602,train,ham,0,0,0,0,0,0,0,0,0,0,0,0,0,0,0,0,1,0,1,1
sms_spam_02137,77,train,ham,0,0,0,0,0,0,0,0,0,0,0,0,0,0,0,0,1,0,1,0
sms_spam_02138,3031,train,ham,0,0,0,0,0,0,0,0,0,0,0,0,0,0,0,0,1,1,1,1
sms_spam_02139,1862,test,ham,0,0,0,0,0,0,0,0,0,0,0,0,0,0,0,0,1,1,1,1
sms_spam_02141,3208,train,ham,0,0,0,0,0,0,0,0,0,0,0,0,0,1,0,1,1,1,1,1
sms_spam_02140,3486,train,ham,0,0,0,0,0,0,0,0,0,0,0,0,0,0,0,0,1,0,0,0
sms_spam_02142,2767,train,ham,0,0,0,0,0,0,0,0,0,0,0,1,0,0,0,0,1,0,1,0
sms_spam_02143,4044,train,ham,0,0,0,0,0,0,0,0,0,0,0,0,0,0,0,0,1,0,0,1
sms_spam_02144,5042,train,ham,0,0,0,0,0,0,0,0,0,0,0,0,0,0,0,0,1,1,1,1
sms_spam_02145,309,test,ham,0,0,0,0,0,0,0,0,0,0,0,0,0,0,0,0,1,0,1,1
sms_spam_02146,4649,train,ham,0,0,0,1,1,0,1,1,1,0,0,1,0,0,0,0,0,0,1,0
sms_spam_02147,1005,train,ham,0,0,0,0,0,0,0,0,0,0,0,0,0,0,0,0,1,0,1,0
sms_spam_02148,66,train,ham,0,0,0,0,0,0,0,0,0,0,0,0,0,1,0,1,0,0,1,0
sms_spam_02149,2774,train,ham,0,0,0,0,0,0,0,0,0,0,0,0,0,0,0,0,1,0,1,1
sms_spam_02150,5444,train,ham,0,0,0,0,0,0,0,0,0,0,0,0,0,0,0,0,1,0,1,1
sms_spam_02151,1273,train,spam,0,0,1,1,0,1,0,0,0,0,0,0,1,0,0,0,0,0,0,0
sms_spam_02152,1336,train,ham,0,0,0,0,0,0,0,0,0,0,0,0,0,0,0,0,1,1,1,1
sms_spam_02153,449,train,ham,0,0,0,0,0,0,0,0,0,0,0,0,0,0,0,0,1,0,1,1
sms_spam_02154,3263,test,ham,0,0,0,0,0,0,0,0,0,0,0,0,0,1,0,0,1,0,1,1
sms_spam_02155,4434,train,spam,0,0,0,1,1,0,0,1,0,0,0,1,0,1,0,0,0,0,1,0
sms_spam_02156,3307,test,ham,0,0,0,0,0,0,0,0,0,0,0,0,0,0,0,0,1,0,1,1
sms_spam_02157,3326,train,ham,0,0,0,0,0,0,0,0,0,0,0,0,0,0,0,0,1,0,1,1
sms_spam_02159,459,train,ham,0,0,0,0,0,0,0,0,0,0,0,0,0,0,0,0,1,0,1,0
sms_spam_02158,3493,train,spam,0,0,0,1,0,0,0,0,1,0,0,0,0,1,0,1,0,0,0,0
sms_spam_02160,1997,train,ham,0,0,0,0,0,0,0,0,0,0,0,1,0,0,0,0,0,0,1,0
sms_spam_02161,1756,train,ham,0,0,0,0,0,0,0,0,0,0,0,0,0,0,0,0,1,0,1,1
sms_spam_02163,5409,train,ham,0,0,0,0,0,0,0,0,0,0,0,0,0,0,0,0,1,0,1,0
sms_spam_02162,4193,train,ham,0,0,0,0,0,0,0,0,0,0,0,0,0,0,0,0,1,0,0,0
sms_spam_02165,163,train,spam,0,0,0,1,0,0,0,0,0,0,0,1,1,1,0,1,0,0,0,0
sms_spam_02164,4848,train,ham,0,0,0,0,0,0,0,0,0,0,0,0,0,0,0,0,1,0,1,1
sms_spam_02166,5307,train,ham,0,0,0,0,0,0,0,0,0,0,0,0,0,0,0,0,1,0,0,0
sms_spam_02167,3903,train,spam,1,1,1,1,0,0,0,1,1,1,1,0,0,1,0,1,0,0,0,0
sms_spam_02168,4361,train,ham,0,0,0,0,0,0,0,0,0,0,0,0,0,0,0,0,1,1,1,1
sms_spam_02169,1512,train,ham,0,0,0,0,0,0,0,0,0,0,0,0,0,0,0,0,1,0,1,1
sms_spam_02170,1623,train,ham,0,0,0,0,0,0,0,0,0,0,0,0,0,0,0,0,1,0,1,1
sms_spam_02171,676,train,ham,0,0,0,0,0,0,0,0,0,0,0,0,0,0,0,0,1,1,1,1
sms_spam_02172,3835,train,ham,0,0,0,0,0,0,0,0,0,0,0,0,0,0,0,0,1,1,1,1
sms_spam_02173,3567,train,ham,0,0,0,0,1,0,0,1,0,0,0,0,1,0,0,0,0,0,0,0
sms_spam_02175,3346,test,ham,0,0,0,0,0,0,0,0,0,0,0,0,0,1,0,0,1,0,1,1
sms_spam_02174,3874,train,ham,0,0,0,0,0,0,0,0,0,0,0,0,0,0,0,0,1,0,1,1
sms_spam_02176,57,train,ham,0,0,0,0,0,0,0,0,0,0,0,0,0,0,0,0,1,1,1,1
sms_spam_02177,2662,train,spam,0,0,0,0,0,0,0,0,0,0,0,0,0,0,1,0,1,0,1,0
sms_spam_02178,1508,train,ham,0,0,0,0,0,0,0,0,0,0,0,0,0,0,0,0,1,0,1,1
sms_spam_02179,591,train,spam,1,1,0,1,1,0,0,1,1,1,0,1,0,1,0,1,0,0,0,0
sms_spam_02180,3556,train,ham,0,0,0,0,0,0,0,0,0,0,0,0,0,0,0,0,1,1,1,1
sms_spam_02181,5170,train,ham,0,0,0,0,0,0,0,0,0,0,0,0,0,1,0,1,1,1,1,0
sms_spam_02182,4302,train,ham,0,0,0,0,0,0,0,0,0,0,0,0,0,0,0,0,1,0,1,1
sms_spam_02183,5383,train,ham,0,0,0,0,0,0,0,0,0,0,0,0,0,0,0,0,1,0,1,1
sms_spam_02184,1399,train,ham,0,0,1,0,0,0,0,0,1,0,0,0,1,0,1,1,0,0,0,0
sms_spam_02185,214,train,ham,0,0,0,0,0,0,0,0,0,0,0,0,0,0,0,0,1,0,1,1
sms_spam_02186,543,train,ham,0,0,0,0,0,0,0,0,0,0,0,0,0,0,0,0,1,1,1,1
sms_spam_02187,4635,test,ham,0,0,0,0,0,0,0,0,0,0,0,0,0,0,0,0,1,0,1,0
sms_spam_02188,1638,test,ham,0,0,0,0,0,0,0,0,0,0,0,0,0,0,0,0,1,0,1,0
sms_spam_02189,4143,train,ham,0,0,0,0,0,0,0,0,0,0,0,0,0,0,0,0,1,1,1,1
sms_spam_02190,5143,train,ham,0,0,0,0,0,0,0,0,0,0,0,0,0,0,0,0,1,1,1,1
sms_spam_02191,199,train,ham,0,0,0,0,0,0,0,0,0,0,0,0,0,1,0,0,1,0,1,1
sms_spam_02192,2306,train,ham,0,0,0,0,0,0,0,0,0,0,0,0,0,0,0,0,1,0,1,1
sms_spam_02193,4415,test,ham,0,0,0,0,0,0,0,0,0,0,0,0,0,0,0,0,1,1,1,1
sms_spam_02194,1950,train,ham,0,0,0,0,0,0,0,0,0,0,0,0,0,0,0,0,1,0,1,1
sms_spam_02195,1905,train,ham,0,0,0,0,0,0,0,0,0,0,0,0,0,0,0,0,1,1,1,1
sms_spam_02196,2244,train,ham,0,0,0,0,0,0,0,0,0,0,0,0,0,0,0,0,1,0,0,0
sms_spam_02197,844,train,ham,0,0,0,0,0,0,0,0,0,0,0,0,0,0,0,0,1,1,1,1
sms_spam_02198,2414,train,ham,0,0,0,0,0,0,0,0,0,0,0,0,0,0,0,0,1,0,1,1
sms_spam_02199,1097,train,ham,0,0,0,0,0,0,0,0,0,0,0,0,0,0,1,0,1,0,1,1
sms_spam_02200,5223,train,ham,0,0,0,0,0,0,0,0,0,0,0,0,0,0,0,0,1,0,1,0
sms_spam_02201,320,train,ham,0,0,0,0,0,0,0,0,0,0,0,0,0,0,0,0,1,0,1,1
sms_spam_02202,5562,train,ham,0,0,0,0,0,0,0,0,0,0,0,0,0,0,0,0,1,0,1,1
sms_spam_02203,2708,train,ham,0,0,0,0,0,0,0,0,0,0,0,0,0,0,0,0,1,0,1,1
sms_spam_02204,241,test,ham,0,0,0,0,0,0,0,0,0,0,0,1,0,0,0,0,1,0,1,1
sms_spam_02205,3635,train,ham,0,0,0,0,0,0,0,0,0,0,0,1,0,0,0,0,1,0,1,1
sms_spam_02206,4521,train,ham,0,0,0,0,0,0,0,0,0,0,0,0,0,0,0,0,1,1,1,0
sms_spam_02207,1367,train,ham,0,0,0,0,0,0,0,0,0,0,0,0,0,0,0,0,1,0,1,1
sms_spam_02208,4456,train,ham,0,0,0,0,0,0,0,0,0,0,0,0,0,0,0,0,1,1,1,1
sms_spam_02209,4999,test,ham,0,0,0,0,0,0,0,0,0,0,0,0,0,0,0,0,1,0,1,1
sms_spam_02210,4488,test,ham,0,0,0,0,0,0,0,0,0,0,0,0,0,0,0,0,1,0,1,0
sms_spam_02211,5219,train,ham,0,0,0,0,0,0,0,0,0,0,0,0,0,0,0,0,1,0,1,1
sms_spam_02212,2982,test,ham,0,0,0,0,0,0,0,0,0,0,0,0,0,0,0,0,1,0,1,0
sms_spam_02213,4147,train,spam,0,0,1,1,0,1,0,0,1,1,0,0,0,1,0,1,0,0,0,0
sms_spam_02214,2844,test,ham,0,0,0,0,0,0,0,0,0,0,0,0,0,0,0,0,1,1,1,1
sms_spam_02215,3895,test,spam,1,1,0,1,1,0,0,1,1,0,0,1,0,1,1,1,0,0,0,0
sms_spam_02217,5134,train,ham,0,0,0,0,0,0,0,0,0,0,0,0,0,0,0,0,1,1,1,1
sms_spam_02216,860,train,ham,0,0,0,0,0,0,0,0,0,0,0,0,0,0,0,0,1,0,1,0
sms_spam_02218,5436,train,ham,0,0,0,0,0,0,0,0,0,0,0,0,0,0,0,0,1,0,1,0
sms_spam_02219,3713,train,ham,0,0,0,0,1,0,0,1,0,0,0,0,0,0,0,0,1,0,1,1
sms_spam_02220,777,train,ham,0,0,0,0,0,0,0,0,0,0,0,0,0,0,0,0,1,1,1,1
sms_spam_02221,2810,train,ham,0,0,0,0,0,0,0,0,0,0,0,0,0,0,0,0,1,0,1,0
sms_spam_02222,978,train,ham,0,0,0,0,1,0,0,1,0,0,0,0,0,0,0,0,0,0,0,0
sms_spam_02223,2585,train,ham,0,0,0,0,0,0,0,0,0,0,0,0,0,0,0,0,1,0,0,0
sms_spam_02224,3527,train,spam,1,1,0,1,1,0,0,1,1,1,0,1,0,1,0,1,0,0,0,0
sms_spam_02225,4474,train,ham,0,0,0,0,0,0,0,0,0,0,0,1,0,0,0,0,1,1,1,0
sms_spam_02226,299,train,ham,0,0,0,0,0,0,0,0,0,0,0,0,0,0,0,0,1,1,1,1
sms_spam_02227,3385,train,ham,0,0,0,0,0,0,0,0,0,0,0,0,0,0,0,0,1,1,1,1
sms_spam_02228,4404,train,ham,0,0,0,0,0,0,0,0,0,0,0,0,0,0,0,0,1,0,1,0
sms_spam_02229,3405,train,ham,0,0,0,0,0,0,0,1,0,0,0,1,0,0,0,0,1,0,1,0
sms_spam_02230,2824,train,spam,1,1,0,1,1,0,1,1,1,0,0,1,0,1,0,1,0,0,0,0
sms_spam_02231,4471,train,spam,0,0,0,0,0,0,0,0,0,0,0,0,0,0,0,0,0,0,0,0
sms_spam_02232,3968,train,ham,0,0,0,0,0,0,0,0,0,0,0,0,0,0,0,0,1,1,1,1
sms_spam_02233,4685,train,ham,0,0,0,0,0,0,0,0,0,0,0,0,0,0,0,0,1,0,1,1
sms_spam_02235,900,train,ham,0,0,0,0,1,0,0,1,0,0,0,0,0,0,0,0,1,0,1,1
sms_spam_02234,5116,test,ham,0,0,0,0,0,0,0,0,0,0,0,1,0,0,0,0,1,0,1,1
sms_spam_02237,4615,test,ham,0,0,0,0,0,0,0,0,0,0,0,0,0,0,0,0,1,1,1,1
sms_spam_02236,3389,test,spam,0,0,0,0,0,0,0,0,1,0,0,0,0,1,0,1,0,0,0,0
sms_spam_02238,444,train,ham,0,0,0,0,0,0,0,0,0,0,0,1,0,0,0,0,1,0,1,0
sms_spam_02239,4898,test,ham,0,0,0,0,0,0,0,0,0,0,0,0,0,0,0,0,1,1,1,1
sms_spam_02240,1277,train,ham,0,0,0,0,0,0,0,0,0,0,0,0,0,0,0,1,1,0,1,0
sms_spam_02241,1403,train,ham,0,0,0,0,0,0,0,0,0,0,0,0,0,0,0,0,1,1,1,1
sms_spam_02243,4897,train,ham,0,0,0,0,0,0,0,0,0,0,0,0,0,0,0,0,1,1,1,1
sms_spam_02244,953,train,ham,0,0,0,0,0,0,0,0,0,0,0,0,0,0,0,0,1,0,1,1
sms_spam_02242,4878,train,ham,0,0,0,0,0,0,0,0,0,0,0,0,0,0,0,0,1,0,1,1
sms_spam_02245,5125,train,ham,0,0,0,0,0,0,0,0,0,0,0,0,0,0,0,0,1,1,1,1
sms_spam_02246,2657,train,ham,0,0,0,0,0,0,0,0,0,0,0,0,0,0,0,0,1,0,1,0
sms_spam_02247,948,train,ham,0,0,0,0,0,0,0,0,0,0,0,0,0,0,0,0,1,0,1,0
sms_spam_02249,45,test,ham,0,0,0,0,0,0,0,0,0,0,0,0,0,0,0,0,1,0,0,0
sms_spam_02250,2427,train,ham,0,0,0,0,0,0,0,0,0,0,0,0,0,0,0,0,1,0,1,0
sms_spam_02248,525,train,ham,0,0,0,0,0,0,0,0,0,0,0,0,0,0,0,0,1,1,1,0
sms_spam_02251,2374,train,ham,0,0,0,0,0,0,0,0,0,0,0,0,0,0,0,0,1,0,1,1
sms_spam_02252,4925,train,ham,0,0,0,0,0,0,0,0,0,0,0,0,0,0,0,0,1,0,1,1
sms_spam_02253,2737,train,ham,0,0,0,0,0,0,0,0,0,0,0,0,0,1,0,1,1,0,1,0
sms_spam_02254,1308,train,ham,0,0,0,0,0,0,0,0,0,0,0,0,0,0,0,0,1,0,1,1
sms_spam_02255,5541,train,ham,0,0,0,0,0,0,0,0,0,0,0,0,0,0,0,0,1,0,1,1
sms_spam_02256,1143,train,ham,0,0,0,0,0,0,0,0,0,0,0,0,0,0,0,0,1,1,1,1
sms_spam_02257,3700,train,ham,0,0,0,0,0,0,0,0,0,0,0,0,0,0,0,0,1,0,1,1
sms_spam_02258,4053,train,ham,0,0,0,0,0,0,0,0,0,0,0,0,0,0,0,0,1,1,1,1
sms_spam_02259,1565,train,ham,0,0,0,0,1,0,1,1,0,0,0,0,0,0,0,0,1,0,1,1
sms_spam_02260,2558,train,ham,0,0,0,0,0,0,0,0,0,0,0,0,0,0,0,0,1,1,1,0
sms_spam_02261,5347,train,ham,0,0,0,0,0,0,0,0,0,0,0,0,0,0,0,0,1,1,1,1
sms_spam_02262,1020,train,ham,0,0,0,0,0,0,0,0,0,0,0,0,0,0,0,0,1,0,1,1
sms_spam_02264,4057,train,ham,0,0,0,0,0,0,0,0,0,0,0,0,0,0,0,0,1,1,1,1
sms_spam_02263,5358,test,ham,0,0,0,0,0,0,0,0,0,0,0,0,0,0,0,0,1,1,1,1
sms_spam_02265,2683,test,ham,0,0,0,0,0,0,0,0,0,0,0,0,0,0,0,0,1,0,1,0
sms_spam_02267,1195,train,spam,0,0,0,0,0,0,0,0,0,0,0,0,0,1,0,0,0,0,0,0
sms_spam_02266,3965,train,ham,0,0,0,0,0,0,0,0,0,0,0,0,0,0,0,0,1,0,1,0
sms_spam_02269,4162,train,ham,0,0,0,0,0,0,0,0,0,0,0,0,0,0,0,0,1,1,1,1
sms_spam_02268,1368,train,ham,0,0,0,0,0,0,0,0,0,0,0,0,0,0,0,0,1,0,1,1
sms_spam_02270,4422,test,ham,0,0,0,0,0,0,0,0,0,0,0,0,0,0,0,0,1,0,1,1
sms_spam_02271,1666,train,ham,0,0,0,0,0,0,0,0,0,0,0,0,0,0,0,0,1,0,1,1
sms_spam_02272,696,train,ham,0,0,0,0,0,0,0,0,0,0,0,0,0,0,0,0,1,1,1,1
sms_spam_02274,1599,train,ham,0,0,0,0,0,0,0,0,0,0,0,0,0,0,0,0,1,1,1,1
sms_spam_02273,3155,test,ham,0,0,0,0,0,0,0,0,0,0,0,0,0,0,0,0,1,0,1,1
sms_spam_02275,3145,train,ham,0,0,0,0,0,0,0,0,0,0,0,0,0,0,0,0,1,0,1,1
sms_spam_02277,751,train,spam,0,0,1,0,0,0,0,0,0,0,0,0,0,0,0,0,0,0,0,0
sms_spam_02276,1924,train,ham,0,0,0,0,0,0,0,0,0,0,0,0,0,0,0,0,1,0,0,0
sms_spam_02278,5234,test,ham,0,0,0,0,0,0,0,0,0,0,0,0,0,0,0,0,1,0,1,1
sms_spam_02279,3650,train,ham,0,0,0,0,0,0,0,0,0,0,0,0,0,0,0,0,1,0,1,0
sms_spam_02280,19,train,spam,0,0,0,1,1,0,0,1,0,0,0,0,0,1,0,1,0,0,0,0
sms_spam_02283,2370,train,ham,0,0,0,0,0,0,0,0,0,0,0,0,0,0,0,0,1,0,1,1
sms_spam_02281,4842,train,ham,0,0,0,0,0,0,0,0,0,0,0,0,0,0,0,0,1,0,0,0
sms_spam_02282,2190,train,ham,0,0,0,0,0,0,0,0,0,0,0,0,0,0,0,0,1,1,1,1
sms_spam_02284,1524,train,ham,0,0,0,0,0,0,0,0,0,0,0,0,0,0,0,0,1,0,1,0
sms_spam_02285,4100,train,spam,0,0,0,1,1,0,0,1,0,0,0,0,0,1,0,1,0,0,1,0
sms_spam_02287,225,train,ham,0,0,0,0,0,0,0,0,0,0,0,0,0,1,0,0,1,0,1,0
sms_spam_02286,1054,train,ham,0,0,0,0,0,0,0,0,0,0,0,0,0,0,0,0,1,1,1,1
sms_spam_02288,1910,train,ham,0,0,0,0,0,0,0,0,0,0,0,0,0,0,0,0,1,0,1,1
sms_spam_02289,4837,train,ham,0,0,0,0,0,0,0,0,0,0,0,0,0,0,0,0,1,1,1,1
sms_spam_02290,2945,train,ham,0,0,0,0,0,0,0,0,0,0,0,1,0,0,0,0,1,0,1,1
sms_spam_02294,4972,train,ham,0,0,0,0,0,0,0,0,0,0,0,0,0,0,0,0,1,0,1,1
sms_spam_02291,3464,train,ham,0,0,0,0,0,0,0,0,0,0,0,0,0,0,0,0,1,0,1,1
sms_spam_02292,719,train,ham,0,0,0,0,0,0,0,0,0,0,0,1,0,1,0,0,1,1,1,0
sms_spam_02293,3082,train,ham,0,0,0,0,0,0,0,0,0,0,0,0,0,0,0,0,1,0,1,1
sms_spam_02295,4080,train,ham,0,0,0,0,0,0,0,0,0,0,0,1,0,0,0,0,1,0,1,1
sms_spam_02296,2013,train,spam,1,1,0,1,1,0,0,1,1,0,0,1,0,1,0,1,0,0,0,0
sms_spam_02297,1785,train,ham,0,0,0,0,0,0,0,0,0,0,0,0,0,0,0,0,1,0,1,1
sms_spam_02299,4930,train,ham,0,0,0,0,0,0,0,0,0,0,0,0,0,0,0,0,1,0,1,0
sms_spam_02298,2992,train,ham,0,0,0,0,0,0,0,0,0,0,0,0,0,0,0,0,1,0,1,0
sms_spam_02300,4153,train,ham,0,0,0,0,0,0,0,0,0,0,0,0,0,0,0,0,1,1,1,1
sms_spam_02301,4284,test,ham,0,0,0,0,0,0,0,0,0,0,0,0,0,0,0,0,1,0,1,1
sms_spam_02302,809,train,ham,0,0,0,0,0,0,0,0,0,0,0,0,0,0,0,0,1,0,1,0
sms_spam_02303,3794,train,ham,0,0,0,0,0,0,0,0,0,0,0,0,0,0,0,0,1,0,1,1
sms_spam_02304,5118,train,ham,0,0,0,0,0,0,0,0,0,0,0,0,0,0,0,0,1,0,1,0
sms_spam_02305,813,train,ham,0,0,0,0,0,0,0,0,0,0,0,0,0,0,0,0,1,0,1,0
sms_spam_02306,3219,train,ham,0,0,0,0,0,0,0,0,0,0,0,0,0,0,0,0,1,0,1,1
sms_spam_02307,3613,train,ham,0,0,0,0,0,0,0,0,0,0,0,0,0,0,0,0,1,0,1,1
sms_spam_02308,683,train,spam,0,0,0,1,1,0,0,1,0,0,0,0,0,1,0,1,0,0,1,0
sms_spam_02309,3220,train,spam,0,0,1,0,1,0,0,1,0,0,0,0,0,1,0,0,0,0,0,0
sms_spam_02310,1144,test,ham,0,0,0,0,0,0,0,0,0,0,0,0,0,0,0,0,1,0,1,1
sms_spam_02312,4761,train,ham,0,0,0,0,0,0,0,0,0,0,0,0,0,0,0,0,1,0,1,1
sms_spam_02311,1377,train,spam,0,0,0,1,0,0,1,1,0,0,0,0,0,1,0,0,0,0,0,0
sms_spam_02313,3491,test,ham,0,0,0,0,0,0,0,0,0,0,0,0,0,0,0,0,1,0,1,0
sms_spam_02314,5100,train,ham,0,0,0,0,0,0,0,0,0,0,0,0,0,1,0,1,1,0,1,1
sms_spam_02315,4772,train,ham,0,0,0,0,0,0,0,0,0,0,0,0,0,0,0,0,1,1,1,1
sms_spam_02316,3616,train,ham,0,0,0,0,0,0,0,0,0,0,0,0,0,0,0,0,1,0,1,1
sms_spam_02318,3283,train,ham,0,0,0,0,0,0,0,0,0,0,0,0,0,1,0,1,1,0,1,1
sms_spam_02317,515,train,ham,1,0,0,0,0,0,0,0,0,0,0,0,0,0,0,0,1,0,1,1
sms_spam_02319,1074,train,ham,0,0,0,0,0,0,0,0,0,0,0,0,0,0,0,0,1,0,1,1
sms_spam_02321,5249,train,ham,0,0,0,0,0,0,0,0,0,0,0,0,0,0,0,0,1,1,1,1
sms_spam_02320,594,train,ham,0,0,0,0,0,0,0,0,0,0,0,1,0,0,0,0,1,1,1,0
sms_spam_02322,1697,train,ham,0,0,0,0,0,0,0,0,0,0,0,0,0,0,0,0,1,0,1,1
sms_spam_02323,4245,train,ham,0,0,0,0,0,0,0,0,0,0,0,0,0,0,0,0,1,0,1,0
sms_spam_02324,2139,train,ham,0,0,0,0,0,0,0,0,0,0,0,0,0,0,0,0,1,0,1,1
sms_spam_02325,3618,test,spam,0,0,0,1,1,0,0,1,0,0,0,0,0,1,0,1,0,0,0,0
sms_spam_02326,1022,train,ham,0,0,0,0,0,0,0,0,0,0,0,0,0,0,0,0,1,1,1,1
sms_spam_02328,2393,train,ham,0,0,0,0,0,0,0,0,0,0,0,0,0,0,0,0,1,1,1,1
sms_spam_02327,4861,train,spam,0,0,1,1,1,1,0,1,0,0,0,1,0,1,0,1,0,0,0,0
sms_spam_02329,3313,train,ham,0,0,0,0,0,0,0,0,0,0,0,0,0,0,0,0,1,0,1,1
sms_spam_02330,584,train,ham,0,0,0,0,0,0,0,0,0,0,0,0,0,0,0,0,1,1,1,1
sms_spam_02331,2283,train,ham,0,0,0,0,0,0,0,0,0,0,0,0,0,0,0,0,1,0,1,1
sms_spam_02333,1064,train,ham,0,0,0,0,0,0,0,0,0,0,0,0,0,0,0,0,1,0,1,1
sms_spam_02332,2765,train,ham,0,0,0,0,0,0,0,0,0,0,0,0,0,0,0,0,1,1,0,1
sms_spam_02334,2408,train,ham,0,0,0,0,0,0,0,0,0,0,0,0,0,0,0,0,1,1,1,1
sms_spam_02335,5114,train,ham,0,0,0,0,0,0,0,0,0,0,0,0,0,0,0,0,1,0,1,0
sms_spam_02336,3415,train,ham,0,0,0,0,0,0,0,0,0,0,0,0,0,0,0,0,1,0,1,1
sms_spam_02337,4533,test,ham,0,0,0,0,1,0,0,1,0,0,0,1,0,0,0,0,1,0,1,0
sms_spam_02338,4622,train,ham,0,0,0,0,0,0,0,0,0,0,0,0,0,0,0,0,1,0,1,1
sms_spam_02339,1871,train,ham,0,0,0,0,0,0,0,0,0,0,0,0,0,0,0,0,1,0,1,1
sms_spam_02340,224,train,spam,1,0,0,1,1,0,0,1,1,0,0,1,1,1,0,1,0,0,0,0
sms_spam_02341,2914,test,ham,0,0,0,0,0,0,0,0,0,0,0,0,0,0,0,0,1,0,1,1
sms_spam_02342,414,train,spam,0,0,0,1,1,0,0,0,0,0,0,0,0,1,0,0,0,0,0,0
sms_spam_02343,5174,train,ham,0,0,0,0,0,0,0,0,0,0,0,0,0,0,0,0,0,0,0,0
sms_spam_02344,5328,train,ham,0,0,0,0,0,0,0,0,0,0,0,0,0,0,0,0,1,0,1,0
sms_spam_02345,2017,test,ham,0,0,0,0,0,0,0,0,0,0,0,0,0,0,0,0,1,1,1,1
sms_spam_02346,1111,train,ham,0,0,0,0,0,0,0,0,0,0,0,0,0,0,0,0,1,1,1,1
sms_spam_02347,3783,test,ham,0,0,0,0,0,0,0,0,0,0,0,0,0,0,0,0,1,0,0,0
sms_spam_02348,1223,test,ham,0,0,0,1,0,0,0,0,0,0,0,0,0,0,0,0,0,0,1,0
sms_spam_02349,2497,train,ham,0,0,0,0,0,0,0,0,0,0,0,0,0,0,0,0,1,0,1,1
sms_spam_02351,1152,train,ham,0,0,0,0,0,0,0,0,0,0,0,0,0,0,0,0,1,0,1,1
sms_spam_02350,1081,train,ham,0,0,0,0,0,0,0,0,0,0,0,0,0,0,0,0,1,0,1,0
sms_spam_02352,1622,train,spam,0,0,0,1,0,0,0,0,0,0,0,0,0,1,0,0,0,0,1,0
sms_spam_02354,358,train,ham,0,0,0,0,0,0,0,0,0,0,0,0,0,0,0,0,1,0,1,0
sms_spam_02353,3631,train,ham,0,0,0,0,0,0,0,0,0,0,0,0,0,0,0,0,1,0,1,1
sms_spam_02355,1955,train,ham,0,0,0,0,0,0,0,0,0,0,0,0,0,1,0,0,1,1,1,1
sms_spam_02357,3344,train,ham,0,0,0,0,0,0,0,0,0,0,0,0,0,0,0,0,1,0,0,0
sms_spam_02356,1386,test,ham,0,0,0,0,0,0,0,0,0,0,0,0,0,0,0,0,1,0,1,0
sms_spam_02358,3312,train,ham,0,0,0,0,0,0,0,0,0,0,0,0,0,0,0,0,1,0,1,1
sms_spam_02359,4278,train,spam,1,1,1,1,0,0,0,0,1,0,0,1,1,0,0,1,0,0,0,0
sms_spam_02360,150,train,ham,0,0,0,0,0,0,0,0,0,0,0,0,0,0,0,0,1,0,1,0
sms_spam_02361,2598,test,ham,0,0,0,0,0,0,0,0,0,0,0,0,0,0,0,0,1,0,1,1
sms_spam_02362,4085,train,ham,0,0,0,0,0,0,0,0,0,0,0,0,0,0,0,0,1,1,1,1
sms_spam_02363,4135,train,ham,0,0,0,0,0,0,0,0,0,0,0,0,0,0,0,0,1,0,1,0
sms_spam_02364,1898,train,ham,0,0,0,0,0,0,0,0,0,0,0,0,0,0,0,0,1,0,1,0
sms_spam_02365,744,train,ham,0,0,0,0,0,0,0,0,0,0,0,0,0,0,0,0,1,0,1,0
sms_spam_02366,4883,train,ham,0,0,0,0,0,0,0,0,0,0,0,0,0,0,0,0,0,0,0,0
sms_spam_02367,1420,train,ham,0,0,0,0,0,0,0,0,0,0,0,0,0,0,0,0,1,1,0,1
sms_spam_02368,5096,train,ham,0,0,0,0,1,0,0,1,0,0,0,0,0,0,0,0,1,0,1,0
sms_spam_02369,3320,train,ham,0,0,0,0,0,0,0,0,0,0,0,0,0,0,0,0,1,1,1,1
sms_spam_02370,4049,train,ham,0,0,0,0,0,0,0,0,0,0,0,0,0,0,0,0,1,0,1,1
sms_spam_02371,184,test,ham,0,0,0,0,0,0,0,0,0,0,0,0,0,0,0,0,1,0,1,0
sms_spam_02373,2361,train,ham,0,0,0,0,0,0,0,0,0,0,0,0,0,1,0,0,1,0,1,1
sms_spam_02372,144,train,ham,0,0,0,0,0,0,0,0,0,0,0,0,0,0,0,0,1,1,1,1
sms_spam_02374,1949,train,ham,0,0,0,0,0,0,0,0,0,0,0,0,0,0,0,0,1,0,1,1
sms_spam_02375,1767,train,ham,0,0,0,0,0,0,0,0,0,0,0,0,0,0,0,0,1,1,1,1
sms_spam_02376,4688,test,ham,0,0,0,0,0,0,0,0,0,0,0,0,0,0,0,0,1,1,1,1
sms_spam_02377,1885,train,ham,0,0,0,0,0,0,0,0,0,0,0,0,0,0,0,0,1,0,1,0
sms_spam_02378,533,train,ham,0,0,0,0,0,0,0,0,0,0,0,0,0,0,0,0,1,1,1,1
sms_spam_02379,2164,train,ham,0,0,0,0,0,0,0,0,0,0,0,0,0,0,0,0,1,0,1,1
sms_spam_02381,1000,train,ham,0,0,0,0,0,0,0,0,0,0,0,0,0,0,0,0,1,0,1,1
sms_spam_02380,5454,train,ham,0,0,0,0,0,0,0,0,0,0,0,0,0,0,0,0,1,0,1,0
sms_spam_02383,2309,train,ham,0,0,0,0,0,0,0,0,0,0,0,0,0,0,0,0,1,0,1,1
sms_spam_02382,1585,test,ham,0,0,0,0,1,0,0,1,0,0,0,0,0,1,0,0,1,1,1,1
sms_spam_02384,4450,test,ham,0,0,0,0,0,0,0,0,0,0,0,0,0,0,0,0,1,0,1,1
sms_spam_02385,5050,train,ham,0,0,0,0,0,0,0,0,0,0,0,0,0,0,0,0,1,1,1,1
sms_spam_02386,4623,train,ham,0,0,0,0,0,0,0,0,0,0,0,0,0,0,0,0,1,0,1,1
sms_spam_02387,1502,test,ham,0,0,0,0,0,0,0,0,0,0,0,0,0,0,0,0,1,1,1,1
sms_spam_02388,1034,train,ham,0,0,0,0,0,0,0,0,0,0,0,1,0,0,0,0,1,1,1,1
sms_spam_02389,1581,train,ham,0,0,0,0,0,0,0,0,0,0,0,0,0,0,0,0,1,1,1,1
sms_spam_02390,3352,test,ham,0,0,0,0,0,0,0,0,0,0,0,0,0,0,0,0,1,0,1,1
sms_spam_02391,411,train,ham,0,0,0,0,0,0,0,0,0,0,0,0,0,0,0,0,1,0,1,1
sms_spam_02392,4990,test,ham,0,0,0,0,0,0,0,0,0,0,0,1,0,0,0,0,1,1,1,1
sms_spam_02393,1810,train,ham,0,0,0,0,0,0,0,0,0,0,0,0,0,1,1,0,1,0,1,1
sms_spam_02394,4276,train,ham,0,0,0,0,0,0,0,0,0,0,0,0,0,0,0,0,1,0,1,0
sms_spam_02395,2995,train,ham,0,0,0,1,0,0,0,0,0,0,0,0,0,0,0,0,0,0,1,0
sms_spam_02396,4149,train,ham,0,0,0,0,0,0,0,0,0,0,0,0,0,0,0,0,1,1,1,1
sms_spam_02398,5298,train,ham,0,0,0,0,0,0,0,0,0,0,0,0,0,0,0,0,1,1,1,1
sms_spam_02397,366,train,spam,0,0,0,1,0,1,0,0,0,0,0,0,0,1,0,0,0,0,0,0
sms_spam_02399,1674,train,ham,0,0,0,0,0,0,0,0,0,0,0,0,0,0,0,0,1,0,1,1
sms_spam_02400,1096,test,spam,1,0,0,1,0,1,0,0,0,0,0,0,0,1,0,1,0,0,0,0
sms_spam_02401,4902,train,ham,0,0,0,0,0,0,0,0,0,0,0,0,0,0,0,0,1,1,1,1
sms_spam_02402,4510,train,ham,0,0,0,0,0,0,0,0,0,0,0,0,0,0,0,0,1,0,1,1
sms_spam_02403,4014,train,spam,0,0,0,0,0,0,0,0,0,0,0,0,0,0,0,0,0,0,0,0
sms_spam_02404,2922,test,ham,0,0,0,0,0,0,0,0,0,0,0,0,0,0,0,0,1,0,1,0
sms_spam_02405,4841,train,ham,0,0,0,0,0,0,0,0,0,0,0,0,0,0,0,0,1,0,1,1
sms_spam_02406,5064,train,ham,0,0,0,0,1,0,0,1,0,0,0,0,0,0,0,0,1,1,1,1
sms_spam_02407,4349,train,ham,0,0,0,0,1,0,0,1,0,0,0,0,0,0,0,0,1,0,1,1
sms_spam_02409,5479,train,ham,0,0,0,0,0,0,0,0,0,0,0,0,0,0,0,0,1,0,1,0
sms_spam_02408,1527,train,ham,0,0,0,0,0,0,0,0,0,0,0,0,0,0,0,0,1,0,1,0
sms_spam_02410,2618,test,ham,0,0,0,1,1,0,0,1,0,0,0,1,0,0,0,0,0,0,1,0
sms_spam_02411,1269,train,ham,0,0,0,0,0,0,0,0,0,0,0,0,0,0,0,0,1,1,1,0
sms_spam_02412,4988,train,ham,0,0,0,0,0,0,0,0,0,0,0,1,0,0,0,0,1,0,1,1
sms_spam_02413,4917,train,ham,0,0,0,0,0,0,0,0,0,0,0,0,0,0,0,0,1,1,1,0
sms_spam_02415,3109,train,spam,1,0,0,1,0,0,0,0,0,1,0,1,0,1,0,0,0,0,0,0
sms_spam_02414,2147,train,ham,0,0,0,0,0,0,0,0,0,0,0,0,0,0,0,0,1,1,1,1
sms_spam_02417,661,train,ham,0,0,0,0,0,0,0,0,0,0,0,0,0,0,0,0,1,0,1,1
sms_spam_02416,4064,train,ham,0,0,0,0,0,0,0,0,0,0,0,0,0,0,0,0,1,0,1,1
sms_spam_02418,2953,test,ham,0,0,0,0,0,0,0,0,0,0,0,0,0,0,0,0,1,1,1,1
sms_spam_02419,3231,train,ham,0,0,0,0,0,0,0,0,0,0,0,0,0,0,0,0,1,1,1,1
sms_spam_02421,2714,train,ham,0,0,0,0,0,0,0,0,0,0,0,0,0,0,0,0,1,1,1,1
sms_spam_02420,5438,train,ham,0,0,0,0,0,0,0,0,0,0,0,0,0,0,0,0,1,1,1,0
sms_spam_02422,5525,train,ham,0,0,0,0,0,0,0,0,0,0,0,0,0,0,0,0,1,0,1,1
sms_spam_02423,5466,train,spam,0,0,0,1,0,0,0,0,0,0,0,0,1,0,0,0,0,0,0,0
sms_spam_02424,2041,train,ham,0,0,0,0,0,0,0,0,0,0,0,0,0,0,0,0,1,0,1,0
sms_spam_02425,4706,train,ham,0,0,0,0,0,0,0,0,0,0,0,0,0,0,0,0,1,1,1,0
sms_spam_02426,5495,train,ham,0,0,0,0,0,0,0,0,0,0,0,0,0,0,0,0,1,0,1,0
sms_spam_02427,747,train,spam,0,0,0,1,1,0,0,1,0,0,0,0,0,1,0,0,0,0,0,0
sms_spam_02428,4507,train,ham,0,0,0,0,0,0,0,0,0,0,0,0,0,0,0,0,1,0,1,0
sms_spam_02429,3495,train,ham,0,0,0,0,0,0,0,0,0,0,0,0,0,0,0,0,1,1,1,0
sms_spam_02430,4512,train,spam,1,1,0,0,1,0,0,1,0,0,0,0,0,0,0,0,0,0,0,0
sms_spam_02432,3549,train,ham,0,0,0,0,0,0,0,0,0,0,0,0,0,0,0,0,1,1,1,1
sms_spam_02431,2172,train,ham,0,0,0,0,0,0,0,0,0,0,0,0,0,0,0,0,1,0,1,1
sms_spam_02434,2878,train,ham,0,0,0,0,0,0,0,0,0,0,0,0,0,0,0,0,1,0,1,1
sms_spam_02433,695,train,ham,0,0,0,0,0,0,0,0,0,0,0,0,0,0,0,0,1,0,1,0
sms_spam_02435,5350,train,ham,0,0,0,0,0,0,0,0,0,0,0,0,0,0,0,0,1,0,1,1
sms_spam_02436,2802,train,spam,0,0,0,1,0,0,0,0,0,0,0,1,0,1,0,1,0,0,0,0
sms_spam_02437,982,train,spam,1,1,0,1,0,1,0,0,1,0,0,1,0,1,0,1,0,0,0,0
sms_spam_02438,3114,test,ham,0,0,0,0,0,0,0,0,0,0,0,0,0,0,0,0,1,1,1,0
sms_spam_02440,3192,train,ham,0,0,0,0,0,0,0,0,0,0,0,0,0,0,0,0,1,0,1,0
sms_spam_02439,4644,train,ham,0,0,0,0,0,0,0,0,0,0,0,0,0,0,0,0,1,1,1,0
sms_spam_02441,829,train,ham,0,0,0,0,0,0,0,0,0,0,0,0,0,0,0,0,1,0,1,1
sms_spam_02442,883,train,ham,0,0,0,0,0,0,0,0,0,0,0,0,0,0,0,0,1,1,1,1
sms_spam_02443,2861,train,spam,0,0,0,1,0,0,0,0,0,0,0,0,0,0,0,0,0,0,0,0
sms_spam_02445,5472,train,ham,0,0,0,0,0,0,0,0,0,0,0,0,0,0,0,0,1,1,1,1
sms_spam_02444,3534,train,ham,0,0,0,0,0,0,0,0,0,0,0,0,0,1,0,0,1,0,0,0
sms_spam_02446,2514,test,ham,0,0,0,0,0,0,0,0,0,0,0,0,0,0,0,0,1,0,1,1
sms_spam_02447,1217,train,ham,0,0,0,0,0,0,0,0,0,0,0,0,0,0,0,0,1,1,1,1
sms_spam_02448,5132,train,ham,0,0,0,0,1,0,0,1,0,0,0,0,0,0,0,0,1,0,1,1
sms_spam_02449,3476,train,ham,0,0,0,0,1,0,0,1,0,1,0,0,0,0,0,0,1,1,1,1
sms_spam_02450,1533,train,ham,0,0,0,0,0,0,0,0,0,0,0,0,0,0,0,0,1,0,1,1
sms_spam_02451,1019,test,ham,0,0,0,0,0,0,0,0,0,0,0,0,0,0,0,0,1,0,1,1
sms_spam_02452,5320,train,ham,0,0,0,0,0,0,0,0,0,0,0,0,0,0,0,0,1,0,1,1
sms_spam_02453,1062,train,ham,0,0,0,0,0,0,0,0,0,0,0,0,0,0,0,0,1,1,1,1
sms_spam_02454,457,train,ham,0,0,0,0,0,0,0,0,0,0,0,0,0,0,0,0,1,1,1,1
sms_spam_02455,598,train,ham,0,0,0,0,0,0,0,0,0,0,0,0,0,0,0,0,1,0,1,1
sms_spam_02457,435,train,ham,0,0,0,0,1,0,0,1,0,0,0,0,0,1,0,1,1,0,1,0
sms_spam_02456,4161,train,ham,0,0,0,0,0,0,0,0,0,0,0,0,0,0,0,0,1,1,1,0
sms_spam_02458,186,train,ham,0,0,0,0,0,0,0,0,0,0,0,0,0,0,0,0,1,1,1,1
sms_spam_02459,93,train,spam,1,1,1,1,1,0,0,1,0,0,0,1,0,1,0,1,0,0,0,0
sms_spam_02460,232,train,ham,0,0,0,0,0,0,0,0,0,0,0,0,0,0,0,0,1,0,1,1
sms_spam_02461,2540,train,ham,0,0,0,0,0,0,0,0,0,0,0,0,0,0,0,0,1,0,1,1
sms_spam_02464,1678,train,ham,0,0,0,0,0,0,0,0,0,0,0,0,0,0,0,0,1,0,1,0
sms_spam_02463,3355,test,ham,0,0,0,0,0,0,0,0,0,0,0,0,0,0,0,0,1,1,1,1
sms_spam_02462,2442,train,ham,0,0,0,0,0,0,0,0,0,0,0,0,0,0,0,0,1,0,1,1
sms_spam_02465,4874,train,ham,0,0,0,0,0,0,0,0,0,0,0,0,0,0,0,0,1,1,1,1
sms_spam_02466,4890,train,ham,0,0,0,0,0,0,0,0,0,0,0,0,0,0,0,0,1,0,1,1
sms_spam_02467,394,train,ham,0,0,0,0,0,0,0,0,0,0,0,0,0,0,0,0,1,1,1,1
sms_spam_02469,306,train,ham,0,0,0,0,0,0,0,0,0,0,0,0,0,1,0,0,1,1,1,0
sms_spam_02468,1388,train,ham,0,0,0,0,0,0,0,0,0,0,0,0,0,0,0,0,1,0,1,1
sms_spam_02470,1378,train,ham,0,0,0,0,0,0,0,0,0,0,0,0,0,0,0,0,1,0,1,1
sms_spam_02471,3931,train,ham,0,0,0,0,1,0,0,1,1,0,0,0,0,0,0,1,0,0,1,0
sms_spam_02472,2668,test,spam,0,0,0,1,1,0,0,1,1,0,0,0,0,1,0,1,0,0,1,0
sms_spam_02473,1726,train,ham,0,0,0,0,0,0,0,0,0,0,0,0,0,0,0,0,1,1,1,1
sms_spam_02476,396,train,ham,0,0,0,0,0,0,0,0,0,0,0,0,0,0,0,0,1,1,1,1
sms_spam_02475,4945,train,ham,0,0,0,0,0,0,0,0,0,0,0,0,0,0,0,0,1,0,1,1
sms_spam_02474,3894,train,ham,0,0,0,0,0,0,0,0,0,0,0,0,0,0,0,0,1,0,1,1
sms_spam_02477,4395,train,ham,0,0,0,0,0,0,0,0,0,0,0,0,0,0,0,0,1,0,1,1
sms_spam_02478,2793,test,ham,0,0,0,0,0,0,0,0,0,0,0,0,0,0,0,0,1,1,1,1
sms_spam_02479,732,test,ham,0,0,0,0,1,0,0,1,0,0,0,0,0,0,0,0,1,1,1,1
sms_spam_02480,2944,train,ham,0,0,0,0,1,0,0,1,0,0,0,0,0,1,0,0,1,0,1,1
sms_spam_02481,1506,train,spam,0,0,0,1,0,1,0,0,0,0,0,0,0,1,0,1,0,0,0,0
sms_spam_02482,577,train,ham,0,0,0,0,0,0,0,0,0,0,0,0,0,0,0,0,1,1,1,1
sms_spam_02483,161,train,ham,0,0,0,0,0,0,0,0,0,0,0,0,0,0,0,0,1,1,1,0
sms_spam_02484,2702,train,ham,0,0,0,0,0,0,0,0,0,0,0,0,0,0,0,0,1,1,1,1
sms_spam_02485,3028,train,ham,0,0,0,0,0,0,0,0,0,0,0,0,0,0,0,0,1,0,1,0
sms_spam_02486,2642,train,ham,0,0,0,0,0,0,0,0,0,0,0,0,0,0,0,0,1,0,1,1
sms_spam_02487,5370,train,spam,0,0,0,0,0,0,0,0,0,0,0,0,0,0,0,0,1,0,1,1
sms_spam_02488,2602,train,ham,0,0,0,0,0,0,0,0,0,0,0,0,0,0,0,0,1,0,1,1
sms_spam_02489,3237,train,ham,0,0,0,0,0,0,0,0,0,0,0,0,0,0,0,0,1,0,1,1
sms_spam_02490,2812,train,ham,1,0,0,0,0,0,0,0,0,0,0,0,0,0,0,0,1,0,1,0
sms_spam_02491,4707,test,ham,0,0,0,0,0,0,0,0,0,0,0,0,0,0,0,0,1,0,1,1
sms_spam_02493,4958,train,ham,0,0,0,0,0,0,0,0,0,0,0,0,0,0,0,0,1,0,1,1
sms_spam_02492,1222,train,ham,0,0,0,0,0,0,0,0,0,0,0,0,0,0,0,0,1,1,1,1
sms_spam_02494,611,train,ham,0,0,0,0,0,0,0,0,0,0,0,0,0,1,0,1,1,0,1,0
sms_spam_02496,2135,train,ham,0,0,0,0,0,0,0,0,0,0,0,0,0,0,0,0,1,1,1,1
sms_spam_02497,1532,train,ham,0,0,0,0,0,0,0,0,0,0,0,0,0,0,0,0,1,1,1,1
sms_spam_02495,3856,train,ham,0,0,0,0,0,0,0,0,0,0,0,0,0,1,0,0,1,1,1,1
sms_spam_02499,1310,train,ham,0,0,0,0,0,0,0,0,0,0,0,0,0,0,0,0,1,0,1,1
sms_spam_02498,5054,train,ham,0,0,0,0,0,0,0,0,0,0,0,0,0,0,0,0,1,1,1,1
sms_spam_02500,5484,train,ham,0,0,0,0,0,0,0,0,0,0,0,0,0,0,0,0,1,1,1,1
sms_spam_02501,494,train,ham,0,0,0,0,0,0,0,0,0,0,0,0,0,1,0,0,1,0,1,0
sms_spam_02503,4980,test,ham,0,0,0,0,0,0,0,0,0,0,0,0,0,0,0,0,1,0,1,1
sms_spam_02502,2441,train,ham,0,0,0,0,0,0,0,0,0,0,0,0,0,0,0,0,1,1,1,1
sms_spam_02504,2161,train,ham,0,0,0,0,0,0,0,0,0,0,0,0,0,0,0,0,1,0,1,1
sms_spam_02505,3292,train,ham,0,0,0,0,0,0,0,0,0,0,0,0,0,0,0,0,1,0,1,1
sms_spam_02506,1603,train,ham,0,0,0,0,0,0,0,0,0,0,0,0,0,0,0,0,1,1,1,1
sms_spam_02507,5097,train,ham,0,0,0,0,0,0,0,0,0,0,0,0,0,0,0,0,1,0,1,1
sms_spam_02508,1333,train,ham,0,0,0,0,0,0,0,0,0,0,0,0,0,0,0,0,1,1,1,1
sms_spam_02509,4476,train,ham,0,0,0,0,0,0,0,0,0,0,0,0,0,0,0,0,1,0,1,1
sms_spam_02511,2987,train,ham,0,0,0,0,0,0,0,0,0,0,0,0,0,0,0,0,1,0,1,1
sms_spam_02510,3819,test,ham,0,0,0,0,0,0,0,0,0,0,0,0,0,0,0,0,1,0,1,0
sms_spam_02513,2722,train,ham,0,0,0,0,0,0,0,0,0,0,0,0,0,0,0,0,1,0,1,1
sms_spam_02512,4212,train,ham,0,0,0,0,0,0,0,0,0,0,0,0,0,0,0,0,1,0,1,1
sms_spam_02515,4880,train,ham,0,0,0,0,0,0,0,0,0,0,0,0,0,0,0,0,1,1,0,1
sms_spam_02514,2520,train,ham,0,0,0,0,0,0,0,0,0,0,0,0,0,0,0,0,1,1,1,1
sms_spam_02517,1809,train,ham,0,0,0,0,0,0,0,0,0,0,0,0,0,0,0,0,1,1,1,1
sms_spam_02516,878,train,spam,0,0,0,1,0,0,0,0,1,0,0,0,0,1,0,1,0,0,1,0
sms_spam_02518,5569,train,ham,0,0,0,0,0,0,0,0,0,0,0,0,0,0,0,0,1,0,1,1
sms_spam_02519,1461,train,ham,0,0,0,0,0,0,0,0,0,0,0,0,0,0,0,0,1,1,1,1
sms_spam_02520,1245,train,ham,0,0,0,0,0,0,0,0,1,0,0,0,0,0,0,1,1,0,1,0
sms_spam_02521,4821,train,spam,1,1,0,1,1,1,0,1,0,0,0,0,0,1,0,1,0,0,0,0
sms_spam_02523,126,train,ham,0,0,0,0,1,0,0,0,0,0,0,0,0,0,0,0,1,0,1,1
sms_spam_02522,2334,train,ham,0,0,0,0,0,0,0,0,0,0,0,0,0,0,0,0,1,0,1,0
sms_spam_02524,2951,train,ham,0,0,0,0,0,0,0,0,0,0,0,0,0,0,0,0,1,0,1,0
sms_spam_02525,2865,train,ham,0,0,0,0,0,0,0,0,0,0,0,0,0,0,0,0,1,0,1,0
sms_spam_02526,2486,train,ham,0,0,0,0,0,0,0,0,0,0,0,0,0,0,0,0,1,0,1,1
sms_spam_02527,2599,train,ham,0,0,0,0,0,0,0,0,0,0,0,0,0,0,0,0,1,0,1,1
sms_spam_02529,5120,train,spam,0,0,0,0,0,0,0,0,0,0,0,1,0,0,0,0,0,0,0,0
sms_spam_02528,2902,train,ham,0,0,0,0,0,0,0,0,0,0,0,0,0,0,0,0,1,0,1,1
sms_spam_02530,4770,train,ham,0,0,0,0,1,0,0,1,0,0,0,0,0,0,0,0,1,0,1,1
sms_spam_02531,4731,train,ham,0,0,0,0,0,0,0,0,0,0,0,0,0,0,0,0,1,1,1,1
sms_spam_02532,550,train,ham,0,0,0,0,0,0,0,0,0,0,0,0,0,0,0,0,1,0,1,1
sms_spam_02533,3351,train,ham,0,0,0,0,0,0,0,0,0,0,0,0,0,1,0,1,1,0,1,0
sms_spam_02534,1996,train,ham,0,0,0,0,0,0,0,0,0,0,0,0,0,0,0,0,1,0,1,1
sms_spam_02535,4912,train,spam,0,0,0,0,0,0,0,0,0,0,0,0,0,0,0,0,0,0,1,0
sms_spam_02536,479,train,ham,0,0,0,0,0,0,0,0,0,0,0,0,0,0,0,0,1,1,1,1
sms_spam_02537,4749,test,ham,0,0,0,0,1,0,0,1,0,0,0,0,0,0,0,0,1,0,1,1
sms_spam_02538,2110,train,ham,0,0,0,0,0,0,0,0,0,0,0,0,0,0,0,0,1,0,0,0
sms_spam_02539,1892,train,spam,0,0,0,1,1,0,0,1,0,0,0,1,0,1,0,1,0,0,0,0
sms_spam_02541,3053,train,ham,0,0,0,0,0,0,0,0,0,0,0,0,0,0,0,0,1,1,1,1
sms_spam_02540,5536,train,ham,0,0,0,0,0,0,0,0,0,0,0,0,0,0,0,0,1,0,1,1
sms_spam_02542,190,train,spam,0,0,0,1,0,0,0,0,0,0,0,0,1,0,0,0,0,0,0,0
sms_spam_02543,1925,train,ham,0,0,0,0,0,0,0,0,0,0,0,0,0,0,0,0,1,0,1,1
sms_spam_02544,2247,train,spam,0,0,0,1,1,0,0,1,1,0,0,1,0,1,0,1,0,1,1,0
sms_spam_02545,2937,train,ham,0,0,0,0,0,0,0,0,0,0,0,0,0,0,0,0,1,1,1,1
sms_spam_02546,2375,train,ham,0,0,0,0,0,0,0,0,0,0,0,1,0,0,0,0,1,0,1,1
sms_spam_02548,5322,train,ham,0,0,0,0,0,0,0,0,0,0,0,0,0,0,0,0,1,0,1,1
sms_spam_02547,5277,train,ham,0,0,0,0,0,0,0,0,0,0,0,0,0,0,0,0,1,0,1,0
sms_spam_02549,359,train,ham,0,0,0,0,0,0,0,0,0,0,0,0,0,0,0,0,1,0,1,1
sms_spam_02551,1933,train,ham,0,0,0,0,0,0,0,0,0,0,0,0,0,0,0,0,1,0,1,1
sms_spam_02550,5542,train,ham,0,0,0,0,0,0,0,0,0,0,0,0,0,0,0,1,1,1,1,1
sms_spam_02553,4887,train,ham,0,0,0,0,0,0,0,0,0,0,0,0,0,1,0,1,1,1,1,1
sms_spam_02552,713,test,ham,0,0,0,0,1,0,0,1,0,0,0,0,0,0,1,1,0,0,0,0
sms_spam_02554,632,train,ham,0,0,0,0,0,0,0,0,0,0,0,0,0,0,0,0,1,0,1,1
sms_spam_02555,5148,train,ham,0,0,0,0,0,0,0,0,0,0,0,0,0,0,0,0,1,1,1,1
sms_spam_02557,3362,train,ham,0,0,0,0,0,0,0,0,0,0,0,0,0,0,0,0,1,0,1,1
sms_spam_02556,4593,train,ham,0,0,0,0,0,0,0,0,0,0,0,0,0,0,0,0,1,1,1,1
sms_spam_02558,1816,train,ham,0,0,0,0,0,0,0,0,0,0,0,0,0,0,0,0,1,0,1,0
sms_spam_02560,3348,train,ham,0,0,0,0,0,0,0,0,0,0,0,0,0,0,0,0,1,0,1,1
sms_spam_02559,3526,train,ham,0,0,0,0,0,0,0,0,0,0,0,0,0,0,0,0,1,0,1,0
sms_spam_02561,1954,train,ham,0,0,0,0,0,0,0,0,0,0,0,0,0,0,0,0,1,0,1,0
sms_spam_02563,933,train,ham,0,0,0,0,0,0,0,0,0,0,0,0,0,0,0,0,1,1,1,1
sms_spam_02562,2223,train,spam,0,0,1,0,1,0,0,1,0,0,0,0,0,1,0,0,0,0,0,0
sms_spam_02566,5082,test,ham,0,0,0,0,0,0,0,0,0,0,0,1,0,0,0,0,0,0,1,0
sms_spam_02564,5213,train,ham,0,1,0,0,0,0,0,0,0,0,0,0,0,0,0,0,0,0,0,0
sms_spam_02565,1712,train,ham,0,0,0,0,0,0,0,0,0,0,0,0,0,0,0,0,1,0,1,1
sms_spam_02567,4814,train,ham,0,0,0,0,0,0,0,0,0,0,0,0,0,0,0,0,1,0,1,0
sms_spam_02568,189,train,ham,0,0,0,0,0,0,0,0,0,0,0,0,0,0,0,0,1,1,1,1
sms_spam_02569,68,train,spam,0,0,0,0,0,0,0,0,0,0,0,0,0,0,0,0,1,0,1,0
sms_spam_02570,4174,train,ham,0,0,0,0,0,0,0,0,0,0,0,0,0,0,0,0,1,1,1,0
sms_spam_02571,3624,test,ham,0,0,0,0,0,0,0,0,0,0,0,0,0,0,0,0,1,0,1,1
sms_spam_02573,2377,train,spam,0,0,0,1,1,0,0,1,1,0,0,1,0,1,0,1,0,0,0,0
sms_spam_02572,3483,test,ham,0,0,0,0,0,0,0,0,0,0,0,0,0,1,0,0,1,0,1,1
sms_spam_02574,1124,test,ham,0,0,0,0,0,0,0,0,0,0,0,0,0,0,0,0,1,0,1,1
sms_spam_02575,85,train,ham,0,0,0,0,0,0,0,0,0,0,0,0,0,1,0,0,1,0,1,1
sms_spam_02577,2449,test,ham,0,0,0,0,0,0,0,0,0,0,0,0,0,0,0,0,1,0,1,1
sms_spam_02576,1643,train,ham,0,0,0,0,0,0,0,0,1,0,0,1,0,0,0,1,0,0,1,0
sms_spam_02579,5098,train,spam,1,0,0,1,0,1,0,0,0,0,0,1,1,0,0,1,0,0,0,0
sms_spam_02578,2118,test,spam,1,0,0,1,1,0,0,1,1,1,0,1,1,1,0,1,0,0,0,0
sms_spam_02580,2964,train,ham,0,0,0,0,0,0,0,0,0,0,0,0,0,0,0,0,1,1,1,1
sms_spam_02581,3059,train,ham,0,0,0,0,0,0,0,0,0,0,0,0,0,0,0,0,1,0,1,1
sms_spam_02582,1408,train,ham,0,0,0,0,1,0,0,1,0,0,0,0,0,0,0,0,1,1,1,1
sms_spam_02583,2277,train,ham,0,0,0,0,0,0,0,0,0,0,0,0,0,0,0,0,1,0,1,0
sms_spam_02584,2956,train,ham,0,0,0,0,0,0,0,0,0,0,0,0,0,0,0,0,1,1,1,1
sms_spam_02585,2182,train,ham,0,0,0,0,0,0,0,0,0,0,0,0,0,0,0,0,1,0,1,1
sms_spam_02586,3498,train,ham,0,0,0,0,0,0,0,0,0,0,0,0,0,0,0,0,1,1,1,1
sms_spam_02587,4764,train,ham,0,0,0,0,0,0,0,0,0,0,0,0,0,0,0,0,1,0,1,1
sms_spam_02588,4472,train,ham,0,0,0,0,0,0,0,0,0,0,0,0,0,0,0,0,1,0,1,1
sms_spam_02589,1099,train,ham,0,0,0,0,0,0,0,0,0,0,0,0,0,0,0,0,1,1,1,1
sms_spam_02590,1487,train,ham,0,0,0,0,0,0,0,0,0,0,0,0,0,0,0,0,1,1,1,1
sms_spam_02592,1752,train,ham,0,0,0,0,0,0,0,0,0,0,0,0,0,1,0,1,1,0,0,0
sms_spam_02591,1193,train,spam,0,0,0,1,1,1,0,1,0,0,0,0,0,1,0,1,0,0,0,0
sms_spam_02593,423,train,spam,1,1,0,1,1,0,0,1,1,1,0,1,0,1,0,1,0,0,0,0
sms_spam_02594,2372,test,ham,0,0,0,0,0,0,0,0,0,0,0,0,0,0,0,0,1,0,1,1
sms_spam_02595,3321,train,ham,0,0,0,0,0,0,0,0,0,0,0,0,0,1,0,0,1,1,1,1
sms_spam_02596,5522,train,ham,0,0,0,0,0,0,0,0,0,0,0,0,0,0,0,0,1,0,1,0
sms_spam_02598,13,train,ham,0,0,0,0,0,0,0,0,0,0,0,0,0,0,0,0,1,0,1,1
sms_spam_02597,5027,train,ham,0,0,0,0,0,0,0,0,0,0,0,0,0,0,0,1,0,0,0,0
sms_spam_02599,2555,train,spam,1,1,0,1,0,1,0,0,0,0,0,0,0,1,0,1,0,0,0,0
sms_spam_02600,2066,train,ham,0,0,0,0,0,0,0,0,0,0,0,0,0,0,0,0,1,0,0,0
sms_spam_02601,4403,test,ham,0,0,0,0,0,0,0,0,0,0,0,0,0,0,0,0,1,0,1,1
sms_spam_02602,3569,train,spam,1,0,0,1,1,0,1,1,1,0,0,1,0,1,0,1,0,0,0,0
sms_spam_02604,1337,train,ham,0,0,0,0,0,0,0,0,0,0,0,0,0,0,0,0,1,0,1,1
sms_spam_02603,1749,test,ham,0,0,0,0,0,0,0,0,0,0,0,1,0,0,0,0,1,0,1,0
sms_spam_02605,2846,train,spam,0,0,0,1,1,0,0,1,0,0,0,1,0,1,0,0,0,0,0,0
sms_spam_02606,129,test,ham,0,0,0,0,0,0,0,1,0,0,0,0,0,0,0,0,1,0,1,1
sms_spam_02607,305,test,ham,0,0,0,0,0,0,0,0,0,0,0,0,0,0,0,0,1,0,1,1
sms_spam_02608,3919,train,spam,0,0,0,1,1,1,0,1,0,0,0,1,0,1,0,1,0,0,0,0
sms_spam_02609,1774,train,ham,0,0,0,0,0,0,0,0,0,0,0,0,0,0,0,0,1,0,1,1
sms_spam_02610,3000,train,spam,0,0,0,1,1,1,0,1,0,0,0,0,0,1,0,0,0,0,0,0
sms_spam_02611,686,train,ham,0,0,0,0,0,0,0,0,0,0,0,0,0,0,0,0,1,0,1,0
sms_spam_02612,3052,train,ham,0,0,0,0,0,0,0,0,0,0,0,0,0,1,0,1,1,0,1,1
sms_spam_02613,500,train,ham,0,0,0,0,0,0,0,0,0,0,0,0,0,0,0,0,1,0,1,0
sms_spam_02615,1003,train,ham,0,0,0,0,0,0,0,0,0,0,0,0,0,0,0,0,1,0,1,1
sms_spam_02614,2532,test,ham,0,0,0,0,0,0,0,0,0,0,0,0,0,0,0,0,1,0,1,1
sms_spam_02616,531,train,ham,0,0,0,0,0,0,0,0,0,0,0,0,0,0,0,0,1,1,1,0
sms_spam_02617,2537,train,ham,0,0,0,0,0,0,0,0,0,0,0,0,0,0,0,0,1,0,1,1
sms_spam_02619,5275,train,ham,0,0,0,0,0,0,0,0,0,0,0,0,0,0,0,0,1,0,1,1
sms_spam_02618,2693,train,ham,0,0,0,0,0,0,0,0,0,0,0,0,0,0,0,0,1,1,1,1
sms_spam_02620,2416,train,ham,0,0,0,0,0,0,0,0,0,0,0,0,0,0,0,0,1,0,1,1
sms_spam_02621,21,train,ham,0,0,0,0,0,0,0,0,0,0,0,0,0,0,0,0,1,0,1,0
sms_spam_02622,585,train,ham,0,0,0,0,0,0,0,0,0,0,0,0,0,0,0,0,1,0,1,1
sms_spam_02623,1544,train,ham,0,0,0,0,0,0,0,0,0,0,0,0,0,0,0,0,1,0,0,0
sms_spam_02624,26,train,ham,0,0,0,0,0,0,0,0,0,0,0,0,0,0,0,0,1,0,1,1
sms_spam_02625,937,train,ham,0,0,0,0,0,0,0,0,0,0,0,0,0,0,0,0,1,1,1,0
sms_spam_02626,482,train,ham,0,0,0,0,0,0,0,0,0,0,0,0,0,0,0,0,1,0,1,0
sms_spam_02627,1528,train,ham,0,0,0,0,0,0,0,0,0,0,0,0,0,0,0,0,1,0,1,0
sms_spam_02628,4495,test,ham,0,0,0,0,0,0,0,0,0,0,0,0,0,0,0,0,1,1,1,1
sms_spam_02629,1662,train,spam,0,0,0,1,1,0,0,1,0,0,0,0,0,1,0,1,0,0,1,0
sms_spam_02630,1964,test,ham,0,0,0,0,0,0,0,0,0,0,0,0,0,0,0,0,1,0,1,0
sms_spam_02631,2530,train,ham,0,0,0,0,0,0,0,0,0,0,0,0,0,0,0,0,1,0,1,0
sms_spam_02633,4740,train,ham,0,0,0,0,0,0,0,0,0,0,0,0,0,0,0,0,1,0,1,0
sms_spam_02632,2888,train,ham,0,0,0,0,0,0,0,0,0,0,0,0,0,0,0,0,1,0,1,0
sms_spam_02634,3042,train,ham,0,0,0,0,1,0,0,1,0,0,0,0,0,0,0,0,1,0,1,0
sms_spam_02635,1653,train,ham,0,0,0,0,0,0,0,0,0,0,0,0,0,0,0,0,1,0,1,1
sms_spam_02636,1444,test,ham,0,0,0,0,0,0,0,0,0,0,0,0,0,0,0,0,1,0,1,0
sms_spam_02637,2060,train,ham,0,0,0,0,0,0,0,0,0,0,0,0,0,0,0,0,1,0,1,1
sms_spam_02639,1766,test,spam,1,1,0,1,0,1,0,0,1,0,0,0,0,1,0,1,0,0,0,0
sms_spam_02638,1453,train,ham,0,0,0,0,0,0,0,0,0,0,0,0,0,0,0,0,1,0,1,1
sms_spam_02640,2229,train,ham,0,0,0,0,1,0,0,0,0,0,0,0,0,0,0,0,1,1,1,0
sms_spam_02641,3581,train,ham,0,0,0,0,0,0,0,0,0,0,0,0,0,0,0,0,1,0,1,1
sms_spam_02642,5121,train,ham,0,0,0,0,0,0,0,0,0,0,0,0,0,0,0,0,1,0,1,1
sms_spam_02643,3303,train,ham,0,0,0,0,0,0,0,0,0,0,0,1,0,0,0,0,1,0,1,1
sms_spam_02645,2403,train,ham,0,0,0,0,0,0,0,0,0,0,0,0,0,1,0,1,0,0,1,0
sms_spam_02644,4365,train,ham,0,0,0,0,0,0,0,0,0,0,0,0,0,0,0,0,1,1,1,1
sms_spam_02646,5531,test,ham,0,0,0,0,0,0,0,0,0,0,0,0,0,0,0,0,1,0,1,1
sms_spam_02648,1831,train,ham,0,0,0,0,0,0,0,0,0,0,0,0,0,0,0,0,1,0,1,1
sms_spam_02647,5172,train,ham,0,0,0,0,0,0,0,0,0,0,0,0,0,1,0,0,1,0,1,1
sms_spam_02649,536,train,ham,0,0,0,0,0,0,0,0,0,0,0,0,0,0,0,0,1,1,1,1
sms_spam_02650,1953,train,ham,0,0,0,0,0,0,0,0,0,0,0,1,0,0,0,0,0,0,1,0
sms_spam_02651,5485,train,ham,0,0,0,0,0,0,0,0,0,0,0,0,0,0,0,0,1,1,1,1
sms_spam_02652,1289,train,ham,0,0,0,1,1,0,0,1,0,1,0,0,0,0,0,0,0,0,0,0
sms_spam_02653,1531,test,ham,0,0,0,0,0,0,0,0,0,0,0,1,0,0,0,0,1,0,1,1
sms_spam_02654,1119,test,spam,0,0,0,1,1,0,0,1,0,0,0,0,0,1,0,1,0,0,0,0
sms_spam_02655,4183,train,ham,0,0,0,0,0,0,0,0,0,0,0,0,0,0,0,0,1,0,1,1
sms_spam_02656,742,train,ham,0,0,0,0,0,0,0,0,0,0,0,0,0,0,0,0,1,0,1,0
sms_spam_02657,2205,train,ham,0,0,0,0,0,0,0,0,0,0,0,0,0,0,0,0,1,1,1,1
sms_spam_02659,920,train,ham,0,0,0,0,0,0,0,0,0,0,0,0,0,0,0,0,1,0,1,1
sms_spam_02660,2390,train,ham,0,0,0,0,0,0,0,0,0,0,0,0,0,0,0,0,1,0,0,1
sms_spam_02661,5413,train,ham,0,0,0,0,0,0,0,0,0,0,0,0,0,0,0,0,1,0,1,0
sms_spam_02658,5512,train,ham,0,0,0,0,0,0,0,0,0,0,0,0,0,0,0,0,1,0,1,0
sms_spam_02662,2467,train,ham,0,0,0,0,0,0,0,0,0,0,0,0,0,0,0,0,1,1,1,1
sms_spam_02663,4708,test,ham,0,0,0,0,0,0,0,0,0,0,0,0,0,0,0,0,1,1,1,1
sms_spam_02664,4368,train,ham,0,0,0,0,0,0,0,0,0,0,0,0,0,0,0,0,1,0,1,1
sms_spam_02666,3482,train,ham,0,0,0,0,0,0,0,0,0,0,0,0,0,0,0,0,1,0,1,0
sms_spam_02665,4170,train,ham,0,0,0,0,1,0,0,1,0,0,0,0,0,1,0,0,1,1,1,0
sms_spam_02667,5300,train,ham,0,0,0,0,0,0,0,0,0,0,0,0,0,0,0,0,1,1,1,1
sms_spam_02669,622,train,ham,0,0,0,0,0,0,0,0,1,1,0,1,0,0,0,1,1,1,1,1
sms_spam_02668,3715,train,ham,0,0,1,0,0,0,0,0,0,0,0,0,0,0,0,0,0,0,0,0
sms_spam_02670,3451,train,ham,0,0,0,0,0,0,0,0,0,0,0,0,0,0,0,0,1,1,1,0
sms_spam_02672,5262,train,ham,0,0,0,0,0,0,0,0,0,0,0,0,0,0,0,0,1,0,1,1
sms_spam_02671,4125,train,spam,0,0,0,1,1,0,1,1,0,0,0,1,0,1,0,0,0,0,0,0
sms_spam_02673,1178,test,ham,0,0,0,0,0,0,0,0,0,0,0,0,0,0,0,0,1,1,1,1
sms_spam_02674,1130,train,ham,0,0,0,0,0,0,0,0,0,0,0,0,0,0,0,0,1,0,1,1
sms_spam_02675,1102,train,ham,0,0,0,0,0,0,0,0,0,0,0,0,0,0,0,0,1,0,1,0
sms_spam_02676,3245,test,ham,0,0,0,0,0,0,0,0,0,0,0,0,0,0,0,0,1,0,1,0
sms_spam_02677,4536,test,ham,0,0,0,0,0,0,0,0,0,0,0,0,0,0,0,0,1,0,1,0
sms_spam_02678,4082,test,ham,0,0,0,0,0,0,0,0,0,0,0,0,0,0,0,0,1,0,1,1
sms_spam_02679,3515,train,ham,0,0,0,0,0,0,1,1,0,0,0,0,0,0,0,0,1,0,1,1
sms_spam_02681,3065,test,spam,1,0,0,1,0,1,0,0,0,0,0,0,0,1,0,0,0,0,0,0
sms_spam_02680,4300,train,ham,0,0,0,0,0,0,0,0,0,0,0,0,0,1,0,0,1,0,1,0
sms_spam_02682,2576,train,ham,0,0,0,0,0,0,0,0,0,0,0,0,0,0,0,0,1,1,1,1
sms_spam_02684,969,train,ham,0,0,0,0,0,0,0,0,0,0,0,0,0,0,0,0,1,1,1,1
sms_spam_02683,56,train,spam,1,1,0,1,1,1,0,1,1,0,0,1,0,1,0,1,0,0,0,0
sms_spam_02686,2511,train,ham,0,0,0,0,0,0,0,0,0,0,0,0,0,0,0,0,1,0,1,1
sms_spam_02685,1204,train,spam,1,0,0,1,1,0,0,1,0,0,0,1,1,1,0,1,0,0,0,0
sms_spam_02687,3341,train,ham,0,0,0,0,0,0,0,0,0,0,0,0,0,0,0,0,1,1,1,1
sms_spam_02688,3381,train,ham,0,0,0,0,0,0,0,0,0,0,0,0,0,0,0,0,1,0,1,1
sms_spam_02689,2378,train,ham,0,0,0,1,0,1,0,0,0,0,0,0,1,0,0,0,0,0,0,0
sms_spam_02690,4859,train,ham,0,0,0,0,0,0,0,0,0,0,0,0,0,0,0,0,1,0,1,0
sms_spam_02691,3954,train,ham,0,0,0,0,0,0,0,0,0,0,0,0,0,0,0,0,1,0,1,1
sms_spam_02693,3975,train,ham,0,0,0,0,0,0,0,0,0,0,0,0,0,0,0,0,1,0,1,0
sms_spam_02692,1567,train,ham,0,0,0,0,0,0,0,0,0,0,0,0,0,0,0,0,1,0,1,0
sms_spam_02694,382,train,ham,0,0,0,0,0,0,0,0,0,0,0,0,0,0,0,0,1,0,1,1
sms_spam_02695,510,test,ham,0,0,0,0,0,0,0,0,0,0,0,0,0,0,0,0,1,0,1,1
sms_spam_02696,800,test,spam,1,0,0,1,1,0,1,1,1,1,0,1,0,1,0,1,0,0,0,0
sms_spam_02698,1707,train,ham,0,0,0,0,0,0,0,0,0,0,0,0,0,0,0,0,1,0,1,1
sms_spam_02697,602,test,ham,0,0,0,0,1,0,0,1,0,0,0,0,0,0,0,0,1,0,1,1
sms_spam_02699,4834,train,ham,0,0,0,0,0,0,0,0,0,0,0,0,0,0,0,0,1,1,1,1
sms_spam_02700,4109,train,ham,0,0,0,0,0,0,0,0,0,0,0,0,0,0,0,0,1,0,1,1
sms_spam_02701,2289,train,spam,0,0,1,1,0,1,0,0,0,0,0,0,0,1,0,0,0,0,0,0
sms_spam_02702,625,train,ham,0,0,0,0,1,0,0,1,0,0,0,0,0,0,0,0,1,0,1,1
sms_spam_02703,4056,train,ham,0,0,0,0,0,0,0,0,0,0,0,0,0,1,0,0,1,0,1,1
sms_spam_02704,4326,train,ham,0,0,0,0,0,0,0,0,0,0,0,0,0,0,0,0,1,0,1,0
sms_spam_02705,749,train,ham,0,0,0,0,0,0,0,0,1,1,0,0,0,0,0,1,1,0,1,1
sms_spam_02706,2650,train,ham,0,0,0,0,0,0,0,0,0,0,0,0,0,0,0,0,1,0,1,0
sms_spam_02708,2907,train,ham,0,0,0,0,0,0,0,0,0,0,0,0,0,0,0,0,1,0,1,0
sms_spam_02709,836,train,spam,0,0,0,1,1,0,0,1,0,0,0,0,0,1,0,0,0,0,0,0
sms_spam_02707,169,test,ham,0,0,0,0,0,0,0,0,0,0,0,0,0,0,0,0,1,0,1,0
sms_spam_02710,5235,train,ham,0,0,0,0,1,0,0,1,0,0,0,0,0,0,0,0,1,0,1,1
sms_spam_02711,3094,train,ham,0,0,0,0,0,0,0,0,0,0,0,0,0,0,0,0,1,0,1,1
sms_spam_02712,2027,train,ham,0,0,0,0,1,0,0,1,0,0,0,0,0,0,0,0,1,1,1,1
sms_spam_02713,1429,test,spam,0,0,0,1,0,0,0,0,0,0,0,0,0,0,0,0,0,0,0,0
sms_spam_02715,2224,train,ham,0,0,0,0,0,0,0,0,0,0,0,0,0,0,0,0,1,1,1,1
sms_spam_02714,3656,train,ham,0,0,0,0,0,0,0,0,0,0,0,0,0,0,0,0,1,1,1,1
sms_spam_02716,2800,train,ham,0,0,0,0,0,0,0,0,0,0,0,0,0,0,0,0,1,0,1,1
sms_spam_02717,4901,train,spam,0,0,0,1,1,1,0,1,0,0,0,1,0,1,0,1,0,0,0,0
sms_spam_02718,5293,train,ham,0,0,0,0,0,0,0,0,0,0,0,0,0,0,0,0,1,0,1,1
sms_spam_02719,80,train,ham,0,0,0,0,0,0,0,0,0,0,0,0,0,0,0,0,1,0,1,0
sms_spam_02721,5123,train,ham,0,0,0,0,0,0,0,0,0,0,0,0,0,0,0,0,1,0,1,0
sms_spam_02720,4726,train,spam,0,0,0,1,0,1,0,0,0,0,0,1,0,1,0,1,0,0,0,0
sms_spam_02722,2715,train,ham,0,0,0,0,0,0,0,0,0,0,0,0,0,0,0,0,1,0,1,1
sms_spam_02723,795,train,ham,0,0,0,0,0,0,0,0,0,0,0,0,0,0,0,0,1,0,1,0
sms_spam_02724,273,test,ham,0,0,0,0,0,0,0,0,0,0,0,0,0,0,0,0,1,1,1,1
sms_spam_02725,2156,test,ham,0,0,0,0,0,0,0,0,0,0,0,0,0,0,0,0,1,0,1,0
sms_spam_02726,317,train,ham,0,0,0,0,0,0,0,0,0,0,0,0,0,0,0,0,1,1,1,1
sms_spam_02727,808,test,ham,0,0,0,0,0,0,0,0,0,0,0,0,0,0,0,0,1,0,1,0
sms_spam_02728,877,test,spam,1,0,0,1,1,0,0,1,0,0,0,0,0,1,0,1,0,0,0,0
sms_spam_02729,2554,train,ham,0,0,0,0,0,0,0,0,0,0,0,0,0,0,0,0,1,1,1,1
sms_spam_02731,4939,train,ham,0,0,0,0,0,0,0,0,0,0,0,0,0,0,0,0,1,1,1,1
sms_spam_02732,5231,train,ham,0,0,0,0,0,0,0,0,0,0,0,0,0,0,0,0,1,1,1,1
sms_spam_02730,3930,train,ham,0,0,0,0,0,0,0,0,0,0,0,0,0,0,0,0,1,0,1,0
sms_spam_02733,664,test,ham,0,0,0,0,0,0,0,0,0,0,0,0,0,0,0,0,1,0,1,0
sms_spam_02734,3896,train,ham,0,0,0,0,0,0,0,0,0,0,0,0,0,0,0,0,1,0,1,1
sms_spam_02735,3978,train,ham,0,0,0,0,0,0,0,0,0,0,0,1,0,0,0,0,1,1,1,1
sms_spam_02736,266,train,ham,0,0,0,0,0,0,0,0,0,0,0,0,0,0,0,0,1,0,1,1
sms_spam_02737,1023,train,ham,0,0,0,0,0,0,0,0,0,0,0,0,0,1,0,0,1,0,1,0
sms_spam_02738,248,train,ham,0,0,0,0,0,0,0,0,0,0,0,0,0,0,0,0,1,0,1,1
sms_spam_02739,3886,train,ham,0,0,0,1,0,0,0,0,0,0,0,0,0,0,0,0,0,0,0,0
sms_spam_02741,3239,train,ham,0,0,0,0,0,0,0,0,0,0,0,0,0,0,0,0,1,0,1,0
sms_spam_02740,2905,train,ham,0,0,0,0,0,0,0,0,0,0,0,1,0,0,0,0,1,0,1,0
sms_spam_02742,4811,train,ham,0,0,0,0,0,0,0,0,0,0,0,0,0,0,0,0,1,1,1,1
sms_spam_02745,2936,train,ham,0,0,0,0,0,0,0,0,0,0,0,0,0,0,0,0,1,0,1,1
sms_spam_02743,1859,train,ham,0,0,0,0,0,0,0,0,0,0,0,0,0,0,0,0,1,0,1,0
sms_spam_02744,311,train,spam,1,0,0,1,1,0,0,1,1,0,0,1,0,1,0,1,0,0,0,0
sms_spam_02746,4581,train,ham,0,0,0,0,0,0,0,0,0,0,0,1,0,0,0,0,1,0,1,1
sms_spam_02747,1014,train,ham,0,0,0,0,0,0,0,0,0,0,0,0,0,0,0,0,1,0,1,1
sms_spam_02748,4317,train,ham,0,0,0,0,0,0,0,0,0,0,0,0,0,0,0,0,1,0,1,0
sms_spam_02750,4996,train,ham,0,0,0,0,0,0,0,0,0,0,0,0,0,0,0,0,1,1,1,1
sms_spam_02749,4786,train,ham,0,0,0,0,0,0,0,0,0,0,0,0,0,0,0,0,1,0,1,0
sms_spam_02751,3582,test,ham,0,0,0,0,1,0,0,1,0,0,0,0,0,0,0,0,1,0,1,1
sms_spam_02753,1390,train,ham,0,0,0,0,0,0,0,0,0,0,0,0,0,0,0,0,1,0,1,1
sms_spam_02752,4113,train,ham,0,0,0,0,0,0,0,0,0,0,0,0,0,0,0,0,1,0,1,0
sms_spam_02754,2853,train,ham,0,0,0,0,0,0,0,0,0,0,0,0,0,0,0,0,1,0,1,1
sms_spam_02756,2920,test,ham,0,0,0,0,0,0,0,0,0,0,0,0,0,0,0,0,1,1,1,1
sms_spam_02755,3383,train,spam,0,0,1,0,1,1,0,1,0,0,0,0,0,1,0,1,0,0,0,0
sms_spam_02757,691,train,ham,0,0,0,0,1,0,0,1,0,0,0,0,0,0,0,0,1,1,1,1
sms_spam_02759,918,train,ham,0,0,0,0,0,0,0,0,0,0,0,0,0,0,0,0,1,1,1,1
sms_spam_02758,2753,train,ham,0,0,0,0,0,0,0,0,0,0,0,0,0,0,0,0,1,0,1,0
sms_spam_02760,5282,test,ham,0,0,0,0,0,0,0,0,0,0,0,0,0,0,0,0,1,0,1,1
sms_spam_02762,3240,train,ham,0,0,0,0,0,0,0,0,0,0,0,0,0,0,0,0,1,0,1,1
sms_spam_02763,3400,train,ham,0,0,0,0,0,0,0,0,0,0,0,0,0,0,0,0,1,0,1,0
sms_spam_02764,5308,train,ham,0,0,0,0,1,0,0,1,0,0,0,0,0,0,0,0,1,1,1,1
sms_spam_02761,4438,train,ham,0,0,0,0,0,0,0,0,0,0,0,0,0,0,0,0,1,0,1,0
sms_spam_02765,2608,train,ham,0,0,0,0,0,0,0,0,0,0,0,0,0,0,0,0,1,0,1,0
sms_spam_02766,4480,train,ham,0,0,0,0,0,0,0,0,0,0,0,0,0,0,0,0,1,0,1,1
sms_spam_02767,1847,train,spam,1,0,0,1,0,1,1,0,0,0,0,1,0,1,0,0,0,0,0,0
sms_spam_02770,2946,train,ham,0,0,0,0,0,0,0,0,0,0,0,0,0,0,0,0,1,0,1,1
sms_spam_02768,38,test,ham,0,0,0,0,0,0,0,0,0,0,0,0,0,0,0,0,1,0,1,1
sms_spam_02769,762,train,spam,1,1,0,1,1,0,0,1,1,1,0,1,0,1,0,1,0,0,0,0
sms_spam_02771,3724,train,ham,0,0,0,0,0,0,0,0,0,0,0,0,0,0,0,0,1,0,1,1
sms_spam_02772,5147,train,spam,1,0,1,1,1,1,0,1,0,1,0,0,1,0,0,0,0,0,0,0
sms_spam_02773,6,train,ham,0,0,0,0,0,0,0,0,0,0,0,0,0,0,0,0,1,1,1,0
sms_spam_02774,1362,train,ham,0,0,0,0,0,0,0,0,0,0,0,0,0,0,0,0,1,0,0,0
sms_spam_02775,2256,train,ham,0,0,0,0,0,0,0,0,0,0,0,0,0,0,0,0,1,0,1,1
sms_spam_02776,505,test,ham,0,0,0,0,0,0,0,0,0,0,0,0,0,0,0,0,1,0,1,1
sms_spam_02777,1904,train,ham,0,0,0,0,0,0,0,0,0,0,0,0,0,0,0,0,1,0,1,1
sms_spam_02778,2448,test,ham,0,0,0,0,0,0,0,0,0,0,0,0,0,0,0,0,1,0,1,0
sms_spam_02780,3681,train,ham,0,0,0,0,0,0,0,0,0,0,0,0,0,0,0,0,1,1,1,1
sms_spam_02779,3943,train,ham,0,0,0,0,0,0,0,0,0,0,0,0,0,0,0,0,1,1,1,1
sms_spam_02782,476,train,ham,0,0,0,0,0,0,0,0,0,0,0,0,0,0,0,0,1,0,1,0
sms_spam_02781,5398,test,ham,0,0,0,0,0,0,0,0,0,0,0,0,0,0,0,0,1,0,1,0
sms_spam_02783,1082,train,ham,0,0,0,0,0,0,0,0,0,0,0,0,0,0,0,0,1,0,1,0
sms_spam_02784,778,train,ham,0,0,0,0,0,0,0,0,0,0,0,0,0,0,0,0,1,0,1,0
sms_spam_02785,397,train,ham,0,0,0,0,0,0,0,0,0,0,0,0,0,0,0,0,1,0,1,1
sms_spam_02786,2400,train,ham,0,0,0,0,0,0,0,0,0,0,0,0,0,0,0,0,1,0,1,0
sms_spam_02788,3523,train,ham,0,0,0,0,0,0,0,0,0,0,0,0,0,0,0,0,1,0,1,1
sms_spam_02789,160,train,ham,0,0,0,0,0,0,0,0,0,0,0,0,0,0,0,0,1,0,1,0
sms_spam_02787,254,train,ham,0,0,0,0,0,0,0,0,0,0,0,0,0,1,0,0,1,0,1,1
sms_spam_02790,2873,train,ham,0,0,0,0,0,0,0,0,0,0,0,0,0,0,0,0,1,0,1,1
sms_spam_02791,1931,test,ham,0,0,0,0,0,0,0,0,0,0,0,0,0,0,0,0,1,0,1,1
sms_spam_02792,1317,train,spam,1,0,0,1,0,0,0,0,0,0,0,0,0,1,0,1,0,0,0,0
sms_spam_02793,5109,train,ham,0,0,0,0,0,0,0,0,0,0,0,0,0,0,0,0,1,0,1,0
sms_spam_02794,3117,train,ham,0,0,0,0,1,0,0,1,0,0,0,0,0,0,0,0,1,0,1,1
sms_spam_02795,5019,train,ham,0,0,0,0,0,0,0,0,0,0,0,0,0,0,0,0,1,0,1,1
sms_spam_02796,4445,test,ham,0,0,0,0,0,0,0,0,0,0,0,0,0,0,0,0,1,0,1,1
sms_spam_02797,3160,train,ham,0,0,0,0,0,0,0,0,0,0,0,0,0,0,0,0,1,0,1,1
sms_spam_02798,5153,train,ham,0,0,0,0,0,0,0,0,0,0,0,0,0,0,0,0,1,1,1,1
sms_spam_02800,1586,train,ham,0,0,0,0,1,0,0,1,0,0,0,0,0,0,0,0,0,0,0,0
sms_spam_02799,4725,test,ham,0,0,0,0,0,0,0,0,0,0,0,0,0,0,0,0,1,1,1,1
sms_spam_02801,2340,train,ham,0,0,0,0,0,0,0,1,0,0,0,0,0,0,0,0,1,0,1,0
sms_spam_02802,2058,test,ham,0,0,0,0,0,0,0,0,0,0,0,0,0,0,0,0,1,0,1,0
sms_spam_02803,1734,test,ham,0,0,0,0,0,0,0,0,0,0,0,0,0,0,0,0,1,1,1,1
sms_spam_02804,1732,train,ham,0,0,0,0,0,0,0,0,0,0,0,0,0,0,0,0,1,1,1,1
sms_spam_02806,4227,train,ham,0,0,0,0,0,0,0,0,0,0,0,0,0,0,0,0,1,0,1,0
sms_spam_02805,4339,train,ham,0,0,0,0,0,0,0,0,0,0,0,0,0,0,0,0,1,0,1,1
sms_spam_02807,4832,train,spam,0,0,0,1,1,0,0,1,1,0,0,1,1,1,0,1,0,0,0,0
sms_spam_02808,5155,test,ham,0,0,0,0,0,0,0,0,0,0,0,0,0,0,0,0,1,1,1,1
sms_spam_02809,668,train,ham,0,0,0,0,0,0,0,0,0,0,0,0,0,0,0,0,1,0,1,0
sms_spam_02810,4215,train,ham,0,0,0,0,0,0,0,0,0,0,0,0,0,0,0,0,1,0,1,0
sms_spam_02811,1615,train,ham,0,0,0,0,0,0,0,0,0,0,0,0,0,0,0,0,1,0,1,1
sms_spam_02812,925,train,ham,0,0,0,0,0,0,0,0,0,0,0,0,0,0,0,0,1,0,1,1
sms_spam_02813,5212,train,ham,0,0,0,0,0,0,0,0,0,0,0,0,0,0,0,0,1,0,1,1
sms_spam_02814,5318,train,ham,0,0,0,0,0,0,0,0,0,0,0,0,0,0,0,0,1,0,1,0
sms_spam_02815,478,test,ham,0,0,0,0,0,0,0,0,0,0,0,0,0,0,0,0,1,0,1,1
sms_spam_02816,846,train,ham,0,0,0,0,0,0,0,0,0,0,0,0,0,0,0,0,1,0,1,0
sms_spam_02818,1103,train,ham,0,0,0,0,0,0,0,0,0,0,0,0,0,0,0,0,1,0,1,0
sms_spam_02817,4451,train,ham,0,0,0,0,0,0,0,0,0,0,0,0,0,0,0,0,1,0,1,1
sms_spam_02819,1080,train,ham,0,0,0,0,0,0,0,0,0,0,0,0,0,0,0,0,1,0,1,1
sms_spam_02820,2419,test,spam,0,0,1,1,1,0,0,1,0,0,0,0,1,1,0,1,0,0,0,0
sms_spam_02821,177,train,ham,0,0,0,0,1,0,0,1,0,0,0,0,0,0,0,0,1,1,1,1
sms_spam_02822,5372,train,ham,0,0,0,0,0,0,0,0,0,0,0,0,0,0,0,0,1,0,1,1
sms_spam_02824,5127,train,ham,0,0,0,0,0,0,0,0,0,0,0,0,0,0,0,0,1,0,1,0
sms_spam_02823,319,train,ham,0,0,0,0,0,0,0,0,0,0,0,0,0,0,0,0,1,0,1,1
sms_spam_02825,4806,test,spam,1,1,1,1,0,0,0,1,1,1,1,1,0,1,0,1,0,0,0,0
sms_spam_02826,1257,train,ham,0,0,0,0,1,0,0,1,0,0,0,0,0,0,0,0,1,0,1,1
sms_spam_02827,4668,train,ham,0,0,0,0,0,0,0,0,0,0,0,0,0,0,0,0,1,0,1,0
sms_spam_02828,4716,train,ham,0,0,0,0,0,0,0,0,0,0,0,0,0,0,0,0,1,1,1,1
sms_spam_02829,1126,train,ham,0,0,0,0,0,0,0,0,0,0,0,0,0,0,0,0,1,0,1,1
sms_spam_02830,2081,train,ham,0,0,0,0,0,0,0,0,0,0,0,0,0,0,0,0,1,0,1,1
sms_spam_02831,3152,train,ham,0,0,0,0,0,0,0,0,0,0,0,0,0,0,0,0,1,1,1,1
sms_spam_02832,1073,train,ham,0,0,0,0,0,0,0,0,0,0,0,0,0,0,0,0,1,0,1,0
sms_spam_02833,1413,train,spam,0,0,0,1,1,0,0,1,1,1,0,0,0,1,0,1,0,0,0,0
sms_spam_02835,1433,train,ham,0,0,0,0,0,0,0,0,0,0,0,0,0,0,0,0,1,1,1,1
sms_spam_02834,2856,test,ham,0,0,0,0,0,0,0,0,0,0,0,0,0,0,0,0,1,1,1,1
sms_spam_02836,2188,test,spam,0,0,0,1,1,1,1,1,0,0,0,0,0,1,0,0,0,0,0,0
sms_spam_02837,2137,train,ham,0,0,0,0,0,0,0,0,0,0,0,0,0,0,0,0,1,1,1,1
sms_spam_02838,810,train,ham,0,0,0,0,0,0,0,0,0,0,0,0,0,0,0,0,1,0,1,0
sms_spam_02839,4652,train,ham,0,0,0,0,0,0,0,0,0,0,0,0,0,0,0,0,1,0,1,1
sms_spam_02841,1750,train,ham,0,0,0,0,0,0,0,0,0,0,0,0,0,0,0,0,1,0,1,1
sms_spam_02840,2130,train,ham,0,0,0,0,0,0,0,0,0,0,0,0,0,0,0,0,1,1,1,1
sms_spam_02842,2396,train,ham,0,0,0,0,0,0,0,0,0,0,0,0,0,0,0,0,1,0,1,1
sms_spam_02843,1781,train,ham,0,0,0,0,0,0,0,0,0,0,0,0,0,0,0,0,1,0,1,1
sms_spam_02844,1551,train,ham,1,0,0,0,0,0,0,0,0,0,0,0,0,0,0,0,1,0,1,1
sms_spam_02845,2839,test,ham,0,0,0,0,0,0,0,0,0,0,0,1,0,0,0,0,1,0,1,0
sms_spam_02847,709,train,spam,0,0,1,1,0,1,1,1,1,0,0,0,0,1,0,1,0,0,0,0
sms_spam_02846,1827,train,ham,0,0,0,0,0,0,0,0,0,0,0,0,0,0,0,0,1,0,1,0
sms_spam_02848,1787,test,ham,0,0,0,0,0,0,0,0,0,0,0,0,0,0,0,0,1,0,1,0
sms_spam_02849,1592,train,ham,0,0,0,0,0,0,0,0,0,0,0,0,0,0,0,0,1,1,1,1
sms_spam_02850,4030,train,ham,0,0,0,0,0,0,0,0,0,0,0,0,0,0,0,0,1,1,1,0
sms_spam_02851,230,test,ham,0,0,0,0,0,0,0,0,0,0,0,0,0,0,0,0,1,0,0,0
sms_spam_02853,3543,train,ham,0,0,0,0,0,0,0,0,0,0,0,0,0,0,0,0,1,0,1,1
sms_spam_02852,949,train,ham,0,0,0,0,0,0,0,0,0,0,0,0,0,0,0,0,1,1,1,1
sms_spam_02854,5166,train,ham,0,0,0,0,0,0,0,0,0,0,0,0,0,0,0,0,1,1,1,1
sms_spam_02855,1748,test,ham,0,0,0,0,0,0,0,0,0,0,0,0,0,0,0,0,1,0,1,0
sms_spam_02856,1627,train,spam,1,1,0,1,1,1,0,1,0,0,0,1,0,1,0,1,0,0,0,0
sms_spam_02857,3909,train,ham,0,0,0,0,0,0,0,0,0,0,0,0,0,0,0,0,1,0,1,1
sms_spam_02858,1233,test,ham,0,0,0,0,0,0,0,0,0,0,0,0,0,0,0,0,1,0,1,1
sms_spam_02859,932,train,ham,0,0,0,0,0,0,0,0,0,0,0,0,0,0,0,0,1,0,1,1
sms_spam_02860,4208,test,ham,0,0,0,0,0,0,0,0,0,0,0,1,0,0,0,0,1,0,1,0
sms_spam_02861,610,train,spam,0,0,0,1,0,0,0,0,1,1,0,0,0,1,0,1,0,0,0,0
sms_spam_02863,2533,train,ham,0,0,0,0,0,0,0,0,0,0,0,0,0,0,0,0,1,1,1,1
sms_spam_02862,697,train,ham,0,0,0,0,0,0,0,0,0,0,0,0,0,0,0,0,1,1,1,1
sms_spam_02864,2025,train,ham,0,0,0,0,0,0,0,0,0,0,0,0,0,0,0,0,1,0,1,1
sms_spam_02865,2454,train,ham,0,0,0,0,0,0,0,0,0,0,0,0,0,0,0,0,1,1,1,1
sms_spam_02866,3125,train,ham,0,0,0,0,0,0,0,0,0,0,0,0,0,0,0,0,1,1,1,1
sms_spam_02867,4818,train,ham,0,0,0,0,0,0,0,0,0,0,0,0,0,0,0,0,1,0,1,1
sms_spam_02868,3443,train,ham,0,0,0,0,0,0,0,0,0,0,0,0,0,0,0,0,1,0,1,1
sms_spam_02869,4158,test,ham,0,0,0,0,0,0,0,0,0,0,0,0,0,0,0,0,1,0,1,0
sms_spam_02870,2382,train,ham,0,0,0,0,0,0,0,0,0,0,0,0,0,0,0,0,1,1,0,0
sms_spam_02871,3265,train,ham,0,0,0,0,0,0,0,0,0,0,0,0,0,0,0,0,1,1,1,1
sms_spam_02872,1079,test,ham,0,0,0,0,0,0,0,0,0,0,0,0,0,0,0,0,1,0,1,1
sms_spam_02873,684,train,ham,0,0,0,0,0,0,0,0,0,0,0,0,0,0,0,0,1,1,1,1
sms_spam_02874,253,train,ham,0,0,0,0,0,0,0,0,0,0,0,0,0,0,0,0,1,0,1,1
sms_spam_02875,2570,train,ham,0,0,0,0,0,0,0,0,0,0,0,0,0,0,0,0,1,0,0,0
sms_spam_02876,1641,train,ham,0,0,0,0,0,0,0,0,0,0,0,0,0,0,0,0,1,1,1,1
sms_spam_02878,3274,train,ham,0,0,0,0,0,0,0,0,0,0,0,0,0,0,0,0,1,1,1,1
sms_spam_02877,1339,train,ham,0,0,0,0,0,0,0,0,0,0,0,0,0,0,0,0,1,1,1,1
sms_spam_02879,5360,train,ham,0,0,0,0,0,0,0,0,0,0,0,0,0,0,0,0,1,1,1,1
sms_spam_02880,451,train,ham,0,0,0,0,0,0,0,0,0,0,0,0,0,0,0,0,1,0,1,1
sms_spam_02881,1328,train,ham,0,0,0,0,0,0,0,0,0,0,0,0,0,0,0,0,1,1,1,0
sms_spam_02883,2288,train,ham,0,0,0,0,0,0,0,0,0,0,0,0,0,0,0,0,1,0,1,0
sms_spam_02882,445,train,ham,0,0,0,0,0,0,0,0,0,0,0,0,0,0,0,0,1,1,1,1
sms_spam_02884,3372,train,ham,0,0,0,0,0,0,0,0,0,0,0,0,0,0,0,0,1,0,1,1
sms_spam_02885,4979,train,ham,0,0,0,0,0,0,0,0,0,0,0,0,0,0,0,0,1,0,1,0
sms_spam_02886,3432,train,ham,0,0,0,0,0,0,0,0,0,0,0,0,0,0,0,0,1,0,1,0
sms_spam_02887,1471,train,ham,0,0,0,0,0,0,0,0,0,0,0,0,0,0,0,0,1,1,1,1
sms_spam_02889,5136,train,ham,0,0,0,0,0,0,0,0,0,0,0,0,0,0,0,0,1,1,1,0
sms_spam_02890,4083,train,ham,0,0,0,0,0,0,0,0,0,0,0,0,0,0,0,0,1,0,1,1
sms_spam_02888,973,train,ham,0,0,0,0,0,0,0,0,0,0,0,0,0,0,1,0,0,0,0,0
sms_spam_02891,1496,train,ham,0,0,0,0,0,0,0,0,0,0,0,0,0,1,0,0,1,0,1,0
sms_spam_02892,576,train,ham,0,0,0,0,0,0,0,0,0,0,0,0,0,0,0,0,1,0,1,1
sms_spam_02893,4613,test,ham,0,0,0,0,0,0,0,0,0,0,0,0,0,0,0,0,1,0,1,1
sms_spam_02894,1762,train,ham,0,0,0,0,0,0,0,0,0,0,0,0,0,0,0,0,1,0,1,0
sms_spam_02895,5204,test,ham,0,0,0,0,0,0,0,0,0,0,0,0,0,0,0,0,1,0,1,1
sms_spam_02896,787,test,spam,0,0,0,1,1,0,0,0,0,0,0,0,0,1,1,1,0,0,0,0
sms_spam_02897,5324,test,ham,0,0,0,0,0,0,0,0,0,0,0,0,0,0,0,0,1,1,1,1
sms_spam_02898,4027,train,ham,0,0,0,0,0,0,0,0,0,0,0,0,0,0,0,0,1,0,1,1
sms_spam_02899,2200,train,ham,0,0,0,0,0,0,0,0,0,0,0,0,0,0,0,0,1,1,1,1
sms_spam_02901,2759,test,ham,0,0,0,0,0,0,0,0,0,0,0,0,0,0,0,0,1,0,1,1
sms_spam_02900,807,train,ham,0,0,0,0,0,0,0,0,0,0,0,0,0,0,0,0,1,0,1,1
sms_spam_02902,4809,train,ham,0,0,0,0,0,0,0,0,1,1,0,0,0,1,0,1,1,0,1,0
sms_spam_02904,1873,train,spam,1,1,0,1,1,0,0,1,0,0,0,0,0,1,0,1,0,0,0,0
sms_spam_02903,825,train,ham,0,0,0,0,0,0,0,0,0,0,0,0,0,0,0,0,1,0,1,1
sms_spam_02905,4674,train,spam,0,0,0,0,1,0,0,1,0,0,0,0,1,1,0,0,1,1,1,1
sms_spam_02907,1858,train,ham,0,0,0,0,0,0,0,0,0,0,0,0,0,0,0,0,1,0,0,0
sms_spam_02908,4282,train,ham,0,0,0,0,0,0,0,0,0,0,0,0,0,0,0,0,1,0,1,0
sms_spam_02906,4287,test,ham,0,0,0,0,0,0,0,0,0,0,0,0,0,0,0,0,1,0,1,1
sms_spam_02909,722,train,ham,0,0,0,0,0,0,0,0,0,0,0,0,0,0,0,0,1,0,1,0
sms_spam_02910,5465,test,ham,0,0,0,0,0,0,0,0,0,0,0,0,0,0,0,0,1,0,1,0
sms_spam_02911,4736,train,ham,0,0,0,0,0,0,0,0,0,0,0,0,0,0,0,0,1,1,1,1
sms_spam_02914,465,train,ham,0,0,0,0,0,0,0,0,0,0,0,0,0,0,0,0,1,0,1,0
sms_spam_02913,671,test,spam,0,0,0,0,0,0,0,0,0,0,0,0,0,0,0,0,1,0,1,0
sms_spam_02912,2751,train,ham,0,0,0,0,0,0,0,0,0,0,0,0,0,0,0,0,1,0,1,0
sms_spam_02915,4647,train,ham,0,0,0,0,0,0,0,0,0,0,0,0,0,0,0,0,1,0,1,1
sms_spam_02916,2083,test,ham,0,0,0,0,0,0,0,0,0,0,0,0,0,0,0,0,1,0,1,1
sms_spam_02917,2489,train,ham,0,0,0,0,0,0,0,0,0,0,0,0,0,0,0,0,1,1,1,0
sms_spam_02918,1467,train,ham,0,0,0,0,0,0,0,0,0,0,0,0,0,0,0,0,1,0,1,0
sms_spam_02919,1089,train,ham,0,0,0,0,0,0,0,0,0,0,0,0,0,0,0,0,1,0,1,0
sms_spam_02920,4737,train,ham,0,0,0,0,0,0,0,0,0,0,0,0,0,0,0,0,1,0,1,1
sms_spam_02921,1212,train,ham,0,0,0,0,0,0,0,0,0,0,0,0,0,0,0,0,1,1,1,1
sms_spam_02922,5085,test,ham,0,0,0,0,0,0,0,0,0,0,0,0,0,1,0,0,1,0,1,1
sms_spam_02923,1921,train,ham,0,0,0,0,0,0,0,0,0,0,0,0,0,0,0,0,1,0,1,0
sms_spam_02924,2952,train,spam,1,1,0,1,1,0,0,1,1,1,0,1,0,1,0,1,0,0,0,0
sms_spam_02925,1854,train,ham,0,0,0,0,0,0,0,0,0,0,0,0,0,0,0,0,1,0,1,1
sms_spam_02926,5519,test,ham,0,0,0,0,0,0,0,0,0,0,0,0,0,0,0,0,1,0,1,1
sms_spam_02927,956,train,ham,0,0,0,0,0,0,0,0,0,0,0,0,0,0,0,0,1,0,1,0
sms_spam_02928,1113,train,ham,0,0,0,0,0,0,0,0,0,0,0,0,0,0,0,0,1,1,1,1
sms_spam_02929,641,train,ham,0,0,0,0,0,0,0,0,0,0,0,0,0,0,0,0,1,0,1,1
sms_spam_02930,2345,test,ham,0,0,0,0,0,0,0,0,0,0,0,0,0,0,0,0,1,1,1,0
sms_spam_02932,2406,train,ham,0,0,0,0,0,0,0,0,0,0,0,1,0,0,0,0,1,0,1,0
sms_spam_02933,1661,train,ham,0,0,0,0,0,0,0,0,0,0,0,0,0,0,0,0,1,1,1,1
sms_spam_02931,3980,train,ham,0,0,0,0,0,0,0,0,0,0,0,0,0,0,0,0,1,0,1,1
sms_spam_02934,885,train,ham,0,0,0,0,0,0,0,0,0,0,0,0,0,0,0,0,0,0,0,0
sms_spam_02935,3654,train,ham,0,0,0,0,0,0,0,0,0,0,0,0,0,0,0,0,0,0,0,0
sms_spam_02936,3032,train,ham,0,0,0,0,0,0,0,0,0,0,0,0,0,0,0,0,1,0,1,1
sms_spam_02939,4608,train,ham,0,0,0,0,0,0,0,0,0,0,0,0,0,0,0,0,1,0,1,1
sms_spam_02938,2813,test,ham,0,0,0,0,0,0,0,0,0,0,0,0,0,0,0,0,1,0,1,1
sms_spam_02937,5237,train,spam,0,0,0,1,1,0,0,0,0,0,0,0,0,1,0,1,0,0,0,0
sms_spam_02940,2423,test,ham,0,0,0,0,0,0,0,0,0,0,0,0,0,0,0,0,1,0,1,0
sms_spam_02941,2292,test,ham,0,0,0,0,0,0,0,0,0,0,0,0,0,0,0,0,1,0,1,1
sms_spam_02942,1210,train,ham,0,0,0,0,0,0,0,0,0,0,0,0,0,0,0,0,1,1,1,1
sms_spam_02944,5014,train,ham,0,0,0,0,1,0,0,0,0,0,0,0,0,0,0,0,1,1,1,1
sms_spam_02946,3507,train,ham,0,0,0,0,0,0,0,0,0,0,0,0,0,0,0,0,1,1,1,0
sms_spam_02945,782,test,ham,0,0,0,0,0,0,0,0,0,0,0,0,0,0,0,0,1,0,1,0
sms_spam_02943,3204,train,ham,0,0,0,0,0,0,0,0,0,0,0,0,0,0,0,0,1,0,1,0
sms_spam_02947,5192,train,ham,0,0,0,0,0,0,0,0,0,0,0,0,0,0,0,0,1,1,1,1
sms_spam_02948,3745,test,ham,0,0,0,0,0,0,0,0,0,0,0,0,0,0,0,0,1,0,1,1
sms_spam_02952,4045,train,spam,1,1,0,1,1,0,0,1,0,0,0,0,0,0,0,0,0,0,0,0
sms_spam_02950,1994,test,ham,0,0,0,0,0,0,0,0,0,0,0,0,0,0,0,0,1,0,1,0
sms_spam_02949,4464,test,ham,0,0,0,0,0,0,0,0,0,0,0,0,0,0,0,0,1,0,1,1
sms_spam_02951,3565,test,ham,0,0,0,0,0,0,0,0,0,0,0,0,0,0,0,0,1,1,1,1
sms_spam_02953,1696,train,ham,0,0,0,0,0,0,0,0,0,0,0,0,0,0,0,0,1,0,1,1
sms_spam_02954,1268,train,spam,0,0,0,0,1,0,0,1,1,0,0,1,0,1,0,1,0,1,1,0
sms_spam_02955,1213,train,ham,0,0,0,0,0,0,0,0,0,0,0,1,0,0,0,0,1,0,1,1
sms_spam_02957,4440,train,ham,0,0,0,0,0,0,0,0,0,0,0,0,0,0,0,0,1,1,1,1
sms_spam_02956,4219,train,ham,0,0,0,0,0,0,0,0,0,0,0,0,0,0,0,0,1,1,1,0
sms_spam_02958,5470,train,ham,0,0,0,0,0,0,0,0,0,0,0,0,0,0,0,0,1,0,1,1
sms_spam_02959,2485,train,ham,0,0,0,0,0,0,0,0,0,0,0,0,0,0,0,0,1,0,1,1
sms_spam_02960,2845,train,ham,0,0,0,0,0,0,0,0,0,0,0,0,0,0,0,0,1,1,1,1
sms_spam_02961,105,train,ham,0,0,0,0,0,0,0,0,0,0,0,0,0,0,0,0,1,0,1,1
sms_spam_02964,951,train,ham,0,0,0,0,0,0,0,0,0,0,0,0,0,0,0,0,1,0,1,1
sms_spam_02963,5162,train,ham,0,0,0,0,0,0,0,0,0,0,0,0,0,0,0,0,1,0,1,0
sms_spam_02962,2512,test,ham,0,0,0,0,1,0,0,1,0,0,0,0,0,0,0,0,1,0,1,1
sms_spam_02965,2577,train,ham,0,0,0,0,0,0,0,0,0,0,0,0,0,0,0,0,1,0,1,0
sms_spam_02966,985,train,ham,0,0,0,0,0,0,0,0,0,0,0,0,0,0,0,0,1,1,1,1
sms_spam_02967,5440,train,ham,0,0,0,0,0,0,0,0,0,0,0,0,0,0,0,0,1,0,1,1
sms_spam_02969,1185,test,ham,0,0,0,0,0,0,0,0,0,0,0,0,0,0,0,0,1,0,1,1
sms_spam_02968,4602,train,ham,0,0,0,0,0,0,0,0,0,0,0,0,0,0,0,0,1,1,1,1
sms_spam_02970,2565,test,ham,0,0,0,0,0,0,0,0,0,0,0,0,0,0,0,0,1,1,1,1
sms_spam_02971,4252,test,ham,0,0,0,0,0,0,0,0,0,0,0,0,0,0,0,0,1,1,1,1
sms_spam_02972,4124,train,ham,0,0,0,0,0,0,0,0,0,0,0,0,0,0,0,0,1,0,1,1
sms_spam_02973,1372,train,ham,0,0,0,0,0,0,0,0,0,0,0,0,0,0,0,0,1,0,1,0
sms_spam_02974,519,train,ham,0,0,0,0,0,0,0,0,0,0,0,0,0,1,0,0,1,0,1,1
sms_spam_02976,636,train,ham,0,0,0,0,0,0,0,0,0,0,0,0,0,0,0,0,1,0,1,0
sms_spam_02975,2409,test,ham,0,0,0,0,0,0,0,0,0,0,0,1,0,0,0,0,1,0,1,1
sms_spam_02977,5296,train,ham,0,0,0,0,0,0,0,0,0,0,0,0,0,0,0,0,1,1,1,1
sms_spam_02978,1067,train,ham,0,0,0,0,0,0,0,0,0,0,0,0,0,1,0,0,1,1,1,1
sms_spam_02980,4446,train,ham,0,0,0,0,0,0,0,0,0,0,0,0,0,0,0,0,1,0,1,1
sms_spam_02979,355,test,ham,0,0,0,0,0,0,0,0,0,0,0,0,0,0,0,0,1,1,1,1
sms_spam_02982,3225,train,ham,0,0,0,0,0,0,0,0,0,0,0,0,0,1,0,1,0,0,1,0
sms_spam_02981,4301,train,ham,0,0,0,0,0,0,0,0,0,0,0,0,0,1,0,0,1,0,1,1
sms_spam_02983,3452,train,ham,0,0,0,0,0,0,0,0,0,0,0,1,0,0,0,0,1,0,1,0
sms_spam_02984,180,train,ham,0,0,0,0,1,0,0,1,0,0,0,0,0,0,0,0,1,0,1,1
sms_spam_02986,648,train,ham,0,0,0,0,0,0,0,0,0,0,0,0,0,0,0,0,1,0,1,1
sms_spam_02985,1440,train,ham,0,0,0,0,0,0,0,0,0,0,0,0,0,0,0,0,1,0,1,0
sms_spam_02987,874,train,ham,0,0,0,0,0,0,0,0,0,0,0,1,0,0,0,0,0,0,1,0
sms_spam_02988,4460,train,ham,0,0,0,0,1,0,0,1,0,0,0,0,0,0,0,0,1,1,1,1
sms_spam_02989,748,test,ham,0,0,0,0,0,0,0,0,0,0,0,0,0,0,0,0,1,0,1,1
sms_spam_02990,2848,train,spam,1,0,0,1,1,0,0,1,1,0,0,1,0,1,0,1,0,0,0,0
sms_spam_02991,2328,train,ham,0,0,0,0,0,0,0,0,0,0,0,0,0,0,0,0,1,0,1,1
sms_spam_02992,5316,test,ham,0,0,0,0,0,0,0,0,0,0,0,0,0,0,0,0,1,0,1,1
sms_spam_02993,1596,train,spam,1,1,0,1,1,1,0,1,0,0,0,0,0,1,0,1,0,0,0,0
sms_spam_02994,958,test,ham,0,0,1,0,1,0,0,0,0,0,0,0,0,1,1,1,0,0,0,0
sms_spam_02995,4829,train,ham,0,0,0,0,0,0,0,0,0,0,0,0,0,0,0,0,1,0,1,0
sms_spam_02997,3136,train,ham,0,0,0,0,0,0,0,0,0,0,0,0,0,0,0,0,1,0,1,1
sms_spam_02996,2479,train,spam,0,0,0,1,0,1,0,0,0,0,0,0,0,1,0,0,0,0,0,0
sms_spam_02998,2863,train,ham,0,0,0,0,0,0,0,0,0,0,0,0,0,0,0,0,1,1,1,1
sms_spam_02999,2466,train,ham,0,0,0,0,0,0,0,0,0,0,0,0,0,0,0,0,1,0,1,0
sms_spam_03000,4402,train,ham,0,0,0,0,0,0,0,0,0,0,0,0,0,0,0,0,1,0,1,0
sms_spam_03001,3967,test,ham,0,0,0,0,0,0,0,0,0,0,0,0,0,0,0,0,1,0,1,1
sms_spam_03003,5138,train,ham,0,0,0,0,0,0,0,0,0,0,0,0,0,0,0,0,1,1,1,1
sms_spam_03002,5447,train,ham,0,0,0,0,1,0,0,1,0,0,0,0,0,0,0,0,1,0,1,1
sms_spam_03004,5198,train,ham,0,0,0,0,0,0,0,0,0,0,0,0,0,0,0,0,1,0,1,1
sms_spam_03005,520,train,ham,0,0,0,0,0,0,0,0,0,0,0,0,0,0,0,0,1,0,1,1
sms_spam_03006,2628,train,ham,0,0,0,0,0,0,0,0,0,0,0,0,0,0,0,0,1,0,1,1
sms_spam_03007,1469,train,ham,0,0,0,0,0,0,0,0,0,0,0,0,0,0,0,0,1,0,1,0
sms_spam_03009,1145,train,spam,1,1,0,1,0,0,0,0,0,0,0,0,0,1,0,0,0,0,0,0
sms_spam_03008,3735,train,ham,0,0,0,0,0,0,0,0,0,0,0,0,0,0,0,0,1,0,0,0
sms_spam_03010,134,train,spam,0,0,0,1,1,0,0,1,0,0,0,0,0,1,0,1,0,0,0,0
sms_spam_03011,3709,test,ham,0,0,0,0,0,0,0,0,1,0,0,1,0,0,0,1,1,0,1,0
sms_spam_03012,323,train,ham,0,0,0,0,0,0,0,0,0,0,0,0,0,0,0,0,1,1,1,1
sms_spam_03013,4198,train,spam,0,0,0,1,1,0,0,1,1,0,0,1,0,1,0,1,0,0,1,0
sms_spam_03015,1677,train,ham,0,0,0,0,0,0,0,0,0,0,0,0,0,0,0,0,1,0,1,1
sms_spam_03014,2250,train,ham,0,0,1,0,0,0,0,0,0,0,1,0,0,0,0,0,0,0,0,1
sms_spam_03016,910,test,ham,0,0,0,0,0,0,0,0,0,0,0,0,0,0,0,0,1,1,1,1
sms_spam_03017,2545,test,ham,0,0,0,0,0,0,0,0,0,0,0,0,0,0,0,0,1,0,1,1
sms_spam_03018,705,train,ham,0,0,0,0,0,0,0,0,0,0,0,0,0,0,0,0,1,1,1,1
sms_spam_03019,1632,train,ham,0,0,0,0,0,0,0,0,0,0,0,0,0,0,0,0,1,1,1,0
sms_spam_03020,4308,test,ham,0,0,0,0,0,0,0,0,0,0,0,0,0,0,0,0,1,1,1,1
sms_spam_03021,1442,train,ham,0,0,0,0,0,0,0,0,0,0,0,0,0,0,0,0,1,0,1,1
sms_spam_03022,2993,test,ham,0,0,0,0,0,0,0,0,0,0,0,0,0,0,0,0,1,1,1,1
sms_spam_03023,2365,train,ham,0,0,0,0,0,0,0,0,0,0,0,0,0,0,0,0,1,1,1,1
sms_spam_03024,871,train,ham,0,0,0,0,0,0,0,0,0,0,0,0,0,0,0,0,1,0,1,1
sms_spam_03025,5421,train,ham,0,0,0,0,0,0,0,0,0,0,0,0,0,0,0,0,1,1,1,1
sms_spam_03026,5167,train,ham,0,0,0,0,0,0,0,0,0,0,0,0,0,0,0,0,1,0,1,1
sms_spam_03028,5503,test,ham,0,0,0,0,0,0,0,0,0,0,0,0,0,0,1,0,1,1,1,1
sms_spam_03027,4518,train,ham,0,0,0,0,0,0,0,0,0,0,0,0,0,0,0,0,1,1,1,1
sms_spam_03029,1242,train,ham,0,0,0,0,0,0,0,0,0,0,0,0,0,0,0,0,1,1,1,1
sms_spam_03030,2315,train,ham,0,0,0,0,0,0,0,0,0,0,0,0,0,0,0,0,1,0,1,1
sms_spam_03031,211,train,ham,0,0,0,0,0,0,0,0,0,0,0,0,0,0,0,0,1,1,1,1
sms_spam_03032,5040,test,ham,0,0,0,0,0,0,0,0,0,0,0,0,0,0,0,0,1,1,1,0
sms_spam_03034,49,train,ham,0,0,0,0,0,0,0,0,0,0,0,0,0,0,0,0,1,1,1,1
sms_spam_03033,2958,train,ham,0,0,0,0,0,0,0,0,0,0,0,0,0,0,0,0,1,0,1,1
sms_spam_03035,2141,train,ham,0,0,0,0,0,0,0,0,0,0,0,0,0,0,0,0,1,0,1,1
sms_spam_03036,571,test,ham,0,0,0,0,0,0,0,0,0,0,0,0,0,0,0,0,1,0,1,0
sms_spam_03037,5411,train,ham,0,0,0,0,0,0,0,0,0,0,0,0,0,0,0,0,1,1,1,1
sms_spam_03038,2091,train,ham,0,0,0,0,1,0,0,1,0,0,0,0,0,1,0,1,1,0,1,1
sms_spam_03041,155,test,ham,0,0,0,0,0,0,0,0,0,0,0,0,0,0,0,0,1,1,1,0
sms_spam_03039,4204,test,spam,1,1,1,1,0,0,0,0,1,0,0,1,1,0,0,1,0,0,0,0
sms_spam_03040,2474,train,ham,0,0,0,0,0,0,0,0,0,0,0,0,0,0,0,0,1,0,1,0
sms_spam_03042,3334,train,ham,0,0,0,0,0,0,0,0,0,0,0,0,0,0,0,0,1,1,1,1
sms_spam_03043,3281,train,ham,0,0,0,0,1,0,0,1,0,0,0,0,0,0,0,0,1,0,1,1
sms_spam_03044,2541,train,ham,0,0,0,0,0,0,0,0,0,0,0,0,0,1,0,0,1,0,1,1
sms_spam_03046,1868,train,ham,0,0,0,0,0,0,0,0,0,0,0,0,0,0,0,0,1,0,1,0
sms_spam_03047,1938,test,ham,0,0,0,1,0,0,0,0,0,0,0,1,0,0,0,0,0,0,1,0
sms_spam_03045,4087,train,ham,0,0,0,0,0,0,0,0,0,0,0,0,0,0,0,0,1,0,1,0
sms_spam_03048,4077,train,ham,0,0,0,0,0,0,0,0,0,0,0,0,0,0,0,0,1,0,1,0
sms_spam_03049,4391,train,ham,0,0,0,0,0,0,0,0,0,0,0,0,0,0,0,0,1,1,1,0
sms_spam_03050,3812,train,ham,0,0,0,0,0,0,0,0,0,0,0,0,0,0,0,0,1,0,1,0
sms_spam_03051,896,train,ham,0,0,0,0,0,0,0,0,0,0,0,0,0,0,0,0,1,0,1,0
sms_spam_03052,3786,test,ham,0,0,0,0,0,0,0,0,0,0,0,1,0,0,0,0,0,0,0,0
sms_spam_03053,4334,test,ham,0,0,0,0,0,0,0,0,0,0,0,0,0,0,0,0,1,0,1,1
sms_spam_03054,205,train,ham,0,0,0,0,0,0,0,0,0,0,0,0,0,0,0,0,1,0,1,1
sms_spam_03055,95,test,spam,1,0,0,1,0,1,0,0,1,0,0,0,0,1,1,1,0,0,0,0
sms_spam_03056,694,train,ham,0,0,0,0,0,0,0,0,0,0,0,0,0,0,0,0,1,0,1,0
sms_spam_03057,4123,train,ham,0,0,0,0,0,0,0,0,0,0,0,0,0,0,0,0,1,1,1,1
sms_spam_03058,3564,train,ham,0,0,0,0,0,0,0,0,0,0,0,0,0,0,0,0,0,0,1,0
sms_spam_03059,916,train,ham,0,0,0,0,0,0,0,0,0,0,0,0,0,0,0,0,1,0,1,1
sms_spam_03060,672,train,spam,0,0,0,1,1,1,0,1,0,0,0,0,0,1,0,1,0,0,0,0
sms_spam_03062,3646,train,ham,0,0,0,0,0,0,0,0,0,0,0,0,0,0,0,0,1,1,1,1
sms_spam_03064,5410,train,ham,0,0,0,0,0,0,0,0,0,0,0,0,0,1,0,1,1,1,1,1
sms_spam_03063,239,train,spam,0,0,0,1,1,0,0,0,1,0,0,0,0,1,0,1,0,0,1,0
sms_spam_03061,3167,train,ham,0,0,0,0,0,0,0,0,0,0,0,0,0,0,0,0,1,0,1,1
sms_spam_03065,1464,train,ham,0,0,0,0,0,0,0,0,0,0,0,0,0,0,0,0,1,1,1,1
sms_spam_03066,5362,train,ham,0,0,0,0,0,0,0,0,0,0,0,0,0,0,0,0,1,0,1,1
sms_spam_03067,5336,train,ham,0,0,0,0,0,0,0,0,0,0,0,0,0,0,0,0,1,1,1,1
sms_spam_03071,5441,train,ham,0,0,0,0,0,0,0,0,0,0,0,0,0,0,0,0,1,1,1,1
sms_spam_03069,3630,train,ham,0,0,0,0,0,0,0,0,0,0,0,0,0,0,0,0,1,0,1,0
sms_spam_03070,1359,train,ham,0,0,0,0,0,0,0,0,1,0,1,0,0,0,0,1,0,0,1,0
sms_spam_03068,2455,test,ham,0,0,0,1,0,0,0,0,0,0,0,0,0,0,0,0,1,0,1,1
sms_spam_03072,700,train,ham,0,0,0,0,1,0,0,1,0,0,0,0,0,0,0,0,1,0,1,0
sms_spam_03073,898,train,ham,0,0,0,0,0,0,0,0,0,0,0,0,0,0,0,0,1,1,1,1
sms_spam_03074,1655,train,ham,0,0,0,0,0,0,0,0,0,0,0,0,0,0,0,0,1,1,1,1
sms_spam_03075,5462,train,spam,1,0,0,1,1,0,0,1,1,0,0,1,1,1,0,1,0,0,0,0
sms_spam_03076,2924,train,ham,0,0,0,0,0,0,0,0,0,0,0,0,0,0,0,0,1,1,1,1
sms_spam_03077,4756,train,ham,0,0,0,0,0,0,0,0,0,0,0,0,0,0,0,0,1,1,1,1
sms_spam_03078,1361,train,ham,0,0,0,0,0,0,0,0,0,0,0,0,0,0,0,0,1,1,1,1
sms_spam_03079,4303,train,ham,0,0,0,0,0,0,0,0,0,0,0,0,0,0,0,0,1,1,1,1
sms_spam_03080,1594,train,ham,0,0,0,0,0,0,0,0,0,0,0,0,0,0,0,0,1,0,1,0
sms_spam_03081,2033,train,ham,0,0,0,0,0,0,0,0,0,0,0,1,0,0,0,0,1,0,1,0
sms_spam_03083,4241,train,spam,1,0,0,1,0,1,1,0,0,0,0,1,1,0,0,0,0,0,0,0
sms_spam_03082,2893,train,ham,0,0,0,0,0,0,0,0,0,0,0,0,0,0,0,0,1,1,1,1
sms_spam_03084,3005,train,ham,0,0,0,0,0,0,0,0,0,0,0,0,0,0,0,0,1,0,1,1
sms_spam_03085,4819,train,spam,0,0,0,1,0,0,0,0,0,0,0,0,1,0,0,0,0,0,0,0
sms_spam_03086,243,train,ham,0,0,0,0,0,0,0,0,0,0,0,0,0,0,0,0,1,0,1,1
sms_spam_03087,816,train,ham,0,0,0,0,0,0,0,0,0,0,0,0,0,0,0,0,1,0,1,1
sms_spam_03089,2270,train,ham,0,0,0,0,0,0,0,0,0,0,0,0,0,0,0,0,1,1,1,1
sms_spam_03088,1173,train,ham,0,0,0,0,0,0,0,0,0,0,0,0,0,0,0,0,1,1,1,1
sms_spam_03090,3317,train,ham,0,0,0,0,0,0,0,0,0,0,0,0,0,0,0,0,1,0,1,0
sms_spam_03091,3061,train,ham,0,0,0,0,0,0,0,0,0,0,0,0,0,0,0,0,1,0,1,1
sms_spam_03092,4561,train,ham,0,0,0,0,1,0,0,1,0,0,0,0,0,0,0,0,1,0,1,1
sms_spam_03093,1136,train,spam,0,0,1,1,0,1,0,0,0,0,0,0,0,1,0,0,0,0,0,0
sms_spam_03094,2150,train,ham,0,0,0,0,0,0,0,0,0,0,0,0,0,0,0,0,1,1,1,1
sms_spam_03095,76,train,ham,0,0,0,0,0,0,0,0,0,0,0,0,0,0,0,0,1,0,1,1
sms_spam_03096,5352,train,ham,0,0,0,0,0,0,0,0,0,0,0,0,0,0,0,0,1,0,1,0
sms_spam_03097,2089,train,ham,0,0,0,0,1,0,0,1,0,0,0,0,0,0,0,0,1,1,1,1
sms_spam_03098,724,train,ham,0,0,0,0,0,0,0,0,0,0,0,0,0,0,0,0,1,0,1,0
sms_spam_03099,2127,train,ham,0,0,0,0,0,0,0,0,0,0,0,0,0,0,0,0,1,1,1,0
sms_spam_03100,2394,train,ham,0,0,0,0,0,0,0,0,0,0,0,0,0,0,0,0,1,0,1,1
sms_spam_03101,2191,train,ham,0,0,0,0,0,0,0,0,0,0,0,0,0,0,0,0,1,0,1,1
sms_spam_03102,1286,test,ham,0,0,0,0,0,0,0,0,0,0,0,0,0,0,0,0,1,0,1,0
sms_spam_03103,1718,train,ham,0,0,0,0,0,0,0,0,0,0,0,0,0,0,0,0,1,0,1,0
sms_spam_03104,1468,test,spam,0,0,0,0,1,0,0,1,0,0,0,0,0,1,0,0,1,1,1,1
sms_spam_03105,884,train,ham,0,0,0,0,0,0,0,0,0,0,0,0,0,0,0,0,1,0,1,0
sms_spam_03106,176,test,ham,0,0,0,0,0,0,0,0,0,0,0,0,0,0,0,0,1,1,1,1
sms_spam_03107,1032,train,ham,0,0,0,0,0,0,0,0,0,0,0,1,0,0,0,0,1,0,1,0
sms_spam_03108,450,train,ham,0,0,0,0,0,0,0,0,0,0,0,0,0,0,0,0,1,0,1,1
sms_spam_03109,2122,train,ham,0,0,0,0,0,0,0,0,0,0,0,0,0,0,0,0,1,0,0,0
sms_spam_03110,373,train,ham,0,0,0,0,1,0,0,1,0,0,0,0,0,1,0,1,1,0,1,1
sms_spam_03112,3730,train,ham,0,0,0,0,0,0,0,0,0,0,0,0,0,0,0,0,1,1,1,0
sms_spam_03111,3087,train,ham,0,0,0,0,0,0,0,0,0,0,0,0,0,0,0,0,1,0,1,0
sms_spam_03113,1688,train,ham,0,0,0,0,0,0,0,0,0,0,0,0,0,0,0,0,1,0,1,1
sms_spam_03114,2424,train,ham,0,0,0,0,0,0,0,0,0,0,0,0,0,0,0,0,1,0,1,1
sms_spam_03115,4275,train,ham,0,0,0,0,0,0,0,0,0,0,0,0,0,0,0,0,1,1,1,0
sms_spam_03116,4537,train,ham,0,0,0,0,0,0,0,0,0,0,0,0,0,0,0,0,1,0,1,1
sms_spam_03118,3875,test,ham,0,0,0,0,0,0,0,0,0,0,0,0,0,0,0,0,1,0,1,1
sms_spam_03117,914,train,ham,0,0,0,0,0,0,0,0,0,0,0,0,0,1,0,0,1,0,1,0
sms_spam_03119,3991,train,ham,0,0,0,0,0,0,0,0,0,0,0,0,0,0,0,0,1,1,1,1
sms_spam_03120,5106,train,ham,0,0,0,0,0,0,0,0,0,0,0,0,0,0,0,0,1,0,1,0
sms_spam_03121,1262,test,spam,0,0,0,1,1,0,0,1,1,0,0,0,0,1,0,1,0,0,0,0
sms_spam_03122,3808,train,ham,0,0,0,0,0,0,0,0,0,0,0,0,0,0,0,0,1,1,1,0
sms_spam_03124,5072,test,ham,0,0,0,0,0,0,0,0,0,0,0,0,0,0,0,0,1,0,1,0
sms_spam_03123,329,train,ham,0,0,0,0,0,0,0,0,0,0,0,0,0,0,0,0,1,0,1,1
sms_spam_03125,2095,train,ham,0,0,0,0,0,0,0,0,0,0,0,0,0,0,0,0,1,0,1,1
sms_spam_03126,170,train,ham,0,0,1,0,0,0,0,0,0,0,0,0,0,0,1,0,0,0,0,0
sms_spam_03127,4856,test,ham,0,0,0,0,0,0,0,0,0,0,0,1,0,0,0,0,1,0,1,1
sms_spam_03128,2458,train,ham,0,0,0,0,0,0,0,0,0,0,0,0,0,0,0,0,1,1,1,1
sms_spam_03130,2750,test,ham,0,0,0,0,0,0,0,0,0,0,0,0,0,0,0,0,1,1,1,1
sms_spam_03129,513,train,ham,0,0,0,0,0,0,0,0,0,0,0,0,0,0,0,0,1,0,1,1
sms_spam_03131,4932,train,ham,0,0,0,0,0,1,0,0,0,0,0,0,0,1,0,0,0,0,0,0
sms_spam_03132,1315,train,ham,0,0,0,0,0,0,0,0,0,0,0,0,0,0,0,0,1,0,1,0
sms_spam_03133,3891,train,spam,1,1,0,1,1,0,0,1,1,0,0,1,0,1,0,1,0,0,0,1
sms_spam_03134,3233,train,ham,0,0,0,0,0,0,0,0,0,0,0,0,0,0,0,0,1,1,1,1
sms_spam_03135,2804,train,ham,0,0,0,0,0,0,0,0,0,0,0,0,0,0,0,0,1,0,1,1
sms_spam_03136,4432,test,ham,0,0,0,0,0,0,0,0,0,0,0,0,0,0,0,0,1,1,1,1
sms_spam_03137,865,train,spam,1,1,0,1,1,1,0,1,0,0,0,0,1,1,0,1,0,0,0,0
sms_spam_03138,5283,train,ham,0,0,0,0,0,0,0,0,0,0,0,0,0,0,0,0,1,0,1,1
sms_spam_03140,4923,train,ham,0,0,0,0,0,0,0,0,0,0,0,0,0,0,0,0,1,1,1,1
sms_spam_03139,2768,train,ham,0,0,0,0,0,0,0,0,0,0,0,0,0,0,0,0,1,1,1,1
sms_spam_03141,27,train,ham,0,0,0,0,0,0,0,0,0,0,0,0,0,0,0,0,1,0,1,0
sms_spam_03142,2039,test,ham,0,0,0,0,0,0,0,0,0,0,0,0,0,0,0,0,1,0,1,0
sms_spam_03143,1564,test,ham,0,0,0,0,0,0,0,0,0,0,0,0,0,0,0,0,1,1,1,1
sms_spam_03144,127,train,ham,0,0,0,0,0,0,0,0,0,0,0,0,0,0,0,0,1,0,0,0
sms_spam_03145,2791,train,ham,0,0,0,0,0,0,0,0,0,0,0,0,0,0,0,0,1,1,1,1
sms_spam_03146,970,train,ham,0,0,0,0,0,0,0,0,0,0,0,0,0,0,0,0,1,1,1,1
sms_spam_03148,4875,train,spam,0,0,0,1,0,0,0,0,0,0,0,0,1,1,0,1,0,0,0,0
sms_spam_03147,2513,train,spam,1,1,0,1,0,1,0,0,1,0,0,0,0,1,0,1,0,0,0,0
sms_spam_03149,1221,train,ham,0,0,0,0,0,0,0,0,0,0,0,0,0,0,0,0,1,0,0,0
sms_spam_03150,4426,test,ham,0,0,0,0,1,0,0,0,0,0,0,0,0,0,0,0,1,0,1,1
sms_spam_03151,2569,test,ham,0,0,0,0,0,0,0,0,0,0,0,0,0,0,0,0,1,0,1,1
sms_spam_03152,1651,train,ham,0,0,0,0,0,0,0,0,0,0,0,0,0,0,0,0,1,0,1,1
sms_spam_03154,1757,train,ham,0,0,0,0,0,0,0,0,0,0,0,0,0,0,0,0,1,0,1,0
sms_spam_03155,3857,train,ham,0,0,0,0,0,0,0,0,0,0,0,0,0,0,0,0,1,0,1,0
sms_spam_03153,1229,train,ham,0,0,0,0,0,0,0,0,0,0,0,0,0,0,0,0,1,0,1,1
sms_spam_03156,2460,train,ham,0,0,0,0,0,0,0,0,0,0,0,0,0,0,0,0,1,0,1,1
sms_spam_03157,5355,train,ham,0,0,0,0,0,0,0,0,0,0,0,0,0,0,0,0,1,0,1,0
sms_spam_03158,3257,train,ham,0,0,0,0,0,0,0,0,0,0,0,0,0,0,0,0,1,1,1,1
sms_spam_03159,3015,train,ham,0,0,0,0,0,0,0,0,0,0,0,1,0,0,0,0,1,0,1,0
sms_spam_03160,1922,train,ham,0,0,0,0,0,0,0,0,0,0,0,0,0,0,0,0,1,1,1,1
sms_spam_03161,5146,train,ham,0,0,0,0,0,0,0,0,0,0,0,0,0,0,0,0,1,1,1,1
sms_spam_03162,420,train,ham,0,0,0,0,0,0,0,0,0,0,0,0,0,0,0,0,1,0,1,1
sms_spam_03163,4108,train,ham,0,0,0,0,0,0,0,0,0,0,0,0,0,0,0,0,1,0,1,0
sms_spam_03164,2133,train,ham,0,0,0,0,0,0,0,0,0,0,0,0,0,0,0,0,1,1,1,1
sms_spam_03165,1588,test,ham,0,0,0,0,0,0,0,0,0,0,0,0,0,0,0,0,1,1,1,0
sms_spam_03166,1324,test,ham,0,0,0,0,0,0,0,0,1,1,0,0,0,1,0,1,1,0,1,0
sms_spam_03167,5239,train,ham,0,0,0,0,0,0,0,0,0,0,0,0,0,0,0,0,1,1,1,1
sms_spam_03168,4459,train,ham,0,0,0,0,0,0,0,0,0,0,0,0,0,0,0,0,1,1,1,1
sms_spam_03169,1818,train,ham,0,0,0,0,0,0,0,0,0,0,0,0,0,0,0,0,1,0,1,0
sms_spam_03172,1969,train,spam,1,1,0,1,1,1,0,1,1,0,0,1,0,1,0,1,0,0,0,0
sms_spam_03170,1693,test,ham,0,0,0,0,0,0,0,0,0,0,0,0,0,0,0,0,1,1,1,1
sms_spam_03171,607,train,ham,0,0,0,0,0,0,0,0,0,0,0,0,0,0,0,0,1,1,1,1
sms_spam_03173,4352,train,ham,0,0,0,0,0,0,0,0,0,0,0,0,0,0,0,0,1,0,1,0
sms_spam_03174,1409,test,ham,0,0,0,0,0,0,0,0,0,0,0,0,0,0,0,0,1,0,1,0
sms_spam_03175,3416,train,ham,0,0,0,0,0,0,0,0,0,0,0,0,0,0,0,0,1,0,1,1
sms_spam_03177,1211,test,ham,0,0,0,0,0,0,0,0,0,0,0,0,0,0,0,0,1,1,1,1
sms_spam_03176,1709,test,ham,0,0,0,0,0,0,0,0,0,0,0,0,0,0,0,0,1,1,1,1
sms_spam_03179,3842,train,ham,0,0,0,0,0,0,0,0,0,0,0,0,0,0,0,0,1,0,1,0
sms_spam_03178,2180,test,ham,0,0,0,0,0,0,0,0,0,0,0,0,0,0,0,0,1,0,1,0
sms_spam_03180,4229,test,ham,0,0,0,0,0,0,0,0,0,0,0,0,0,0,0,0,1,0,1,1
sms_spam_03181,2183,train,ham,0,0,0,0,0,0,0,0,0,0,0,0,0,0,0,0,1,1,1,1
sms_spam_03182,4947,train,spam,0,0,0,1,0,1,0,0,0,0,0,0,0,0,0,0,0,0,0,0
sms_spam_03184,1168,test,ham,0,0,0,0,0,0,0,0,0,0,0,0,0,0,0,0,1,1,1,1
sms_spam_03183,5489,train,ham,0,0,0,0,0,0,0,0,0,0,0,0,0,0,0,0,1,0,1,1
sms_spam_03185,5473,train,ham,0,0,0,0,0,0,0,0,0,0,0,0,0,1,0,0,1,0,1,1
sms_spam_03186,678,train,ham,0,0,0,0,0,0,0,0,0,0,0,0,0,0,0,0,1,0,1,0
sms_spam_03187,1148,test,ham,0,0,0,0,0,0,0,0,0,0,0,0,0,0,0,0,1,1,1,1
sms_spam_03188,507,test,ham,0,0,0,0,1,0,0,1,0,0,0,0,0,0,0,0,1,1,1,1
sms_spam_03190,727,train,ham,0,0,0,0,0,0,0,0,0,0,0,0,0,0,0,0,1,0,1,1
sms_spam_03189,3496,train,ham,0,0,0,0,0,0,0,0,0,0,0,0,0,0,0,0,1,0,1,0
sms_spam_03191,1711,train,ham,0,0,0,0,0,0,0,0,0,0,0,0,0,1,0,0,1,0,1,1
sms_spam_03192,44,test,ham,0,0,0,0,0,0,0,0,0,0,0,0,0,0,0,0,1,0,1,1
sms_spam_03193,2286,train,ham,0,0,0,0,0,0,0,0,0,0,0,0,0,0,0,0,1,0,1,1
sms_spam_03194,3147,train,ham,0,0,0,0,0,0,0,0,0,0,0,1,0,0,0,0,1,1,1,1
sms_spam_03195,1129,train,ham,0,0,0,0,0,0,0,0,0,0,0,0,0,0,0,1,1,0,0,1
sms_spam_03196,3748,test,spam,1,1,0,1,0,1,0,0,0,0,0,0,0,1,0,1,0,0,0,0
sms_spam_03197,1791,train,ham,0,0,0,0,0,0,0,0,0,0,0,0,0,0,0,0,1,1,1,1
sms_spam_03198,839,train,spam,1,0,1,1,1,0,1,1,1,1,0,1,0,1,0,1,0,0,0,0
sms_spam_03199,2252,train,ham,0,0,0,0,0,0,0,0,0,0,0,0,0,0,0,0,1,1,1,1
sms_spam_03201,5230,train,ham,0,0,0,0,0,0,0,0,0,0,0,0,0,0,0,0,1,0,1,1
sms_spam_03203,897,train,ham,0,0,0,0,0,0,0,0,0,0,0,0,0,0,0,0,1,1,1,1
sms_spam_03202,473,train,spam,0,0,0,1,1,0,0,1,0,0,0,0,0,1,0,1,0,0,1,0
sms_spam_03200,262,train,ham,0,0,0,0,0,0,0,0,0,0,0,0,0,1,0,1,1,0,1,0
sms_spam_03204,4447,train,ham,0,0,0,0,0,0,0,0,0,0,0,0,0,0,0,0,1,0,1,1
sms_spam_03205,2144,train,spam,0,0,0,1,1,0,0,1,0,0,0,0,0,1,0,1,0,0,1,0
sms_spam_03206,4962,train,ham,0,0,0,0,0,0,0,0,0,0,0,0,0,0,0,0,1,0,1,0
sms_spam_03209,3468,train,ham,0,0,0,0,0,0,0,0,0,0,0,0,0,0,0,0,1,1,1,0
sms_spam_03208,4201,train,ham,0,0,0,0,0,0,0,0,0,0,0,0,0,0,0,0,1,0,1,1
sms_spam_03207,828,test,ham,0,0,0,0,1,0,0,1,0,0,0,0,0,0,0,0,1,1,1,1
sms_spam_03210,692,test,ham,0,0,0,0,0,0,0,0,0,0,0,0,0,0,0,0,1,1,1,0
sms_spam_03211,1580,train,ham,0,0,0,0,0,0,0,0,0,0,0,0,0,0,0,0,1,1,1,1
sms_spam_03212,2036,train,ham,0,0,0,0,0,0,0,0,0,0,0,0,0,0,0,0,1,0,0,0
sms_spam_03213,1937,train,ham,0,0,0,0,0,0,0,0,0,0,0,0,0,0,0,0,1,0,1,1
sms_spam_03215,3621,train,ham,0,0,0,0,0,0,0,0,0,0,0,0,0,0,0,0,1,0,1,0
sms_spam_03214,5505,train,ham,0,0,0,0,0,0,0,0,0,0,0,0,0,0,0,0,1,1,1,1
sms_spam_03216,1489,train,ham,0,0,0,0,0,0,0,0,0,0,0,0,0,0,0,0,1,0,1,1
sms_spam_03217,2870,train,ham,0,0,0,0,0,0,0,0,0,0,0,0,0,0,0,0,1,0,1,1
sms_spam_03219,2529,test,ham,0,0,0,0,0,0,0,0,0,0,0,0,0,0,0,1,1,1,1,1
sms_spam_03218,3512,test,ham,0,0,0,0,0,0,0,0,0,0,0,0,0,0,0,0,1,1,0,0
sms_spam_03220,2615,test,ham,0,0,0,0,0,0,0,0,0,0,0,0,0,0,0,0,1,0,1,0
sms_spam_03221,796,test,spam,1,1,1,1,0,1,0,0,1,1,0,1,0,1,0,1,0,0,0,0
sms_spam_03222,4853,train,ham,0,0,0,0,1,0,0,1,0,0,0,0,0,0,0,0,1,0,0,1
sms_spam_03223,3181,train,ham,0,0,0,0,0,0,0,0,0,0,0,1,0,0,0,0,1,1,1,0
sms_spam_03224,128,train,ham,0,0,0,0,0,0,0,0,0,0,0,0,0,1,0,0,1,1,1,1
sms_spam_03225,3861,train,ham,0,0,0,0,0,0,0,0,0,0,0,0,0,0,0,0,1,0,1,0
sms_spam_03226,2022,train,spam,1,0,0,1,1,0,0,1,1,0,0,1,1,1,0,1,0,0,0,0
sms_spam_03227,2152,train,ham,0,0,1,0,0,0,0,0,0,0,0,0,0,0,0,1,0,0,0,0
sms_spam_03228,4003,train,ham,0,0,0,0,0,0,0,0,0,0,0,0,0,0,0,0,1,1,1,1
sms_spam_03229,720,train,ham,0,0,0,0,0,0,0,0,0,0,0,0,0,1,0,0,1,0,0,1
sms_spam_03231,3770,train,ham,0,0,0,0,0,0,0,0,0,0,0,0,0,0,0,0,1,0,1,1
sms_spam_03230,4762,train,ham,0,0,0,0,0,0,0,0,0,0,0,0,0,0,0,0,1,0,1,0
sms_spam_03233,2515,train,ham,0,0,0,0,0,0,0,0,0,0,0,0,0,0,0,0,1,0,1,1
sms_spam_03232,2833,train,ham,0,0,0,0,0,0,0,0,0,0,0,0,0,0,0,0,1,0,1,1
sms_spam_03234,1981,train,ham,0,0,0,0,0,0,0,0,0,0,0,0,0,1,0,0,1,1,1,0
sms_spam_03235,5433,train,ham,0,0,0,0,0,0,0,0,0,0,0,0,0,0,0,0,1,0,1,1
sms_spam_03236,5158,train,ham,0,0,0,0,0,0,0,0,0,0,0,0,0,0,0,0,1,1,1,1
sms_spam_03237,3299,train,ham,0,0,0,0,0,0,0,0,0,0,0,0,0,0,0,0,1,0,1,0
sms_spam_03238,410,train,ham,0,0,0,0,0,0,0,0,0,0,0,0,0,0,0,0,1,1,1,1
sms_spam_03239,3518,train,ham,0,0,0,0,0,0,0,0,0,0,0,0,0,0,0,0,1,1,1,0
sms_spam_03240,3378,train,ham,0,0,0,0,0,0,0,0,0,0,0,0,0,0,0,0,1,1,1,1
sms_spam_03241,1968,test,ham,0,0,0,0,0,0,0,0,0,0,0,0,0,0,0,0,1,0,1,1
sms_spam_03242,1288,test,ham,0,0,0,0,0,0,0,0,0,0,0,0,0,0,0,0,1,0,1,0
sms_spam_03243,606,train,spam,0,0,0,1,0,1,0,0,1,1,0,1,0,1,0,1,0,0,0,0
sms_spam_03245,1063,train,spam,0,0,0,1,0,0,0,0,1,0,0,1,1,1,0,1,0,0,0,0
sms_spam_03244,3792,train,ham,0,0,0,0,0,0,0,0,0,0,0,0,0,1,0,1,1,0,1,1
sms_spam_03246,5177,train,ham,0,0,0,0,0,0,0,0,0,0,0,0,0,0,0,0,1,1,1,1
sms_spam_03247,5240,train,ham,0,0,0,0,0,0,0,0,0,0,0,0,0,0,0,0,1,0,1,1
sms_spam_03248,5150,train,ham,0,0,0,0,0,0,0,0,0,0,0,0,0,0,0,0,1,0,1,0
sms_spam_03249,3249,train,ham,0,0,0,0,0,0,0,0,0,0,0,0,0,0,0,0,1,0,1,0
sms_spam_03250,2248,test,ham,0,0,0,0,0,0,0,0,0,0,0,0,0,0,0,0,1,0,1,0
sms_spam_03251,268,train,ham,0,0,0,0,0,0,0,0,0,0,0,0,0,0,0,0,1,0,1,1
sms_spam_03252,1027,train,ham,0,0,0,0,0,0,0,0,0,0,0,0,0,0,0,0,1,0,1,1
sms_spam_03253,388,train,spam,0,0,1,1,0,1,1,1,1,0,0,0,0,1,0,1,0,0,0,0
sms_spam_03255,4982,train,ham,0,0,0,0,0,0,0,0,0,0,0,0,0,0,0,0,1,0,0,0
sms_spam_03254,3097,train,ham,0,0,0,0,0,0,0,0,0,0,0,0,0,0,0,0,1,0,1,0
sms_spam_03256,1888,train,ham,0,0,0,0,0,0,0,0,0,0,0,0,0,0,0,0,1,1,1,1
sms_spam_03257,3541,train,ham,0,0,0,0,0,0,0,0,0,0,0,0,0,0,0,0,1,0,1,0
sms_spam_03258,203,train,ham,0,0,0,0,0,0,0,0,0,0,0,0,0,0,0,0,1,0,1,0
sms_spam_03259,101,test,ham,0,0,0,0,0,0,0,0,0,0,0,0,0,0,0,0,1,0,1,1
sms_spam_03260,335,train,ham,0,0,0,0,0,0,0,0,0,0,0,1,0,0,0,0,1,0,1,0
sms_spam_03261,993,train,ham,0,0,0,0,0,0,0,0,0,0,0,0,0,0,0,0,1,0,1,0
sms_spam_03263,4820,train,ham,0,0,0,0,0,0,0,0,0,0,0,0,0,0,0,0,1,0,1,1
sms_spam_03262,2492,train,ham,0,0,0,0,0,0,0,0,1,0,1,1,0,0,0,1,1,1,1,1
sms_spam_03264,3998,train,ham,0,0,0,0,0,0,0,0,0,0,0,0,0,0,0,0,1,0,1,1
sms_spam_03265,2279,train,ham,0,0,0,0,0,0,0,0,0,0,0,0,0,0,0,0,1,1,1,1
sms_spam_03266,4863,train,ham,0,0,0,0,0,0,0,0,0,0,0,0,0,0,0,0,1,1,1,1
sms_spam_03267,936,train,ham,0,0,0,0,0,0,0,0,0,0,0,0,0,0,0,0,1,0,0,1
sms_spam_03268,3619,train,ham,0,0,0,0,0,0,0,0,0,0,0,0,0,0,0,0,1,0,1,1
sms_spam_03269,4713,test,ham,0,0,0,0,0,0,0,0,0,0,0,0,0,0,0,0,1,0,1,1
sms_spam_03270,3588,train,ham,0,0,0,0,0,0,0,0,0,0,0,0,0,0,0,0,1,1,1,1
sms_spam_03271,2487,test,ham,0,0,0,0,0,0,0,0,0,0,0,0,0,1,0,1,1,0,1,1
sms_spam_03272,1460,train,ham,0,0,0,0,0,0,0,0,0,0,0,0,0,0,0,0,1,1,1,1
sms_spam_03273,4006,test,ham,0,0,0,0,0,0,0,0,0,0,0,0,0,0,0,0,1,1,0,0
sms_spam_03274,3030,train,ham,0,0,0,0,0,0,0,0,0,0,0,0,0,1,0,0,1,1,1,1
sms_spam_03275,4195,train,ham,0,0,0,0,0,0,0,0,0,0,0,0,0,0,0,0,1,0,1,1
sms_spam_03276,3772,train,ham,0,0,0,0,0,0,0,0,0,0,0,0,0,1,0,1,1,1,1,1
sms_spam_03277,4325,train,ham,0,0,0,0,0,0,0,0,0,0,0,0,0,0,0,0,1,0,1,1
sms_spam_03278,2649,test,ham,0,0,0,0,1,0,0,1,0,0,0,0,0,0,0,0,1,1,1,1
sms_spam_03279,2107,train,ham,0,0,0,0,0,0,0,0,0,0,0,0,0,0,0,0,1,1,1,1
sms_spam_03280,3562,train,spam,0,0,0,1,1,0,0,1,1,0,0,0,0,1,0,1,0,0,0,0
sms_spam_03281,548,train,ham,0,0,0,0,0,0,0,0,0,0,0,0,0,0,0,0,1,0,0,0
sms_spam_03282,430,test,ham,0,0,0,0,0,0,0,0,0,0,0,0,0,0,0,0,1,0,1,0
sms_spam_03283,2457,test,ham,0,0,0,0,0,0,0,0,0,0,0,0,0,0,0,0,1,1,1,1
sms_spam_03284,4369,train,spam,0,0,0,1,0,0,0,0,1,1,0,1,0,1,0,1,0,0,0,0
sms_spam_03285,29,train,ham,0,0,0,0,0,0,0,0,0,0,0,0,0,0,0,0,1,0,1,1
sms_spam_03286,679,train,ham,0,0,0,0,0,0,0,0,0,0,0,0,0,0,0,0,1,1,1,1
sms_spam_03287,3760,test,ham,0,0,0,0,0,0,0,0,0,0,0,0,0,0,0,0,1,0,1,1
sms_spam_03288,4526,train,ham,0,0,0,0,0,0,0,0,0,0,0,0,0,0,0,0,1,1,1,1
sms_spam_03289,4337,train,ham,0,0,0,0,0,0,0,0,0,0,0,0,0,0,0,0,1,1,1,1
sms_spam_03290,3684,test,ham,0,0,0,0,0,0,0,0,0,0,0,0,0,0,0,0,1,0,1,0
sms_spam_03292,3100,train,ham,0,0,0,0,0,0,0,0,0,0,0,0,0,0,0,0,1,0,1,0
sms_spam_03291,2752,train,ham,0,0,0,0,0,0,0,0,0,0,0,0,0,0,0,0,1,0,1,1
sms_spam_03293,3369,train,ham,0,0,0,0,0,0,0,0,0,0,0,0,0,0,0,0,1,0,1,1
sms_spam_03294,568,train,ham,0,0,0,0,0,0,0,0,0,0,0,1,0,0,0,0,0,0,1,0
sms_spam_03295,3926,train,ham,0,0,0,0,0,0,0,0,0,0,0,0,0,0,0,0,1,1,1,1
sms_spam_03296,1521,train,ham,0,0,0,0,0,0,0,0,0,0,0,0,0,0,0,0,1,0,1,1
sms_spam_03297,164,test,spam,0,0,1,1,0,0,0,0,1,0,0,1,1,0,0,1,0,0,0,0
sms_spam_03298,2347,train,ham,0,0,0,0,0,0,0,0,0,0,0,0,0,0,0,0,1,0,1,1
sms_spam_03299,5168,train,ham,0,0,0,0,0,0,0,0,0,0,0,0,0,0,0,0,1,0,1,0
sms_spam_03300,926,train,ham,0,0,0,0,0,0,0,0,0,0,0,1,0,0,0,0,1,0,1,0
sms_spam_03301,3142,test,ham,0,0,0,0,0,0,0,0,0,0,0,0,0,0,0,0,1,0,1,0
sms_spam_03302,4795,test,spam,1,1,0,1,1,0,0,1,1,0,0,1,0,1,0,1,0,0,0,1
sms_spam_03304,1044,train,spam,0,0,0,1,1,0,0,1,0,0,0,0,0,1,0,1,0,0,0,0
sms_spam_03305,2477,train,ham,0,0,0,0,0,0,0,0,0,0,0,0,0,0,0,0,1,1,1,1
sms_spam_03303,4312,test,ham,0,0,0,0,0,0,0,0,0,0,0,0,0,0,0,0,1,0,1,1
sms_spam_03306,191,train,ham,0,0,0,0,0,0,0,0,0,0,0,0,0,0,0,0,1,0,1,1
sms_spam_03307,4068,train,ham,0,0,0,0,0,0,0,0,0,0,0,0,0,0,0,0,1,1,1,1
sms_spam_03308,181,train,ham,0,0,0,0,0,0,0,0,0,0,0,0,0,0,0,0,1,0,1,1
sms_spam_03311,2731,train,ham,0,0,0,0,0,0,0,0,0,0,0,0,0,0,0,0,1,0,1,1
sms_spam_03309,2136,train,ham,0,0,0,0,0,0,0,0,0,0,0,1,0,0,0,0,1,0,1,0
sms_spam_03310,1290,train,ham,0,0,0,0,0,0,0,0,0,0,0,0,0,0,0,0,1,1,1,1
sms_spam_03312,3741,train,ham,0,0,0,0,0,0,0,0,0,0,0,0,0,0,0,0,1,0,1,0
sms_spam_03313,2440,train,ham,0,0,0,0,0,0,0,0,0,0,0,0,0,0,0,0,1,1,1,1
sms_spam_03314,4099,test,ham,0,0,0,0,0,0,0,0,0,0,0,0,0,0,0,0,1,0,1,0
sms_spam_03316,1975,test,ham,0,0,0,0,0,0,0,0,0,0,0,0,0,0,0,0,1,0,0,0
sms_spam_03317,996,train,ham,0,0,0,0,0,0,0,0,0,0,0,0,0,0,0,1,1,0,1,1
sms_spam_03315,988,train,ham,0,0,0,0,0,0,0,0,1,1,0,0,0,1,0,1,1,0,1,1
sms_spam_03318,3987,train,ham,0,0,0,0,0,0,0,0,0,0,0,0,0,0,0,0,1,1,1,1
sms_spam_03319,4637,test,ham,0,0,0,0,0,0,0,0,0,0,0,0,0,0,0,0,1,0,1,0
sms_spam_03320,553,train,ham,0,0,0,0,0,0,0,0,0,0,0,0,0,0,0,0,1,0,1,1
sms_spam_03322,3597,train,ham,0,0,0,0,0,0,0,0,0,0,0,0,0,0,0,0,1,1,1,1
sms_spam_03321,4747,test,ham,0,0,0,0,0,0,0,0,0,0,0,0,0,0,0,0,1,0,1,0
sms_spam_03323,3862,train,spam,0,0,0,0,1,0,0,1,0,0,0,1,0,1,0,0,1,0,1,1
sms_spam_03324,3767,train,ham,0,0,0,0,0,0,0,0,0,0,0,0,0,1,0,0,1,0,0,0
sms_spam_03325,2669,train,spam,1,1,0,1,0,1,0,0,1,0,0,0,0,1,0,1,0,0,0,1
sms_spam_03326,735,train,ham,0,0,0,0,0,0,0,0,0,0,0,0,0,0,0,0,1,0,1,1
sms_spam_03328,3658,test,ham,0,0,0,0,0,0,0,0,0,0,0,0,0,0,0,0,1,0,1,1
sms_spam_03327,1944,train,ham,0,0,0,0,0,0,0,0,0,0,0,0,0,0,0,0,1,0,1,1
sms_spam_03329,5246,train,ham,0,0,0,0,0,0,0,0,0,0,0,0,0,0,0,0,1,0,1,0
sms_spam_03330,3363,train,ham,0,0,0,0,0,0,0,0,0,0,0,0,0,0,0,0,1,1,1,1
sms_spam_03331,1575,train,ham,0,0,0,0,0,0,0,0,0,0,0,0,0,0,0,0,1,0,1,1
sms_spam_03332,4587,train,ham,0,0,0,0,0,0,0,0,0,0,0,0,0,0,0,0,1,1,1,1
sms_spam_03334,4320,train,ham,0,0,0,0,0,0,0,0,0,0,0,0,0,0,0,0,1,1,1,1
sms_spam_03333,3380,train,spam,1,1,0,1,1,1,0,1,1,0,1,1,0,1,0,1,0,0,0,0
sms_spam_03335,5363,train,ham,0,0,0,0,0,0,0,0,0,0,0,0,0,0,0,0,1,0,1,1
sms_spam_03336,1405,train,ham,0,0,0,0,0,0,0,0,0,0,0,0,0,0,0,0,1,0,1,1
sms_spam_03337,3295,train,ham,0,0,0,0,0,0,0,0,0,0,0,0,0,0,0,0,1,1,1,0
sms_spam_03338,5516,test,ham,0,0,0,0,1,0,0,1,0,0,0,0,0,0,0,0,1,1,1,1
sms_spam_03339,2211,test,ham,0,0,0,0,0,0,0,0,0,0,0,0,0,0,0,0,1,0,1,0
sms_spam_03340,1704,train,ham,0,0,0,0,0,0,0,0,0,0,0,0,0,0,0,0,1,0,1,0
sms_spam_03341,3996,train,spam,0,0,0,1,1,0,1,1,0,0,0,1,0,1,0,1,0,0,0,0
sms_spam_03343,2132,train,spam,0,0,1,1,0,0,1,0,0,0,0,0,1,1,0,0,0,0,0,0
sms_spam_03342,3078,train,ham,0,0,0,0,0,0,0,0,0,0,0,0,0,0,0,0,1,1,1,1
sms_spam_03344,1472,test,ham,0,0,0,0,0,0,0,0,0,0,0,0,0,0,0,0,1,0,0,1
sms_spam_03345,4556,train,ham,0,0,0,0,0,0,0,0,0,0,0,0,0,0,0,0,1,0,1,0
sms_spam_03346,3246,train,ham,0,0,0,0,0,0,0,0,0,0,0,0,0,0,0,0,1,0,1,1
sms_spam_03347,2611,train,spam,1,0,0,1,1,0,0,1,0,0,0,0,1,1,0,1,0,0,0,0
sms_spam_03348,1513,train,ham,0,0,0,0,0,0,0,0,0,0,0,0,0,0,0,0,1,1,1,1
sms_spam_03349,2976,train,ham,0,0,0,0,0,0,0,0,0,0,0,0,0,0,0,0,1,1,1,1
sms_spam_03350,1161,train,ham,0,0,0,0,0,0,0,0,0,0,0,0,0,0,0,0,1,0,0,1
sms_spam_03351,3102,train,ham,0,0,0,0,0,0,0,0,0,0,0,0,0,0,0,0,1,0,1,1
sms_spam_03352,5369,test,ham,0,0,0,0,0,0,0,0,0,0,0,0,0,0,0,0,1,1,1,1
sms_spam_03353,136,train,ham,0,0,0,0,0,0,0,0,0,0,0,0,0,1,0,1,1,1,0,0
sms_spam_03354,4680,train,ham,0,0,0,0,0,0,0,0,0,0,0,0,0,0,0,0,1,0,1,0
sms_spam_03355,1013,train,ham,0,0,0,0,0,0,0,0,0,0,0,0,0,0,0,0,1,0,1,1
sms_spam_03356,2346,train,ham,0,0,0,0,0,0,0,0,0,0,0,0,0,0,0,0,1,0,1,0
sms_spam_03357,171,train,ham,0,0,0,0,0,1,0,0,0,0,0,0,0,1,0,0,1,1,1,1
sms_spam_03358,2996,train,ham,0,0,0,0,0,0,0,0,0,0,0,0,0,0,0,0,1,0,1,1
sms_spam_03359,2764,train,ham,0,0,0,0,0,0,0,0,0,0,0,0,0,0,0,0,1,0,1,1
sms_spam_03360,2488,train,ham,0,0,0,0,0,0,0,0,0,0,0,0,0,0,0,0,1,0,1,0
sms_spam_03361,4133,train,ham,0,0,0,0,0,0,0,0,0,0,0,0,0,0,0,0,1,0,1,1
sms_spam_03362,429,train,ham,0,0,0,0,1,0,0,1,1,0,0,0,0,0,0,0,0,0,1,0
sms_spam_03363,2484,train,ham,0,0,0,0,0,0,0,0,0,0,0,0,0,0,0,0,1,0,1,1
sms_spam_03364,4357,train,spam,0,0,0,1,1,0,0,1,1,0,0,1,0,1,0,1,0,0,0,0
sms_spam_03365,5238,train,ham,0,0,0,0,0,0,0,0,0,0,0,0,0,0,0,0,1,1,1,1
sms_spam_03366,1517,train,spam,0,0,0,1,0,1,0,0,0,0,0,0,0,0,0,1,0,0,0,0
sms_spam_03367,5442,train,ham,1,0,0,0,0,0,0,0,0,0,0,0,0,0,0,0,1,0,1,1
sms_spam_03368,2503,train,ham,0,0,0,0,1,0,0,1,0,0,0,0,0,0,0,0,1,1,1,1
sms_spam_03369,3199,train,ham,0,0,0,0,0,0,0,0,0,0,0,0,0,0,0,0,1,1,1,1
sms_spam_03371,3074,train,ham,0,0,0,0,0,0,0,0,0,0,0,0,0,0,0,0,1,1,1,0
sms_spam_03370,5011,train,ham,0,0,0,0,0,0,0,0,0,0,0,0,0,1,0,0,1,0,1,1
sms_spam_03372,1332,train,ham,0,0,0,0,0,0,0,0,0,0,0,0,0,0,0,0,1,0,1,1
sms_spam_03373,1294,train,ham,0,0,0,0,0,0,0,0,0,0,0,0,0,0,0,0,1,1,1,1
sms_spam_03374,5078,train,ham,0,0,0,0,0,0,0,0,0,0,0,0,0,0,0,0,1,1,1,1
sms_spam_03375,2313,train,ham,0,0,0,0,0,0,0,0,0,0,0,0,0,0,0,0,1,0,1,0
sms_spam_03376,643,train,ham,0,0,0,0,0,0,0,0,0,0,0,0,0,0,0,0,1,1,1,0
sms_spam_03377,5058,train,spam,0,0,0,1,1,1,1,1,0,0,0,0,0,1,0,0,0,0,0,0
sms_spam_03378,4254,train,spam,0,0,1,1,1,0,0,1,0,0,0,0,0,1,0,1,0,0,0,0
sms_spam_03380,5392,test,ham,0,0,0,0,0,0,0,0,0,0,0,0,0,0,0,0,1,0,1,1
sms_spam_03381,4548,train,ham,0,0,0,0,0,0,0,0,0,0,0,0,0,0,0,0,1,1,1,1
sms_spam_03379,1820,test,ham,0,0,0,0,0,0,0,0,0,0,0,0,0,0,0,0,1,1,1,1
sms_spam_03382,4570,train,ham,0,0,0,0,0,0,0,0,0,0,0,1,0,0,0,0,1,0,1,0
sms_spam_03383,1385,train,ham,0,0,0,0,0,0,0,0,0,0,0,0,0,0,0,0,1,1,1,1
sms_spam_03384,726,train,ham,0,0,0,0,0,0,0,0,0,0,0,0,0,0,0,0,1,1,1,1
sms_spam_03385,223,train,ham,0,0,0,0,0,0,0,0,0,0,0,0,0,0,0,0,1,0,1,1
sms_spam_03386,4203,train,ham,0,0,0,0,0,0,0,0,0,0,0,0,0,0,0,0,1,1,1,0
sms_spam_03387,3294,train,ham,0,0,0,0,0,0,0,0,0,0,0,0,0,0,0,0,1,1,1,1
sms_spam_03388,4497,train,spam,1,1,0,1,1,0,0,1,1,0,0,1,0,1,0,1,0,0,0,0
sms_spam_03389,1030,train,ham,0,0,0,0,0,0,0,0,0,0,0,0,0,0,0,0,1,0,0,0
sms_spam_03390,2054,train,ham,0,0,0,0,0,0,0,0,0,0,0,0,0,0,0,0,1,0,1,1
sms_spam_03393,84,train,ham,0,0,0,0,0,0,0,0,0,0,0,0,0,0,0,0,1,0,1,1
sms_spam_03392,3720,train,ham,0,0,0,0,0,0,0,0,0,0,0,0,0,0,0,0,1,0,1,0
sms_spam_03391,4938,train,ham,0,0,0,0,0,0,0,0,0,0,0,0,0,0,0,0,1,1,0,0
sms_spam_03394,4018,train,spam,1,1,0,1,0,1,0,1,0,0,0,1,0,1,0,1,0,0,0,0
sms_spam_03395,3993,train,ham,0,0,0,0,0,0,0,0,0,0,0,0,0,0,0,0,1,0,1,0
sms_spam_03396,3545,train,ham,0,0,0,0,0,0,0,0,0,0,0,1,0,0,0,0,1,1,1,1
sms_spam_03398,2195,train,ham,0,0,0,0,0,0,0,0,0,0,0,0,0,0,0,0,1,0,1,0
sms_spam_03397,3867,test,ham,0,0,0,0,0,0,0,0,0,0,0,0,0,0,0,0,1,1,1,1
sms_spam_03399,924,train,ham,0,0,0,0,0,0,0,0,0,0,0,0,1,0,0,0,1,0,1,1
sms_spam_03401,653,train,ham,0,0,0,0,0,0,0,0,0,0,0,0,0,0,0,0,1,0,1,0
sms_spam_03400,3671,train,ham,0,0,0,0,0,0,0,0,0,0,0,0,0,0,0,0,1,1,1,1
sms_spam_03402,4838,train,ham,0,0,0,0,0,0,0,0,0,0,0,0,0,0,0,0,1,0,1,1
sms_spam_03403,4210,train,ham,0,0,0,0,0,0,0,0,0,0,0,0,0,1,0,0,1,0,1,1
sms_spam_03404,633,test,ham,0,0,0,0,1,0,0,1,0,0,0,0,0,0,0,0,1,0,1,1
sms_spam_03405,693,train,ham,0,0,0,0,0,0,0,0,0,0,0,0,0,0,1,0,1,0,1,1
sms_spam_03406,2603,test,ham,0,0,0,0,0,0,0,0,0,0,0,0,0,0,0,0,1,1,1,1
sms_spam_03407,1369,train,ham,0,0,0,0,0,0,0,0,0,0,0,0,0,0,0,0,1,0,1,1
sms_spam_03408,3391,test,ham,0,0,0,0,0,0,0,0,0,0,0,0,0,0,0,0,1,0,1,0
sms_spam_03409,3060,train,ham,0,0,0,0,0,0,0,0,0,0,0,0,0,0,0,0,1,0,1,1
sms_spam_03411,5217,test,ham,0,0,0,0,0,0,0,0,0,0,0,0,0,0,0,0,1,0,1,1
sms_spam_03410,259,train,ham,0,0,0,0,0,0,0,0,0,0,0,1,0,0,0,0,1,1,1,1
sms_spam_03412,192,test,ham,0,0,0,0,0,0,0,0,0,0,0,0,0,0,0,0,1,0,1,0
sms_spam_03413,3983,train,ham,0,0,0,0,0,0,0,0,0,0,0,0,0,0,0,0,1,1,1,1
sms_spam_03414,297,train,ham,0,0,0,0,0,0,0,0,0,0,0,0,0,0,0,0,1,0,1,0
sms_spam_03415,1179,train,ham,0,0,0,0,0,0,0,0,0,0,0,0,0,0,0,0,1,1,0,0
sms_spam_03416,4477,train,ham,0,0,0,0,0,0,0,0,0,0,0,0,0,0,0,0,1,0,1,1
sms_spam_03417,2507,train,ham,0,0,0,0,0,0,0,0,0,0,0,0,0,0,0,0,1,0,1,1
sms_spam_03418,5066,train,spam,1,1,0,1,1,0,0,1,0,0,0,0,0,0,0,0,0,0,0,0
sms_spam_03419,4269,train,ham,0,0,0,0,0,0,0,0,0,0,0,0,0,0,0,0,1,0,1,1
sms_spam_03420,586,test,ham,0,0,0,0,0,0,0,0,0,0,0,0,0,0,0,0,1,1,1,1
sms_spam_03421,3729,train,ham,0,0,0,0,0,0,0,0,0,0,0,0,0,0,0,0,1,0,1,1
sms_spam_03422,4506,train,ham,0,0,0,0,0,0,0,0,0,0,0,0,0,0,0,0,1,1,1,1
sms_spam_03423,5405,train,ham,0,0,0,0,0,0,0,0,0,0,0,0,0,0,0,0,1,0,1,1
sms_spam_03424,508,train,ham,0,0,0,0,0,0,0,0,0,0,0,0,0,0,0,0,1,0,0,0
sms_spam_03425,168,train,ham,0,0,0,0,0,0,0,0,0,0,0,0,0,0,0,0,1,1,1,1
sms_spam_03427,2979,train,ham,0,0,0,0,0,0,0,0,0,0,0,0,0,0,0,0,1,1,1,1
sms_spam_03426,3704,train,ham,0,0,0,0,1,0,0,1,0,0,0,0,0,0,0,0,1,0,1,0
sms_spam_03428,867,train,spam,1,1,1,1,0,0,0,0,1,1,0,1,0,1,0,1,0,0,0,0
sms_spam_03429,4905,train,ham,0,0,0,0,0,0,0,0,0,0,0,0,0,0,0,0,1,0,1,0
sms_spam_03430,3752,train,ham,0,0,0,0,0,0,0,0,0,0,0,0,0,0,0,0,1,0,1,1
sms_spam_03431,4176,train,ham,0,0,0,0,0,0,0,0,0,0,0,0,0,0,0,0,1,0,1,1
sms_spam_03432,2830,train,ham,0,0,0,0,0,0,0,0,0,0,0,0,0,0,0,0,1,0,1,1
sms_spam_03433,4069,train,ham,0,0,0,0,0,0,0,0,0,0,0,0,0,0,0,0,1,0,1,0
sms_spam_03434,4785,train,ham,0,0,0,0,0,0,0,0,0,0,0,0,0,0,0,0,1,0,1,1
sms_spam_03435,1826,train,ham,0,0,0,0,0,0,0,0,0,0,0,0,0,0,0,0,1,1,1,1
sms_spam_03436,5321,train,ham,0,0,0,0,0,0,0,0,0,0,0,0,0,0,0,0,1,1,1,1
sms_spam_03437,4177,train,ham,0,0,0,0,0,0,0,0,0,0,0,0,0,0,0,0,1,1,1,0
sms_spam_03439,845,test,ham,0,0,0,0,0,0,0,0,0,0,0,0,0,0,0,0,1,1,1,1
sms_spam_03440,3639,train,ham,0,0,0,0,0,0,0,0,0,0,0,0,0,0,0,0,1,0,1,0
sms_spam_03438,3938,train,ham,0,0,0,0,0,0,0,0,0,0,0,0,0,0,0,0,1,0,1,1
sms_spam_03441,2818,train,ham,0,0,0,0,0,0,0,0,0,0,0,0,0,0,0,0,1,0,1,0
sms_spam_03442,4063,train,ham,0,0,0,0,0,0,0,0,0,0,0,0,0,0,0,0,1,0,1,1
sms_spam_03443,2159,train,spam,0,0,0,1,1,1,0,1,0,0,0,0,0,1,0,1,0,0,1,0
sms_spam_03446,3340,train,ham,0,0,0,0,0,0,0,0,0,0,0,0,0,0,0,0,1,0,1,1
sms_spam_03444,541,train,ham,0,0,0,0,0,0,0,0,0,0,0,0,0,0,0,0,1,0,1,0
sms_spam_03445,3367,train,ham,0,0,0,0,0,0,0,0,0,0,0,0,0,0,0,0,1,1,1,1
sms_spam_03447,1705,train,ham,0,0,0,0,0,0,0,0,0,0,0,0,0,0,0,0,1,1,1,1
sms_spam_03448,4065,test,ham,0,0,0,0,0,0,0,0,0,0,0,0,0,0,0,0,1,0,1,1
sms_spam_03449,4442,train,ham,0,0,0,0,0,0,0,0,0,0,0,0,0,0,0,0,1,1,1,1
sms_spam_03450,1237,train,ham,0,0,0,0,0,0,0,0,0,0,0,0,0,0,0,0,1,1,1,1
sms_spam_03451,3916,train,ham,0,0,0,0,0,0,0,0,0,0,0,0,0,0,0,0,1,1,1,1
sms_spam_03452,868,train,spam,0,0,0,1,0,1,0,0,0,0,0,0,0,1,1,1,0,0,1,0
sms_spam_03453,2258,train,ham,0,0,0,0,0,0,0,0,0,0,0,0,0,0,0,0,1,1,1,0
sms_spam_03454,2862,train,ham,0,0,0,0,0,0,0,0,0,0,0,0,0,0,0,0,1,1,1,1
sms_spam_03455,3688,test,ham,0,0,0,0,0,0,0,0,0,0,0,0,0,0,0,0,1,1,1,1
sms_spam_03456,3057,train,spam,0,0,0,1,0,0,0,0,0,0,0,0,1,0,0,0,0,0,0,0
sms_spam_03457,2962,train,ham,0,0,0,0,0,0,0,0,0,0,0,0,0,0,0,0,1,0,1,0
sms_spam_03459,5332,train,ham,0,0,0,0,0,0,0,0,0,0,0,0,0,0,0,0,1,0,1,0
sms_spam_03458,4107,train,ham,0,0,0,0,0,0,0,0,0,0,0,0,0,1,0,1,1,0,1,0
sms_spam_03460,4617,train,ham,0,0,0,0,0,0,0,0,0,0,0,0,0,0,0,0,1,0,1,1
sms_spam_03461,2985,train,spam,1,0,0,1,1,0,0,1,0,0,0,0,0,1,0,1,0,0,0,0
sms_spam_03462,10,train,ham,0,0,0,0,0,0,0,0,0,0,0,0,0,0,0,0,1,1,1,1
sms_spam_03463,4639,train,ham,0,0,0,0,0,0,0,0,0,0,0,0,0,0,0,0,1,0,1,1
sms_spam_03464,2889,train,ham,1,0,0,0,0,0,0,0,0,0,0,0,0,0,0,0,1,1,1,1
sms_spam_03465,2836,train,ham,0,0,0,0,0,0,0,0,0,0,0,0,0,1,0,1,1,0,0,0
sms_spam_03466,3126,train,ham,0,0,0,0,0,0,0,0,0,0,0,0,0,0,0,0,1,0,1,1
sms_spam_03468,4021,train,ham,0,0,0,0,0,0,0,0,0,0,0,0,0,0,0,0,1,1,1,1
sms_spam_03467,351,train,ham,0,0,0,0,0,0,0,0,1,1,1,0,0,0,0,1,1,1,1,1
sms_spam_03469,5256,train,ham,0,0,0,0,0,0,0,0,0,0,0,1,0,0,0,0,1,0,1,1
sms_spam_03470,2906,test,ham,0,0,0,0,0,0,0,0,0,0,0,0,0,0,0,0,1,0,1,0
sms_spam_03471,1055,train,ham,0,0,0,0,0,0,0,0,0,0,0,0,0,1,0,0,1,0,0,0
sms_spam_03472,2154,train,ham,0,0,0,0,0,0,0,0,0,0,0,0,0,0,0,0,1,0,1,1
sms_spam_03474,5532,train,ham,0,0,0,0,0,0,0,0,0,0,0,0,0,0,0,0,1,0,1,1
sms_spam_03473,3734,train,ham,0,0,0,0,1,0,0,1,0,0,0,0,0,1,0,0,1,0,1,0
sms_spam_03475,2730,train,ham,0,0,0,0,0,0,0,0,0,0,0,0,0,0,0,0,1,1,1,1
sms_spam_03476,1918,train,ham,0,0,0,0,0,0,0,0,0,0,0,0,0,0,0,0,1,0,0,0
sms_spam_03477,2490,train,ham,0,0,0,0,0,0,0,0,0,0,0,0,0,0,0,0,1,0,1,1
sms_spam_03478,2051,train,ham,0,0,0,0,0,0,0,0,0,0,0,0,0,1,0,0,1,1,1,0
sms_spam_03479,4642,train,ham,0,0,0,0,0,0,0,0,0,0,0,0,0,0,0,0,1,0,1,0
sms_spam_03481,5333,train,ham,0,0,0,0,0,0,0,0,0,0,0,0,0,0,0,0,1,1,1,1
sms_spam_03480,2501,train,ham,0,0,0,0,0,0,0,0,0,0,0,0,0,0,0,0,1,0,1,1
sms_spam_03482,5335,train,ham,0,0,0,0,1,0,0,1,0,0,0,0,0,0,0,0,1,0,1,1
sms_spam_03483,1335,train,ham,0,0,0,0,0,0,0,0,0,0,0,0,0,0,0,0,1,0,1,0
sms_spam_03484,2667,train,ham,0,0,0,0,0,0,0,0,0,0,0,0,0,0,0,0,1,0,1,0
sms_spam_03485,1795,train,ham,0,0,0,0,0,0,0,0,0,0,0,0,0,0,0,0,1,0,1,1
sms_spam_03487,1541,train,ham,0,0,0,0,0,0,0,0,0,0,0,1,0,0,0,0,1,0,1,0
sms_spam_03486,1174,train,ham,0,0,0,0,0,0,0,0,0,0,0,0,0,0,0,0,1,0,1,1
sms_spam_03488,4828,train,ham,0,0,0,0,0,0,0,0,0,0,0,0,0,1,0,0,1,0,0,1
sms_spam_03489,3643,train,ham,0,0,0,0,0,0,0,0,0,0,0,0,0,0,0,0,1,0,1,1
sms_spam_03490,154,train,ham,0,0,0,0,0,0,0,0,0,0,0,0,0,0,0,0,1,0,1,0
sms_spam_03491,1353,train,ham,0,0,0,0,0,0,0,0,0,0,0,0,0,0,0,0,1,0,1,0
sms_spam_03493,5340,train,ham,0,0,0,0,0,0,0,0,0,0,0,0,0,0,0,0,1,0,1,0
sms_spam_03492,514,test,spam,1,1,0,1,1,1,0,1,1,0,0,0,0,1,0,1,0,0,0,0
sms_spam_03495,2001,test,ham,0,0,0,0,0,0,0,0,0,0,0,0,0,0,0,0,1,0,1,1
sms_spam_03494,2805,train,ham,0,0,0,0,0,0,0,0,0,0,0,0,0,0,0,0,1,0,1,0
sms_spam_03496,4922,train,ham,0,0,0,0,0,0,0,0,0,0,0,0,0,0,0,0,1,0,1,1
sms_spam_03498,4266,train,ham,0,0,0,0,0,0,0,0,0,0,0,0,0,0,0,0,1,0,1,1
sms_spam_03497,4508,train,ham,0,0,0,0,0,0,0,0,0,0,0,0,0,0,0,0,1,1,1,1
sms_spam_03499,3882,train,ham,0,0,0,1,1,0,1,1,0,0,0,0,0,0,0,0,1,1,1,0
sms_spam_03500,1456,train,ham,0,0,0,0,0,0,0,0,0,0,0,0,0,0,0,0,1,0,1,1
sms_spam_03501,2710,train,spam,0,0,0,1,0,0,0,0,0,0,0,0,0,1,0,0,0,0,0,0
sms_spam_03502,938,train,spam,1,1,0,1,1,1,0,1,1,0,0,1,0,1,0,1,0,0,0,0
sms_spam_03503,1165,train,ham,0,0,0,0,0,0,0,0,0,0,0,0,0,0,0,0,1,0,1,1
sms_spam_03504,3157,train,ham,0,0,0,0,0,0,0,0,0,0,0,0,0,0,0,0,1,0,1,1
sms_spam_03505,665,train,ham,0,0,0,0,0,0,0,0,0,0,0,0,0,0,0,0,1,1,1,1
sms_spam_03506,138,train,spam,0,0,0,1,0,1,0,0,0,0,0,1,0,1,0,1,0,0,0,0
sms_spam_03507,5404,train,ham,0,0,0,0,0,0,0,0,0,0,0,0,0,0,0,0,1,0,0,0
sms_spam_03508,2524,train,spam,1,0,0,1,1,1,0,1,1,0,0,1,1,1,0,1,0,0,0,0
sms_spam_03510,3870,train,ham,0,0,0,0,0,0,0,0,0,0,0,0,0,0,0,0,1,1,1,1
sms_spam_03511,2860,train,ham,0,0,0,0,0,0,0,0,0,0,0,0,0,0,0,0,1,0,1,1
sms_spam_03509,2850,train,ham,0,0,0,0,0,0,0,0,0,0,0,0,0,0,0,0,1,1,0,0
sms_spam_03512,1071,test,spam,1,1,0,1,1,0,0,1,1,1,0,1,0,1,0,1,0,0,0,0
sms_spam_03513,4289,train,ham,0,0,0,0,0,0,0,0,0,0,0,0,0,0,0,0,1,1,1,1
sms_spam_03514,3663,train,ham,0,0,0,0,0,0,0,0,0,0,0,0,0,0,0,0,1,0,1,1
sms_spam_03515,4005,train,ham,0,0,0,0,0,0,0,0,0,0,0,0,0,0,0,0,1,1,1,1
sms_spam_03517,799,train,ham,0,0,0,0,0,0,0,0,0,0,0,0,0,0,0,0,1,0,1,1
sms_spam_03516,173,test,ham,0,0,0,0,0,0,0,0,0,0,0,0,0,0,0,0,1,0,1,1
sms_spam_03519,3275,train,ham,0,0,0,0,0,0,0,0,0,0,0,0,0,0,0,0,1,0,1,1
sms_spam_03518,5063,train,ham,0,0,0,0,0,0,0,0,0,0,0,0,0,0,0,0,1,0,1,1
sms_spam_03520,1116,train,ham,0,0,0,0,0,0,0,0,0,0,0,0,0,0,0,0,1,1,1,1
sms_spam_03521,287,train,ham,0,0,0,0,0,0,0,0,0,0,0,0,0,1,0,1,1,1,1,0
sms_spam_03522,480,test,ham,0,0,0,0,0,0,0,0,0,0,0,0,0,0,0,0,1,1,1,1
sms_spam_03523,4836,train,ham,0,0,0,0,0,0,0,0,0,0,0,0,0,0,0,0,1,0,1,0
sms_spam_03524,3170,train,ham,0,0,0,0,0,0,0,0,0,0,0,0,0,0,0,0,1,1,1,1
sms_spam_03525,2228,train,ham,0,0,0,0,0,0,0,0,0,0,0,0,0,0,0,0,1,0,0,1
sms_spam_03526,3764,train,spam,0,0,0,1,1,0,0,1,1,0,0,1,0,1,0,1,0,0,0,0
sms_spam_03527,2548,train,ham,0,0,0,0,0,0,0,0,0,0,0,0,0,0,0,0,1,0,1,0
sms_spam_03529,986,train,ham,0,0,0,0,0,0,0,0,0,0,0,0,0,0,0,0,1,1,1,1
sms_spam_03528,2192,train,ham,1,0,0,0,0,0,0,0,0,0,0,0,0,0,0,0,1,1,1,1
sms_spam_03530,909,train,spam,0,0,0,1,1,0,1,1,0,0,0,0,0,1,0,0,0,0,0,0
sms_spam_03531,4914,train,ham,0,0,0,0,0,0,0,0,0,0,0,1,0,0,0,0,1,1,1,1
sms_spam_03532,1832,train,ham,0,0,0,0,0,0,0,0,0,0,0,0,0,0,0,0,1,1,1,1
sms_spam_03533,3548,test,ham,0,0,0,0,1,0,0,1,0,0,0,0,0,0,0,0,1,0,1,1
sms_spam_03534,5076,train,ham,0,0,0,0,0,0,0,0,0,0,0,0,0,0,0,0,1,0,1,0
sms_spam_03535,2842,train,ham,0,0,0,0,0,0,0,0,0,0,0,0,0,0,0,0,1,0,1,0
sms_spam_03536,3850,train,ham,0,0,0,0,0,0,0,0,0,0,0,0,0,0,0,0,1,0,1,1
sms_spam_03537,2734,train,ham,0,0,0,0,0,0,0,0,0,0,0,0,0,0,0,0,1,1,1,1
sms_spam_03538,1431,train,ham,0,0,0,0,0,0,0,0,0,0,0,0,0,0,0,0,1,0,1,0
sms_spam_03539,1927,train,ham,0,0,0,0,0,0,0,0,0,0,0,0,0,0,0,0,1,0,1,0
sms_spam_03540,5385,test,ham,0,0,0,0,0,0,0,0,0,0,0,0,0,0,0,0,1,0,1,0
sms_spam_03541,640,train,ham,0,0,0,0,0,0,0,0,0,0,0,0,0,0,0,0,1,1,1,1
sms_spam_03542,3202,train,ham,0,0,0,0,0,0,0,0,0,0,0,0,0,0,0,0,1,1,1,1
sms_spam_03543,5449,train,spam,0,0,0,0,0,0,0,0,0,0,0,0,0,0,0,0,0,0,0,0
sms_spam_03544,5432,train,ham,0,0,0,0,0,0,0,0,0,0,0,0,0,0,0,0,1,0,1,1
sms_spam_03545,517,train,spam,0,0,0,0,0,0,0,0,0,0,0,0,1,0,0,0,0,0,0,0
sms_spam_03546,2935,train,ham,0,0,0,0,0,0,0,0,0,0,0,1,0,0,0,0,1,0,1,1
sms_spam_03547,3413,train,ham,0,0,0,0,0,0,0,0,0,0,0,0,0,0,0,0,1,0,0,1
sms_spam_03548,3185,test,ham,0,0,0,0,0,0,0,0,0,0,0,0,0,0,0,0,1,1,1,0
sms_spam_03550,3325,test,ham,0,0,0,0,0,0,0,0,0,0,0,0,0,0,0,0,1,0,1,1
sms_spam_03549,4765,train,ham,0,0,0,0,0,0,0,0,0,0,0,0,0,0,0,0,1,0,1,1
sms_spam_03551,2781,train,ham,0,0,0,0,0,0,0,0,0,0,0,0,0,0,0,0,1,0,1,1
sms_spam_03553,5157,test,ham,0,0,0,0,0,0,0,0,0,0,0,0,0,0,0,0,1,0,1,0
sms_spam_03552,1721,train,ham,0,0,0,0,0,0,0,0,0,0,0,0,0,0,0,0,1,0,1,0
sms_spam_03554,4019,train,ham,0,0,1,0,0,0,0,0,0,0,0,0,0,0,0,0,0,0,0,0
sms_spam_03555,369,test,ham,0,0,0,0,0,0,0,0,0,0,0,0,0,0,0,0,1,0,1,1
sms_spam_03556,2838,train,ham,0,0,0,0,0,0,0,0,0,0,0,0,0,0,0,0,1,0,1,1
sms_spam_03557,131,train,ham,0,0,0,0,0,0,0,0,0,0,0,0,0,0,0,0,1,1,1,1
sms_spam_03559,4778,train,ham,0,0,0,0,0,0,0,0,0,0,0,0,0,0,0,0,1,1,1,1
sms_spam_03558,2105,test,ham,0,0,0,0,0,0,0,0,0,0,0,0,0,0,0,0,1,0,1,1
sms_spam_03560,2947,train,ham,0,0,0,0,0,0,0,0,0,0,0,0,0,0,0,0,1,1,1,1
sms_spam_03561,3570,test,ham,0,0,0,0,0,0,0,0,0,0,0,0,0,0,0,0,1,0,1,1
sms_spam_03562,5135,test,ham,0,0,0,0,0,0,0,0,0,0,0,0,0,0,0,0,1,0,1,1
sms_spam_03563,3610,train,ham,0,0,0,0,0,0,0,0,0,0,0,0,0,0,0,0,1,1,1,1
sms_spam_03564,911,test,ham,0,0,0,0,0,0,0,0,0,0,0,0,0,0,0,0,1,0,1,1
sms_spam_03565,5208,train,ham,0,0,0,0,0,0,0,0,0,0,0,0,0,0,0,0,1,0,1,0
sms_spam_03566,3509,train,ham,0,0,0,0,0,0,0,0,0,0,0,0,0,0,0,0,1,0,1,0
sms_spam_03567,3282,train,ham,0,0,0,0,0,0,0,0,0,0,0,0,0,0,0,0,1,1,1,1
sms_spam_03568,3722,train,ham,0,0,0,0,0,0,0,0,0,0,0,0,0,0,0,0,1,1,1,1
sms_spam_03569,3716,train,ham,0,0,0,0,0,0,0,0,0,0,0,0,0,0,0,0,1,0,1,0
sms_spam_03570,821,train,ham,0,0,0,0,0,0,0,0,0,0,0,0,0,0,0,0,1,0,1,1
sms_spam_03571,4691,train,ham,0,0,0,0,1,0,0,1,0,0,0,0,0,1,0,0,1,1,1,1
sms_spam_03572,125,train,ham,0,0,0,0,0,0,0,0,0,0,0,0,0,0,0,0,1,0,1,1
sms_spam_03573,4263,train,ham,0,0,0,0,0,0,0,0,0,0,0,0,0,0,0,0,1,0,1,1
sms_spam_03575,372,train,ham,0,0,0,0,0,0,0,0,0,0,0,0,0,0,0,0,1,0,1,1
sms_spam_03574,2969,test,ham,0,0,0,0,0,0,0,0,0,0,0,0,0,0,0,0,1,0,1,0
sms_spam_03576,408,train,ham,0,0,0,0,0,0,0,0,0,0,0,0,0,0,0,0,1,0,1,0
sms_spam_03577,1485,train,ham,0,0,0,0,1,0,0,1,0,0,0,0,0,0,0,0,1,0,1,1
sms_spam_03578,3521,test,ham,0,0,0,0,0,0,0,0,0,0,0,0,0,0,0,0,1,0,1,1
sms_spam_03579,832,test,spam,0,0,0,1,0,0,0,0,0,0,0,0,1,1,0,0,0,0,0,0
sms_spam_03580,2006,train,ham,0,0,0,0,0,0,0,0,0,0,0,0,0,0,0,0,1,0,1,0
sms_spam_03581,5128,train,ham,0,0,0,0,0,0,0,0,0,0,0,1,0,0,0,0,1,1,1,1
sms_spam_03582,308,train,spam,0,0,0,1,0,0,0,0,0,0,0,0,0,0,0,0,0,0,0,0
sms_spam_03583,1776,train,spam,0,0,0,1,0,1,0,0,0,0,0,1,0,1,0,1,0,0,0,0
sms_spam_03584,5443,test,spam,1,1,0,1,1,1,0,1,0,0,0,0,0,1,0,0,0,0,1,0
sms_spam_03585,5499,train,ham,0,0,0,0,0,0,0,0,0,0,0,0,0,0,0,0,1,0,1,1
sms_spam_03586,1483,train,ham,0,0,0,0,0,0,0,0,0,0,0,0,0,0,0,0,1,0,1,0
sms_spam_03587,1849,train,ham,0,0,0,0,0,0,0,0,0,0,0,0,0,0,0,0,1,0,1,0
sms_spam_03588,1989,test,ham,0,0,0,0,0,0,0,0,0,0,0,0,0,0,0,0,1,1,1,1
sms_spam_03589,512,train,ham,0,0,0,0,0,0,0,0,0,0,0,0,0,0,0,0,1,0,1,1
sms_spam_03590,175,train,ham,0,0,0,0,1,0,0,1,0,0,0,0,0,0,0,0,1,0,1,1
sms_spam_03591,955,test,ham,0,0,0,0,0,0,0,0,0,0,0,0,0,0,0,0,1,0,1,1
sms_spam_03592,4228,train,ham,0,0,0,0,0,0,0,0,0,0,0,0,0,0,0,0,1,1,1,1
sms_spam_03593,1087,train,ham,0,0,0,0,0,0,0,0,0,0,0,1,0,0,0,0,1,0,1,0
sms_spam_03594,2948,test,ham,0,0,0,0,0,0,0,0,0,0,0,0,0,0,0,0,1,1,0,0
sms_spam_03595,3573,train,ham,0,0,0,0,0,0,0,0,0,0,0,0,0,0,0,0,1,0,1,1
sms_spam_03596,1452,train,ham,0,0,0,0,0,0,0,0,0,0,0,0,0,0,0,0,1,0,1,1
sms_spam_03597,2777,train,ham,0,0,0,0,0,0,0,1,0,0,0,0,0,0,0,0,1,0,1,1
sms_spam_03598,1597,train,spam,1,1,0,1,1,0,0,1,1,1,0,1,0,1,0,1,0,0,0,0
sms_spam_03599,2491,train,ham,0,0,0,0,0,0,0,0,0,0,0,0,0,0,0,0,1,0,1,0
sms_spam_03601,1895,train,ham,0,0,0,0,0,0,0,0,0,0,0,0,0,0,0,0,1,0,1,1
sms_spam_03600,4913,train,ham,0,0,0,0,0,0,0,0,0,0,0,0,0,0,0,0,1,1,1,1
sms_spam_03602,2892,train,ham,0,0,0,0,0,0,0,0,0,0,0,0,0,0,0,0,1,0,1,1
sms_spam_03603,1092,train,ham,0,0,0,0,0,0,0,0,0,0,0,0,0,0,0,0,1,1,1,1
sms_spam_03604,2385,train,spam,0,0,0,1,1,0,0,1,1,0,0,0,0,1,0,1,0,0,0,0
sms_spam_03605,1491,train,spam,0,0,1,1,0,1,0,0,1,0,0,1,1,1,0,1,0,0,0,0
sms_spam_03607,1920,train,ham,0,0,0,0,0,0,0,0,0,0,0,0,0,0,0,0,1,0,1,1
sms_spam_03606,604,train,ham,0,0,0,0,0,0,0,0,0,0,0,0,0,0,0,0,1,1,1,1
sms_spam_03608,2546,train,ham,0,0,0,0,0,0,0,0,0,0,0,0,0,0,0,0,1,0,1,0
sms_spam_03609,3440,train,spam,0,0,0,1,0,1,0,0,0,0,0,1,0,1,0,1,0,0,0,0
sms_spam_03610,2009,train,ham,0,0,0,0,0,0,0,0,0,0,0,0,0,0,0,0,1,1,1,1
sms_spam_03611,1916,test,ham,0,0,0,0,0,0,0,0,0,0,0,0,0,1,0,0,1,0,1,1
sms_spam_03613,4377,test,ham,0,0,0,0,0,0,0,0,0,0,0,0,0,0,0,0,1,1,1,1
sms_spam_03612,4316,train,ham,0,0,0,0,0,0,0,0,0,0,0,1,0,1,0,1,1,0,1,1
sms_spam_03614,1424,train,ham,0,0,0,0,0,0,0,0,0,0,0,0,0,0,0,0,1,0,1,1
sms_spam_03615,3006,test,ham,0,0,0,0,0,0,0,0,0,0,0,0,0,0,0,0,1,0,1,1
sms_spam_03616,4851,test,ham,0,0,0,0,0,0,0,0,0,0,0,0,0,0,0,0,1,0,1,0
sms_spam_03618,4889,train,ham,0,0,0,0,0,0,0,0,0,0,0,0,0,0,0,0,1,0,1,1
sms_spam_03617,3300,train,spam,0,0,0,0,0,0,0,0,0,0,0,0,0,0,0,0,1,0,1,1
sms_spam_03619,5012,train,ham,0,0,0,0,0,0,0,0,0,0,0,0,0,0,0,0,1,0,1,0
sms_spam_03620,2981,test,ham,0,0,0,0,0,0,0,0,0,0,0,0,0,0,0,0,1,1,1,1
sms_spam_03621,856,test,ham,0,0,0,0,0,0,0,0,0,0,0,0,0,0,0,0,1,1,1,0
sms_spam_03622,379,train,ham,0,0,0,0,0,0,0,0,0,0,0,0,0,0,0,0,1,0,1,1
sms_spam_03623,1543,train,spam,0,0,1,1,0,1,0,0,0,0,0,0,1,1,0,1,0,0,0,0
sms_spam_03624,2735,test,ham,0,0,0,0,0,0,0,0,0,0,0,0,0,0,0,0,1,0,1,1
sms_spam_03625,1494,test,ham,0,0,0,0,0,0,0,0,0,0,0,0,0,0,0,0,1,0,1,0
sms_spam_03626,4907,train,ham,0,0,0,0,0,0,0,0,0,0,0,0,0,0,0,0,1,1,1,0
sms_spam_03627,79,train,ham,0,0,0,0,1,0,0,1,0,0,0,0,0,0,0,0,1,1,1,1
sms_spam_03629,4449,test,ham,0,0,0,0,0,0,0,0,0,0,0,0,0,0,0,0,1,1,1,1
sms_spam_03628,3207,train,ham,0,0,0,0,0,0,0,0,0,0,0,0,0,0,0,0,1,0,1,1
sms_spam_03631,3551,train,ham,0,0,0,0,0,0,0,0,0,0,0,0,0,0,0,0,1,0,1,1
sms_spam_03630,3632,train,ham,0,0,0,0,0,0,0,0,0,0,0,0,0,0,0,0,1,0,1,0
sms_spam_03632,1535,train,spam,1,1,0,1,0,1,0,0,1,0,0,0,0,1,0,1,0,0,0,0
sms_spam_03633,2678,test,ham,0,0,0,0,0,0,0,0,0,0,0,0,0,0,0,0,1,0,1,0
sms_spam_03635,2024,train,ham,0,0,0,0,0,0,0,0,0,0,0,0,0,0,0,0,1,0,1,0
sms_spam_03634,3622,train,ham,0,0,0,0,0,0,0,0,0,0,0,0,0,0,0,0,1,0,1,0
sms_spam_03637,4192,train,ham,0,0,0,0,0,0,0,0,0,0,0,0,0,0,0,0,1,0,1,1
sms_spam_03636,542,train,ham,0,0,0,0,0,0,0,0,0,0,0,0,0,0,0,0,1,1,1,1
sms_spam_03638,4307,train,ham,0,0,0,0,0,0,0,0,0,0,0,0,0,0,0,0,1,0,1,1
sms_spam_03639,1717,train,spam,1,0,0,1,0,1,0,0,0,0,0,1,0,1,0,1,0,0,0,0
sms_spam_03640,1836,train,ham,0,0,0,0,0,0,0,0,0,0,0,0,0,0,0,0,1,0,1,0
sms_spam_03641,4274,train,ham,0,0,0,0,0,0,0,0,0,0,0,0,0,0,0,0,1,0,1,0
sms_spam_03643,754,train,ham,0,0,0,0,0,0,0,0,0,0,0,0,0,0,0,0,1,0,1,0
sms_spam_03642,4560,test,ham,0,0,0,0,0,0,0,0,0,0,0,0,0,0,0,0,1,0,1,1
sms_spam_03644,1295,train,ham,0,0,0,0,0,0,0,0,0,0,0,1,0,0,0,0,1,0,1,0
sms_spam_03645,3223,test,ham,0,0,0,0,0,0,0,0,0,0,0,0,0,0,0,0,1,0,1,1
sms_spam_03646,3401,train,ham,0,0,0,0,0,0,0,0,0,0,0,0,0,0,0,0,1,0,1,0
sms_spam_03647,788,train,spam,0,0,0,1,1,1,0,1,0,0,0,0,0,1,0,1,0,0,0,0
sms_spam_03648,3572,test,spam,0,0,0,1,1,0,0,1,1,0,0,1,0,1,0,1,0,0,1,0
sms_spam_03649,3376,train,ham,0,0,0,0,0,0,0,0,0,0,0,0,0,0,0,0,1,0,1,1
sms_spam_03650,527,train,ham,0,0,0,0,0,0,0,0,0,0,0,0,0,0,0,0,1,0,1,0
sms_spam_03651,1814,test,ham,0,0,0,0,0,0,0,0,0,0,0,0,0,1,0,1,1,0,1,0
sms_spam_03652,4718,train,ham,0,0,0,0,0,0,0,0,0,0,0,0,0,0,0,0,1,1,1,1
sms_spam_03653,2891,train,ham,0,0,0,0,0,0,0,0,0,0,0,0,0,0,0,0,1,0,1,1
sms_spam_03654,5207,train,ham,0,0,0,0,0,0,0,0,0,0,0,0,0,0,0,0,1,0,1,1
sms_spam_03655,4356,train,ham,0,0,0,0,0,0,0,0,0,0,0,0,0,0,0,0,1,1,1,1
sms_spam_03656,538,train,ham,0,0,0,0,0,0,0,0,0,0,0,1,0,0,0,0,1,0,1,0
sms_spam_03657,2655,test,ham,0,0,0,0,0,0,0,0,0,0,0,1,0,0,0,0,1,0,1,1
sms_spam_03658,1259,test,ham,0,0,1,0,0,0,0,0,0,0,0,0,0,1,0,0,0,0,0,0
sms_spam_03659,635,train,ham,0,0,0,0,0,0,0,0,0,0,0,0,0,0,0,0,1,0,1,0
sms_spam_03660,118,train,ham,0,0,0,0,1,0,0,1,0,0,0,0,0,0,0,0,1,1,1,1
sms_spam_03661,4550,train,ham,0,0,0,0,0,0,0,0,0,0,0,0,0,0,0,0,1,0,1,1
sms_spam_03663,772,train,ham,0,0,0,0,0,0,0,0,0,0,0,0,0,0,0,1,1,0,1,1
sms_spam_03662,1374,train,spam,1,0,0,1,1,0,0,1,1,0,0,1,1,1,0,1,0,0,0,0
sms_spam_03664,2701,train,ham,0,0,0,0,0,0,0,0,0,0,0,0,0,0,0,0,1,1,1,1
sms_spam_03666,1967,train,ham,0,0,0,0,0,0,0,0,0,0,0,0,0,0,0,0,1,1,1,1
sms_spam_03665,1147,train,ham,0,0,0,0,0,0,0,0,0,0,0,0,0,1,0,0,1,1,1,1
sms_spam_03667,3807,train,ham,0,0,0,0,0,0,0,0,0,0,0,0,0,0,0,0,1,1,1,1
sms_spam_03668,4179,train,ham,0,0,0,0,0,0,0,0,0,0,0,0,0,0,0,0,1,0,1,0
sms_spam_03669,3315,train,ham,0,0,0,0,0,0,0,0,0,0,0,0,0,0,0,0,1,0,1,1
sms_spam_03670,2445,train,ham,0,0,0,0,1,0,0,1,0,0,0,0,0,0,0,0,1,1,1,1
sms_spam_03671,4592,train,ham,0,0,0,0,0,0,0,0,0,0,0,0,0,0,0,0,1,0,1,1
sms_spam_03672,2218,test,ham,0,0,0,0,0,0,0,0,0,0,0,0,0,0,0,0,1,0,1,1
sms_spam_03673,995,train,ham,0,0,0,0,0,0,0,0,0,0,0,0,0,0,0,0,1,0,1,1
sms_spam_03674,1736,train,ham,0,0,0,0,0,0,0,0,0,0,0,0,0,0,0,0,1,1,1,0
sms_spam_03676,4501,train,ham,0,0,0,0,0,0,0,0,0,0,0,0,0,0,0,0,1,0,1,0
sms_spam_03675,5205,train,spam,0,0,1,1,0,1,0,0,0,0,0,0,0,1,0,0,0,0,0,0
sms_spam_03677,3438,train,ham,0,0,0,0,0,0,0,0,0,0,0,0,0,0,0,0,1,1,1,1
sms_spam_03678,3893,train,spam,1,1,0,1,1,1,0,1,1,1,0,0,0,1,0,1,0,0,0,0
sms_spam_03679,5323,test,ham,0,0,0,0,0,0,0,0,0,0,0,0,0,0,0,0,1,0,1,1
sms_spam_03680,2799,train,ham,0,0,0,0,0,0,0,0,0,0,0,0,0,0,0,0,1,0,0,0
sms_spam_03681,2516,train,ham,0,0,0,0,0,0,0,0,0,0,0,0,0,0,0,0,1,0,1,0
sms_spam_03682,1006,train,spam,0,0,0,1,0,1,0,0,0,0,0,1,0,1,0,0,0,0,0,0
sms_spam_03683,2253,train,ham,0,0,0,0,0,0,0,0,0,0,0,0,0,0,0,0,1,0,1,1
sms_spam_03684,207,train,ham,0,0,0,0,0,0,0,0,0,0,0,0,0,0,0,0,1,0,1,0
sms_spam_03685,3905,test,ham,0,0,0,0,0,0,0,0,0,0,0,0,0,0,0,0,1,0,1,0
sms_spam_03686,4086,train,spam,1,1,1,1,0,0,0,0,1,1,0,1,0,1,0,1,0,0,0,0
sms_spam_03687,346,train,ham,0,0,0,0,0,0,0,0,0,0,0,0,0,0,0,0,1,0,1,1
sms_spam_03688,5312,train,ham,0,0,0,0,0,0,0,0,0,0,0,0,0,0,0,0,1,1,1,1
sms_spam_03689,3984,train,ham,0,0,0,0,0,0,0,0,0,0,0,0,0,0,0,0,1,0,1,1
sms_spam_03690,2875,train,ham,0,0,0,0,0,0,0,0,0,0,0,0,0,0,0,0,1,0,1,0
sms_spam_03691,669,train,ham,0,0,0,0,0,0,0,0,0,0,0,0,0,0,0,0,1,0,0,1
sms_spam_03692,5194,train,ham,0,0,0,0,0,0,0,0,0,0,0,0,0,0,0,0,1,0,1,1
sms_spam_03693,4443,test,ham,0,0,0,0,0,0,0,0,0,0,0,1,0,0,0,0,1,1,1,0
sms_spam_03694,3146,train,ham,0,0,0,0,0,0,0,0,0,0,0,0,0,0,0,0,1,0,1,1
sms_spam_03695,4144,train,ham,0,0,0,0,0,0,0,0,0,0,0,0,0,0,0,0,1,0,1,1
sms_spam_03696,2538,test,ham,0,0,0,1,1,0,0,1,0,0,0,0,0,0,0,0,0,0,0,0
sms_spam_03697,2359,train,spam,0,0,0,1,1,1,0,1,0,0,0,0,0,1,0,1,0,0,0,0
sms_spam_03698,2894,train,ham,0,0,0,0,0,0,0,0,0,0,0,0,0,0,0,0,1,0,0,0
sms_spam_03699,1190,test,ham,0,0,0,0,0,0,0,0,0,0,0,0,0,0,0,0,1,0,1,1
sms_spam_03700,4048,test,ham,0,0,0,0,0,0,0,0,0,0,0,0,0,0,0,0,1,0,1,1
sms_spam_03701,5156,test,ham,0,0,0,0,0,0,0,0,0,0,0,0,0,0,1,0,0,0,0,0
sms_spam_03702,2679,test,spam,0,0,0,1,0,0,0,0,0,0,0,0,0,1,0,0,0,0,0,0
sms_spam_03703,5025,test,spam,0,0,1,1,1,0,0,1,1,0,0,0,0,1,0,1,0,0,0,0
sms_spam_03704,1398,train,ham,0,0,0,0,0,0,0,0,0,0,0,0,0,0,0,0,1,0,1,1
sms_spam_03705,590,train,spam,1,0,0,1,1,0,0,1,1,0,0,0,1,1,0,1,0,0,0,0
sms_spam_03706,1010,train,ham,0,0,0,0,0,0,0,0,0,0,0,0,0,0,0,0,1,1,1,1
sms_spam_03707,1302,train,ham,0,0,0,0,1,0,0,1,0,0,0,0,0,0,0,0,1,1,1,1
sms_spam_03708,1098,train,ham,0,0,0,0,0,0,0,0,0,0,0,1,0,0,0,0,1,0,1,1
sms_spam_03710,1569,train,ham,0,0,0,0,0,0,0,0,0,0,0,0,0,0,0,0,1,1,1,1
sms_spam_03709,41,train,ham,0,0,0,0,0,0,0,0,0,0,0,0,0,0,0,0,1,0,1,1
sms_spam_03711,3816,train,ham,0,0,0,0,0,0,0,0,0,0,0,0,0,0,0,0,1,0,1,0
sms_spam_03712,5006,train,ham,0,0,0,0,0,0,0,0,0,0,0,0,0,0,0,0,1,1,1,1
sms_spam_03713,4491,train,ham,0,0,0,0,0,0,0,0,0,0,0,0,0,0,0,0,1,0,1,1
sms_spam_03714,3306,train,ham,0,0,0,0,0,0,0,0,0,0,0,0,0,0,0,0,1,0,1,0
sms_spam_03719,3211,train,ham,0,0,0,0,0,0,0,0,0,0,0,0,0,0,0,0,1,1,1,1
sms_spam_03718,5038,train,ham,0,0,0,0,0,0,0,0,0,0,0,0,0,1,0,0,1,0,0,0
sms_spam_03717,5400,test,ham,0,0,0,0,0,0,0,0,0,0,0,0,0,0,0,0,1,0,1,0
sms_spam_03715,793,train,ham,0,0,0,0,0,0,0,0,0,0,0,1,0,0,0,0,1,0,1,0
sms_spam_03716,12,test,spam,1,1,0,1,1,1,0,1,1,0,0,1,1,1,0,1,0,0,0,0
sms_spam_03722,776,test,ham,0,0,0,0,0,0,0,0,0,0,0,0,0,0,0,0,1,1,1,1
sms_spam_03724,4864,train,ham,0,0,0,0,0,0,0,0,0,0,0,0,0,0,0,0,1,0,1,1
sms_spam_03721,1881,train,ham,0,0,0,0,0,0,0,0,0,0,0,0,0,0,0,0,1,0,1,1
sms_spam_03723,4374,train,spam,0,0,1,1,1,0,0,1,0,0,0,1,1,0,0,0,0,0,0,0
sms_spam_03720,546,test,ham,0,0,0,0,0,0,0,0,0,0,0,0,0,0,0,0,1,1,1,1
sms_spam_03725,4051,train,ham,0,0,0,0,0,0,0,0,0,0,0,0,0,0,0,0,1,1,1,1
sms_spam_03728,4397,train,ham,0,0,0,0,0,0,0,1,1,0,0,0,0,0,0,1,1,1,1,1
sms_spam_03727,1684,train,ham,0,0,0,1,0,0,0,0,0,0,0,0,0,0,0,0,0,0,0,0
sms_spam_03726,4055,train,ham,0,0,0,0,0,0,0,0,0,0,0,0,0,0,0,0,1,0,1,1
sms_spam_03730,3409,train,ham,0,0,0,0,0,0,0,0,0,0,0,0,0,0,0,0,0,0,0,0
sms_spam_03729,5032,train,ham,0,0,0,0,0,0,0,0,0,0,0,0,0,0,0,0,1,1,1,1
sms_spam_03731,1117,train,spam,1,1,0,1,1,0,0,1,0,0,0,0,0,1,0,1,0,0,0,0
sms_spam_03733,2245,train,ham,0,0,0,0,0,0,0,0,0,0,0,0,0,0,0,0,1,0,0,1
sms_spam_03732,3765,train,ham,0,0,0,0,0,0,0,0,0,0,0,0,0,0,0,0,1,1,1,1
sms_spam_03734,5102,train,spam,0,0,1,0,0,0,0,0,0,0,0,0,0,1,0,0,0,0,0,1
sms_spam_03736,255,train,ham,0,0,0,0,0,0,0,0,0,0,0,0,0,0,0,0,1,0,1,1
sms_spam_03737,1783,train,ham,0,0,0,0,0,1,0,0,0,0,0,0,0,0,0,0,1,0,1,1
sms_spam_03735,2622,test,ham,0,0,0,0,0,0,0,0,0,0,0,0,0,0,0,0,1,0,1,1
sms_spam_03738,2330,train,ham,0,0,0,0,0,0,0,0,0,0,0,0,0,0,0,0,1,1,1,1
sms_spam_03739,2269,test,ham,0,0,0,0,0,0,0,0,0,0,0,0,0,0,0,0,1,0,1,1
sms_spam_03740,2119,train,ham,0,0,0,0,0,0,0,0,0,0,0,0,0,0,0,0,1,0,1,1
sms_spam_03741,4845,train,ham,0,0,0,0,0,0,0,0,0,0,0,0,0,0,0,0,1,1,1,1
sms_spam_03742,2221,train,ham,0,0,0,0,0,0,0,0,0,0,0,0,0,0,0,0,1,0,1,1
sms_spam_03743,4095,test,ham,0,0,0,0,1,0,0,1,0,0,0,0,0,0,0,0,1,0,1,1
sms_spam_03745,188,train,ham,0,0,0,0,0,0,0,0,0,0,0,0,0,0,0,0,1,0,1,1
sms_spam_03744,406,train,ham,0,0,0,0,0,0,0,0,0,0,0,0,0,0,0,0,1,1,1,1
sms_spam_03746,4075,train,spam,0,0,0,1,0,1,0,0,0,0,0,0,0,1,0,1,0,0,0,0
sms_spam_03747,631,train,ham,0,0,0,0,0,0,0,0,0,0,0,0,0,0,0,0,1,0,1,0
sms_spam_03748,4650,train,spam,1,1,1,1,1,0,0,1,1,0,0,1,0,1,0,1,0,0,0,0
sms_spam_03749,3448,train,ham,0,0,0,0,0,0,0,0,0,0,0,0,0,0,0,0,1,0,1,1
sms_spam_03750,1371,test,ham,0,0,0,0,0,0,0,0,0,0,0,0,0,0,0,0,1,1,1,1
sms_spam_03751,5435,train,ham,0,0,0,0,0,0,0,0,0,0,0,0,0,0,0,0,1,1,1,1
sms_spam_03752,5567,test,spam,1,1,0,1,1,0,0,1,1,0,0,1,0,1,0,1,0,0,0,1
sms_spam_03753,4478,train,ham,0,0,0,0,0,0,0,0,0,0,0,0,0,0,0,0,1,0,0,0
sms_spam_03754,1545,test,ham,0,0,0,0,0,0,0,0,0,0,0,0,0,0,0,0,1,0,1,0
sms_spam_03755,4701,train,ham,0,0,0,0,0,0,0,0,0,0,0,0,0,0,0,0,1,0,1,0
sms_spam_03757,5533,train,ham,0,0,0,0,0,0,0,0,0,0,0,0,0,1,0,0,1,0,1,1
sms_spam_03756,4532,train,spam,0,0,0,1,0,0,0,0,0,0,0,0,0,1,0,0,0,0,0,0
sms_spam_03758,5493,train,ham,0,0,0,0,0,0,0,0,0,0,0,0,0,0,0,0,1,0,1,0
sms_spam_03760,5416,train,ham,0,0,0,0,0,0,0,0,1,0,0,1,0,0,0,1,0,0,0,0
sms_spam_03761,651,train,ham,0,0,0,0,0,0,0,0,0,0,0,0,0,0,0,0,1,1,1,1
sms_spam_03759,2325,train,ham,0,0,0,0,0,0,0,0,0,0,0,0,0,0,0,0,1,0,1,0
sms_spam_03762,52,train,ham,0,0,0,0,0,0,0,0,0,0,0,0,0,0,0,0,1,1,1,1
sms_spam_03763,1351,train,ham,0,0,0,0,0,0,0,0,0,0,0,0,0,0,0,0,1,1,1,1
sms_spam_03764,629,test,spam,1,1,1,1,1,0,0,1,0,0,0,0,0,1,0,1,0,0,0,0
sms_spam_03765,5513,test,ham,0,0,0,0,0,0,0,0,0,0,0,0,0,0,0,0,1,1,0,1
sms_spam_03766,3096,train,ham,0,0,0,0,0,0,0,0,0,0,0,0,0,0,0,0,1,1,1,1
sms_spam_03767,708,train,spam,1,0,1,1,0,0,0,0,0,0,0,0,1,1,0,1,0,0,0,0
sms_spam_03768,401,train,ham,0,0,0,0,0,0,0,0,0,0,0,0,0,0,0,0,1,1,1,1
sms_spam_03769,1657,train,ham,0,0,0,0,0,0,0,0,0,0,0,0,0,0,0,0,1,0,1,1
sms_spam_03771,3071,train,ham,0,0,0,0,0,0,0,0,0,0,0,0,0,0,0,0,1,0,1,1
sms_spam_03770,2023,train,ham,0,0,0,0,1,0,0,1,0,0,0,0,0,0,0,0,1,0,1,0
sms_spam_03772,2116,train,ham,0,0,0,0,0,0,0,0,0,0,0,0,0,0,0,0,1,0,1,1
sms_spam_03773,1047,train,spam,0,0,0,1,0,0,0,0,0,0,0,1,0,1,1,1,0,0,0,0
sms_spam_03774,3360,train,ham,0,0,0,0,0,0,0,0,0,0,0,0,0,1,0,0,1,0,1,1
sms_spam_03775,2534,train,ham,0,0,0,0,0,0,0,0,0,0,0,0,0,0,0,0,1,0,1,1
sms_spam_03776,634,train,spam,1,0,0,1,0,1,0,0,1,1,0,0,1,1,0,1,0,0,0,0
sms_spam_03777,2174,train,ham,0,0,0,0,0,0,0,0,0,0,0,0,0,0,0,0,1,0,1,1
sms_spam_03778,4555,train,ham,0,0,0,0,0,0,0,0,0,0,0,0,0,0,0,0,1,0,1,1
sms_spam_03779,4181,train,spam,1,1,1,1,1,1,0,1,1,0,0,1,0,1,0,1,0,0,0,0
sms_spam_03780,3604,train,ham,0,0,0,0,0,0,0,0,0,0,0,0,0,0,0,0,1,0,1,1
sms_spam_03782,4849,train,ham,0,0,0,0,0,0,0,0,0,0,0,0,0,0,0,0,1,0,1,1
sms_spam_03781,5092,train,ham,0,0,0,0,0,0,0,0,0,0,0,0,0,0,0,0,1,1,1,1
sms_spam_03783,1029,test,ham,0,0,0,0,0,0,0,0,0,0,0,0,0,0,0,0,1,0,1,1
sms_spam_03784,1650,train,ham,0,0,0,0,0,0,0,0,0,0,0,0,0,0,0,0,1,0,1,1
sms_spam_03785,4903,train,ham,0,0,0,0,0,0,0,0,0,0,0,0,0,0,0,0,1,0,1,1
sms_spam_03786,1500,train,ham,0,0,0,0,0,0,0,0,0,0,0,0,0,0,0,0,0,0,0,0
sms_spam_03787,1782,train,ham,0,0,0,0,0,0,0,0,0,0,0,0,0,0,0,0,1,1,1,0
sms_spam_03788,1751,train,ham,0,0,0,0,0,0,0,0,0,0,0,0,0,0,0,0,1,0,1,1
sms_spam_03789,5095,train,ham,0,0,0,0,0,0,0,0,0,0,0,0,0,0,0,0,1,1,1,1
sms_spam_03790,2426,train,spam,1,0,0,1,1,0,0,1,1,0,0,1,0,1,0,1,0,0,0,0
sms_spam_03791,3332,train,spam,0,0,0,1,0,0,0,0,1,0,0,0,0,1,0,1,0,0,0,0
sms_spam_03792,3055,train,ham,0,0,0,0,0,0,0,0,0,0,0,0,0,0,0,0,0,0,0,0
sms_spam_03793,1943,test,ham,0,0,0,0,0,0,0,0,0,0,0,0,0,0,0,0,1,0,1,0
sms_spam_03794,3033,train,ham,0,0,0,1,0,0,0,0,0,0,0,0,0,0,0,0,0,0,0,0
sms_spam_03795,3502,train,ham,0,0,0,0,0,0,0,0,0,0,0,0,0,0,0,0,1,1,1,1
sms_spam_03796,5528,train,ham,0,0,0,0,0,0,0,0,0,0,0,0,0,0,0,0,1,0,1,1
sms_spam_03797,3949,test,ham,0,0,0,0,0,0,0,0,0,0,0,0,0,0,0,0,1,1,1,1
sms_spam_03799,2671,train,ham,0,0,0,0,0,0,0,0,0,0,0,0,0,0,0,0,1,1,1,1
sms_spam_03798,5221,train,ham,0,0,0,0,0,0,0,0,0,0,0,0,0,0,0,0,1,1,1,1
sms_spam_03801,2776,train,ham,0,0,0,0,0,0,0,0,0,0,0,0,0,0,1,1,0,0,0,0
sms_spam_03800,3475,train,ham,0,0,0,0,0,0,0,0,0,0,0,0,0,0,0,0,1,1,1,1
sms_spam_03802,1321,train,ham,0,0,0,0,0,0,0,0,0,0,0,0,0,0,0,0,1,0,1,1
sms_spam_03803,1293,train,ham,0,0,0,0,0,0,0,0,0,0,0,0,0,0,0,0,1,0,1,0
sms_spam_03804,588,train,ham,0,0,0,0,0,0,0,0,0,0,0,0,0,0,0,0,1,0,1,1
sms_spam_03806,783,test,spam,0,0,1,0,0,0,0,0,1,0,0,0,0,1,0,1,0,0,0,0
sms_spam_03805,2418,train,ham,0,0,1,0,0,0,0,0,0,0,0,0,0,0,0,0,0,0,0,0
sms_spam_03807,3205,test,ham,0,0,0,0,0,0,0,0,0,0,0,0,0,0,0,0,1,0,1,1
sms_spam_03808,4588,train,ham,0,0,0,0,0,0,0,0,0,0,0,0,0,0,0,0,1,0,1,1
sms_spam_03809,2733,test,ham,0,0,0,0,0,0,0,0,0,0,0,0,0,0,0,0,1,1,1,1
sms_spam_03810,1497,train,ham,0,0,0,0,0,0,0,0,0,0,0,0,0,0,0,0,1,0,0,1
sms_spam_03813,4969,train,ham,0,0,0,0,0,0,0,0,0,0,0,0,0,0,0,0,1,1,1,1
sms_spam_03811,98,train,ham,0,0,0,0,0,0,0,0,0,0,0,0,0,0,0,0,1,1,1,1
sms_spam_03812,597,train,spam,0,0,1,0,0,0,0,0,1,0,0,1,0,1,0,1,0,0,0,0
sms_spam_03814,4439,train,ham,0,0,0,0,0,0,0,0,0,0,0,0,0,0,0,0,1,0,1,1
sms_spam_03815,1724,train,ham,0,0,0,0,0,0,0,0,0,0,0,0,0,0,0,0,1,0,1,1
sms_spam_03816,1917,train,ham,0,0,0,0,0,0,0,0,0,0,0,0,0,0,0,0,1,1,1,1
sms_spam_03817,4119,train,ham,0,0,0,0,0,0,0,0,0,0,0,0,0,0,0,0,1,0,1,0
sms_spam_03820,863,train,ham,0,0,0,0,0,0,0,0,0,0,0,0,0,0,0,0,1,1,1,1
sms_spam_03818,4739,train,ham,0,0,0,0,0,0,0,0,0,0,0,0,0,0,0,0,1,0,1,1
sms_spam_03819,3668,train,ham,0,0,0,0,0,0,0,0,0,0,0,0,0,0,0,0,1,1,1,1
sms_spam_03821,3446,train,ham,0,0,0,0,0,0,0,0,0,0,0,0,0,0,0,0,1,0,1,0
sms_spam_03822,1835,train,ham,0,0,0,0,0,0,0,0,0,0,0,0,0,0,0,0,1,1,1,1
sms_spam_03824,1912,train,ham,0,0,0,0,0,0,0,0,0,0,0,0,0,0,0,0,1,0,1,0
sms_spam_03823,2840,test,ham,0,0,0,0,0,0,0,0,0,0,0,0,0,0,0,0,1,0,1,1
sms_spam_03826,4122,train,ham,0,0,0,0,0,0,0,0,0,0,0,0,0,0,0,0,1,1,1,1
sms_spam_03825,1297,train,ham,0,0,0,0,1,0,0,1,0,0,0,0,0,0,0,0,1,0,1,1
sms_spam_03827,1275,train,ham,0,0,0,0,0,0,0,0,0,0,0,0,0,0,0,0,1,0,1,0
sms_spam_03828,4759,train,ham,0,0,0,0,0,0,0,0,0,0,0,0,0,0,0,0,1,0,1,1
sms_spam_03829,1244,train,ham,0,0,0,0,0,0,0,0,0,0,0,0,0,0,0,0,1,1,1,1
sms_spam_03832,4188,test,ham,0,0,0,0,1,0,0,1,0,0,0,0,0,1,0,0,1,0,1,1
sms_spam_03831,4812,train,ham,0,0,0,0,0,0,0,0,0,0,0,0,0,0,0,0,1,0,1,1
sms_spam_03830,2967,train,ham,0,0,0,0,0,0,0,0,0,0,0,0,0,0,0,0,1,0,1,0
sms_spam_03833,2353,train,spam,0,0,1,0,0,0,0,0,1,0,0,0,0,1,0,1,0,0,0,0
sms_spam_03834,2831,train,ham,0,0,0,0,0,0,0,0,0,0,0,0,0,0,0,0,1,0,1,0
sms_spam_03836,1516,train,ham,0,0,0,0,0,0,0,0,0,0,0,0,0,0,0,0,1,1,1,0
sms_spam_03835,2740,train,ham,0,0,0,0,0,0,0,0,0,0,0,0,0,0,0,0,1,0,0,0
sms_spam_03837,1225,train,ham,0,0,0,0,0,0,0,0,0,0,0,0,0,0,0,0,1,0,1,1
sms_spam_03838,5086,train,ham,0,0,0,0,0,0,0,0,0,0,0,0,0,0,0,0,1,0,1,0
sms_spam_03839,4473,train,spam,0,0,0,1,1,0,0,1,1,0,0,0,0,1,0,1,0,0,0,0
sms_spam_03840,903,train,ham,0,0,0,0,0,0,0,0,0,0,0,0,0,0,0,0,1,0,1,0
sms_spam_03842,342,train,ham,0,0,0,0,0,0,0,0,0,0,0,0,0,0,0,0,1,0,1,1
sms_spam_03841,1935,train,ham,0,0,0,0,0,0,0,0,0,0,0,0,0,0,0,0,1,1,1,1
sms_spam_03844,2696,train,ham,0,0,0,0,0,0,0,0,0,0,0,0,0,0,0,0,1,1,1,1
sms_spam_03845,5151,test,ham,0,0,0,0,0,0,0,0,0,0,0,0,0,0,0,0,1,0,1,1
sms_spam_03843,4020,train,ham,0,0,0,0,0,0,0,0,0,0,0,0,0,0,0,0,1,1,0,1
sms_spam_03846,3539,train,ham,0,0,0,0,0,0,0,0,0,0,0,0,0,0,0,0,1,1,1,1
sms_spam_03848,715,train,ham,0,0,0,0,0,0,0,0,0,0,0,0,0,0,0,0,1,0,1,0
sms_spam_03847,2302,train,ham,0,0,0,0,0,0,0,0,0,0,0,0,0,0,0,0,1,0,1,0
sms_spam_03849,1421,train,ham,0,0,0,0,0,0,0,0,0,0,0,0,0,0,0,0,1,0,0,0
sms_spam_03851,579,train,ham,0,0,0,0,0,0,0,0,0,0,0,0,0,0,0,0,1,0,1,0
sms_spam_03850,3811,train,ham,0,0,0,0,0,0,0,0,0,0,0,0,0,0,0,0,1,1,1,1
sms_spam_03852,4360,test,ham,0,0,0,0,0,0,0,0,0,0,0,0,0,0,0,0,1,0,1,0
sms_spam_03855,4261,test,ham,0,0,0,0,0,0,0,0,0,0,0,0,0,0,0,0,1,0,1,1
sms_spam_03853,5450,train,ham,0,0,0,0,0,0,0,0,0,0,0,0,0,0,0,0,1,0,1,0
sms_spam_03854,4223,train,ham,0,0,0,0,0,0,0,0,0,0,0,0,0,0,0,0,1,0,1,1
sms_spam_03857,1041,test,ham,0,0,0,0,0,0,0,0,0,0,0,0,0,0,0,0,1,1,1,0
sms_spam_03856,5351,train,ham,0,0,0,0,0,0,0,0,0,0,0,0,0,0,0,0,1,1,1,1
sms_spam_03858,2620,train,ham,0,0,0,0,0,0,0,0,0,0,0,0,0,0,0,0,1,0,1,1
sms_spam_03859,97,train,ham,0,0,0,0,1,0,0,1,0,0,0,0,0,0,0,0,1,0,1,1
sms_spam_03861,499,train,ham,0,0,0,0,0,0,0,0,0,0,0,0,0,0,0,0,1,1,1,0
sms_spam_03863,333,train,ham,0,0,0,0,0,0,0,0,0,0,0,0,0,0,0,0,1,0,1,1
sms_spam_03860,2185,test,ham,0,0,0,0,0,0,0,0,0,0,0,0,0,0,0,0,1,0,1,0
sms_spam_03862,4187,train,ham,0,0,0,0,0,0,0,0,0,0,0,0,0,0,0,0,1,1,1,1
sms_spam_03864,3433,train,ham,0,0,0,0,0,0,0,0,0,0,0,0,0,0,0,0,1,0,1,0
sms_spam_03866,906,train,spam,1,0,0,1,0,0,0,0,0,0,0,1,1,1,0,1,0,0,0,0
sms_spam_03869,2568,train,ham,0,0,0,0,0,0,0,0,0,0,0,0,0,0,0,0,1,0,1,1
sms_spam_03865,3587,train,ham,0,0,0,0,0,0,0,0,0,0,0,0,0,0,0,0,1,1,1,1
sms_spam_03867,3817,train,spam,1,1,0,1,1,1,0,1,0,0,0,1,0,1,0,1,0,0,0,0
sms_spam_03868,623,train,ham,0,0,0,0,0,0,0,0,0,0,0,0,0,0,0,0,1,1,1,1
sms_spam_03870,2654,train,ham,0,0,0,0,0,0,0,0,0,0,0,0,0,0,0,0,1,0,1,1
sms_spam_03871,3013,train,ham,0,0,0,0,0,0,0,0,0,0,0,0,0,0,0,0,1,1,1,1
sms_spam_03874,2965,train,ham,0,0,0,0,0,0,0,0,0,0,0,0,0,0,0,0,1,0,1,0
sms_spam_03872,2798,train,ham,0,0,0,0,0,0,0,0,0,0,0,0,0,0,0,0,1,0,1,1
sms_spam_03873,892,train,ham,0,0,0,0,0,0,0,0,0,0,0,0,0,0,0,0,1,0,1,0
sms_spam_03875,301,test,ham,0,0,0,0,0,0,0,0,0,0,0,0,0,0,0,0,1,1,1,1
sms_spam_03876,1236,train,ham,0,0,0,0,1,0,0,1,0,0,0,0,0,0,0,0,1,0,1,1
sms_spam_03877,886,train,ham,0,0,0,0,0,0,0,0,0,0,0,0,0,0,0,0,1,0,1,0
sms_spam_03880,3649,test,ham,0,0,0,0,0,0,0,0,0,0,0,0,0,0,0,0,1,1,1,1
sms_spam_03879,3387,train,ham,0,0,0,0,0,0,0,0,0,0,0,0,0,0,0,0,1,0,1,1
sms_spam_03878,1425,train,ham,0,0,0,0,0,0,0,0,0,0,0,0,0,0,0,0,1,1,1,1
sms_spam_03881,3944,test,ham,0,0,0,0,0,0,0,0,0,0,0,0,0,0,0,0,1,0,1,0
sms_spam_03882,5502,train,ham,0,0,0,0,0,0,0,0,0,0,0,0,0,0,0,0,1,0,1,0
sms_spam_03886,5428,train,ham,0,0,0,0,0,0,0,0,0,0,0,0,0,0,0,0,1,0,1,1
sms_spam_03885,2550,train,ham,0,0,0,0,0,0,0,0,0,0,0,0,0,0,0,0,1,0,1,0
sms_spam_03884,2754,test,ham,0,0,0,0,1,0,0,1,0,0,0,0,0,0,0,0,1,0,1,1
sms_spam_03883,72,train,ham,0,0,0,0,0,0,0,0,0,0,0,0,0,0,0,0,1,1,1,0
sms_spam_03887,4091,train,ham,0,0,0,0,0,0,0,0,0,0,0,0,0,0,0,0,1,0,1,1
sms_spam_03888,3012,test,spam,0,0,0,1,1,1,0,1,0,0,0,1,0,1,0,1,0,0,0,0
sms_spam_03889,1634,train,spam,0,0,0,1,1,0,0,1,0,0,0,0,1,1,0,1,0,0,0,0
sms_spam_03891,3603,train,ham,0,0,0,0,0,0,0,0,0,0,0,0,0,0,0,0,1,0,1,1
sms_spam_03892,107,train,ham,0,0,0,0,0,0,0,0,0,0,0,0,0,0,0,0,1,0,0,0
sms_spam_03890,1505,train,ham,0,0,0,1,0,1,0,0,0,0,0,0,0,0,0,1,0,0,0,0
sms_spam_03893,1476,train,ham,0,0,0,0,0,0,0,0,0,0,0,0,0,1,0,1,1,1,1,0
sms_spam_03894,1899,train,ham,0,0,0,0,0,0,0,0,0,0,0,0,0,0,0,0,1,0,1,0
sms_spam_03895,794,train,ham,0,0,0,0,0,0,0,0,0,0,0,0,0,0,0,0,1,0,1,1
sms_spam_03896,398,train,ham,0,0,0,0,0,0,0,0,0,0,0,0,0,0,0,0,1,1,1,0
sms_spam_03897,2746,train,ham,0,0,0,0,0,0,0,0,0,0,0,0,0,0,0,0,1,0,1,1
sms_spam_03898,2822,train,ham,0,0,0,0,0,0,0,0,0,0,0,0,0,0,0,0,1,1,1,1
sms_spam_03899,1652,train,spam,1,0,0,1,1,0,0,1,1,0,0,0,1,1,0,1,0,0,0,0
sms_spam_03900,4601,train,ham,0,0,0,0,0,0,0,0,0,0,0,0,0,0,0,0,1,0,1,1
sms_spam_03902,4698,train,ham,0,0,0,0,0,0,0,0,0,0,0,0,0,0,0,0,1,0,1,1
sms_spam_03901,2561,train,ham,0,0,0,0,0,0,0,0,0,0,0,0,0,0,0,0,1,0,1,0
sms_spam_03903,1264,test,ham,0,0,0,0,0,0,0,0,0,0,0,0,0,0,0,0,1,1,0,1
sms_spam_03904,790,train,ham,0,0,0,0,0,0,0,0,0,0,0,0,0,0,0,0,1,0,1,1
sms_spam_03905,2266,train,spam,1,0,0,1,1,1,0,1,1,0,0,1,1,1,0,1,0,0,0,0
sms_spam_03906,4154,train,spam,0,0,0,1,1,1,1,1,0,0,0,0,0,1,0,1,0,0,0,0
sms_spam_03909,3064,train,ham,0,0,0,0,0,0,0,0,0,0,0,0,0,0,0,0,1,0,1,1
sms_spam_03907,516,train,spam,0,0,0,1,1,0,0,1,0,0,0,0,0,1,0,1,0,0,0,0
sms_spam_03908,3781,train,ham,0,0,0,0,0,0,0,0,0,0,0,0,0,0,0,0,1,0,1,1
sms_spam_03910,1499,train,spam,0,0,1,1,0,0,0,0,0,0,0,0,0,1,0,0,0,0,0,0
sms_spam_03911,4465,train,ham,0,0,0,0,0,0,0,0,0,0,0,0,0,0,0,0,1,1,1,1
sms_spam_03912,3726,train,ham,0,0,0,0,0,0,0,0,1,0,0,0,0,1,0,1,1,0,1,1
sms_spam_03914,3318,test,ham,0,0,0,0,0,0,0,0,0,0,0,0,0,0,0,0,1,0,1,1
sms_spam_03913,1864,train,ham,0,0,0,0,0,0,0,0,0,0,0,0,0,1,0,1,1,0,1,1
sms_spam_03915,997,train,ham,0,0,0,0,0,0,0,0,0,0,0,0,0,0,0,0,1,1,1,1
sms_spam_03917,5187,test,ham,0,0,0,0,0,0,0,0,0,0,0,0,0,0,0,0,1,0,1,0
sms_spam_03916,2869,test,spam,1,0,0,1,1,0,0,1,1,0,0,1,0,1,0,1,0,0,0,0
sms_spam_03918,3887,test,ham,0,0,0,0,0,0,0,0,0,0,0,0,0,0,0,0,1,0,1,1
sms_spam_03919,1856,train,ham,0,0,0,1,0,0,0,0,1,0,0,1,0,0,0,1,0,0,1,0
sms_spam_03920,2903,train,ham,0,0,0,0,0,0,0,0,0,0,0,1,0,0,0,0,1,1,1,1
sms_spam_03921,646,train,ham,0,0,0,0,0,0,0,0,0,0,0,0,0,0,0,0,1,0,1,1
sms_spam_03922,123,test,ham,0,0,0,0,0,0,0,0,0,0,0,0,0,0,0,0,1,1,0,0
sms_spam_03923,872,train,ham,0,0,0,0,0,0,0,0,0,0,0,0,0,0,0,0,1,1,1,1
sms_spam_03924,2402,train,ham,0,0,0,0,0,0,0,0,0,0,0,0,0,0,0,0,1,1,1,1
sms_spam_03925,983,train,ham,0,0,0,0,0,0,0,0,0,0,0,1,0,0,0,0,1,0,1,1
sms_spam_03926,227,test,ham,0,0,0,0,0,0,0,0,0,0,0,0,0,0,0,0,1,0,0,0
sms_spam_03927,4773,train,ham,0,0,0,0,0,0,0,0,0,0,0,0,0,0,0,0,1,0,1,1
sms_spam_03928,1323,train,ham,0,0,0,0,1,0,0,1,0,0,0,0,0,0,0,0,1,0,1,1
sms_spam_03929,806,train,ham,0,0,0,0,0,0,0,0,0,0,0,0,0,0,0,0,1,1,1,1
sms_spam_03930,5189,test,spam,1,0,0,1,1,1,0,0,0,0,0,0,0,1,0,1,0,0,0,0
sms_spam_03931,504,test,spam,1,1,0,1,1,0,0,1,0,0,0,0,0,1,0,1,0,0,0,0
sms_spam_03933,20,train,ham,0,0,0,0,0,0,0,0,0,0,0,0,0,0,0,0,1,0,1,1
sms_spam_03932,132,train,ham,0,0,0,0,0,0,0,0,0,0,0,0,0,0,0,0,0,0,0,0
sms_spam_03934,4545,train,ham,0,0,0,0,0,0,0,0,0,0,0,0,0,0,0,0,1,0,1,0
sms_spam_03935,418,train,ham,0,0,0,0,0,0,0,0,0,0,0,0,0,1,0,0,1,1,1,1
sms_spam_03936,3773,test,ham,0,0,0,0,0,0,0,0,0,0,0,0,0,0,0,0,1,0,1,1
sms_spam_03938,645,train,ham,0,0,0,0,0,0,0,0,0,0,0,0,0,0,0,0,1,1,1,1
sms_spam_03937,5113,train,ham,0,0,0,0,0,0,0,0,0,0,0,0,0,0,0,0,1,1,1,1
sms_spam_03939,235,train,ham,0,0,0,0,0,0,0,0,0,0,0,0,0,0,0,0,1,0,1,1
sms_spam_03940,2890,train,ham,0,0,0,0,0,0,0,0,0,0,0,0,0,0,0,0,1,1,1,1
sms_spam_03941,1141,train,spam,0,0,0,1,1,0,0,1,1,0,0,1,0,1,0,1,0,0,0,0
sms_spam_03942,862,train,ham,0,0,0,0,0,0,0,0,0,0,0,0,0,0,0,0,1,0,1,1
sms_spam_03944,3821,train,ham,0,0,0,0,0,0,0,0,0,0,0,0,0,0,0,0,1,0,1,0
sms_spam_03943,1189,train,ham,0,0,0,0,0,0,0,0,0,0,0,0,0,0,0,0,1,1,1,1
sms_spam_03946,4870,test,ham,0,0,0,0,0,0,0,0,0,0,0,0,0,0,0,0,1,0,1,1
sms_spam_03947,3450,train,ham,0,0,0,0,0,0,0,0,0,0,0,0,0,0,0,0,1,1,1,1
sms_spam_03945,3101,test,ham,0,0,0,0,0,0,0,0,0,0,0,0,0,1,0,1,1,1,0,0
sms_spam_03948,2660,train,ham,0,0,0,0,0,0,0,0,0,0,0,0,0,0,0,0,1,1,1,0
sms_spam_03949,3489,test,ham,0,0,0,0,0,0,0,0,0,0,0,0,0,0,0,0,1,1,1,1
sms_spam_03951,2050,train,ham,0,0,0,0,0,0,0,0,0,0,0,0,0,0,0,0,1,1,1,1
sms_spam_03950,2052,test,spam,0,0,0,1,1,0,1,1,0,0,0,0,0,1,0,1,0,0,0,0
sms_spam_03952,4481,train,ham,0,0,0,0,0,0,0,0,0,0,0,0,0,0,0,0,1,0,1,1
sms_spam_03953,1307,test,spam,0,0,0,1,1,0,0,1,0,0,0,0,1,1,0,1,0,0,0,0
sms_spam_03954,147,test,ham,0,0,0,0,0,0,0,0,0,0,0,0,0,0,0,0,1,1,1,1
sms_spam_03955,3542,train,ham,0,0,0,0,0,0,0,0,0,0,0,0,0,0,0,0,1,0,1,0
sms_spam_03958,1753,train,ham,0,0,0,0,0,0,0,0,0,0,0,0,0,0,0,0,1,1,1,1
sms_spam_03957,1598,train,ham,0,0,0,0,0,0,0,0,0,0,0,0,0,0,0,0,1,1,1,0
sms_spam_03956,1281,train,ham,0,0,0,0,0,0,0,0,0,0,0,0,0,0,0,0,1,0,1,0
sms_spam_03959,5373,train,ham,0,0,0,0,0,0,0,0,0,0,0,0,0,0,0,0,1,1,1,1
sms_spam_03960,4663,train,ham,0,0,0,0,0,0,0,0,0,0,0,0,0,0,0,0,1,1,1,1
sms_spam_03961,3366,train,ham,0,0,0,0,0,0,0,0,0,0,0,0,0,1,0,0,1,0,1,1
sms_spam_03964,331,train,ham,0,0,0,0,0,0,0,0,0,0,0,0,0,0,0,0,1,0,1,1
sms_spam_03962,3818,train,ham,0,0,0,0,0,0,0,0,0,0,0,0,0,0,0,0,1,1,1,1
sms_spam_03963,2271,train,ham,0,0,0,0,0,0,0,0,0,0,0,0,0,0,0,0,1,0,1,0
sms_spam_03965,5394,train,ham,0,0,0,0,0,0,0,0,0,0,0,0,0,0,0,0,1,0,1,1
sms_spam_03966,4944,train,ham,0,0,0,0,0,0,0,0,0,0,0,0,0,1,0,0,1,1,1,1
sms_spam_03967,4073,train,ham,0,0,0,0,0,0,0,0,0,0,0,0,0,0,0,0,1,0,1,0
sms_spam_03968,1105,train,ham,0,0,0,0,0,0,0,0,0,0,0,0,0,0,0,0,1,1,1,0
sms_spam_03970,2082,train,ham,0,0,0,0,0,0,0,0,0,0,0,0,0,0,0,0,1,0,1,1
sms_spam_03969,666,train,ham,0,0,0,0,0,0,0,0,0,0,0,0,0,0,0,0,1,1,1,1
sms_spam_03971,2104,train,ham,0,0,0,0,0,0,0,0,0,0,0,0,0,0,0,0,1,1,1,1
sms_spam_03972,2694,test,ham,0,0,0,0,0,0,0,0,0,0,0,0,0,0,0,0,1,0,1,1
sms_spam_03973,3757,train,ham,0,0,0,0,0,0,0,0,0,0,0,0,0,0,0,0,1,0,1,1
sms_spam_03975,4735,train,ham,0,0,0,0,0,0,0,0,0,0,0,0,0,0,0,0,1,0,0,0
sms_spam_03974,5263,test,ham,0,0,0,0,0,0,0,0,0,0,0,0,0,1,0,0,1,0,1,0
sms_spam_03976,756,train,ham,0,0,0,0,0,0,0,0,0,0,0,0,0,0,0,0,1,0,1,1
sms_spam_03977,4546,train,ham,0,0,0,0,0,0,0,0,0,1,0,0,0,0,0,0,1,0,1,1
sms_spam_03978,1844,train,ham,0,0,0,0,0,0,0,0,0,0,0,0,0,0,0,0,1,0,1,0
sms_spam_03979,1891,train,ham,0,0,0,0,0,0,0,0,0,0,0,0,0,0,0,0,1,0,0,1
sms_spam_03981,5554,train,ham,0,0,0,0,1,0,0,1,0,0,0,0,0,0,0,0,1,0,1,1
sms_spam_03980,3879,train,ham,0,0,0,0,0,0,0,0,0,0,0,0,0,0,0,0,1,1,1,0
sms_spam_03982,4016,train,ham,0,0,0,0,0,0,0,0,0,0,0,0,0,0,0,0,1,0,1,1
sms_spam_03983,2358,train,ham,0,0,0,0,0,0,0,0,0,0,0,0,0,0,0,0,1,1,1,1
sms_spam_03984,4388,test,ham,0,0,0,0,0,0,0,0,0,0,0,0,0,0,0,0,1,0,1,1
sms_spam_03985,2049,train,ham,0,0,0,0,0,0,0,0,0,0,0,0,0,0,0,0,1,0,0,0
sms_spam_03987,3168,train,ham,0,0,0,0,0,0,0,0,0,0,0,0,0,0,0,0,1,0,1,1
sms_spam_03986,989,train,ham,0,0,0,0,0,0,0,0,0,0,0,0,0,0,0,0,1,0,1,1
sms_spam_03988,2971,train,ham,0,0,0,0,0,0,0,0,0,0,0,0,0,0,0,0,1,1,1,1
sms_spam_03989,4033,train,ham,0,0,0,0,0,0,0,0,0,0,0,0,0,1,0,0,1,0,1,1
sms_spam_03990,3844,train,ham,0,0,0,0,0,0,0,0,0,0,0,0,0,0,0,0,1,0,1,0
sms_spam_03991,1755,test,ham,0,0,0,0,0,0,0,0,0,0,0,0,0,0,0,0,1,0,1,0
sms_spam_03994,3934,train,ham,0,0,0,0,0,0,0,0,1,0,0,0,0,0,0,1,1,0,0,0
sms_spam_03992,5079,train,ham,0,0,0,0,0,0,0,0,0,0,0,0,0,0,0,0,1,0,1,0
sms_spam_03993,4797,test,ham,0,0,0,0,0,0,0,0,0,0,0,0,0,0,0,0,1,0,1,1
sms_spam_03995,812,test,spam,1,1,0,1,1,1,0,1,0,0,0,0,1,1,0,1,0,0,0,0
sms_spam_03996,497,train,ham,0,0,1,0,0,0,0,0,0,0,0,0,0,0,0,0,1,0,1,1
sms_spam_03997,1194,train,ham,0,0,0,0,0,0,0,0,0,0,0,0,0,0,0,0,1,0,1,1
sms_spam_03998,2500,train,ham,0,0,0,0,0,0,0,0,0,0,0,0,0,0,0,0,1,1,1,1
sms_spam_04000,3288,test,spam,1,1,0,1,0,1,0,0,0,1,0,0,0,1,0,0,0,0,0,0
sms_spam_03999,8,train,spam,1,1,1,1,1,0,0,1,1,1,0,1,0,1,0,1,0,0,0,0
sms_spam_04001,3904,train,spam,0,0,0,1,1,0,1,1,1,0,0,0,0,1,0,1,0,0,0,0
sms_spam_04002,3161,train,ham,0,0,0,0,0,0,0,0,0,0,0,0,0,0,0,0,1,0,1,0
sms_spam_04003,4678,train,ham,0,0,0,0,0,0,0,0,0,0,0,0,0,0,0,0,1,0,1,1
sms_spam_04004,4562,train,ham,0,0,0,0,0,0,0,0,0,0,0,0,0,0,0,0,1,1,1,1
sms_spam_04005,1439,train,ham,0,0,0,0,0,0,0,0,0,0,0,0,0,0,0,0,1,1,1,1
sms_spam_04006,3194,train,ham,0,0,0,0,0,0,0,0,0,0,0,0,0,0,0,0,1,1,1,0
sms_spam_04007,5376,train,ham,0,0,0,0,0,0,0,0,0,0,0,0,0,0,0,0,1,0,1,1
sms_spam_04008,5069,train,spam,0,0,0,1,1,0,0,1,0,0,0,0,0,1,0,1,0,0,0,0
sms_spam_04009,404,test,ham,0,0,0,0,0,0,0,0,0,0,0,0,0,0,0,0,1,1,1,1
sms_spam_04011,2202,train,ham,0,0,0,0,0,0,0,0,0,0,0,0,0,0,0,0,1,1,1,1
sms_spam_04010,685,train,ham,0,0,0,0,0,0,0,0,0,0,0,0,0,0,0,0,1,1,1,1
sms_spam_04012,564,train,ham,0,0,0,0,1,0,0,1,0,0,0,0,0,0,0,0,1,0,1,1
sms_spam_04013,1322,train,ham,0,0,0,0,0,0,0,0,0,0,0,0,0,0,0,0,1,0,1,1
sms_spam_04014,935,train,ham,0,0,0,0,0,0,0,0,0,0,0,0,0,0,0,0,1,0,1,1
sms_spam_04015,1939,train,spam,0,0,0,1,1,0,0,1,1,0,0,0,0,1,0,1,0,0,0,0
sms_spam_04016,5122,train,ham,0,0,0,0,1,0,0,1,0,0,0,0,0,0,0,0,1,1,1,1
sms_spam_04017,2697,train,ham,0,0,0,0,0,0,0,0,0,0,0,0,0,0,0,0,1,0,1,0
sms_spam_04018,1395,train,ham,0,0,0,0,0,0,0,0,0,0,0,0,0,0,0,0,1,0,1,1
sms_spam_04019,145,train,ham,0,0,0,0,0,0,0,0,0,0,0,0,0,0,0,0,1,1,1,1
sms_spam_04020,1740,train,spam,1,1,0,1,1,1,0,1,1,0,0,1,0,1,0,1,0,0,0,0
sms_spam_04021,4565,test,ham,0,0,0,0,0,0,0,0,0,0,0,0,0,1,0,0,1,0,1,1
sms_spam_04023,124,test,ham,0,0,0,0,0,0,0,0,0,0,0,0,0,0,0,0,1,0,1,1
sms_spam_04022,4132,train,spam,0,0,0,1,1,0,0,1,1,1,0,1,0,1,0,1,0,0,1,0
sms_spam_04025,1570,train,ham,0,0,0,0,0,0,0,0,0,0,0,0,0,0,0,0,1,0,1,1
sms_spam_04024,4461,train,ham,0,0,0,0,0,0,0,0,0,0,0,0,0,0,0,0,1,1,1,1
sms_spam_04026,2336,train,ham,0,0,0,0,0,0,0,0,0,0,0,0,0,0,0,0,1,1,1,1
sms_spam_04027,1628,train,ham,0,0,0,0,0,0,0,0,0,0,0,0,0,0,0,0,1,0,1,0
sms_spam_04028,502,train,ham,0,0,0,0,0,0,0,0,0,0,0,0,0,0,0,0,1,0,0,0
sms_spam_04030,1114,train,ham,0,0,0,0,0,0,0,0,0,0,0,0,0,0,0,0,1,0,1,1
sms_spam_04031,2686,train,ham,0,0,0,0,0,0,0,0,0,0,0,0,0,0,0,0,1,0,1,0
sms_spam_04029,2157,train,ham,1,0,0,0,0,0,0,0,0,0,0,0,0,0,0,0,1,1,1,0
sms_spam_04032,1253,train,ham,0,0,0,0,0,0,0,0,0,0,0,0,0,0,0,0,1,1,1,1
sms_spam_04033,1454,train,ham,0,0,0,0,0,0,0,0,1,0,0,0,0,0,0,1,1,1,1,1
sms_spam_04034,5081,test,ham,0,0,0,0,0,0,0,0,0,0,0,1,0,0,0,0,1,1,1,0
sms_spam_04035,4542,train,ham,0,0,0,0,0,0,0,0,0,0,0,0,0,0,0,0,1,0,1,1
sms_spam_04036,2170,test,ham,0,0,0,0,0,0,0,0,0,0,0,1,0,0,0,1,1,1,1,1
sms_spam_04037,759,train,ham,0,0,0,0,0,0,0,0,0,0,0,0,0,1,0,0,1,1,1,1
sms_spam_04038,385,train,ham,0,0,0,0,0,0,0,0,0,0,0,0,0,0,0,0,1,0,1,0
sms_spam_04039,2149,train,ham,0,0,0,0,0,0,0,0,0,0,0,1,0,0,0,0,1,0,1,1
sms_spam_04040,5107,train,ham,0,0,0,0,0,0,0,0,0,0,0,1,0,0,0,0,1,0,1,0
sms_spam_04041,3751,train,ham,0,0,0,0,0,0,0,0,0,0,0,0,0,0,0,0,1,0,1,0
sms_spam_04042,1438,train,ham,0,0,0,0,0,0,0,0,0,0,0,0,0,0,0,0,1,1,1,1
sms_spam_04043,1664,train,ham,0,0,0,0,0,0,0,0,0,0,0,0,0,0,0,0,0,0,0,0
sms_spam_04044,758,train,ham,0,0,0,0,0,0,0,0,0,0,0,0,0,0,0,0,1,0,1,1
sms_spam_04045,4664,train,ham,0,0,0,0,0,0,0,0,0,0,0,0,0,0,0,0,1,0,1,1
sms_spam_04046,4327,test,spam,1,1,0,1,1,1,0,1,1,0,0,1,0,1,0,1,0,0,0,0
sms_spam_04047,1260,train,ham,0,0,0,0,1,0,0,0,0,0,0,0,0,0,0,0,1,1,1,1
sms_spam_04048,2695,train,ham,0,0,0,0,0,0,0,0,0,0,0,0,0,0,0,0,1,1,1,1
sms_spam_04049,5475,train,ham,1,0,0,0,0,0,0,0,0,0,0,0,0,0,0,0,1,0,1,0
sms_spam_04050,2495,train,spam,1,1,1,1,1,0,0,1,1,1,0,1,0,1,0,1,0,0,0,0
sms_spam_04051,4328,train,ham,0,0,0,1,0,0,0,0,0,0,0,0,0,0,0,1,0,0,1,0
sms_spam_04053,2631,train,spam,1,1,0,1,1,0,0,1,1,0,0,1,0,1,0,1,0,0,0,0
sms_spam_04052,823,train,spam,0,0,0,1,1,0,0,1,0,0,0,0,0,1,0,1,0,0,0,0
sms_spam_04054,3628,train,ham,0,0,0,0,0,0,0,0,0,0,0,0,0,0,0,0,1,0,1,1
sms_spam_04055,4243,train,ham,0,0,0,0,0,0,0,0,0,0,0,0,0,1,0,0,1,1,1,0
sms_spam_04056,2884,train,ham,0,0,0,0,0,0,0,0,0,0,0,0,0,0,0,0,1,1,1,1
sms_spam_04057,5483,train,ham,0,0,0,0,0,0,0,0,0,0,0,0,0,0,0,0,1,0,1,0
sms_spam_04059,3641,train,ham,0,0,0,0,0,0,0,0,0,0,0,0,0,0,0,0,1,0,1,1
sms_spam_04058,5412,train,ham,0,0,0,0,0,0,0,0,0,0,0,0,0,0,0,0,1,0,1,1
sms_spam_04060,392,train,ham,0,0,0,0,0,0,0,0,0,0,0,0,0,0,0,0,1,0,1,1
sms_spam_04061,1686,test,spam,1,1,1,1,1,0,0,1,1,0,0,0,0,1,0,1,0,0,0,0
sms_spam_04062,4598,train,ham,0,0,1,0,0,0,0,0,0,0,0,0,0,0,0,0,0,0,0,0
sms_spam_04063,1207,train,ham,0,0,0,0,0,0,0,0,0,0,0,0,0,0,0,0,1,0,1,0
sms_spam_04065,3941,test,ham,0,0,0,0,0,0,0,0,0,0,0,0,0,0,0,0,1,0,1,1
sms_spam_04066,3110,train,ham,0,0,0,0,0,0,0,0,0,0,0,0,0,0,0,0,1,0,1,0
sms_spam_04064,5481,test,ham,0,0,0,0,0,0,0,0,0,0,0,0,0,0,0,0,1,0,1,0
sms_spam_04067,3435,test,ham,0,0,0,0,0,0,0,0,0,0,0,0,0,0,0,0,1,0,1,0
sms_spam_04068,1648,test,ham,0,0,0,0,0,0,0,0,0,0,0,0,0,0,0,0,1,1,1,0
sms_spam_04069,1965,train,ham,0,0,0,0,0,0,0,0,0,0,0,0,0,0,0,0,1,0,1,1
sms_spam_04070,5061,train,ham,0,0,0,0,0,0,0,0,0,0,0,0,0,0,0,0,1,1,1,1
sms_spam_04071,575,train,spam,1,1,0,1,1,0,0,1,0,0,0,0,0,1,0,1,0,0,0,0
sms_spam_04072,2153,train,ham,0,0,0,0,0,0,0,0,0,0,0,0,0,0,0,0,1,0,1,1
sms_spam_04073,1283,train,ham,0,0,0,0,0,0,0,0,0,0,0,0,0,0,0,0,1,0,1,1
sms_spam_04074,3085,train,ham,0,0,0,0,0,0,0,0,0,0,0,0,0,0,0,0,1,0,1,0
sms_spam_04075,58,train,ham,0,0,0,0,0,0,0,0,0,0,0,0,0,0,0,0,1,0,0,1
sms_spam_04076,4319,train,ham,0,0,0,0,0,0,0,0,0,0,0,0,0,1,0,0,1,1,1,0
sms_spam_04077,4975,train,ham,0,0,0,0,0,0,0,0,0,0,0,1,0,0,0,0,1,0,1,1
sms_spam_04078,5227,train,ham,0,0,0,0,0,0,0,0,0,0,0,0,0,0,0,0,1,1,1,1
sms_spam_04079,5391,train,ham,0,0,0,0,0,0,0,0,0,0,0,0,0,0,0,0,1,0,1,0
sms_spam_04080,3129,train,ham,0,0,0,0,0,0,0,0,0,0,0,0,0,0,0,0,1,1,1,1
sms_spam_04081,2688,train,ham,0,0,0,0,0,0,0,0,0,0,0,0,0,0,0,0,1,0,1,1
sms_spam_04083,5252,test,ham,0,0,0,0,0,0,0,0,0,0,0,0,0,0,0,0,1,0,1,0
sms_spam_04082,1878,train,ham,0,0,0,0,0,0,0,0,0,0,0,1,0,0,0,0,1,1,1,0
sms_spam_04084,1797,train,ham,0,0,0,0,0,0,0,0,0,0,0,0,0,0,0,0,1,0,1,1
sms_spam_04085,4909,train,ham,0,0,1,0,0,0,0,0,1,0,1,1,0,1,0,1,0,0,0,0
sms_spam_04086,2186,train,ham,0,0,0,0,0,0,0,0,0,0,0,0,0,0,0,0,1,0,1,1
sms_spam_04087,1747,train,ham,0,0,0,0,0,0,0,0,0,0,0,0,0,0,0,0,1,0,1,0
sms_spam_04088,221,train,ham,0,0,0,0,0,0,0,0,0,0,0,0,0,0,0,0,0,0,0,0
sms_spam_04089,1536,train,ham,0,0,0,0,0,0,0,0,0,0,0,1,0,0,0,0,1,0,1,1
sms_spam_04090,2757,test,ham,0,0,0,0,0,0,0,0,0,0,0,0,0,0,0,0,1,1,1,0
sms_spam_04091,4985,train,ham,0,0,0,0,0,0,0,0,0,0,0,0,0,0,0,0,1,0,1,1
sms_spam_04092,3119,train,ham,0,0,0,0,0,0,0,0,0,0,0,0,0,0,0,0,1,0,1,0
sms_spam_04093,1285,train,ham,0,0,0,0,0,0,0,0,0,0,0,0,0,0,0,0,1,1,1,1
sms_spam_04094,5549,train,ham,0,0,0,0,0,0,0,0,0,0,0,0,0,0,0,0,1,0,1,1
sms_spam_04095,1419,train,ham,0,0,0,0,0,0,0,0,0,0,0,0,0,0,0,0,1,0,1,0
sms_spam_04096,5464,train,ham,0,0,0,0,0,0,0,0,0,0,0,0,0,0,0,0,1,0,1,0
sms_spam_04098,1407,train,ham,0,0,0,0,0,0,0,0,0,0,0,0,0,0,0,0,1,0,1,1
sms_spam_04097,4748,train,ham,0,0,0,0,0,0,0,0,0,0,0,0,0,0,0,0,1,1,1,1
sms_spam_04099,115,test,ham,0,0,0,0,0,0,0,0,0,0,0,0,0,0,0,0,1,1,1,0
sms_spam_04101,1571,train,ham,0,0,0,0,0,0,0,0,0,0,0,0,0,0,0,0,1,0,0,0
sms_spam_04100,4094,train,ham,0,0,0,0,0,0,0,0,0,0,0,0,0,0,0,0,1,0,1,0
sms_spam_04102,3122,train,ham,0,0,0,0,0,0,0,0,0,0,0,0,0,0,0,0,1,0,1,1
sms_spam_04103,4265,train,ham,0,0,0,0,0,0,0,0,0,0,0,0,0,0,0,0,1,0,1,0
sms_spam_04104,2681,train,ham,0,0,0,0,0,0,0,0,0,0,0,0,0,0,0,0,1,0,1,0
sms_spam_04105,2103,train,ham,0,0,0,0,0,0,0,0,0,0,0,0,0,0,0,0,1,0,0,0
sms_spam_04107,1823,test,ham,0,0,0,0,0,0,0,0,0,0,0,0,0,0,0,0,1,0,1,1
sms_spam_04106,2371,train,ham,0,0,0,0,0,0,0,0,0,0,0,0,0,0,0,0,1,0,1,1
sms_spam_04109,2274,train,ham,0,0,0,0,0,0,0,0,0,0,0,0,0,0,0,0,1,1,1,1
sms_spam_04110,245,train,ham,0,0,0,0,0,0,0,0,0,0,0,0,0,0,0,0,1,0,1,1
sms_spam_04108,2950,train,ham,0,0,0,0,0,0,0,0,0,0,0,0,0,1,0,0,1,0,1,1
sms_spam_04111,4568,train,ham,0,0,0,0,0,0,0,0,0,0,0,0,0,0,0,0,1,1,0,1
sms_spam_04113,769,train,ham,0,0,0,0,0,0,0,0,0,0,0,0,0,0,0,0,1,1,1,1
sms_spam_04114,4148,test,ham,0,0,0,0,0,0,0,0,0,0,0,0,0,0,0,0,1,1,1,1
sms_spam_04112,200,train,ham,0,0,0,0,1,0,0,1,0,0,0,0,0,0,0,0,1,0,1,0
sms_spam_04115,1338,train,ham,0,0,0,0,0,0,0,0,0,0,0,0,0,0,0,0,1,1,1,1
sms_spam_04116,2322,train,ham,0,0,0,0,0,0,0,0,0,0,0,0,0,0,0,0,1,0,1,0
sms_spam_04117,730,train,spam,0,0,1,1,0,0,1,1,0,0,0,0,0,1,0,0,0,0,0,0
sms_spam_04118,347,test,ham,0,0,0,0,0,0,0,0,0,0,0,0,0,0,0,0,1,0,1,1
sms_spam_04119,3868,test,ham,0,0,0,0,0,0,0,0,0,0,0,0,0,0,0,0,1,0,1,1
sms_spam_04120,5359,test,ham,0,0,0,0,0,0,0,0,0,0,0,0,0,1,0,1,0,0,0,0
sms_spam_04122,2453,train,ham,0,0,0,0,1,0,0,1,0,0,0,0,0,0,0,0,1,0,0,1
sms_spam_04121,1645,train,ham,0,0,0,0,0,0,0,0,0,0,0,0,0,0,0,0,1,1,1,1
sms_spam_04123,5330,train,ham,0,0,0,0,0,0,0,0,0,0,0,0,0,0,0,0,1,0,1,1
sms_spam_04126,4414,train,ham,0,0,0,0,0,0,0,0,0,0,0,0,0,0,0,0,1,1,1,1
sms_spam_04125,2093,train,spam,1,0,1,1,1,0,1,1,1,1,0,1,0,1,0,1,0,0,0,0
sms_spam_04127,573,train,ham,0,0,0,0,0,0,0,0,0,0,0,0,0,0,0,0,1,0,0,0
sms_spam_04124,2140,train,ham,0,0,0,0,0,0,0,0,0,0,0,0,0,0,0,0,1,0,0,0
sms_spam_04128,4313,test,ham,0,0,0,0,0,0,0,0,0,0,0,0,0,0,0,0,1,0,1,1
sms_spam_04129,2539,train,ham,0,1,0,0,0,0,0,0,0,0,0,0,0,0,0,0,1,0,1,1
sms_spam_04130,4752,train,spam,1,0,1,1,1,0,0,1,0,0,0,0,1,0,0,0,0,0,0,0
sms_spam_04133,1248,train,ham,0,0,0,0,0,0,0,0,0,0,0,1,0,0,0,0,1,1,1,1
sms_spam_04131,1617,train,ham,0,0,0,0,0,0,0,0,0,0,0,0,0,0,0,0,1,0,1,1
sms_spam_04132,1404,test,ham,0,0,0,0,0,0,0,0,0,0,0,0,0,0,0,0,1,0,1,0
sms_spam_04134,471,train,ham,0,0,0,0,0,0,0,0,0,0,0,0,0,0,0,0,1,0,1,1
sms_spam_04135,3461,train,spam,0,0,1,1,0,0,0,0,0,0,0,0,1,0,0,0,0,0,0,0
sms_spam_04137,2026,train,ham,0,0,0,0,0,0,0,0,0,0,0,0,0,0,0,0,1,1,1,1
sms_spam_04138,3188,test,ham,0,0,0,0,0,0,0,0,0,0,0,0,0,0,0,0,1,0,1,1
sms_spam_04136,2590,test,ham,0,0,0,0,0,0,0,0,0,0,0,0,0,0,0,0,1,0,1,1
sms_spam_04139,1026,test,ham,0,0,0,0,0,0,0,0,0,0,0,0,0,0,0,0,1,0,1,1
sms_spam_04140,4217,train,ham,0,0,0,0,0,0,0,0,0,0,0,0,0,0,0,0,1,0,1,1
sms_spam_04141,5210,train,ham,0,0,0,0,0,0,0,0,0,0,0,0,0,0,0,0,1,0,0,1
sms_spam_04143,2461,train,ham,0,0,0,0,0,0,0,0,0,0,0,0,0,0,0,0,1,0,1,0
sms_spam_04142,4627,train,spam,1,1,1,1,1,0,0,1,0,0,0,0,0,1,0,1,0,0,0,0
sms_spam_04145,5446,test,ham,0,0,0,0,0,0,0,0,0,0,0,0,0,0,0,0,1,0,1,1
sms_spam_04144,345,test,ham,0,0,0,0,0,0,0,0,0,0,0,0,0,0,0,0,1,0,1,0
sms_spam_04146,2779,train,ham,0,0,0,0,0,0,0,0,0,0,0,0,0,0,0,0,1,0,1,1
sms_spam_04147,2092,train,ham,0,0,0,0,0,0,0,0,0,0,0,0,0,0,0,0,1,0,1,1
sms_spam_04149,3947,train,ham,0,0,0,0,0,0,0,0,0,0,0,0,0,0,0,0,1,1,1,0
sms_spam_04148,1803,train,ham,0,0,0,0,0,0,0,0,0,0,0,0,0,0,0,0,1,1,1,1
sms_spam_04151,3445,train,ham,0,0,0,0,0,0,1,1,0,0,0,0,0,0,0,0,1,1,1,1
sms_spam_04150,5377,train,spam,1,0,1,1,1,0,0,1,0,0,0,0,0,1,0,1,0,0,0,0
sms_spam_04152,5271,train,ham,0,0,0,0,0,0,0,0,0,0,0,0,0,0,0,0,1,1,1,1
sms_spam_04153,915,test,ham,0,0,0,0,0,0,0,0,0,0,0,0,0,0,0,0,1,1,1,1
sms_spam_04154,1590,train,ham,0,0,0,0,0,0,0,0,0,0,0,0,0,0,0,0,1,0,1,0
sms_spam_04155,3642,train,ham,0,0,0,0,0,0,0,0,0,0,0,0,0,0,0,0,1,1,1,1
sms_spam_04156,2005,train,ham,0,0,0,0,0,0,0,0,0,0,0,0,0,0,0,0,1,0,1,1
sms_spam_04157,1609,train,ham,0,0,0,0,0,0,0,0,0,0,0,0,0,0,0,0,1,1,1,1
sms_spam_04158,775,train,ham,0,0,0,0,0,0,0,0,0,0,0,0,0,0,0,0,1,0,1,1
sms_spam_04160,2560,train,ham,0,0,0,0,0,0,0,0,0,0,0,0,0,0,0,0,1,0,1,1
sms_spam_04159,4791,train,ham,0,0,0,0,0,0,0,0,0,0,0,0,0,0,0,0,1,0,1,0
sms_spam_04162,2296,train,spam,0,0,1,0,0,0,0,0,0,0,0,0,0,1,0,0,0,0,0,0
sms_spam_04161,3056,train,ham,0,0,0,0,0,0,0,0,0,0,0,0,0,0,0,0,1,0,1,0
sms_spam_04163,1198,train,ham,0,0,0,0,0,0,0,0,0,0,0,0,0,0,0,0,1,0,1,1
sms_spam_04164,3599,test,ham,0,0,0,0,0,0,0,0,0,0,0,0,0,0,0,0,1,0,1,0
sms_spam_04165,251,train,ham,0,0,0,0,0,0,0,0,0,0,0,0,0,0,0,0,1,0,1,0
sms_spam_04167,5406,test,ham,0,0,0,0,0,0,0,0,0,0,0,0,0,0,0,0,1,0,1,1
sms_spam_04168,2146,train,ham,0,0,0,0,0,0,0,0,0,0,0,0,0,0,0,0,1,0,1,1
sms_spam_04169,3159,train,ham,0,0,0,0,1,0,0,1,0,0,0,0,0,0,0,0,1,0,1,1
sms_spam_04166,4246,test,spam,1,0,0,1,1,0,0,1,0,0,0,0,0,1,0,1,0,0,0,0
sms_spam_04170,5047,train,ham,0,0,0,0,0,0,0,0,0,0,0,0,0,0,0,0,1,1,1,1
sms_spam_04171,4599,train,ham,0,0,0,0,0,0,0,0,0,0,0,0,0,0,0,0,1,1,1,1
sms_spam_04173,1815,train,ham,0,0,0,0,0,0,0,0,0,0,0,0,0,0,0,0,1,1,1,1
sms_spam_04172,3268,train,ham,0,0,0,0,0,0,0,0,0,0,0,0,0,0,0,0,0,0,0,0
sms_spam_04175,1503,train,ham,0,0,0,0,0,0,0,0,0,0,0,0,0,0,0,0,1,1,1,1
sms_spam_04174,3546,train,spam,0,0,0,1,1,0,0,1,0,0,0,0,0,1,0,1,0,0,0,0
sms_spam_04176,3331,train,ham,0,0,0,0,0,0,0,0,0,0,0,0,0,0,0,0,1,1,1,1
sms_spam_04178,3442,train,ham,0,0,0,0,0,0,0,0,0,0,0,0,0,0,0,0,1,1,1,1
sms_spam_04177,4396,train,ham,0,0,0,0,0,0,0,0,0,0,0,0,0,0,0,0,1,1,1,1
sms_spam_04179,54,train,spam,0,0,0,0,0,0,0,0,0,0,0,0,0,1,0,1,0,0,0,0
sms_spam_04181,4651,train,ham,0,0,0,0,0,0,0,0,0,0,0,0,0,0,0,0,1,1,1,1
sms_spam_04180,5341,train,ham,0,0,0,0,0,0,0,0,0,0,0,1,0,0,0,0,1,0,1,1
sms_spam_04182,4630,test,ham,0,0,0,0,1,0,0,1,0,0,0,0,0,0,0,0,1,1,1,1
sms_spam_04183,1415,train,ham,0,0,0,0,0,0,0,0,0,0,0,0,0,0,0,0,1,0,1,1
sms_spam_04184,5297,test,ham,0,0,0,0,0,0,0,0,0,0,0,0,0,0,0,0,1,1,1,0
sms_spam_04187,3676,train,ham,0,0,0,0,0,0,0,0,0,0,0,0,0,0,0,0,1,0,1,1
sms_spam_04186,1647,train,ham,0,0,0,0,0,0,0,0,0,0,0,0,0,0,0,0,1,1,1,1
sms_spam_04185,2030,train,ham,0,0,0,0,0,0,0,0,0,0,0,0,0,0,0,0,1,0,1,1
sms_spam_04188,3742,train,ham,0,0,0,0,0,0,0,0,0,0,0,0,0,0,0,0,1,1,1,1
sms_spam_04190,753,train,ham,0,0,0,0,0,0,0,0,0,0,0,0,0,0,0,0,1,0,0,1
sms_spam_04191,2062,train,ham,0,0,0,0,0,0,0,0,0,0,0,0,0,0,0,0,1,1,1,1
sms_spam_04189,4571,train,ham,0,0,0,0,0,0,0,0,0,0,0,0,0,0,0,0,1,0,1,1
sms_spam_04192,4620,train,ham,0,0,0,0,0,0,0,0,0,0,0,0,0,0,0,0,1,0,1,1
sms_spam_04193,217,train,ham,0,1,0,0,0,0,0,0,0,0,0,0,0,0,0,0,1,0,1,1
sms_spam_04194,2304,train,ham,0,0,0,0,0,0,0,0,0,0,0,0,0,0,0,0,1,0,1,0
sms_spam_04195,2880,train,ham,0,0,0,0,0,0,0,0,0,0,0,0,0,0,0,0,1,0,1,0
sms_spam_04197,5339,train,ham,0,0,0,0,0,0,0,0,0,0,0,1,0,0,0,0,1,0,1,1
sms_spam_04199,3311,train,ham,0,0,0,0,0,0,0,0,0,0,0,0,0,0,0,0,1,0,1,1
sms_spam_04198,5280,train,ham,0,0,0,0,0,0,0,0,0,0,0,0,0,0,0,0,1,1,1,0
sms_spam_04196,3384,train,ham,0,0,0,0,0,0,0,0,0,0,0,0,0,0,0,0,1,0,1,1
sms_spam_04200,2320,train,ham,0,0,0,0,0,0,0,0,0,0,0,0,0,0,0,0,1,0,1,0
sms_spam_04201,289,test,ham,0,0,0,0,0,0,0,0,0,0,0,0,0,0,0,0,1,0,1,1
sms_spam_04202,1960,test,spam,0,0,0,1,1,0,0,1,0,0,0,1,0,1,0,1,0,0,1,0
sms_spam_04203,3040,train,ham,0,0,0,0,0,0,0,0,0,0,0,0,0,0,0,0,1,1,1,1
sms_spam_04204,2852,test,ham,0,0,0,0,0,0,0,0,0,0,0,0,0,0,0,0,1,0,1,1
sms_spam_04205,2287,test,ham,0,0,0,0,1,0,0,1,0,0,0,0,0,0,0,0,1,1,1,1
sms_spam_04206,4130,test,ham,0,0,0,0,0,0,0,0,0,0,0,0,0,0,0,0,1,0,1,0
sms_spam_04207,3358,train,spam,0,0,0,0,0,0,0,0,0,0,0,0,0,1,0,0,1,0,1,1
sms_spam_04208,4655,train,ham,0,0,0,0,0,0,0,0,0,0,0,0,0,0,0,0,1,0,1,1
sms_spam_04209,2633,train,ham,0,0,0,0,0,0,0,0,0,0,0,0,0,0,0,0,1,1,1,1
sms_spam_04211,4767,train,ham,0,0,0,0,0,0,0,0,0,0,0,0,0,0,0,0,1,0,1,1
sms_spam_04210,1611,train,ham,0,0,0,0,0,0,0,0,0,0,0,0,0,0,0,0,0,0,0,0
sms_spam_04212,4076,train,ham,0,0,0,0,0,0,0,0,0,0,0,0,0,0,0,0,1,1,1,1
sms_spam_04213,4727,train,ham,0,0,1,1,0,1,0,0,0,0,0,0,0,1,0,0,0,0,0,0
sms_spam_04215,2473,train,ham,0,0,0,0,0,0,0,0,0,0,0,0,0,0,0,0,1,1,1,1
sms_spam_04214,440,train,ham,0,0,0,0,0,0,0,0,0,0,0,0,0,0,0,0,1,0,1,1
sms_spam_04217,4159,train,ham,0,0,0,0,0,0,0,0,0,0,0,0,0,0,0,0,1,0,1,1
sms_spam_04216,2212,train,ham,0,0,0,0,0,0,0,0,0,0,0,0,0,0,0,0,1,1,1,1
sms_spam_04218,1741,test,ham,0,0,0,0,0,0,0,0,0,0,0,0,0,0,0,0,1,0,1,1
sms_spam_04219,3530,train,ham,0,0,0,0,0,0,0,0,0,0,0,0,0,0,0,0,0,0,0,0
sms_spam_04220,4927,train,ham,0,0,0,0,0,0,0,0,0,0,0,0,0,0,0,0,1,1,1,1
sms_spam_04221,738,train,ham,0,0,0,0,0,0,0,0,0,0,0,0,0,0,0,0,1,0,1,0
sms_spam_04222,5179,train,ham,0,0,0,0,0,0,0,0,0,0,0,0,0,0,0,0,1,1,1,1
sms_spam_04223,922,test,ham,0,0,0,0,0,0,0,0,0,0,0,0,0,0,0,0,1,0,1,1
sms_spam_04224,1327,train,spam,1,0,0,1,1,0,0,1,0,0,0,0,0,1,0,1,0,0,0,0
sms_spam_04225,303,test,ham,0,0,0,0,0,0,0,0,0,0,0,0,0,0,0,0,1,0,1,0
sms_spam_04227,2413,train,ham,0,0,0,0,0,0,0,0,0,0,0,0,0,0,0,1,1,0,1,1
sms_spam_04226,269,test,spam,0,0,0,1,0,1,0,0,0,0,0,0,0,0,0,0,0,0,0,0
sms_spam_04229,1659,train,ham,0,0,0,0,0,0,0,0,0,0,0,0,0,0,0,0,1,1,1,1
sms_spam_04230,4891,train,ham,0,0,0,0,0,0,0,0,0,0,0,0,0,0,0,0,1,0,1,0
sms_spam_04228,1396,train,ham,0,0,0,0,0,0,0,0,0,0,0,0,0,0,0,0,1,0,1,1
sms_spam_04231,3046,train,ham,0,0,0,0,0,0,0,0,0,0,0,0,0,0,0,0,1,1,1,1
sms_spam_04232,2742,train,ham,0,0,0,0,0,0,0,0,0,0,0,0,0,0,0,0,1,1,1,1
sms_spam_04233,5327,train,ham,0,0,0,0,0,0,0,0,0,0,0,0,0,0,0,0,1,0,1,0
sms_spam_04235,2972,test,ham,0,0,0,0,0,0,0,0,0,0,0,0,0,0,0,0,1,0,1,0
sms_spam_04234,4475,train,ham,0,0,0,0,0,0,0,0,0,0,0,0,0,0,0,0,1,1,1,1
sms_spam_04236,4331,test,ham,0,0,0,0,0,0,0,0,0,0,0,1,0,0,0,0,1,0,1,1
sms_spam_04237,3877,test,ham,0,0,0,0,0,0,0,0,0,0,0,0,0,0,0,0,1,0,1,0
sms_spam_04238,4924,train,ham,0,0,0,0,0,0,0,0,0,0,0,0,0,0,0,0,1,1,1,1
sms_spam_04239,4344,test,ham,0,0,0,0,0,0,0,0,0,0,0,0,0,0,0,0,1,0,1,0
sms_spam_04240,3836,train,ham,0,0,0,1,0,0,0,0,0,0,0,0,0,0,0,0,0,0,0,0
sms_spam_04241,3743,train,ham,0,0,0,0,0,0,0,0,0,0,0,0,0,0,0,0,1,0,1,1
sms_spam_04242,4191,test,ham,0,0,0,0,0,0,0,0,0,0,0,0,0,0,0,0,1,0,1,1
sms_spam_04243,4798,test,ham,0,0,0,0,0,0,0,0,0,0,0,0,0,0,0,0,1,0,1,1
sms_spam_04244,2246,train,spam,0,0,1,0,1,0,0,1,0,0,0,0,0,1,0,0,0,0,0,0
sms_spam_04245,3906,train,ham,0,0,0,0,0,0,0,0,0,0,0,0,0,0,0,0,1,0,1,1
sms_spam_04246,840,train,ham,0,0,0,0,0,0,0,0,0,0,0,0,0,0,0,0,1,0,1,0
sms_spam_04247,4575,test,spam,1,1,0,1,0,1,0,1,0,0,0,0,0,1,0,1,0,0,0,0
sms_spam_04248,5390,test,ham,0,0,0,0,0,0,0,0,0,0,0,0,0,0,0,0,1,0,1,1
sms_spam_04249,1267,train,ham,0,0,0,0,0,0,0,0,1,0,0,1,0,0,0,1,0,0,0,0
sms_spam_04250,1428,train,ham,0,0,0,0,0,0,0,0,0,0,0,0,0,0,0,0,1,1,1,1
sms_spam_04251,1811,train,ham,0,0,0,0,0,0,0,0,0,0,0,0,0,0,0,0,1,1,1,1
sms_spam_04252,4638,train,ham,0,0,0,0,0,0,0,0,0,0,0,0,0,0,0,0,1,0,1,1
sms_spam_04253,1146,train,ham,0,0,0,0,0,0,0,0,0,0,0,0,0,0,0,0,1,0,1,1
sms_spam_04254,2851,train,ham,0,0,0,0,0,0,0,0,0,0,0,0,0,0,0,0,1,0,1,0
sms_spam_04255,1100,test,ham,0,0,0,0,0,0,0,0,0,0,0,0,0,0,0,0,1,1,1,1
sms_spam_04257,486,train,spam,0,0,0,1,0,1,0,0,0,0,0,1,1,1,0,1,0,0,0,0
sms_spam_04256,960,train,ham,0,0,0,0,0,0,0,0,0,0,0,0,0,0,0,0,1,0,1,1
sms_spam_04259,3921,train,ham,0,0,0,0,0,0,0,0,0,0,0,0,0,0,0,0,1,1,1,1
sms_spam_04258,1118,train,ham,0,0,0,0,0,0,0,0,0,0,0,0,0,0,0,0,1,1,1,0
sms_spam_04260,554,train,ham,0,0,0,0,0,0,0,0,0,0,0,0,0,0,0,0,1,0,1,1
sms_spam_04261,4222,train,ham,0,0,0,0,0,0,0,0,0,0,0,0,0,0,0,0,1,0,1,1
sms_spam_04262,362,train,ham,0,0,0,0,0,0,0,0,0,0,0,0,0,0,0,0,1,0,0,0
sms_spam_04263,1529,test,ham,0,0,0,0,0,0,0,0,0,0,0,0,0,0,0,0,1,0,1,1
sms_spam_04265,2867,train,ham,0,0,0,0,0,0,0,0,0,0,0,0,0,0,0,0,1,1,1,1
sms_spam_04264,649,train,spam,1,1,0,1,1,0,0,1,1,0,0,0,0,1,0,1,0,0,0,0
sms_spam_04266,2785,train,ham,0,0,0,1,0,0,0,0,0,0,0,0,0,0,0,0,0,0,0,0
sms_spam_04267,3566,train,spam,1,0,0,1,1,1,0,1,0,0,0,0,1,1,0,1,0,0,0,0
sms_spam_04268,3803,train,ham,0,0,0,1,1,0,0,1,0,0,0,0,1,0,0,0,0,0,1,0
sms_spam_04269,656,train,ham,0,0,0,0,0,0,0,0,0,0,0,0,0,0,0,0,1,0,1,0
sms_spam_04271,5430,train,ham,0,0,0,0,0,0,0,0,0,0,0,0,0,1,0,0,1,0,1,1
sms_spam_04270,3244,train,ham,0,0,0,0,0,0,0,0,0,0,0,0,0,0,0,0,1,0,1,1
sms_spam_04272,4103,train,ham,0,0,0,0,0,0,0,0,0,0,0,0,0,0,0,0,1,1,1,0
sms_spam_04273,71,train,ham,0,0,0,0,0,0,0,0,0,0,0,0,0,0,0,0,1,1,1,1
sms_spam_04275,3478,train,ham,0,0,0,0,0,0,0,0,0,0,0,0,0,0,0,1,1,0,0,1
sms_spam_04274,655,train,ham,0,0,0,0,0,0,0,0,1,0,0,0,0,0,0,0,0,0,0,0
sms_spam_04276,2332,train,ham,0,0,0,0,0,0,0,0,0,0,0,0,0,0,0,0,1,1,1,1
sms_spam_04277,3419,train,spam,1,1,1,1,1,0,0,1,0,0,0,0,0,1,0,0,0,0,0,0
sms_spam_04278,3536,train,ham,0,0,0,0,0,0,0,0,0,0,0,0,0,0,0,0,1,0,1,1
sms_spam_04279,244,train,ham,0,0,0,0,0,0,0,0,0,0,0,0,0,0,0,0,1,0,1,1
sms_spam_04281,3343,test,ham,0,0,0,0,0,0,0,0,0,0,0,0,0,0,0,0,1,0,1,1
sms_spam_04280,5154,train,ham,0,0,0,0,0,0,0,0,0,0,0,0,0,0,0,0,1,0,1,1
sms_spam_04282,3427,test,ham,0,0,0,0,0,0,0,0,0,0,0,0,0,0,0,0,1,1,1,1
sms_spam_04283,2010,train,ham,0,0,0,0,0,0,0,0,0,0,0,0,0,0,0,0,1,1,1,1
sms_spam_04284,891,test,ham,0,0,0,0,0,0,0,0,0,0,0,0,0,0,0,0,1,0,1,0
sms_spam_04285,2646,train,ham,0,0,0,0,0,0,0,0,0,0,0,0,0,0,0,0,1,1,1,1
sms_spam_04286,702,train,ham,0,0,0,0,0,0,0,0,0,0,0,0,0,0,0,0,1,0,0,0
sms_spam_04287,172,train,ham,0,0,0,0,0,0,0,0,0,0,0,0,0,0,0,0,1,1,1,1
sms_spam_04288,569,test,ham,0,0,0,0,0,0,0,0,0,0,0,0,0,0,0,0,1,0,1,0
sms_spam_04289,3336,train,ham,0,0,0,0,0,0,0,0,0,0,0,1,0,0,0,1,1,0,0,0
sms_spam_04290,3230,test,ham,0,0,0,0,0,0,0,0,0,0,0,0,0,0,0,0,1,0,1,1
sms_spam_04291,242,train,ham,0,0,0,0,0,0,0,0,0,0,0,0,0,0,0,0,1,0,1,1
sms_spam_04292,1305,train,ham,0,0,0,0,0,0,0,0,0,0,0,0,0,0,0,0,1,0,1,0
sms_spam_04293,5010,train,spam,1,1,0,1,1,0,0,1,0,0,0,0,0,1,0,0,0,0,0,0
sms_spam_04294,1150,train,ham,0,0,0,0,0,0,0,0,0,0,0,0,0,1,0,1,1,0,0,1
sms_spam_04295,5,test,spam,0,0,0,0,1,0,0,1,0,0,0,0,0,0,0,0,1,0,1,1
sms_spam_04296,4673,train,ham,0,0,0,0,0,0,0,0,0,0,0,0,0,0,0,0,1,0,0,0
sms_spam_04297,2184,test,ham,0,0,0,0,0,0,0,0,0,0,0,0,0,0,0,0,1,0,1,0
sms_spam_04298,260,train,ham,0,0,0,0,0,0,0,0,0,0,0,0,0,0,0,0,1,0,1,1
sms_spam_04300,2165,train,ham,0,0,0,0,0,0,0,0,0,0,0,0,0,0,0,0,1,1,1,0
sms_spam_04301,2675,test,ham,0,0,0,0,0,0,0,0,1,0,0,1,0,0,0,1,1,0,1,0
sms_spam_04299,854,test,ham,0,0,0,0,0,0,0,0,0,0,0,0,0,0,0,0,1,0,1,1
sms_spam_04302,2234,train,ham,0,0,0,0,0,0,0,0,0,0,0,0,0,0,0,0,1,1,1,1
sms_spam_04303,2407,train,ham,0,0,0,0,0,0,0,0,0,0,0,0,0,0,0,0,0,0,0,0
sms_spam_04306,1962,train,spam,0,0,0,0,0,1,0,0,0,1,0,0,0,1,0,0,0,0,0,0
sms_spam_04304,582,train,spam,0,0,1,1,0,1,0,0,1,0,0,0,0,1,0,1,0,0,0,1
sms_spam_04307,583,test,ham,0,0,0,0,0,0,0,0,0,0,0,0,0,0,0,0,1,1,1,1
sms_spam_04305,70,train,ham,0,0,0,0,0,0,0,1,0,0,0,0,0,0,0,0,1,0,1,1
sms_spam_04308,2018,train,ham,0,0,0,0,0,0,0,0,0,0,0,0,0,0,0,0,1,0,1,1
sms_spam_04311,2575,train,ham,0,0,0,0,0,0,0,0,0,0,0,0,0,0,0,0,1,0,1,1
sms_spam_04310,3999,train,spam,1,1,0,1,1,0,0,1,1,0,0,1,0,1,0,1,0,0,0,1
sms_spam_04309,2911,train,ham,0,0,0,0,0,0,0,0,0,0,0,0,0,0,0,0,1,0,1,1
sms_spam_04312,4060,train,ham,0,0,0,0,0,0,0,0,0,0,0,0,0,1,0,0,1,1,1,1
sms_spam_04313,5508,train,ham,0,0,0,0,0,0,0,0,0,0,0,0,0,0,0,0,1,1,1,1
sms_spam_04314,4895,train,ham,0,0,0,0,0,0,0,0,0,0,0,0,0,0,0,0,1,1,1,1
sms_spam_04316,421,train,spam,0,0,0,1,0,0,0,0,0,0,0,0,0,1,0,1,0,0,0,0
sms_spam_04317,1534,train,ham,0,0,0,0,0,0,0,0,0,0,0,0,0,0,0,0,1,0,1,1
sms_spam_04318,5005,train,ham,0,0,0,0,0,0,0,0,0,0,0,0,0,0,0,0,1,1,1,1
sms_spam_04315,1479,train,ham,0,0,0,0,0,0,0,0,0,0,0,0,0,0,0,0,1,1,1,0
sms_spam_04319,3196,train,ham,0,0,0,0,0,0,0,0,0,0,0,0,0,0,0,0,1,0,1,0
sms_spam_04323,2482,train,ham,0,0,0,0,0,0,0,0,0,0,0,0,0,0,0,0,1,0,1,1
sms_spam_04321,3885,test,ham,0,0,0,0,0,0,0,0,0,0,0,0,0,0,0,0,1,1,1,1
sms_spam_04320,3606,train,ham,0,0,0,0,0,0,0,0,0,0,0,0,0,0,0,0,1,0,1,1
sms_spam_04325,4729,train,ham,0,0,0,0,0,0,0,0,0,0,0,0,0,0,0,0,1,1,1,1
sms_spam_04322,1417,train,ham,0,0,0,0,0,0,0,0,0,0,0,0,0,0,0,0,1,0,1,1
sms_spam_04324,91,train,ham,0,0,0,0,0,0,0,0,0,0,0,0,0,0,0,0,1,1,1,1
sms_spam_04327,1838,test,spam,0,0,0,1,1,0,0,1,0,0,0,0,0,1,0,0,0,0,0,0
sms_spam_04326,5402,train,ham,0,0,0,0,0,0,0,0,0,0,0,0,0,0,0,0,1,1,1,1
sms_spam_04330,3697,train,ham,0,0,0,0,0,0,0,0,0,0,0,0,0,0,0,0,1,0,1,1
sms_spam_04328,3086,test,ham,0,0,0,0,0,0,0,0,0,0,0,0,0,0,0,0,1,1,1,1
sms_spam_04329,4830,train,ham,0,0,0,0,0,0,0,0,0,0,0,0,0,0,0,0,1,0,1,0
sms_spam_04331,3465,train,ham,0,0,0,0,0,0,0,0,0,1,0,0,0,0,0,1,1,1,1,1
sms_spam_04332,3520,train,ham,0,0,0,0,0,0,0,0,0,0,0,0,0,0,0,0,1,1,1,1
sms_spam_04333,5051,train,ham,0,0,0,0,0,0,0,0,0,0,0,0,0,0,0,0,1,0,1,0
sms_spam_04334,4311,train,ham,0,0,0,0,1,0,0,1,0,0,0,0,0,0,0,0,1,0,1,0
sms_spam_04335,3458,test,spam,0,0,0,0,0,0,0,0,1,0,0,0,0,1,0,1,0,0,1,1
sms_spam_04336,803,train,spam,1,1,0,1,1,0,0,1,0,0,0,0,0,1,0,1,0,0,0,0
sms_spam_04337,1160,train,ham,0,0,0,0,0,0,0,0,0,0,0,0,0,0,0,0,1,0,1,1
sms_spam_04338,4865,test,ham,0,0,0,0,0,0,0,0,0,0,0,0,0,0,0,0,1,1,1,1
sms_spam_04339,3190,train,spam,1,1,0,1,1,0,0,1,0,0,0,1,0,1,0,1,0,0,0,0
sms_spam_04340,974,train,ham,0,0,0,0,0,0,0,0,0,0,0,0,0,0,0,0,1,0,1,1
sms_spam_04342,4043,train,ham,0,0,0,0,0,0,0,0,0,0,0,0,0,0,0,0,1,0,1,0
sms_spam_04341,893,train,ham,0,0,0,0,0,0,0,0,0,0,0,0,0,0,0,0,1,0,1,1
sms_spam_04343,5186,train,ham,0,0,0,0,0,0,0,0,0,0,0,0,0,0,0,0,1,0,0,0
sms_spam_04344,3477,train,ham,0,0,0,0,0,0,0,0,0,0,0,0,0,0,0,0,1,0,1,1
sms_spam_04346,5056,train,ham,0,0,0,0,0,0,0,0,0,0,0,0,0,1,0,1,1,1,1,1
sms_spam_04347,4854,train,ham,0,0,0,0,0,0,0,0,0,0,0,0,0,0,0,0,1,0,1,1
sms_spam_04345,5045,train,ham,0,0,0,0,0,0,0,0,0,0,0,0,0,0,0,0,1,0,1,1
sms_spam_04348,424,test,ham,0,0,0,0,0,0,0,0,0,0,0,0,0,1,0,1,0,0,1,0
sms_spam_04349,1866,train,ham,0,0,0,0,0,0,0,0,0,0,0,0,0,0,0,0,1,1,1,1
sms_spam_04352,2885,train,ham,0,0,0,0,0,0,0,0,0,0,0,0,0,0,0,0,1,0,1,1
sms_spam_04353,3397,train,ham,0,0,0,0,0,0,0,0,0,0,0,0,0,0,0,0,1,0,0,0
sms_spam_04351,108,test,ham,0,0,0,0,0,0,0,0,0,0,0,0,0,0,0,0,1,1,1,1
sms_spam_04350,4224,test,ham,0,0,0,0,0,0,0,0,0,0,0,0,0,0,0,0,0,0,1,0
sms_spam_04355,3430,train,ham,0,0,0,0,0,0,0,0,0,0,0,0,0,0,0,0,1,1,1,1
sms_spam_04354,4137,test,ham,0,0,0,0,0,0,0,0,0,0,0,0,0,1,0,0,1,0,1,1
sms_spam_04356,4387,test,ham,0,0,0,0,0,0,0,0,0,0,0,0,0,0,0,0,1,1,1,1
sms_spam_04359,3310,test,ham,0,0,0,0,0,0,0,0,0,0,0,1,0,1,0,0,1,1,1,1
sms_spam_04357,4984,train,ham,0,0,0,0,0,0,0,0,0,0,0,0,0,0,0,0,1,0,1,0
sms_spam_04358,2114,train,spam,1,0,0,1,0,1,0,0,0,0,0,0,0,0,0,0,0,0,0,0
sms_spam_04361,2087,train,ham,0,0,0,0,0,0,0,0,0,0,0,0,0,0,0,0,1,0,1,0
sms_spam_04360,3725,train,ham,0,0,0,0,0,0,0,0,0,0,0,0,0,0,0,0,1,0,1,1
sms_spam_04362,3902,train,ham,0,0,0,0,0,0,0,0,0,0,0,0,0,0,0,0,1,1,1,1
sms_spam_04363,5486,test,ham,0,0,0,0,0,0,0,0,0,0,0,0,0,0,0,0,1,0,1,1
sms_spam_04364,1945,train,ham,0,0,0,0,0,0,0,0,0,0,0,0,0,1,0,1,1,0,1,1
sms_spam_04365,5368,test,spam,0,0,1,0,0,0,0,0,1,1,0,1,0,1,0,1,0,0,0,0
sms_spam_04367,4964,train,ham,0,0,0,0,0,0,0,0,0,0,0,0,0,0,0,0,1,1,1,0
sms_spam_04366,2098,test,ham,0,0,0,0,0,0,0,0,0,0,0,0,0,0,0,0,1,1,1,1
sms_spam_04369,195,train,ham,0,0,0,0,0,0,0,0,0,0,0,0,0,0,0,0,1,0,1,0
sms_spam_04368,5266,train,ham,0,0,0,0,0,0,0,0,0,0,0,0,0,1,0,0,1,1,1,0
sms_spam_04370,354,train,ham,0,0,0,0,0,0,0,0,1,0,0,1,0,0,0,0,1,0,1,1
sms_spam_04371,2214,train,ham,0,0,0,0,0,0,0,0,0,0,0,0,0,1,0,0,1,0,1,1
sms_spam_04372,3293,test,ham,0,0,0,0,0,0,0,0,0,0,0,0,0,0,0,0,1,0,1,0
sms_spam_04373,2901,train,ham,0,0,0,0,0,0,0,0,0,0,0,0,0,0,0,0,1,0,1,1
sms_spam_04374,4280,train,ham,0,0,0,0,0,0,0,0,0,0,0,0,0,0,0,0,1,0,1,0
sms_spam_04375,4728,train,ham,0,0,0,0,0,0,0,0,0,0,0,0,0,0,0,0,1,0,0,1
sms_spam_04377,923,train,ham,0,0,0,0,0,0,0,0,0,0,0,0,0,0,0,0,1,1,1,1
sms_spam_04376,3218,train,ham,0,0,0,0,0,0,0,0,0,0,0,0,0,0,0,0,1,0,1,1
sms_spam_04379,3506,train,ham,0,0,0,0,0,0,0,0,0,0,0,0,0,0,0,0,1,0,1,0
sms_spam_04378,4011,train,ham,0,0,0,0,0,0,0,0,0,0,0,0,0,0,0,0,1,1,1,1
sms_spam_04380,5080,train,ham,0,0,0,0,0,0,0,0,0,0,0,0,0,1,0,0,1,0,1,0
sms_spam_04381,4098,train,ham,0,0,0,0,0,0,0,0,0,0,0,0,0,0,0,0,1,1,1,1
sms_spam_04382,2494,test,ham,0,0,0,0,1,0,0,1,0,0,0,0,0,0,0,0,1,1,1,1
sms_spam_04383,5173,train,ham,0,0,0,0,0,0,0,0,0,0,0,0,0,0,0,0,1,0,1,1
sms_spam_04384,1059,train,spam,1,0,1,1,1,0,0,1,1,0,0,1,0,1,0,1,0,0,0,0
sms_spam_04385,3915,train,ham,0,0,0,0,0,0,0,0,0,0,0,0,0,0,0,0,1,1,1,1
sms_spam_04387,2876,train,ham,0,0,0,0,0,0,0,0,0,0,0,0,0,0,0,0,1,0,1,1
sms_spam_04386,4971,train,ham,0,0,0,0,0,0,0,0,0,0,0,0,0,0,0,0,1,0,1,0
sms_spam_04388,522,train,ham,0,0,0,0,0,0,0,0,0,0,0,0,0,0,0,0,1,1,1,0
sms_spam_04389,310,train,ham,0,0,0,0,0,0,0,0,0,0,1,1,0,1,0,1,0,0,1,0
sms_spam_04390,628,train,spam,0,0,0,1,1,1,1,1,0,0,0,0,1,1,0,1,0,0,0,0
sms_spam_04391,1490,train,ham,0,0,0,0,0,0,0,0,0,0,0,0,0,0,0,0,1,1,1,1
sms_spam_04392,1170,train,ham,0,0,0,0,0,0,0,0,0,0,0,0,0,0,0,0,1,1,1,1
sms_spam_04393,3827,train,ham,0,0,0,0,0,0,0,0,0,0,0,0,0,0,0,0,1,1,1,1
sms_spam_04394,1219,train,ham,0,0,0,0,1,0,0,1,0,0,0,0,0,0,0,0,1,0,1,1
sms_spam_04395,3969,train,ham,0,0,0,0,0,0,0,0,0,0,0,0,0,0,0,0,1,1,1,1
sms_spam_04396,947,train,ham,0,0,0,0,0,0,0,0,0,0,0,0,0,0,0,0,1,1,1,1
sms_spam_04397,3820,test,ham,0,0,0,0,0,0,0,0,0,0,0,0,0,0,0,0,1,1,1,1
sms_spam_04398,3271,test,ham,0,0,0,0,0,0,0,0,0,0,0,0,0,0,0,0,1,0,1,0
sms_spam_04399,4753,train,ham,0,0,0,0,0,0,0,0,0,0,0,0,0,0,0,0,1,0,1,1
sms_spam_04400,801,train,ham,0,0,0,0,0,0,0,0,0,0,0,0,0,0,0,0,1,1,1,1
sms_spam_04401,961,test,spam,1,1,0,1,1,0,0,1,1,1,0,1,0,1,0,1,0,0,0,0
sms_spam_04402,2572,test,ham,0,0,0,0,0,0,0,0,0,0,0,0,0,0,0,0,1,0,1,0
sms_spam_04403,3948,train,ham,0,0,0,0,0,0,0,0,0,0,0,0,0,0,0,0,1,0,1,1
sms_spam_04405,2096,test,ham,0,0,0,0,0,0,0,0,0,0,0,0,0,0,0,0,1,0,1,0
sms_spam_04404,1057,train,ham,0,0,0,0,0,0,0,0,0,0,0,0,0,0,0,0,1,0,1,1
sms_spam_04406,2519,test,ham,0,0,0,0,0,0,0,0,0,0,0,0,0,0,0,0,1,0,1,1
sms_spam_04407,288,train,ham,0,0,0,0,0,0,0,0,0,0,0,0,0,0,0,0,1,1,1,0
sms_spam_04408,2647,train,ham,0,0,0,0,0,0,0,0,0,0,0,1,0,0,0,0,1,0,1,0
sms_spam_04409,4050,train,ham,0,0,0,0,0,0,0,0,0,0,0,0,0,0,0,0,1,0,1,0
sms_spam_04410,264,test,ham,0,0,0,0,0,0,0,0,0,0,0,0,0,0,0,0,1,1,1,1
sms_spam_04411,2203,train,ham,0,0,0,0,0,0,0,0,0,0,0,0,0,0,0,0,1,0,1,0
sms_spam_04412,2450,train,ham,0,0,0,0,0,0,0,0,0,0,0,0,0,0,0,0,1,0,1,1
sms_spam_04413,3116,train,ham,0,0,0,0,0,0,0,0,0,0,0,0,0,1,0,1,1,0,1,0
sms_spam_04414,1017,train,ham,0,0,0,0,0,0,0,0,0,0,0,0,0,0,0,1,1,0,0,1
sms_spam_04415,427,train,ham,0,0,0,0,0,0,0,0,0,0,0,0,0,0,0,0,1,0,1,1
sms_spam_04416,638,train,ham,0,0,0,0,0,0,0,0,0,0,0,0,0,0,0,0,1,0,1,0
sms_spam_04418,1681,train,ham,0,0,0,0,0,0,0,0,0,0,0,0,0,0,0,0,1,0,1,1
sms_spam_04417,3393,train,ham,0,0,0,0,0,0,0,0,0,0,0,0,0,0,0,0,1,1,1,1
sms_spam_04419,613,train,ham,0,0,0,0,0,0,0,0,0,0,0,0,0,0,0,0,1,1,1,1
sms_spam_04420,4172,test,ham,0,0,0,0,0,0,0,0,0,0,0,0,0,0,0,0,1,0,1,1
sms_spam_04421,4831,test,ham,0,0,0,0,0,0,0,0,0,0,0,0,0,0,0,0,1,0,1,1
sms_spam_04422,3986,test,spam,0,0,0,1,0,0,0,0,0,0,0,0,0,0,0,0,0,0,0,0
sms_spam_04424,2129,train,ham,0,0,0,0,0,0,0,0,0,0,0,0,0,0,0,0,1,0,1,0
sms_spam_04423,4120,train,ham,0,0,0,0,0,0,0,0,0,0,0,0,0,0,0,0,1,1,1,1
sms_spam_04425,5007,train,ham,0,0,0,0,0,0,0,0,0,0,0,0,0,0,0,0,1,0,1,0
sms_spam_04426,4612,train,ham,0,0,0,0,1,0,0,1,0,0,0,0,0,0,0,0,1,0,1,0
sms_spam_04427,3972,train,ham,0,0,0,0,0,0,0,0,0,0,0,0,0,0,0,0,1,0,1,0
sms_spam_04428,595,train,ham,0,0,0,0,0,0,0,0,0,0,0,0,0,0,0,0,1,0,1,0
sms_spam_04429,92,train,ham,0,0,0,0,0,0,0,0,0,0,0,1,0,0,0,0,1,0,1,0
sms_spam_04430,2766,test,spam,0,0,0,1,1,0,0,1,1,0,0,1,0,1,0,1,0,0,0,0
sms_spam_04431,2854,train,ham,0,0,0,0,0,0,0,0,0,0,0,0,0,0,0,0,1,0,1,1
sms_spam_04432,5343,train,ham,0,0,0,0,0,0,0,0,0,0,0,0,0,0,0,0,1,0,1,1
sms_spam_04433,3988,train,ham,0,0,0,0,0,0,0,0,0,0,0,0,0,0,0,0,1,1,1,1
sms_spam_04434,3780,test,ham,0,0,0,0,0,0,0,0,0,0,0,0,1,0,0,0,1,1,1,0
sms_spam_04435,5540,train,spam,0,0,1,0,1,0,0,1,1,0,1,1,0,0,0,0,0,0,1,1
sms_spam_04436,2526,train,ham,0,0,0,0,0,0,0,0,0,0,0,0,0,0,0,0,1,0,1,0
sms_spam_04437,3139,test,spam,0,0,0,1,1,1,0,1,1,0,0,1,0,1,0,1,0,0,1,0
sms_spam_04438,999,train,ham,0,0,0,0,0,0,0,0,0,0,0,0,0,0,0,0,1,0,1,1
sms_spam_04439,3141,train,ham,0,0,0,0,0,0,0,0,0,0,0,0,0,0,0,0,1,1,1,1
sms_spam_04440,2209,train,ham,0,0,0,0,0,0,0,0,0,0,0,0,0,0,0,0,1,0,1,1
sms_spam_04441,4453,train,ham,0,0,0,0,0,0,0,0,0,0,0,0,0,0,0,0,1,1,1,1
sms_spam_04442,3073,test,ham,0,0,0,0,0,0,0,0,0,0,0,0,0,0,0,0,1,0,1,1
sms_spam_04444,4140,train,ham,0,0,0,0,0,0,0,0,0,0,0,0,0,0,0,0,1,0,1,0
sms_spam_04443,5067,train,ham,0,0,0,0,0,0,0,0,0,0,0,0,0,0,0,0,1,1,1,1
sms_spam_04445,857,test,ham,0,0,0,0,0,0,0,0,0,0,0,0,0,1,0,0,1,1,1,1
sms_spam_04446,2425,train,ham,0,0,0,0,0,0,0,0,0,0,0,1,0,0,0,0,1,0,1,0
sms_spam_04447,1546,train,ham,0,0,0,0,0,0,0,0,0,0,0,0,0,0,0,0,1,0,1,1
sms_spam_04448,1685,train,ham,0,0,0,0,0,0,0,0,0,0,0,0,0,0,0,0,1,0,1,1
sms_spam_04449,5059,train,ham,0,0,0,0,0,0,0,0,0,0,0,0,0,0,0,0,1,0,1,1
sms_spam_04450,4522,train,ham,0,0,0,0,0,0,0,0,0,0,0,0,0,0,0,0,1,0,1,1
sms_spam_04451,3994,train,ham,0,0,0,0,0,0,0,0,0,0,0,0,0,0,0,0,1,0,1,0
sms_spam_04454,327,train,ham,0,0,0,0,0,0,0,0,0,0,0,0,0,0,0,0,1,0,1,1
sms_spam_04452,1306,train,spam,0,0,0,1,1,0,0,1,0,0,0,0,0,1,0,0,0,0,0,0
sms_spam_04453,2199,train,ham,0,0,0,0,0,0,0,0,0,0,0,0,0,0,0,0,1,0,1,1
sms_spam_04455,1790,train,ham,0,0,0,0,0,0,0,0,0,0,0,0,0,0,0,0,1,0,1,1
sms_spam_04456,3426,train,ham,0,0,0,0,0,0,0,0,0,0,0,0,0,0,0,0,1,0,1,1
sms_spam_04457,2653,train,ham,0,0,0,0,0,0,0,0,0,0,0,0,0,0,0,0,1,0,1,1
sms_spam_04458,318,train,spam,0,0,1,1,0,1,0,0,1,1,0,1,0,1,0,1,0,0,0,0
sms_spam_04459,1539,train,ham,0,0,0,0,0,0,0,0,0,0,0,0,0,0,0,0,1,0,1,1
sms_spam_04460,1680,train,ham,0,0,0,0,0,0,0,0,0,0,0,0,0,0,0,0,1,0,1,1
sms_spam_04461,1357,train,ham,0,0,0,0,0,0,0,0,0,0,0,0,0,0,0,0,1,0,1,0
sms_spam_04462,1048,train,ham,0,0,0,0,0,0,0,0,0,0,0,0,0,0,0,0,1,1,1,1
sms_spam_04463,1777,train,spam,1,0,1,1,1,0,0,1,0,0,0,0,1,1,0,1,0,0,0,0
sms_spam_04465,1915,train,ham,0,0,0,0,0,0,0,0,0,0,0,0,0,0,0,0,1,0,1,1
sms_spam_04464,182,test,ham,0,0,0,0,0,0,0,0,0,0,0,0,0,0,0,0,1,0,1,1
sms_spam_04466,4283,test,ham,0,0,0,0,0,0,0,0,0,0,0,0,0,0,0,0,1,0,1,1
sms_spam_04467,5117,train,ham,0,0,0,0,0,0,0,0,0,0,0,0,0,0,0,0,1,0,1,1
sms_spam_04468,4981,train,ham,0,0,0,0,0,0,0,0,0,0,0,0,0,0,0,0,1,0,1,1
sms_spam_04469,2926,train,ham,0,0,0,0,0,0,0,0,0,0,0,0,0,0,0,0,1,0,1,1
sms_spam_04470,1840,train,ham,0,0,0,0,0,0,0,0,0,0,0,0,0,0,0,0,1,1,1,1
sms_spam_04471,5556,train,ham,0,0,0,0,0,0,0,0,0,0,0,0,0,0,0,0,1,0,1,1
sms_spam_04473,1254,train,ham,0,0,0,0,0,0,0,0,0,0,0,0,0,0,0,0,1,1,1,0
sms_spam_04472,1501,train,spam,0,0,0,1,1,0,1,1,0,0,0,1,0,1,0,1,0,0,0,0
sms_spam_04475,4136,train,ham,0,0,0,0,0,0,0,0,0,0,0,0,0,0,0,0,1,0,0,0
sms_spam_04474,5379,train,ham,0,0,0,0,0,0,0,0,0,0,0,0,0,0,0,0,1,0,1,0
sms_spam_04477,198,train,ham,0,0,0,0,0,0,0,0,0,0,0,0,0,1,0,0,1,1,1,0
sms_spam_04476,2439,test,ham,0,0,0,0,0,0,0,0,0,0,0,0,0,0,0,0,1,1,1,1
sms_spam_04478,802,train,spam,0,0,0,1,1,1,0,1,0,0,0,1,1,1,0,1,0,0,1,0
sms_spam_04479,2236,train,ham,0,0,0,0,1,0,0,1,0,0,0,0,0,0,0,0,1,0,1,1
sms_spam_04480,5393,train,ham,0,0,0,0,0,0,0,0,0,0,0,0,0,0,0,0,1,0,1,1
sms_spam_04481,5559,train,ham,0,0,0,0,0,0,0,0,1,1,1,0,0,0,0,1,1,0,1,0
sms_spam_04482,2177,train,ham,0,0,0,0,0,0,0,0,0,0,0,0,0,0,0,0,1,0,1,1
sms_spam_04483,4569,train,spam,0,0,0,1,1,0,0,1,0,0,0,0,0,1,0,1,0,0,1,0
sms_spam_04485,3037,test,ham,0,0,0,0,0,0,0,0,0,0,0,0,0,0,0,0,1,0,1,1
sms_spam_04484,2535,train,ham,0,0,0,0,0,0,0,1,0,0,0,0,0,1,0,0,1,1,1,0
sms_spam_04487,4169,train,ham,0,0,0,0,0,0,0,0,0,0,0,0,0,0,0,0,1,1,1,1
sms_spam_04486,1562,test,ham,0,0,0,0,0,0,0,0,0,0,0,0,0,0,0,0,1,0,1,0
sms_spam_04488,2601,train,ham,0,0,0,0,0,0,0,0,0,0,0,0,0,0,0,0,1,0,1,0
sms_spam_04489,4594,train,ham,0,0,0,0,0,0,0,0,0,0,0,0,0,0,0,0,1,0,1,1
sms_spam_04490,1449,test,ham,0,0,0,0,0,0,0,0,0,0,0,0,0,0,0,0,1,0,1,0
sms_spam_04491,4775,test,ham,0,0,0,0,0,0,0,0,0,0,0,0,0,0,0,0,1,0,1,1
sms_spam_04492,3784,train,ham,0,0,0,0,0,0,0,0,0,0,0,0,0,1,0,0,1,1,1,1
sms_spam_04493,4392,train,spam,0,0,0,1,1,0,0,1,0,0,0,0,0,0,0,0,0,0,0,0
sms_spam_04495,731,test,ham,0,0,0,0,0,0,0,0,0,0,0,1,0,0,0,0,1,0,1,1
sms_spam_04494,2923,train,ham,1,0,0,0,0,0,0,0,0,0,0,0,0,0,0,0,1,0,1,0
sms_spam_04496,165,train,ham,0,0,0,0,0,0,0,0,0,0,0,0,0,0,0,0,1,0,1,1
sms_spam_04497,202,train,ham,0,0,1,0,1,0,0,1,0,0,0,0,0,0,0,0,0,0,0,0
sms_spam_04498,3180,test,ham,0,0,0,0,0,0,0,0,0,0,0,0,0,0,0,0,1,0,1,0
sms_spam_04499,3698,test,ham,0,0,0,0,0,0,0,0,0,0,0,0,0,0,0,0,1,1,1,1
sms_spam_04500,1326,train,ham,0,0,0,0,0,0,0,0,0,0,0,0,0,0,0,0,1,0,1,1
sms_spam_04501,1247,test,ham,0,0,0,0,0,0,0,0,0,0,0,0,0,0,0,0,1,1,1,1
sms_spam_04502,367,train,spam,0,0,1,1,0,0,1,0,0,0,0,0,1,1,0,0,0,0,0,0
sms_spam_04503,3077,train,ham,0,0,0,0,0,0,0,0,0,0,0,0,0,0,0,0,1,0,1,1
sms_spam_04504,4783,train,ham,0,0,0,0,0,0,0,0,0,0,0,0,0,0,0,0,1,0,1,1
sms_spam_04505,4597,train,ham,0,0,0,0,0,0,0,0,0,0,0,0,0,0,0,0,1,0,1,0
sms_spam_04506,4654,test,ham,0,0,0,0,0,0,0,0,0,0,0,0,0,0,0,0,1,1,1,1
sms_spam_04508,5546,train,ham,0,0,0,0,0,0,0,0,0,0,0,0,0,0,0,0,1,0,1,1
sms_spam_04510,3113,train,ham,0,0,0,0,0,0,0,0,0,0,0,0,0,0,0,0,1,1,1,1
sms_spam_04509,487,train,ham,0,0,0,0,0,0,0,0,0,0,0,0,0,0,0,0,1,0,1,0
sms_spam_04507,3966,test,spam,1,1,1,1,1,0,0,1,0,0,0,1,0,1,0,1,0,0,0,0
sms_spam_04511,2019,train,ham,0,0,0,0,0,0,0,0,0,0,0,0,0,0,0,0,1,1,0,0
sms_spam_04512,614,train,ham,0,0,0,0,0,0,0,0,0,0,0,0,0,0,0,0,1,0,1,1
sms_spam_04515,2498,train,ham,0,0,0,0,0,0,0,0,0,0,0,0,0,0,0,0,1,1,1,1
sms_spam_04514,2293,train,ham,0,0,0,0,0,0,0,0,0,0,0,0,0,0,0,0,1,0,1,1
sms_spam_04513,1869,train,ham,0,0,0,0,0,0,0,0,0,0,0,0,0,0,0,0,1,1,1,1
sms_spam_04516,1492,test,ham,0,0,0,0,0,0,0,0,0,0,0,0,0,0,0,0,1,0,1,1
sms_spam_04517,2364,train,ham,0,0,0,0,0,0,0,0,0,0,0,0,0,0,0,0,1,0,1,1
sms_spam_04518,1919,train,ham,0,0,0,0,0,0,0,0,0,0,0,0,0,0,0,0,1,1,1,1
sms_spam_04521,2899,train,ham,0,0,0,0,0,0,0,0,0,0,0,0,0,0,0,0,1,0,1,1
sms_spam_04520,2510,test,ham,0,0,0,0,0,0,0,0,0,0,0,0,0,0,0,0,1,1,1,1
sms_spam_04522,4959,train,ham,0,0,0,0,0,0,0,0,0,0,0,0,0,1,0,0,1,0,1,0
sms_spam_04519,621,train,ham,0,0,0,0,0,0,0,0,0,0,0,0,0,0,0,0,1,0,1,0
sms_spam_04523,2792,train,ham,0,0,0,0,0,0,0,0,0,0,0,0,0,0,0,0,1,1,1,1
sms_spam_04524,4001,train,ham,1,0,0,0,0,0,0,0,0,0,0,0,0,0,0,0,1,0,1,0
sms_spam_04526,5545,test,ham,0,0,0,0,0,0,0,0,0,0,0,0,0,0,0,0,1,1,1,1
sms_spam_04525,416,train,ham,0,0,0,0,0,0,0,0,0,0,0,0,0,0,0,0,1,0,1,1
sms_spam_04527,4926,test,ham,0,0,0,0,0,0,0,0,0,0,0,1,0,0,0,0,1,0,1,0
sms_spam_04528,837,test,ham,0,0,0,0,1,0,0,1,0,0,0,0,0,0,0,0,1,0,1,1
sms_spam_04529,3277,train,ham,0,0,0,0,0,0,0,0,0,0,0,0,0,0,0,0,1,0,0,1
sms_spam_04530,3788,train,ham,0,0,0,0,0,0,0,0,0,0,0,0,0,0,0,0,1,0,1,1
sms_spam_04532,1780,train,spam,1,1,1,1,1,0,0,1,1,0,0,1,0,1,0,1,0,0,0,0
sms_spam_04533,4693,train,ham,0,0,0,0,0,0,0,0,0,0,0,0,0,0,0,0,1,0,1,1
sms_spam_04531,1432,train,ham,0,0,0,0,0,0,0,0,0,0,0,0,0,0,0,0,1,0,1,0
sms_spam_04535,2634,train,ham,0,0,0,0,0,0,0,0,0,0,0,0,0,0,0,0,1,0,1,1
sms_spam_04534,3417,train,spam,0,0,0,1,1,0,0,0,0,0,0,0,0,0,0,0,0,0,1,0
sms_spam_04536,1600,train,ham,0,0,0,0,0,0,0,0,0,0,0,0,0,0,0,0,1,0,1,1
sms_spam_04537,1342,train,ham,0,0,0,0,0,0,0,0,0,0,0,0,0,0,0,0,1,0,1,1
sms_spam_04539,99,train,ham,0,0,0,0,0,0,0,0,0,0,0,0,0,0,0,0,1,0,1,1
sms_spam_04538,817,train,ham,0,0,0,0,0,0,0,0,0,0,0,0,0,0,0,0,1,1,1,1
sms_spam_04541,4423,test,ham,0,0,0,0,0,0,0,0,0,0,0,0,0,0,0,0,1,0,1,0
sms_spam_04540,109,train,ham,0,0,0,0,0,0,0,0,0,0,0,0,0,0,0,0,1,0,1,1
sms_spam_04542,2817,train,ham,0,0,0,0,0,0,0,0,0,0,0,0,0,0,0,0,1,1,1,1
sms_spam_04545,2131,train,ham,0,0,0,0,0,0,0,0,0,0,0,0,0,0,0,0,1,0,1,1
sms_spam_04544,3251,train,ham,0,0,0,0,0,0,0,0,0,0,0,0,0,0,0,1,1,1,1,0
sms_spam_04543,1009,train,ham,0,0,0,0,0,0,0,0,0,0,0,0,0,1,0,0,1,0,1,0
sms_spam_04546,3280,train,ham,0,0,0,0,0,0,0,0,0,0,0,0,0,0,0,0,1,1,1,1
sms_spam_04547,3449,train,ham,0,0,0,0,0,0,0,0,0,0,0,0,0,0,0,0,1,0,1,1
sms_spam_04548,1498,train,ham,0,0,0,0,0,0,0,0,0,0,0,0,0,0,0,0,1,0,1,0
sms_spam_04549,2674,train,ham,0,0,0,0,0,0,0,0,0,0,0,0,0,0,0,0,1,1,1,0
sms_spam_04550,3130,train,spam,0,0,1,1,1,0,0,1,0,0,0,0,0,1,0,0,0,0,0,0
sms_spam_04551,1154,test,ham,0,0,0,0,0,0,0,0,0,0,0,0,0,0,0,0,1,1,1,1
sms_spam_04552,2954,test,ham,0,0,0,0,0,0,0,0,0,0,0,0,0,0,0,0,1,0,1,1
sms_spam_04553,4721,test,ham,0,0,0,0,0,0,0,0,0,0,0,0,0,0,0,0,1,0,1,1
sms_spam_04554,3889,train,spam,0,0,0,1,0,1,0,0,0,0,0,1,0,1,0,0,0,0,0,0
sms_spam_04555,819,train,ham,0,0,0,0,0,0,0,0,0,0,0,1,0,0,0,0,1,0,1,0
sms_spam_04556,5126,train,ham,0,0,0,0,0,0,0,0,0,0,0,0,0,0,0,0,1,1,1,0
sms_spam_04557,4487,train,ham,0,0,0,0,0,0,0,0,0,0,0,0,0,1,0,0,1,0,1,0
sms_spam_04558,592,train,spam,1,1,1,1,0,0,0,0,1,1,0,1,0,1,0,1,0,0,0,0
sms_spam_04559,3350,train,ham,0,0,0,0,0,0,0,0,0,0,0,0,0,0,0,0,1,0,0,0
sms_spam_04560,1066,train,ham,0,0,0,0,0,1,0,0,0,0,0,0,0,1,0,0,1,0,1,0
sms_spam_04561,4296,train,spam,0,0,0,1,0,1,0,0,0,0,0,0,0,0,0,0,0,0,1,0
sms_spam_04562,2478,train,ham,0,0,0,0,0,0,0,0,0,0,0,0,0,0,0,0,1,1,1,1
sms_spam_04563,3721,train,ham,0,0,0,0,0,0,0,0,0,0,0,0,0,0,0,0,1,0,1,1
sms_spam_04564,2303,train,ham,0,0,0,0,0,0,0,0,0,0,0,0,0,0,0,0,1,1,1,1
sms_spam_04565,963,test,ham,0,0,0,0,0,0,0,0,0,0,0,0,0,0,0,0,1,1,1,1
sms_spam_04566,4858,train,ham,0,0,0,0,0,0,0,0,0,0,0,0,0,0,0,0,1,1,1,1
sms_spam_04567,1186,train,ham,0,0,0,0,0,0,0,0,0,0,0,0,0,0,0,0,1,0,1,0
sms_spam_04569,4163,test,ham,0,0,0,0,0,0,0,0,0,0,0,0,0,0,0,0,1,1,1,1
sms_spam_04568,3901,train,ham,0,0,0,0,0,0,0,0,0,0,0,0,0,0,0,0,1,1,1,1
sms_spam_04570,2368,train,ham,0,0,0,0,0,0,0,0,1,1,0,0,0,0,0,1,1,0,1,0
sms_spam_04571,2391,test,ham,0,0,0,0,0,0,0,0,1,0,0,1,0,1,0,1,0,0,1,0
sms_spam_04572,4494,train,ham,0,0,0,0,0,0,0,0,0,0,0,0,0,0,0,0,1,0,1,0
sms_spam_04573,1304,test,ham,0,0,0,0,0,0,0,0,0,0,0,0,0,0,0,0,1,0,1,1
sms_spam_04574,667,test,ham,0,0,0,0,1,0,0,1,0,0,0,0,0,0,0,0,0,0,1,0
sms_spam_04575,3660,train,ham,0,0,0,0,0,0,0,0,0,0,0,0,0,0,0,0,1,0,1,1
sms_spam_04576,3093,train,ham,0,0,0,0,0,0,0,0,0,0,0,0,0,0,0,0,1,1,1,1
sms_spam_04577,5555,train,ham,0,0,0,0,0,0,0,0,0,0,0,0,0,0,0,0,1,1,1,1
sms_spam_04578,1819,test,ham,0,0,0,0,0,0,0,0,0,0,0,0,0,0,0,0,1,0,1,1
sms_spam_04579,1908,train,ham,0,0,0,0,0,0,0,0,0,0,0,0,0,0,0,0,1,1,1,1
sms_spam_04580,1865,train,ham,0,0,0,0,0,0,0,0,0,0,0,0,0,1,0,1,0,0,0,0
sms_spam_04581,2210,train,ham,0,0,0,0,0,0,0,0,0,0,0,0,0,0,0,0,1,0,1,1
sms_spam_04582,1176,test,ham,0,0,0,0,0,0,0,0,0,0,0,0,0,0,0,0,1,0,1,1
sms_spam_04583,894,train,ham,0,0,0,0,0,0,0,0,0,0,0,0,0,0,0,0,1,1,1,1
sms_spam_04584,5087,train,ham,0,0,0,0,0,0,0,0,0,0,0,0,0,0,0,0,1,1,1,0
sms_spam_04585,3386,train,ham,0,0,0,0,0,0,0,0,0,0,0,0,0,0,0,0,1,0,1,0
sms_spam_04587,1640,train,ham,0,0,0,0,0,0,0,0,0,0,0,0,0,0,0,0,1,0,1,1
sms_spam_04586,3747,train,ham,0,0,0,0,0,0,0,0,0,0,0,0,0,0,0,0,1,0,1,0
sms_spam_04588,5002,train,spam,1,1,0,1,1,1,0,1,0,0,0,0,1,1,0,0,0,0,0,0
sms_spam_04590,552,train,ham,0,0,0,0,0,0,0,0,0,0,0,0,0,0,0,0,1,0,1,1
sms_spam_04589,1620,train,ham,0,0,0,0,0,0,0,0,0,0,0,1,0,0,0,0,1,0,1,0
sms_spam_04591,3398,test,ham,0,0,0,0,0,0,0,0,0,0,0,0,0,0,0,0,1,1,1,1
sms_spam_04592,4950,train,ham,0,0,0,0,0,0,0,0,0,0,0,0,0,1,0,0,1,1,1,0
sms_spam_04593,4779,train,ham,0,0,0,0,0,0,0,0,0,0,0,0,0,0,0,0,1,1,0,1
sms_spam_04594,822,train,spam,0,0,1,1,0,0,0,0,0,0,0,0,1,1,0,0,0,0,0,0
sms_spam_04595,2641,test,spam,1,1,0,1,1,1,0,1,1,0,0,0,0,1,0,1,0,0,0,0
sms_spam_04596,3830,test,ham,1,0,0,0,1,0,0,1,0,0,0,0,0,1,0,0,1,0,1,0
sms_spam_04597,1046,test,ham,0,0,0,0,0,0,0,0,0,0,0,0,0,0,0,1,1,0,1,0
sms_spam_04598,852,train,ham,0,0,0,0,0,0,0,0,0,0,0,0,0,0,0,0,1,0,1,1
sms_spam_04599,5052,train,ham,0,0,0,0,0,0,0,0,0,0,0,0,0,0,0,0,1,0,1,1
sms_spam_04600,5509,test,ham,0,0,0,0,0,0,0,0,0,0,0,0,0,0,0,0,1,0,1,1
sms_spam_04603,4937,train,ham,0,0,0,0,0,0,0,0,0,0,0,0,0,1,0,0,1,0,1,1
sms_spam_04602,437,train,ham,0,0,0,0,0,0,0,0,0,0,0,0,0,0,0,0,1,0,1,0
sms_spam_04601,5185,train,ham,0,0,0,0,0,0,0,0,0,0,0,0,0,0,0,0,1,0,1,1
sms_spam_04604,786,train,ham,0,0,0,0,0,0,0,0,0,0,0,0,0,0,0,0,1,0,1,1
sms_spam_04605,2938,train,ham,0,0,0,0,0,0,0,0,0,0,0,0,0,0,0,0,1,0,1,1
sms_spam_04606,3408,train,ham,0,0,0,0,0,0,0,0,0,0,0,0,0,0,0,0,1,1,1,0
sms_spam_04607,1601,train,ham,0,0,0,0,0,0,0,0,0,0,0,0,0,0,0,0,1,1,1,1
sms_spam_04608,4013,test,ham,0,0,0,0,0,0,0,0,0,0,0,0,0,0,0,0,1,1,1,1
sms_spam_04609,2882,train,ham,0,0,0,0,0,0,0,0,0,0,0,0,0,0,0,0,1,1,1,1
sms_spam_04610,5302,train,ham,0,0,0,0,1,0,0,1,0,0,0,0,0,1,0,0,0,0,0,0
sms_spam_04611,612,train,ham,0,0,0,0,0,0,0,0,0,0,0,0,0,0,0,0,1,0,0,0
sms_spam_04612,2638,test,ham,0,0,0,0,0,0,0,0,0,0,0,0,0,0,0,0,1,1,0,0
sms_spam_04615,939,train,ham,0,0,0,0,0,0,0,0,0,0,0,0,0,0,0,0,1,0,1,1
sms_spam_04614,4131,train,ham,0,0,0,0,0,0,0,0,0,0,0,0,0,1,0,0,1,1,1,1
sms_spam_04613,2016,train,ham,0,0,0,0,0,0,0,0,0,0,0,0,0,0,0,0,1,0,1,0
sms_spam_04616,1559,test,ham,0,0,0,0,0,0,0,0,0,0,0,0,0,0,0,0,0,0,0,0
sms_spam_04617,1434,train,ham,0,0,0,0,0,0,0,0,0,0,0,0,0,0,0,0,1,1,1,1
sms_spam_04618,5049,test,ham,0,0,0,0,0,0,0,0,0,0,0,0,0,0,0,0,1,0,1,0
sms_spam_04619,771,train,ham,0,0,0,0,0,0,0,0,0,0,0,0,0,0,0,0,1,1,1,1
sms_spam_04620,663,train,ham,0,0,0,0,0,0,0,0,0,0,0,0,0,0,0,0,1,0,1,1
sms_spam_04621,2583,train,ham,0,0,0,0,0,0,0,0,0,0,0,0,0,0,0,0,1,1,1,0
sms_spam_04622,233,test,ham,0,0,0,0,0,0,0,0,0,0,0,0,0,0,0,0,1,1,1,1
sms_spam_04623,4695,train,ham,0,0,0,0,0,0,0,0,0,0,0,0,0,0,0,0,1,0,1,0
sms_spam_04624,3675,train,ham,0,0,0,0,0,0,0,0,0,0,0,0,0,0,0,0,1,0,1,1
sms_spam_04625,3324,train,ham,0,0,0,0,0,0,0,0,0,0,0,0,0,0,0,0,1,0,1,1
sms_spam_04627,87,test,ham,0,0,0,0,1,0,0,1,0,0,0,0,0,0,0,0,1,0,1,1
sms_spam_04626,446,test,ham,0,0,0,0,0,0,0,0,0,0,0,0,0,0,0,0,1,0,1,0
sms_spam_04628,4788,test,ham,0,0,0,0,0,0,0,0,0,0,0,0,0,0,0,0,1,1,0,1
sms_spam_04630,5550,train,ham,0,0,0,0,0,0,0,0,0,0,0,0,0,0,0,0,1,0,1,1
sms_spam_04629,117,train,ham,0,0,0,0,0,0,0,0,0,0,0,0,0,0,0,0,1,1,1,1
sms_spam_04632,5001,train,ham,0,0,0,0,0,0,0,0,0,0,0,0,0,0,0,0,1,0,1,1
sms_spam_04631,2712,train,ham,0,0,0,0,0,0,0,0,0,0,0,0,0,0,0,0,1,1,1,1
sms_spam_04633,1850,train,ham,0,0,0,0,0,0,0,0,0,0,0,0,0,0,0,0,1,0,1,1
sms_spam_04634,5018,train,ham,0,0,0,0,0,0,0,0,0,0,0,0,0,0,0,0,1,0,1,1
sms_spam_04635,2673,test,ham,0,0,0,0,0,0,0,0,0,0,0,0,0,0,0,0,1,0,1,1
sms_spam_04636,3883,train,spam,0,0,0,0,0,0,0,0,0,0,0,0,1,0,0,0,0,0,0,0
sms_spam_04639,1422,train,spam,1,1,0,1,1,1,0,1,0,0,0,0,1,1,0,1,0,0,0,0
sms_spam_04638,488,train,ham,0,0,0,0,0,0,0,0,0,0,0,0,0,0,0,0,1,0,1,1
sms_spam_04637,2327,train,spam,1,1,0,1,1,0,0,1,1,0,0,1,0,1,0,1,0,0,0,0
sms_spam_04640,5065,train,ham,0,0,0,0,0,0,0,0,0,0,0,0,0,0,0,0,1,0,1,1
sms_spam_04641,343,train,ham,0,0,0,0,0,0,0,0,0,0,0,0,0,0,0,0,1,0,1,1
sms_spam_04642,1582,train,ham,0,0,0,0,0,0,0,0,0,0,0,0,0,0,0,0,1,1,1,1
sms_spam_04645,3436,train,ham,0,0,0,0,0,0,0,0,0,0,0,0,0,0,0,0,1,0,0,1
sms_spam_04643,3538,train,ham,0,0,0,0,0,0,0,0,0,0,0,0,0,0,0,0,1,0,1,1
sms_spam_04644,4406,test,ham,0,0,0,0,0,0,0,0,0,0,0,0,0,0,0,0,1,1,1,1
sms_spam_04646,4722,train,ham,0,0,0,0,0,0,0,0,0,0,0,1,0,0,0,0,1,0,1,0
sms_spam_04647,609,train,ham,0,0,0,0,0,0,0,0,0,0,0,0,0,0,0,0,1,1,1,1
sms_spam_04648,2333,train,ham,0,0,0,0,0,0,0,0,0,0,0,0,0,0,0,0,1,0,1,1
sms_spam_04649,3422,test,spam,0,0,1,1,0,1,0,1,0,0,0,0,0,1,0,1,0,0,0,0
sms_spam_04650,4084,train,spam,0,0,1,1,0,1,0,0,0,0,0,0,1,1,0,0,0,0,0,0
sms_spam_04651,2158,train,ham,0,0,0,0,0,0,0,0,0,0,0,0,0,0,0,0,1,0,1,1
sms_spam_04652,5288,train,ham,0,0,0,0,0,0,0,0,0,0,0,0,0,0,0,0,1,0,1,1
sms_spam_04653,4134,train,ham,0,0,0,0,0,0,0,0,0,0,0,0,0,0,0,0,1,0,1,1
sms_spam_04654,104,train,ham,0,0,0,0,0,0,0,0,0,0,0,0,0,0,0,0,1,1,1,0
sms_spam_04655,1314,train,ham,0,0,0,0,0,0,0,0,0,0,0,0,0,0,0,0,1,0,1,1
sms_spam_04656,4142,train,spam,0,0,0,0,0,0,0,0,0,0,0,0,0,1,0,1,0,0,0,0
sms_spam_04657,4781,test,ham,0,0,1,0,0,0,0,0,0,0,0,0,0,1,0,1,0,0,0,0
sms_spam_04658,2034,train,ham,0,0,0,0,0,0,0,0,0,0,0,0,0,0,0,0,1,0,0,0
sms_spam_04659,67,test,spam,1,1,0,1,1,1,0,1,1,0,0,0,0,1,0,1,0,0,0,0
sms_spam_04660,3754,test,ham,0,0,0,0,0,0,0,0,0,0,0,0,0,0,0,0,1,1,1,0
sms_spam_04661,4704,test,ham,0,0,0,0,0,0,0,0,0,0,0,0,0,0,0,0,1,0,1,1
sms_spam_04662,5354,test,ham,0,0,0,0,0,0,0,0,0,0,0,0,0,0,0,0,1,0,1,1
sms_spam_04663,2231,train,ham,0,0,0,0,0,0,0,0,0,0,0,0,0,1,0,1,1,1,1,1
sms_spam_04664,3023,train,ham,0,0,0,0,1,0,0,1,0,0,0,0,0,0,0,0,1,1,1,1
sms_spam_04665,3289,train,ham,0,0,0,0,0,0,0,0,0,0,0,0,0,1,0,0,1,1,1,1
sms_spam_04666,2703,train,ham,0,0,0,0,0,0,0,0,0,0,0,0,0,0,0,0,1,0,1,1
sms_spam_04667,3004,test,ham,0,0,0,0,0,0,0,0,0,0,0,0,0,0,0,0,1,0,1,1
sms_spam_04669,472,train,ham,0,0,0,0,1,0,0,1,0,0,0,0,0,0,0,0,1,0,1,1
sms_spam_04668,931,train,ham,1,0,0,1,0,0,0,0,0,0,0,0,0,0,0,0,0,0,1,0
sms_spam_04670,3863,train,ham,0,0,0,0,0,0,0,0,0,0,0,1,0,0,0,0,1,0,1,0
sms_spam_04671,4097,train,ham,0,0,0,0,0,0,0,0,0,0,0,0,0,0,0,0,1,1,1,1
sms_spam_04672,284,train,ham,0,0,0,0,1,0,0,1,0,0,0,0,0,1,0,0,1,0,1,1
sms_spam_04673,3670,test,ham,0,0,0,0,0,0,0,0,0,0,0,0,0,0,0,0,1,0,1,1
sms_spam_04674,3989,train,spam,0,0,1,1,1,0,0,1,0,0,0,1,0,0,0,0,0,0,0,0
sms_spam_04675,3276,train,ham,0,0,0,0,0,0,0,0,0,0,0,0,0,0,0,0,1,0,1,0
sms_spam_04676,2308,train,spam,1,0,0,1,1,0,0,1,0,0,0,0,0,1,0,1,0,0,0,0
sms_spam_04678,28,train,ham,0,0,0,0,0,0,0,0,0,0,0,0,0,0,0,0,1,1,1,1
sms_spam_04677,1153,train,spam,0,0,0,1,1,0,0,1,0,0,0,0,0,1,0,1,0,0,1,0
sms_spam_04679,4394,train,ham,0,0,0,0,0,0,0,0,0,0,0,0,0,0,0,0,1,0,1,1
sms_spam_04681,1127,test,ham,0,0,0,0,0,0,0,0,0,0,0,1,0,0,0,0,1,1,1,0
sms_spam_04680,566,train,ham,0,0,0,0,0,0,0,0,0,0,0,0,0,0,0,0,1,0,1,1
sms_spam_04682,3370,test,ham,0,0,0,0,0,0,0,0,0,0,0,0,0,1,0,0,1,1,1,1
sms_spam_04683,419,train,spam,0,0,0,1,1,0,0,1,0,0,0,0,0,1,0,1,0,0,0,0
sms_spam_04684,3696,test,spam,1,1,0,1,1,0,0,1,0,0,0,0,0,1,0,1,0,0,0,0
sms_spam_04685,3254,train,ham,0,0,0,0,0,0,0,0,0,0,0,0,0,1,0,1,1,0,1,0
sms_spam_04687,5031,train,ham,0,0,0,0,0,0,0,0,0,0,0,0,0,0,0,0,1,0,1,1
sms_spam_04686,33,train,ham,0,0,0,0,0,0,0,0,0,0,0,0,0,0,0,0,1,0,1,0
sms_spam_04688,152,train,ham,0,0,0,0,0,0,0,0,0,0,0,0,0,0,0,0,1,0,1,1
sms_spam_04689,902,train,ham,0,0,0,0,0,0,0,0,0,0,0,0,0,0,0,0,1,0,1,1
sms_spam_04691,3568,train,ham,0,0,0,0,0,0,0,0,0,0,0,0,0,0,0,0,1,1,1,1
sms_spam_04690,2929,train,ham,0,0,0,0,0,0,0,0,0,0,0,0,0,0,0,0,1,0,1,1
sms_spam_04692,1566,test,ham,0,0,0,0,0,0,0,0,0,0,0,0,0,0,0,0,1,1,1,1
sms_spam_04693,873,train,ham,0,0,0,0,0,0,0,0,0,0,0,0,0,0,0,0,1,0,1,0
sms_spam_04694,3379,train,ham,0,0,0,0,0,0,0,0,0,0,0,0,0,0,0,0,1,0,1,0
sms_spam_04695,637,train,ham,0,0,0,0,0,0,0,0,0,0,0,0,0,0,0,0,1,1,1,1
sms_spam_04696,4792,train,ham,0,0,0,0,0,0,0,0,0,0,0,0,0,0,0,0,1,1,1,1
sms_spam_04697,492,train,ham,0,0,0,0,0,0,0,0,0,0,0,0,0,0,0,0,1,1,1,1
sms_spam_04699,2690,train,spam,0,0,0,1,1,1,0,1,0,0,0,0,1,1,0,1,0,0,0,0
sms_spam_04698,2644,train,ham,0,0,0,0,0,0,0,0,0,0,0,0,0,0,0,0,1,0,1,1
sms_spam_04700,652,test,ham,0,0,0,0,0,0,0,0,0,0,0,0,0,0,0,0,1,1,1,1
sms_spam_04701,1226,train,spam,1,0,0,1,0,1,0,0,0,0,0,1,1,1,1,1,0,0,0,0
sms_spam_04703,3494,train,spam,1,0,0,1,1,0,0,1,0,0,0,0,0,1,0,1,0,0,1,0
sms_spam_04702,4690,train,ham,0,0,0,0,0,0,0,0,0,0,0,0,0,0,0,0,1,1,1,1
sms_spam_04704,3256,train,ham,0,0,0,0,0,0,0,0,0,0,0,0,0,0,0,0,1,0,1,1
sms_spam_04705,2109,train,ham,0,0,0,0,1,0,0,1,0,0,0,0,0,0,0,0,1,0,0,1
sms_spam_04706,2826,train,ham,0,0,0,0,0,0,0,0,0,0,0,0,0,0,0,0,1,0,1,1
sms_spam_04707,3657,train,ham,0,0,0,0,0,0,0,0,0,0,0,0,0,0,0,0,1,1,1,1
sms_spam_04708,5272,train,ham,0,0,0,0,0,0,0,0,0,0,0,0,0,0,0,0,1,1,1,1
sms_spam_04709,2578,train,ham,0,0,0,0,0,0,0,0,0,0,0,0,0,0,0,0,1,0,1,1
sms_spam_04711,2323,train,ham,0,0,0,0,0,0,0,0,0,0,0,0,0,0,0,0,1,1,1,1
sms_spam_04712,2823,test,ham,0,0,0,0,0,0,0,0,0,0,0,0,0,0,0,0,1,0,1,1
sms_spam_04710,122,train,spam,1,1,1,1,1,0,0,1,0,0,0,0,0,1,0,1,0,0,0,0
sms_spam_04713,2291,train,ham,0,0,0,0,0,0,0,0,0,0,0,0,0,0,0,0,1,0,1,1
sms_spam_04714,1682,train,ham,0,0,0,0,0,0,0,0,0,0,0,1,0,1,0,0,1,1,1,1
sms_spam_04715,3955,train,ham,0,0,0,0,0,0,0,0,0,0,0,0,0,0,0,0,1,0,1,1
sms_spam_04716,2128,train,ham,0,0,0,0,0,0,0,0,0,0,0,1,0,0,0,0,1,1,1,0
sms_spam_04717,4139,train,ham,0,0,0,0,0,0,0,0,0,0,0,0,0,0,0,0,1,0,1,1
sms_spam_04718,5161,train,ham,0,0,0,0,1,0,0,1,1,0,1,1,0,0,0,1,1,0,1,1
sms_spam_04721,81,train,ham,0,0,0,0,0,0,0,0,0,0,0,0,0,0,0,0,1,0,1,1
sms_spam_04719,332,train,spam,0,0,0,1,1,0,1,1,0,0,0,0,0,1,0,0,0,0,0,0
sms_spam_04720,5456,train,spam,0,0,0,1,1,0,0,1,0,0,0,0,1,1,0,0,0,0,0,0
sms_spam_04724,3010,train,ham,0,0,0,0,0,0,0,0,0,0,0,0,0,0,0,0,1,0,1,0
sms_spam_04722,5566,train,spam,1,0,1,1,1,1,0,1,0,0,0,0,0,1,1,1,0,0,0,0
sms_spam_04723,2684,train,ham,0,0,0,0,0,0,0,0,0,0,0,0,0,0,0,0,1,1,1,1
sms_spam_04725,119,test,spam,1,1,1,1,1,0,0,1,1,1,1,1,0,1,0,1,0,0,0,0
sms_spam_04727,2219,train,spam,1,1,0,1,1,0,0,1,0,1,0,0,0,1,0,1,0,0,0,0
sms_spam_04726,687,train,ham,0,0,0,0,0,0,0,0,0,0,0,0,0,1,0,0,1,1,1,1
sms_spam_04728,737,test,spam,1,0,0,1,1,0,0,1,1,0,0,1,0,1,0,1,0,0,0,0
sms_spam_04729,2452,train,ham,0,0,0,0,0,0,0,0,0,0,0,0,0,0,0,0,1,1,1,1
sms_spam_04730,1205,train,ham,0,0,0,0,0,0,0,0,0,0,0,0,0,0,0,0,1,1,1,1
sms_spam_04732,618,train,ham,0,0,0,0,0,0,0,0,1,0,0,0,0,0,0,1,1,1,1,1
sms_spam_04731,2770,train,ham,0,0,0,0,0,0,0,0,0,0,0,0,0,0,0,0,1,0,1,1
sms_spam_04733,4777,train,ham,0,0,0,0,0,0,0,0,0,0,0,1,0,1,0,1,1,1,1,0
sms_spam_04735,1279,train,ham,0,0,0,0,0,0,0,0,0,0,0,0,0,0,0,0,1,0,1,1
sms_spam_04736,3914,train,ham,0,0,0,0,0,0,0,0,0,0,0,0,0,0,0,0,1,0,1,1
sms_spam_04734,1104,train,spam,1,1,1,1,0,0,0,0,0,0,0,0,1,0,0,0,0,0,0,0
sms_spam_04738,4345,test,ham,0,0,0,0,0,0,0,0,0,0,0,0,0,0,0,0,1,0,1,1
sms_spam_04739,5034,train,ham,0,0,0,0,0,0,0,0,0,0,0,0,0,0,0,0,1,0,1,1
sms_spam_04737,3637,train,spam,0,0,1,0,0,0,0,0,1,0,0,0,0,1,0,1,0,0,0,0
sms_spam_04740,642,test,ham,0,0,0,0,0,0,0,0,0,0,0,0,0,0,0,0,1,1,1,1
sms_spam_04741,3138,train,ham,0,0,0,0,0,0,0,0,0,0,0,0,0,0,0,0,1,1,1,1
sms_spam_04742,4070,train,ham,0,0,0,0,0,0,0,0,0,0,0,0,0,1,0,0,1,0,1,1
sms_spam_04745,1109,train,ham,0,0,0,0,0,0,0,0,0,0,0,0,0,0,0,0,1,0,1,0
sms_spam_04744,2317,test,ham,0,0,0,0,0,0,0,0,0,0,0,0,0,0,0,0,1,0,1,0
sms_spam_04743,942,train,spam,0,0,0,1,1,0,0,1,0,0,0,0,0,1,1,1,0,0,0,0
sms_spam_04746,3382,train,ham,0,0,0,0,0,0,0,0,0,0,0,0,0,0,0,0,1,1,1,1
sms_spam_04748,740,train,ham,0,0,0,0,0,0,0,0,0,0,0,0,0,0,0,0,1,1,1,1
sms_spam_04747,1788,train,ham,0,0,0,0,1,0,0,1,0,0,0,0,0,0,0,1,1,0,1,1
sms_spam_04749,565,train,ham,0,0,0,0,0,0,0,0,0,0,0,0,0,0,0,0,1,1,1,1
sms_spam_04750,5242,test,ham,0,0,0,0,0,0,0,0,0,0,0,0,0,0,0,0,1,0,1,1
sms_spam_04751,1759,train,ham,0,0,0,0,0,0,0,0,0,0,0,0,0,0,0,0,1,0,1,0
sms_spam_04752,2031,train,ham,0,0,0,0,0,0,0,0,0,0,0,0,0,0,0,0,1,1,1,1
sms_spam_04753,2928,train,ham,0,0,0,0,0,0,0,0,0,0,0,0,0,0,0,0,1,0,1,0
sms_spam_04754,4760,train,ham,0,0,0,0,1,0,0,1,0,0,0,0,0,0,0,0,1,0,1,1
sms_spam_04755,1203,train,ham,0,0,0,0,0,0,0,0,0,0,0,0,0,0,0,0,1,0,1,1
sms_spam_04756,5190,train,spam,0,0,0,1,1,1,0,1,0,0,0,0,0,1,0,1,0,0,0,0
sms_spam_04757,2196,train,ham,0,0,0,0,0,0,0,0,0,0,0,0,0,0,0,0,1,0,1,1
sms_spam_04758,4675,train,ham,0,0,0,0,0,0,0,0,0,0,0,0,0,1,0,1,1,0,1,1
sms_spam_04759,1475,train,ham,0,0,0,0,1,0,0,1,0,0,1,0,0,0,0,0,1,0,1,1
sms_spam_04760,4342,train,ham,0,0,0,0,0,0,0,0,0,0,0,0,0,1,0,1,1,0,1,0
sms_spam_04762,3043,train,ham,0,0,0,0,0,0,0,0,0,0,0,0,0,1,0,1,1,0,1,1
sms_spam_04761,1537,test,ham,0,0,0,0,0,0,0,0,0,0,0,0,0,0,0,0,1,0,1,1
sms_spam_04763,2594,test,ham,0,0,0,0,0,0,0,0,0,0,0,0,0,0,0,0,1,0,1,1
sms_spam_04764,1606,train,ham,0,0,0,0,0,0,0,0,0,0,0,0,0,0,0,0,1,1,1,1
sms_spam_04766,2079,train,ham,0,0,0,0,0,0,0,0,0,0,0,0,0,0,0,0,1,1,1,1
sms_spam_04765,3822,train,ham,0,0,1,0,0,0,0,0,0,0,0,0,0,0,1,0,0,0,0,0
sms_spam_04768,5137,train,spam,1,1,0,1,1,0,0,1,1,0,0,1,0,1,0,1,0,0,0,0
sms_spam_04767,4407,train,ham,0,0,0,0,0,0,0,0,0,0,0,0,0,0,0,0,1,1,1,1
sms_spam_04769,4304,train,ham,0,0,0,0,0,0,0,0,0,0,0,0,0,0,0,0,1,1,1,0
sms_spam_04770,2260,train,spam,0,0,1,1,1,1,0,1,0,0,0,1,0,0,0,0,0,0,1,0
sms_spam_04772,1972,train,ham,0,0,0,0,0,0,0,0,0,0,0,0,0,0,0,0,1,1,1,1
sms_spam_04771,2011,train,ham,0,0,0,0,0,0,0,0,0,0,0,0,0,0,0,0,1,0,1,1
sms_spam_04773,2665,train,ham,0,0,0,0,0,0,0,0,0,0,0,0,0,0,0,0,1,1,1,1
sms_spam_04774,2080,train,ham,0,0,0,0,0,0,0,0,0,0,0,0,0,0,0,0,1,0,0,1
sms_spam_04775,3148,train,ham,0,0,0,0,0,0,0,0,0,0,0,0,0,0,0,0,1,1,1,1
sms_spam_04776,1037,train,ham,0,0,0,0,0,0,0,0,0,0,0,0,0,0,0,0,1,0,1,0
sms_spam_04777,4321,train,ham,0,0,0,0,0,0,0,0,0,0,0,0,0,0,0,0,1,1,1,1
sms_spam_04778,4826,test,ham,0,0,0,0,0,0,0,0,0,0,0,0,0,0,0,0,1,0,1,1
sms_spam_04779,4524,train,ham,0,0,0,0,0,0,0,0,0,0,0,0,0,0,0,0,1,1,1,1
sms_spam_04782,4335,test,ham,0,0,0,0,0,0,0,0,0,0,0,0,0,0,0,0,1,1,1,1
sms_spam_04780,2978,train,spam,0,0,0,1,0,1,0,0,0,0,0,1,0,1,0,0,0,0,0,0
sms_spam_04781,1786,train,ham,0,0,0,0,0,0,0,0,0,0,0,0,0,0,0,0,1,0,1,0
sms_spam_04783,1021,train,spam,0,0,0,1,1,0,0,1,0,0,0,1,0,1,0,1,0,0,1,0
sms_spam_04784,1202,train,ham,0,0,0,0,0,0,0,0,0,0,0,0,0,0,0,0,1,0,1,1
sms_spam_04785,4244,train,ham,0,0,0,0,0,0,0,0,0,0,0,0,0,0,0,0,1,0,0,0
sms_spam_04788,1142,train,ham,0,0,0,0,0,0,0,0,0,0,0,0,0,0,0,0,1,1,1,1
sms_spam_04787,2387,train,ham,0,0,0,0,0,0,0,0,0,0,0,0,0,0,0,0,1,0,1,1
sms_spam_04786,4662,train,ham,0,0,0,0,0,0,0,0,0,0,0,0,0,0,0,0,1,0,1,1
sms_spam_04789,5571,train,ham,0,0,0,0,0,0,0,0,0,0,0,0,0,0,0,0,1,0,1,0
sms_spam_04790,1085,train,ham,0,0,0,0,0,0,0,0,0,0,0,0,0,0,0,0,1,1,1,0
sms_spam_04791,1511,test,ham,0,0,0,0,0,0,0,0,0,0,0,0,0,0,0,0,1,1,1,1
sms_spam_04792,11,train,spam,1,0,0,1,1,0,0,1,0,0,0,1,0,1,0,1,0,0,0,0
sms_spam_04793,662,train,ham,0,0,0,0,0,0,0,0,0,0,0,0,0,0,0,0,1,1,1,1
sms_spam_04794,3338,train,ham,0,0,0,0,0,0,0,0,0,0,0,1,0,0,0,0,1,0,1,0
sms_spam_04795,5408,train,ham,0,0,0,0,0,0,0,0,0,0,0,0,0,0,0,0,1,1,1,1
sms_spam_04796,3778,train,spam,1,1,0,1,0,1,0,1,1,0,0,1,0,1,0,1,0,0,0,0
sms_spam_04797,2227,train,ham,0,0,0,0,0,0,0,0,0,0,0,0,0,0,0,0,1,0,1,1
sms_spam_04799,4237,train,ham,0,0,0,0,0,0,0,0,0,0,0,0,0,0,0,0,1,0,1,1
sms_spam_04798,1993,train,ham,0,0,0,0,0,0,0,0,0,0,0,0,0,0,0,0,1,0,1,1
sms_spam_04800,1083,train,ham,0,0,0,0,0,0,0,0,0,0,0,0,0,0,0,0,1,0,1,0
sms_spam_04802,1462,train,spam,1,1,0,1,1,0,0,1,1,0,0,1,0,1,0,1,0,0,0,0
sms_spam_04801,1058,test,ham,0,0,0,0,0,0,0,0,0,0,0,0,0,0,0,0,1,1,1,1
sms_spam_04803,5518,test,ham,0,0,0,0,0,0,0,0,0,0,0,0,0,0,0,0,1,1,1,1
sms_spam_04804,4646,test,ham,0,0,0,0,0,0,0,0,0,0,0,0,0,0,0,0,1,0,1,0
sms_spam_04805,2106,train,ham,0,0,0,0,0,0,0,0,0,0,0,0,0,0,0,0,1,0,1,1
sms_spam_04806,5152,test,ham,0,0,0,0,0,0,0,0,0,0,0,0,0,0,0,0,1,0,1,1
sms_spam_04807,1045,train,ham,0,0,0,0,0,0,0,0,0,0,0,0,0,0,0,0,1,1,1,0
sms_spam_04808,2835,train,ham,0,0,0,0,0,0,0,0,0,0,0,0,0,0,0,0,1,0,1,1
sms_spam_04811,1397,train,ham,0,0,0,0,0,0,0,0,0,0,0,0,0,0,0,0,1,0,1,1
sms_spam_04809,4758,train,spam,1,0,0,1,1,0,0,1,0,0,0,0,0,1,0,1,0,0,1,0
sms_spam_04810,3651,train,ham,0,0,0,0,0,0,0,0,0,0,0,0,0,0,0,0,1,0,1,1
sms_spam_04812,2125,train,ham,0,0,0,0,0,0,0,0,0,0,0,0,0,0,0,0,1,0,1,1
sms_spam_04814,1796,train,ham,0,0,0,0,0,0,0,0,0,0,0,0,0,0,0,0,1,1,1,1
sms_spam_04813,69,train,ham,0,0,0,0,0,0,0,0,0,0,0,0,0,0,0,0,1,1,1,0
sms_spam_04817,1812,train,ham,0,0,0,0,1,0,0,1,0,0,0,0,0,1,0,0,1,1,1,0
sms_spam_04816,3809,train,ham,0,0,0,0,0,0,0,0,0,0,0,0,0,1,0,0,1,0,1,1
sms_spam_04815,1576,train,ham,0,0,0,0,0,0,0,0,0,0,0,0,0,0,0,0,1,0,1,1
sms_spam_04818,2319,test,ham,0,0,0,0,0,0,0,0,0,0,0,0,0,0,0,0,1,0,1,0
sms_spam_04820,3075,train,ham,0,0,0,0,0,0,0,0,0,0,0,0,0,0,0,0,1,0,1,0
sms_spam_04819,1209,train,ham,0,0,0,0,0,0,0,0,0,0,0,0,0,0,0,0,1,1,1,0
sms_spam_04823,4184,test,ham,0,0,0,0,0,0,0,0,0,0,0,0,0,0,0,0,1,0,1,1
sms_spam_04822,4270,train,spam,0,0,0,1,0,0,0,0,0,0,0,0,1,1,0,1,0,0,0,0
sms_spam_04821,2723,train,ham,0,0,0,0,0,0,0,0,0,0,0,0,0,0,0,0,1,0,1,0
sms_spam_04824,603,test,ham,0,0,0,0,0,0,0,0,0,0,0,0,0,0,0,0,1,1,1,0
sms_spam_04825,2857,train,ham,0,0,0,0,0,0,0,0,0,0,0,0,0,0,0,0,1,0,1,0
sms_spam_04826,2717,train,ham,0,0,0,0,0,0,0,0,0,0,0,0,0,0,0,0,1,0,1,1
sms_spam_04829,3302,train,ham,0,0,0,0,0,0,0,0,0,0,0,0,0,0,0,0,1,0,1,1
sms_spam_04830,1999,train,ham,0,0,0,0,0,0,0,0,0,0,0,0,0,0,0,0,1,0,1,1
sms_spam_04827,2613,train,ham,0,0,0,0,0,0,0,0,0,0,0,0,0,0,0,0,1,0,1,0
sms_spam_04828,743,train,ham,0,0,0,0,0,1,0,0,0,0,0,0,0,0,0,0,1,0,1,1
sms_spam_04831,4052,train,ham,0,0,0,0,0,0,0,0,0,0,0,0,0,0,0,0,1,0,1,1
sms_spam_04832,4827,train,ham,0,0,0,0,0,0,0,0,0,0,0,0,0,0,0,0,1,0,1,0
sms_spam_04834,2102,train,ham,0,0,0,0,0,0,0,0,0,0,0,0,0,0,0,0,1,0,1,1
sms_spam_04833,2789,train,ham,0,0,0,0,0,0,0,0,0,0,0,0,0,0,0,0,1,0,1,0
sms_spam_04836,3296,train,spam,1,1,1,1,1,0,0,1,1,0,0,0,0,1,0,1,0,0,0,0
sms_spam_04835,348,train,spam,0,0,0,1,1,0,0,1,0,0,0,0,1,1,0,1,0,0,1,0
sms_spam_04837,5291,train,ham,0,0,0,0,0,0,0,0,0,0,0,0,0,0,0,0,1,1,1,1
sms_spam_04838,842,train,ham,0,0,0,0,0,0,0,0,0,0,0,0,0,0,0,0,1,1,1,0
sms_spam_04840,1842,train,ham,0,0,0,0,0,0,0,0,0,0,0,0,0,0,0,0,1,1,1,1
sms_spam_04841,5265,test,ham,0,0,0,0,0,0,0,0,0,0,0,0,0,0,0,0,1,0,1,0
sms_spam_04839,483,test,ham,0,0,0,0,0,0,0,0,0,0,0,0,0,0,0,0,1,0,1,1
sms_spam_04842,376,train,ham,0,0,0,0,0,0,0,0,0,0,0,0,0,0,0,0,1,1,1,1
sms_spam_04843,2609,train,ham,0,0,0,0,0,0,0,0,0,0,0,0,0,1,0,0,1,0,1,1
sms_spam_04844,1031,test,ham,0,0,0,0,0,0,0,0,0,0,0,0,0,0,0,0,1,0,1,1
sms_spam_04845,2014,train,ham,0,0,0,0,0,0,0,0,0,0,0,0,0,0,0,0,1,1,1,1
sms_spam_04847,3917,train,ham,0,0,0,0,0,0,0,0,0,0,0,0,0,0,0,0,1,0,1,1
sms_spam_04846,1522,train,ham,0,0,0,0,0,0,0,0,0,0,0,0,0,0,0,0,1,1,1,1
sms_spam_04848,470,train,spam,1,1,0,1,1,1,0,1,1,1,0,0,0,1,0,1,0,0,0,0
sms_spam_04849,2589,train,spam,0,0,0,1,1,0,0,1,1,0,0,1,0,1,0,1,0,0,0,0
sms_spam_04850,1923,test,ham,0,0,0,0,0,0,0,0,0,0,0,0,0,0,0,0,1,1,1,1
sms_spam_04852,3907,train,ham,0,0,0,0,0,0,0,0,0,0,0,0,0,0,0,0,1,1,1,1
sms_spam_04851,2316,train,ham,0,0,0,0,0,0,0,0,0,0,0,0,0,0,0,0,1,0,1,1
sms_spam_04853,2623,train,ham,0,0,0,0,0,0,0,0,0,0,0,0,0,0,0,0,1,1,1,0
sms_spam_04854,1330,train,ham,0,0,0,0,0,0,0,0,0,0,0,0,0,0,0,0,1,0,1,1
sms_spam_04855,2783,train,ham,0,0,0,0,0,0,0,0,0,0,0,0,0,0,0,0,1,1,1,1
sms_spam_04856,2056,train,ham,0,0,0,0,0,0,0,0,0,0,0,0,0,0,0,0,1,0,1,0
sms_spam_04858,2919,train,ham,0,0,0,0,0,0,0,0,0,0,0,0,0,0,0,0,1,0,1,1
sms_spam_04857,5514,test,ham,0,0,0,0,0,0,0,0,0,0,0,0,0,0,0,0,1,1,1,1
sms_spam_04859,1578,train,ham,0,0,0,0,0,0,0,0,0,0,0,0,0,0,0,0,1,0,1,0
sms_spam_04860,851,train,ham,0,0,0,1,0,0,0,0,0,0,0,0,0,0,0,0,0,0,1,0
sms_spam_04862,1072,test,spam,0,0,0,1,0,0,0,0,1,1,0,0,0,1,0,1,0,0,0,0
sms_spam_04861,3172,train,spam,1,0,0,1,0,1,0,0,0,0,0,0,1,0,0,0,0,0,0,0
sms_spam_04863,764,train,ham,0,0,0,0,0,0,0,0,0,0,0,0,0,0,0,0,1,1,1,0
sms_spam_04864,2432,train,ham,0,0,0,0,0,0,0,0,0,0,0,0,0,0,0,0,1,0,1,1
sms_spam_04865,4839,train,spam,1,1,1,1,0,0,0,1,1,1,1,1,0,1,0,1,0,0,0,0
sms_spam_04866,2562,train,ham,0,0,0,0,0,0,0,0,0,0,0,0,0,0,0,0,1,1,1,1
sms_spam_04868,1410,train,ham,0,0,0,0,0,0,0,0,0,0,0,0,0,0,0,1,1,0,1,1
sms_spam_04867,4372,test,ham,0,0,0,0,0,0,0,0,0,0,0,0,0,0,0,0,1,0,1,0
sms_spam_04869,1060,train,ham,0,0,0,0,0,0,0,0,0,0,0,0,0,0,0,0,1,0,1,0
sms_spam_04870,3150,train,ham,0,0,0,0,0,0,0,0,0,0,0,0,0,0,0,0,1,0,1,1
sms_spam_04871,2755,test,ham,0,0,0,0,0,0,0,0,0,0,0,0,0,0,0,0,1,1,1,1
sms_spam_04872,43,train,ham,0,0,0,0,0,0,0,0,0,0,0,0,0,0,0,0,1,0,1,0
sms_spam_04874,4386,train,ham,0,0,0,0,0,0,0,0,0,0,0,0,0,0,0,0,1,0,1,1
sms_spam_04873,4659,train,ham,0,0,0,0,0,0,0,0,1,0,0,0,0,1,0,1,0,0,0,0
sms_spam_04875,1519,train,ham,0,0,0,0,0,0,0,0,0,0,0,0,0,0,0,0,1,0,1,0
sms_spam_04876,1182,test,ham,0,0,0,0,0,0,0,0,0,0,0,0,0,0,0,0,1,0,1,1
sms_spam_04877,3677,test,spam,1,1,0,1,1,0,0,1,0,0,0,1,0,1,0,1,0,0,0,0
sms_spam_04878,3513,train,ham,0,0,0,0,1,0,0,1,0,0,0,0,0,0,0,0,1,0,1,1
sms_spam_04879,216,train,ham,0,0,0,0,0,0,0,0,0,0,0,0,0,0,0,0,1,0,1,0
sms_spam_04880,2685,train,spam,1,1,0,1,1,0,0,1,1,1,0,1,0,1,0,1,0,0,0,0
sms_spam_04881,4525,train,spam,0,0,0,1,1,0,0,1,0,0,0,0,0,1,0,1,0,0,1,0
sms_spam_04882,2020,train,ham,0,0,0,0,0,0,0,0,0,0,0,0,0,0,0,0,1,1,1,1
sms_spam_04883,1,train,ham,0,0,0,0,0,0,0,0,0,0,0,0,0,0,0,0,1,0,1,1
sms_spam_04884,2381,test,ham,0,0,0,0,0,0,0,0,0,0,0,0,0,0,0,0,1,0,1,0
sms_spam_04885,1743,train,ham,0,0,0,0,0,0,0,0,0,0,0,0,0,0,0,0,1,0,1,0
sms_spam_04886,5380,train,ham,0,0,0,0,0,0,0,0,0,0,0,0,0,0,0,0,1,0,1,0
sms_spam_04887,3865,train,ham,0,0,0,0,0,0,0,0,0,0,0,0,0,0,0,0,1,1,1,1
sms_spam_04889,526,train,spam,1,0,0,1,1,0,1,1,1,1,0,1,0,1,0,1,0,0,0,0
sms_spam_04888,890,train,ham,0,0,0,0,0,0,0,0,0,0,0,0,0,0,0,0,1,0,1,1
sms_spam_04890,650,train,ham,0,0,0,0,0,0,0,0,0,0,0,0,0,0,0,0,1,0,1,1
sms_spam_04891,2341,train,ham,0,0,0,0,0,0,0,0,0,0,0,0,0,0,0,0,1,0,1,1
sms_spam_04893,1036,train,ham,0,0,0,0,0,0,0,0,0,0,0,0,0,0,0,0,1,0,1,1
sms_spam_04892,3429,train,ham,0,0,0,0,0,0,0,0,0,0,0,0,0,0,0,0,1,0,1,0
sms_spam_04894,3266,train,ham,0,0,0,0,0,0,0,0,0,0,0,0,0,0,0,0,1,1,1,1
sms_spam_04895,965,train,ham,0,0,0,0,1,0,0,1,0,0,0,0,0,1,0,1,1,0,1,1
sms_spam_04897,1477,train,ham,0,0,0,0,0,0,0,0,0,0,0,0,0,0,0,0,1,0,1,1
sms_spam_04896,4957,test,ham,0,0,0,0,0,0,0,0,0,0,0,0,0,0,0,0,1,0,1,1
sms_spam_04898,4314,train,ham,0,0,0,0,0,0,0,0,0,0,0,0,0,0,0,0,1,1,1,0
sms_spam_04899,1128,train,spam,1,1,1,1,1,0,0,1,1,0,0,0,0,1,0,1,0,0,0,0
sms_spam_04900,2912,train,ham,0,0,0,0,0,0,0,0,0,1,0,0,0,0,0,1,0,0,0,0
sms_spam_04901,3558,train,spam,1,1,0,1,1,0,0,1,1,0,0,1,0,1,0,1,0,0,0,0
sms_spam_04902,3578,train,ham,0,0,0,0,0,0,0,0,0,0,0,0,0,0,0,0,1,0,1,1
sms_spam_04903,1631,test,ham,0,0,0,0,0,0,0,0,0,0,0,0,0,0,0,0,1,1,1,1
sms_spam_04904,1926,train,ham,0,0,0,0,0,0,0,0,0,0,0,0,0,0,0,0,1,1,1,1
sms_spam_04905,2658,train,ham,0,0,0,0,0,0,0,0,0,0,0,0,0,0,0,0,1,0,1,1
sms_spam_04906,5112,train,spam,1,1,1,1,0,1,0,0,1,1,0,1,0,1,0,1,0,0,0,0
sms_spam_04907,1591,train,ham,0,0,0,0,0,0,0,0,0,0,0,0,0,0,0,0,1,1,1,1
sms_spam_04908,330,train,ham,0,0,0,0,0,0,0,0,0,0,0,0,0,0,0,0,1,0,1,0
sms_spam_04910,100,train,ham,0,0,0,0,1,0,0,1,0,0,0,0,0,1,0,1,1,1,1,1
sms_spam_04909,4625,train,ham,0,0,0,0,0,0,0,0,0,0,0,0,0,0,0,0,1,1,1,1
sms_spam_04911,2447,train,ham,0,0,0,0,0,0,0,0,0,0,0,0,0,0,0,0,1,1,1,1
sms_spam_04912,3261,train,ham,0,0,0,0,0,0,0,0,0,0,0,0,0,0,0,0,1,0,1,0
sms_spam_04913,3173,train,ham,0,0,0,0,0,0,0,0,0,0,0,0,0,0,0,0,1,0,1,1
sms_spam_04914,2297,train,ham,0,0,0,0,0,0,0,0,0,0,0,0,0,0,0,0,1,0,1,1
sms_spam_04915,3305,train,ham,0,0,0,0,0,0,0,0,0,0,0,0,0,1,0,1,1,1,1,0
sms_spam_04916,4457,train,ham,0,0,0,0,0,0,0,0,0,0,0,0,0,0,0,0,1,0,1,1
sms_spam_04917,2744,train,ham,0,0,0,0,0,0,0,0,0,0,0,0,0,0,0,0,1,0,1,0
sms_spam_04918,1363,train,ham,0,0,0,0,0,0,0,0,0,0,0,0,0,0,0,0,1,1,1,1
sms_spam_04919,4420,train,ham,0,0,0,0,0,0,0,0,0,0,0,0,0,0,0,0,1,0,1,1
sms_spam_04920,5439,train,ham,0,0,0,0,0,0,0,0,0,0,0,0,0,0,0,0,1,1,1,1
sms_spam_04921,4931,train,ham,0,0,0,0,0,0,0,0,0,0,0,0,0,0,0,0,0,0,0,0
sms_spam_04922,3021,test,ham,0,0,0,0,0,0,0,0,0,0,0,0,0,0,0,0,1,0,1,1
sms_spam_04923,1167,train,ham,0,0,0,0,0,0,0,0,0,0,0,0,0,0,0,0,1,0,1,1
sms_spam_04924,3908,train,ham,0,0,0,0,0,0,0,0,0,0,0,0,0,0,0,0,1,0,1,1
sms_spam_04925,557,train,ham,0,0,0,0,0,0,0,0,0,0,0,0,0,0,0,0,1,0,0,1
sms_spam_04926,2809,test,ham,0,0,0,0,0,0,0,0,0,0,0,0,0,0,0,0,1,0,1,1
sms_spam_04927,4145,train,ham,0,0,0,0,0,0,0,0,0,0,0,0,0,0,0,0,1,1,1,1
sms_spam_04928,530,train,spam,1,1,1,1,0,0,0,0,1,1,0,0,0,1,0,1,0,0,0,0
sms_spam_04929,760,train,spam,0,0,0,1,1,0,1,1,0,1,0,0,0,1,0,1,0,0,0,0
sms_spam_04930,4529,test,ham,0,0,0,0,0,0,0,0,0,0,0,0,0,0,0,0,1,0,1,1
sms_spam_04931,1090,train,spam,1,1,0,1,1,0,0,1,1,1,0,1,0,1,0,1,0,0,0,0
sms_spam_04932,2636,train,ham,0,0,0,0,0,0,0,0,0,0,0,0,0,0,0,0,1,1,1,0
sms_spam_04933,1804,train,ham,0,0,0,0,0,0,0,0,0,0,0,0,0,0,0,0,1,0,0,0
sms_spam_04934,4665,train,ham,0,0,0,0,0,0,0,0,0,0,0,0,0,0,0,0,0,0,0,0
sms_spam_04935,1016,train,spam,0,0,0,1,1,1,0,1,0,0,0,0,1,1,0,1,0,0,0,0
sms_spam_04936,3782,test,ham,0,0,0,0,0,0,0,0,0,0,0,0,0,0,0,0,1,0,0,0
sms_spam_04937,1094,train,ham,0,0,0,0,0,0,0,0,0,0,0,0,0,0,0,0,1,1,1,1
sms_spam_04938,1574,train,ham,0,0,0,0,0,0,0,0,0,0,0,0,0,0,0,0,1,1,1,1
sms_spam_04939,2380,train,ham,0,0,0,0,0,0,0,0,0,0,0,0,0,0,0,0,1,0,1,1
sms_spam_04940,1731,train,ham,0,0,0,0,0,0,0,0,0,0,0,0,0,0,0,0,1,0,1,1
sms_spam_04941,2272,train,ham,0,0,0,0,0,0,0,0,0,0,0,0,0,0,0,0,1,1,1,1
sms_spam_04942,4355,train,ham,0,0,0,0,0,0,0,0,0,0,0,0,0,0,1,0,1,0,0,1
sms_spam_04943,537,train,ham,0,0,0,0,0,0,0,0,0,0,0,0,0,0,0,0,1,0,1,1
sms_spam_04944,5427,train,spam,0,0,0,1,1,0,0,1,0,0,0,0,0,1,0,1,0,1,1,0
sms_spam_04946,1049,train,spam,0,0,0,1,0,0,0,0,0,0,0,0,0,1,0,0,0,0,0,0
sms_spam_04945,1619,train,ham,0,0,0,0,0,0,0,0,0,0,0,0,0,0,0,0,1,1,1,0
sms_spam_04947,231,train,ham,0,0,0,0,0,0,0,0,0,0,0,0,0,0,0,0,1,1,1,0
sms_spam_04948,2469,test,ham,0,0,0,0,0,0,0,0,0,0,0,0,0,0,0,0,1,0,0,0
sms_spam_04950,2506,train,ham,0,0,0,0,0,0,0,0,0,0,0,0,0,0,0,0,1,0,1,1
sms_spam_04949,263,test,spam,0,0,0,1,1,0,0,1,0,0,0,0,0,1,0,1,0,0,1,0
sms_spam_04951,1518,train,ham,0,0,0,0,0,0,0,0,0,0,0,0,0,0,0,0,1,0,1,1
sms_spam_04952,390,train,ham,0,0,0,0,0,0,0,0,0,0,0,0,0,0,0,0,1,1,1,1
sms_spam_04953,5068,test,ham,0,0,0,0,0,0,0,0,0,0,0,0,0,0,0,0,1,1,1,0
sms_spam_04954,1276,train,ham,0,0,0,0,0,0,0,0,0,0,0,0,0,0,0,0,1,0,1,1
sms_spam_04955,4915,train,ham,0,0,0,0,0,0,0,0,0,0,0,0,0,0,0,0,1,1,1,1
sms_spam_04956,2470,train,ham,0,0,0,0,0,0,0,0,0,0,0,0,0,0,0,0,1,1,1,0
sms_spam_04957,4092,train,ham,0,0,0,0,0,0,0,0,0,0,0,0,0,0,0,0,1,0,1,0
sms_spam_04958,4579,train,ham,0,0,0,0,0,0,0,0,0,0,0,0,0,0,0,0,1,1,1,1
sms_spam_04960,5133,train,ham,0,0,0,0,0,0,0,0,0,0,0,0,0,0,0,0,1,1,1,1
sms_spam_04959,5399,train,ham,0,0,0,0,0,0,0,0,0,0,0,0,0,0,0,0,1,1,1,1
sms_spam_04962,4238,train,ham,0,0,0,0,0,0,0,0,0,0,0,0,0,0,0,0,1,1,1,1
sms_spam_04961,1667,test,ham,0,0,0,0,0,0,0,0,0,0,0,0,0,0,0,0,1,1,1,1
sms_spam_04963,1887,test,spam,1,1,1,1,1,1,0,1,1,0,0,1,0,1,0,1,0,0,0,0
sms_spam_04964,2352,train,ham,0,0,0,0,0,0,0,0,0,0,0,0,0,0,0,0,1,0,1,1
sms_spam_04966,3135,train,ham,0,0,0,0,0,0,0,0,0,0,0,0,0,0,0,0,1,1,1,1
sms_spam_04965,1201,train,ham,0,0,0,0,0,0,0,0,0,0,0,0,0,0,0,0,1,0,1,1
sms_spam_04968,9,train,spam,0,0,1,1,0,1,0,0,0,0,0,0,0,1,0,0,0,0,0,0
sms_spam_04967,562,train,ham,0,0,0,0,0,0,0,0,0,0,0,0,0,0,0,0,1,0,1,0
sms_spam_04970,2960,test,ham,0,0,0,0,0,0,0,0,0,0,0,0,0,0,0,0,1,0,1,1
sms_spam_04969,4112,train,ham,0,0,0,0,0,0,0,0,0,0,0,0,0,0,0,0,1,1,1,0
sms_spam_04971,864,test,ham,0,0,0,0,0,0,0,0,0,0,0,0,0,0,0,0,1,0,1,0
sms_spam_04972,659,train,spam,0,0,0,0,1,0,0,1,0,0,0,0,0,1,0,0,0,0,0,0
sms_spam_04973,4768,test,ham,0,0,0,0,0,0,0,0,0,0,0,0,0,0,0,0,1,0,1,0
sms_spam_04974,5115,train,spam,0,0,0,1,1,0,0,1,0,0,0,0,1,1,0,1,0,0,0,0
sms_spam_04975,215,train,ham,0,0,0,0,0,0,0,0,0,0,0,0,0,0,0,0,1,0,0,0
sms_spam_04976,3813,test,ham,0,0,0,0,0,0,0,0,0,0,0,0,0,0,0,0,1,1,1,1
sms_spam_04977,4268,train,ham,0,0,0,0,0,0,0,0,0,0,0,0,0,0,0,0,1,0,1,0
sms_spam_04978,2404,test,ham,0,0,0,0,0,0,0,0,0,0,0,0,0,0,0,0,1,1,1,1
sms_spam_04979,503,train,ham,0,0,0,0,0,0,0,0,0,0,0,0,0,0,0,0,1,0,1,1
sms_spam_04980,1872,test,ham,0,0,0,0,0,0,0,0,0,0,0,0,0,0,0,0,1,0,1,1
sms_spam_04981,3640,train,spam,0,0,0,1,1,0,0,1,0,0,0,0,1,1,0,1,0,0,0,0
sms_spam_04982,1706,test,ham,0,0,0,0,0,0,0,0,0,0,0,1,0,1,0,0,1,0,1,0
sms_spam_04983,3843,test,ham,0,0,0,0,0,0,0,0,0,0,0,0,0,0,0,0,1,1,1,1
sms_spam_04984,167,train,ham,0,0,0,0,0,0,0,0,0,0,0,0,0,0,0,0,1,1,1,0
sms_spam_04985,2773,train,spam,0,0,0,0,0,0,0,0,0,0,0,0,0,0,0,0,1,0,1,0
sms_spam_04986,4264,train,ham,0,0,0,0,0,0,0,1,0,0,0,0,0,0,0,0,1,0,1,1
sms_spam_04987,1760,train,ham,0,0,0,0,0,0,0,0,0,0,0,0,0,0,0,0,1,0,1,1
sms_spam_04989,1348,train,ham,0,0,0,0,0,0,0,0,0,0,0,0,0,0,0,0,1,1,1,0
sms_spam_04988,4036,train,ham,0,0,0,0,0,0,0,0,0,0,0,0,0,1,0,1,1,0,1,1
sms_spam_04990,381,train,ham,0,0,0,0,0,0,0,0,0,0,0,0,0,0,0,0,1,0,1,1
sms_spam_04991,3214,test,ham,0,0,0,0,0,0,0,0,0,0,0,0,0,0,0,0,1,0,1,0
sms_spam_04992,4835,train,ham,0,0,0,0,0,0,0,0,0,0,0,0,0,0,0,0,1,1,1,0
sms_spam_04993,1817,train,ham,0,0,0,0,0,0,0,0,0,0,0,1,0,0,0,0,1,0,1,0
sms_spam_04994,4433,train,ham,0,0,0,0,0,0,0,0,0,0,0,0,0,0,0,0,1,0,1,1
sms_spam_04995,2300,train,ham,0,0,0,0,0,0,0,0,0,0,0,0,0,0,0,0,1,0,1,1
sms_spam_04996,1604,train,ham,1,0,0,0,0,0,0,0,0,0,0,0,0,0,0,0,1,1,1,0
sms_spam_04997,2834,train,ham,0,0,0,0,0,0,0,0,0,0,0,0,0,0,0,0,1,1,1,1
sms_spam_04998,302,train,ham,0,0,0,0,0,0,0,0,0,0,0,0,0,0,0,0,1,1,1,1
sms_spam_04999,1702,train,ham,0,0,0,0,0,0,0,0,0,0,0,1,0,0,0,0,1,0,1,0
