Dataset,Panel,Sampling seed,Original features,Alternative features,Accuracy,Macro-F1,Positive F1,Delta Macro-F1 vs original,Feature ids
SMS Spam,1,2026,11,9,0.9760,0.9469,0.9077,+0.0096,original:mentions_prize_reward_gift; original:impersonates_official_entity; original:uses_promotional_or_marketing_claim; original:mentions_discount_or_rate; original:uses_deadline_or_expiry; original:threatens_loss_or_penalty; original:contains_all_caps_or_exclamation_emphasis; original:asks_click_link; original:requests_immediate_action; original:mentions_meeting_family_friends; original:uses_casual_emotional_language; alternative:sms_alt_c04; alternative:sms_alt_c09; alternative:sms_alt_c10; alternative:sms_alt_c18; alternative:sms_alt_c19; alternative:sms_alt_c20; alternative:sms_alt_c29; alternative:sms_alt_c33; alternative:sms_alt_c35
SMS Spam,2,2026,12,8,0.9750,0.9438,0.9020,+0.0065,original:mentions_prize_reward_gift; original:impersonates_official_entity; original:mentions_money_payment; original:mentions_free_offer; original:mentions_discount_or_rate; original:mentions_financial_gain_or_cost; original:threatens_loss_or_penalty; original:asks_click_link; original:asks_user_reply_or_call; original:normal_personal_conversation; original:mentions_meeting_family_friends; original:uses_casual_emotional_language; alternative:sms_alt_c03; alternative:sms_alt_c04; alternative:sms_alt_c11; alternative:sms_alt_c19; alternative:sms_alt_c20; alternative:sms_alt_c25; alternative:sms_alt_c30; alternative:sms_alt_c34
SMS Spam,3,2026,11,9,0.9770,0.9493,0.9119,+0.0120,original:mentions_prize_reward_gift; original:impersonates_official_entity; original:uses_promotional_or_marketing_claim; original:mentions_discount_or_rate; original:mentions_financial_gain_or_cost; original:creates_urgency; original:uses_deadline_or_expiry; original:threatens_loss_or_penalty; original:asks_user_reply_or_call; original:normal_personal_conversation; original:mentions_meeting_family_friends; alternative:sms_alt_c01; alternative:sms_alt_c02; alternative:sms_alt_c04; alternative:sms_alt_c12; alternative:sms_alt_c18; alternative:sms_alt_c20; alternative:sms_alt_c27; alternative:sms_alt_c29; alternative:sms_alt_c34
SMS Spam,4,2026,11,9,0.9780,0.9501,0.9127,+0.0127,original:mentions_prize_reward_gift; original:impersonates_official_entity; original:mentions_free_offer; original:creates_urgency; original:uses_deadline_or_expiry; original:asks_click_link; original:asks_user_reply_or_call; original:requests_personal_information; original:requests_immediate_action; original:uses_casual_emotional_language; original:refers_previous_conversation; alternative:sms_alt_c01; alternative:sms_alt_c02; alternative:sms_alt_c12; alternative:sms_alt_c17; alternative:sms_alt_c18; alternative:sms_alt_c29; alternative:sms_alt_c30; alternative:sms_alt_c33; alternative:sms_alt_c34
SMS Spam,5,2026,8,12,0.9810,0.9579,0.9266,+0.0205,original:mentions_prize_reward_gift; original:claims_winner_or_selected; original:impersonates_official_entity; original:mentions_free_offer; original:mentions_financial_gain_or_cost; original:contains_all_caps_or_exclamation_emphasis; original:requests_personal_information; original:uses_casual_emotional_language; alternative:sms_alt_c02; alternative:sms_alt_c03; alternative:sms_alt_c09; alternative:sms_alt_c10; alternative:sms_alt_c18; alternative:sms_alt_c19; alternative:sms_alt_c20; alternative:sms_alt_c27; alternative:sms_alt_c29; alternative:sms_alt_c34; alternative:sms_alt_c35; alternative:sms_alt_c36
SMS Spam,6,2026,10,10,0.9850,0.9661,0.9407,+0.0287,original:impersonates_official_entity; original:uses_promotional_or_marketing_claim; original:mentions_money_payment; original:mentions_free_offer; original:threatens_loss_or_penalty; original:asks_click_link; original:asks_user_reply_or_call; original:requests_personal_information; original:uses_casual_emotional_language; original:refers_previous_conversation; alternative:sms_alt_c02; alternative:sms_alt_c04; alternative:sms_alt_c10; alternative:sms_alt_c11; alternative:sms_alt_c19; alternative:sms_alt_c25; alternative:sms_alt_c27; alternative:sms_alt_c29; alternative:sms_alt_c35; alternative:sms_alt_c36
SMS Spam,7,2026,11,9,0.9820,0.9586,0.9274,+0.0212,original:impersonates_official_entity; original:mentions_money_payment; original:mentions_free_offer; original:uses_deadline_or_expiry; original:threatens_loss_or_penalty; original:contains_all_caps_or_exclamation_emphasis; original:asks_click_link; original:asks_user_reply_or_call; original:mentions_meeting_family_friends; original:uses_casual_emotional_language; original:refers_previous_conversation; alternative:sms_alt_c04; alternative:sms_alt_c10; alternative:sms_alt_c11; alternative:sms_alt_c17; alternative:sms_alt_c18; alternative:sms_alt_c19; alternative:sms_alt_c29; alternative:sms_alt_c30; alternative:sms_alt_c36
SMS Spam,8,2026,13,7,0.9730,0.9405,0.8966,+0.0032,original:mentions_prize_reward_gift; original:claims_winner_or_selected; original:uses_promotional_or_marketing_claim; original:mentions_money_payment; original:creates_urgency; original:uses_deadline_or_expiry; original:asks_click_link; original:asks_user_reply_or_call; original:requests_immediate_action; original:normal_personal_conversation; original:mentions_meeting_family_friends; original:uses_casual_emotional_language; original:refers_previous_conversation; alternative:sms_alt_c01; alternative:sms_alt_c02; alternative:sms_alt_c11; alternative:sms_alt_c18; alternative:sms_alt_c29; alternative:sms_alt_c30; alternative:sms_alt_c35
SMS Spam,9,2026,12,8,0.9780,0.9517,0.9160,+0.0144,original:claims_winner_or_selected; original:uses_promotional_or_marketing_claim; original:mentions_money_payment; original:mentions_free_offer; original:mentions_discount_or_rate; original:creates_urgency; original:uses_deadline_or_expiry; original:threatens_loss_or_penalty; original:asks_user_reply_or_call; original:requests_personal_information; original:normal_personal_conversation; original:mentions_meeting_family_friends; alternative:sms_alt_c02; alternative:sms_alt_c10; alternative:sms_alt_c11; alternative:sms_alt_c17; alternative:sms_alt_c25; alternative:sms_alt_c27; alternative:sms_alt_c29; alternative:sms_alt_c36
SMS Spam,10,2026,9,11,0.9840,0.9632,0.9355,+0.0258,original:claims_winner_or_selected; original:mentions_money_payment; original:mentions_free_offer; original:mentions_discount_or_rate; original:mentions_financial_gain_or_cost; original:creates_urgency; original:threatens_loss_or_penalty; original:requests_personal_information; original:refers_previous_conversation; alternative:sms_alt_c02; alternative:sms_alt_c03; alternative:sms_alt_c04; alternative:sms_alt_c10; alternative:sms_alt_c12; alternative:sms_alt_c18; alternative:sms_alt_c19; alternative:sms_alt_c25; alternative:sms_alt_c27; alternative:sms_alt_c30; alternative:sms_alt_c33
SMS Spam,11,2026,8,12,0.9710,0.9365,0.8897,-0.0008,original:mentions_prize_reward_gift; original:mentions_money_payment; original:mentions_financial_gain_or_cost; original:creates_urgency; original:uses_deadline_or_expiry; original:threatens_loss_or_penalty; original:requests_personal_information; original:uses_casual_emotional_language; alternative:sms_alt_c02; alternative:sms_alt_c03; alternative:sms_alt_c04; alternative:sms_alt_c09; alternative:sms_alt_c11; alternative:sms_alt_c17; alternative:sms_alt_c18; alternative:sms_alt_c19; alternative:sms_alt_c25; alternative:sms_alt_c29; alternative:sms_alt_c33; alternative:sms_alt_c34
SMS Spam,12,2026,10,10,0.9750,0.9446,0.9035,+0.0072,original:mentions_prize_reward_gift; original:impersonates_official_entity; original:mentions_money_payment; original:mentions_free_offer; original:mentions_discount_or_rate; original:creates_urgency; original:threatens_loss_or_penalty; original:asks_click_link; original:requests_personal_information; original:mentions_meeting_family_friends; alternative:sms_alt_c01; alternative:sms_alt_c02; alternative:sms_alt_c04; alternative:sms_alt_c09; alternative:sms_alt_c11; alternative:sms_alt_c29; alternative:sms_alt_c30; alternative:sms_alt_c33; alternative:sms_alt_c34; alternative:sms_alt_c36
SMS Spam,13,2026,8,12,0.9720,0.9385,0.8931,+0.0012,original:mentions_prize_reward_gift; original:mentions_financial_gain_or_cost; original:creates_urgency; original:threatens_loss_or_penalty; original:contains_all_caps_or_exclamation_emphasis; original:asks_click_link; original:asks_user_reply_or_call; original:refers_previous_conversation; alternative:sms_alt_c01; alternative:sms_alt_c11; alternative:sms_alt_c17; alternative:sms_alt_c18; alternative:sms_alt_c19; alternative:sms_alt_c20; alternative:sms_alt_c25; alternative:sms_alt_c29; alternative:sms_alt_c33; alternative:sms_alt_c34; alternative:sms_alt_c35; alternative:sms_alt_c36
SMS Spam,14,2026,11,9,0.9790,0.9522,0.9163,+0.0148,original:claims_winner_or_selected; original:impersonates_official_entity; original:mentions_money_payment; original:creates_urgency; original:uses_deadline_or_expiry; original:asks_click_link; original:asks_user_reply_or_call; original:requests_personal_information; original:mentions_meeting_family_friends; original:uses_casual_emotional_language; original:refers_previous_conversation; alternative:sms_alt_c02; alternative:sms_alt_c12; alternative:sms_alt_c17; alternative:sms_alt_c19; alternative:sms_alt_c25; alternative:sms_alt_c29; alternative:sms_alt_c30; alternative:sms_alt_c33; alternative:sms_alt_c36
SMS Spam,15,2026,11,9,0.9750,0.9453,0.9049,+0.0079,original:mentions_prize_reward_gift; original:impersonates_official_entity; original:uses_promotional_or_marketing_claim; original:mentions_money_payment; original:mentions_discount_or_rate; original:threatens_loss_or_penalty; original:asks_user_reply_or_call; original:requests_personal_information; original:requests_immediate_action; original:normal_personal_conversation; original:mentions_meeting_family_friends; alternative:sms_alt_c02; alternative:sms_alt_c12; alternative:sms_alt_c18; alternative:sms_alt_c19; alternative:sms_alt_c20; alternative:sms_alt_c25; alternative:sms_alt_c27; alternative:sms_alt_c29; alternative:sms_alt_c35
SMS Spam,16,2026,9,11,0.9770,0.9487,0.9105,+0.0113,original:claims_winner_or_selected; original:uses_promotional_or_marketing_claim; original:mentions_free_offer; original:mentions_financial_gain_or_cost; original:uses_deadline_or_expiry; original:asks_user_reply_or_call; original:normal_personal_conversation; original:uses_casual_emotional_language; original:refers_previous_conversation; alternative:sms_alt_c01; alternative:sms_alt_c09; alternative:sms_alt_c12; alternative:sms_alt_c17; alternative:sms_alt_c19; alternative:sms_alt_c20; alternative:sms_alt_c27; alternative:sms_alt_c29; alternative:sms_alt_c30; alternative:sms_alt_c34; alternative:sms_alt_c35
SMS Spam,17,2026,9,11,0.9850,0.9658,0.9402,+0.0285,original:claims_winner_or_selected; original:uses_promotional_or_marketing_claim; original:mentions_money_payment; original:mentions_free_offer; original:contains_all_caps_or_exclamation_emphasis; original:asks_user_reply_or_call; original:requests_immediate_action; original:normal_personal_conversation; original:uses_casual_emotional_language; alternative:sms_alt_c01; alternative:sms_alt_c02; alternative:sms_alt_c03; alternative:sms_alt_c09; alternative:sms_alt_c10; alternative:sms_alt_c12; alternative:sms_alt_c17; alternative:sms_alt_c18; alternative:sms_alt_c20; alternative:sms_alt_c27; alternative:sms_alt_c30
SMS Spam,18,2026,9,11,0.9840,0.9632,0.9355,+0.0258,original:mentions_discount_or_rate; original:uses_deadline_or_expiry; original:contains_all_caps_or_exclamation_emphasis; original:asks_user_reply_or_call; original:requests_personal_information; original:requests_immediate_action; original:mentions_meeting_family_friends; original:uses_casual_emotional_language; original:refers_previous_conversation; alternative:sms_alt_c04; alternative:sms_alt_c10; alternative:sms_alt_c17; alternative:sms_alt_c18; alternative:sms_alt_c19; alternative:sms_alt_c20; alternative:sms_alt_c27; alternative:sms_alt_c29; alternative:sms_alt_c30; alternative:sms_alt_c35; alternative:sms_alt_c36
SMS Spam,19,2026,11,9,0.9780,0.9514,0.9154,+0.0140,original:mentions_prize_reward_gift; original:claims_winner_or_selected; original:uses_promotional_or_marketing_claim; original:mentions_discount_or_rate; original:uses_deadline_or_expiry; original:threatens_loss_or_penalty; original:contains_all_caps_or_exclamation_emphasis; original:asks_user_reply_or_call; original:requests_immediate_action; original:normal_personal_conversation; original:refers_previous_conversation; alternative:sms_alt_c02; alternative:sms_alt_c09; alternative:sms_alt_c11; alternative:sms_alt_c19; alternative:sms_alt_c29; alternative:sms_alt_c30; alternative:sms_alt_c33; alternative:sms_alt_c34; alternative:sms_alt_c35
SMS Spam,20,2026,7,13,0.9850,0.9654,0.9393,+0.0280,original:impersonates_official_entity; original:mentions_money_payment; original:mentions_financial_gain_or_cost; original:creates_urgency; original:threatens_loss_or_penalty; original:asks_click_link; original:asks_user_reply_or_call; alternative:sms_alt_c01; alternative:sms_alt_c02; alternative:sms_alt_c03; alternative:sms_alt_c10; alternative:sms_alt_c12; alternative:sms_alt_c17; alternative:sms_alt_c18; alternative:sms_alt_c20; alternative:sms_alt_c25; alternative:sms_alt_c27; alternative:sms_alt_c30; alternative:sms_alt_c34; alternative:sms_alt_c36
SMS Spam,21,2026,12,8,0.9730,0.9420,0.8996,+0.0047,original:mentions_prize_reward_gift; original:claims_winner_or_selected; original:mentions_money_payment; original:mentions_discount_or_rate; original:creates_urgency; original:uses_deadline_or_expiry; original:threatens_loss_or_penalty; original:asks_click_link; original:asks_user_reply_or_call; original:requests_immediate_action; original:normal_personal_conversation; original:refers_previous_conversation; alternative:sms_alt_c01; alternative:sms_alt_c02; alternative:sms_alt_c04; alternative:sms_alt_c09; alternative:sms_alt_c12; alternative:sms_alt_c18; alternative:sms_alt_c27; alternative:sms_alt_c36
SMS Spam,22,2026,11,9,0.9780,0.9514,0.9154,+0.0140,original:mentions_prize_reward_gift; original:uses_promotional_or_marketing_claim; original:mentions_money_payment; original:uses_deadline_or_expiry; original:threatens_loss_or_penalty; original:asks_click_link; original:asks_user_reply_or_call; original:requests_personal_information; original:requests_immediate_action; original:uses_casual_emotional_language; original:refers_previous_conversation; alternative:sms_alt_c01; alternative:sms_alt_c02; alternative:sms_alt_c09; alternative:sms_alt_c11; alternative:sms_alt_c19; alternative:sms_alt_c20; alternative:sms_alt_c27; alternative:sms_alt_c33; alternative:sms_alt_c35
SMS Spam,23,2026,13,7,0.9740,0.9436,0.9023,+0.0063,original:mentions_prize_reward_gift; original:claims_winner_or_selected; original:impersonates_official_entity; original:uses_promotional_or_marketing_claim; original:mentions_money_payment; original:threatens_loss_or_penalty; original:contains_all_caps_or_exclamation_emphasis; original:asks_user_reply_or_call; original:requests_personal_information; original:requests_immediate_action; original:normal_personal_conversation; original:uses_casual_emotional_language; original:refers_previous_conversation; alternative:sms_alt_c10; alternative:sms_alt_c11; alternative:sms_alt_c12; alternative:sms_alt_c17; alternative:sms_alt_c20; alternative:sms_alt_c29; alternative:sms_alt_c33
SMS Spam,24,2026,12,8,0.9780,0.9510,0.9147,+0.0137,original:mentions_prize_reward_gift; original:impersonates_official_entity; original:mentions_money_payment; original:mentions_discount_or_rate; original:mentions_financial_gain_or_cost; original:creates_urgency; original:uses_deadline_or_expiry; original:threatens_loss_or_penalty; original:asks_click_link; original:asks_user_reply_or_call; original:normal_personal_conversation; original:refers_previous_conversation; alternative:sms_alt_c01; alternative:sms_alt_c04; alternative:sms_alt_c09; alternative:sms_alt_c12; alternative:sms_alt_c17; alternative:sms_alt_c25; alternative:sms_alt_c27; alternative:sms_alt_c34
SMS Spam,25,2026,8,12,0.9840,0.9632,0.9355,+0.0258,original:mentions_prize_reward_gift; original:uses_promotional_or_marketing_claim; original:mentions_free_offer; original:uses_deadline_or_expiry; original:threatens_loss_or_penalty; original:contains_all_caps_or_exclamation_emphasis; original:asks_user_reply_or_call; original:uses_casual_emotional_language; alternative:sms_alt_c01; alternative:sms_alt_c03; alternative:sms_alt_c11; alternative:sms_alt_c17; alternative:sms_alt_c18; alternative:sms_alt_c20; alternative:sms_alt_c27; alternative:sms_alt_c30; alternative:sms_alt_c33; alternative:sms_alt_c34; alternative:sms_alt_c35; alternative:sms_alt_c36
SMS Spam,26,2026,9,11,0.9820,0.9589,0.9280,+0.0215,original:mentions_prize_reward_gift; original:uses_promotional_or_marketing_claim; original:mentions_discount_or_rate; original:creates_urgency; original:threatens_loss_or_penalty; original:requests_personal_information; original:requests_immediate_action; original:normal_personal_conversation; original:refers_previous_conversation; alternative:sms_alt_c03; alternative:sms_alt_c04; alternative:sms_alt_c10; alternative:sms_alt_c17; alternative:sms_alt_c18; alternative:sms_alt_c25; alternative:sms_alt_c27; alternative:sms_alt_c29; alternative:sms_alt_c30; alternative:sms_alt_c33; alternative:sms_alt_c34
SMS Spam,27,2026,11,9,0.9690,0.9321,0.8821,-0.0052,original:impersonates_official_entity; original:mentions_money_payment; original:mentions_free_offer; original:mentions_financial_gain_or_cost; original:creates_urgency; original:uses_deadline_or_expiry; original:threatens_loss_or_penalty; original:contains_all_caps_or_exclamation_emphasis; original:asks_user_reply_or_call; original:requests_personal_information; original:refers_previous_conversation; alternative:sms_alt_c01; alternative:sms_alt_c02; alternative:sms_alt_c09; alternative:sms_alt_c12; alternative:sms_alt_c20; alternative:sms_alt_c25; alternative:sms_alt_c34; alternative:sms_alt_c35; alternative:sms_alt_c36
SMS Spam,28,2026,10,10,0.9850,0.9654,0.9393,+0.0280,original:impersonates_official_entity; original:mentions_money_payment; original:mentions_free_offer; original:mentions_discount_or_rate; original:mentions_financial_gain_or_cost; original:creates_urgency; original:threatens_loss_or_penalty; original:asks_click_link; original:normal_personal_conversation; original:refers_previous_conversation; alternative:sms_alt_c02; alternative:sms_alt_c03; alternative:sms_alt_c09; alternative:sms_alt_c10; alternative:sms_alt_c12; alternative:sms_alt_c20; alternative:sms_alt_c27; alternative:sms_alt_c29; alternative:sms_alt_c30; alternative:sms_alt_c33
SMS Spam,29,2026,9,11,0.9820,0.9589,0.9280,+0.0215,original:claims_winner_or_selected; original:impersonates_official_entity; original:uses_promotional_or_marketing_claim; original:mentions_money_payment; original:mentions_discount_or_rate; original:creates_urgency; original:contains_all_caps_or_exclamation_emphasis; original:asks_user_reply_or_call; original:requests_immediate_action; alternative:sms_alt_c03; alternative:sms_alt_c09; alternative:sms_alt_c11; alternative:sms_alt_c12; alternative:sms_alt_c19; alternative:sms_alt_c20; alternative:sms_alt_c25; alternative:sms_alt_c29; alternative:sms_alt_c30; alternative:sms_alt_c33; alternative:sms_alt_c36
SMS Spam,30,2026,8,12,0.9810,0.9567,0.9243,+0.0194,original:claims_winner_or_selected; original:impersonates_official_entity; original:mentions_discount_or_rate; original:threatens_loss_or_penalty; original:contains_all_caps_or_exclamation_emphasis; original:asks_click_link; original:normal_personal_conversation; original:uses_casual_emotional_language; alternative:sms_alt_c01; alternative:sms_alt_c02; alternative:sms_alt_c03; alternative:sms_alt_c04; alternative:sms_alt_c10; alternative:sms_alt_c11; alternative:sms_alt_c12; alternative:sms_alt_c19; alternative:sms_alt_c20; alternative:sms_alt_c29; alternative:sms_alt_c30; alternative:sms_alt_c36
SMS Spam,31,2026,10,10,0.9810,0.9567,0.9243,+0.0194,original:mentions_prize_reward_gift; original:impersonates_official_entity; original:uses_promotional_or_marketing_claim; original:mentions_free_offer; original:mentions_discount_or_rate; original:mentions_financial_gain_or_cost; original:contains_all_caps_or_exclamation_emphasis; original:asks_click_link; original:asks_user_reply_or_call; original:requests_personal_information; alternative:sms_alt_c01; alternative:sms_alt_c03; alternative:sms_alt_c19; alternative:sms_alt_c20; alternative:sms_alt_c27; alternative:sms_alt_c29; alternative:sms_alt_c30; alternative:sms_alt_c33; alternative:sms_alt_c34; alternative:sms_alt_c35
SMS Spam,32,2026,10,10,0.9790,0.9537,0.9195,+0.0164,original:mentions_prize_reward_gift; original:uses_promotional_or_marketing_claim; original:mentions_money_payment; original:mentions_free_offer; original:mentions_discount_or_rate; original:threatens_loss_or_penalty; original:contains_all_caps_or_exclamation_emphasis; original:asks_user_reply_or_call; original:mentions_meeting_family_friends; original:refers_previous_conversation; alternative:sms_alt_c02; alternative:sms_alt_c03; alternative:sms_alt_c11; alternative:sms_alt_c12; alternative:sms_alt_c17; alternative:sms_alt_c18; alternative:sms_alt_c20; alternative:sms_alt_c25; alternative:sms_alt_c33; alternative:sms_alt_c36
SMS Spam,33,2026,11,9,0.9750,0.9446,0.9035,+0.0072,original:impersonates_official_entity; original:uses_promotional_or_marketing_claim; original:mentions_money_payment; original:mentions_financial_gain_or_cost; original:creates_urgency; original:uses_deadline_or_expiry; original:contains_all_caps_or_exclamation_emphasis; original:asks_click_link; original:normal_personal_conversation; original:mentions_meeting_family_friends; original:uses_casual_emotional_language; alternative:sms_alt_c02; alternative:sms_alt_c09; alternative:sms_alt_c17; alternative:sms_alt_c25; alternative:sms_alt_c27; alternative:sms_alt_c30; alternative:sms_alt_c34; alternative:sms_alt_c35; alternative:sms_alt_c36
SMS Spam,34,2026,11,9,0.9680,0.9319,0.8824,-0.0054,original:claims_winner_or_selected; original:impersonates_official_entity; original:mentions_money_payment; original:mentions_free_offer; original:mentions_financial_gain_or_cost; original:contains_all_caps_or_exclamation_emphasis; original:requests_personal_information; original:requests_immediate_action; original:normal_personal_conversation; original:uses_casual_emotional_language; original:refers_previous_conversation; alternative:sms_alt_c04; alternative:sms_alt_c09; alternative:sms_alt_c17; alternative:sms_alt_c18; alternative:sms_alt_c19; alternative:sms_alt_c27; alternative:sms_alt_c29; alternative:sms_alt_c33; alternative:sms_alt_c35
SMS Spam,35,2026,11,9,0.9740,0.9414,0.8976,+0.0040,original:mentions_prize_reward_gift; original:claims_winner_or_selected; original:mentions_money_payment; original:mentions_discount_or_rate; original:mentions_financial_gain_or_cost; original:uses_deadline_or_expiry; original:threatens_loss_or_penalty; original:requests_personal_information; original:requests_immediate_action; original:normal_personal_conversation; original:uses_casual_emotional_language; alternative:sms_alt_c02; alternative:sms_alt_c04; alternative:sms_alt_c09; alternative:sms_alt_c12; alternative:sms_alt_c18; alternative:sms_alt_c19; alternative:sms_alt_c20; alternative:sms_alt_c30; alternative:sms_alt_c34
SMS Spam,36,2026,7,13,0.9770,0.9487,0.9105,+0.0113,original:mentions_prize_reward_gift; original:impersonates_official_entity; original:asks_click_link; original:asks_user_reply_or_call; original:requests_personal_information; original:normal_personal_conversation; original:mentions_meeting_family_friends; alternative:sms_alt_c01; alternative:sms_alt_c02; alternative:sms_alt_c04; alternative:sms_alt_c09; alternative:sms_alt_c12; alternative:sms_alt_c17; alternative:sms_alt_c19; alternative:sms_alt_c20; alternative:sms_alt_c25; alternative:sms_alt_c27; alternative:sms_alt_c29; alternative:sms_alt_c33; alternative:sms_alt_c36
SMS Spam,37,2026,9,11,0.9790,0.9534,0.9189,+0.0161,original:impersonates_official_entity; original:mentions_money_payment; original:mentions_financial_gain_or_cost; original:contains_all_caps_or_exclamation_emphasis; original:asks_user_reply_or_call; original:requests_immediate_action; original:mentions_meeting_family_friends; original:uses_casual_emotional_language; original:refers_previous_conversation; alternative:sms_alt_c01; alternative:sms_alt_c03; alternative:sms_alt_c09; alternative:sms_alt_c10; alternative:sms_alt_c12; alternative:sms_alt_c18; alternative:sms_alt_c19; alternative:sms_alt_c25; alternative:sms_alt_c27; alternative:sms_alt_c34; alternative:sms_alt_c36
SMS Spam,38,2026,6,14,0.9770,0.9490,0.9112,+0.0117,original:impersonates_official_entity; original:mentions_money_payment; original:creates_urgency; original:uses_deadline_or_expiry; original:asks_user_reply_or_call; original:refers_previous_conversation; alternative:sms_alt_c01; alternative:sms_alt_c02; alternative:sms_alt_c04; alternative:sms_alt_c09; alternative:sms_alt_c12; alternative:sms_alt_c17; alternative:sms_alt_c18; alternative:sms_alt_c19; alternative:sms_alt_c20; alternative:sms_alt_c25; alternative:sms_alt_c27; alternative:sms_alt_c29; alternative:sms_alt_c35; alternative:sms_alt_c36
SMS Spam,39,2026,11,9,0.9800,0.9546,0.9206,+0.0173,original:impersonates_official_entity; original:uses_promotional_or_marketing_claim; original:mentions_money_payment; original:mentions_free_offer; original:mentions_discount_or_rate; original:mentions_financial_gain_or_cost; original:creates_urgency; original:threatens_loss_or_penalty; original:requests_immediate_action; original:mentions_meeting_family_friends; original:uses_casual_emotional_language; alternative:sms_alt_c11; alternative:sms_alt_c12; alternative:sms_alt_c18; alternative:sms_alt_c25; alternative:sms_alt_c30; alternative:sms_alt_c33; alternative:sms_alt_c34; alternative:sms_alt_c35; alternative:sms_alt_c36
SMS Spam,40,2026,9,11,0.9850,0.9651,0.9388,+0.0278,original:claims_winner_or_selected; original:impersonates_official_entity; original:uses_promotional_or_marketing_claim; original:mentions_free_offer; original:mentions_financial_gain_or_cost; original:asks_user_reply_or_call; original:requests_immediate_action; original:mentions_meeting_family_friends; original:uses_casual_emotional_language; alternative:sms_alt_c02; alternative:sms_alt_c03; alternative:sms_alt_c11; alternative:sms_alt_c12; alternative:sms_alt_c18; alternative:sms_alt_c19; alternative:sms_alt_c25; alternative:sms_alt_c27; alternative:sms_alt_c29; alternative:sms_alt_c30; alternative:sms_alt_c34
SMS Spam,41,2026,9,11,0.9770,0.9487,0.9105,+0.0113,original:mentions_prize_reward_gift; original:mentions_free_offer; original:mentions_discount_or_rate; original:creates_urgency; original:uses_deadline_or_expiry; original:contains_all_caps_or_exclamation_emphasis; original:requests_personal_information; original:requests_immediate_action; original:normal_personal_conversation; alternative:sms_alt_c01; alternative:sms_alt_c02; alternative:sms_alt_c03; alternative:sms_alt_c09; alternative:sms_alt_c10; alternative:sms_alt_c17; alternative:sms_alt_c19; alternative:sms_alt_c20; alternative:sms_alt_c25; alternative:sms_alt_c30; alternative:sms_alt_c35
SMS Spam,42,2026,8,12,0.9860,0.9676,0.9431,+0.0302,original:impersonates_official_entity; original:mentions_money_payment; original:mentions_free_offer; original:mentions_financial_gain_or_cost; original:contains_all_caps_or_exclamation_emphasis; original:asks_click_link; original:requests_personal_information; original:mentions_meeting_family_friends; alternative:sms_alt_c02; alternative:sms_alt_c04; alternative:sms_alt_c09; alternative:sms_alt_c10; alternative:sms_alt_c12; alternative:sms_alt_c19; alternative:sms_alt_c20; alternative:sms_alt_c29; alternative:sms_alt_c30; alternative:sms_alt_c33; alternative:sms_alt_c35; alternative:sms_alt_c36
SMS Spam,43,2026,9,11,0.9810,0.9570,0.9249,+0.0197,original:claims_winner_or_selected; original:impersonates_official_entity; original:mentions_free_offer; original:mentions_discount_or_rate; original:mentions_financial_gain_or_cost; original:uses_deadline_or_expiry; original:asks_click_link; original:mentions_meeting_family_friends; original:uses_casual_emotional_language; alternative:sms_alt_c01; alternative:sms_alt_c03; alternative:sms_alt_c10; alternative:sms_alt_c12; alternative:sms_alt_c17; alternative:sms_alt_c27; alternative:sms_alt_c29; alternative:sms_alt_c30; alternative:sms_alt_c33; alternative:sms_alt_c34; alternative:sms_alt_c35
SMS Spam,44,2026,13,7,0.9720,0.9393,0.8947,+0.0020,original:mentions_prize_reward_gift; original:claims_winner_or_selected; original:uses_promotional_or_marketing_claim; original:mentions_free_offer; original:contains_all_caps_or_exclamation_emphasis; original:asks_click_link; original:asks_user_reply_or_call; original:requests_personal_information; original:requests_immediate_action; original:normal_personal_conversation; original:mentions_meeting_family_friends; original:uses_casual_emotional_language; original:refers_previous_conversation; alternative:sms_alt_c03; alternative:sms_alt_c09; alternative:sms_alt_c11; alternative:sms_alt_c20; alternative:sms_alt_c25; alternative:sms_alt_c27; alternative:sms_alt_c36
SMS Spam,45,2026,10,10,0.9810,0.9567,0.9243,+0.0194,original:uses_promotional_or_marketing_claim; original:mentions_money_payment; original:mentions_free_offer; original:mentions_financial_gain_or_cost; original:creates_urgency; original:uses_deadline_or_expiry; original:asks_user_reply_or_call; original:normal_personal_conversation; original:mentions_meeting_family_friends; original:uses_casual_emotional_language; alternative:sms_alt_c04; alternative:sms_alt_c10; alternative:sms_alt_c12; alternative:sms_alt_c17; alternative:sms_alt_c18; alternative:sms_alt_c19; alternative:sms_alt_c25; alternative:sms_alt_c27; alternative:sms_alt_c29; alternative:sms_alt_c30
SMS Spam,46,2026,11,9,0.9790,0.9525,0.9170,+0.0152,original:uses_promotional_or_marketing_claim; original:mentions_money_payment; original:mentions_free_offer; original:mentions_discount_or_rate; original:mentions_financial_gain_or_cost; original:creates_urgency; original:threatens_loss_or_penalty; original:contains_all_caps_or_exclamation_emphasis; original:asks_click_link; original:normal_personal_conversation; original:refers_previous_conversation; alternative:sms_alt_c02; alternative:sms_alt_c09; alternative:sms_alt_c10; alternative:sms_alt_c11; alternative:sms_alt_c17; alternative:sms_alt_c20; alternative:sms_alt_c25; alternative:sms_alt_c30; alternative:sms_alt_c35
SMS Spam,47,2026,9,11,0.9800,0.9546,0.9206,+0.0173,original:claims_winner_or_selected; original:uses_promotional_or_marketing_claim; original:mentions_financial_gain_or_cost; original:asks_click_link; original:asks_user_reply_or_call; original:requests_immediate_action; original:normal_personal_conversation; original:mentions_meeting_family_friends; original:refers_previous_conversation; alternative:sms_alt_c04; alternative:sms_alt_c09; alternative:sms_alt_c17; alternative:sms_alt_c18; alternative:sms_alt_c19; alternative:sms_alt_c25; alternative:sms_alt_c27; alternative:sms_alt_c29; alternative:sms_alt_c30; alternative:sms_alt_c33; alternative:sms_alt_c36
SMS Spam,48,2026,12,8,0.9720,0.9385,0.8931,+0.0012,original:claims_winner_or_selected; original:impersonates_official_entity; original:uses_promotional_or_marketing_claim; original:mentions_free_offer; original:mentions_discount_or_rate; original:uses_deadline_or_expiry; original:threatens_loss_or_penalty; original:asks_click_link; original:requests_personal_information; original:requests_immediate_action; original:mentions_meeting_family_friends; original:refers_previous_conversation; alternative:sms_alt_c02; alternative:sms_alt_c03; alternative:sms_alt_c11; alternative:sms_alt_c19; alternative:sms_alt_c20; alternative:sms_alt_c25; alternative:sms_alt_c29; alternative:sms_alt_c33
SMS Spam,49,2026,11,9,0.9540,0.9062,0.8392,-0.0312,original:mentions_prize_reward_gift; original:claims_winner_or_selected; original:mentions_money_payment; original:mentions_discount_or_rate; original:creates_urgency; original:uses_deadline_or_expiry; original:threatens_loss_or_penalty; original:asks_click_link; original:requests_personal_information; original:mentions_meeting_family_friends; original:refers_previous_conversation; alternative:sms_alt_c04; alternative:sms_alt_c10; alternative:sms_alt_c11; alternative:sms_alt_c17; alternative:sms_alt_c19; alternative:sms_alt_c25; alternative:sms_alt_c33; alternative:sms_alt_c35; alternative:sms_alt_c36
SMS Spam,50,2026,8,12,0.9800,0.9552,0.9219,+0.0179,original:claims_winner_or_selected; original:uses_promotional_or_marketing_claim; original:mentions_discount_or_rate; original:threatens_loss_or_penalty; original:requests_personal_information; original:requests_immediate_action; original:mentions_meeting_family_friends; original:uses_casual_emotional_language; alternative:sms_alt_c04; alternative:sms_alt_c09; alternative:sms_alt_c12; alternative:sms_alt_c17; alternative:sms_alt_c18; alternative:sms_alt_c19; alternative:sms_alt_c25; alternative:sms_alt_c27; alternative:sms_alt_c29; alternative:sms_alt_c33; alternative:sms_alt_c34; alternative:sms_alt_c35
SMS Spam,51,2026,9,11,0.9810,0.9581,0.9272,+0.0208,original:mentions_prize_reward_gift; original:impersonates_official_entity; original:mentions_money_payment; original:mentions_financial_gain_or_cost; original:creates_urgency; original:threatens_loss_or_penalty; original:asks_user_reply_or_call; original:uses_casual_emotional_language; original:refers_previous_conversation; alternative:sms_alt_c01; alternative:sms_alt_c02; alternative:sms_alt_c03; alternative:sms_alt_c04; alternative:sms_alt_c11; alternative:sms_alt_c12; alternative:sms_alt_c17; alternative:sms_alt_c19; alternative:sms_alt_c20; alternative:sms_alt_c27; alternative:sms_alt_c34
SMS Spam,52,2026,15,5,0.9720,0.9393,0.8947,+0.0020,original:impersonates_official_entity; original:uses_promotional_or_marketing_claim; original:mentions_free_offer; original:mentions_discount_or_rate; original:mentions_financial_gain_or_cost; original:creates_urgency; original:threatens_loss_or_penalty; original:contains_all_caps_or_exclamation_emphasis; original:asks_user_reply_or_call; original:requests_personal_information; original:requests_immediate_action; original:normal_personal_conversation; original:mentions_meeting_family_friends; original:uses_casual_emotional_language; original:refers_previous_conversation; alternative:sms_alt_c01; alternative:sms_alt_c03; alternative:sms_alt_c09; alternative:sms_alt_c10; alternative:sms_alt_c11
SMS Spam,53,2026,11,9,0.9750,0.9446,0.9035,+0.0072,original:mentions_prize_reward_gift; original:mentions_money_payment; original:mentions_discount_or_rate; original:creates_urgency; original:uses_deadline_or_expiry; original:threatens_loss_or_penalty; original:asks_click_link; original:asks_user_reply_or_call; original:normal_personal_conversation; original:mentions_meeting_family_friends; original:uses_casual_emotional_language; alternative:sms_alt_c01; alternative:sms_alt_c02; alternative:sms_alt_c09; alternative:sms_alt_c17; alternative:sms_alt_c19; alternative:sms_alt_c25; alternative:sms_alt_c30; alternative:sms_alt_c33; alternative:sms_alt_c34
SMS Spam,54,2026,9,11,0.9760,0.9473,0.9084,+0.0100,original:claims_winner_or_selected; original:uses_promotional_or_marketing_claim; original:mentions_money_payment; original:creates_urgency; original:uses_deadline_or_expiry; original:threatens_loss_or_penalty; original:asks_user_reply_or_call; original:mentions_meeting_family_friends; original:refers_previous_conversation; alternative:sms_alt_c01; alternative:sms_alt_c02; alternative:sms_alt_c09; alternative:sms_alt_c10; alternative:sms_alt_c18; alternative:sms_alt_c19; alternative:sms_alt_c25; alternative:sms_alt_c33; alternative:sms_alt_c34; alternative:sms_alt_c35; alternative:sms_alt_c36
SMS Spam,55,2026,10,10,0.9800,0.9558,0.9231,+0.0185,original:uses_promotional_or_marketing_claim; original:mentions_money_payment; original:mentions_discount_or_rate; original:mentions_financial_gain_or_cost; original:uses_deadline_or_expiry; original:asks_click_link; original:asks_user_reply_or_call; original:requests_immediate_action; original:normal_personal_conversation; original:uses_casual_emotional_language; alternative:sms_alt_c01; alternative:sms_alt_c04; alternative:sms_alt_c09; alternative:sms_alt_c10; alternative:sms_alt_c11; alternative:sms_alt_c12; alternative:sms_alt_c19; alternative:sms_alt_c20; alternative:sms_alt_c27; alternative:sms_alt_c35
SMS Spam,56,2026,11,9,0.9770,0.9493,0.9119,+0.0120,original:mentions_prize_reward_gift; original:impersonates_official_entity; original:uses_promotional_or_marketing_claim; original:mentions_free_offer; original:mentions_discount_or_rate; original:creates_urgency; original:threatens_loss_or_penalty; original:requests_immediate_action; original:normal_personal_conversation; original:uses_casual_emotional_language; original:refers_previous_conversation; alternative:sms_alt_c02; alternative:sms_alt_c03; alternative:sms_alt_c04; alternative:sms_alt_c12; alternative:sms_alt_c27; alternative:sms_alt_c29; alternative:sms_alt_c33; alternative:sms_alt_c34; alternative:sms_alt_c36
SMS Spam,57,2026,10,10,0.9760,0.9476,0.9091,+0.0103,original:claims_winner_or_selected; original:impersonates_official_entity; original:mentions_money_payment; original:mentions_financial_gain_or_cost; original:creates_urgency; original:contains_all_caps_or_exclamation_emphasis; original:asks_click_link; original:normal_personal_conversation; original:uses_casual_emotional_language; original:refers_previous_conversation; alternative:sms_alt_c01; alternative:sms_alt_c03; alternative:sms_alt_c09; alternative:sms_alt_c10; alternative:sms_alt_c12; alternative:sms_alt_c19; alternative:sms_alt_c27; alternative:sms_alt_c29; alternative:sms_alt_c35; alternative:sms_alt_c36
SMS Spam,58,2026,10,10,0.9800,0.9543,0.9200,+0.0170,original:mentions_prize_reward_gift; original:claims_winner_or_selected; original:impersonates_official_entity; original:mentions_money_payment; original:uses_deadline_or_expiry; original:contains_all_caps_or_exclamation_emphasis; original:requests_personal_information; original:mentions_meeting_family_friends; original:uses_casual_emotional_language; original:refers_previous_conversation; alternative:sms_alt_c04; alternative:sms_alt_c09; alternative:sms_alt_c10; alternative:sms_alt_c11; alternative:sms_alt_c20; alternative:sms_alt_c25; alternative:sms_alt_c29; alternative:sms_alt_c30; alternative:sms_alt_c33; alternative:sms_alt_c35
SMS Spam,59,2026,9,11,0.9780,0.9504,0.9134,+0.0131,original:mentions_prize_reward_gift; original:uses_promotional_or_marketing_claim; original:creates_urgency; original:threatens_loss_or_penalty; original:contains_all_caps_or_exclamation_emphasis; original:asks_user_reply_or_call; original:normal_personal_conversation; original:uses_casual_emotional_language; original:refers_previous_conversation; alternative:sms_alt_c01; alternative:sms_alt_c02; alternative:sms_alt_c04; alternative:sms_alt_c10; alternative:sms_alt_c11; alternative:sms_alt_c12; alternative:sms_alt_c18; alternative:sms_alt_c20; alternative:sms_alt_c25; alternative:sms_alt_c29; alternative:sms_alt_c30
SMS Spam,60,2026,8,12,0.9840,0.9632,0.9355,+0.0258,original:mentions_prize_reward_gift; original:impersonates_official_entity; original:mentions_money_payment; original:mentions_financial_gain_or_cost; original:uses_deadline_or_expiry; original:requests_immediate_action; original:mentions_meeting_family_friends; original:refers_previous_conversation; alternative:sms_alt_c01; alternative:sms_alt_c03; alternative:sms_alt_c09; alternative:sms_alt_c10; alternative:sms_alt_c11; alternative:sms_alt_c20; alternative:sms_alt_c27; alternative:sms_alt_c29; alternative:sms_alt_c30; alternative:sms_alt_c34; alternative:sms_alt_c35; alternative:sms_alt_c36
SMS Spam,61,2026,10,10,0.9830,0.9613,0.9323,+0.0239,original:uses_promotional_or_marketing_claim; original:mentions_free_offer; original:mentions_discount_or_rate; original:uses_deadline_or_expiry; original:threatens_loss_or_penalty; original:contains_all_caps_or_exclamation_emphasis; original:asks_click_link; original:asks_user_reply_or_call; original:requests_immediate_action; original:refers_previous_conversation; alternative:sms_alt_c02; alternative:sms_alt_c03; alternative:sms_alt_c11; alternative:sms_alt_c18; alternative:sms_alt_c19; alternative:sms_alt_c25; alternative:sms_alt_c30; alternative:sms_alt_c33; alternative:sms_alt_c35; alternative:sms_alt_c36
SMS Spam,62,2026,11,9,0.9800,0.9543,0.9200,+0.0170,original:impersonates_official_entity; original:uses_promotional_or_marketing_claim; original:mentions_money_payment; original:mentions_free_offer; original:creates_urgency; original:uses_deadline_or_expiry; original:contains_all_caps_or_exclamation_emphasis; original:asks_user_reply_or_call; original:mentions_meeting_family_friends; original:uses_casual_emotional_language; original:refers_previous_conversation; alternative:sms_alt_c02; alternative:sms_alt_c04; alternative:sms_alt_c09; alternative:sms_alt_c11; alternative:sms_alt_c19; alternative:sms_alt_c25; alternative:sms_alt_c30; alternative:sms_alt_c35; alternative:sms_alt_c36
SMS Spam,63,2026,12,8,0.9870,0.9702,0.9478,+0.0329,original:claims_winner_or_selected; original:impersonates_official_entity; original:uses_promotional_or_marketing_claim; original:mentions_free_offer; original:creates_urgency; original:uses_deadline_or_expiry; original:threatens_loss_or_penalty; original:asks_user_reply_or_call; original:requests_personal_information; original:requests_immediate_action; original:mentions_meeting_family_friends; original:uses_casual_emotional_language; alternative:sms_alt_c03; alternative:sms_alt_c04; alternative:sms_alt_c10; alternative:sms_alt_c11; alternative:sms_alt_c12; alternative:sms_alt_c27; alternative:sms_alt_c30; alternative:sms_alt_c33
SMS Spam,64,2026,12,8,0.9760,0.9462,0.9062,+0.0089,original:impersonates_official_entity; original:uses_promotional_or_marketing_claim; original:mentions_money_payment; original:mentions_discount_or_rate; original:mentions_financial_gain_or_cost; original:creates_urgency; original:contains_all_caps_or_exclamation_emphasis; original:asks_click_link; original:requests_personal_information; original:requests_immediate_action; original:uses_casual_emotional_language; original:refers_previous_conversation; alternative:sms_alt_c01; alternative:sms_alt_c02; alternative:sms_alt_c09; alternative:sms_alt_c10; alternative:sms_alt_c25; alternative:sms_alt_c27; alternative:sms_alt_c33; alternative:sms_alt_c35
SMS Spam,65,2026,10,10,0.9780,0.9510,0.9147,+0.0137,original:mentions_money_payment; original:mentions_free_offer; original:mentions_financial_gain_or_cost; original:creates_urgency; original:uses_deadline_or_expiry; original:contains_all_caps_or_exclamation_emphasis; original:asks_click_link; original:requests_personal_information; original:mentions_meeting_family_friends; original:refers_previous_conversation; alternative:sms_alt_c01; alternative:sms_alt_c10; alternative:sms_alt_c12; alternative:sms_alt_c18; alternative:sms_alt_c19; alternative:sms_alt_c25; alternative:sms_alt_c27; alternative:sms_alt_c33; alternative:sms_alt_c35; alternative:sms_alt_c36
SMS Spam,66,2026,11,9,0.9730,0.9401,0.8958,+0.0028,original:mentions_prize_reward_gift; original:impersonates_official_entity; original:mentions_money_payment; original:mentions_discount_or_rate; original:mentions_financial_gain_or_cost; original:creates_urgency; original:threatens_loss_or_penalty; original:asks_click_link; original:asks_user_reply_or_call; original:normal_personal_conversation; original:uses_casual_emotional_language; alternative:sms_alt_c01; alternative:sms_alt_c04; alternative:sms_alt_c11; alternative:sms_alt_c17; alternative:sms_alt_c18; alternative:sms_alt_c25; alternative:sms_alt_c29; alternative:sms_alt_c30; alternative:sms_alt_c35
SMS Spam,67,2026,9,11,0.9690,0.9342,0.8864,-0.0031,original:claims_winner_or_selected; original:mentions_free_offer; original:mentions_discount_or_rate; original:mentions_financial_gain_or_cost; original:creates_urgency; original:uses_deadline_or_expiry; original:threatens_loss_or_penalty; original:requests_personal_information; original:normal_personal_conversation; alternative:sms_alt_c01; alternative:sms_alt_c02; alternative:sms_alt_c03; alternative:sms_alt_c09; alternative:sms_alt_c10; alternative:sms_alt_c12; alternative:sms_alt_c20; alternative:sms_alt_c29; alternative:sms_alt_c33; alternative:sms_alt_c35; alternative:sms_alt_c36
SMS Spam,68,2026,9,11,0.9720,0.9397,0.8955,+0.0024,original:claims_winner_or_selected; original:impersonates_official_entity; original:uses_promotional_or_marketing_claim; original:mentions_free_offer; original:mentions_financial_gain_or_cost; original:creates_urgency; original:threatens_loss_or_penalty; original:normal_personal_conversation; original:mentions_meeting_family_friends; alternative:sms_alt_c01; alternative:sms_alt_c03; alternative:sms_alt_c04; alternative:sms_alt_c09; alternative:sms_alt_c10; alternative:sms_alt_c17; alternative:sms_alt_c19; alternative:sms_alt_c20; alternative:sms_alt_c25; alternative:sms_alt_c29; alternative:sms_alt_c36
SMS Spam,69,2026,10,10,0.9780,0.9514,0.9154,+0.0140,original:mentions_prize_reward_gift; original:claims_winner_or_selected; original:impersonates_official_entity; original:uses_promotional_or_marketing_claim; original:mentions_financial_gain_or_cost; original:creates_urgency; original:asks_click_link; original:requests_immediate_action; original:normal_personal_conversation; original:uses_casual_emotional_language; alternative:sms_alt_c04; alternative:sms_alt_c11; alternative:sms_alt_c12; alternative:sms_alt_c17; alternative:sms_alt_c18; alternative:sms_alt_c20; alternative:sms_alt_c30; alternative:sms_alt_c33; alternative:sms_alt_c35; alternative:sms_alt_c36
SMS Spam,70,2026,11,9,0.9820,0.9589,0.9280,+0.0215,original:mentions_prize_reward_gift; original:uses_promotional_or_marketing_claim; original:mentions_money_payment; original:mentions_free_offer; original:mentions_discount_or_rate; original:creates_urgency; original:uses_deadline_or_expiry; original:threatens_loss_or_penalty; original:asks_user_reply_or_call; original:requests_personal_information; original:requests_immediate_action; alternative:sms_alt_c03; alternative:sms_alt_c09; alternative:sms_alt_c10; alternative:sms_alt_c27; alternative:sms_alt_c30; alternative:sms_alt_c33; alternative:sms_alt_c34; alternative:sms_alt_c35; alternative:sms_alt_c36
SMS Spam,71,2026,8,12,0.9810,0.9573,0.9255,+0.0200,original:claims_winner_or_selected; original:impersonates_official_entity; original:uses_promotional_or_marketing_claim; original:mentions_money_payment; original:creates_urgency; original:uses_deadline_or_expiry; original:asks_user_reply_or_call; original:refers_previous_conversation; alternative:sms_alt_c01; alternative:sms_alt_c04; alternative:sms_alt_c09; alternative:sms_alt_c10; alternative:sms_alt_c11; alternative:sms_alt_c12; alternative:sms_alt_c17; alternative:sms_alt_c19; alternative:sms_alt_c25; alternative:sms_alt_c27; alternative:sms_alt_c29; alternative:sms_alt_c36
SMS Spam,72,2026,11,9,0.9800,0.9552,0.9219,+0.0179,original:mentions_prize_reward_gift; original:claims_winner_or_selected; original:impersonates_official_entity; original:uses_promotional_or_marketing_claim; original:mentions_money_payment; original:mentions_discount_or_rate; original:uses_deadline_or_expiry; original:threatens_loss_or_penalty; original:mentions_meeting_family_friends; original:uses_casual_emotional_language; original:refers_previous_conversation; alternative:sms_alt_c01; alternative:sms_alt_c02; alternative:sms_alt_c03; alternative:sms_alt_c10; alternative:sms_alt_c12; alternative:sms_alt_c18; alternative:sms_alt_c29; alternative:sms_alt_c33; alternative:sms_alt_c35
SMS Spam,73,2026,12,8,0.9800,0.9549,0.9213,+0.0176,original:mentions_prize_reward_gift; original:claims_winner_or_selected; original:impersonates_official_entity; original:mentions_money_payment; original:mentions_free_offer; original:mentions_financial_gain_or_cost; original:threatens_loss_or_penalty; original:asks_user_reply_or_call; original:requests_personal_information; original:normal_personal_conversation; original:uses_casual_emotional_language; original:refers_previous_conversation; alternative:sms_alt_c01; alternative:sms_alt_c02; alternative:sms_alt_c12; alternative:sms_alt_c19; alternative:sms_alt_c20; alternative:sms_alt_c27; alternative:sms_alt_c29; alternative:sms_alt_c30
SMS Spam,74,2026,6,14,0.9830,0.9610,0.9317,+0.0237,original:mentions_prize_reward_gift; original:claims_winner_or_selected; original:impersonates_official_entity; original:contains_all_caps_or_exclamation_emphasis; original:requests_personal_information; original:uses_casual_emotional_language; alternative:sms_alt_c02; alternative:sms_alt_c04; alternative:sms_alt_c09; alternative:sms_alt_c10; alternative:sms_alt_c11; alternative:sms_alt_c12; alternative:sms_alt_c17; alternative:sms_alt_c18; alternative:sms_alt_c19; alternative:sms_alt_c20; alternative:sms_alt_c25; alternative:sms_alt_c27; alternative:sms_alt_c30; alternative:sms_alt_c34
SMS Spam,75,2026,11,9,0.9770,0.9487,0.9105,+0.0113,original:mentions_prize_reward_gift; original:uses_promotional_or_marketing_claim; original:mentions_money_payment; original:mentions_discount_or_rate; original:mentions_financial_gain_or_cost; original:uses_deadline_or_expiry; original:asks_user_reply_or_call; original:requests_immediate_action; original:normal_personal_conversation; original:mentions_meeting_family_friends; original:refers_previous_conversation; alternative:sms_alt_c01; alternative:sms_alt_c03; alternative:sms_alt_c11; alternative:sms_alt_c12; alternative:sms_alt_c18; alternative:sms_alt_c20; alternative:sms_alt_c25; alternative:sms_alt_c30; alternative:sms_alt_c33
SMS Spam,76,2026,9,11,0.9880,0.9720,0.9508,+0.0347,original:mentions_prize_reward_gift; original:impersonates_official_entity; original:uses_promotional_or_marketing_claim; original:mentions_money_payment; original:uses_deadline_or_expiry; original:contains_all_caps_or_exclamation_emphasis; original:asks_user_reply_or_call; original:requests_immediate_action; original:refers_previous_conversation; alternative:sms_alt_c02; alternative:sms_alt_c09; alternative:sms_alt_c10; alternative:sms_alt_c12; alternative:sms_alt_c20; alternative:sms_alt_c27; alternative:sms_alt_c29; alternative:sms_alt_c30; alternative:sms_alt_c33; alternative:sms_alt_c35; alternative:sms_alt_c36
SMS Spam,77,2026,12,8,0.9690,0.9338,0.8856,-0.0035,original:impersonates_official_entity; original:mentions_money_payment; original:mentions_discount_or_rate; original:mentions_financial_gain_or_cost; original:uses_deadline_or_expiry; original:threatens_loss_or_penalty; original:contains_all_caps_or_exclamation_emphasis; original:requests_immediate_action; original:normal_personal_conversation; original:mentions_meeting_family_friends; original:uses_casual_emotional_language; original:refers_previous_conversation; alternative:sms_alt_c12; alternative:sms_alt_c18; alternative:sms_alt_c19; alternative:sms_alt_c20; alternative:sms_alt_c27; alternative:sms_alt_c33; alternative:sms_alt_c34; alternative:sms_alt_c36
SMS Spam,78,2026,10,10,0.9730,0.9401,0.8958,+0.0028,original:claims_winner_or_selected; original:impersonates_official_entity; original:uses_promotional_or_marketing_claim; original:mentions_money_payment; original:uses_deadline_or_expiry; original:threatens_loss_or_penalty; original:asks_click_link; original:asks_user_reply_or_call; original:requests_immediate_action; original:mentions_meeting_family_friends; alternative:sms_alt_c01; alternative:sms_alt_c02; alternative:sms_alt_c04; alternative:sms_alt_c09; alternative:sms_alt_c11; alternative:sms_alt_c20; alternative:sms_alt_c29; alternative:sms_alt_c33; alternative:sms_alt_c34; alternative:sms_alt_c36
SMS Spam,79,2026,10,10,0.9810,0.9576,0.9261,+0.0203,original:claims_winner_or_selected; original:impersonates_official_entity; original:uses_promotional_or_marketing_claim; original:mentions_discount_or_rate; original:creates_urgency; original:uses_deadline_or_expiry; original:threatens_loss_or_penalty; original:normal_personal_conversation; original:mentions_meeting_family_friends; original:uses_casual_emotional_language; alternative:sms_alt_c01; alternative:sms_alt_c02; alternative:sms_alt_c03; alternative:sms_alt_c11; alternative:sms_alt_c18; alternative:sms_alt_c19; alternative:sms_alt_c20; alternative:sms_alt_c25; alternative:sms_alt_c29; alternative:sms_alt_c30
SMS Spam,80,2026,11,9,0.9700,0.9358,0.8889,-0.0016,original:mentions_prize_reward_gift; original:mentions_free_offer; original:mentions_discount_or_rate; original:creates_urgency; original:contains_all_caps_or_exclamation_emphasis; original:asks_click_link; original:asks_user_reply_or_call; original:requests_immediate_action; original:normal_personal_conversation; original:uses_casual_emotional_language; original:refers_previous_conversation; alternative:sms_alt_c12; alternative:sms_alt_c17; alternative:sms_alt_c18; alternative:sms_alt_c19; alternative:sms_alt_c25; alternative:sms_alt_c27; alternative:sms_alt_c33; alternative:sms_alt_c35; alternative:sms_alt_c36
SMS Spam,81,2026,10,10,0.9770,0.9483,0.9098,+0.0110,original:mentions_prize_reward_gift; original:claims_winner_or_selected; original:impersonates_official_entity; original:mentions_money_payment; original:mentions_free_offer; original:uses_deadline_or_expiry; original:contains_all_caps_or_exclamation_emphasis; original:requests_immediate_action; original:normal_personal_conversation; original:refers_previous_conversation; alternative:sms_alt_c01; alternative:sms_alt_c04; alternative:sms_alt_c09; alternative:sms_alt_c10; alternative:sms_alt_c11; alternative:sms_alt_c19; alternative:sms_alt_c20; alternative:sms_alt_c29; alternative:sms_alt_c30; alternative:sms_alt_c36
SMS Spam,82,2026,6,14,0.9840,0.9634,0.9360,+0.0261,original:mentions_prize_reward_gift; original:uses_promotional_or_marketing_claim; original:mentions_discount_or_rate; original:asks_click_link; original:requests_immediate_action; original:uses_casual_emotional_language; alternative:sms_alt_c02; alternative:sms_alt_c03; alternative:sms_alt_c09; alternative:sms_alt_c10; alternative:sms_alt_c11; alternative:sms_alt_c12; alternative:sms_alt_c17; alternative:sms_alt_c18; alternative:sms_alt_c19; alternative:sms_alt_c27; alternative:sms_alt_c30; alternative:sms_alt_c34; alternative:sms_alt_c35; alternative:sms_alt_c36
SMS Spam,83,2026,9,11,0.9810,0.9561,0.9231,+0.0188,original:impersonates_official_entity; original:mentions_money_payment; original:mentions_free_offer; original:mentions_financial_gain_or_cost; original:creates_urgency; original:threatens_loss_or_penalty; original:requests_personal_information; original:mentions_meeting_family_friends; original:uses_casual_emotional_language; alternative:sms_alt_c02; alternative:sms_alt_c09; alternative:sms_alt_c10; alternative:sms_alt_c11; alternative:sms_alt_c12; alternative:sms_alt_c17; alternative:sms_alt_c18; alternative:sms_alt_c20; alternative:sms_alt_c25; alternative:sms_alt_c27; alternative:sms_alt_c36
SMS Spam,84,2026,9,11,0.9810,0.9570,0.9249,+0.0197,original:claims_winner_or_selected; original:uses_promotional_or_marketing_claim; original:mentions_money_payment; original:mentions_financial_gain_or_cost; original:uses_deadline_or_expiry; original:contains_all_caps_or_exclamation_emphasis; original:asks_click_link; original:requests_personal_information; original:refers_previous_conversation; alternative:sms_alt_c01; alternative:sms_alt_c02; alternative:sms_alt_c04; alternative:sms_alt_c11; alternative:sms_alt_c18; alternative:sms_alt_c19; alternative:sms_alt_c20; alternative:sms_alt_c27; alternative:sms_alt_c30; alternative:sms_alt_c35; alternative:sms_alt_c36
SMS Spam,85,2026,10,10,0.9680,0.9319,0.8824,-0.0054,original:mentions_prize_reward_gift; original:claims_winner_or_selected; original:uses_promotional_or_marketing_claim; original:mentions_money_payment; original:contains_all_caps_or_exclamation_emphasis; original:asks_click_link; original:requests_personal_information; original:normal_personal_conversation; original:mentions_meeting_family_friends; original:uses_casual_emotional_language; alternative:sms_alt_c01; alternative:sms_alt_c02; alternative:sms_alt_c09; alternative:sms_alt_c10; alternative:sms_alt_c12; alternative:sms_alt_c17; alternative:sms_alt_c18; alternative:sms_alt_c19; alternative:sms_alt_c34; alternative:sms_alt_c35
SMS Spam,86,2026,8,12,0.9740,0.9440,0.9030,+0.0067,original:mentions_prize_reward_gift; original:mentions_discount_or_rate; original:mentions_financial_gain_or_cost; original:creates_urgency; original:contains_all_caps_or_exclamation_emphasis; original:requests_personal_information; original:normal_personal_conversation; original:uses_casual_emotional_language; alternative:sms_alt_c01; alternative:sms_alt_c04; alternative:sms_alt_c09; alternative:sms_alt_c10; alternative:sms_alt_c17; alternative:sms_alt_c18; alternative:sms_alt_c19; alternative:sms_alt_c27; alternative:sms_alt_c33; alternative:sms_alt_c34; alternative:sms_alt_c35; alternative:sms_alt_c36
SMS Spam,87,2026,10,10,0.9810,0.9567,0.9243,+0.0194,original:mentions_prize_reward_gift; original:uses_promotional_or_marketing_claim; original:mentions_money_payment; original:mentions_free_offer; original:mentions_financial_gain_or_cost; original:creates_urgency; original:uses_deadline_or_expiry; original:threatens_loss_or_penalty; original:asks_click_link; original:asks_user_reply_or_call; alternative:sms_alt_c01; alternative:sms_alt_c02; alternative:sms_alt_c03; alternative:sms_alt_c04; alternative:sms_alt_c17; alternative:sms_alt_c19; alternative:sms_alt_c25; alternative:sms_alt_c29; alternative:sms_alt_c30; alternative:sms_alt_c36
SMS Spam,88,2026,11,9,0.9820,0.9586,0.9274,+0.0212,original:mentions_prize_reward_gift; original:claims_winner_or_selected; original:uses_promotional_or_marketing_claim; original:mentions_free_offer; original:creates_urgency; original:uses_deadline_or_expiry; original:threatens_loss_or_penalty; original:asks_click_link; original:requests_personal_information; original:requests_immediate_action; original:refers_previous_conversation; alternative:sms_alt_c01; alternative:sms_alt_c11; alternative:sms_alt_c12; alternative:sms_alt_c18; alternative:sms_alt_c19; alternative:sms_alt_c20; alternative:sms_alt_c27; alternative:sms_alt_c29; alternative:sms_alt_c30
SMS Spam,89,2026,10,10,0.9820,0.9589,0.9280,+0.0215,original:mentions_prize_reward_gift; original:claims_winner_or_selected; original:impersonates_official_entity; original:mentions_free_offer; original:mentions_discount_or_rate; original:uses_deadline_or_expiry; original:threatens_loss_or_penalty; original:asks_click_link; original:normal_personal_conversation; original:mentions_meeting_family_friends; alternative:sms_alt_c03; alternative:sms_alt_c04; alternative:sms_alt_c11; alternative:sms_alt_c17; alternative:sms_alt_c18; alternative:sms_alt_c27; alternative:sms_alt_c29; alternative:sms_alt_c30; alternative:sms_alt_c34; alternative:sms_alt_c35
SMS Spam,90,2026,11,9,0.9760,0.9469,0.9077,+0.0096,original:impersonates_official_entity; original:uses_promotional_or_marketing_claim; original:mentions_free_offer; original:uses_deadline_or_expiry; original:threatens_loss_or_penalty; original:contains_all_caps_or_exclamation_emphasis; original:asks_click_link; original:asks_user_reply_or_call; original:requests_personal_information; original:normal_personal_conversation; original:refers_previous_conversation; alternative:sms_alt_c02; alternative:sms_alt_c09; alternative:sms_alt_c18; alternative:sms_alt_c19; alternative:sms_alt_c29; alternative:sms_alt_c30; alternative:sms_alt_c33; alternative:sms_alt_c34; alternative:sms_alt_c35
SMS Spam,91,2026,8,12,0.9800,0.9549,0.9213,+0.0176,original:mentions_money_payment; original:mentions_discount_or_rate; original:uses_deadline_or_expiry; original:threatens_loss_or_penalty; original:asks_click_link; original:asks_user_reply_or_call; original:uses_casual_emotional_language; original:refers_previous_conversation; alternative:sms_alt_c03; alternative:sms_alt_c04; alternative:sms_alt_c11; alternative:sms_alt_c17; alternative:sms_alt_c18; alternative:sms_alt_c19; alternative:sms_alt_c27; alternative:sms_alt_c30; alternative:sms_alt_c33; alternative:sms_alt_c34; alternative:sms_alt_c35; alternative:sms_alt_c36
SMS Spam,92,2026,13,7,0.9780,0.9507,0.9141,+0.0134,original:mentions_prize_reward_gift; original:claims_winner_or_selected; original:mentions_money_payment; original:mentions_free_offer; original:mentions_financial_gain_or_cost; original:creates_urgency; original:uses_deadline_or_expiry; original:threatens_loss_or_penalty; original:asks_click_link; original:requests_immediate_action; original:normal_personal_conversation; original:mentions_meeting_family_friends; original:refers_previous_conversation; alternative:sms_alt_c01; alternative:sms_alt_c11; alternative:sms_alt_c12; alternative:sms_alt_c17; alternative:sms_alt_c27; alternative:sms_alt_c30; alternative:sms_alt_c33
SMS Spam,93,2026,7,13,0.9710,0.9377,0.8922,+0.0004,original:mentions_free_offer; original:mentions_financial_gain_or_cost; original:creates_urgency; original:contains_all_caps_or_exclamation_emphasis; original:asks_click_link; original:normal_personal_conversation; original:uses_casual_emotional_language; alternative:sms_alt_c01; alternative:sms_alt_c02; alternative:sms_alt_c04; alternative:sms_alt_c09; alternative:sms_alt_c10; alternative:sms_alt_c11; alternative:sms_alt_c12; alternative:sms_alt_c19; alternative:sms_alt_c25; alternative:sms_alt_c29; alternative:sms_alt_c33; alternative:sms_alt_c34; alternative:sms_alt_c36
SMS Spam,94,2026,12,8,0.9790,0.9528,0.9176,+0.0155,original:impersonates_official_entity; original:uses_promotional_or_marketing_claim; original:mentions_discount_or_rate; original:mentions_financial_gain_or_cost; original:uses_deadline_or_expiry; original:contains_all_caps_or_exclamation_emphasis; original:asks_click_link; original:asks_user_reply_or_call; original:requests_personal_information; original:requests_immediate_action; original:mentions_meeting_family_friends; original:uses_casual_emotional_language; alternative:sms_alt_c01; alternative:sms_alt_c09; alternative:sms_alt_c17; alternative:sms_alt_c29; alternative:sms_alt_c30; alternative:sms_alt_c33; alternative:sms_alt_c35; alternative:sms_alt_c36
SMS Spam,95,2026,11,9,0.9810,0.9573,0.9255,+0.0200,original:mentions_prize_reward_gift; original:impersonates_official_entity; original:uses_promotional_or_marketing_claim; original:mentions_money_payment; original:mentions_free_offer; original:threatens_loss_or_penalty; original:contains_all_caps_or_exclamation_emphasis; original:asks_click_link; original:asks_user_reply_or_call; original:requests_personal_information; original:uses_casual_emotional_language; alternative:sms_alt_c01; alternative:sms_alt_c04; alternative:sms_alt_c09; alternative:sms_alt_c10; alternative:sms_alt_c18; alternative:sms_alt_c19; alternative:sms_alt_c25; alternative:sms_alt_c27; alternative:sms_alt_c34
SMS Spam,96,2026,12,8,0.9720,0.9385,0.8931,+0.0012,original:claims_winner_or_selected; original:uses_promotional_or_marketing_claim; original:mentions_free_offer; original:mentions_discount_or_rate; original:creates_urgency; original:uses_deadline_or_expiry; original:threatens_loss_or_penalty; original:contains_all_caps_or_exclamation_emphasis; original:asks_click_link; original:requests_personal_information; original:mentions_meeting_family_friends; original:refers_previous_conversation; alternative:sms_alt_c01; alternative:sms_alt_c03; alternative:sms_alt_c09; alternative:sms_alt_c17; alternative:sms_alt_c18; alternative:sms_alt_c29; alternative:sms_alt_c34; alternative:sms_alt_c35
SMS Spam,97,2026,9,11,0.9690,0.9330,0.8839,-0.0043,original:mentions_prize_reward_gift; original:impersonates_official_entity; original:uses_promotional_or_marketing_claim; original:mentions_financial_gain_or_cost; original:contains_all_caps_or_exclamation_emphasis; original:asks_user_reply_or_call; original:requests_immediate_action; original:normal_personal_conversation; original:refers_previous_conversation; alternative:sms_alt_c01; alternative:sms_alt_c03; alternative:sms_alt_c11; alternative:sms_alt_c17; alternative:sms_alt_c18; alternative:sms_alt_c19; alternative:sms_alt_c20; alternative:sms_alt_c29; alternative:sms_alt_c34; alternative:sms_alt_c35; alternative:sms_alt_c36
SMS Spam,98,2026,9,11,0.9790,0.9525,0.9170,+0.0152,original:claims_winner_or_selected; original:impersonates_official_entity; original:mentions_money_payment; original:uses_deadline_or_expiry; original:threatens_loss_or_penalty; original:contains_all_caps_or_exclamation_emphasis; original:requests_immediate_action; original:normal_personal_conversation; original:mentions_meeting_family_friends; alternative:sms_alt_c02; alternative:sms_alt_c09; alternative:sms_alt_c10; alternative:sms_alt_c11; alternative:sms_alt_c12; alternative:sms_alt_c19; alternative:sms_alt_c27; alternative:sms_alt_c30; alternative:sms_alt_c33; alternative:sms_alt_c34; alternative:sms_alt_c36
SMS Spam,99,2026,10,10,0.9780,0.9507,0.9141,+0.0134,original:mentions_prize_reward_gift; original:impersonates_official_entity; original:mentions_free_offer; original:mentions_financial_gain_or_cost; original:contains_all_caps_or_exclamation_emphasis; original:asks_click_link; original:normal_personal_conversation; original:mentions_meeting_family_friends; original:uses_casual_emotional_language; original:refers_previous_conversation; alternative:sms_alt_c01; alternative:sms_alt_c04; alternative:sms_alt_c09; alternative:sms_alt_c10; alternative:sms_alt_c11; alternative:sms_alt_c12; alternative:sms_alt_c17; alternative:sms_alt_c27; alternative:sms_alt_c35; alternative:sms_alt_c36
SMS Spam,100,2026,9,11,0.9700,0.9358,0.8889,-0.0016,original:mentions_prize_reward_gift; original:claims_winner_or_selected; original:mentions_discount_or_rate; original:creates_urgency; original:threatens_loss_or_penalty; original:asks_user_reply_or_call; original:requests_personal_information; original:requests_immediate_action; original:normal_personal_conversation; alternative:sms_alt_c01; alternative:sms_alt_c04; alternative:sms_alt_c09; alternative:sms_alt_c12; alternative:sms_alt_c17; alternative:sms_alt_c18; alternative:sms_alt_c19; alternative:sms_alt_c25; alternative:sms_alt_c33; alternative:sms_alt_c35; alternative:sms_alt_c36
SST-2,1,2027,10,10,0.9100,0.9099,0.9131,-0.0251,original:expresses_positive_emotion; original:mentions_enjoyment; original:describes_high_quality; original:expresses_negative_emotion; original:describes_low_quality; original:mentions_bad_acting_or_writing; original:contains_comparison; original:contains_irony_or_sarcasm; original:contains_mixed_sentiment; original:mentions_boredom; alternative:sst2_alt_c03; alternative:sst2_alt_c06; alternative:sst2_alt_c13; alternative:sst2_alt_c14; alternative:sst2_alt_c18; alternative:sst2_alt_c25; alternative:sst2_alt_c31; alternative:sst2_alt_c34; alternative:sst2_alt_c35; alternative:sst2_alt_c38
SST-2,2,2027,8,12,0.9400,0.9390,0.9469,+0.0040,original:contains_praise; original:mentions_enjoyment; original:expresses_negative_emotion; original:mentions_bad_acting_or_writing; original:uses_strong_opinion; original:contains_mixed_sentiment; original:uses_emotional_language; original:sounds_confident; alternative:sst2_alt_c02; alternative:sst2_alt_c06; alternative:sst2_alt_c07; alternative:sst2_alt_c10; alternative:sst2_alt_c11; alternative:sst2_alt_c14; alternative:sst2_alt_c17; alternative:sst2_alt_c18; alternative:sst2_alt_c20; alternative:sst2_alt_c31; alternative:sst2_alt_c34; alternative:sst2_alt_c38
SST-2,3,2027,9,11,0.8740,0.8739,0.8770,-0.0610,original:mentions_enjoyment; original:describes_high_quality; original:mentions_disappointment; original:describes_low_quality; original:mentions_bad_acting_or_writing; original:contains_comparison; original:contains_irony_or_sarcasm; original:sounds_uncertain; original:mentions_boredom; alternative:sst2_alt_c06; alternative:sst2_alt_c07; alternative:sst2_alt_c13; alternative:sst2_alt_c19; alternative:sst2_alt_c25; alternative:sst2_alt_c26; alternative:sst2_alt_c27; alternative:sst2_alt_c31; alternative:sst2_alt_c33; alternative:sst2_alt_c34; alternative:sst2_alt_c35
SST-2,4,2027,8,12,0.9370,0.9358,0.9447,+0.0008,original:describes_high_quality; original:expresses_negative_emotion; original:mentions_disappointment; original:mentions_bad_acting_or_writing; original:uses_emotional_language; original:mentions_exciting_content; original:mentions_boredom; original:sounds_confident; alternative:sst2_alt_c03; alternative:sst2_alt_c07; alternative:sst2_alt_c10; alternative:sst2_alt_c17; alternative:sst2_alt_c19; alternative:sst2_alt_c20; alternative:sst2_alt_c25; alternative:sst2_alt_c26; alternative:sst2_alt_c31; alternative:sst2_alt_c33; alternative:sst2_alt_c34; alternative:sst2_alt_c38
SST-2,5,2027,15,5,0.9430,0.9421,0.9493,+0.0072,original:expresses_positive_emotion; original:contains_praise; original:contains_criticism; original:mentions_disappointment; original:describes_low_quality; original:mentions_good_acting_or_writing; original:mentions_bad_acting_or_writing; original:uses_strong_opinion; original:contains_irony_or_sarcasm; original:contains_mixed_sentiment; original:sounds_uncertain; original:uses_emotional_language; original:mentions_exciting_content; original:mentions_boredom; original:sounds_confident; alternative:sst2_alt_c02; alternative:sst2_alt_c11; alternative:sst2_alt_c25; alternative:sst2_alt_c27; alternative:sst2_alt_c34
SST-2,6,2027,12,8,0.9140,0.9139,0.9173,-0.0211,original:expresses_positive_emotion; original:contains_praise; original:mentions_enjoyment; original:describes_high_quality; original:expresses_negative_emotion; original:contains_criticism; original:mentions_disappointment; original:describes_low_quality; original:mentions_bad_acting_or_writing; original:uses_strong_opinion; original:contains_irony_or_sarcasm; original:uses_emotional_language; alternative:sst2_alt_c02; alternative:sst2_alt_c03; alternative:sst2_alt_c06; alternative:sst2_alt_c11; alternative:sst2_alt_c18; alternative:sst2_alt_c25; alternative:sst2_alt_c26; alternative:sst2_alt_c35
SST-2,7,2027,10,10,0.9430,0.9419,0.9499,+0.0070,original:mentions_enjoyment; original:expresses_negative_emotion; original:contains_criticism; original:mentions_good_acting_or_writing; original:uses_strong_opinion; original:contains_mixed_sentiment; original:sounds_uncertain; original:uses_emotional_language; original:mentions_exciting_content; original:sounds_confident; alternative:sst2_alt_c02; alternative:sst2_alt_c06; alternative:sst2_alt_c07; alternative:sst2_alt_c11; alternative:sst2_alt_c14; alternative:sst2_alt_c17; alternative:sst2_alt_c19; alternative:sst2_alt_c26; alternative:sst2_alt_c27; alternative:sst2_alt_c34
SST-2,8,2027,12,8,0.9110,0.9109,0.9143,-0.0241,original:expresses_positive_emotion; original:contains_praise; original:mentions_enjoyment; original:expresses_negative_emotion; original:describes_low_quality; original:mentions_good_acting_or_writing; original:mentions_bad_acting_or_writing; original:uses_strong_opinion; original:contains_mixed_sentiment; original:uses_emotional_language; original:contains_recommendation; original:sounds_confident; alternative:sst2_alt_c03; alternative:sst2_alt_c06; alternative:sst2_alt_c17; alternative:sst2_alt_c20; alternative:sst2_alt_c25; alternative:sst2_alt_c31; alternative:sst2_alt_c33; alternative:sst2_alt_c34
SST-2,9,2027,11,9,0.9420,0.9410,0.9486,+0.0061,original:expresses_positive_emotion; original:contains_praise; original:mentions_enjoyment; original:expresses_negative_emotion; original:contains_criticism; original:mentions_good_acting_or_writing; original:contains_comparison; original:contains_irony_or_sarcasm; original:contains_mixed_sentiment; original:contains_recommendation; original:mentions_boredom; alternative:sst2_alt_c02; alternative:sst2_alt_c10; alternative:sst2_alt_c11; alternative:sst2_alt_c17; alternative:sst2_alt_c19; alternative:sst2_alt_c20; alternative:sst2_alt_c26; alternative:sst2_alt_c31; alternative:sst2_alt_c34
SST-2,10,2027,12,8,0.9080,0.9079,0.9112,-0.0271,original:expresses_positive_emotion; original:mentions_enjoyment; original:describes_high_quality; original:expresses_negative_emotion; original:contains_criticism; original:mentions_bad_acting_or_writing; original:contains_comparison; original:contains_irony_or_sarcasm; original:uses_emotional_language; original:contains_recommendation; original:mentions_exciting_content; original:sounds_confident; alternative:sst2_alt_c02; alternative:sst2_alt_c07; alternative:sst2_alt_c11; alternative:sst2_alt_c14; alternative:sst2_alt_c17; alternative:sst2_alt_c19; alternative:sst2_alt_c20; alternative:sst2_alt_c38
SST-2,11,2027,9,11,0.9410,0.9400,0.9476,+0.0051,original:contains_praise; original:describes_high_quality; original:contains_criticism; original:mentions_bad_acting_or_writing; original:contains_comparison; original:sounds_uncertain; original:contains_recommendation; original:mentions_exciting_content; original:mentions_boredom; alternative:sst2_alt_c03; alternative:sst2_alt_c11; alternative:sst2_alt_c13; alternative:sst2_alt_c14; alternative:sst2_alt_c18; alternative:sst2_alt_c20; alternative:sst2_alt_c25; alternative:sst2_alt_c27; alternative:sst2_alt_c31; alternative:sst2_alt_c35; alternative:sst2_alt_c38
SST-2,12,2027,9,11,0.9050,0.9049,0.9079,-0.0300,original:contains_praise; original:mentions_disappointment; original:mentions_good_acting_or_writing; original:mentions_bad_acting_or_writing; original:contains_comparison; original:contains_irony_or_sarcasm; original:contains_recommendation; original:mentions_boredom; original:sounds_confident; alternative:sst2_alt_c03; alternative:sst2_alt_c06; alternative:sst2_alt_c07; alternative:sst2_alt_c10; alternative:sst2_alt_c14; alternative:sst2_alt_c17; alternative:sst2_alt_c19; alternative:sst2_alt_c20; alternative:sst2_alt_c27; alternative:sst2_alt_c35; alternative:sst2_alt_c38
SST-2,13,2027,12,8,0.9410,0.9399,0.9481,+0.0049,original:contains_praise; original:mentions_enjoyment; original:expresses_negative_emotion; original:contains_criticism; original:mentions_good_acting_or_writing; original:uses_strong_opinion; original:contains_irony_or_sarcasm; original:contains_mixed_sentiment; original:uses_emotional_language; original:contains_recommendation; original:mentions_exciting_content; original:sounds_confident; alternative:sst2_alt_c06; alternative:sst2_alt_c07; alternative:sst2_alt_c11; alternative:sst2_alt_c13; alternative:sst2_alt_c25; alternative:sst2_alt_c26; alternative:sst2_alt_c31; alternative:sst2_alt_c33
SST-2,14,2027,10,10,0.9390,0.9378,0.9464,+0.0029,original:mentions_enjoyment; original:describes_high_quality; original:expresses_negative_emotion; original:describes_low_quality; original:contains_comparison; original:uses_strong_opinion; original:uses_emotional_language; original:mentions_exciting_content; original:mentions_boredom; original:sounds_confident; alternative:sst2_alt_c02; alternative:sst2_alt_c06; alternative:sst2_alt_c07; alternative:sst2_alt_c11; alternative:sst2_alt_c14; alternative:sst2_alt_c17; alternative:sst2_alt_c25; alternative:sst2_alt_c27; alternative:sst2_alt_c34; alternative:sst2_alt_c38
SST-2,15,2027,10,10,0.9430,0.9421,0.9494,+0.0071,original:contains_praise; original:expresses_negative_emotion; original:contains_criticism; original:describes_low_quality; original:mentions_bad_acting_or_writing; original:uses_strong_opinion; original:contains_irony_or_sarcasm; original:contains_mixed_sentiment; original:sounds_uncertain; original:contains_recommendation; alternative:sst2_alt_c02; alternative:sst2_alt_c06; alternative:sst2_alt_c07; alternative:sst2_alt_c11; alternative:sst2_alt_c18; alternative:sst2_alt_c19; alternative:sst2_alt_c25; alternative:sst2_alt_c26; alternative:sst2_alt_c33; alternative:sst2_alt_c35
SST-2,16,2027,10,10,0.8960,0.8959,0.8994,-0.0391,original:mentions_enjoyment; original:describes_high_quality; original:mentions_disappointment; original:mentions_bad_acting_or_writing; original:contains_comparison; original:uses_strong_opinion; original:contains_irony_or_sarcasm; original:contains_recommendation; original:mentions_exciting_content; original:sounds_confident; alternative:sst2_alt_c02; alternative:sst2_alt_c03; alternative:sst2_alt_c06; alternative:sst2_alt_c11; alternative:sst2_alt_c13; alternative:sst2_alt_c14; alternative:sst2_alt_c20; alternative:sst2_alt_c26; alternative:sst2_alt_c31; alternative:sst2_alt_c34
SST-2,17,2027,8,12,0.9410,0.9400,0.9477,+0.0051,original:expresses_negative_emotion; original:contains_criticism; original:uses_strong_opinion; original:contains_mixed_sentiment; original:sounds_uncertain; original:uses_emotional_language; original:mentions_exciting_content; original:sounds_confident; alternative:sst2_alt_c02; alternative:sst2_alt_c03; alternative:sst2_alt_c06; alternative:sst2_alt_c11; alternative:sst2_alt_c17; alternative:sst2_alt_c19; alternative:sst2_alt_c25; alternative:sst2_alt_c27; alternative:sst2_alt_c31; alternative:sst2_alt_c33; alternative:sst2_alt_c34; alternative:sst2_alt_c38
SST-2,18,2027,9,11,0.9370,0.9356,0.9450,+0.0007,original:expresses_negative_emotion; original:describes_low_quality; original:mentions_good_acting_or_writing; original:contains_comparison; original:contains_irony_or_sarcasm; original:contains_mixed_sentiment; original:uses_emotional_language; original:contains_recommendation; original:mentions_boredom; alternative:sst2_alt_c06; alternative:sst2_alt_c10; alternative:sst2_alt_c13; alternative:sst2_alt_c14; alternative:sst2_alt_c18; alternative:sst2_alt_c26; alternative:sst2_alt_c27; alternative:sst2_alt_c31; alternative:sst2_alt_c34; alternative:sst2_alt_c35; alternative:sst2_alt_c38
SST-2,19,2027,10,10,0.9400,0.9391,0.9465,+0.0042,original:contains_praise; original:describes_high_quality; original:expresses_negative_emotion; original:mentions_disappointment; original:contains_irony_or_sarcasm; original:contains_mixed_sentiment; original:sounds_uncertain; original:contains_recommendation; original:mentions_boredom; original:sounds_confident; alternative:sst2_alt_c06; alternative:sst2_alt_c11; alternative:sst2_alt_c17; alternative:sst2_alt_c18; alternative:sst2_alt_c25; alternative:sst2_alt_c26; alternative:sst2_alt_c27; alternative:sst2_alt_c33; alternative:sst2_alt_c35; alternative:sst2_alt_c38
SST-2,20,2027,12,8,0.9030,0.9029,0.9059,-0.0320,original:expresses_positive_emotion; original:contains_praise; original:describes_high_quality; original:contains_criticism; original:mentions_disappointment; original:describes_low_quality; original:mentions_good_acting_or_writing; original:contains_comparison; original:uses_strong_opinion; original:contains_irony_or_sarcasm; original:contains_mixed_sentiment; original:sounds_uncertain; alternative:sst2_alt_c06; alternative:sst2_alt_c07; alternative:sst2_alt_c10; alternative:sst2_alt_c18; alternative:sst2_alt_c20; alternative:sst2_alt_c25; alternative:sst2_alt_c27; alternative:sst2_alt_c38
SST-2,21,2027,9,11,0.9070,0.9069,0.9100,-0.0280,original:expresses_positive_emotion; original:mentions_enjoyment; original:describes_high_quality; original:expresses_negative_emotion; original:mentions_bad_acting_or_writing; original:uses_strong_opinion; original:uses_emotional_language; original:contains_recommendation; original:sounds_confident; alternative:sst2_alt_c10; alternative:sst2_alt_c11; alternative:sst2_alt_c13; alternative:sst2_alt_c17; alternative:sst2_alt_c18; alternative:sst2_alt_c19; alternative:sst2_alt_c20; alternative:sst2_alt_c25; alternative:sst2_alt_c33; alternative:sst2_alt_c34; alternative:sst2_alt_c38
SST-2,22,2027,7,13,0.9370,0.9357,0.9448,+0.0008,original:contains_criticism; original:describes_low_quality; original:mentions_good_acting_or_writing; original:uses_strong_opinion; original:contains_mixed_sentiment; original:contains_recommendation; original:sounds_confident; alternative:sst2_alt_c03; alternative:sst2_alt_c06; alternative:sst2_alt_c07; alternative:sst2_alt_c10; alternative:sst2_alt_c11; alternative:sst2_alt_c14; alternative:sst2_alt_c17; alternative:sst2_alt_c18; alternative:sst2_alt_c20; alternative:sst2_alt_c25; alternative:sst2_alt_c26; alternative:sst2_alt_c31; alternative:sst2_alt_c34
SST-2,23,2027,10,10,0.9430,0.9420,0.9497,+0.0070,original:expresses_negative_emotion; original:contains_criticism; original:describes_low_quality; original:mentions_good_acting_or_writing; original:contains_comparison; original:contains_mixed_sentiment; original:sounds_uncertain; original:uses_emotional_language; original:contains_recommendation; original:mentions_boredom; alternative:sst2_alt_c03; alternative:sst2_alt_c07; alternative:sst2_alt_c10; alternative:sst2_alt_c11; alternative:sst2_alt_c17; alternative:sst2_alt_c18; alternative:sst2_alt_c19; alternative:sst2_alt_c20; alternative:sst2_alt_c34; alternative:sst2_alt_c35
SST-2,24,2027,11,9,0.9130,0.9129,0.9159,-0.0220,original:expresses_positive_emotion; original:contains_praise; original:contains_criticism; original:mentions_disappointment; original:describes_low_quality; original:mentions_good_acting_or_writing; original:contains_comparison; original:sounds_uncertain; original:uses_emotional_language; original:mentions_exciting_content; original:mentions_boredom; alternative:sst2_alt_c06; alternative:sst2_alt_c13; alternative:sst2_alt_c14; alternative:sst2_alt_c19; alternative:sst2_alt_c25; alternative:sst2_alt_c26; alternative:sst2_alt_c27; alternative:sst2_alt_c35; alternative:sst2_alt_c38
SST-2,25,2027,9,11,0.9160,0.9159,0.9194,-0.0191,original:contains_praise; original:mentions_enjoyment; original:expresses_negative_emotion; original:mentions_disappointment; original:mentions_good_acting_or_writing; original:contains_comparison; original:contains_irony_or_sarcasm; original:uses_emotional_language; original:mentions_boredom; alternative:sst2_alt_c03; alternative:sst2_alt_c06; alternative:sst2_alt_c07; alternative:sst2_alt_c11; alternative:sst2_alt_c14; alternative:sst2_alt_c18; alternative:sst2_alt_c19; alternative:sst2_alt_c20; alternative:sst2_alt_c26; alternative:sst2_alt_c33; alternative:sst2_alt_c35
SST-2,26,2027,12,8,0.9120,0.9119,0.9152,-0.0231,original:expresses_positive_emotion; original:contains_praise; original:mentions_enjoyment; original:describes_high_quality; original:expresses_negative_emotion; original:contains_criticism; original:describes_low_quality; original:mentions_good_acting_or_writing; original:contains_irony_or_sarcasm; original:contains_mixed_sentiment; original:mentions_boredom; original:sounds_confident; alternative:sst2_alt_c02; alternative:sst2_alt_c03; alternative:sst2_alt_c06; alternative:sst2_alt_c07; alternative:sst2_alt_c14; alternative:sst2_alt_c18; alternative:sst2_alt_c19; alternative:sst2_alt_c33
SST-2,27,2027,11,9,0.9430,0.9419,0.9500,+0.0069,original:mentions_enjoyment; original:describes_high_quality; original:contains_criticism; original:mentions_disappointment; original:mentions_good_acting_or_writing; original:uses_strong_opinion; original:contains_irony_or_sarcasm; original:contains_mixed_sentiment; original:sounds_uncertain; original:contains_recommendation; original:mentions_exciting_content; alternative:sst2_alt_c02; alternative:sst2_alt_c03; alternative:sst2_alt_c07; alternative:sst2_alt_c11; alternative:sst2_alt_c14; alternative:sst2_alt_c19; alternative:sst2_alt_c25; alternative:sst2_alt_c26; alternative:sst2_alt_c34
SST-2,28,2027,9,11,0.9110,0.9109,0.9140,-0.0240,original:expresses_positive_emotion; original:describes_high_quality; original:expresses_negative_emotion; original:describes_low_quality; original:mentions_good_acting_or_writing; original:contains_mixed_sentiment; original:uses_emotional_language; original:mentions_boredom; original:sounds_confident; alternative:sst2_alt_c06; alternative:sst2_alt_c11; alternative:sst2_alt_c13; alternative:sst2_alt_c17; alternative:sst2_alt_c20; alternative:sst2_alt_c26; alternative:sst2_alt_c27; alternative:sst2_alt_c31; alternative:sst2_alt_c34; alternative:sst2_alt_c35; alternative:sst2_alt_c38
SST-2,29,2027,10,10,0.9400,0.9389,0.9472,+0.0039,original:contains_praise; original:describes_high_quality; original:expresses_negative_emotion; original:contains_criticism; original:mentions_good_acting_or_writing; original:contains_comparison; original:uses_strong_opinion; original:uses_emotional_language; original:mentions_boredom; original:sounds_confident; alternative:sst2_alt_c02; alternative:sst2_alt_c06; alternative:sst2_alt_c10; alternative:sst2_alt_c11; alternative:sst2_alt_c17; alternative:sst2_alt_c18; alternative:sst2_alt_c19; alternative:sst2_alt_c20; alternative:sst2_alt_c26; alternative:sst2_alt_c27
SST-2,30,2027,9,11,0.9420,0.9410,0.9487,+0.0061,original:contains_praise; original:expresses_negative_emotion; original:contains_criticism; original:mentions_disappointment; original:describes_low_quality; original:mentions_bad_acting_or_writing; original:contains_comparison; original:contains_recommendation; original:mentions_boredom; alternative:sst2_alt_c03; alternative:sst2_alt_c07; alternative:sst2_alt_c10; alternative:sst2_alt_c11; alternative:sst2_alt_c13; alternative:sst2_alt_c14; alternative:sst2_alt_c25; alternative:sst2_alt_c26; alternative:sst2_alt_c31; alternative:sst2_alt_c34; alternative:sst2_alt_c35
SST-2,31,2027,11,9,0.9010,0.9009,0.9036,-0.0340,original:contains_praise; original:mentions_enjoyment; original:mentions_good_acting_or_writing; original:contains_comparison; original:contains_irony_or_sarcasm; original:contains_mixed_sentiment; original:sounds_uncertain; original:uses_emotional_language; original:contains_recommendation; original:mentions_exciting_content; original:mentions_boredom; alternative:sst2_alt_c02; alternative:sst2_alt_c06; alternative:sst2_alt_c13; alternative:sst2_alt_c17; alternative:sst2_alt_c18; alternative:sst2_alt_c20; alternative:sst2_alt_c27; alternative:sst2_alt_c31; alternative:sst2_alt_c35
SST-2,32,2027,11,9,0.9360,0.9348,0.9437,-0.0001,original:mentions_enjoyment; original:describes_high_quality; original:contains_criticism; original:describes_low_quality; original:mentions_bad_acting_or_writing; original:contains_comparison; original:uses_strong_opinion; original:sounds_uncertain; original:contains_recommendation; original:mentions_boredom; original:sounds_confident; alternative:sst2_alt_c02; alternative:sst2_alt_c06; alternative:sst2_alt_c07; alternative:sst2_alt_c17; alternative:sst2_alt_c18; alternative:sst2_alt_c25; alternative:sst2_alt_c27; alternative:sst2_alt_c34; alternative:sst2_alt_c35
SST-2,33,2027,12,8,0.9020,0.9019,0.9049,-0.0330,original:expresses_positive_emotion; original:contains_praise; original:mentions_enjoyment; original:describes_high_quality; original:mentions_disappointment; original:mentions_good_acting_or_writing; original:mentions_bad_acting_or_writing; original:contains_comparison; original:contains_irony_or_sarcasm; original:uses_emotional_language; original:mentions_boredom; original:sounds_confident; alternative:sst2_alt_c10; alternative:sst2_alt_c11; alternative:sst2_alt_c18; alternative:sst2_alt_c25; alternative:sst2_alt_c26; alternative:sst2_alt_c31; alternative:sst2_alt_c34; alternative:sst2_alt_c35
SST-2,34,2027,6,14,0.9050,0.9049,0.9077,-0.0300,original:expresses_positive_emotion; original:contains_praise; original:mentions_enjoyment; original:sounds_uncertain; original:mentions_boredom; original:sounds_confident; alternative:sst2_alt_c02; alternative:sst2_alt_c03; alternative:sst2_alt_c07; alternative:sst2_alt_c10; alternative:sst2_alt_c13; alternative:sst2_alt_c14; alternative:sst2_alt_c18; alternative:sst2_alt_c20; alternative:sst2_alt_c25; alternative:sst2_alt_c26; alternative:sst2_alt_c31; alternative:sst2_alt_c34; alternative:sst2_alt_c35; alternative:sst2_alt_c38
SST-2,35,2027,12,8,0.9020,0.9019,0.9045,-0.0330,original:contains_praise; original:describes_high_quality; original:describes_low_quality; original:mentions_good_acting_or_writing; original:contains_comparison; original:contains_irony_or_sarcasm; original:contains_mixed_sentiment; original:uses_emotional_language; original:contains_recommendation; original:mentions_exciting_content; original:mentions_boredom; original:sounds_confident; alternative:sst2_alt_c03; alternative:sst2_alt_c06; alternative:sst2_alt_c13; alternative:sst2_alt_c14; alternative:sst2_alt_c17; alternative:sst2_alt_c18; alternative:sst2_alt_c19; alternative:sst2_alt_c27
SST-2,36,2027,12,8,0.9080,0.9079,0.9112,-0.0271,original:expresses_positive_emotion; original:expresses_negative_emotion; original:contains_criticism; original:mentions_disappointment; original:describes_low_quality; original:mentions_good_acting_or_writing; original:uses_strong_opinion; original:contains_irony_or_sarcasm; original:sounds_uncertain; original:uses_emotional_language; original:mentions_exciting_content; original:sounds_confident; alternative:sst2_alt_c06; alternative:sst2_alt_c07; alternative:sst2_alt_c11; alternative:sst2_alt_c25; alternative:sst2_alt_c26; alternative:sst2_alt_c33; alternative:sst2_alt_c35; alternative:sst2_alt_c38
SST-2,37,2027,11,9,0.9070,0.9069,0.9103,-0.0281,original:expresses_positive_emotion; original:describes_high_quality; original:contains_criticism; original:describes_low_quality; original:mentions_good_acting_or_writing; original:mentions_bad_acting_or_writing; original:contains_comparison; original:contains_mixed_sentiment; original:sounds_uncertain; original:contains_recommendation; original:sounds_confident; alternative:sst2_alt_c02; alternative:sst2_alt_c06; alternative:sst2_alt_c07; alternative:sst2_alt_c10; alternative:sst2_alt_c13; alternative:sst2_alt_c14; alternative:sst2_alt_c26; alternative:sst2_alt_c31; alternative:sst2_alt_c38
SST-2,38,2027,9,11,0.9120,0.9118,0.9157,-0.0231,original:contains_praise; original:describes_high_quality; original:contains_criticism; original:mentions_disappointment; original:mentions_bad_acting_or_writing; original:contains_comparison; original:contains_irony_or_sarcasm; original:contains_recommendation; original:mentions_exciting_content; alternative:sst2_alt_c03; alternative:sst2_alt_c13; alternative:sst2_alt_c14; alternative:sst2_alt_c17; alternative:sst2_alt_c19; alternative:sst2_alt_c20; alternative:sst2_alt_c26; alternative:sst2_alt_c27; alternative:sst2_alt_c31; alternative:sst2_alt_c34; alternative:sst2_alt_c35
SST-2,39,2027,9,11,0.9100,0.9099,0.9130,-0.0250,original:expresses_positive_emotion; original:contains_praise; original:contains_criticism; original:mentions_bad_acting_or_writing; original:contains_comparison; original:uses_emotional_language; original:mentions_exciting_content; original:mentions_boredom; original:sounds_confident; alternative:sst2_alt_c02; alternative:sst2_alt_c03; alternative:sst2_alt_c10; alternative:sst2_alt_c13; alternative:sst2_alt_c17; alternative:sst2_alt_c19; alternative:sst2_alt_c20; alternative:sst2_alt_c25; alternative:sst2_alt_c33; alternative:sst2_alt_c34; alternative:sst2_alt_c38
SST-2,40,2027,11,9,0.9390,0.9379,0.9461,+0.0030,original:describes_high_quality; original:contains_criticism; original:mentions_bad_acting_or_writing; original:contains_comparison; original:contains_irony_or_sarcasm; original:contains_mixed_sentiment; original:sounds_uncertain; original:uses_emotional_language; original:mentions_exciting_content; original:mentions_boredom; original:sounds_confident; alternative:sst2_alt_c07; alternative:sst2_alt_c10; alternative:sst2_alt_c11; alternative:sst2_alt_c13; alternative:sst2_alt_c18; alternative:sst2_alt_c27; alternative:sst2_alt_c33; alternative:sst2_alt_c35; alternative:sst2_alt_c38
SST-2,41,2027,12,8,0.9450,0.9442,0.9510,+0.0092,original:expresses_positive_emotion; original:contains_praise; original:mentions_enjoyment; original:expresses_negative_emotion; original:describes_low_quality; original:mentions_good_acting_or_writing; original:contains_comparison; original:contains_irony_or_sarcasm; original:contains_mixed_sentiment; original:sounds_uncertain; original:uses_emotional_language; original:mentions_boredom; alternative:sst2_alt_c03; alternative:sst2_alt_c07; alternative:sst2_alt_c11; alternative:sst2_alt_c14; alternative:sst2_alt_c18; alternative:sst2_alt_c19; alternative:sst2_alt_c26; alternative:sst2_alt_c33
SST-2,42,2027,10,10,0.8910,0.8908,0.8955,-0.0441,original:mentions_enjoyment; original:describes_high_quality; original:mentions_disappointment; original:describes_low_quality; original:mentions_bad_acting_or_writing; original:uses_strong_opinion; original:contains_irony_or_sarcasm; original:contains_mixed_sentiment; original:contains_recommendation; original:mentions_boredom; alternative:sst2_alt_c03; alternative:sst2_alt_c06; alternative:sst2_alt_c07; alternative:sst2_alt_c14; alternative:sst2_alt_c17; alternative:sst2_alt_c18; alternative:sst2_alt_c19; alternative:sst2_alt_c26; alternative:sst2_alt_c35; alternative:sst2_alt_c38
SST-2,43,2027,7,13,0.9090,0.9089,0.9119,-0.0260,original:expresses_positive_emotion; original:describes_high_quality; original:mentions_disappointment; original:mentions_bad_acting_or_writing; original:uses_strong_opinion; original:mentions_exciting_content; original:mentions_boredom; alternative:sst2_alt_c02; alternative:sst2_alt_c03; alternative:sst2_alt_c06; alternative:sst2_alt_c07; alternative:sst2_alt_c14; alternative:sst2_alt_c17; alternative:sst2_alt_c19; alternative:sst2_alt_c20; alternative:sst2_alt_c25; alternative:sst2_alt_c26; alternative:sst2_alt_c31; alternative:sst2_alt_c33; alternative:sst2_alt_c38
SST-2,44,2027,11,9,0.9400,0.9391,0.9464,+0.0042,original:contains_praise; original:expresses_negative_emotion; original:mentions_disappointment; original:describes_low_quality; original:mentions_good_acting_or_writing; original:mentions_bad_acting_or_writing; original:contains_comparison; original:uses_strong_opinion; original:contains_irony_or_sarcasm; original:sounds_uncertain; original:sounds_confident; alternative:sst2_alt_c11; alternative:sst2_alt_c19; alternative:sst2_alt_c20; alternative:sst2_alt_c26; alternative:sst2_alt_c31; alternative:sst2_alt_c33; alternative:sst2_alt_c34; alternative:sst2_alt_c35; alternative:sst2_alt_c38
SST-2,45,2027,10,10,0.9410,0.9400,0.9478,+0.0050,original:describes_high_quality; original:expresses_negative_emotion; original:mentions_disappointment; original:describes_low_quality; original:mentions_bad_acting_or_writing; original:uses_strong_opinion; original:contains_irony_or_sarcasm; original:sounds_uncertain; original:contains_recommendation; original:mentions_exciting_content; alternative:sst2_alt_c03; alternative:sst2_alt_c11; alternative:sst2_alt_c14; alternative:sst2_alt_c20; alternative:sst2_alt_c25; alternative:sst2_alt_c26; alternative:sst2_alt_c27; alternative:sst2_alt_c33; alternative:sst2_alt_c34; alternative:sst2_alt_c38
SST-2,46,2027,13,7,0.9100,0.9099,0.9130,-0.0250,original:expresses_positive_emotion; original:contains_praise; original:mentions_enjoyment; original:describes_low_quality; original:uses_strong_opinion; original:contains_irony_or_sarcasm; original:contains_mixed_sentiment; original:sounds_uncertain; original:uses_emotional_language; original:contains_recommendation; original:mentions_exciting_content; original:mentions_boredom; original:sounds_confident; alternative:sst2_alt_c02; alternative:sst2_alt_c06; alternative:sst2_alt_c17; alternative:sst2_alt_c20; alternative:sst2_alt_c33; alternative:sst2_alt_c34; alternative:sst2_alt_c35
SST-2,47,2027,10,10,0.9450,0.9440,0.9514,+0.0091,original:expresses_positive_emotion; original:describes_high_quality; original:expresses_negative_emotion; original:contains_criticism; original:contains_comparison; original:uses_strong_opinion; original:contains_mixed_sentiment; original:contains_recommendation; original:mentions_exciting_content; original:mentions_boredom; alternative:sst2_alt_c02; alternative:sst2_alt_c11; alternative:sst2_alt_c13; alternative:sst2_alt_c14; alternative:sst2_alt_c17; alternative:sst2_alt_c18; alternative:sst2_alt_c19; alternative:sst2_alt_c20; alternative:sst2_alt_c34; alternative:sst2_alt_c38
SST-2,48,2027,11,9,0.9080,0.9079,0.9114,-0.0271,original:contains_praise; original:describes_high_quality; original:contains_criticism; original:mentions_disappointment; original:describes_low_quality; original:mentions_good_acting_or_writing; original:mentions_bad_acting_or_writing; original:uses_strong_opinion; original:sounds_uncertain; original:contains_recommendation; original:mentions_exciting_content; alternative:sst2_alt_c02; alternative:sst2_alt_c06; alternative:sst2_alt_c13; alternative:sst2_alt_c14; alternative:sst2_alt_c19; alternative:sst2_alt_c20; alternative:sst2_alt_c25; alternative:sst2_alt_c26; alternative:sst2_alt_c35
SST-2,49,2027,11,9,0.9370,0.9358,0.9447,+0.0008,original:contains_praise; original:mentions_enjoyment; original:expresses_negative_emotion; original:mentions_good_acting_or_writing; original:mentions_bad_acting_or_writing; original:contains_irony_or_sarcasm; original:contains_mixed_sentiment; original:contains_recommendation; original:mentions_exciting_content; original:mentions_boredom; original:sounds_confident; alternative:sst2_alt_c02; alternative:sst2_alt_c06; alternative:sst2_alt_c10; alternative:sst2_alt_c14; alternative:sst2_alt_c17; alternative:sst2_alt_c20; alternative:sst2_alt_c25; alternative:sst2_alt_c34; alternative:sst2_alt_c38
SST-2,50,2027,8,12,0.9400,0.9390,0.9468,+0.0041,original:describes_high_quality; original:expresses_negative_emotion; original:contains_criticism; original:describes_low_quality; original:uses_strong_opinion; original:sounds_uncertain; original:mentions_exciting_content; original:sounds_confident; alternative:sst2_alt_c02; alternative:sst2_alt_c07; alternative:sst2_alt_c11; alternative:sst2_alt_c13; alternative:sst2_alt_c14; alternative:sst2_alt_c18; alternative:sst2_alt_c20; alternative:sst2_alt_c25; alternative:sst2_alt_c27; alternative:sst2_alt_c31; alternative:sst2_alt_c34; alternative:sst2_alt_c38
SST-2,51,2027,11,9,0.9110,0.9109,0.9142,-0.0241,original:expresses_positive_emotion; original:contains_praise; original:mentions_enjoyment; original:describes_high_quality; original:contains_criticism; original:mentions_bad_acting_or_writing; original:contains_comparison; original:contains_irony_or_sarcasm; original:sounds_uncertain; original:uses_emotional_language; original:mentions_exciting_content; alternative:sst2_alt_c03; alternative:sst2_alt_c07; alternative:sst2_alt_c10; alternative:sst2_alt_c13; alternative:sst2_alt_c19; alternative:sst2_alt_c20; alternative:sst2_alt_c33; alternative:sst2_alt_c35; alternative:sst2_alt_c38
SST-2,52,2027,9,11,0.9180,0.9178,0.9215,-0.0171,original:contains_praise; original:describes_high_quality; original:expresses_negative_emotion; original:mentions_disappointment; original:contains_comparison; original:uses_strong_opinion; original:uses_emotional_language; original:mentions_exciting_content; original:sounds_confident; alternative:sst2_alt_c02; alternative:sst2_alt_c03; alternative:sst2_alt_c06; alternative:sst2_alt_c07; alternative:sst2_alt_c11; alternative:sst2_alt_c17; alternative:sst2_alt_c18; alternative:sst2_alt_c19; alternative:sst2_alt_c26; alternative:sst2_alt_c33; alternative:sst2_alt_c38
SST-2,53,2027,12,8,0.8960,0.8959,0.8982,-0.0390,original:contains_praise; original:mentions_enjoyment; original:describes_high_quality; original:mentions_good_acting_or_writing; original:mentions_bad_acting_or_writing; original:uses_strong_opinion; original:contains_irony_or_sarcasm; original:contains_mixed_sentiment; original:sounds_uncertain; original:contains_recommendation; original:mentions_boredom; original:sounds_confident; alternative:sst2_alt_c02; alternative:sst2_alt_c03; alternative:sst2_alt_c14; alternative:sst2_alt_c17; alternative:sst2_alt_c26; alternative:sst2_alt_c27; alternative:sst2_alt_c33; alternative:sst2_alt_c34
SST-2,54,2027,12,8,0.9400,0.9390,0.9467,+0.0041,original:expresses_positive_emotion; original:expresses_negative_emotion; original:mentions_disappointment; original:describes_low_quality; original:mentions_bad_acting_or_writing; original:contains_comparison; original:contains_mixed_sentiment; original:sounds_uncertain; original:uses_emotional_language; original:mentions_exciting_content; original:mentions_boredom; original:sounds_confident; alternative:sst2_alt_c02; alternative:sst2_alt_c07; alternative:sst2_alt_c10; alternative:sst2_alt_c13; alternative:sst2_alt_c18; alternative:sst2_alt_c25; alternative:sst2_alt_c33; alternative:sst2_alt_c38
SST-2,55,2027,10,10,0.9010,0.9009,0.9040,-0.0340,original:expresses_positive_emotion; original:contains_praise; original:describes_high_quality; original:contains_criticism; original:describes_low_quality; original:mentions_good_acting_or_writing; original:mentions_bad_acting_or_writing; original:sounds_uncertain; original:contains_recommendation; original:mentions_boredom; alternative:sst2_alt_c10; alternative:sst2_alt_c13; alternative:sst2_alt_c17; alternative:sst2_alt_c18; alternative:sst2_alt_c19; alternative:sst2_alt_c20; alternative:sst2_alt_c25; alternative:sst2_alt_c27; alternative:sst2_alt_c33; alternative:sst2_alt_c38
SST-2,56,2027,7,13,0.9320,0.9307,0.9402,-0.0043,original:contains_criticism; original:mentions_good_acting_or_writing; original:uses_strong_opinion; original:contains_irony_or_sarcasm; original:contains_recommendation; original:mentions_exciting_content; original:sounds_confident; alternative:sst2_alt_c06; alternative:sst2_alt_c07; alternative:sst2_alt_c10; alternative:sst2_alt_c11; alternative:sst2_alt_c14; alternative:sst2_alt_c18; alternative:sst2_alt_c19; alternative:sst2_alt_c20; alternative:sst2_alt_c25; alternative:sst2_alt_c31; alternative:sst2_alt_c34; alternative:sst2_alt_c35; alternative:sst2_alt_c38
SST-2,57,2027,10,10,0.9050,0.9049,0.9082,-0.0301,original:contains_praise; original:describes_high_quality; original:expresses_negative_emotion; original:mentions_disappointment; original:mentions_good_acting_or_writing; original:uses_strong_opinion; original:contains_mixed_sentiment; original:contains_recommendation; original:mentions_exciting_content; original:sounds_confident; alternative:sst2_alt_c02; alternative:sst2_alt_c06; alternative:sst2_alt_c07; alternative:sst2_alt_c13; alternative:sst2_alt_c17; alternative:sst2_alt_c25; alternative:sst2_alt_c26; alternative:sst2_alt_c27; alternative:sst2_alt_c33; alternative:sst2_alt_c35
SST-2,58,2027,11,9,0.9460,0.9449,0.9526,+0.0100,original:contains_praise; original:mentions_enjoyment; original:expresses_negative_emotion; original:contains_criticism; original:mentions_disappointment; original:mentions_good_acting_or_writing; original:uses_strong_opinion; original:contains_irony_or_sarcasm; original:contains_mixed_sentiment; original:uses_emotional_language; original:sounds_confident; alternative:sst2_alt_c03; alternative:sst2_alt_c10; alternative:sst2_alt_c11; alternative:sst2_alt_c13; alternative:sst2_alt_c14; alternative:sst2_alt_c26; alternative:sst2_alt_c27; alternative:sst2_alt_c34; alternative:sst2_alt_c35
SST-2,59,2027,11,9,0.9440,0.9431,0.9504,+0.0081,original:expresses_positive_emotion; original:mentions_enjoyment; original:describes_high_quality; original:expresses_negative_emotion; original:contains_criticism; original:mentions_good_acting_or_writing; original:contains_comparison; original:uses_strong_opinion; original:sounds_uncertain; original:uses_emotional_language; original:contains_recommendation; alternative:sst2_alt_c03; alternative:sst2_alt_c11; alternative:sst2_alt_c14; alternative:sst2_alt_c19; alternative:sst2_alt_c26; alternative:sst2_alt_c27; alternative:sst2_alt_c31; alternative:sst2_alt_c33; alternative:sst2_alt_c38
SST-2,60,2027,9,11,0.9090,0.9089,0.9122,-0.0261,original:contains_praise; original:mentions_enjoyment; original:expresses_negative_emotion; original:describes_low_quality; original:mentions_bad_acting_or_writing; original:contains_comparison; original:contains_mixed_sentiment; original:mentions_boredom; original:sounds_confident; alternative:sst2_alt_c03; alternative:sst2_alt_c06; alternative:sst2_alt_c07; alternative:sst2_alt_c10; alternative:sst2_alt_c17; alternative:sst2_alt_c18; alternative:sst2_alt_c19; alternative:sst2_alt_c25; alternative:sst2_alt_c27; alternative:sst2_alt_c35; alternative:sst2_alt_c38
SST-2,61,2027,12,8,0.9450,0.9441,0.9512,+0.0092,original:contains_praise; original:mentions_enjoyment; original:expresses_negative_emotion; original:mentions_disappointment; original:mentions_bad_acting_or_writing; original:uses_strong_opinion; original:contains_irony_or_sarcasm; original:sounds_uncertain; original:uses_emotional_language; original:contains_recommendation; original:mentions_boredom; original:sounds_confident; alternative:sst2_alt_c06; alternative:sst2_alt_c10; alternative:sst2_alt_c11; alternative:sst2_alt_c13; alternative:sst2_alt_c20; alternative:sst2_alt_c25; alternative:sst2_alt_c35; alternative:sst2_alt_c38
SST-2,62,2027,10,10,0.9350,0.9337,0.9429,-0.0012,original:mentions_enjoyment; original:contains_criticism; original:mentions_disappointment; original:describes_low_quality; original:mentions_good_acting_or_writing; original:mentions_bad_acting_or_writing; original:uses_strong_opinion; original:contains_mixed_sentiment; original:uses_emotional_language; original:mentions_boredom; alternative:sst2_alt_c02; alternative:sst2_alt_c03; alternative:sst2_alt_c07; alternative:sst2_alt_c10; alternative:sst2_alt_c11; alternative:sst2_alt_c13; alternative:sst2_alt_c17; alternative:sst2_alt_c19; alternative:sst2_alt_c26; alternative:sst2_alt_c31
SST-2,63,2027,12,8,0.9040,0.9039,0.9068,-0.0310,original:expresses_positive_emotion; original:contains_praise; original:mentions_enjoyment; original:describes_low_quality; original:mentions_good_acting_or_writing; original:uses_strong_opinion; original:contains_irony_or_sarcasm; original:sounds_uncertain; original:uses_emotional_language; original:contains_recommendation; original:mentions_exciting_content; original:mentions_boredom; alternative:sst2_alt_c06; alternative:sst2_alt_c10; alternative:sst2_alt_c13; alternative:sst2_alt_c17; alternative:sst2_alt_c19; alternative:sst2_alt_c20; alternative:sst2_alt_c34; alternative:sst2_alt_c38
SST-2,64,2027,9,11,0.9420,0.9409,0.9489,+0.0060,original:describes_high_quality; original:expresses_negative_emotion; original:contains_criticism; original:describes_low_quality; original:uses_strong_opinion; original:contains_irony_or_sarcasm; original:contains_recommendation; original:mentions_exciting_content; original:mentions_boredom; alternative:sst2_alt_c02; alternative:sst2_alt_c03; alternative:sst2_alt_c11; alternative:sst2_alt_c13; alternative:sst2_alt_c18; alternative:sst2_alt_c19; alternative:sst2_alt_c20; alternative:sst2_alt_c26; alternative:sst2_alt_c27; alternative:sst2_alt_c33; alternative:sst2_alt_c34
SST-2,65,2027,11,9,0.9410,0.9401,0.9475,+0.0052,original:contains_praise; original:describes_high_quality; original:expresses_negative_emotion; original:describes_low_quality; original:contains_comparison; original:contains_irony_or_sarcasm; original:contains_mixed_sentiment; original:sounds_uncertain; original:uses_emotional_language; original:contains_recommendation; original:mentions_boredom; alternative:sst2_alt_c03; alternative:sst2_alt_c06; alternative:sst2_alt_c07; alternative:sst2_alt_c10; alternative:sst2_alt_c11; alternative:sst2_alt_c14; alternative:sst2_alt_c17; alternative:sst2_alt_c26; alternative:sst2_alt_c35
SST-2,66,2027,10,10,0.9420,0.9409,0.9490,+0.0059,original:describes_high_quality; original:expresses_negative_emotion; original:contains_criticism; original:mentions_disappointment; original:describes_low_quality; original:contains_irony_or_sarcasm; original:uses_emotional_language; original:contains_recommendation; original:mentions_exciting_content; original:mentions_boredom; alternative:sst2_alt_c03; alternative:sst2_alt_c06; alternative:sst2_alt_c11; alternative:sst2_alt_c13; alternative:sst2_alt_c18; alternative:sst2_alt_c19; alternative:sst2_alt_c20; alternative:sst2_alt_c26; alternative:sst2_alt_c27; alternative:sst2_alt_c33
SST-2,67,2027,10,10,0.9350,0.9341,0.9417,-0.0008,original:contains_praise; original:contains_criticism; original:mentions_disappointment; original:uses_strong_opinion; original:contains_irony_or_sarcasm; original:contains_mixed_sentiment; original:sounds_uncertain; original:uses_emotional_language; original:contains_recommendation; original:mentions_exciting_content; alternative:sst2_alt_c06; alternative:sst2_alt_c07; alternative:sst2_alt_c10; alternative:sst2_alt_c11; alternative:sst2_alt_c13; alternative:sst2_alt_c14; alternative:sst2_alt_c19; alternative:sst2_alt_c25; alternative:sst2_alt_c27; alternative:sst2_alt_c33
SST-2,68,2027,11,9,0.9060,0.9059,0.9089,-0.0290,original:expresses_positive_emotion; original:mentions_disappointment; original:describes_low_quality; original:mentions_good_acting_or_writing; original:mentions_bad_acting_or_writing; original:contains_comparison; original:uses_strong_opinion; original:contains_irony_or_sarcasm; original:uses_emotional_language; original:contains_recommendation; original:mentions_boredom; alternative:sst2_alt_c06; alternative:sst2_alt_c07; alternative:sst2_alt_c10; alternative:sst2_alt_c25; alternative:sst2_alt_c31; alternative:sst2_alt_c33; alternative:sst2_alt_c34; alternative:sst2_alt_c35; alternative:sst2_alt_c38
SST-2,69,2027,13,7,0.9440,0.9431,0.9502,+0.0082,original:expresses_positive_emotion; original:contains_praise; original:expresses_negative_emotion; original:mentions_disappointment; original:describes_low_quality; original:mentions_good_acting_or_writing; original:mentions_bad_acting_or_writing; original:contains_comparison; original:contains_irony_or_sarcasm; original:contains_mixed_sentiment; original:sounds_uncertain; original:uses_emotional_language; original:contains_recommendation; alternative:sst2_alt_c03; alternative:sst2_alt_c11; alternative:sst2_alt_c17; alternative:sst2_alt_c26; alternative:sst2_alt_c27; alternative:sst2_alt_c34; alternative:sst2_alt_c38
SST-2,70,2027,10,10,0.9020,0.9019,0.9049,-0.0330,original:contains_praise; original:describes_high_quality; original:mentions_disappointment; original:mentions_bad_acting_or_writing; original:uses_strong_opinion; original:contains_irony_or_sarcasm; original:sounds_uncertain; original:uses_emotional_language; original:contains_recommendation; original:mentions_exciting_content; alternative:sst2_alt_c02; alternative:sst2_alt_c03; alternative:sst2_alt_c06; alternative:sst2_alt_c07; alternative:sst2_alt_c13; alternative:sst2_alt_c14; alternative:sst2_alt_c26; alternative:sst2_alt_c27; alternative:sst2_alt_c33; alternative:sst2_alt_c38
SST-2,71,2027,12,8,0.9080,0.9079,0.9109,-0.0270,original:contains_praise; original:describes_high_quality; original:mentions_disappointment; original:mentions_good_acting_or_writing; original:contains_comparison; original:uses_strong_opinion; original:contains_mixed_sentiment; original:uses_emotional_language; original:contains_recommendation; original:mentions_exciting_content; original:mentions_boredom; original:sounds_confident; alternative:sst2_alt_c02; alternative:sst2_alt_c03; alternative:sst2_alt_c06; alternative:sst2_alt_c14; alternative:sst2_alt_c17; alternative:sst2_alt_c20; alternative:sst2_alt_c25; alternative:sst2_alt_c26
SST-2,72,2027,8,12,0.9390,0.9378,0.9465,+0.0028,original:mentions_enjoyment; original:describes_high_quality; original:contains_criticism; original:mentions_disappointment; original:contains_irony_or_sarcasm; original:contains_mixed_sentiment; original:uses_emotional_language; original:mentions_exciting_content; alternative:sst2_alt_c02; alternative:sst2_alt_c03; alternative:sst2_alt_c06; alternative:sst2_alt_c10; alternative:sst2_alt_c13; alternative:sst2_alt_c17; alternative:sst2_alt_c18; alternative:sst2_alt_c19; alternative:sst2_alt_c25; alternative:sst2_alt_c33; alternative:sst2_alt_c34; alternative:sst2_alt_c35
SST-2,73,2027,9,11,0.9040,0.9039,0.9068,-0.0310,original:contains_praise; original:describes_high_quality; original:contains_criticism; original:describes_low_quality; original:mentions_bad_acting_or_writing; original:contains_comparison; original:contains_irony_or_sarcasm; original:uses_emotional_language; original:mentions_boredom; alternative:sst2_alt_c03; alternative:sst2_alt_c06; alternative:sst2_alt_c07; alternative:sst2_alt_c10; alternative:sst2_alt_c13; alternative:sst2_alt_c19; alternative:sst2_alt_c20; alternative:sst2_alt_c25; alternative:sst2_alt_c27; alternative:sst2_alt_c31; alternative:sst2_alt_c33
SST-2,74,2027,10,10,0.9430,0.9419,0.9499,+0.0070,original:mentions_enjoyment; original:describes_high_quality; original:contains_criticism; original:mentions_disappointment; original:mentions_bad_acting_or_writing; original:contains_irony_or_sarcasm; original:contains_mixed_sentiment; original:sounds_uncertain; original:uses_emotional_language; original:mentions_exciting_content; alternative:sst2_alt_c02; alternative:sst2_alt_c03; alternative:sst2_alt_c06; alternative:sst2_alt_c07; alternative:sst2_alt_c13; alternative:sst2_alt_c14; alternative:sst2_alt_c17; alternative:sst2_alt_c19; alternative:sst2_alt_c20; alternative:sst2_alt_c31
SST-2,75,2027,8,12,0.9400,0.9389,0.9470,+0.0040,original:contains_criticism; original:describes_low_quality; original:uses_strong_opinion; original:sounds_uncertain; original:uses_emotional_language; original:contains_recommendation; original:mentions_exciting_content; original:mentions_boredom; alternative:sst2_alt_c02; alternative:sst2_alt_c03; alternative:sst2_alt_c06; alternative:sst2_alt_c11; alternative:sst2_alt_c13; alternative:sst2_alt_c14; alternative:sst2_alt_c18; alternative:sst2_alt_c26; alternative:sst2_alt_c33; alternative:sst2_alt_c34; alternative:sst2_alt_c35; alternative:sst2_alt_c38
SST-2,76,2027,10,10,0.9140,0.9139,0.9173,-0.0211,original:expresses_positive_emotion; original:contains_praise; original:contains_criticism; original:mentions_bad_acting_or_writing; original:uses_strong_opinion; original:contains_irony_or_sarcasm; original:contains_mixed_sentiment; original:sounds_uncertain; original:mentions_exciting_content; original:sounds_confident; alternative:sst2_alt_c03; alternative:sst2_alt_c06; alternative:sst2_alt_c10; alternative:sst2_alt_c13; alternative:sst2_alt_c18; alternative:sst2_alt_c25; alternative:sst2_alt_c26; alternative:sst2_alt_c31; alternative:sst2_alt_c33; alternative:sst2_alt_c35
SST-2,77,2027,7,13,0.9150,0.9149,0.9182,-0.0201,original:expresses_positive_emotion; original:contains_praise; original:contains_criticism; original:contains_comparison; original:sounds_uncertain; original:mentions_exciting_content; original:mentions_boredom; alternative:sst2_alt_c02; alternative:sst2_alt_c03; alternative:sst2_alt_c07; alternative:sst2_alt_c11; alternative:sst2_alt_c13; alternative:sst2_alt_c20; alternative:sst2_alt_c26; alternative:sst2_alt_c27; alternative:sst2_alt_c31; alternative:sst2_alt_c33; alternative:sst2_alt_c34; alternative:sst2_alt_c35; alternative:sst2_alt_c38
SST-2,78,2027,8,12,0.9070,0.9069,0.9098,-0.0280,original:expresses_positive_emotion; original:contains_praise; original:mentions_enjoyment; original:describes_high_quality; original:mentions_good_acting_or_writing; original:mentions_bad_acting_or_writing; original:uses_emotional_language; original:sounds_confident; alternative:sst2_alt_c02; alternative:sst2_alt_c07; alternative:sst2_alt_c10; alternative:sst2_alt_c13; alternative:sst2_alt_c14; alternative:sst2_alt_c18; alternative:sst2_alt_c20; alternative:sst2_alt_c25; alternative:sst2_alt_c31; alternative:sst2_alt_c33; alternative:sst2_alt_c34; alternative:sst2_alt_c35
SST-2,79,2027,8,12,0.8700,0.8696,0.8771,-0.0654,original:mentions_enjoyment; original:mentions_disappointment; original:mentions_good_acting_or_writing; original:mentions_bad_acting_or_writing; original:contains_irony_or_sarcasm; original:uses_emotional_language; original:mentions_boredom; original:sounds_confident; alternative:sst2_alt_c03; alternative:sst2_alt_c06; alternative:sst2_alt_c07; alternative:sst2_alt_c10; alternative:sst2_alt_c17; alternative:sst2_alt_c18; alternative:sst2_alt_c20; alternative:sst2_alt_c25; alternative:sst2_alt_c26; alternative:sst2_alt_c33; alternative:sst2_alt_c34; alternative:sst2_alt_c35
SST-2,80,2027,12,8,0.9350,0.9338,0.9427,-0.0011,original:mentions_enjoyment; original:describes_high_quality; original:expresses_negative_emotion; original:mentions_disappointment; original:describes_low_quality; original:mentions_bad_acting_or_writing; original:contains_comparison; original:contains_mixed_sentiment; original:uses_emotional_language; original:contains_recommendation; original:mentions_exciting_content; original:mentions_boredom; alternative:sst2_alt_c03; alternative:sst2_alt_c10; alternative:sst2_alt_c11; alternative:sst2_alt_c17; alternative:sst2_alt_c18; alternative:sst2_alt_c27; alternative:sst2_alt_c31; alternative:sst2_alt_c33
SST-2,81,2027,11,9,0.9110,0.9109,0.9142,-0.0241,original:expresses_positive_emotion; original:describes_high_quality; original:mentions_disappointment; original:mentions_good_acting_or_writing; original:mentions_bad_acting_or_writing; original:contains_comparison; original:contains_irony_or_sarcasm; original:uses_emotional_language; original:contains_recommendation; original:mentions_exciting_content; original:mentions_boredom; alternative:sst2_alt_c03; alternative:sst2_alt_c06; alternative:sst2_alt_c13; alternative:sst2_alt_c14; alternative:sst2_alt_c19; alternative:sst2_alt_c20; alternative:sst2_alt_c25; alternative:sst2_alt_c35; alternative:sst2_alt_c38
SST-2,82,2027,9,11,0.9460,0.9451,0.9522,+0.0101,original:describes_high_quality; original:expresses_negative_emotion; original:describes_low_quality; original:mentions_good_acting_or_writing; original:contains_comparison; original:sounds_uncertain; original:contains_recommendation; original:mentions_boredom; original:sounds_confident; alternative:sst2_alt_c02; alternative:sst2_alt_c03; alternative:sst2_alt_c11; alternative:sst2_alt_c17; alternative:sst2_alt_c18; alternative:sst2_alt_c19; alternative:sst2_alt_c20; alternative:sst2_alt_c26; alternative:sst2_alt_c27; alternative:sst2_alt_c35; alternative:sst2_alt_c38
SST-2,83,2027,10,10,0.9370,0.9359,0.9442,+0.0010,original:expresses_positive_emotion; original:mentions_enjoyment; original:expresses_negative_emotion; original:contains_criticism; original:describes_low_quality; original:contains_comparison; original:contains_recommendation; original:mentions_exciting_content; original:mentions_boredom; original:sounds_confident; alternative:sst2_alt_c02; alternative:sst2_alt_c03; alternative:sst2_alt_c07; alternative:sst2_alt_c10; alternative:sst2_alt_c14; alternative:sst2_alt_c31; alternative:sst2_alt_c33; alternative:sst2_alt_c34; alternative:sst2_alt_c35; alternative:sst2_alt_c38
SST-2,84,2027,12,8,0.9060,0.9059,0.9091,-0.0290,original:expresses_positive_emotion; original:contains_praise; original:describes_high_quality; original:expresses_negative_emotion; original:mentions_good_acting_or_writing; original:mentions_bad_acting_or_writing; original:uses_strong_opinion; original:contains_irony_or_sarcasm; original:sounds_uncertain; original:uses_emotional_language; original:contains_recommendation; original:sounds_confident; alternative:sst2_alt_c14; alternative:sst2_alt_c19; alternative:sst2_alt_c26; alternative:sst2_alt_c27; alternative:sst2_alt_c33; alternative:sst2_alt_c34; alternative:sst2_alt_c35; alternative:sst2_alt_c38
SST-2,85,2027,10,10,0.9110,0.9109,0.9143,-0.0241,original:expresses_positive_emotion; original:mentions_enjoyment; original:expresses_negative_emotion; original:describes_low_quality; original:mentions_good_acting_or_writing; original:contains_comparison; original:contains_irony_or_sarcasm; original:contains_mixed_sentiment; original:mentions_boredom; original:sounds_confident; alternative:sst2_alt_c02; alternative:sst2_alt_c03; alternative:sst2_alt_c06; alternative:sst2_alt_c07; alternative:sst2_alt_c10; alternative:sst2_alt_c13; alternative:sst2_alt_c18; alternative:sst2_alt_c19; alternative:sst2_alt_c27; alternative:sst2_alt_c33
SST-2,86,2027,9,11,0.9110,0.9109,0.9138,-0.0240,original:expresses_positive_emotion; original:mentions_enjoyment; original:expresses_negative_emotion; original:describes_low_quality; original:mentions_good_acting_or_writing; original:contains_comparison; original:contains_irony_or_sarcasm; original:contains_mixed_sentiment; original:uses_emotional_language; alternative:sst2_alt_c02; alternative:sst2_alt_c03; alternative:sst2_alt_c07; alternative:sst2_alt_c11; alternative:sst2_alt_c14; alternative:sst2_alt_c18; alternative:sst2_alt_c19; alternative:sst2_alt_c25; alternative:sst2_alt_c26; alternative:sst2_alt_c33; alternative:sst2_alt_c38
SST-2,87,2027,9,11,0.9380,0.9369,0.9453,+0.0019,original:mentions_enjoyment; original:contains_criticism; original:mentions_good_acting_or_writing; original:uses_strong_opinion; original:contains_irony_or_sarcasm; original:contains_mixed_sentiment; original:sounds_uncertain; original:contains_recommendation; original:mentions_boredom; alternative:sst2_alt_c02; alternative:sst2_alt_c03; alternative:sst2_alt_c07; alternative:sst2_alt_c10; alternative:sst2_alt_c14; alternative:sst2_alt_c19; alternative:sst2_alt_c20; alternative:sst2_alt_c33; alternative:sst2_alt_c34; alternative:sst2_alt_c35; alternative:sst2_alt_c38
SST-2,88,2027,12,8,0.9010,0.9009,0.9034,-0.0340,original:contains_praise; original:describes_high_quality; original:mentions_good_acting_or_writing; original:mentions_bad_acting_or_writing; original:contains_comparison; original:contains_irony_or_sarcasm; original:contains_mixed_sentiment; original:sounds_uncertain; original:uses_emotional_language; original:contains_recommendation; original:mentions_boredom; original:sounds_confident; alternative:sst2_alt_c02; alternative:sst2_alt_c07; alternative:sst2_alt_c10; alternative:sst2_alt_c20; alternative:sst2_alt_c26; alternative:sst2_alt_c27; alternative:sst2_alt_c35; alternative:sst2_alt_c38
SST-2,89,2027,12,8,0.9120,0.9119,0.9154,-0.0231,original:expresses_positive_emotion; original:contains_praise; original:mentions_enjoyment; original:contains_criticism; original:describes_low_quality; original:mentions_bad_acting_or_writing; original:contains_comparison; original:uses_strong_opinion; original:contains_irony_or_sarcasm; original:contains_mixed_sentiment; original:uses_emotional_language; original:mentions_exciting_content; alternative:sst2_alt_c03; alternative:sst2_alt_c10; alternative:sst2_alt_c11; alternative:sst2_alt_c17; alternative:sst2_alt_c19; alternative:sst2_alt_c26; alternative:sst2_alt_c31; alternative:sst2_alt_c35
SST-2,90,2027,9,11,0.9130,0.9129,0.9164,-0.0221,original:expresses_positive_emotion; original:contains_praise; original:mentions_enjoyment; original:describes_high_quality; original:expresses_negative_emotion; original:mentions_bad_acting_or_writing; original:contains_irony_or_sarcasm; original:uses_emotional_language; original:contains_recommendation; alternative:sst2_alt_c02; alternative:sst2_alt_c03; alternative:sst2_alt_c06; alternative:sst2_alt_c07; alternative:sst2_alt_c10; alternative:sst2_alt_c11; alternative:sst2_alt_c13; alternative:sst2_alt_c20; alternative:sst2_alt_c26; alternative:sst2_alt_c35; alternative:sst2_alt_c38
SST-2,91,2027,12,8,0.9090,0.9089,0.9122,-0.0261,original:expresses_positive_emotion; original:describes_high_quality; original:contains_criticism; original:mentions_disappointment; original:mentions_good_acting_or_writing; original:contains_comparison; original:contains_mixed_sentiment; original:sounds_uncertain; original:contains_recommendation; original:mentions_exciting_content; original:mentions_boredom; original:sounds_confident; alternative:sst2_alt_c07; alternative:sst2_alt_c11; alternative:sst2_alt_c13; alternative:sst2_alt_c14; alternative:sst2_alt_c17; alternative:sst2_alt_c26; alternative:sst2_alt_c33; alternative:sst2_alt_c35
SST-2,92,2027,12,8,0.9010,0.9009,0.9038,-0.0340,original:expresses_positive_emotion; original:contains_praise; original:mentions_enjoyment; original:mentions_disappointment; original:describes_low_quality; original:mentions_bad_acting_or_writing; original:contains_comparison; original:uses_strong_opinion; original:uses_emotional_language; original:mentions_exciting_content; original:mentions_boredom; original:sounds_confident; alternative:sst2_alt_c06; alternative:sst2_alt_c07; alternative:sst2_alt_c11; alternative:sst2_alt_c13; alternative:sst2_alt_c20; alternative:sst2_alt_c25; alternative:sst2_alt_c26; alternative:sst2_alt_c34
SST-2,93,2027,13,7,0.9100,0.9099,0.9135,-0.0251,original:expresses_positive_emotion; original:mentions_enjoyment; original:describes_high_quality; original:expresses_negative_emotion; original:describes_low_quality; original:mentions_good_acting_or_writing; original:mentions_bad_acting_or_writing; original:contains_irony_or_sarcasm; original:contains_mixed_sentiment; original:sounds_uncertain; original:uses_emotional_language; original:contains_recommendation; original:sounds_confident; alternative:sst2_alt_c02; alternative:sst2_alt_c06; alternative:sst2_alt_c17; alternative:sst2_alt_c25; alternative:sst2_alt_c26; alternative:sst2_alt_c34; alternative:sst2_alt_c35
SST-2,94,2027,8,12,0.9100,0.9099,0.9131,-0.0251,original:expresses_positive_emotion; original:mentions_enjoyment; original:describes_high_quality; original:mentions_bad_acting_or_writing; original:contains_recommendation; original:mentions_exciting_content; original:mentions_boredom; original:sounds_confident; alternative:sst2_alt_c02; alternative:sst2_alt_c03; alternative:sst2_alt_c11; alternative:sst2_alt_c13; alternative:sst2_alt_c14; alternative:sst2_alt_c17; alternative:sst2_alt_c18; alternative:sst2_alt_c20; alternative:sst2_alt_c27; alternative:sst2_alt_c33; alternative:sst2_alt_c35; alternative:sst2_alt_c38
SST-2,95,2027,11,9,0.9450,0.9440,0.9515,+0.0090,original:mentions_enjoyment; original:expresses_negative_emotion; original:contains_criticism; original:mentions_disappointment; original:describes_low_quality; original:mentions_bad_acting_or_writing; original:uses_strong_opinion; original:contains_mixed_sentiment; original:sounds_uncertain; original:contains_recommendation; original:mentions_exciting_content; alternative:sst2_alt_c02; alternative:sst2_alt_c07; alternative:sst2_alt_c10; alternative:sst2_alt_c13; alternative:sst2_alt_c14; alternative:sst2_alt_c17; alternative:sst2_alt_c26; alternative:sst2_alt_c27; alternative:sst2_alt_c35
SST-2,96,2027,9,11,0.9390,0.9379,0.9461,+0.0030,original:contains_criticism; original:uses_strong_opinion; original:contains_mixed_sentiment; original:sounds_uncertain; original:uses_emotional_language; original:contains_recommendation; original:mentions_exciting_content; original:mentions_boredom; original:sounds_confident; alternative:sst2_alt_c02; alternative:sst2_alt_c07; alternative:sst2_alt_c11; alternative:sst2_alt_c13; alternative:sst2_alt_c14; alternative:sst2_alt_c19; alternative:sst2_alt_c25; alternative:sst2_alt_c26; alternative:sst2_alt_c27; alternative:sst2_alt_c31; alternative:sst2_alt_c33
SST-2,97,2027,10,10,0.9390,0.9378,0.9464,+0.0029,original:mentions_enjoyment; original:expresses_negative_emotion; original:contains_criticism; original:mentions_disappointment; original:describes_low_quality; original:mentions_good_acting_or_writing; original:contains_irony_or_sarcasm; original:contains_mixed_sentiment; original:contains_recommendation; original:sounds_confident; alternative:sst2_alt_c10; alternative:sst2_alt_c13; alternative:sst2_alt_c18; alternative:sst2_alt_c19; alternative:sst2_alt_c20; alternative:sst2_alt_c25; alternative:sst2_alt_c26; alternative:sst2_alt_c27; alternative:sst2_alt_c31; alternative:sst2_alt_c35
SST-2,98,2027,11,9,0.9040,0.9039,0.9073,-0.0311,original:expresses_positive_emotion; original:mentions_enjoyment; original:expresses_negative_emotion; original:mentions_disappointment; original:describes_low_quality; original:mentions_good_acting_or_writing; original:contains_irony_or_sarcasm; original:contains_mixed_sentiment; original:contains_recommendation; original:mentions_exciting_content; original:sounds_confident; alternative:sst2_alt_c06; alternative:sst2_alt_c07; alternative:sst2_alt_c14; alternative:sst2_alt_c18; alternative:sst2_alt_c25; alternative:sst2_alt_c26; alternative:sst2_alt_c33; alternative:sst2_alt_c34; alternative:sst2_alt_c38
SST-2,99,2027,12,8,0.9350,0.9339,0.9423,-0.0010,original:expresses_positive_emotion; original:contains_praise; original:mentions_enjoyment; original:expresses_negative_emotion; original:mentions_disappointment; original:mentions_bad_acting_or_writing; original:contains_comparison; original:uses_strong_opinion; original:sounds_uncertain; original:uses_emotional_language; original:contains_recommendation; original:mentions_exciting_content; alternative:sst2_alt_c02; alternative:sst2_alt_c03; alternative:sst2_alt_c07; alternative:sst2_alt_c13; alternative:sst2_alt_c17; alternative:sst2_alt_c26; alternative:sst2_alt_c33; alternative:sst2_alt_c38
SST-2,100,2027,10,10,0.9070,0.9069,0.9096,-0.0280,original:expresses_positive_emotion; original:mentions_enjoyment; original:mentions_disappointment; original:describes_low_quality; original:contains_comparison; original:uses_strong_opinion; original:contains_mixed_sentiment; original:uses_emotional_language; original:mentions_exciting_content; original:sounds_confident; alternative:sst2_alt_c02; alternative:sst2_alt_c07; alternative:sst2_alt_c13; alternative:sst2_alt_c14; alternative:sst2_alt_c20; alternative:sst2_alt_c26; alternative:sst2_alt_c27; alternative:sst2_alt_c34; alternative:sst2_alt_c35; alternative:sst2_alt_c38
ADE,1,2028,10,10,0.7940,0.7543,0.6555,-0.0034,original:mentions_drug_discontinuation; original:mentions_adverse_reaction; original:links_event_to_medication; original:mentions_temporal_after_use; original:mentions_onset_or_duration; original:contains_negation_no_event; original:contains_uncertainty_or_possible; original:states_alternative_cause; original:mentions_expected_therapeutic_effect; original:discusses_general_pharmacology; alternative:ade_alt_c03; alternative:ade_alt_c10; alternative:ade_alt_c12; alternative:ade_alt_c17; alternative:ade_alt_c19; alternative:ade_alt_c26; alternative:ade_alt_c27; alternative:ade_alt_c28; alternative:ade_alt_c39; alternative:ade_alt_c35
ADE,2,2028,9,11,0.8090,0.7669,0.6678,+0.0092,original:mentions_drug_discontinuation; original:mentions_symptom_or_condition; original:mentions_adverse_reaction; original:mentions_severity; original:links_event_to_medication; original:contains_negation_no_event; original:reports_no_drug_link; original:describes_indication_or_background; original:discusses_general_pharmacology; alternative:ade_alt_c02; alternative:ade_alt_c09; alternative:ade_alt_c10; alternative:ade_alt_c11; alternative:ade_alt_c12; alternative:ade_alt_c17; alternative:ade_alt_c18; alternative:ade_alt_c20; alternative:ade_alt_c27; alternative:ade_alt_c35; alternative:ade_alt_c36
ADE,3,2028,12,8,0.8020,0.7638,0.6689,+0.0062,original:mentions_medication_or_drug; original:mentions_dose_or_frequency; original:mentions_symptom_or_condition; original:mentions_adverse_reaction; original:mentions_severity; original:mentions_lab_or_diagnostic_abnormality; original:links_event_to_medication; original:mentions_rechallenge_or_recovery; original:mentions_onset_or_duration; original:contains_uncertainty_or_possible; original:states_alternative_cause; original:discusses_general_pharmacology; alternative:ade_alt_c01; alternative:ade_alt_c02; alternative:ade_alt_c11; alternative:ade_alt_c17; alternative:ade_alt_c27; alternative:ade_alt_c28; alternative:ade_alt_c35; alternative:ade_alt_c36
ADE,4,2028,10,10,0.8060,0.7668,0.6712,+0.0091,original:mentions_medication_or_drug; original:mentions_drug_discontinuation; original:mentions_symptom_or_condition; original:mentions_adverse_reaction; original:mentions_severity; original:mentions_lab_or_diagnostic_abnormality; original:links_event_to_medication; original:mentions_onset_or_duration; original:mentions_expected_therapeutic_effect; original:describes_indication_or_background; alternative:ade_alt_c01; alternative:ade_alt_c11; alternative:ade_alt_c12; alternative:ade_alt_c17; alternative:ade_alt_c19; alternative:ade_alt_c29; alternative:ade_alt_c27; alternative:ade_alt_c28; alternative:ade_alt_c37; alternative:ade_alt_c36
ADE,5,2028,12,8,0.8090,0.7674,0.6690,+0.0097,original:mentions_medication_or_drug; original:mentions_dose_or_frequency; original:mentions_drug_discontinuation; original:mentions_drug_interaction; original:mentions_severity; original:mentions_lab_or_diagnostic_abnormality; original:links_event_to_medication; original:mentions_rechallenge_or_recovery; original:contains_negation_no_event; original:reports_no_drug_link; original:mentions_expected_therapeutic_effect; original:discusses_general_pharmacology; alternative:ade_alt_c01; alternative:ade_alt_c02; alternative:ade_alt_c09; alternative:ade_alt_c10; alternative:ade_alt_c12; alternative:ade_alt_c18; alternative:ade_alt_c26; alternative:ade_alt_c39
ADE,6,2028,12,8,0.7980,0.7522,0.6456,-0.0055,original:mentions_medication_or_drug; original:mentions_dose_or_frequency; original:mentions_drug_discontinuation; original:mentions_drug_interaction; original:mentions_symptom_or_condition; original:mentions_rechallenge_or_recovery; original:contains_negation_no_event; original:contains_uncertainty_or_possible; original:states_alternative_cause; original:mentions_study_or_trial_context; original:mentions_expected_therapeutic_effect; original:discusses_general_pharmacology; alternative:ade_alt_c03; alternative:ade_alt_c10; alternative:ade_alt_c17; alternative:ade_alt_c19; alternative:ade_alt_c29; alternative:ade_alt_c26; alternative:ade_alt_c28; alternative:ade_alt_c37
ADE,7,2028,11,9,0.8050,0.7667,0.6723,+0.0091,original:mentions_medication_or_drug; original:mentions_drug_interaction; original:mentions_symptom_or_condition; original:mentions_adverse_reaction; original:contains_negation_no_event; original:contains_uncertainty_or_possible; original:states_alternative_cause; original:reports_no_drug_link; original:mentions_study_or_trial_context; original:mentions_expected_therapeutic_effect; original:describes_indication_or_background; alternative:ade_alt_c04; alternative:ade_alt_c09; alternative:ade_alt_c17; alternative:ade_alt_c19; alternative:ade_alt_c29; alternative:ade_alt_c26; alternative:ade_alt_c37; alternative:ade_alt_c39; alternative:ade_alt_c35
ADE,8,2028,9,11,0.7850,0.7433,0.6399,-0.0143,original:mentions_adverse_reaction; original:mentions_lab_or_diagnostic_abnormality; original:mentions_onset_or_duration; original:contains_uncertainty_or_possible; original:states_alternative_cause; original:reports_no_drug_link; original:mentions_study_or_trial_context; original:mentions_expected_therapeutic_effect; original:discusses_general_pharmacology; alternative:ade_alt_c01; alternative:ade_alt_c02; alternative:ade_alt_c11; alternative:ade_alt_c12; alternative:ade_alt_c17; alternative:ade_alt_c29; alternative:ade_alt_c27; alternative:ade_alt_c37; alternative:ade_alt_c39; alternative:ade_alt_c35; alternative:ade_alt_c36
ADE,9,2028,10,10,0.8020,0.7586,0.6562,+0.0009,original:mentions_drug_interaction; original:mentions_symptom_or_condition; original:mentions_severity; original:links_event_to_medication; original:mentions_temporal_after_use; original:mentions_rechallenge_or_recovery; original:mentions_study_or_trial_context; original:mentions_expected_therapeutic_effect; original:describes_indication_or_background; original:discusses_general_pharmacology; alternative:ade_alt_c01; alternative:ade_alt_c02; alternative:ade_alt_c10; alternative:ade_alt_c12; alternative:ade_alt_c17; alternative:ade_alt_c19; alternative:ade_alt_c20; alternative:ade_alt_c29; alternative:ade_alt_c27; alternative:ade_alt_c37
ADE,10,2028,11,9,0.8140,0.7732,0.6771,+0.0156,original:mentions_medication_or_drug; original:mentions_dose_or_frequency; original:mentions_drug_discontinuation; original:mentions_adverse_reaction; original:mentions_lab_or_diagnostic_abnormality; original:mentions_rechallenge_or_recovery; original:mentions_onset_or_duration; original:contains_uncertainty_or_possible; original:mentions_study_or_trial_context; original:describes_indication_or_background; original:discusses_general_pharmacology; alternative:ade_alt_c01; alternative:ade_alt_c02; alternative:ade_alt_c04; alternative:ade_alt_c09; alternative:ade_alt_c10; alternative:ade_alt_c17; alternative:ade_alt_c28; alternative:ade_alt_c37; alternative:ade_alt_c36
ADE,11,2028,11,9,0.8080,0.7669,0.6690,+0.0092,original:mentions_drug_discontinuation; original:mentions_drug_interaction; original:mentions_symptom_or_condition; original:mentions_adverse_reaction; original:mentions_severity; original:mentions_lab_or_diagnostic_abnormality; original:links_event_to_medication; original:mentions_temporal_after_use; original:states_alternative_cause; original:reports_no_drug_link; original:describes_indication_or_background; alternative:ade_alt_c01; alternative:ade_alt_c03; alternative:ade_alt_c09; alternative:ade_alt_c10; alternative:ade_alt_c11; alternative:ade_alt_c26; alternative:ade_alt_c27; alternative:ade_alt_c37; alternative:ade_alt_c35
ADE,12,2028,12,8,0.7920,0.7495,0.6463,-0.0082,original:mentions_medication_or_drug; original:mentions_dose_or_frequency; original:mentions_drug_discontinuation; original:mentions_symptom_or_condition; original:mentions_severity; original:mentions_lab_or_diagnostic_abnormality; original:mentions_temporal_after_use; original:mentions_rechallenge_or_recovery; original:mentions_onset_or_duration; original:contains_negation_no_event; original:reports_no_drug_link; original:mentions_study_or_trial_context; alternative:ade_alt_c09; alternative:ade_alt_c12; alternative:ade_alt_c17; alternative:ade_alt_c18; alternative:ade_alt_c20; alternative:ade_alt_c26; alternative:ade_alt_c27; alternative:ade_alt_c36
ADE,13,2028,11,9,0.8140,0.7723,0.6748,+0.0146,original:mentions_medication_or_drug; original:mentions_drug_discontinuation; original:mentions_drug_interaction; original:mentions_adverse_reaction; original:mentions_lab_or_diagnostic_abnormality; original:mentions_temporal_after_use; original:mentions_rechallenge_or_recovery; original:contains_negation_no_event; original:states_alternative_cause; original:mentions_study_or_trial_context; original:mentions_expected_therapeutic_effect; alternative:ade_alt_c02; alternative:ade_alt_c04; alternative:ade_alt_c18; alternative:ade_alt_c20; alternative:ade_alt_c26; alternative:ade_alt_c28; alternative:ade_alt_c37; alternative:ade_alt_c39; alternative:ade_alt_c36
ADE,14,2028,13,7,0.7930,0.7509,0.6486,-0.0067,original:mentions_medication_or_drug; original:mentions_dose_or_frequency; original:mentions_drug_discontinuation; original:mentions_drug_interaction; original:mentions_symptom_or_condition; original:mentions_severity; original:mentions_onset_or_duration; original:contains_negation_no_event; original:contains_uncertainty_or_possible; original:reports_no_drug_link; original:mentions_study_or_trial_context; original:mentions_expected_therapeutic_effect; original:discusses_general_pharmacology; alternative:ade_alt_c03; alternative:ade_alt_c09; alternative:ade_alt_c17; alternative:ade_alt_c19; alternative:ade_alt_c29; alternative:ade_alt_c26; alternative:ade_alt_c39
ADE,15,2028,11,9,0.8110,0.7643,0.6595,+0.0067,original:mentions_dose_or_frequency; original:mentions_drug_discontinuation; original:mentions_drug_interaction; original:mentions_severity; original:mentions_lab_or_diagnostic_abnormality; original:links_event_to_medication; original:mentions_rechallenge_or_recovery; original:mentions_onset_or_duration; original:contains_negation_no_event; original:reports_no_drug_link; original:mentions_expected_therapeutic_effect; alternative:ade_alt_c04; alternative:ade_alt_c09; alternative:ade_alt_c10; alternative:ade_alt_c11; alternative:ade_alt_c18; alternative:ade_alt_c27; alternative:ade_alt_c28; alternative:ade_alt_c39; alternative:ade_alt_c35
ADE,16,2028,10,10,0.7950,0.7543,0.6543,-0.0034,original:mentions_dose_or_frequency; original:mentions_drug_discontinuation; original:mentions_severity; original:links_event_to_medication; original:mentions_onset_or_duration; original:contains_negation_no_event; original:reports_no_drug_link; original:mentions_study_or_trial_context; original:mentions_expected_therapeutic_effect; original:describes_indication_or_background; alternative:ade_alt_c01; alternative:ade_alt_c04; alternative:ade_alt_c09; alternative:ade_alt_c12; alternative:ade_alt_c18; alternative:ade_alt_c19; alternative:ade_alt_c29; alternative:ade_alt_c28; alternative:ade_alt_c37; alternative:ade_alt_c35
ADE,17,2028,10,10,0.7740,0.7349,0.6331,-0.0227,original:mentions_medication_or_drug; original:mentions_drug_interaction; original:mentions_symptom_or_condition; original:mentions_lab_or_diagnostic_abnormality; original:mentions_onset_or_duration; original:contains_negation_no_event; original:contains_uncertainty_or_possible; original:states_alternative_cause; original:mentions_study_or_trial_context; original:discusses_general_pharmacology; alternative:ade_alt_c01; alternative:ade_alt_c02; alternative:ade_alt_c04; alternative:ade_alt_c10; alternative:ade_alt_c11; alternative:ade_alt_c20; alternative:ade_alt_c37; alternative:ade_alt_c39; alternative:ade_alt_c35; alternative:ade_alt_c36
ADE,18,2028,10,10,0.7980,0.7600,0.6645,+0.0023,original:mentions_medication_or_drug; original:mentions_drug_discontinuation; original:mentions_drug_interaction; original:mentions_adverse_reaction; original:mentions_temporal_after_use; original:mentions_onset_or_duration; original:contains_negation_no_event; original:states_alternative_cause; original:reports_no_drug_link; original:discusses_general_pharmacology; alternative:ade_alt_c01; alternative:ade_alt_c03; alternative:ade_alt_c09; alternative:ade_alt_c12; alternative:ade_alt_c17; alternative:ade_alt_c20; alternative:ade_alt_c29; alternative:ade_alt_c26; alternative:ade_alt_c37; alternative:ade_alt_c39
ADE,19,2028,12,8,0.8060,0.7567,0.6473,-0.0009,original:mentions_medication_or_drug; original:mentions_drug_discontinuation; original:mentions_drug_interaction; original:mentions_lab_or_diagnostic_abnormality; original:mentions_temporal_after_use; original:mentions_rechallenge_or_recovery; original:contains_negation_no_event; original:contains_uncertainty_or_possible; original:reports_no_drug_link; original:mentions_study_or_trial_context; original:mentions_expected_therapeutic_effect; original:describes_indication_or_background; alternative:ade_alt_c02; alternative:ade_alt_c03; alternative:ade_alt_c11; alternative:ade_alt_c12; alternative:ade_alt_c17; alternative:ade_alt_c19; alternative:ade_alt_c26; alternative:ade_alt_c37
ADE,20,2028,10,10,0.8160,0.7713,0.6703,+0.0137,original:mentions_dose_or_frequency; original:mentions_drug_discontinuation; original:mentions_drug_interaction; original:mentions_symptom_or_condition; original:mentions_adverse_reaction; original:mentions_temporal_after_use; original:mentions_rechallenge_or_recovery; original:mentions_onset_or_duration; original:describes_indication_or_background; original:discusses_general_pharmacology; alternative:ade_alt_c02; alternative:ade_alt_c03; alternative:ade_alt_c04; alternative:ade_alt_c10; alternative:ade_alt_c11; alternative:ade_alt_c12; alternative:ade_alt_c18; alternative:ade_alt_c29; alternative:ade_alt_c27; alternative:ade_alt_c39
ADE,21,2028,12,8,0.8000,0.7572,0.6552,-0.0005,original:mentions_medication_or_drug; original:mentions_drug_discontinuation; original:mentions_drug_interaction; original:mentions_severity; original:mentions_lab_or_diagnostic_abnormality; original:mentions_temporal_after_use; original:contains_negation_no_event; original:contains_uncertainty_or_possible; original:mentions_study_or_trial_context; original:mentions_expected_therapeutic_effect; original:describes_indication_or_background; original:discusses_general_pharmacology; alternative:ade_alt_c01; alternative:ade_alt_c02; alternative:ade_alt_c10; alternative:ade_alt_c11; alternative:ade_alt_c19; alternative:ade_alt_c29; alternative:ade_alt_c37; alternative:ade_alt_c39
ADE,22,2028,10,10,0.8160,0.7747,0.6783,+0.0171,original:mentions_medication_or_drug; original:mentions_adverse_reaction; original:mentions_severity; original:links_event_to_medication; original:mentions_temporal_after_use; original:states_alternative_cause; original:reports_no_drug_link; original:mentions_expected_therapeutic_effect; original:describes_indication_or_background; original:discusses_general_pharmacology; alternative:ade_alt_c01; alternative:ade_alt_c02; alternative:ade_alt_c03; alternative:ade_alt_c11; alternative:ade_alt_c12; alternative:ade_alt_c18; alternative:ade_alt_c26; alternative:ade_alt_c27; alternative:ade_alt_c39; alternative:ade_alt_c35
ADE,23,2028,9,11,0.8050,0.7625,0.6620,+0.0048,original:mentions_medication_or_drug; original:mentions_drug_interaction; original:mentions_adverse_reaction; original:links_event_to_medication; original:mentions_temporal_after_use; original:mentions_rechallenge_or_recovery; original:mentions_onset_or_duration; original:states_alternative_cause; original:discusses_general_pharmacology; alternative:ade_alt_c04; alternative:ade_alt_c10; alternative:ade_alt_c11; alternative:ade_alt_c12; alternative:ade_alt_c18; alternative:ade_alt_c20; alternative:ade_alt_c29; alternative:ade_alt_c26; alternative:ade_alt_c37; alternative:ade_alt_c39; alternative:ade_alt_c36
ADE,24,2028,13,7,0.7930,0.7543,0.6567,-0.0034,original:mentions_medication_or_drug; original:mentions_dose_or_frequency; original:mentions_drug_discontinuation; original:mentions_drug_interaction; original:mentions_severity; original:links_event_to_medication; original:mentions_temporal_after_use; original:mentions_rechallenge_or_recovery; original:contains_negation_no_event; original:states_alternative_cause; original:reports_no_drug_link; original:mentions_expected_therapeutic_effect; original:discusses_general_pharmacology; alternative:ade_alt_c09; alternative:ade_alt_c11; alternative:ade_alt_c12; alternative:ade_alt_c17; alternative:ade_alt_c20; alternative:ade_alt_c39; alternative:ade_alt_c35
ADE,25,2028,9,11,0.7680,0.7317,0.6329,-0.0260,original:mentions_drug_discontinuation; original:mentions_lab_or_diagnostic_abnormality; original:links_event_to_medication; original:mentions_temporal_after_use; original:contains_negation_no_event; original:states_alternative_cause; original:mentions_study_or_trial_context; original:describes_indication_or_background; original:discusses_general_pharmacology; alternative:ade_alt_c01; alternative:ade_alt_c03; alternative:ade_alt_c04; alternative:ade_alt_c11; alternative:ade_alt_c20; alternative:ade_alt_c29; alternative:ade_alt_c26; alternative:ade_alt_c27; alternative:ade_alt_c39; alternative:ade_alt_c35; alternative:ade_alt_c36
ADE,26,2028,8,12,0.8130,0.7732,0.6781,+0.0155,original:mentions_medication_or_drug; original:mentions_dose_or_frequency; original:mentions_drug_discontinuation; original:mentions_adverse_reaction; original:mentions_rechallenge_or_recovery; original:mentions_onset_or_duration; original:contains_uncertainty_or_possible; original:discusses_general_pharmacology; alternative:ade_alt_c02; alternative:ade_alt_c03; alternative:ade_alt_c10; alternative:ade_alt_c11; alternative:ade_alt_c12; alternative:ade_alt_c17; alternative:ade_alt_c19; alternative:ade_alt_c27; alternative:ade_alt_c28; alternative:ade_alt_c39; alternative:ade_alt_c35; alternative:ade_alt_c36
ADE,27,2028,9,11,0.7910,0.7495,0.6476,-0.0082,original:mentions_dose_or_frequency; original:mentions_drug_discontinuation; original:mentions_symptom_or_condition; original:mentions_lab_or_diagnostic_abnormality; original:contains_negation_no_event; original:contains_uncertainty_or_possible; original:reports_no_drug_link; original:mentions_study_or_trial_context; original:describes_indication_or_background; alternative:ade_alt_c01; alternative:ade_alt_c02; alternative:ade_alt_c10; alternative:ade_alt_c12; alternative:ade_alt_c17; alternative:ade_alt_c20; alternative:ade_alt_c29; alternative:ade_alt_c27; alternative:ade_alt_c37; alternative:ade_alt_c35; alternative:ade_alt_c36
ADE,28,2028,10,10,0.7870,0.7495,0.6525,-0.0082,original:mentions_medication_or_drug; original:mentions_adverse_reaction; original:mentions_severity; original:mentions_lab_or_diagnostic_abnormality; original:mentions_temporal_after_use; original:contains_uncertainty_or_possible; original:states_alternative_cause; original:reports_no_drug_link; original:describes_indication_or_background; original:discusses_general_pharmacology; alternative:ade_alt_c01; alternative:ade_alt_c02; alternative:ade_alt_c03; alternative:ade_alt_c04; alternative:ade_alt_c29; alternative:ade_alt_c26; alternative:ade_alt_c27; alternative:ade_alt_c37; alternative:ade_alt_c35; alternative:ade_alt_c36
ADE,29,2028,9,11,0.7720,0.7354,0.6369,-0.0223,original:mentions_medication_or_drug; original:mentions_drug_discontinuation; original:mentions_severity; original:links_event_to_medication; original:mentions_temporal_after_use; original:mentions_onset_or_duration; original:states_alternative_cause; original:reports_no_drug_link; original:discusses_general_pharmacology; alternative:ade_alt_c01; alternative:ade_alt_c02; alternative:ade_alt_c04; alternative:ade_alt_c11; alternative:ade_alt_c17; alternative:ade_alt_c19; alternative:ade_alt_c20; alternative:ade_alt_c29; alternative:ade_alt_c27; alternative:ade_alt_c35; alternative:ade_alt_c36
ADE,30,2028,11,9,0.7860,0.7438,0.6397,-0.0139,original:mentions_dose_or_frequency; original:mentions_drug_interaction; original:links_event_to_medication; original:mentions_temporal_after_use; original:mentions_rechallenge_or_recovery; original:mentions_onset_or_duration; original:contains_negation_no_event; original:contains_uncertainty_or_possible; original:states_alternative_cause; original:mentions_study_or_trial_context; original:mentions_expected_therapeutic_effect; alternative:ade_alt_c02; alternative:ade_alt_c03; alternative:ade_alt_c04; alternative:ade_alt_c10; alternative:ade_alt_c11; alternative:ade_alt_c12; alternative:ade_alt_c20; alternative:ade_alt_c29; alternative:ade_alt_c36
ADE,31,2028,9,11,0.8260,0.7847,0.6904,+0.0270,original:mentions_medication_or_drug; original:mentions_symptom_or_condition; original:mentions_severity; original:mentions_lab_or_diagnostic_abnormality; original:links_event_to_medication; original:mentions_onset_or_duration; original:contains_uncertainty_or_possible; original:states_alternative_cause; original:mentions_expected_therapeutic_effect; alternative:ade_alt_c02; alternative:ade_alt_c03; alternative:ade_alt_c10; alternative:ade_alt_c12; alternative:ade_alt_c17; alternative:ade_alt_c18; alternative:ade_alt_c19; alternative:ade_alt_c27; alternative:ade_alt_c28; alternative:ade_alt_c39; alternative:ade_alt_c36
ADE,32,2028,11,9,0.8120,0.7637,0.6569,+0.0061,original:mentions_drug_discontinuation; original:mentions_drug_interaction; original:mentions_symptom_or_condition; original:mentions_severity; original:mentions_lab_or_diagnostic_abnormality; original:mentions_temporal_after_use; original:mentions_rechallenge_or_recovery; original:contains_negation_no_event; original:contains_uncertainty_or_possible; original:states_alternative_cause; original:mentions_expected_therapeutic_effect; alternative:ade_alt_c04; alternative:ade_alt_c17; alternative:ade_alt_c18; alternative:ade_alt_c20; alternative:ade_alt_c29; alternative:ade_alt_c26; alternative:ade_alt_c27; alternative:ade_alt_c39; alternative:ade_alt_c35
ADE,33,2028,7,13,0.8060,0.7640,0.6644,+0.0063,original:mentions_dose_or_frequency; original:mentions_drug_interaction; original:links_event_to_medication; original:mentions_temporal_after_use; original:mentions_onset_or_duration; original:contains_negation_no_event; original:mentions_expected_therapeutic_effect; alternative:ade_alt_c01; alternative:ade_alt_c03; alternative:ade_alt_c04; alternative:ade_alt_c17; alternative:ade_alt_c18; alternative:ade_alt_c19; alternative:ade_alt_c20; alternative:ade_alt_c29; alternative:ade_alt_c26; alternative:ade_alt_c27; alternative:ade_alt_c28; alternative:ade_alt_c39; alternative:ade_alt_c35
ADE,34,2028,11,9,0.7750,0.7373,0.6377,-0.0204,original:mentions_medication_or_drug; original:mentions_dose_or_frequency; original:mentions_symptom_or_condition; original:mentions_severity; original:mentions_temporal_after_use; original:mentions_rechallenge_or_recovery; original:mentions_onset_or_duration; original:states_alternative_cause; original:reports_no_drug_link; original:mentions_expected_therapeutic_effect; original:discusses_general_pharmacology; alternative:ade_alt_c01; alternative:ade_alt_c02; alternative:ade_alt_c03; alternative:ade_alt_c04; alternative:ade_alt_c11; alternative:ade_alt_c12; alternative:ade_alt_c27; alternative:ade_alt_c28; alternative:ade_alt_c37
ADE,35,2028,16,4,0.7890,0.7514,0.6547,-0.0063,original:mentions_dose_or_frequency; original:mentions_drug_discontinuation; original:mentions_drug_interaction; original:mentions_adverse_reaction; original:mentions_severity; original:links_event_to_medication; original:mentions_temporal_after_use; original:mentions_rechallenge_or_recovery; original:contains_negation_no_event; original:contains_uncertainty_or_possible; original:states_alternative_cause; original:reports_no_drug_link; original:mentions_study_or_trial_context; original:mentions_expected_therapeutic_effect; original:describes_indication_or_background; original:discusses_general_pharmacology; alternative:ade_alt_c01; alternative:ade_alt_c11; alternative:ade_alt_c29; alternative:ade_alt_c36
ADE,36,2028,12,8,0.8080,0.7649,0.6643,+0.0073,original:mentions_medication_or_drug; original:mentions_dose_or_frequency; original:mentions_drug_discontinuation; original:mentions_drug_interaction; original:mentions_symptom_or_condition; original:mentions_severity; original:mentions_lab_or_diagnostic_abnormality; original:mentions_temporal_after_use; original:mentions_onset_or_duration; original:contains_negation_no_event; original:contains_uncertainty_or_possible; original:mentions_study_or_trial_context; alternative:ade_alt_c01; alternative:ade_alt_c09; alternative:ade_alt_c12; alternative:ade_alt_c18; alternative:ade_alt_c27; alternative:ade_alt_c28; alternative:ade_alt_c37; alternative:ade_alt_c36
ADE,37,2028,9,11,0.8060,0.7644,0.6655,+0.0068,original:mentions_dose_or_frequency; original:mentions_drug_discontinuation; original:mentions_drug_interaction; original:mentions_adverse_reaction; original:mentions_temporal_after_use; original:mentions_rechallenge_or_recovery; original:contains_negation_no_event; original:mentions_study_or_trial_context; original:describes_indication_or_background; alternative:ade_alt_c01; alternative:ade_alt_c03; alternative:ade_alt_c04; alternative:ade_alt_c09; alternative:ade_alt_c10; alternative:ade_alt_c12; alternative:ade_alt_c29; alternative:ade_alt_c26; alternative:ade_alt_c28; alternative:ade_alt_c39; alternative:ade_alt_c36
ADE,38,2028,9,11,0.7770,0.7372,0.6350,-0.0204,original:mentions_symptom_or_condition; original:mentions_adverse_reaction; original:mentions_lab_or_diagnostic_abnormality; original:links_event_to_medication; original:mentions_rechallenge_or_recovery; original:mentions_onset_or_duration; original:contains_uncertainty_or_possible; original:states_alternative_cause; original:describes_indication_or_background; alternative:ade_alt_c02; alternative:ade_alt_c03; alternative:ade_alt_c04; alternative:ade_alt_c17; alternative:ade_alt_c20; alternative:ade_alt_c29; alternative:ade_alt_c26; alternative:ade_alt_c27; alternative:ade_alt_c39; alternative:ade_alt_c35; alternative:ade_alt_c36
ADE,39,2028,11,9,0.7950,0.7538,0.6531,-0.0038,original:mentions_dose_or_frequency; original:mentions_symptom_or_condition; original:mentions_lab_or_diagnostic_abnormality; original:links_event_to_medication; original:mentions_rechallenge_or_recovery; original:mentions_onset_or_duration; original:contains_uncertainty_or_possible; original:mentions_study_or_trial_context; original:mentions_expected_therapeutic_effect; original:describes_indication_or_background; original:discusses_general_pharmacology; alternative:ade_alt_c04; alternative:ade_alt_c10; alternative:ade_alt_c17; alternative:ade_alt_c19; alternative:ade_alt_c29; alternative:ade_alt_c28; alternative:ade_alt_c39; alternative:ade_alt_c35; alternative:ade_alt_c36
ADE,40,2028,9,11,0.8100,0.7684,0.6701,+0.0107,original:links_event_to_medication; original:mentions_temporal_after_use; original:mentions_rechallenge_or_recovery; original:mentions_onset_or_duration; original:contains_uncertainty_or_possible; original:reports_no_drug_link; original:mentions_study_or_trial_context; original:mentions_expected_therapeutic_effect; original:discusses_general_pharmacology; alternative:ade_alt_c10; alternative:ade_alt_c11; alternative:ade_alt_c17; alternative:ade_alt_c18; alternative:ade_alt_c20; alternative:ade_alt_c29; alternative:ade_alt_c26; alternative:ade_alt_c37; alternative:ade_alt_c39; alternative:ade_alt_c35; alternative:ade_alt_c36
ADE,41,2028,10,10,0.8140,0.7698,0.6690,+0.0122,original:mentions_dose_or_frequency; original:mentions_drug_interaction; original:mentions_symptom_or_condition; original:mentions_adverse_reaction; original:mentions_lab_or_diagnostic_abnormality; original:links_event_to_medication; original:mentions_onset_or_duration; original:reports_no_drug_link; original:mentions_expected_therapeutic_effect; original:describes_indication_or_background; alternative:ade_alt_c02; alternative:ade_alt_c04; alternative:ade_alt_c09; alternative:ade_alt_c10; alternative:ade_alt_c11; alternative:ade_alt_c18; alternative:ade_alt_c19; alternative:ade_alt_c29; alternative:ade_alt_c26; alternative:ade_alt_c36
ADE,42,2028,12,8,0.7990,0.7581,0.6587,+0.0005,original:mentions_medication_or_drug; original:mentions_dose_or_frequency; original:mentions_drug_discontinuation; original:mentions_symptom_or_condition; original:mentions_severity; original:links_event_to_medication; original:mentions_temporal_after_use; original:mentions_rechallenge_or_recovery; original:contains_uncertainty_or_possible; original:states_alternative_cause; original:reports_no_drug_link; original:discusses_general_pharmacology; alternative:ade_alt_c03; alternative:ade_alt_c04; alternative:ade_alt_c10; alternative:ade_alt_c17; alternative:ade_alt_c20; alternative:ade_alt_c29; alternative:ade_alt_c39; alternative:ade_alt_c35
ADE,43,2028,9,11,0.8070,0.7640,0.6632,+0.0063,original:mentions_medication_or_drug; original:mentions_severity; original:links_event_to_medication; original:mentions_temporal_after_use; original:mentions_rechallenge_or_recovery; original:mentions_onset_or_duration; original:contains_negation_no_event; original:states_alternative_cause; original:reports_no_drug_link; alternative:ade_alt_c01; alternative:ade_alt_c04; alternative:ade_alt_c18; alternative:ade_alt_c19; alternative:ade_alt_c20; alternative:ade_alt_c29; alternative:ade_alt_c26; alternative:ade_alt_c28; alternative:ade_alt_c39; alternative:ade_alt_c35; alternative:ade_alt_c36
ADE,44,2028,8,12,0.7110,0.6792,0.5781,-0.0785,original:mentions_medication_or_drug; original:mentions_drug_interaction; original:mentions_rechallenge_or_recovery; original:contains_uncertainty_or_possible; original:reports_no_drug_link; original:mentions_study_or_trial_context; original:mentions_expected_therapeutic_effect; original:discusses_general_pharmacology; alternative:ade_alt_c01; alternative:ade_alt_c02; alternative:ade_alt_c04; alternative:ade_alt_c12; alternative:ade_alt_c20; alternative:ade_alt_c29; alternative:ade_alt_c26; alternative:ade_alt_c28; alternative:ade_alt_c37; alternative:ade_alt_c39; alternative:ade_alt_c35; alternative:ade_alt_c36
ADE,45,2028,11,9,0.7940,0.7566,0.6612,-0.0011,original:mentions_medication_or_drug; original:mentions_dose_or_frequency; original:mentions_drug_interaction; original:mentions_symptom_or_condition; original:mentions_adverse_reaction; original:mentions_lab_or_diagnostic_abnormality; original:links_event_to_medication; original:mentions_rechallenge_or_recovery; original:contains_negation_no_event; original:reports_no_drug_link; original:describes_indication_or_background; alternative:ade_alt_c02; alternative:ade_alt_c04; alternative:ade_alt_c11; alternative:ade_alt_c17; alternative:ade_alt_c19; alternative:ade_alt_c29; alternative:ade_alt_c27; alternative:ade_alt_c39; alternative:ade_alt_c35
ADE,46,2028,13,7,0.8080,0.7664,0.6678,+0.0087,original:mentions_medication_or_drug; original:mentions_drug_discontinuation; original:mentions_drug_interaction; original:mentions_adverse_reaction; original:mentions_severity; original:mentions_temporal_after_use; original:mentions_rechallenge_or_recovery; original:contains_negation_no_event; original:contains_uncertainty_or_possible; original:reports_no_drug_link; original:mentions_study_or_trial_context; original:mentions_expected_therapeutic_effect; original:discusses_general_pharmacology; alternative:ade_alt_c02; alternative:ade_alt_c03; alternative:ade_alt_c04; alternative:ade_alt_c10; alternative:ade_alt_c11; alternative:ade_alt_c12; alternative:ade_alt_c26
ADE,47,2028,10,10,0.7890,0.7509,0.6535,-0.0067,original:mentions_drug_discontinuation; original:mentions_drug_interaction; original:mentions_adverse_reaction; original:mentions_lab_or_diagnostic_abnormality; original:mentions_temporal_after_use; original:mentions_rechallenge_or_recovery; original:contains_uncertainty_or_possible; original:reports_no_drug_link; original:mentions_expected_therapeutic_effect; original:discusses_general_pharmacology; alternative:ade_alt_c01; alternative:ade_alt_c02; alternative:ade_alt_c04; alternative:ade_alt_c11; alternative:ade_alt_c12; alternative:ade_alt_c17; alternative:ade_alt_c28; alternative:ade_alt_c37; alternative:ade_alt_c35; alternative:ade_alt_c36
ADE,48,2028,10,10,0.8010,0.7546,0.6478,-0.0031,original:mentions_drug_discontinuation; original:mentions_drug_interaction; original:mentions_symptom_or_condition; original:mentions_severity; original:mentions_lab_or_diagnostic_abnormality; original:mentions_rechallenge_or_recovery; original:states_alternative_cause; original:reports_no_drug_link; original:mentions_study_or_trial_context; original:describes_indication_or_background; alternative:ade_alt_c02; alternative:ade_alt_c03; alternative:ade_alt_c04; alternative:ade_alt_c10; alternative:ade_alt_c11; alternative:ade_alt_c17; alternative:ade_alt_c18; alternative:ade_alt_c19; alternative:ade_alt_c27; alternative:ade_alt_c28
ADE,49,2028,8,12,0.8100,0.7674,0.6678,+0.0097,original:mentions_medication_or_drug; original:mentions_dose_or_frequency; original:mentions_drug_interaction; original:mentions_symptom_or_condition; original:mentions_rechallenge_or_recovery; original:mentions_onset_or_duration; original:mentions_expected_therapeutic_effect; original:describes_indication_or_background; alternative:ade_alt_c01; alternative:ade_alt_c09; alternative:ade_alt_c10; alternative:ade_alt_c12; alternative:ade_alt_c17; alternative:ade_alt_c19; alternative:ade_alt_c29; alternative:ade_alt_c27; alternative:ade_alt_c28; alternative:ade_alt_c39; alternative:ade_alt_c35; alternative:ade_alt_c36
ADE,50,2028,10,10,0.8050,0.7595,0.6549,+0.0018,original:mentions_medication_or_drug; original:mentions_drug_discontinuation; original:mentions_drug_interaction; original:mentions_temporal_after_use; original:mentions_onset_or_duration; original:contains_negation_no_event; original:reports_no_drug_link; original:mentions_study_or_trial_context; original:describes_indication_or_background; original:discusses_general_pharmacology; alternative:ade_alt_c01; alternative:ade_alt_c04; alternative:ade_alt_c10; alternative:ade_alt_c11; alternative:ade_alt_c12; alternative:ade_alt_c17; alternative:ade_alt_c18; alternative:ade_alt_c20; alternative:ade_alt_c29; alternative:ade_alt_c37
ADE,51,2028,13,7,0.8020,0.7601,0.6598,+0.0024,original:mentions_medication_or_drug; original:mentions_drug_interaction; original:mentions_adverse_reaction; original:mentions_severity; original:mentions_lab_or_diagnostic_abnormality; original:mentions_temporal_after_use; original:mentions_rechallenge_or_recovery; original:contains_negation_no_event; original:contains_uncertainty_or_possible; original:reports_no_drug_link; original:mentions_study_or_trial_context; original:describes_indication_or_background; original:discusses_general_pharmacology; alternative:ade_alt_c02; alternative:ade_alt_c09; alternative:ade_alt_c10; alternative:ade_alt_c12; alternative:ade_alt_c28; alternative:ade_alt_c37; alternative:ade_alt_c39
ADE,52,2028,8,12,0.8010,0.7606,0.6621,+0.0029,original:mentions_dose_or_frequency; original:mentions_adverse_reaction; original:mentions_severity; original:links_event_to_medication; original:mentions_temporal_after_use; original:mentions_onset_or_duration; original:reports_no_drug_link; original:mentions_expected_therapeutic_effect; alternative:ade_alt_c01; alternative:ade_alt_c02; alternative:ade_alt_c03; alternative:ade_alt_c04; alternative:ade_alt_c11; alternative:ade_alt_c12; alternative:ade_alt_c18; alternative:ade_alt_c20; alternative:ade_alt_c29; alternative:ade_alt_c27; alternative:ade_alt_c28; alternative:ade_alt_c37
ADE,53,2028,11,9,0.6620,0.6281,0.5158,-0.1296,original:mentions_drug_interaction; original:mentions_symptom_or_condition; original:mentions_severity; original:mentions_lab_or_diagnostic_abnormality; original:mentions_temporal_after_use; original:contains_negation_no_event; original:contains_uncertainty_or_possible; original:states_alternative_cause; original:mentions_expected_therapeutic_effect; original:describes_indication_or_background; original:discusses_general_pharmacology; alternative:ade_alt_c04; alternative:ade_alt_c09; alternative:ade_alt_c12; alternative:ade_alt_c19; alternative:ade_alt_c20; alternative:ade_alt_c29; alternative:ade_alt_c28; alternative:ade_alt_c37; alternative:ade_alt_c39
ADE,54,2028,11,9,0.8170,0.7753,0.6784,+0.0176,original:mentions_medication_or_drug; original:mentions_dose_or_frequency; original:mentions_drug_interaction; original:mentions_symptom_or_condition; original:mentions_severity; original:mentions_lab_or_diagnostic_abnormality; original:links_event_to_medication; original:states_alternative_cause; original:mentions_study_or_trial_context; original:mentions_expected_therapeutic_effect; original:describes_indication_or_background; alternative:ade_alt_c09; alternative:ade_alt_c10; alternative:ade_alt_c11; alternative:ade_alt_c12; alternative:ade_alt_c17; alternative:ade_alt_c18; alternative:ade_alt_c29; alternative:ade_alt_c39; alternative:ade_alt_c36
ADE,55,2028,7,13,0.8070,0.7635,0.6620,+0.0058,original:mentions_medication_or_drug; original:mentions_drug_interaction; original:mentions_severity; original:links_event_to_medication; original:contains_uncertainty_or_possible; original:states_alternative_cause; original:mentions_expected_therapeutic_effect; alternative:ade_alt_c02; alternative:ade_alt_c03; alternative:ade_alt_c04; alternative:ade_alt_c10; alternative:ade_alt_c11; alternative:ade_alt_c12; alternative:ade_alt_c18; alternative:ade_alt_c29; alternative:ade_alt_c26; alternative:ade_alt_c27; alternative:ade_alt_c28; alternative:ade_alt_c39; alternative:ade_alt_c35
ADE,56,2028,8,12,0.8140,0.7688,0.6667,+0.0112,original:mentions_dose_or_frequency; original:mentions_drug_discontinuation; original:mentions_symptom_or_condition; original:mentions_adverse_reaction; original:mentions_lab_or_diagnostic_abnormality; original:contains_negation_no_event; original:reports_no_drug_link; original:mentions_expected_therapeutic_effect; alternative:ade_alt_c03; alternative:ade_alt_c09; alternative:ade_alt_c11; alternative:ade_alt_c12; alternative:ade_alt_c17; alternative:ade_alt_c18; alternative:ade_alt_c29; alternative:ade_alt_c26; alternative:ade_alt_c27; alternative:ade_alt_c28; alternative:ade_alt_c37; alternative:ade_alt_c35
ADE,57,2028,9,11,0.7940,0.7561,0.6601,-0.0015,original:mentions_dose_or_frequency; original:mentions_symptom_or_condition; original:mentions_adverse_reaction; original:mentions_severity; original:mentions_lab_or_diagnostic_abnormality; original:mentions_rechallenge_or_recovery; original:reports_no_drug_link; original:mentions_study_or_trial_context; original:describes_indication_or_background; alternative:ade_alt_c01; alternative:ade_alt_c02; alternative:ade_alt_c03; alternative:ade_alt_c11; alternative:ade_alt_c19; alternative:ade_alt_c20; alternative:ade_alt_c29; alternative:ade_alt_c28; alternative:ade_alt_c39; alternative:ade_alt_c35; alternative:ade_alt_c36
ADE,58,2028,10,10,0.8060,0.7640,0.6644,+0.0063,original:mentions_medication_or_drug; original:mentions_dose_or_frequency; original:mentions_drug_discontinuation; original:mentions_drug_interaction; original:mentions_severity; original:links_event_to_medication; original:mentions_rechallenge_or_recovery; original:contains_uncertainty_or_possible; original:reports_no_drug_link; original:discusses_general_pharmacology; alternative:ade_alt_c01; alternative:ade_alt_c02; alternative:ade_alt_c03; alternative:ade_alt_c18; alternative:ade_alt_c19; alternative:ade_alt_c20; alternative:ade_alt_c29; alternative:ade_alt_c26; alternative:ade_alt_c27; alternative:ade_alt_c37
ADE,59,2028,12,8,0.7950,0.7571,0.6612,-0.0006,original:mentions_medication_or_drug; original:mentions_dose_or_frequency; original:mentions_drug_interaction; original:mentions_symptom_or_condition; original:mentions_severity; original:links_event_to_medication; original:mentions_temporal_after_use; original:mentions_onset_or_duration; original:states_alternative_cause; original:mentions_study_or_trial_context; original:describes_indication_or_background; original:discusses_general_pharmacology; alternative:ade_alt_c04; alternative:ade_alt_c09; alternative:ade_alt_c19; alternative:ade_alt_c20; alternative:ade_alt_c29; alternative:ade_alt_c27; alternative:ade_alt_c35; alternative:ade_alt_c36
ADE,60,2028,9,11,0.7160,0.6822,0.5786,-0.0754,original:mentions_dose_or_frequency; original:mentions_symptom_or_condition; original:mentions_adverse_reaction; original:mentions_onset_or_duration; original:contains_uncertainty_or_possible; original:states_alternative_cause; original:mentions_study_or_trial_context; original:describes_indication_or_background; original:discusses_general_pharmacology; alternative:ade_alt_c04; alternative:ade_alt_c09; alternative:ade_alt_c10; alternative:ade_alt_c12; alternative:ade_alt_c20; alternative:ade_alt_c29; alternative:ade_alt_c26; alternative:ade_alt_c27; alternative:ade_alt_c28; alternative:ade_alt_c39; alternative:ade_alt_c35
ADE,61,2028,7,13,0.8120,0.7717,0.6759,+0.0141,original:mentions_medication_or_drug; original:mentions_adverse_reaction; original:mentions_rechallenge_or_recovery; original:contains_uncertainty_or_possible; original:states_alternative_cause; original:reports_no_drug_link; original:mentions_expected_therapeutic_effect; alternative:ade_alt_c01; alternative:ade_alt_c02; alternative:ade_alt_c04; alternative:ade_alt_c09; alternative:ade_alt_c10; alternative:ade_alt_c11; alternative:ade_alt_c12; alternative:ade_alt_c17; alternative:ade_alt_c29; alternative:ade_alt_c26; alternative:ade_alt_c28; alternative:ade_alt_c37; alternative:ade_alt_c36
ADE,62,2028,10,10,0.7960,0.7476,0.6370,-0.0101,original:mentions_adverse_reaction; original:mentions_severity; original:mentions_lab_or_diagnostic_abnormality; original:mentions_temporal_after_use; original:mentions_onset_or_duration; original:contains_negation_no_event; original:reports_no_drug_link; original:mentions_study_or_trial_context; original:describes_indication_or_background; original:discusses_general_pharmacology; alternative:ade_alt_c03; alternative:ade_alt_c04; alternative:ade_alt_c11; alternative:ade_alt_c12; alternative:ade_alt_c17; alternative:ade_alt_c19; alternative:ade_alt_c29; alternative:ade_alt_c27; alternative:ade_alt_c35; alternative:ade_alt_c36
ADE,63,2028,8,12,0.8070,0.7654,0.6667,+0.0078,original:mentions_medication_or_drug; original:links_event_to_medication; original:mentions_rechallenge_or_recovery; original:contains_negation_no_event; original:states_alternative_cause; original:reports_no_drug_link; original:describes_indication_or_background; original:discusses_general_pharmacology; alternative:ade_alt_c03; alternative:ade_alt_c10; alternative:ade_alt_c11; alternative:ade_alt_c12; alternative:ade_alt_c18; alternative:ade_alt_c19; alternative:ade_alt_c20; alternative:ade_alt_c26; alternative:ade_alt_c27; alternative:ade_alt_c28; alternative:ade_alt_c37; alternative:ade_alt_c36
ADE,64,2028,9,11,0.7980,0.7604,0.6656,+0.0028,original:mentions_medication_or_drug; original:mentions_dose_or_frequency; original:mentions_drug_discontinuation; original:mentions_symptom_or_condition; original:mentions_adverse_reaction; original:mentions_severity; original:links_event_to_medication; original:reports_no_drug_link; original:discusses_general_pharmacology; alternative:ade_alt_c03; alternative:ade_alt_c04; alternative:ade_alt_c09; alternative:ade_alt_c11; alternative:ade_alt_c12; alternative:ade_alt_c17; alternative:ade_alt_c29; alternative:ade_alt_c27; alternative:ade_alt_c28; alternative:ade_alt_c35; alternative:ade_alt_c36
ADE,65,2028,8,12,0.7900,0.7509,0.6523,-0.0067,original:mentions_dose_or_frequency; original:mentions_drug_interaction; original:mentions_severity; original:links_event_to_medication; original:mentions_onset_or_duration; original:contains_negation_no_event; original:contains_uncertainty_or_possible; original:states_alternative_cause; alternative:ade_alt_c01; alternative:ade_alt_c02; alternative:ade_alt_c03; alternative:ade_alt_c04; alternative:ade_alt_c09; alternative:ade_alt_c11; alternative:ade_alt_c18; alternative:ade_alt_c28; alternative:ade_alt_c37; alternative:ade_alt_c39; alternative:ade_alt_c35; alternative:ade_alt_c36
ADE,66,2028,8,12,0.7960,0.7528,0.6495,-0.0048,original:mentions_drug_interaction; original:mentions_lab_or_diagnostic_abnormality; original:links_event_to_medication; original:mentions_temporal_after_use; original:mentions_onset_or_duration; original:contains_uncertainty_or_possible; original:describes_indication_or_background; original:discusses_general_pharmacology; alternative:ade_alt_c02; alternative:ade_alt_c03; alternative:ade_alt_c04; alternative:ade_alt_c09; alternative:ade_alt_c11; alternative:ade_alt_c18; alternative:ade_alt_c19; alternative:ade_alt_c29; alternative:ade_alt_c26; alternative:ade_alt_c28; alternative:ade_alt_c37; alternative:ade_alt_c39
ADE,67,2028,10,10,0.7950,0.7461,0.6346,-0.0116,original:mentions_drug_interaction; original:mentions_symptom_or_condition; original:mentions_adverse_reaction; original:mentions_severity; original:mentions_rechallenge_or_recovery; original:mentions_onset_or_duration; original:contains_negation_no_event; original:reports_no_drug_link; original:mentions_study_or_trial_context; original:discusses_general_pharmacology; alternative:ade_alt_c03; alternative:ade_alt_c04; alternative:ade_alt_c11; alternative:ade_alt_c17; alternative:ade_alt_c20; alternative:ade_alt_c29; alternative:ade_alt_c26; alternative:ade_alt_c37; alternative:ade_alt_c39; alternative:ade_alt_c35
ADE,68,2028,8,12,0.8120,0.7703,0.6725,+0.0127,original:mentions_medication_or_drug; original:mentions_drug_interaction; original:mentions_adverse_reaction; original:mentions_severity; original:mentions_temporal_after_use; original:mentions_onset_or_duration; original:reports_no_drug_link; original:mentions_study_or_trial_context; alternative:ade_alt_c01; alternative:ade_alt_c03; alternative:ade_alt_c04; alternative:ade_alt_c09; alternative:ade_alt_c10; alternative:ade_alt_c19; alternative:ade_alt_c20; alternative:ade_alt_c29; alternative:ade_alt_c26; alternative:ade_alt_c27; alternative:ade_alt_c37; alternative:ade_alt_c39
ADE,69,2028,8,12,0.8250,0.7818,0.6847,+0.0241,original:mentions_medication_or_drug; original:mentions_symptom_or_condition; original:mentions_adverse_reaction; original:mentions_rechallenge_or_recovery; original:contains_negation_no_event; original:reports_no_drug_link; original:mentions_expected_therapeutic_effect; original:discusses_general_pharmacology; alternative:ade_alt_c02; alternative:ade_alt_c04; alternative:ade_alt_c09; alternative:ade_alt_c11; alternative:ade_alt_c18; alternative:ade_alt_c19; alternative:ade_alt_c20; alternative:ade_alt_c29; alternative:ade_alt_c27; alternative:ade_alt_c37; alternative:ade_alt_c35; alternative:ade_alt_c36
ADE,70,2028,11,9,0.8160,0.7738,0.6761,+0.0161,original:mentions_dose_or_frequency; original:mentions_drug_interaction; original:mentions_lab_or_diagnostic_abnormality; original:links_event_to_medication; original:mentions_temporal_after_use; original:mentions_rechallenge_or_recovery; original:contains_negation_no_event; original:contains_uncertainty_or_possible; original:states_alternative_cause; original:mentions_expected_therapeutic_effect; original:describes_indication_or_background; alternative:ade_alt_c01; alternative:ade_alt_c02; alternative:ade_alt_c10; alternative:ade_alt_c17; alternative:ade_alt_c18; alternative:ade_alt_c29; alternative:ade_alt_c26; alternative:ade_alt_c27; alternative:ade_alt_c39
ADE,71,2028,13,7,0.7790,0.7391,0.6371,-0.0185,original:mentions_dose_or_frequency; original:mentions_drug_interaction; original:mentions_symptom_or_condition; original:links_event_to_medication; original:mentions_temporal_after_use; original:mentions_rechallenge_or_recovery; original:mentions_onset_or_duration; original:contains_uncertainty_or_possible; original:states_alternative_cause; original:reports_no_drug_link; original:mentions_study_or_trial_context; original:describes_indication_or_background; original:discusses_general_pharmacology; alternative:ade_alt_c02; alternative:ade_alt_c03; alternative:ade_alt_c09; alternative:ade_alt_c10; alternative:ade_alt_c26; alternative:ade_alt_c39; alternative:ade_alt_c35
ADE,72,2028,9,11,0.7970,0.7538,0.6506,-0.0039,original:mentions_drug_interaction; original:mentions_symptom_or_condition; original:mentions_rechallenge_or_recovery; original:mentions_onset_or_duration; original:contains_uncertainty_or_possible; original:states_alternative_cause; original:mentions_study_or_trial_context; original:mentions_expected_therapeutic_effect; original:discusses_general_pharmacology; alternative:ade_alt_c01; alternative:ade_alt_c02; alternative:ade_alt_c09; alternative:ade_alt_c10; alternative:ade_alt_c11; alternative:ade_alt_c19; alternative:ade_alt_c20; alternative:ade_alt_c26; alternative:ade_alt_c27; alternative:ade_alt_c28; alternative:ade_alt_c37
ADE,73,2028,11,9,0.7700,0.7340,0.6361,-0.0237,original:mentions_medication_or_drug; original:mentions_dose_or_frequency; original:mentions_drug_discontinuation; original:mentions_symptom_or_condition; original:mentions_severity; original:mentions_rechallenge_or_recovery; original:mentions_onset_or_duration; original:contains_uncertainty_or_possible; original:reports_no_drug_link; original:describes_indication_or_background; original:discusses_general_pharmacology; alternative:ade_alt_c03; alternative:ade_alt_c04; alternative:ade_alt_c09; alternative:ade_alt_c11; alternative:ade_alt_c19; alternative:ade_alt_c29; alternative:ade_alt_c26; alternative:ade_alt_c37; alternative:ade_alt_c35
ADE,74,2028,10,10,0.8020,0.7610,0.6621,+0.0034,original:mentions_medication_or_drug; original:mentions_dose_or_frequency; original:mentions_drug_discontinuation; original:mentions_adverse_reaction; original:mentions_lab_or_diagnostic_abnormality; original:links_event_to_medication; original:mentions_rechallenge_or_recovery; original:contains_negation_no_event; original:contains_uncertainty_or_possible; original:describes_indication_or_background; alternative:ade_alt_c02; alternative:ade_alt_c03; alternative:ade_alt_c04; alternative:ade_alt_c10; alternative:ade_alt_c12; alternative:ade_alt_c20; alternative:ade_alt_c29; alternative:ade_alt_c26; alternative:ade_alt_c37; alternative:ade_alt_c39
ADE,75,2028,10,10,0.8070,0.7635,0.6620,+0.0058,original:mentions_medication_or_drug; original:mentions_severity; original:mentions_lab_or_diagnostic_abnormality; original:links_event_to_medication; original:contains_negation_no_event; original:contains_uncertainty_or_possible; original:states_alternative_cause; original:mentions_expected_therapeutic_effect; original:describes_indication_or_background; original:discusses_general_pharmacology; alternative:ade_alt_c01; alternative:ade_alt_c02; alternative:ade_alt_c04; alternative:ade_alt_c10; alternative:ade_alt_c11; alternative:ade_alt_c17; alternative:ade_alt_c19; alternative:ade_alt_c26; alternative:ade_alt_c27; alternative:ade_alt_c39
ADE,76,2028,10,10,0.7670,0.7312,0.6331,-0.0265,original:mentions_medication_or_drug; original:mentions_drug_discontinuation; original:mentions_drug_interaction; original:mentions_severity; original:mentions_lab_or_diagnostic_abnormality; original:mentions_temporal_after_use; original:mentions_rechallenge_or_recovery; original:contains_negation_no_event; original:mentions_study_or_trial_context; original:discusses_general_pharmacology; alternative:ade_alt_c01; alternative:ade_alt_c09; alternative:ade_alt_c11; alternative:ade_alt_c12; alternative:ade_alt_c17; alternative:ade_alt_c20; alternative:ade_alt_c29; alternative:ade_alt_c26; alternative:ade_alt_c27; alternative:ade_alt_c28
ADE,77,2028,9,11,0.8150,0.7703,0.6691,+0.0127,original:mentions_medication_or_drug; original:mentions_drug_interaction; original:mentions_symptom_or_condition; original:mentions_temporal_after_use; original:mentions_rechallenge_or_recovery; original:contains_uncertainty_or_possible; original:reports_no_drug_link; original:describes_indication_or_background; original:discusses_general_pharmacology; alternative:ade_alt_c02; alternative:ade_alt_c03; alternative:ade_alt_c09; alternative:ade_alt_c10; alternative:ade_alt_c11; alternative:ade_alt_c18; alternative:ade_alt_c19; alternative:ade_alt_c29; alternative:ade_alt_c27; alternative:ade_alt_c39; alternative:ade_alt_c36
ADE,78,2028,12,8,0.7940,0.7557,0.6589,-0.0020,original:mentions_medication_or_drug; original:mentions_dose_or_frequency; original:mentions_drug_interaction; original:mentions_adverse_reaction; original:mentions_lab_or_diagnostic_abnormality; original:links_event_to_medication; original:contains_negation_no_event; original:contains_uncertainty_or_possible; original:states_alternative_cause; original:mentions_study_or_trial_context; original:mentions_expected_therapeutic_effect; original:discusses_general_pharmacology; alternative:ade_alt_c01; alternative:ade_alt_c02; alternative:ade_alt_c03; alternative:ade_alt_c19; alternative:ade_alt_c27; alternative:ade_alt_c39; alternative:ade_alt_c35; alternative:ade_alt_c36
ADE,79,2028,4,16,0.7900,0.7461,0.6404,-0.0116,original:mentions_drug_interaction; original:mentions_severity; original:mentions_temporal_after_use; original:mentions_study_or_trial_context; alternative:ade_alt_c01; alternative:ade_alt_c02; alternative:ade_alt_c11; alternative:ade_alt_c12; alternative:ade_alt_c17; alternative:ade_alt_c18; alternative:ade_alt_c19; alternative:ade_alt_c20; alternative:ade_alt_c29; alternative:ade_alt_c26; alternative:ade_alt_c27; alternative:ade_alt_c28; alternative:ade_alt_c37; alternative:ade_alt_c39; alternative:ade_alt_c35; alternative:ade_alt_c36
ADE,80,2028,8,12,0.8120,0.7694,0.6702,+0.0117,original:mentions_medication_or_drug; original:mentions_dose_or_frequency; original:mentions_adverse_reaction; original:links_event_to_medication; original:contains_negation_no_event; original:mentions_study_or_trial_context; original:describes_indication_or_background; original:discusses_general_pharmacology; alternative:ade_alt_c01; alternative:ade_alt_c04; alternative:ade_alt_c10; alternative:ade_alt_c11; alternative:ade_alt_c17; alternative:ade_alt_c18; alternative:ade_alt_c20; alternative:ade_alt_c27; alternative:ade_alt_c28; alternative:ade_alt_c37; alternative:ade_alt_c35; alternative:ade_alt_c36
ADE,81,2028,9,11,0.7130,0.6791,0.5748,-0.0786,original:mentions_drug_discontinuation; original:mentions_symptom_or_condition; original:mentions_adverse_reaction; original:mentions_severity; original:mentions_onset_or_duration; original:contains_negation_no_event; original:contains_uncertainty_or_possible; original:reports_no_drug_link; original:mentions_study_or_trial_context; alternative:ade_alt_c02; alternative:ade_alt_c04; alternative:ade_alt_c09; alternative:ade_alt_c10; alternative:ade_alt_c11; alternative:ade_alt_c12; alternative:ade_alt_c19; alternative:ade_alt_c20; alternative:ade_alt_c27; alternative:ade_alt_c37; alternative:ade_alt_c35
ADE,82,2028,11,9,0.8090,0.7639,0.6607,+0.0063,original:mentions_drug_interaction; original:mentions_symptom_or_condition; original:mentions_severity; original:mentions_temporal_after_use; original:mentions_onset_or_duration; original:contains_negation_no_event; original:contains_uncertainty_or_possible; original:states_alternative_cause; original:mentions_study_or_trial_context; original:describes_indication_or_background; original:discusses_general_pharmacology; alternative:ade_alt_c03; alternative:ade_alt_c04; alternative:ade_alt_c10; alternative:ade_alt_c12; alternative:ade_alt_c17; alternative:ade_alt_c18; alternative:ade_alt_c29; alternative:ade_alt_c37; alternative:ade_alt_c36
ADE,83,2028,12,8,0.7940,0.7552,0.6578,-0.0024,original:mentions_dose_or_frequency; original:mentions_drug_discontinuation; original:mentions_drug_interaction; original:mentions_adverse_reaction; original:mentions_severity; original:mentions_lab_or_diagnostic_abnormality; original:mentions_temporal_after_use; original:mentions_onset_or_duration; original:states_alternative_cause; original:mentions_expected_therapeutic_effect; original:describes_indication_or_background; original:discusses_general_pharmacology; alternative:ade_alt_c01; alternative:ade_alt_c09; alternative:ade_alt_c11; alternative:ade_alt_c17; alternative:ade_alt_c19; alternative:ade_alt_c20; alternative:ade_alt_c27; alternative:ade_alt_c36
ADE,84,2028,10,10,0.8060,0.7654,0.6678,+0.0077,original:mentions_dose_or_frequency; original:mentions_drug_discontinuation; original:mentions_adverse_reaction; original:mentions_severity; original:mentions_lab_or_diagnostic_abnormality; original:links_event_to_medication; original:mentions_temporal_after_use; original:mentions_rechallenge_or_recovery; original:contains_negation_no_event; original:contains_uncertainty_or_possible; alternative:ade_alt_c01; alternative:ade_alt_c02; alternative:ade_alt_c04; alternative:ade_alt_c09; alternative:ade_alt_c10; alternative:ade_alt_c11; alternative:ade_alt_c20; alternative:ade_alt_c26; alternative:ade_alt_c27; alternative:ade_alt_c35
ADE,85,2028,11,9,0.8250,0.7832,0.6881,+0.0256,original:mentions_medication_or_drug; original:mentions_dose_or_frequency; original:mentions_drug_discontinuation; original:mentions_symptom_or_condition; original:links_event_to_medication; original:mentions_rechallenge_or_recovery; original:contains_negation_no_event; original:contains_uncertainty_or_possible; original:states_alternative_cause; original:mentions_study_or_trial_context; original:mentions_expected_therapeutic_effect; alternative:ade_alt_c01; alternative:ade_alt_c04; alternative:ade_alt_c10; alternative:ade_alt_c17; alternative:ade_alt_c18; alternative:ade_alt_c19; alternative:ade_alt_c27; alternative:ade_alt_c28; alternative:ade_alt_c35
ADE,86,2028,11,9,0.8080,0.7678,0.6712,+0.0102,original:mentions_dose_or_frequency; original:mentions_drug_discontinuation; original:mentions_symptom_or_condition; original:mentions_adverse_reaction; original:mentions_lab_or_diagnostic_abnormality; original:mentions_temporal_after_use; original:mentions_rechallenge_or_recovery; original:mentions_onset_or_duration; original:contains_negation_no_event; original:reports_no_drug_link; original:describes_indication_or_background; alternative:ade_alt_c01; alternative:ade_alt_c02; alternative:ade_alt_c04; alternative:ade_alt_c09; alternative:ade_alt_c10; alternative:ade_alt_c17; alternative:ade_alt_c27; alternative:ade_alt_c39; alternative:ade_alt_c36
ADE,87,2028,10,10,0.7870,0.7457,0.6432,-0.0120,original:mentions_drug_interaction; original:mentions_adverse_reaction; original:links_event_to_medication; original:mentions_rechallenge_or_recovery; original:mentions_onset_or_duration; original:contains_uncertainty_or_possible; original:reports_no_drug_link; original:mentions_study_or_trial_context; original:mentions_expected_therapeutic_effect; original:discusses_general_pharmacology; alternative:ade_alt_c02; alternative:ade_alt_c04; alternative:ade_alt_c10; alternative:ade_alt_c17; alternative:ade_alt_c19; alternative:ade_alt_c20; alternative:ade_alt_c29; alternative:ade_alt_c37; alternative:ade_alt_c35; alternative:ade_alt_c36
ADE,88,2028,8,12,0.8020,0.7610,0.6621,+0.0034,original:mentions_medication_or_drug; original:mentions_lab_or_diagnostic_abnormality; original:links_event_to_medication; original:mentions_temporal_after_use; original:mentions_rechallenge_or_recovery; original:contains_negation_no_event; original:reports_no_drug_link; original:describes_indication_or_background; alternative:ade_alt_c02; alternative:ade_alt_c04; alternative:ade_alt_c10; alternative:ade_alt_c11; alternative:ade_alt_c12; alternative:ade_alt_c17; alternative:ade_alt_c19; alternative:ade_alt_c29; alternative:ade_alt_c26; alternative:ade_alt_c27; alternative:ade_alt_c37; alternative:ade_alt_c36
ADE,89,2028,12,8,0.8060,0.7630,0.6620,+0.0053,original:mentions_medication_or_drug; original:mentions_dose_or_frequency; original:mentions_drug_discontinuation; original:mentions_lab_or_diagnostic_abnormality; original:links_event_to_medication; original:mentions_temporal_after_use; original:mentions_rechallenge_or_recovery; original:mentions_onset_or_duration; original:contains_negation_no_event; original:reports_no_drug_link; original:mentions_study_or_trial_context; original:mentions_expected_therapeutic_effect; alternative:ade_alt_c04; alternative:ade_alt_c10; alternative:ade_alt_c17; alternative:ade_alt_c20; alternative:ade_alt_c29; alternative:ade_alt_c26; alternative:ade_alt_c39; alternative:ade_alt_c36
ADE,90,2028,10,10,0.7580,0.7206,0.6183,-0.0371,original:mentions_dose_or_frequency; original:mentions_drug_discontinuation; original:mentions_severity; original:links_event_to_medication; original:mentions_onset_or_duration; original:contains_negation_no_event; original:contains_uncertainty_or_possible; original:states_alternative_cause; original:mentions_study_or_trial_context; original:discusses_general_pharmacology; alternative:ade_alt_c02; alternative:ade_alt_c04; alternative:ade_alt_c12; alternative:ade_alt_c17; alternative:ade_alt_c19; alternative:ade_alt_c20; alternative:ade_alt_c26; alternative:ade_alt_c28; alternative:ade_alt_c35; alternative:ade_alt_c36
ADE,91,2028,9,11,0.8070,0.7664,0.6690,+0.0087,original:mentions_dose_or_frequency; original:mentions_drug_discontinuation; original:mentions_symptom_or_condition; original:mentions_adverse_reaction; original:mentions_severity; original:links_event_to_medication; original:mentions_rechallenge_or_recovery; original:reports_no_drug_link; original:discusses_general_pharmacology; alternative:ade_alt_c01; alternative:ade_alt_c02; alternative:ade_alt_c03; alternative:ade_alt_c04; alternative:ade_alt_c10; alternative:ade_alt_c12; alternative:ade_alt_c19; alternative:ade_alt_c26; alternative:ade_alt_c39; alternative:ade_alt_c35; alternative:ade_alt_c36
ADE,92,2028,8,12,0.8200,0.7701,0.6629,+0.0124,original:mentions_drug_discontinuation; original:mentions_severity; original:mentions_rechallenge_or_recovery; original:contains_uncertainty_or_possible; original:states_alternative_cause; original:mentions_expected_therapeutic_effect; original:describes_indication_or_background; original:discusses_general_pharmacology; alternative:ade_alt_c02; alternative:ade_alt_c09; alternative:ade_alt_c10; alternative:ade_alt_c11; alternative:ade_alt_c18; alternative:ade_alt_c19; alternative:ade_alt_c20; alternative:ade_alt_c27; alternative:ade_alt_c28; alternative:ade_alt_c37; alternative:ade_alt_c35; alternative:ade_alt_c36
ADE,93,2028,11,9,0.8220,0.7797,0.6833,+0.0221,original:mentions_drug_interaction; original:mentions_severity; original:mentions_lab_or_diagnostic_abnormality; original:links_event_to_medication; original:mentions_temporal_after_use; original:mentions_rechallenge_or_recovery; original:mentions_onset_or_duration; original:contains_negation_no_event; original:contains_uncertainty_or_possible; original:states_alternative_cause; original:mentions_expected_therapeutic_effect; alternative:ade_alt_c01; alternative:ade_alt_c03; alternative:ade_alt_c09; alternative:ade_alt_c10; alternative:ade_alt_c17; alternative:ade_alt_c18; alternative:ade_alt_c26; alternative:ade_alt_c28; alternative:ade_alt_c39
ADE,94,2028,10,10,0.7970,0.7463,0.6329,-0.0113,original:mentions_dose_or_frequency; original:mentions_drug_discontinuation; original:mentions_drug_interaction; original:mentions_symptom_or_condition; original:mentions_adverse_reaction; original:contains_negation_no_event; original:contains_uncertainty_or_possible; original:states_alternative_cause; original:mentions_study_or_trial_context; original:discusses_general_pharmacology; alternative:ade_alt_c02; alternative:ade_alt_c03; alternative:ade_alt_c10; alternative:ade_alt_c17; alternative:ade_alt_c19; alternative:ade_alt_c20; alternative:ade_alt_c29; alternative:ade_alt_c26; alternative:ade_alt_c37; alternative:ade_alt_c36
ADE,95,2028,9,11,0.7870,0.7467,0.6456,-0.0110,original:mentions_medication_or_drug; original:mentions_drug_interaction; original:mentions_lab_or_diagnostic_abnormality; original:mentions_temporal_after_use; original:mentions_onset_or_duration; original:contains_negation_no_event; original:contains_uncertainty_or_possible; original:reports_no_drug_link; original:discusses_general_pharmacology; alternative:ade_alt_c01; alternative:ade_alt_c03; alternative:ade_alt_c04; alternative:ade_alt_c09; alternative:ade_alt_c10; alternative:ade_alt_c11; alternative:ade_alt_c12; alternative:ade_alt_c20; alternative:ade_alt_c29; alternative:ade_alt_c26; alternative:ade_alt_c36
ADE,96,2028,10,10,0.8050,0.7615,0.6597,+0.0039,original:mentions_drug_discontinuation; original:mentions_symptom_or_condition; original:mentions_temporal_after_use; original:mentions_onset_or_duration; original:contains_negation_no_event; original:states_alternative_cause; original:reports_no_drug_link; original:mentions_study_or_trial_context; original:describes_indication_or_background; original:discusses_general_pharmacology; alternative:ade_alt_c01; alternative:ade_alt_c03; alternative:ade_alt_c04; alternative:ade_alt_c09; alternative:ade_alt_c10; alternative:ade_alt_c17; alternative:ade_alt_c18; alternative:ade_alt_c26; alternative:ade_alt_c28; alternative:ade_alt_c35
ADE,97,2028,12,8,0.8050,0.7615,0.6597,+0.0039,original:mentions_dose_or_frequency; original:mentions_drug_interaction; original:mentions_lab_or_diagnostic_abnormality; original:links_event_to_medication; original:mentions_temporal_after_use; original:contains_negation_no_event; original:states_alternative_cause; original:reports_no_drug_link; original:mentions_study_or_trial_context; original:mentions_expected_therapeutic_effect; original:describes_indication_or_background; original:discusses_general_pharmacology; alternative:ade_alt_c04; alternative:ade_alt_c17; alternative:ade_alt_c18; alternative:ade_alt_c20; alternative:ade_alt_c29; alternative:ade_alt_c26; alternative:ade_alt_c37; alternative:ade_alt_c35
ADE,98,2028,10,10,0.8010,0.7576,0.6551,-0.0000,original:mentions_medication_or_drug; original:mentions_severity; original:mentions_temporal_after_use; original:mentions_rechallenge_or_recovery; original:mentions_onset_or_duration; original:contains_negation_no_event; original:reports_no_drug_link; original:mentions_study_or_trial_context; original:mentions_expected_therapeutic_effect; original:describes_indication_or_background; alternative:ade_alt_c02; alternative:ade_alt_c03; alternative:ade_alt_c10; alternative:ade_alt_c11; alternative:ade_alt_c12; alternative:ade_alt_c17; alternative:ade_alt_c19; alternative:ade_alt_c20; alternative:ade_alt_c28; alternative:ade_alt_c35
ADE,99,2028,10,10,0.6810,0.6532,0.5551,-0.1044,original:mentions_dose_or_frequency; original:mentions_drug_discontinuation; original:mentions_adverse_reaction; original:mentions_severity; original:mentions_temporal_after_use; original:mentions_rechallenge_or_recovery; original:states_alternative_cause; original:reports_no_drug_link; original:describes_indication_or_background; original:discusses_general_pharmacology; alternative:ade_alt_c04; alternative:ade_alt_c11; alternative:ade_alt_c12; alternative:ade_alt_c19; alternative:ade_alt_c20; alternative:ade_alt_c26; alternative:ade_alt_c27; alternative:ade_alt_c37; alternative:ade_alt_c39; alternative:ade_alt_c35
ADE,100,2028,9,11,0.7990,0.7562,0.6540,-0.0015,original:mentions_medication_or_drug; original:mentions_severity; original:mentions_rechallenge_or_recovery; original:mentions_onset_or_duration; original:contains_negation_no_event; original:states_alternative_cause; original:mentions_study_or_trial_context; original:mentions_expected_therapeutic_effect; original:describes_indication_or_background; alternative:ade_alt_c03; alternative:ade_alt_c04; alternative:ade_alt_c09; alternative:ade_alt_c10; alternative:ade_alt_c11; alternative:ade_alt_c19; alternative:ade_alt_c27; alternative:ade_alt_c28; alternative:ade_alt_c39; alternative:ade_alt_c35; alternative:ade_alt_c36
Disaster Tweets,1,2029,12,8,0.8250,0.8175,0.7804,+0.0101,original:mentions_disaster_type; original:mentions_cause_or_trigger; original:mentions_location; original:mentions_time_or_recency; original:includes_source_or_report; original:first_person_witnessing; original:mentions_casualties_or_injuries; original:mentions_infrastructure_disruption; original:mentions_evacuation_or_shelter; original:gives_safety_instruction; original:refers_to_entertainment_or_sports; original:discusses_non_event_context; alternative:disaster_alt_c02; alternative:disaster_alt_c09; alternative:disaster_alt_c19; alternative:disaster_alt_c21; alternative:disaster_alt_c28; alternative:disaster_alt_c33; alternative:disaster_alt_c34; alternative:disaster_alt_c38
Disaster Tweets,2,2029,6,14,0.8290,0.8209,0.7827,+0.0135,original:mentions_disaster_type; original:mentions_cause_or_trigger; original:includes_source_or_report; original:first_person_witnessing; original:mentions_casualties_or_injuries; original:mentions_evacuation_or_shelter; alternative:disaster_alt_c02; alternative:disaster_alt_c04; alternative:disaster_alt_c07; alternative:disaster_alt_c09; alternative:disaster_alt_c10; alternative:disaster_alt_c11; alternative:disaster_alt_c12; alternative:disaster_alt_c18; alternative:disaster_alt_c21; alternative:disaster_alt_c26; alternative:disaster_alt_c27; alternative:disaster_alt_c33; alternative:disaster_alt_c34; alternative:disaster_alt_c35
Disaster Tweets,3,2029,11,9,0.7990,0.7916,0.7522,-0.0158,original:mentions_time_or_recency; original:first_person_witnessing; original:mentions_casualties_or_injuries; original:mentions_property_damage; original:mentions_infrastructure_disruption; original:mentions_evacuation_or_shelter; original:gives_safety_instruction; original:uses_metaphor_or_idiom; original:refers_to_entertainment_or_sports; original:expresses_joke_or_sarcasm; original:discusses_non_event_context; alternative:disaster_alt_c04; alternative:disaster_alt_c12; alternative:disaster_alt_c17; alternative:disaster_alt_c18; alternative:disaster_alt_c19; alternative:disaster_alt_c21; alternative:disaster_alt_c27; alternative:disaster_alt_c28; alternative:disaster_alt_c33
Disaster Tweets,4,2029,9,11,0.8260,0.8170,0.7763,+0.0096,original:mentions_disaster_type; original:reports_event_occurrence; original:mentions_location; original:includes_source_or_report; original:first_person_witnessing; original:mentions_casualties_or_injuries; original:mentions_infrastructure_disruption; original:mentions_evacuation_or_shelter; original:refers_to_entertainment_or_sports; alternative:disaster_alt_c06; alternative:disaster_alt_c09; alternative:disaster_alt_c10; alternative:disaster_alt_c12; alternative:disaster_alt_c18; alternative:disaster_alt_c19; alternative:disaster_alt_c25; alternative:disaster_alt_c26; alternative:disaster_alt_c33; alternative:disaster_alt_c34; alternative:disaster_alt_c35
Disaster Tweets,5,2029,11,9,0.8210,0.8105,0.7660,+0.0032,original:reports_event_occurrence; original:describes_threat_or_danger; original:mentions_cause_or_trigger; original:mentions_location; original:includes_source_or_report; original:first_person_witnessing; original:mentions_infrastructure_disruption; original:mentions_scale_or_intensity; original:mentions_rescue_or_emergency_services; original:uses_metaphor_or_idiom; original:refers_to_entertainment_or_sports; alternative:disaster_alt_c06; alternative:disaster_alt_c07; alternative:disaster_alt_c10; alternative:disaster_alt_c11; alternative:disaster_alt_c12; alternative:disaster_alt_c17; alternative:disaster_alt_c19; alternative:disaster_alt_c34; alternative:disaster_alt_c35
Disaster Tweets,6,2029,11,9,0.8290,0.8215,0.7849,+0.0142,original:mentions_disaster_type; original:includes_source_or_report; original:first_person_witnessing; original:mentions_casualties_or_injuries; original:mentions_property_damage; original:mentions_scale_or_intensity; original:mentions_rescue_or_emergency_services; original:mentions_evacuation_or_shelter; original:gives_safety_instruction; original:expresses_joke_or_sarcasm; original:discusses_non_event_context; alternative:disaster_alt_c02; alternative:disaster_alt_c04; alternative:disaster_alt_c07; alternative:disaster_alt_c09; alternative:disaster_alt_c11; alternative:disaster_alt_c19; alternative:disaster_alt_c25; alternative:disaster_alt_c26; alternative:disaster_alt_c27
Disaster Tweets,7,2029,11,9,0.8230,0.8134,0.7710,+0.0060,original:reports_event_occurrence; original:mentions_cause_or_trigger; original:mentions_location; original:mentions_time_or_recency; original:includes_source_or_report; original:mentions_casualties_or_injuries; original:mentions_property_damage; original:mentions_scale_or_intensity; original:mentions_evacuation_or_shelter; original:expresses_joke_or_sarcasm; original:discusses_non_event_context; alternative:disaster_alt_c02; alternative:disaster_alt_c04; alternative:disaster_alt_c06; alternative:disaster_alt_c07; alternative:disaster_alt_c17; alternative:disaster_alt_c18; alternative:disaster_alt_c19; alternative:disaster_alt_c21; alternative:disaster_alt_c33
Disaster Tweets,8,2029,9,11,0.8240,0.8145,0.7726,+0.0072,original:reports_event_occurrence; original:mentions_time_or_recency; original:first_person_witnessing; original:mentions_infrastructure_disruption; original:mentions_scale_or_intensity; original:calls_for_help; original:mentions_evacuation_or_shelter; original:refers_to_entertainment_or_sports; original:expresses_joke_or_sarcasm; alternative:disaster_alt_c02; alternative:disaster_alt_c04; alternative:disaster_alt_c06; alternative:disaster_alt_c09; alternative:disaster_alt_c11; alternative:disaster_alt_c12; alternative:disaster_alt_c17; alternative:disaster_alt_c19; alternative:disaster_alt_c21; alternative:disaster_alt_c27; alternative:disaster_alt_c28
Disaster Tweets,9,2029,7,13,0.8250,0.8150,0.7718,+0.0076,original:reports_event_occurrence; original:mentions_cause_or_trigger; original:first_person_witnessing; original:mentions_property_damage; original:mentions_scale_or_intensity; original:gives_safety_instruction; original:refers_to_entertainment_or_sports; alternative:disaster_alt_c02; alternative:disaster_alt_c04; alternative:disaster_alt_c06; alternative:disaster_alt_c07; alternative:disaster_alt_c10; alternative:disaster_alt_c11; alternative:disaster_alt_c19; alternative:disaster_alt_c26; alternative:disaster_alt_c27; alternative:disaster_alt_c28; alternative:disaster_alt_c33; alternative:disaster_alt_c34; alternative:disaster_alt_c38
Disaster Tweets,10,2029,12,8,0.8250,0.8165,0.7771,+0.0092,original:mentions_disaster_type; original:describes_threat_or_danger; original:mentions_cause_or_trigger; original:mentions_time_or_recency; original:includes_source_or_report; original:mentions_casualties_or_injuries; original:mentions_property_damage; original:mentions_infrastructure_disruption; original:calls_for_help; original:gives_safety_instruction; original:uses_metaphor_or_idiom; original:refers_to_entertainment_or_sports; alternative:disaster_alt_c06; alternative:disaster_alt_c07; alternative:disaster_alt_c09; alternative:disaster_alt_c17; alternative:disaster_alt_c18; alternative:disaster_alt_c21; alternative:disaster_alt_c25; alternative:disaster_alt_c28
Disaster Tweets,11,2029,10,10,0.8330,0.8254,0.7889,+0.0180,original:mentions_location; original:mentions_time_or_recency; original:mentions_casualties_or_injuries; original:calls_for_help; original:mentions_evacuation_or_shelter; original:gives_safety_instruction; original:uses_metaphor_or_idiom; original:refers_to_entertainment_or_sports; original:expresses_joke_or_sarcasm; original:discusses_non_event_context; alternative:disaster_alt_c02; alternative:disaster_alt_c06; alternative:disaster_alt_c09; alternative:disaster_alt_c10; alternative:disaster_alt_c18; alternative:disaster_alt_c19; alternative:disaster_alt_c25; alternative:disaster_alt_c28; alternative:disaster_alt_c34; alternative:disaster_alt_c35
Disaster Tweets,12,2029,13,7,0.8330,0.8252,0.7883,+0.0179,original:mentions_disaster_type; original:describes_threat_or_danger; original:mentions_cause_or_trigger; original:mentions_location; original:mentions_time_or_recency; original:includes_source_or_report; original:mentions_property_damage; original:mentions_scale_or_intensity; original:calls_for_help; original:mentions_rescue_or_emergency_services; original:uses_metaphor_or_idiom; original:refers_to_entertainment_or_sports; original:expresses_joke_or_sarcasm; alternative:disaster_alt_c02; alternative:disaster_alt_c06; alternative:disaster_alt_c09; alternative:disaster_alt_c17; alternative:disaster_alt_c21; alternative:disaster_alt_c26; alternative:disaster_alt_c35
Disaster Tweets,13,2029,8,12,0.8260,0.8175,0.7781,+0.0101,original:describes_threat_or_danger; original:mentions_time_or_recency; original:includes_source_or_report; original:mentions_infrastructure_disruption; original:mentions_scale_or_intensity; original:gives_safety_instruction; original:uses_metaphor_or_idiom; original:expresses_joke_or_sarcasm; alternative:disaster_alt_c02; alternative:disaster_alt_c06; alternative:disaster_alt_c09; alternative:disaster_alt_c11; alternative:disaster_alt_c19; alternative:disaster_alt_c21; alternative:disaster_alt_c26; alternative:disaster_alt_c27; alternative:disaster_alt_c28; alternative:disaster_alt_c34; alternative:disaster_alt_c35; alternative:disaster_alt_c38
Disaster Tweets,14,2029,9,11,0.8150,0.8070,0.7679,-0.0003,original:describes_threat_or_danger; original:mentions_cause_or_trigger; original:mentions_time_or_recency; original:includes_source_or_report; original:mentions_casualties_or_injuries; original:mentions_property_damage; original:mentions_infrastructure_disruption; original:calls_for_help; original:mentions_rescue_or_emergency_services; alternative:disaster_alt_c02; alternative:disaster_alt_c04; alternative:disaster_alt_c09; alternative:disaster_alt_c10; alternative:disaster_alt_c17; alternative:disaster_alt_c19; alternative:disaster_alt_c25; alternative:disaster_alt_c26; alternative:disaster_alt_c27; alternative:disaster_alt_c33; alternative:disaster_alt_c35
Disaster Tweets,15,2029,11,9,0.8330,0.8247,0.7867,+0.0174,original:mentions_disaster_type; original:reports_event_occurrence; original:mentions_location; original:first_person_witnessing; original:mentions_casualties_or_injuries; original:mentions_property_damage; original:mentions_scale_or_intensity; original:calls_for_help; original:mentions_rescue_or_emergency_services; original:refers_to_entertainment_or_sports; original:expresses_joke_or_sarcasm; alternative:disaster_alt_c02; alternative:disaster_alt_c07; alternative:disaster_alt_c17; alternative:disaster_alt_c25; alternative:disaster_alt_c26; alternative:disaster_alt_c27; alternative:disaster_alt_c28; alternative:disaster_alt_c33; alternative:disaster_alt_c35
Disaster Tweets,16,2029,8,12,0.8300,0.8215,0.7826,+0.0142,original:reports_event_occurrence; original:includes_source_or_report; original:first_person_witnessing; original:mentions_infrastructure_disruption; original:mentions_rescue_or_emergency_services; original:mentions_evacuation_or_shelter; original:refers_to_entertainment_or_sports; original:discusses_non_event_context; alternative:disaster_alt_c02; alternative:disaster_alt_c04; alternative:disaster_alt_c06; alternative:disaster_alt_c07; alternative:disaster_alt_c10; alternative:disaster_alt_c11; alternative:disaster_alt_c19; alternative:disaster_alt_c25; alternative:disaster_alt_c26; alternative:disaster_alt_c28; alternative:disaster_alt_c34; alternative:disaster_alt_c35
Disaster Tweets,17,2029,10,10,0.8160,0.8059,0.7617,-0.0014,original:mentions_disaster_type; original:describes_threat_or_danger; original:mentions_time_or_recency; original:includes_source_or_report; original:first_person_witnessing; original:mentions_casualties_or_injuries; original:calls_for_help; original:mentions_rescue_or_emergency_services; original:mentions_evacuation_or_shelter; original:gives_safety_instruction; alternative:disaster_alt_c04; alternative:disaster_alt_c06; alternative:disaster_alt_c07; alternative:disaster_alt_c12; alternative:disaster_alt_c18; alternative:disaster_alt_c21; alternative:disaster_alt_c26; alternative:disaster_alt_c27; alternative:disaster_alt_c35; alternative:disaster_alt_c38
Disaster Tweets,18,2029,12,8,0.7990,0.7929,0.7575,-0.0144,original:describes_threat_or_danger; original:mentions_location; original:includes_source_or_report; original:mentions_casualties_or_injuries; original:mentions_property_damage; original:mentions_infrastructure_disruption; original:mentions_scale_or_intensity; original:mentions_rescue_or_emergency_services; original:mentions_evacuation_or_shelter; original:gives_safety_instruction; original:uses_metaphor_or_idiom; original:expresses_joke_or_sarcasm; alternative:disaster_alt_c07; alternative:disaster_alt_c09; alternative:disaster_alt_c10; alternative:disaster_alt_c19; alternative:disaster_alt_c25; alternative:disaster_alt_c26; alternative:disaster_alt_c28; alternative:disaster_alt_c38
Disaster Tweets,19,2029,8,12,0.8180,0.8107,0.7736,+0.0034,original:mentions_cause_or_trigger; original:mentions_location; original:calls_for_help; original:mentions_rescue_or_emergency_services; original:mentions_evacuation_or_shelter; original:gives_safety_instruction; original:refers_to_entertainment_or_sports; original:discusses_non_event_context; alternative:disaster_alt_c04; alternative:disaster_alt_c06; alternative:disaster_alt_c07; alternative:disaster_alt_c11; alternative:disaster_alt_c12; alternative:disaster_alt_c17; alternative:disaster_alt_c21; alternative:disaster_alt_c25; alternative:disaster_alt_c26; alternative:disaster_alt_c27; alternative:disaster_alt_c34; alternative:disaster_alt_c35
Disaster Tweets,20,2029,12,8,0.8300,0.8215,0.7826,+0.0142,original:mentions_disaster_type; original:reports_event_occurrence; original:describes_threat_or_danger; original:mentions_location; original:mentions_time_or_recency; original:first_person_witnessing; original:mentions_infrastructure_disruption; original:calls_for_help; original:mentions_evacuation_or_shelter; original:gives_safety_instruction; original:uses_metaphor_or_idiom; original:expresses_joke_or_sarcasm; alternative:disaster_alt_c02; alternative:disaster_alt_c06; alternative:disaster_alt_c07; alternative:disaster_alt_c11; alternative:disaster_alt_c18; alternative:disaster_alt_c26; alternative:disaster_alt_c27; alternative:disaster_alt_c35
Disaster Tweets,21,2029,7,13,0.8270,0.8183,0.7785,+0.0109,original:describes_threat_or_danger; original:mentions_cause_or_trigger; original:mentions_location; original:mentions_time_or_recency; original:includes_source_or_report; original:mentions_casualties_or_injuries; original:calls_for_help; alternative:disaster_alt_c02; alternative:disaster_alt_c04; alternative:disaster_alt_c06; alternative:disaster_alt_c09; alternative:disaster_alt_c12; alternative:disaster_alt_c18; alternative:disaster_alt_c21; alternative:disaster_alt_c25; alternative:disaster_alt_c26; alternative:disaster_alt_c27; alternative:disaster_alt_c33; alternative:disaster_alt_c34; alternative:disaster_alt_c35
Disaster Tweets,22,2029,10,10,0.8290,0.8205,0.7816,+0.0132,original:mentions_disaster_type; original:reports_event_occurrence; original:mentions_cause_or_trigger; original:mentions_location; original:mentions_time_or_recency; original:first_person_witnessing; original:mentions_casualties_or_injuries; original:mentions_property_damage; original:mentions_rescue_or_emergency_services; original:expresses_joke_or_sarcasm; alternative:disaster_alt_c02; alternative:disaster_alt_c06; alternative:disaster_alt_c07; alternative:disaster_alt_c10; alternative:disaster_alt_c19; alternative:disaster_alt_c21; alternative:disaster_alt_c25; alternative:disaster_alt_c26; alternative:disaster_alt_c27; alternative:disaster_alt_c38
Disaster Tweets,23,2029,12,8,0.8170,0.8076,0.7651,+0.0003,original:mentions_disaster_type; original:reports_event_occurrence; original:describes_threat_or_danger; original:mentions_cause_or_trigger; original:includes_source_or_report; original:mentions_property_damage; original:mentions_infrastructure_disruption; original:mentions_scale_or_intensity; original:calls_for_help; original:mentions_rescue_or_emergency_services; original:gives_safety_instruction; original:refers_to_entertainment_or_sports; alternative:disaster_alt_c09; alternative:disaster_alt_c17; alternative:disaster_alt_c18; alternative:disaster_alt_c25; alternative:disaster_alt_c28; alternative:disaster_alt_c33; alternative:disaster_alt_c34; alternative:disaster_alt_c35
Disaster Tweets,24,2029,11,9,0.8190,0.8109,0.7718,+0.0036,original:mentions_cause_or_trigger; original:mentions_location; original:mentions_time_or_recency; original:includes_source_or_report; original:first_person_witnessing; original:mentions_casualties_or_injuries; original:mentions_property_damage; original:mentions_rescue_or_emergency_services; original:mentions_evacuation_or_shelter; original:gives_safety_instruction; original:refers_to_entertainment_or_sports; alternative:disaster_alt_c02; alternative:disaster_alt_c09; alternative:disaster_alt_c10; alternative:disaster_alt_c11; alternative:disaster_alt_c17; alternative:disaster_alt_c18; alternative:disaster_alt_c27; alternative:disaster_alt_c28; alternative:disaster_alt_c35
Disaster Tweets,25,2029,8,12,0.8250,0.8167,0.7776,+0.0093,original:reports_event_occurrence; original:describes_threat_or_danger; original:mentions_cause_or_trigger; original:includes_source_or_report; original:mentions_casualties_or_injuries; original:mentions_property_damage; original:expresses_joke_or_sarcasm; original:discusses_non_event_context; alternative:disaster_alt_c04; alternative:disaster_alt_c07; alternative:disaster_alt_c09; alternative:disaster_alt_c10; alternative:disaster_alt_c11; alternative:disaster_alt_c12; alternative:disaster_alt_c17; alternative:disaster_alt_c18; alternative:disaster_alt_c19; alternative:disaster_alt_c25; alternative:disaster_alt_c35; alternative:disaster_alt_c38
Disaster Tweets,26,2029,10,10,0.8270,0.8186,0.7796,+0.0113,original:mentions_disaster_type; original:describes_threat_or_danger; original:mentions_location; original:includes_source_or_report; original:first_person_witnessing; original:mentions_casualties_or_injuries; original:mentions_infrastructure_disruption; original:mentions_scale_or_intensity; original:calls_for_help; original:mentions_rescue_or_emergency_services; alternative:disaster_alt_c02; alternative:disaster_alt_c04; alternative:disaster_alt_c06; alternative:disaster_alt_c10; alternative:disaster_alt_c11; alternative:disaster_alt_c17; alternative:disaster_alt_c19; alternative:disaster_alt_c25; alternative:disaster_alt_c26; alternative:disaster_alt_c38
Disaster Tweets,27,2029,7,13,0.8320,0.8241,0.7868,+0.0168,original:mentions_disaster_type; original:describes_threat_or_danger; original:mentions_cause_or_trigger; original:mentions_infrastructure_disruption; original:mentions_scale_or_intensity; original:mentions_evacuation_or_shelter; original:expresses_joke_or_sarcasm; alternative:disaster_alt_c02; alternative:disaster_alt_c04; alternative:disaster_alt_c06; alternative:disaster_alt_c07; alternative:disaster_alt_c09; alternative:disaster_alt_c10; alternative:disaster_alt_c11; alternative:disaster_alt_c19; alternative:disaster_alt_c27; alternative:disaster_alt_c28; alternative:disaster_alt_c33; alternative:disaster_alt_c35; alternative:disaster_alt_c38
Disaster Tweets,28,2029,15,5,0.8130,0.8025,0.7568,-0.0049,original:reports_event_occurrence; original:describes_threat_or_danger; original:mentions_cause_or_trigger; original:mentions_time_or_recency; original:includes_source_or_report; original:first_person_witnessing; original:mentions_casualties_or_injuries; original:mentions_infrastructure_disruption; original:mentions_scale_or_intensity; original:mentions_rescue_or_emergency_services; original:mentions_evacuation_or_shelter; original:gives_safety_instruction; original:uses_metaphor_or_idiom; original:refers_to_entertainment_or_sports; original:discusses_non_event_context; alternative:disaster_alt_c04; alternative:disaster_alt_c09; alternative:disaster_alt_c17; alternative:disaster_alt_c28; alternative:disaster_alt_c34
Disaster Tweets,29,2029,11,9,0.8350,0.8267,0.7887,+0.0193,original:mentions_disaster_type; original:reports_event_occurrence; original:mentions_location; original:includes_source_or_report; original:mentions_casualties_or_injuries; original:mentions_property_damage; original:mentions_rescue_or_emergency_services; original:mentions_evacuation_or_shelter; original:gives_safety_instruction; original:uses_metaphor_or_idiom; original:refers_to_entertainment_or_sports; alternative:disaster_alt_c02; alternative:disaster_alt_c04; alternative:disaster_alt_c12; alternative:disaster_alt_c19; alternative:disaster_alt_c21; alternative:disaster_alt_c26; alternative:disaster_alt_c34; alternative:disaster_alt_c35; alternative:disaster_alt_c38
Disaster Tweets,30,2029,8,12,0.8100,0.8027,0.7649,-0.0046,original:mentions_cause_or_trigger; original:mentions_time_or_recency; original:first_person_witnessing; original:mentions_property_damage; original:mentions_scale_or_intensity; original:mentions_rescue_or_emergency_services; original:mentions_evacuation_or_shelter; original:discusses_non_event_context; alternative:disaster_alt_c04; alternative:disaster_alt_c06; alternative:disaster_alt_c07; alternative:disaster_alt_c11; alternative:disaster_alt_c12; alternative:disaster_alt_c18; alternative:disaster_alt_c21; alternative:disaster_alt_c25; alternative:disaster_alt_c27; alternative:disaster_alt_c28; alternative:disaster_alt_c33; alternative:disaster_alt_c38
Disaster Tweets,31,2029,11,9,0.8200,0.8112,0.7704,+0.0038,original:reports_event_occurrence; original:describes_threat_or_danger; original:mentions_cause_or_trigger; original:mentions_location; original:mentions_property_damage; original:mentions_evacuation_or_shelter; original:gives_safety_instruction; original:uses_metaphor_or_idiom; original:refers_to_entertainment_or_sports; original:expresses_joke_or_sarcasm; original:discusses_non_event_context; alternative:disaster_alt_c04; alternative:disaster_alt_c06; alternative:disaster_alt_c07; alternative:disaster_alt_c09; alternative:disaster_alt_c10; alternative:disaster_alt_c12; alternative:disaster_alt_c18; alternative:disaster_alt_c27; alternative:disaster_alt_c33
Disaster Tweets,32,2029,9,11,0.8200,0.8098,0.7656,+0.0024,original:reports_event_occurrence; original:describes_threat_or_danger; original:first_person_witnessing; original:mentions_casualties_or_injuries; original:mentions_property_damage; original:mentions_infrastructure_disruption; original:mentions_rescue_or_emergency_services; original:gives_safety_instruction; original:uses_metaphor_or_idiom; alternative:disaster_alt_c02; alternative:disaster_alt_c04; alternative:disaster_alt_c11; alternative:disaster_alt_c17; alternative:disaster_alt_c18; alternative:disaster_alt_c21; alternative:disaster_alt_c25; alternative:disaster_alt_c26; alternative:disaster_alt_c27; alternative:disaster_alt_c34; alternative:disaster_alt_c35
Disaster Tweets,33,2029,11,9,0.8290,0.8215,0.7849,+0.0142,original:describes_threat_or_danger; original:mentions_cause_or_trigger; original:mentions_location; original:first_person_witnessing; original:mentions_casualties_or_injuries; original:mentions_scale_or_intensity; original:calls_for_help; original:mentions_evacuation_or_shelter; original:gives_safety_instruction; original:refers_to_entertainment_or_sports; original:discusses_non_event_context; alternative:disaster_alt_c02; alternative:disaster_alt_c04; alternative:disaster_alt_c06; alternative:disaster_alt_c07; alternative:disaster_alt_c12; alternative:disaster_alt_c18; alternative:disaster_alt_c25; alternative:disaster_alt_c26; alternative:disaster_alt_c35
Disaster Tweets,34,2029,9,11,0.8180,0.8104,0.7725,+0.0031,original:mentions_disaster_type; original:describes_threat_or_danger; original:includes_source_or_report; original:first_person_witnessing; original:mentions_casualties_or_injuries; original:mentions_property_damage; original:mentions_scale_or_intensity; original:expresses_joke_or_sarcasm; original:discusses_non_event_context; alternative:disaster_alt_c02; alternative:disaster_alt_c04; alternative:disaster_alt_c10; alternative:disaster_alt_c11; alternative:disaster_alt_c12; alternative:disaster_alt_c17; alternative:disaster_alt_c18; alternative:disaster_alt_c27; alternative:disaster_alt_c28; alternative:disaster_alt_c33; alternative:disaster_alt_c38
Disaster Tweets,35,2029,8,12,0.8160,0.8059,0.7617,-0.0014,original:reports_event_occurrence; original:first_person_witnessing; original:mentions_infrastructure_disruption; original:mentions_scale_or_intensity; original:calls_for_help; original:uses_metaphor_or_idiom; original:refers_to_entertainment_or_sports; original:expresses_joke_or_sarcasm; alternative:disaster_alt_c02; alternative:disaster_alt_c04; alternative:disaster_alt_c09; alternative:disaster_alt_c10; alternative:disaster_alt_c11; alternative:disaster_alt_c12; alternative:disaster_alt_c18; alternative:disaster_alt_c26; alternative:disaster_alt_c27; alternative:disaster_alt_c34; alternative:disaster_alt_c35; alternative:disaster_alt_c38
Disaster Tweets,36,2029,5,15,0.8210,0.8130,0.7743,+0.0056,original:describes_threat_or_danger; original:mentions_cause_or_trigger; original:mentions_scale_or_intensity; original:uses_metaphor_or_idiom; original:discusses_non_event_context; alternative:disaster_alt_c02; alternative:disaster_alt_c04; alternative:disaster_alt_c06; alternative:disaster_alt_c07; alternative:disaster_alt_c09; alternative:disaster_alt_c11; alternative:disaster_alt_c12; alternative:disaster_alt_c17; alternative:disaster_alt_c18; alternative:disaster_alt_c19; alternative:disaster_alt_c21; alternative:disaster_alt_c26; alternative:disaster_alt_c27; alternative:disaster_alt_c33; alternative:disaster_alt_c34
Disaster Tweets,37,2029,9,11,0.8310,0.8230,0.7853,+0.0156,original:mentions_disaster_type; original:mentions_location; original:first_person_witnessing; original:mentions_scale_or_intensity; original:calls_for_help; original:mentions_rescue_or_emergency_services; original:gives_safety_instruction; original:uses_metaphor_or_idiom; original:expresses_joke_or_sarcasm; alternative:disaster_alt_c02; alternative:disaster_alt_c04; alternative:disaster_alt_c07; alternative:disaster_alt_c09; alternative:disaster_alt_c19; alternative:disaster_alt_c21; alternative:disaster_alt_c25; alternative:disaster_alt_c26; alternative:disaster_alt_c27; alternative:disaster_alt_c28; alternative:disaster_alt_c38
Disaster Tweets,38,2029,8,12,0.8270,0.8194,0.7824,+0.0121,original:mentions_disaster_type; original:describes_threat_or_danger; original:mentions_time_or_recency; original:includes_source_or_report; original:mentions_property_damage; original:mentions_infrastructure_disruption; original:mentions_scale_or_intensity; original:expresses_joke_or_sarcasm; alternative:disaster_alt_c02; alternative:disaster_alt_c04; alternative:disaster_alt_c09; alternative:disaster_alt_c11; alternative:disaster_alt_c12; alternative:disaster_alt_c17; alternative:disaster_alt_c18; alternative:disaster_alt_c21; alternative:disaster_alt_c26; alternative:disaster_alt_c28; alternative:disaster_alt_c33; alternative:disaster_alt_c35
Disaster Tweets,39,2029,13,7,0.8080,0.8019,0.7670,-0.0055,original:mentions_disaster_type; original:describes_threat_or_danger; original:mentions_cause_or_trigger; original:mentions_location; original:first_person_witnessing; original:mentions_property_damage; original:mentions_scale_or_intensity; original:calls_for_help; original:mentions_rescue_or_emergency_services; original:mentions_evacuation_or_shelter; original:gives_safety_instruction; original:uses_metaphor_or_idiom; original:discusses_non_event_context; alternative:disaster_alt_c04; alternative:disaster_alt_c10; alternative:disaster_alt_c17; alternative:disaster_alt_c25; alternative:disaster_alt_c26; alternative:disaster_alt_c33; alternative:disaster_alt_c34
Disaster Tweets,40,2029,7,13,0.8180,0.8103,0.7719,+0.0029,original:describes_threat_or_danger; original:mentions_cause_or_trigger; original:includes_source_or_report; original:mentions_property_damage; original:mentions_scale_or_intensity; original:gives_safety_instruction; original:uses_metaphor_or_idiom; alternative:disaster_alt_c06; alternative:disaster_alt_c07; alternative:disaster_alt_c09; alternative:disaster_alt_c10; alternative:disaster_alt_c11; alternative:disaster_alt_c18; alternative:disaster_alt_c21; alternative:disaster_alt_c26; alternative:disaster_alt_c27; alternative:disaster_alt_c28; alternative:disaster_alt_c33; alternative:disaster_alt_c34; alternative:disaster_alt_c38
Disaster Tweets,41,2029,8,12,0.8150,0.8059,0.7637,-0.0015,original:reports_event_occurrence; original:describes_threat_or_danger; original:mentions_location; original:mentions_time_or_recency; original:mentions_scale_or_intensity; original:calls_for_help; original:expresses_joke_or_sarcasm; original:discusses_non_event_context; alternative:disaster_alt_c04; alternative:disaster_alt_c06; alternative:disaster_alt_c10; alternative:disaster_alt_c11; alternative:disaster_alt_c12; alternative:disaster_alt_c17; alternative:disaster_alt_c18; alternative:disaster_alt_c21; alternative:disaster_alt_c25; alternative:disaster_alt_c28; alternative:disaster_alt_c33; alternative:disaster_alt_c34
Disaster Tweets,42,2029,9,11,0.8250,0.8167,0.7776,+0.0093,original:includes_source_or_report; original:mentions_casualties_or_injuries; original:mentions_property_damage; original:mentions_scale_or_intensity; original:calls_for_help; original:mentions_rescue_or_emergency_services; original:uses_metaphor_or_idiom; original:refers_to_entertainment_or_sports; original:discusses_non_event_context; alternative:disaster_alt_c02; alternative:disaster_alt_c04; alternative:disaster_alt_c06; alternative:disaster_alt_c11; alternative:disaster_alt_c12; alternative:disaster_alt_c17; alternative:disaster_alt_c19; alternative:disaster_alt_c25; alternative:disaster_alt_c27; alternative:disaster_alt_c34; alternative:disaster_alt_c35
Disaster Tweets,43,2029,11,9,0.8290,0.8218,0.7860,+0.0145,original:mentions_disaster_type; original:describes_threat_or_danger; original:mentions_location; original:mentions_time_or_recency; original:first_person_witnessing; original:mentions_casualties_or_injuries; original:mentions_scale_or_intensity; original:calls_for_help; original:mentions_rescue_or_emergency_services; original:mentions_evacuation_or_shelter; original:refers_to_entertainment_or_sports; alternative:disaster_alt_c02; alternative:disaster_alt_c09; alternative:disaster_alt_c10; alternative:disaster_alt_c12; alternative:disaster_alt_c17; alternative:disaster_alt_c21; alternative:disaster_alt_c25; alternative:disaster_alt_c27; alternative:disaster_alt_c28
Disaster Tweets,44,2029,10,10,0.8140,0.8069,0.7698,-0.0005,original:describes_threat_or_danger; original:mentions_location; original:mentions_time_or_recency; original:mentions_casualties_or_injuries; original:mentions_property_damage; original:calls_for_help; original:mentions_rescue_or_emergency_services; original:mentions_evacuation_or_shelter; original:uses_metaphor_or_idiom; original:discusses_non_event_context; alternative:disaster_alt_c06; alternative:disaster_alt_c09; alternative:disaster_alt_c10; alternative:disaster_alt_c12; alternative:disaster_alt_c18; alternative:disaster_alt_c25; alternative:disaster_alt_c28; alternative:disaster_alt_c34; alternative:disaster_alt_c35; alternative:disaster_alt_c38
Disaster Tweets,45,2029,7,13,0.8120,0.8033,0.7620,-0.0040,original:mentions_disaster_type; original:mentions_time_or_recency; original:includes_source_or_report; original:mentions_casualties_or_injuries; original:mentions_infrastructure_disruption; original:uses_metaphor_or_idiom; original:refers_to_entertainment_or_sports; alternative:disaster_alt_c04; alternative:disaster_alt_c07; alternative:disaster_alt_c10; alternative:disaster_alt_c11; alternative:disaster_alt_c12; alternative:disaster_alt_c17; alternative:disaster_alt_c18; alternative:disaster_alt_c19; alternative:disaster_alt_c26; alternative:disaster_alt_c27; alternative:disaster_alt_c28; alternative:disaster_alt_c34; alternative:disaster_alt_c38
Disaster Tweets,46,2029,9,11,0.8230,0.8143,0.7739,+0.0069,original:describes_threat_or_danger; original:mentions_location; original:mentions_time_or_recency; original:includes_source_or_report; original:mentions_casualties_or_injuries; original:calls_for_help; original:mentions_rescue_or_emergency_services; original:mentions_evacuation_or_shelter; original:gives_safety_instruction; alternative:disaster_alt_c02; alternative:disaster_alt_c04; alternative:disaster_alt_c06; alternative:disaster_alt_c07; alternative:disaster_alt_c10; alternative:disaster_alt_c11; alternative:disaster_alt_c12; alternative:disaster_alt_c18; alternative:disaster_alt_c21; alternative:disaster_alt_c27; alternative:disaster_alt_c35
Disaster Tweets,47,2029,7,13,0.8290,0.8207,0.7822,+0.0134,original:reports_event_occurrence; original:mentions_cause_or_trigger; original:mentions_location; original:mentions_scale_or_intensity; original:mentions_rescue_or_emergency_services; original:expresses_joke_or_sarcasm; original:discusses_non_event_context; alternative:disaster_alt_c02; alternative:disaster_alt_c06; alternative:disaster_alt_c07; alternative:disaster_alt_c09; alternative:disaster_alt_c10; alternative:disaster_alt_c11; alternative:disaster_alt_c12; alternative:disaster_alt_c18; alternative:disaster_alt_c27; alternative:disaster_alt_c33; alternative:disaster_alt_c34; alternative:disaster_alt_c35; alternative:disaster_alt_c38
Disaster Tweets,48,2029,9,11,0.8290,0.8207,0.7822,+0.0134,original:reports_event_occurrence; original:describes_threat_or_danger; original:mentions_time_or_recency; original:mentions_infrastructure_disruption; original:calls_for_help; original:gives_safety_instruction; original:uses_metaphor_or_idiom; original:refers_to_entertainment_or_sports; original:discusses_non_event_context; alternative:disaster_alt_c02; alternative:disaster_alt_c06; alternative:disaster_alt_c09; alternative:disaster_alt_c10; alternative:disaster_alt_c11; alternative:disaster_alt_c17; alternative:disaster_alt_c19; alternative:disaster_alt_c26; alternative:disaster_alt_c27; alternative:disaster_alt_c33; alternative:disaster_alt_c35
Disaster Tweets,49,2029,10,10,0.8090,0.7990,0.7542,-0.0083,original:reports_event_occurrence; original:mentions_time_or_recency; original:includes_source_or_report; original:mentions_casualties_or_injuries; original:mentions_infrastructure_disruption; original:mentions_scale_or_intensity; original:mentions_rescue_or_emergency_services; original:mentions_evacuation_or_shelter; original:uses_metaphor_or_idiom; original:expresses_joke_or_sarcasm; alternative:disaster_alt_c04; alternative:disaster_alt_c09; alternative:disaster_alt_c10; alternative:disaster_alt_c11; alternative:disaster_alt_c12; alternative:disaster_alt_c17; alternative:disaster_alt_c19; alternative:disaster_alt_c25; alternative:disaster_alt_c34; alternative:disaster_alt_c35
Disaster Tweets,50,2029,10,10,0.8270,0.8171,0.7744,+0.0097,original:mentions_disaster_type; original:reports_event_occurrence; original:includes_source_or_report; original:first_person_witnessing; original:mentions_casualties_or_injuries; original:mentions_property_damage; original:mentions_rescue_or_emergency_services; original:mentions_evacuation_or_shelter; original:gives_safety_instruction; original:uses_metaphor_or_idiom; alternative:disaster_alt_c04; alternative:disaster_alt_c06; alternative:disaster_alt_c10; alternative:disaster_alt_c11; alternative:disaster_alt_c12; alternative:disaster_alt_c18; alternative:disaster_alt_c19; alternative:disaster_alt_c25; alternative:disaster_alt_c27; alternative:disaster_alt_c35
Disaster Tweets,51,2029,10,10,0.8280,0.8201,0.7823,+0.0127,original:mentions_disaster_type; original:describes_threat_or_danger; original:mentions_cause_or_trigger; original:mentions_location; original:first_person_witnessing; original:mentions_scale_or_intensity; original:calls_for_help; original:gives_safety_instruction; original:expresses_joke_or_sarcasm; original:discusses_non_event_context; alternative:disaster_alt_c02; alternative:disaster_alt_c06; alternative:disaster_alt_c09; alternative:disaster_alt_c10; alternative:disaster_alt_c17; alternative:disaster_alt_c28; alternative:disaster_alt_c33; alternative:disaster_alt_c34; alternative:disaster_alt_c35; alternative:disaster_alt_c38
Disaster Tweets,52,2029,11,9,0.8060,0.7998,0.7646,-0.0075,original:mentions_disaster_type; original:mentions_cause_or_trigger; original:mentions_time_or_recency; original:first_person_witnessing; original:mentions_casualties_or_injuries; original:mentions_property_damage; original:mentions_evacuation_or_shelter; original:gives_safety_instruction; original:uses_metaphor_or_idiom; original:expresses_joke_or_sarcasm; original:discusses_non_event_context; alternative:disaster_alt_c07; alternative:disaster_alt_c10; alternative:disaster_alt_c17; alternative:disaster_alt_c18; alternative:disaster_alt_c19; alternative:disaster_alt_c25; alternative:disaster_alt_c27; alternative:disaster_alt_c28; alternative:disaster_alt_c34
Disaster Tweets,53,2029,11,9,0.8260,0.8172,0.7769,+0.0098,original:mentions_cause_or_trigger; original:mentions_location; original:includes_source_or_report; original:mentions_property_damage; original:mentions_infrastructure_disruption; original:mentions_scale_or_intensity; original:calls_for_help; original:mentions_evacuation_or_shelter; original:gives_safety_instruction; original:refers_to_entertainment_or_sports; original:expresses_joke_or_sarcasm; alternative:disaster_alt_c02; alternative:disaster_alt_c04; alternative:disaster_alt_c06; alternative:disaster_alt_c07; alternative:disaster_alt_c12; alternative:disaster_alt_c17; alternative:disaster_alt_c18; alternative:disaster_alt_c26; alternative:disaster_alt_c35
Disaster Tweets,54,2029,9,11,0.8360,0.8280,0.7908,+0.0206,original:mentions_disaster_type; original:reports_event_occurrence; original:describes_threat_or_danger; original:mentions_cause_or_trigger; original:mentions_casualties_or_injuries; original:mentions_property_damage; original:calls_for_help; original:mentions_evacuation_or_shelter; original:discusses_non_event_context; alternative:disaster_alt_c02; alternative:disaster_alt_c06; alternative:disaster_alt_c09; alternative:disaster_alt_c10; alternative:disaster_alt_c11; alternative:disaster_alt_c19; alternative:disaster_alt_c25; alternative:disaster_alt_c26; alternative:disaster_alt_c27; alternative:disaster_alt_c28; alternative:disaster_alt_c35
Disaster Tweets,55,2029,10,10,0.8280,0.8201,0.7823,+0.0127,original:mentions_disaster_type; original:reports_event_occurrence; original:mentions_time_or_recency; original:mentions_casualties_or_injuries; original:mentions_infrastructure_disruption; original:mentions_scale_or_intensity; original:gives_safety_instruction; original:refers_to_entertainment_or_sports; original:expresses_joke_or_sarcasm; original:discusses_non_event_context; alternative:disaster_alt_c02; alternative:disaster_alt_c04; alternative:disaster_alt_c09; alternative:disaster_alt_c10; alternative:disaster_alt_c12; alternative:disaster_alt_c19; alternative:disaster_alt_c25; alternative:disaster_alt_c33; alternative:disaster_alt_c35; alternative:disaster_alt_c38
Disaster Tweets,56,2029,14,6,0.8080,0.8017,0.7664,-0.0056,original:mentions_disaster_type; original:describes_threat_or_danger; original:mentions_time_or_recency; original:first_person_witnessing; original:mentions_casualties_or_injuries; original:mentions_infrastructure_disruption; original:mentions_scale_or_intensity; original:calls_for_help; original:mentions_rescue_or_emergency_services; original:gives_safety_instruction; original:uses_metaphor_or_idiom; original:refers_to_entertainment_or_sports; original:expresses_joke_or_sarcasm; original:discusses_non_event_context; alternative:disaster_alt_c04; alternative:disaster_alt_c07; alternative:disaster_alt_c09; alternative:disaster_alt_c10; alternative:disaster_alt_c11; alternative:disaster_alt_c27
Disaster Tweets,57,2029,9,11,0.8170,0.8065,0.7614,-0.0008,original:reports_event_occurrence; original:describes_threat_or_danger; original:mentions_cause_or_trigger; original:first_person_witnessing; original:mentions_casualties_or_injuries; original:mentions_scale_or_intensity; original:calls_for_help; original:mentions_evacuation_or_shelter; original:discusses_non_event_context; alternative:disaster_alt_c06; alternative:disaster_alt_c09; alternative:disaster_alt_c11; alternative:disaster_alt_c17; alternative:disaster_alt_c18; alternative:disaster_alt_c19; alternative:disaster_alt_c21; alternative:disaster_alt_c26; alternative:disaster_alt_c28; alternative:disaster_alt_c34; alternative:disaster_alt_c38
Disaster Tweets,58,2029,10,10,0.8280,0.8199,0.7817,+0.0126,original:mentions_disaster_type; original:reports_event_occurrence; original:mentions_cause_or_trigger; original:mentions_location; original:mentions_casualties_or_injuries; original:mentions_infrastructure_disruption; original:mentions_rescue_or_emergency_services; original:refers_to_entertainment_or_sports; original:expresses_joke_or_sarcasm; original:discusses_non_event_context; alternative:disaster_alt_c02; alternative:disaster_alt_c06; alternative:disaster_alt_c07; alternative:disaster_alt_c09; alternative:disaster_alt_c10; alternative:disaster_alt_c17; alternative:disaster_alt_c18; alternative:disaster_alt_c25; alternative:disaster_alt_c33; alternative:disaster_alt_c35
Disaster Tweets,59,2029,13,7,0.8290,0.8209,0.7827,+0.0135,original:mentions_disaster_type; original:mentions_location; original:mentions_time_or_recency; original:includes_source_or_report; original:mentions_casualties_or_injuries; original:mentions_property_damage; original:mentions_infrastructure_disruption; original:calls_for_help; original:mentions_evacuation_or_shelter; original:gives_safety_instruction; original:uses_metaphor_or_idiom; original:refers_to_entertainment_or_sports; original:discusses_non_event_context; alternative:disaster_alt_c02; alternative:disaster_alt_c04; alternative:disaster_alt_c06; alternative:disaster_alt_c09; alternative:disaster_alt_c10; alternative:disaster_alt_c21; alternative:disaster_alt_c35
Disaster Tweets,60,2029,12,8,0.8200,0.8105,0.7680,+0.0032,original:mentions_disaster_type; original:reports_event_occurrence; original:describes_threat_or_danger; original:mentions_time_or_recency; original:first_person_witnessing; original:mentions_property_damage; original:mentions_scale_or_intensity; original:calls_for_help; original:mentions_rescue_or_emergency_services; original:uses_metaphor_or_idiom; original:refers_to_entertainment_or_sports; original:expresses_joke_or_sarcasm; alternative:disaster_alt_c06; alternative:disaster_alt_c07; alternative:disaster_alt_c09; alternative:disaster_alt_c17; alternative:disaster_alt_c26; alternative:disaster_alt_c27; alternative:disaster_alt_c33; alternative:disaster_alt_c38
Disaster Tweets,61,2029,7,13,0.8280,0.8194,0.7801,+0.0121,original:mentions_disaster_type; original:reports_event_occurrence; original:mentions_cause_or_trigger; original:mentions_casualties_or_injuries; original:mentions_scale_or_intensity; original:mentions_evacuation_or_shelter; original:discusses_non_event_context; alternative:disaster_alt_c02; alternative:disaster_alt_c06; alternative:disaster_alt_c10; alternative:disaster_alt_c11; alternative:disaster_alt_c12; alternative:disaster_alt_c17; alternative:disaster_alt_c18; alternative:disaster_alt_c19; alternative:disaster_alt_c25; alternative:disaster_alt_c26; alternative:disaster_alt_c28; alternative:disaster_alt_c33; alternative:disaster_alt_c38
Disaster Tweets,62,2029,9,11,0.8120,0.8030,0.7608,-0.0044,original:describes_threat_or_danger; original:mentions_cause_or_trigger; original:mentions_location; original:mentions_time_or_recency; original:includes_source_or_report; original:first_person_witnessing; original:mentions_infrastructure_disruption; original:mentions_scale_or_intensity; original:gives_safety_instruction; alternative:disaster_alt_c04; alternative:disaster_alt_c09; alternative:disaster_alt_c10; alternative:disaster_alt_c12; alternative:disaster_alt_c18; alternative:disaster_alt_c19; alternative:disaster_alt_c28; alternative:disaster_alt_c33; alternative:disaster_alt_c34; alternative:disaster_alt_c35; alternative:disaster_alt_c38
Disaster Tweets,63,2029,8,12,0.8210,0.8115,0.7690,+0.0041,original:reports_event_occurrence; original:mentions_location; original:first_person_witnessing; original:mentions_casualties_or_injuries; original:mentions_infrastructure_disruption; original:calls_for_help; original:mentions_rescue_or_emergency_services; original:uses_metaphor_or_idiom; alternative:disaster_alt_c02; alternative:disaster_alt_c04; alternative:disaster_alt_c09; alternative:disaster_alt_c17; alternative:disaster_alt_c19; alternative:disaster_alt_c21; alternative:disaster_alt_c25; alternative:disaster_alt_c26; alternative:disaster_alt_c28; alternative:disaster_alt_c33; alternative:disaster_alt_c35; alternative:disaster_alt_c38
Disaster Tweets,64,2029,12,8,0.8230,0.8130,0.7698,+0.0057,original:mentions_disaster_type; original:reports_event_occurrence; original:describes_threat_or_danger; original:includes_source_or_report; original:first_person_witnessing; original:mentions_scale_or_intensity; original:calls_for_help; original:mentions_rescue_or_emergency_services; original:gives_safety_instruction; original:refers_to_entertainment_or_sports; original:expresses_joke_or_sarcasm; original:discusses_non_event_context; alternative:disaster_alt_c06; alternative:disaster_alt_c07; alternative:disaster_alt_c17; alternative:disaster_alt_c19; alternative:disaster_alt_c21; alternative:disaster_alt_c34; alternative:disaster_alt_c35; alternative:disaster_alt_c38
Disaster Tweets,65,2029,11,9,0.8210,0.8123,0.7720,+0.0050,original:reports_event_occurrence; original:describes_threat_or_danger; original:mentions_cause_or_trigger; original:mentions_location; original:mentions_time_or_recency; original:includes_source_or_report; original:mentions_property_damage; original:mentions_rescue_or_emergency_services; original:mentions_evacuation_or_shelter; original:expresses_joke_or_sarcasm; original:discusses_non_event_context; alternative:disaster_alt_c02; alternative:disaster_alt_c09; alternative:disaster_alt_c11; alternative:disaster_alt_c12; alternative:disaster_alt_c17; alternative:disaster_alt_c18; alternative:disaster_alt_c19; alternative:disaster_alt_c21; alternative:disaster_alt_c28
Disaster Tweets,66,2029,12,8,0.8270,0.8181,0.7779,+0.0108,original:mentions_disaster_type; original:reports_event_occurrence; original:describes_threat_or_danger; original:mentions_cause_or_trigger; original:includes_source_or_report; original:mentions_casualties_or_injuries; original:mentions_property_damage; original:calls_for_help; original:mentions_rescue_or_emergency_services; original:mentions_evacuation_or_shelter; original:uses_metaphor_or_idiom; original:expresses_joke_or_sarcasm; alternative:disaster_alt_c02; alternative:disaster_alt_c04; alternative:disaster_alt_c06; alternative:disaster_alt_c07; alternative:disaster_alt_c12; alternative:disaster_alt_c17; alternative:disaster_alt_c18; alternative:disaster_alt_c28
Disaster Tweets,67,2029,9,11,0.8180,0.8098,0.7702,+0.0024,original:mentions_cause_or_trigger; original:mentions_location; original:mentions_time_or_recency; original:first_person_witnessing; original:mentions_property_damage; original:mentions_rescue_or_emergency_services; original:mentions_evacuation_or_shelter; original:gives_safety_instruction; original:uses_metaphor_or_idiom; alternative:disaster_alt_c02; alternative:disaster_alt_c04; alternative:disaster_alt_c07; alternative:disaster_alt_c10; alternative:disaster_alt_c17; alternative:disaster_alt_c18; alternative:disaster_alt_c19; alternative:disaster_alt_c25; alternative:disaster_alt_c26; alternative:disaster_alt_c34; alternative:disaster_alt_c38
Disaster Tweets,68,2029,11,9,0.8130,0.8028,0.7581,-0.0045,original:reports_event_occurrence; original:mentions_cause_or_trigger; original:mentions_location; original:first_person_witnessing; original:mentions_casualties_or_injuries; original:mentions_property_damage; original:mentions_infrastructure_disruption; original:calls_for_help; original:gives_safety_instruction; original:refers_to_entertainment_or_sports; original:expresses_joke_or_sarcasm; alternative:disaster_alt_c07; alternative:disaster_alt_c10; alternative:disaster_alt_c12; alternative:disaster_alt_c18; alternative:disaster_alt_c19; alternative:disaster_alt_c21; alternative:disaster_alt_c26; alternative:disaster_alt_c27; alternative:disaster_alt_c28
Disaster Tweets,69,2029,10,10,0.8180,0.8101,0.7714,+0.0028,original:describes_threat_or_danger; original:mentions_cause_or_trigger; original:mentions_location; original:mentions_property_damage; original:mentions_scale_or_intensity; original:mentions_rescue_or_emergency_services; original:gives_safety_instruction; original:uses_metaphor_or_idiom; original:expresses_joke_or_sarcasm; original:discusses_non_event_context; alternative:disaster_alt_c06; alternative:disaster_alt_c10; alternative:disaster_alt_c11; alternative:disaster_alt_c12; alternative:disaster_alt_c19; alternative:disaster_alt_c27; alternative:disaster_alt_c33; alternative:disaster_alt_c34; alternative:disaster_alt_c35; alternative:disaster_alt_c38
Disaster Tweets,70,2029,14,6,0.8290,0.8209,0.7827,+0.0135,original:mentions_disaster_type; original:reports_event_occurrence; original:describes_threat_or_danger; original:mentions_cause_or_trigger; original:mentions_time_or_recency; original:includes_source_or_report; original:mentions_casualties_or_injuries; original:mentions_infrastructure_disruption; original:calls_for_help; original:mentions_rescue_or_emergency_services; original:mentions_evacuation_or_shelter; original:uses_metaphor_or_idiom; original:refers_to_entertainment_or_sports; original:discusses_non_event_context; alternative:disaster_alt_c02; alternative:disaster_alt_c09; alternative:disaster_alt_c10; alternative:disaster_alt_c18; alternative:disaster_alt_c25; alternative:disaster_alt_c27
Disaster Tweets,71,2029,10,10,0.8220,0.8121,0.7688,+0.0047,original:reports_event_occurrence; original:mentions_cause_or_trigger; original:mentions_location; original:mentions_time_or_recency; original:includes_source_or_report; original:mentions_infrastructure_disruption; original:calls_for_help; original:gives_safety_instruction; original:refers_to_entertainment_or_sports; original:expresses_joke_or_sarcasm; alternative:disaster_alt_c02; alternative:disaster_alt_c04; alternative:disaster_alt_c06; alternative:disaster_alt_c09; alternative:disaster_alt_c10; alternative:disaster_alt_c17; alternative:disaster_alt_c21; alternative:disaster_alt_c26; alternative:disaster_alt_c27; alternative:disaster_alt_c28
Disaster Tweets,72,2029,5,15,0.8200,0.8112,0.7704,+0.0038,original:mentions_disaster_type; original:mentions_casualties_or_injuries; original:calls_for_help; original:mentions_rescue_or_emergency_services; original:uses_metaphor_or_idiom; alternative:disaster_alt_c04; alternative:disaster_alt_c06; alternative:disaster_alt_c07; alternative:disaster_alt_c10; alternative:disaster_alt_c11; alternative:disaster_alt_c12; alternative:disaster_alt_c17; alternative:disaster_alt_c18; alternative:disaster_alt_c25; alternative:disaster_alt_c27; alternative:disaster_alt_c28; alternative:disaster_alt_c33; alternative:disaster_alt_c34; alternative:disaster_alt_c35; alternative:disaster_alt_c38
Disaster Tweets,73,2029,9,11,0.8190,0.8090,0.7652,+0.0016,original:reports_event_occurrence; original:describes_threat_or_danger; original:mentions_cause_or_trigger; original:mentions_time_or_recency; original:first_person_witnessing; original:mentions_property_damage; original:calls_for_help; original:gives_safety_instruction; original:expresses_joke_or_sarcasm; alternative:disaster_alt_c02; alternative:disaster_alt_c04; alternative:disaster_alt_c07; alternative:disaster_alt_c10; alternative:disaster_alt_c12; alternative:disaster_alt_c17; alternative:disaster_alt_c26; alternative:disaster_alt_c27; alternative:disaster_alt_c33; alternative:disaster_alt_c34; alternative:disaster_alt_c35
Disaster Tweets,74,2029,7,13,0.8280,0.8204,0.7834,+0.0130,original:mentions_disaster_type; original:mentions_cause_or_trigger; original:mentions_time_or_recency; original:includes_source_or_report; original:mentions_infrastructure_disruption; original:mentions_scale_or_intensity; original:expresses_joke_or_sarcasm; alternative:disaster_alt_c02; alternative:disaster_alt_c09; alternative:disaster_alt_c10; alternative:disaster_alt_c11; alternative:disaster_alt_c12; alternative:disaster_alt_c18; alternative:disaster_alt_c19; alternative:disaster_alt_c21; alternative:disaster_alt_c25; alternative:disaster_alt_c26; alternative:disaster_alt_c33; alternative:disaster_alt_c34; alternative:disaster_alt_c38
Disaster Tweets,75,2029,11,9,0.8210,0.8111,0.7678,+0.0038,original:reports_event_occurrence; original:describes_threat_or_danger; original:mentions_cause_or_trigger; original:mentions_time_or_recency; original:first_person_witnessing; original:mentions_casualties_or_injuries; original:mentions_infrastructure_disruption; original:mentions_scale_or_intensity; original:mentions_rescue_or_emergency_services; original:mentions_evacuation_or_shelter; original:discusses_non_event_context; alternative:disaster_alt_c02; alternative:disaster_alt_c04; alternative:disaster_alt_c06; alternative:disaster_alt_c12; alternative:disaster_alt_c18; alternative:disaster_alt_c19; alternative:disaster_alt_c21; alternative:disaster_alt_c33; alternative:disaster_alt_c38
Disaster Tweets,76,2029,10,10,0.8270,0.8191,0.7813,+0.0118,original:mentions_disaster_type; original:mentions_location; original:includes_source_or_report; original:first_person_witnessing; original:mentions_scale_or_intensity; original:calls_for_help; original:gives_safety_instruction; original:uses_metaphor_or_idiom; original:refers_to_entertainment_or_sports; original:discusses_non_event_context; alternative:disaster_alt_c02; alternative:disaster_alt_c04; alternative:disaster_alt_c07; alternative:disaster_alt_c09; alternative:disaster_alt_c11; alternative:disaster_alt_c19; alternative:disaster_alt_c21; alternative:disaster_alt_c26; alternative:disaster_alt_c33; alternative:disaster_alt_c34
Disaster Tweets,77,2029,13,7,0.8190,0.8114,0.7735,+0.0040,original:describes_threat_or_danger; original:mentions_location; original:mentions_time_or_recency; original:mentions_casualties_or_injuries; original:mentions_property_damage; original:mentions_infrastructure_disruption; original:calls_for_help; original:mentions_evacuation_or_shelter; original:gives_safety_instruction; original:uses_metaphor_or_idiom; original:refers_to_entertainment_or_sports; original:expresses_joke_or_sarcasm; original:discusses_non_event_context; alternative:disaster_alt_c02; alternative:disaster_alt_c07; alternative:disaster_alt_c11; alternative:disaster_alt_c12; alternative:disaster_alt_c25; alternative:disaster_alt_c26; alternative:disaster_alt_c28
Disaster Tweets,78,2029,10,10,0.8190,0.8092,0.7658,+0.0018,original:reports_event_occurrence; original:describes_threat_or_danger; original:mentions_cause_or_trigger; original:mentions_location; original:mentions_time_or_recency; original:includes_source_or_report; original:mentions_rescue_or_emergency_services; original:mentions_evacuation_or_shelter; original:gives_safety_instruction; original:refers_to_entertainment_or_sports; alternative:disaster_alt_c04; alternative:disaster_alt_c06; alternative:disaster_alt_c09; alternative:disaster_alt_c10; alternative:disaster_alt_c11; alternative:disaster_alt_c12; alternative:disaster_alt_c18; alternative:disaster_alt_c21; alternative:disaster_alt_c28; alternative:disaster_alt_c33
Disaster Tweets,79,2029,9,11,0.8260,0.8178,0.7792,+0.0105,original:mentions_disaster_type; original:reports_event_occurrence; original:describes_threat_or_danger; original:includes_source_or_report; original:first_person_witnessing; original:mentions_casualties_or_injuries; original:mentions_property_damage; original:mentions_scale_or_intensity; original:gives_safety_instruction; alternative:disaster_alt_c02; alternative:disaster_alt_c09; alternative:disaster_alt_c12; alternative:disaster_alt_c18; alternative:disaster_alt_c19; alternative:disaster_alt_c26; alternative:disaster_alt_c27; alternative:disaster_alt_c28; alternative:disaster_alt_c33; alternative:disaster_alt_c34; alternative:disaster_alt_c38
Disaster Tweets,80,2029,12,8,0.8230,0.8139,0.7728,+0.0066,original:mentions_disaster_type; original:reports_event_occurrence; original:describes_threat_or_danger; original:mentions_time_or_recency; original:mentions_casualties_or_injuries; original:mentions_property_damage; original:mentions_infrastructure_disruption; original:mentions_rescue_or_emergency_services; original:mentions_evacuation_or_shelter; original:refers_to_entertainment_or_sports; original:expresses_joke_or_sarcasm; original:discusses_non_event_context; alternative:disaster_alt_c07; alternative:disaster_alt_c17; alternative:disaster_alt_c21; alternative:disaster_alt_c25; alternative:disaster_alt_c26; alternative:disaster_alt_c33; alternative:disaster_alt_c35; alternative:disaster_alt_c38
Disaster Tweets,81,2029,8,12,0.8260,0.8183,0.7809,+0.0109,original:mentions_disaster_type; original:describes_threat_or_danger; original:mentions_location; original:mentions_time_or_recency; original:calls_for_help; original:mentions_rescue_or_emergency_services; original:mentions_evacuation_or_shelter; original:refers_to_entertainment_or_sports; alternative:disaster_alt_c04; alternative:disaster_alt_c06; alternative:disaster_alt_c07; alternative:disaster_alt_c09; alternative:disaster_alt_c10; alternative:disaster_alt_c12; alternative:disaster_alt_c19; alternative:disaster_alt_c21; alternative:disaster_alt_c26; alternative:disaster_alt_c27; alternative:disaster_alt_c34; alternative:disaster_alt_c35
Disaster Tweets,82,2029,8,12,0.8080,0.7997,0.7588,-0.0077,original:describes_threat_or_danger; original:mentions_cause_or_trigger; original:mentions_time_or_recency; original:first_person_witnessing; original:mentions_property_damage; original:mentions_infrastructure_disruption; original:mentions_rescue_or_emergency_services; original:gives_safety_instruction; alternative:disaster_alt_c06; alternative:disaster_alt_c09; alternative:disaster_alt_c10; alternative:disaster_alt_c11; alternative:disaster_alt_c12; alternative:disaster_alt_c17; alternative:disaster_alt_c18; alternative:disaster_alt_c25; alternative:disaster_alt_c27; alternative:disaster_alt_c33; alternative:disaster_alt_c34; alternative:disaster_alt_c38
Disaster Tweets,83,2029,12,8,0.8160,0.8078,0.7683,+0.0005,original:mentions_disaster_type; original:reports_event_occurrence; original:describes_threat_or_danger; original:mentions_cause_or_trigger; original:mentions_location; original:mentions_time_or_recency; original:mentions_casualties_or_injuries; original:mentions_property_damage; original:calls_for_help; original:mentions_rescue_or_emergency_services; original:refers_to_entertainment_or_sports; original:discusses_non_event_context; alternative:disaster_alt_c11; alternative:disaster_alt_c12; alternative:disaster_alt_c17; alternative:disaster_alt_c25; alternative:disaster_alt_c26; alternative:disaster_alt_c27; alternative:disaster_alt_c34; alternative:disaster_alt_c38
Disaster Tweets,84,2029,12,8,0.8290,0.8209,0.7827,+0.0135,original:mentions_disaster_type; original:reports_event_occurrence; original:describes_threat_or_danger; original:first_person_witnessing; original:mentions_property_damage; original:mentions_infrastructure_disruption; original:mentions_scale_or_intensity; original:calls_for_help; original:mentions_rescue_or_emergency_services; original:mentions_evacuation_or_shelter; original:uses_metaphor_or_idiom; original:refers_to_entertainment_or_sports; alternative:disaster_alt_c02; alternative:disaster_alt_c07; alternative:disaster_alt_c09; alternative:disaster_alt_c17; alternative:disaster_alt_c25; alternative:disaster_alt_c33; alternative:disaster_alt_c34; alternative:disaster_alt_c38
Disaster Tweets,85,2029,9,11,0.8120,0.8003,0.7520,-0.0070,original:mentions_disaster_type; original:mentions_cause_or_trigger; original:includes_source_or_report; original:first_person_witnessing; original:mentions_infrastructure_disruption; original:calls_for_help; original:mentions_evacuation_or_shelter; original:uses_metaphor_or_idiom; original:expresses_joke_or_sarcasm; alternative:disaster_alt_c04; alternative:disaster_alt_c06; alternative:disaster_alt_c11; alternative:disaster_alt_c12; alternative:disaster_alt_c18; alternative:disaster_alt_c19; alternative:disaster_alt_c21; alternative:disaster_alt_c27; alternative:disaster_alt_c34; alternative:disaster_alt_c35; alternative:disaster_alt_c38
Disaster Tweets,86,2029,10,10,0.8310,0.8228,0.7847,+0.0155,original:reports_event_occurrence; original:describes_threat_or_danger; original:mentions_cause_or_trigger; original:mentions_location; original:mentions_casualties_or_injuries; original:mentions_property_damage; original:calls_for_help; original:gives_safety_instruction; original:uses_metaphor_or_idiom; original:discusses_non_event_context; alternative:disaster_alt_c02; alternative:disaster_alt_c04; alternative:disaster_alt_c06; alternative:disaster_alt_c09; alternative:disaster_alt_c10; alternative:disaster_alt_c19; alternative:disaster_alt_c25; alternative:disaster_alt_c27; alternative:disaster_alt_c34; alternative:disaster_alt_c38
Disaster Tweets,87,2029,11,9,0.8070,0.7947,0.7444,-0.0127,original:reports_event_occurrence; original:describes_threat_or_danger; original:mentions_cause_or_trigger; original:includes_source_or_report; original:first_person_witnessing; original:mentions_casualties_or_injuries; original:mentions_property_damage; original:calls_for_help; original:mentions_evacuation_or_shelter; original:gives_safety_instruction; original:uses_metaphor_or_idiom; alternative:disaster_alt_c11; alternative:disaster_alt_c12; alternative:disaster_alt_c17; alternative:disaster_alt_c21; alternative:disaster_alt_c25; alternative:disaster_alt_c26; alternative:disaster_alt_c33; alternative:disaster_alt_c34; alternative:disaster_alt_c38
Disaster Tweets,88,2029,14,6,0.8040,0.7963,0.7568,-0.0110,original:mentions_disaster_type; original:describes_threat_or_danger; original:mentions_cause_or_trigger; original:mentions_location; original:includes_source_or_report; original:first_person_witnessing; original:mentions_property_damage; original:mentions_infrastructure_disruption; original:mentions_scale_or_intensity; original:calls_for_help; original:gives_safety_instruction; original:refers_to_entertainment_or_sports; original:expresses_joke_or_sarcasm; original:discusses_non_event_context; alternative:disaster_alt_c09; alternative:disaster_alt_c17; alternative:disaster_alt_c18; alternative:disaster_alt_c21; alternative:disaster_alt_c28; alternative:disaster_alt_c33
Disaster Tweets,89,2029,11,9,0.8230,0.8141,0.7734,+0.0067,original:reports_event_occurrence; original:describes_threat_or_danger; original:mentions_location; original:mentions_infrastructure_disruption; original:mentions_scale_or_intensity; original:calls_for_help; original:mentions_rescue_or_emergency_services; original:mentions_evacuation_or_shelter; original:refers_to_entertainment_or_sports; original:expresses_joke_or_sarcasm; original:discusses_non_event_context; alternative:disaster_alt_c02; alternative:disaster_alt_c04; alternative:disaster_alt_c07; alternative:disaster_alt_c10; alternative:disaster_alt_c17; alternative:disaster_alt_c27; alternative:disaster_alt_c33; alternative:disaster_alt_c34; alternative:disaster_alt_c38
Disaster Tweets,90,2029,10,10,0.8200,0.8110,0.7698,+0.0037,original:mentions_disaster_type; original:reports_event_occurrence; original:mentions_time_or_recency; original:includes_source_or_report; original:mentions_casualties_or_injuries; original:mentions_property_damage; original:mentions_scale_or_intensity; original:calls_for_help; original:uses_metaphor_or_idiom; original:discusses_non_event_context; alternative:disaster_alt_c04; alternative:disaster_alt_c07; alternative:disaster_alt_c09; alternative:disaster_alt_c11; alternative:disaster_alt_c12; alternative:disaster_alt_c19; alternative:disaster_alt_c25; alternative:disaster_alt_c28; alternative:disaster_alt_c33; alternative:disaster_alt_c35
Disaster Tweets,91,2029,9,11,0.8300,0.8218,0.7837,+0.0145,original:mentions_disaster_type; original:describes_threat_or_danger; original:mentions_cause_or_trigger; original:mentions_location; original:mentions_infrastructure_disruption; original:mentions_scale_or_intensity; original:calls_for_help; original:mentions_evacuation_or_shelter; original:expresses_joke_or_sarcasm; alternative:disaster_alt_c02; alternative:disaster_alt_c04; alternative:disaster_alt_c06; alternative:disaster_alt_c07; alternative:disaster_alt_c09; alternative:disaster_alt_c12; alternative:disaster_alt_c17; alternative:disaster_alt_c19; alternative:disaster_alt_c25; alternative:disaster_alt_c27; alternative:disaster_alt_c28
Disaster Tweets,92,2029,9,11,0.8230,0.8136,0.7716,+0.0062,original:reports_event_occurrence; original:mentions_cause_or_trigger; original:includes_source_or_report; original:mentions_casualties_or_injuries; original:gives_safety_instruction; original:uses_metaphor_or_idiom; original:refers_to_entertainment_or_sports; original:expresses_joke_or_sarcasm; original:discusses_non_event_context; alternative:disaster_alt_c04; alternative:disaster_alt_c06; alternative:disaster_alt_c10; alternative:disaster_alt_c11; alternative:disaster_alt_c12; alternative:disaster_alt_c17; alternative:disaster_alt_c26; alternative:disaster_alt_c28; alternative:disaster_alt_c34; alternative:disaster_alt_c35; alternative:disaster_alt_c38
Disaster Tweets,93,2029,10,10,0.8200,0.8114,0.7710,+0.0040,original:describes_threat_or_danger; original:mentions_time_or_recency; original:includes_source_or_report; original:mentions_casualties_or_injuries; original:mentions_property_damage; original:mentions_scale_or_intensity; original:calls_for_help; original:mentions_rescue_or_emergency_services; original:mentions_evacuation_or_shelter; original:expresses_joke_or_sarcasm; alternative:disaster_alt_c02; alternative:disaster_alt_c06; alternative:disaster_alt_c07; alternative:disaster_alt_c11; alternative:disaster_alt_c17; alternative:disaster_alt_c19; alternative:disaster_alt_c26; alternative:disaster_alt_c33; alternative:disaster_alt_c34; alternative:disaster_alt_c38
Disaster Tweets,94,2029,12,8,0.8270,0.8194,0.7824,+0.0121,original:mentions_disaster_type; original:describes_threat_or_danger; original:mentions_cause_or_trigger; original:mentions_time_or_recency; original:includes_source_or_report; original:first_person_witnessing; original:mentions_casualties_or_injuries; original:mentions_infrastructure_disruption; original:mentions_scale_or_intensity; original:uses_metaphor_or_idiom; original:refers_to_entertainment_or_sports; original:expresses_joke_or_sarcasm; alternative:disaster_alt_c02; alternative:disaster_alt_c04; alternative:disaster_alt_c07; alternative:disaster_alt_c09; alternative:disaster_alt_c10; alternative:disaster_alt_c11; alternative:disaster_alt_c19; alternative:disaster_alt_c34
Disaster Tweets,95,2029,8,12,0.8210,0.8111,0.7678,+0.0038,original:reports_event_occurrence; original:includes_source_or_report; original:first_person_witnessing; original:mentions_scale_or_intensity; original:calls_for_help; original:mentions_evacuation_or_shelter; original:refers_to_entertainment_or_sports; original:expresses_joke_or_sarcasm; alternative:disaster_alt_c02; alternative:disaster_alt_c06; alternative:disaster_alt_c07; alternative:disaster_alt_c09; alternative:disaster_alt_c10; alternative:disaster_alt_c17; alternative:disaster_alt_c19; alternative:disaster_alt_c25; alternative:disaster_alt_c28; alternative:disaster_alt_c33; alternative:disaster_alt_c34; alternative:disaster_alt_c38
Disaster Tweets,96,2029,10,10,0.8170,0.8098,0.7727,+0.0024,original:mentions_disaster_type; original:mentions_cause_or_trigger; original:mentions_time_or_recency; original:mentions_casualties_or_injuries; original:mentions_scale_or_intensity; original:mentions_rescue_or_emergency_services; original:mentions_evacuation_or_shelter; original:gives_safety_instruction; original:refers_to_entertainment_or_sports; original:discusses_non_event_context; alternative:disaster_alt_c04; alternative:disaster_alt_c06; alternative:disaster_alt_c07; alternative:disaster_alt_c10; alternative:disaster_alt_c11; alternative:disaster_alt_c12; alternative:disaster_alt_c18; alternative:disaster_alt_c21; alternative:disaster_alt_c33; alternative:disaster_alt_c34
Disaster Tweets,97,2029,10,10,0.8290,0.8202,0.7805,+0.0129,original:mentions_disaster_type; original:reports_event_occurrence; original:mentions_cause_or_trigger; original:mentions_location; original:includes_source_or_report; original:mentions_casualties_or_injuries; original:mentions_infrastructure_disruption; original:mentions_scale_or_intensity; original:mentions_rescue_or_emergency_services; original:discusses_non_event_context; alternative:disaster_alt_c04; alternative:disaster_alt_c06; alternative:disaster_alt_c07; alternative:disaster_alt_c09; alternative:disaster_alt_c10; alternative:disaster_alt_c11; alternative:disaster_alt_c18; alternative:disaster_alt_c21; alternative:disaster_alt_c25; alternative:disaster_alt_c26
Disaster Tweets,98,2029,10,10,0.8240,0.8167,0.7800,+0.0093,original:mentions_cause_or_trigger; original:mentions_casualties_or_injuries; original:mentions_property_damage; original:mentions_scale_or_intensity; original:calls_for_help; original:mentions_rescue_or_emergency_services; original:gives_safety_instruction; original:refers_to_entertainment_or_sports; original:expresses_joke_or_sarcasm; original:discusses_non_event_context; alternative:disaster_alt_c02; alternative:disaster_alt_c09; alternative:disaster_alt_c10; alternative:disaster_alt_c12; alternative:disaster_alt_c17; alternative:disaster_alt_c27; alternative:disaster_alt_c28; alternative:disaster_alt_c34; alternative:disaster_alt_c35; alternative:disaster_alt_c38
Disaster Tweets,99,2029,12,8,0.8130,0.8050,0.7654,-0.0024,original:mentions_disaster_type; original:reports_event_occurrence; original:mentions_location; original:mentions_time_or_recency; original:first_person_witnessing; original:mentions_casualties_or_injuries; original:mentions_infrastructure_disruption; original:mentions_evacuation_or_shelter; original:gives_safety_instruction; original:uses_metaphor_or_idiom; original:expresses_joke_or_sarcasm; original:discusses_non_event_context; alternative:disaster_alt_c09; alternative:disaster_alt_c17; alternative:disaster_alt_c25; alternative:disaster_alt_c26; alternative:disaster_alt_c27; alternative:disaster_alt_c28; alternative:disaster_alt_c34; alternative:disaster_alt_c35
Disaster Tweets,100,2029,10,10,0.8080,0.7971,0.7500,-0.0103,original:reports_event_occurrence; original:mentions_time_or_recency; original:includes_source_or_report; original:first_person_witnessing; original:mentions_property_damage; original:mentions_scale_or_intensity; original:mentions_rescue_or_emergency_services; original:gives_safety_instruction; original:expresses_joke_or_sarcasm; original:discusses_non_event_context; alternative:disaster_alt_c09; alternative:disaster_alt_c11; alternative:disaster_alt_c18; alternative:disaster_alt_c19; alternative:disaster_alt_c21; alternative:disaster_alt_c26; alternative:disaster_alt_c28; alternative:disaster_alt_c33; alternative:disaster_alt_c34; alternative:disaster_alt_c38
