dataset,dataset_key,id,feature_id,annotator2_value
SMS Spam,sms_spam,sms_spam_00309,mentions_prize_reward_gift,1
SMS Spam,sms_spam,sms_spam_00309,claims_winner_or_selected,1
SMS Spam,sms_spam,sms_spam_00309,impersonates_official_entity,0
SMS Spam,sms_spam,sms_spam_00309,uses_promotional_or_marketing_claim,1
SMS Spam,sms_spam,sms_spam_00309,mentions_money_payment,1
SMS Spam,sms_spam,sms_spam_00309,mentions_free_offer,0
SMS Spam,sms_spam,sms_spam_00309,mentions_discount_or_rate,0
SMS Spam,sms_spam,sms_spam_00309,mentions_financial_gain_or_cost,1
SMS Spam,sms_spam,sms_spam_00309,creates_urgency,1
SMS Spam,sms_spam,sms_spam_00309,uses_deadline_or_expiry,0
SMS Spam,sms_spam,sms_spam_00309,threatens_loss_or_penalty,0
SMS Spam,sms_spam,sms_spam_00309,contains_all_caps_or_exclamation_emphasis,1
SMS Spam,sms_spam,sms_spam_00309,asks_click_link,0
SMS Spam,sms_spam,sms_spam_00309,asks_user_reply_or_call,1
SMS Spam,sms_spam,sms_spam_00309,requests_personal_information,0
SMS Spam,sms_spam,sms_spam_00309,requests_immediate_action,1
SMS Spam,sms_spam,sms_spam_00309,normal_personal_conversation,0
SMS Spam,sms_spam,sms_spam_00309,mentions_meeting_family_friends,0
SMS Spam,sms_spam,sms_spam_00309,uses_casual_emotional_language,0
SMS Spam,sms_spam,sms_spam_00309,refers_previous_conversation,0
SMS Spam,sms_spam,sms_spam_03121,mentions_prize_reward_gift,0
SMS Spam,sms_spam,sms_spam_03121,claims_winner_or_selected,0
SMS Spam,sms_spam,sms_spam_03121,impersonates_official_entity,0
SMS Spam,sms_spam,sms_spam_03121,uses_promotional_or_marketing_claim,1
SMS Spam,sms_spam,sms_spam_03121,mentions_money_payment,1
SMS Spam,sms_spam,sms_spam_03121,mentions_free_offer,0
SMS Spam,sms_spam,sms_spam_03121,mentions_discount_or_rate,1
SMS Spam,sms_spam,sms_spam_03121,mentions_financial_gain_or_cost,1
SMS Spam,sms_spam,sms_spam_03121,creates_urgency,1
SMS Spam,sms_spam,sms_spam_03121,uses_deadline_or_expiry,0
SMS Spam,sms_spam,sms_spam_03121,threatens_loss_or_penalty,0
SMS Spam,sms_spam,sms_spam_03121,contains_all_caps_or_exclamation_emphasis,0
SMS Spam,sms_spam,sms_spam_03121,asks_click_link,0
SMS Spam,sms_spam,sms_spam_03121,asks_user_reply_or_call,1
SMS Spam,sms_spam,sms_spam_03121,requests_personal_information,0
SMS Spam,sms_spam,sms_spam_03121,requests_immediate_action,1
SMS Spam,sms_spam,sms_spam_03121,normal_personal_conversation,0
SMS Spam,sms_spam,sms_spam_03121,mentions_meeting_family_friends,0
SMS Spam,sms_spam,sms_spam_03121,uses_casual_emotional_language,0
SMS Spam,sms_spam,sms_spam_03121,refers_previous_conversation,0
SMS Spam,sms_spam,sms_spam_02836,mentions_prize_reward_gift,1
SMS Spam,sms_spam,sms_spam_02836,claims_winner_or_selected,0
SMS Spam,sms_spam,sms_spam_02836,impersonates_official_entity,0
SMS Spam,sms_spam,sms_spam_02836,uses_promotional_or_marketing_claim,1
SMS Spam,sms_spam,sms_spam_02836,mentions_money_payment,1
SMS Spam,sms_spam,sms_spam_02836,mentions_free_offer,1
SMS Spam,sms_spam,sms_spam_02836,mentions_discount_or_rate,1
SMS Spam,sms_spam,sms_spam_02836,mentions_financial_gain_or_cost,1
SMS Spam,sms_spam,sms_spam_02836,creates_urgency,0
SMS Spam,sms_spam,sms_spam_02836,uses_deadline_or_expiry,0
SMS Spam,sms_spam,sms_spam_02836,threatens_loss_or_penalty,0
SMS Spam,sms_spam,sms_spam_02836,contains_all_caps_or_exclamation_emphasis,1
SMS Spam,sms_spam,sms_spam_02836,asks_click_link,0
SMS Spam,sms_spam,sms_spam_02836,asks_user_reply_or_call,1
SMS Spam,sms_spam,sms_spam_02836,requests_personal_information,0
SMS Spam,sms_spam,sms_spam_02836,requests_immediate_action,0
SMS Spam,sms_spam,sms_spam_02836,normal_personal_conversation,0
SMS Spam,sms_spam,sms_spam_02836,mentions_meeting_family_friends,0
SMS Spam,sms_spam,sms_spam_02836,uses_casual_emotional_language,0
SMS Spam,sms_spam,sms_spam_02836,refers_previous_conversation,0
SMS Spam,sms_spam,sms_spam_03950,mentions_prize_reward_gift,0
SMS Spam,sms_spam,sms_spam_03950,claims_winner_or_selected,0
SMS Spam,sms_spam,sms_spam_03950,impersonates_official_entity,0
SMS Spam,sms_spam,sms_spam_03950,uses_promotional_or_marketing_claim,1
SMS Spam,sms_spam,sms_spam_03950,mentions_money_payment,1
SMS Spam,sms_spam,sms_spam_03950,mentions_free_offer,0
SMS Spam,sms_spam,sms_spam_03950,mentions_discount_or_rate,0
SMS Spam,sms_spam,sms_spam_03950,mentions_financial_gain_or_cost,1
SMS Spam,sms_spam,sms_spam_03950,creates_urgency,0
SMS Spam,sms_spam,sms_spam_03950,uses_deadline_or_expiry,0
SMS Spam,sms_spam,sms_spam_03950,threatens_loss_or_penalty,0
SMS Spam,sms_spam,sms_spam_03950,contains_all_caps_or_exclamation_emphasis,1
SMS Spam,sms_spam,sms_spam_03950,asks_click_link,0
SMS Spam,sms_spam,sms_spam_03950,asks_user_reply_or_call,1
SMS Spam,sms_spam,sms_spam_03950,requests_personal_information,0
SMS Spam,sms_spam,sms_spam_03950,requests_immediate_action,0
SMS Spam,sms_spam,sms_spam_03950,normal_personal_conversation,0
SMS Spam,sms_spam,sms_spam_03950,mentions_meeting_family_friends,0
SMS Spam,sms_spam,sms_spam_03950,uses_casual_emotional_language,0
SMS Spam,sms_spam,sms_spam_03950,refers_previous_conversation,0
SMS Spam,sms_spam,sms_spam_01928,mentions_prize_reward_gift,0
SMS Spam,sms_spam,sms_spam_01928,claims_winner_or_selected,0
SMS Spam,sms_spam,sms_spam_01928,impersonates_official_entity,0
SMS Spam,sms_spam,sms_spam_01928,uses_promotional_or_marketing_claim,0
SMS Spam,sms_spam,sms_spam_01928,mentions_money_payment,0
SMS Spam,sms_spam,sms_spam_01928,mentions_free_offer,0
SMS Spam,sms_spam,sms_spam_01928,mentions_discount_or_rate,0
SMS Spam,sms_spam,sms_spam_01928,mentions_financial_gain_or_cost,0
SMS Spam,sms_spam,sms_spam_01928,creates_urgency,0
SMS Spam,sms_spam,sms_spam_01928,uses_deadline_or_expiry,0
SMS Spam,sms_spam,sms_spam_01928,threatens_loss_or_penalty,0
SMS Spam,sms_spam,sms_spam_01928,contains_all_caps_or_exclamation_emphasis,0
SMS Spam,sms_spam,sms_spam_01928,asks_click_link,0
SMS Spam,sms_spam,sms_spam_01928,asks_user_reply_or_call,0
SMS Spam,sms_spam,sms_spam_01928,requests_personal_information,0
SMS Spam,sms_spam,sms_spam_01928,requests_immediate_action,0
SMS Spam,sms_spam,sms_spam_01928,normal_personal_conversation,1
SMS Spam,sms_spam,sms_spam_01928,mentions_meeting_family_friends,0
SMS Spam,sms_spam,sms_spam_01928,uses_casual_emotional_language,1
SMS Spam,sms_spam,sms_spam_01928,refers_previous_conversation,1
SMS Spam,sms_spam,sms_spam_04295,mentions_prize_reward_gift,0
SMS Spam,sms_spam,sms_spam_04295,claims_winner_or_selected,0
SMS Spam,sms_spam,sms_spam_04295,impersonates_official_entity,0
SMS Spam,sms_spam,sms_spam_04295,uses_promotional_or_marketing_claim,1
SMS Spam,sms_spam,sms_spam_04295,mentions_money_payment,1
SMS Spam,sms_spam,sms_spam_04295,mentions_free_offer,1
SMS Spam,sms_spam,sms_spam_04295,mentions_discount_or_rate,0
SMS Spam,sms_spam,sms_spam_04295,mentions_financial_gain_or_cost,1
SMS Spam,sms_spam,sms_spam_04295,creates_urgency,0
SMS Spam,sms_spam,sms_spam_04295,uses_deadline_or_expiry,0
SMS Spam,sms_spam,sms_spam_04295,threatens_loss_or_penalty,0
SMS Spam,sms_spam,sms_spam_04295,contains_all_caps_or_exclamation_emphasis,1
SMS Spam,sms_spam,sms_spam_04295,asks_click_link,0
SMS Spam,sms_spam,sms_spam_04295,asks_user_reply_or_call,1
SMS Spam,sms_spam,sms_spam_04295,requests_personal_information,0
SMS Spam,sms_spam,sms_spam_04295,requests_immediate_action,0
SMS Spam,sms_spam,sms_spam_04295,normal_personal_conversation,0
SMS Spam,sms_spam,sms_spam_04295,mentions_meeting_family_friends,0
SMS Spam,sms_spam,sms_spam_04295,uses_casual_emotional_language,1
SMS Spam,sms_spam,sms_spam_04295,refers_previous_conversation,1
SMS Spam,sms_spam,sms_spam_03221,mentions_prize_reward_gift,1
SMS Spam,sms_spam,sms_spam_03221,claims_winner_or_selected,1
SMS Spam,sms_spam,sms_spam_03221,impersonates_official_entity,1
SMS Spam,sms_spam,sms_spam_03221,uses_promotional_or_marketing_claim,1
SMS Spam,sms_spam,sms_spam_03221,mentions_money_payment,0
SMS Spam,sms_spam,sms_spam_03221,mentions_free_offer,1
SMS Spam,sms_spam,sms_spam_03221,mentions_discount_or_rate,0
SMS Spam,sms_spam,sms_spam_03221,mentions_financial_gain_or_cost,0
SMS Spam,sms_spam,sms_spam_03221,creates_urgency,1
SMS Spam,sms_spam,sms_spam_03221,uses_deadline_or_expiry,1
SMS Spam,sms_spam,sms_spam_03221,threatens_loss_or_penalty,0
SMS Spam,sms_spam,sms_spam_03221,contains_all_caps_or_exclamation_emphasis,1
SMS Spam,sms_spam,sms_spam_03221,asks_click_link,0
SMS Spam,sms_spam,sms_spam_03221,asks_user_reply_or_call,1
SMS Spam,sms_spam,sms_spam_03221,requests_personal_information,0
SMS Spam,sms_spam,sms_spam_03221,requests_immediate_action,1
SMS Spam,sms_spam,sms_spam_03221,normal_personal_conversation,0
SMS Spam,sms_spam,sms_spam_03221,mentions_meeting_family_friends,0
SMS Spam,sms_spam,sms_spam_03221,uses_casual_emotional_language,0
SMS Spam,sms_spam,sms_spam_03221,refers_previous_conversation,0
SMS Spam,sms_spam,sms_spam_00293,mentions_prize_reward_gift,0
SMS Spam,sms_spam,sms_spam_00293,claims_winner_or_selected,0
SMS Spam,sms_spam,sms_spam_00293,impersonates_official_entity,0
SMS Spam,sms_spam,sms_spam_00293,uses_promotional_or_marketing_claim,0
SMS Spam,sms_spam,sms_spam_00293,mentions_money_payment,0
SMS Spam,sms_spam,sms_spam_00293,mentions_free_offer,0
SMS Spam,sms_spam,sms_spam_00293,mentions_discount_or_rate,0
SMS Spam,sms_spam,sms_spam_00293,mentions_financial_gain_or_cost,0
SMS Spam,sms_spam,sms_spam_00293,creates_urgency,1
SMS Spam,sms_spam,sms_spam_00293,uses_deadline_or_expiry,1
SMS Spam,sms_spam,sms_spam_00293,threatens_loss_or_penalty,0
SMS Spam,sms_spam,sms_spam_00293,contains_all_caps_or_exclamation_emphasis,0
SMS Spam,sms_spam,sms_spam_00293,asks_click_link,0
SMS Spam,sms_spam,sms_spam_00293,asks_user_reply_or_call,0
SMS Spam,sms_spam,sms_spam_00293,requests_personal_information,0
SMS Spam,sms_spam,sms_spam_00293,requests_immediate_action,1
SMS Spam,sms_spam,sms_spam_00293,normal_personal_conversation,1
SMS Spam,sms_spam,sms_spam_00293,mentions_meeting_family_friends,1
SMS Spam,sms_spam,sms_spam_00293,uses_casual_emotional_language,1
SMS Spam,sms_spam,sms_spam_00293,refers_previous_conversation,1
SMS Spam,sms_spam,sms_spam_01415,mentions_prize_reward_gift,1
SMS Spam,sms_spam,sms_spam_01415,claims_winner_or_selected,0
SMS Spam,sms_spam,sms_spam_01415,impersonates_official_entity,0
SMS Spam,sms_spam,sms_spam_01415,uses_promotional_or_marketing_claim,1
SMS Spam,sms_spam,sms_spam_01415,mentions_money_payment,1
SMS Spam,sms_spam,sms_spam_01415,mentions_free_offer,0
SMS Spam,sms_spam,sms_spam_01415,mentions_discount_or_rate,0
SMS Spam,sms_spam,sms_spam_01415,mentions_financial_gain_or_cost,1
SMS Spam,sms_spam,sms_spam_01415,creates_urgency,1
SMS Spam,sms_spam,sms_spam_01415,uses_deadline_or_expiry,0
SMS Spam,sms_spam,sms_spam_01415,threatens_loss_or_penalty,0
SMS Spam,sms_spam,sms_spam_01415,contains_all_caps_or_exclamation_emphasis,1
SMS Spam,sms_spam,sms_spam_01415,asks_click_link,0
SMS Spam,sms_spam,sms_spam_01415,asks_user_reply_or_call,1
SMS Spam,sms_spam,sms_spam_01415,requests_personal_information,0
SMS Spam,sms_spam,sms_spam_01415,requests_immediate_action,1
SMS Spam,sms_spam,sms_spam_01415,normal_personal_conversation,0
SMS Spam,sms_spam,sms_spam_01415,mentions_meeting_family_friends,0
SMS Spam,sms_spam,sms_spam_01415,uses_casual_emotional_language,0
SMS Spam,sms_spam,sms_spam_01415,refers_previous_conversation,0
SMS Spam,sms_spam,sms_spam_00578,mentions_prize_reward_gift,0
SMS Spam,sms_spam,sms_spam_00578,claims_winner_or_selected,0
SMS Spam,sms_spam,sms_spam_00578,impersonates_official_entity,0
SMS Spam,sms_spam,sms_spam_00578,uses_promotional_or_marketing_claim,1
SMS Spam,sms_spam,sms_spam_00578,mentions_money_payment,1
SMS Spam,sms_spam,sms_spam_00578,mentions_free_offer,0
SMS Spam,sms_spam,sms_spam_00578,mentions_discount_or_rate,0
SMS Spam,sms_spam,sms_spam_00578,mentions_financial_gain_or_cost,1
SMS Spam,sms_spam,sms_spam_00578,creates_urgency,0
SMS Spam,sms_spam,sms_spam_00578,uses_deadline_or_expiry,0
SMS Spam,sms_spam,sms_spam_00578,threatens_loss_or_penalty,0
SMS Spam,sms_spam,sms_spam_00578,contains_all_caps_or_exclamation_emphasis,0
SMS Spam,sms_spam,sms_spam_00578,asks_click_link,1
SMS Spam,sms_spam,sms_spam_00578,asks_user_reply_or_call,1
SMS Spam,sms_spam,sms_spam_00578,requests_personal_information,0
SMS Spam,sms_spam,sms_spam_00578,requests_immediate_action,0
SMS Spam,sms_spam,sms_spam_00578,normal_personal_conversation,0
SMS Spam,sms_spam,sms_spam_00578,mentions_meeting_family_friends,0
SMS Spam,sms_spam,sms_spam_00578,uses_casual_emotional_language,1
SMS Spam,sms_spam,sms_spam_00578,refers_previous_conversation,0
SMS Spam,sms_spam,sms_spam_00627,mentions_prize_reward_gift,0
SMS Spam,sms_spam,sms_spam_00627,claims_winner_or_selected,0
SMS Spam,sms_spam,sms_spam_00627,impersonates_official_entity,0
SMS Spam,sms_spam,sms_spam_00627,uses_promotional_or_marketing_claim,1
SMS Spam,sms_spam,sms_spam_00627,mentions_money_payment,1
SMS Spam,sms_spam,sms_spam_00627,mentions_free_offer,0
SMS Spam,sms_spam,sms_spam_00627,mentions_discount_or_rate,0
SMS Spam,sms_spam,sms_spam_00627,mentions_financial_gain_or_cost,1
SMS Spam,sms_spam,sms_spam_00627,creates_urgency,0
SMS Spam,sms_spam,sms_spam_00627,uses_deadline_or_expiry,0
SMS Spam,sms_spam,sms_spam_00627,threatens_loss_or_penalty,0
SMS Spam,sms_spam,sms_spam_00627,contains_all_caps_or_exclamation_emphasis,1
SMS Spam,sms_spam,sms_spam_00627,asks_click_link,0
SMS Spam,sms_spam,sms_spam_00627,asks_user_reply_or_call,1
SMS Spam,sms_spam,sms_spam_00627,requests_personal_information,0
SMS Spam,sms_spam,sms_spam_00627,requests_immediate_action,0
SMS Spam,sms_spam,sms_spam_00627,normal_personal_conversation,0
SMS Spam,sms_spam,sms_spam_00627,mentions_meeting_family_friends,0
SMS Spam,sms_spam,sms_spam_00627,uses_casual_emotional_language,1
SMS Spam,sms_spam,sms_spam_00627,refers_previous_conversation,0
SMS Spam,sms_spam,sms_spam_02111,mentions_prize_reward_gift,1
SMS Spam,sms_spam,sms_spam_02111,claims_winner_or_selected,1
SMS Spam,sms_spam,sms_spam_02111,impersonates_official_entity,1
SMS Spam,sms_spam,sms_spam_02111,uses_promotional_or_marketing_claim,1
SMS Spam,sms_spam,sms_spam_02111,mentions_money_payment,0
SMS Spam,sms_spam,sms_spam_02111,mentions_free_offer,0
SMS Spam,sms_spam,sms_spam_02111,mentions_discount_or_rate,0
SMS Spam,sms_spam,sms_spam_02111,mentions_financial_gain_or_cost,0
SMS Spam,sms_spam,sms_spam_02111,creates_urgency,1
SMS Spam,sms_spam,sms_spam_02111,uses_deadline_or_expiry,1
SMS Spam,sms_spam,sms_spam_02111,threatens_loss_or_penalty,1
SMS Spam,sms_spam,sms_spam_02111,contains_all_caps_or_exclamation_emphasis,1
SMS Spam,sms_spam,sms_spam_02111,asks_click_link,0
SMS Spam,sms_spam,sms_spam_02111,asks_user_reply_or_call,1
SMS Spam,sms_spam,sms_spam_02111,requests_personal_information,0
SMS Spam,sms_spam,sms_spam_02111,requests_immediate_action,0
SMS Spam,sms_spam,sms_spam_02111,normal_personal_conversation,0
SMS Spam,sms_spam,sms_spam_02111,mentions_meeting_family_friends,0
SMS Spam,sms_spam,sms_spam_02111,uses_casual_emotional_language,0
SMS Spam,sms_spam,sms_spam_02111,refers_previous_conversation,0
SMS Spam,sms_spam,sms_spam_03574,mentions_prize_reward_gift,0
SMS Spam,sms_spam,sms_spam_03574,claims_winner_or_selected,0
SMS Spam,sms_spam,sms_spam_03574,impersonates_official_entity,0
SMS Spam,sms_spam,sms_spam_03574,uses_promotional_or_marketing_claim,0
SMS Spam,sms_spam,sms_spam_03574,mentions_money_payment,0
SMS Spam,sms_spam,sms_spam_03574,mentions_free_offer,0
SMS Spam,sms_spam,sms_spam_03574,mentions_discount_or_rate,0
SMS Spam,sms_spam,sms_spam_03574,mentions_financial_gain_or_cost,0
SMS Spam,sms_spam,sms_spam_03574,creates_urgency,0
SMS Spam,sms_spam,sms_spam_03574,uses_deadline_or_expiry,0
SMS Spam,sms_spam,sms_spam_03574,threatens_loss_or_penalty,0
SMS Spam,sms_spam,sms_spam_03574,contains_all_caps_or_exclamation_emphasis,0
SMS Spam,sms_spam,sms_spam_03574,asks_click_link,0
SMS Spam,sms_spam,sms_spam_03574,asks_user_reply_or_call,0
SMS Spam,sms_spam,sms_spam_03574,requests_personal_information,0
SMS Spam,sms_spam,sms_spam_03574,requests_immediate_action,0
SMS Spam,sms_spam,sms_spam_03574,normal_personal_conversation,1
SMS Spam,sms_spam,sms_spam_03574,mentions_meeting_family_friends,1
SMS Spam,sms_spam,sms_spam_03574,uses_casual_emotional_language,1
SMS Spam,sms_spam,sms_spam_03574,refers_previous_conversation,1
SMS Spam,sms_spam,sms_spam_04365,mentions_prize_reward_gift,0
SMS Spam,sms_spam,sms_spam_04365,claims_winner_or_selected,0
SMS Spam,sms_spam,sms_spam_04365,impersonates_official_entity,1
SMS Spam,sms_spam,sms_spam_04365,uses_promotional_or_marketing_claim,1
SMS Spam,sms_spam,sms_spam_04365,mentions_money_payment,0
SMS Spam,sms_spam,sms_spam_04365,mentions_free_offer,0
SMS Spam,sms_spam,sms_spam_04365,mentions_discount_or_rate,0
SMS Spam,sms_spam,sms_spam_04365,mentions_financial_gain_or_cost,0
SMS Spam,sms_spam,sms_spam_04365,creates_urgency,1
SMS Spam,sms_spam,sms_spam_04365,uses_deadline_or_expiry,1
SMS Spam,sms_spam,sms_spam_04365,threatens_loss_or_penalty,1
SMS Spam,sms_spam,sms_spam_04365,contains_all_caps_or_exclamation_emphasis,1
SMS Spam,sms_spam,sms_spam_04365,asks_click_link,0
SMS Spam,sms_spam,sms_spam_04365,asks_user_reply_or_call,1
SMS Spam,sms_spam,sms_spam_04365,requests_personal_information,0
SMS Spam,sms_spam,sms_spam_04365,requests_immediate_action,1
SMS Spam,sms_spam,sms_spam_04365,normal_personal_conversation,0
SMS Spam,sms_spam,sms_spam_04365,mentions_meeting_family_friends,0
SMS Spam,sms_spam,sms_spam_04365,uses_casual_emotional_language,0
SMS Spam,sms_spam,sms_spam_04365,refers_previous_conversation,0
SMS Spam,sms_spam,sms_spam_00908,mentions_prize_reward_gift,1
SMS Spam,sms_spam,sms_spam_00908,claims_winner_or_selected,1
SMS Spam,sms_spam,sms_spam_00908,impersonates_official_entity,1
SMS Spam,sms_spam,sms_spam_00908,uses_promotional_or_marketing_claim,1
SMS Spam,sms_spam,sms_spam_00908,mentions_money_payment,1
SMS Spam,sms_spam,sms_spam_00908,mentions_free_offer,1
SMS Spam,sms_spam,sms_spam_00908,mentions_discount_or_rate,0
SMS Spam,sms_spam,sms_spam_00908,mentions_financial_gain_or_cost,1
SMS Spam,sms_spam,sms_spam_00908,creates_urgency,0
SMS Spam,sms_spam,sms_spam_00908,uses_deadline_or_expiry,0
SMS Spam,sms_spam,sms_spam_00908,threatens_loss_or_penalty,0
SMS Spam,sms_spam,sms_spam_00908,contains_all_caps_or_exclamation_emphasis,1
SMS Spam,sms_spam,sms_spam_00908,asks_click_link,1
SMS Spam,sms_spam,sms_spam_00908,asks_user_reply_or_call,1
SMS Spam,sms_spam,sms_spam_00908,requests_personal_information,1
SMS Spam,sms_spam,sms_spam_00908,requests_immediate_action,0
SMS Spam,sms_spam,sms_spam_00908,normal_personal_conversation,0
SMS Spam,sms_spam,sms_spam_00908,mentions_meeting_family_friends,0
SMS Spam,sms_spam,sms_spam_00908,uses_casual_emotional_language,0
SMS Spam,sms_spam,sms_spam_00908,refers_previous_conversation,0
SMS Spam,sms_spam,sms_spam_00826,mentions_prize_reward_gift,0
SMS Spam,sms_spam,sms_spam_00826,claims_winner_or_selected,0
SMS Spam,sms_spam,sms_spam_00826,impersonates_official_entity,0
SMS Spam,sms_spam,sms_spam_00826,uses_promotional_or_marketing_claim,0
SMS Spam,sms_spam,sms_spam_00826,mentions_money_payment,0
SMS Spam,sms_spam,sms_spam_00826,mentions_free_offer,0
SMS Spam,sms_spam,sms_spam_00826,mentions_discount_or_rate,0
SMS Spam,sms_spam,sms_spam_00826,mentions_financial_gain_or_cost,0
SMS Spam,sms_spam,sms_spam_00826,creates_urgency,0
SMS Spam,sms_spam,sms_spam_00826,uses_deadline_or_expiry,0
SMS Spam,sms_spam,sms_spam_00826,threatens_loss_or_penalty,0
SMS Spam,sms_spam,sms_spam_00826,contains_all_caps_or_exclamation_emphasis,1
SMS Spam,sms_spam,sms_spam_00826,asks_click_link,0
SMS Spam,sms_spam,sms_spam_00826,asks_user_reply_or_call,0
SMS Spam,sms_spam,sms_spam_00826,requests_personal_information,0
SMS Spam,sms_spam,sms_spam_00826,requests_immediate_action,0
SMS Spam,sms_spam,sms_spam_00826,normal_personal_conversation,1
SMS Spam,sms_spam,sms_spam_00826,mentions_meeting_family_friends,1
SMS Spam,sms_spam,sms_spam_00826,uses_casual_emotional_language,1
SMS Spam,sms_spam,sms_spam_00826,refers_previous_conversation,1
SMS Spam,sms_spam,sms_spam_04327,mentions_prize_reward_gift,0
SMS Spam,sms_spam,sms_spam_04327,claims_winner_or_selected,0
SMS Spam,sms_spam,sms_spam_04327,impersonates_official_entity,0
SMS Spam,sms_spam,sms_spam_04327,uses_promotional_or_marketing_claim,1
SMS Spam,sms_spam,sms_spam_04327,mentions_money_payment,1
SMS Spam,sms_spam,sms_spam_04327,mentions_free_offer,0
SMS Spam,sms_spam,sms_spam_04327,mentions_discount_or_rate,1
SMS Spam,sms_spam,sms_spam_04327,mentions_financial_gain_or_cost,1
SMS Spam,sms_spam,sms_spam_04327,creates_urgency,0
SMS Spam,sms_spam,sms_spam_04327,uses_deadline_or_expiry,0
SMS Spam,sms_spam,sms_spam_04327,threatens_loss_or_penalty,0
SMS Spam,sms_spam,sms_spam_04327,contains_all_caps_or_exclamation_emphasis,1
SMS Spam,sms_spam,sms_spam_04327,asks_click_link,0
SMS Spam,sms_spam,sms_spam_04327,asks_user_reply_or_call,1
SMS Spam,sms_spam,sms_spam_04327,requests_personal_information,0
SMS Spam,sms_spam,sms_spam_04327,requests_immediate_action,0
SMS Spam,sms_spam,sms_spam_04327,normal_personal_conversation,0
SMS Spam,sms_spam,sms_spam_04327,mentions_meeting_family_friends,0
SMS Spam,sms_spam,sms_spam_04327,uses_casual_emotional_language,0
SMS Spam,sms_spam,sms_spam_04327,refers_previous_conversation,0
SMS Spam,sms_spam,sms_spam_00329,mentions_prize_reward_gift,0
SMS Spam,sms_spam,sms_spam_00329,claims_winner_or_selected,0
SMS Spam,sms_spam,sms_spam_00329,impersonates_official_entity,0
SMS Spam,sms_spam,sms_spam_00329,uses_promotional_or_marketing_claim,0
SMS Spam,sms_spam,sms_spam_00329,mentions_money_payment,0
SMS Spam,sms_spam,sms_spam_00329,mentions_free_offer,0
SMS Spam,sms_spam,sms_spam_00329,mentions_discount_or_rate,0
SMS Spam,sms_spam,sms_spam_00329,mentions_financial_gain_or_cost,0
SMS Spam,sms_spam,sms_spam_00329,creates_urgency,0
SMS Spam,sms_spam,sms_spam_00329,uses_deadline_or_expiry,0
SMS Spam,sms_spam,sms_spam_00329,threatens_loss_or_penalty,0
SMS Spam,sms_spam,sms_spam_00329,contains_all_caps_or_exclamation_emphasis,0
SMS Spam,sms_spam,sms_spam_00329,asks_click_link,0
SMS Spam,sms_spam,sms_spam_00329,asks_user_reply_or_call,0
SMS Spam,sms_spam,sms_spam_00329,requests_personal_information,0
SMS Spam,sms_spam,sms_spam_00329,requests_immediate_action,0
SMS Spam,sms_spam,sms_spam_00329,normal_personal_conversation,1
SMS Spam,sms_spam,sms_spam_00329,mentions_meeting_family_friends,1
SMS Spam,sms_spam,sms_spam_00329,uses_casual_emotional_language,1
SMS Spam,sms_spam,sms_spam_00329,refers_previous_conversation,1
SMS Spam,sms_spam,sms_spam_01353,mentions_prize_reward_gift,0
SMS Spam,sms_spam,sms_spam_01353,claims_winner_or_selected,0
SMS Spam,sms_spam,sms_spam_01353,impersonates_official_entity,0
SMS Spam,sms_spam,sms_spam_01353,uses_promotional_or_marketing_claim,1
SMS Spam,sms_spam,sms_spam_01353,mentions_money_payment,0
SMS Spam,sms_spam,sms_spam_01353,mentions_free_offer,0
SMS Spam,sms_spam,sms_spam_01353,mentions_discount_or_rate,0
SMS Spam,sms_spam,sms_spam_01353,mentions_financial_gain_or_cost,0
SMS Spam,sms_spam,sms_spam_01353,creates_urgency,0
SMS Spam,sms_spam,sms_spam_01353,uses_deadline_or_expiry,0
SMS Spam,sms_spam,sms_spam_01353,threatens_loss_or_penalty,0
SMS Spam,sms_spam,sms_spam_01353,contains_all_caps_or_exclamation_emphasis,1
SMS Spam,sms_spam,sms_spam_01353,asks_click_link,0
SMS Spam,sms_spam,sms_spam_01353,asks_user_reply_or_call,0
SMS Spam,sms_spam,sms_spam_01353,requests_personal_information,0
SMS Spam,sms_spam,sms_spam_01353,requests_immediate_action,0
SMS Spam,sms_spam,sms_spam_01353,normal_personal_conversation,0
SMS Spam,sms_spam,sms_spam_01353,mentions_meeting_family_friends,0
SMS Spam,sms_spam,sms_spam_01353,uses_casual_emotional_language,0
SMS Spam,sms_spam,sms_spam_01353,refers_previous_conversation,0
SMS Spam,sms_spam,sms_spam_04991,mentions_prize_reward_gift,0
SMS Spam,sms_spam,sms_spam_04991,claims_winner_or_selected,0
SMS Spam,sms_spam,sms_spam_04991,impersonates_official_entity,0
SMS Spam,sms_spam,sms_spam_04991,uses_promotional_or_marketing_claim,0
SMS Spam,sms_spam,sms_spam_04991,mentions_money_payment,0
SMS Spam,sms_spam,sms_spam_04991,mentions_free_offer,0
SMS Spam,sms_spam,sms_spam_04991,mentions_discount_or_rate,0
SMS Spam,sms_spam,sms_spam_04991,mentions_financial_gain_or_cost,0
SMS Spam,sms_spam,sms_spam_04991,creates_urgency,0
SMS Spam,sms_spam,sms_spam_04991,uses_deadline_or_expiry,0
SMS Spam,sms_spam,sms_spam_04991,threatens_loss_or_penalty,0
SMS Spam,sms_spam,sms_spam_04991,contains_all_caps_or_exclamation_emphasis,0
SMS Spam,sms_spam,sms_spam_04991,asks_click_link,0
SMS Spam,sms_spam,sms_spam_04991,asks_user_reply_or_call,0
SMS Spam,sms_spam,sms_spam_04991,requests_personal_information,0
SMS Spam,sms_spam,sms_spam_04991,requests_immediate_action,0
SMS Spam,sms_spam,sms_spam_04991,normal_personal_conversation,1
SMS Spam,sms_spam,sms_spam_04991,mentions_meeting_family_friends,1
SMS Spam,sms_spam,sms_spam_04991,uses_casual_emotional_language,1
SMS Spam,sms_spam,sms_spam_04991,refers_previous_conversation,0
SMS Spam,sms_spam,sms_spam_03845,mentions_prize_reward_gift,0
SMS Spam,sms_spam,sms_spam_03845,claims_winner_or_selected,0
SMS Spam,sms_spam,sms_spam_03845,impersonates_official_entity,0
SMS Spam,sms_spam,sms_spam_03845,uses_promotional_or_marketing_claim,0
SMS Spam,sms_spam,sms_spam_03845,mentions_money_payment,0
SMS Spam,sms_spam,sms_spam_03845,mentions_free_offer,0
SMS Spam,sms_spam,sms_spam_03845,mentions_discount_or_rate,0
SMS Spam,sms_spam,sms_spam_03845,mentions_financial_gain_or_cost,0
SMS Spam,sms_spam,sms_spam_03845,creates_urgency,0
SMS Spam,sms_spam,sms_spam_03845,uses_deadline_or_expiry,0
SMS Spam,sms_spam,sms_spam_03845,threatens_loss_or_penalty,0
SMS Spam,sms_spam,sms_spam_03845,contains_all_caps_or_exclamation_emphasis,0
SMS Spam,sms_spam,sms_spam_03845,asks_click_link,0
SMS Spam,sms_spam,sms_spam_03845,asks_user_reply_or_call,0
SMS Spam,sms_spam,sms_spam_03845,requests_personal_information,0
SMS Spam,sms_spam,sms_spam_03845,requests_immediate_action,1
SMS Spam,sms_spam,sms_spam_03845,normal_personal_conversation,1
SMS Spam,sms_spam,sms_spam_03845,mentions_meeting_family_friends,1
SMS Spam,sms_spam,sms_spam_03845,uses_casual_emotional_language,1
SMS Spam,sms_spam,sms_spam_03845,refers_previous_conversation,1
SMS Spam,sms_spam,sms_spam_01153,mentions_prize_reward_gift,1
SMS Spam,sms_spam,sms_spam_01153,claims_winner_or_selected,1
SMS Spam,sms_spam,sms_spam_01153,impersonates_official_entity,1
SMS Spam,sms_spam,sms_spam_01153,uses_promotional_or_marketing_claim,1
SMS Spam,sms_spam,sms_spam_01153,mentions_money_payment,0
SMS Spam,sms_spam,sms_spam_01153,mentions_free_offer,0
SMS Spam,sms_spam,sms_spam_01153,mentions_discount_or_rate,0
SMS Spam,sms_spam,sms_spam_01153,mentions_financial_gain_or_cost,0
SMS Spam,sms_spam,sms_spam_01153,creates_urgency,1
SMS Spam,sms_spam,sms_spam_01153,uses_deadline_or_expiry,1
SMS Spam,sms_spam,sms_spam_01153,threatens_loss_or_penalty,0
SMS Spam,sms_spam,sms_spam_01153,contains_all_caps_or_exclamation_emphasis,1
SMS Spam,sms_spam,sms_spam_01153,asks_click_link,1
SMS Spam,sms_spam,sms_spam_01153,asks_user_reply_or_call,0
SMS Spam,sms_spam,sms_spam_01153,requests_personal_information,0
SMS Spam,sms_spam,sms_spam_01153,requests_immediate_action,1
SMS Spam,sms_spam,sms_spam_01153,normal_personal_conversation,0
SMS Spam,sms_spam,sms_spam_01153,mentions_meeting_family_friends,0
SMS Spam,sms_spam,sms_spam_01153,uses_casual_emotional_language,0
SMS Spam,sms_spam,sms_spam_01153,refers_previous_conversation,0
SMS Spam,sms_spam,sms_spam_01081,mentions_prize_reward_gift,1
SMS Spam,sms_spam,sms_spam_01081,claims_winner_or_selected,0
SMS Spam,sms_spam,sms_spam_01081,impersonates_official_entity,0
SMS Spam,sms_spam,sms_spam_01081,uses_promotional_or_marketing_claim,1
SMS Spam,sms_spam,sms_spam_01081,mentions_money_payment,1
SMS Spam,sms_spam,sms_spam_01081,mentions_free_offer,1
SMS Spam,sms_spam,sms_spam_01081,mentions_discount_or_rate,0
SMS Spam,sms_spam,sms_spam_01081,mentions_financial_gain_or_cost,1
SMS Spam,sms_spam,sms_spam_01081,creates_urgency,1
SMS Spam,sms_spam,sms_spam_01081,uses_deadline_or_expiry,0
SMS Spam,sms_spam,sms_spam_01081,threatens_loss_or_penalty,0
SMS Spam,sms_spam,sms_spam_01081,contains_all_caps_or_exclamation_emphasis,1
SMS Spam,sms_spam,sms_spam_01081,asks_click_link,1
SMS Spam,sms_spam,sms_spam_01081,asks_user_reply_or_call,1
SMS Spam,sms_spam,sms_spam_01081,requests_personal_information,0
SMS Spam,sms_spam,sms_spam_01081,requests_immediate_action,1
SMS Spam,sms_spam,sms_spam_01081,normal_personal_conversation,0
SMS Spam,sms_spam,sms_spam_01081,mentions_meeting_family_friends,0
SMS Spam,sms_spam,sms_spam_01081,uses_casual_emotional_language,0
SMS Spam,sms_spam,sms_spam_01081,refers_previous_conversation,0
SMS Spam,sms_spam,sms_spam_02082,mentions_prize_reward_gift,0
SMS Spam,sms_spam,sms_spam_02082,claims_winner_or_selected,0
SMS Spam,sms_spam,sms_spam_02082,impersonates_official_entity,0
SMS Spam,sms_spam,sms_spam_02082,uses_promotional_or_marketing_claim,0
SMS Spam,sms_spam,sms_spam_02082,mentions_money_payment,1
SMS Spam,sms_spam,sms_spam_02082,mentions_free_offer,0
SMS Spam,sms_spam,sms_spam_02082,mentions_discount_or_rate,0
SMS Spam,sms_spam,sms_spam_02082,mentions_financial_gain_or_cost,1
SMS Spam,sms_spam,sms_spam_02082,creates_urgency,0
SMS Spam,sms_spam,sms_spam_02082,uses_deadline_or_expiry,0
SMS Spam,sms_spam,sms_spam_02082,threatens_loss_or_penalty,0
SMS Spam,sms_spam,sms_spam_02082,contains_all_caps_or_exclamation_emphasis,0
SMS Spam,sms_spam,sms_spam_02082,asks_click_link,0
SMS Spam,sms_spam,sms_spam_02082,asks_user_reply_or_call,0
SMS Spam,sms_spam,sms_spam_02082,requests_personal_information,0
SMS Spam,sms_spam,sms_spam_02082,requests_immediate_action,0
SMS Spam,sms_spam,sms_spam_02082,normal_personal_conversation,0
SMS Spam,sms_spam,sms_spam_02082,mentions_meeting_family_friends,0
SMS Spam,sms_spam,sms_spam_02082,uses_casual_emotional_language,0
SMS Spam,sms_spam,sms_spam_02082,refers_previous_conversation,0
SMS Spam,sms_spam,sms_spam_03888,mentions_prize_reward_gift,1
SMS Spam,sms_spam,sms_spam_03888,claims_winner_or_selected,0
SMS Spam,sms_spam,sms_spam_03888,impersonates_official_entity,0
SMS Spam,sms_spam,sms_spam_03888,uses_promotional_or_marketing_claim,1
SMS Spam,sms_spam,sms_spam_03888,mentions_money_payment,1
SMS Spam,sms_spam,sms_spam_03888,mentions_free_offer,1
SMS Spam,sms_spam,sms_spam_03888,mentions_discount_or_rate,0
SMS Spam,sms_spam,sms_spam_03888,mentions_financial_gain_or_cost,1
SMS Spam,sms_spam,sms_spam_03888,creates_urgency,0
SMS Spam,sms_spam,sms_spam_03888,uses_deadline_or_expiry,1
SMS Spam,sms_spam,sms_spam_03888,threatens_loss_or_penalty,0
SMS Spam,sms_spam,sms_spam_03888,contains_all_caps_or_exclamation_emphasis,1
SMS Spam,sms_spam,sms_spam_03888,asks_click_link,0
SMS Spam,sms_spam,sms_spam_03888,asks_user_reply_or_call,1
SMS Spam,sms_spam,sms_spam_03888,requests_personal_information,0
SMS Spam,sms_spam,sms_spam_03888,requests_immediate_action,0
SMS Spam,sms_spam,sms_spam_03888,normal_personal_conversation,0
SMS Spam,sms_spam,sms_spam_03888,mentions_meeting_family_friends,0
SMS Spam,sms_spam,sms_spam_03888,uses_casual_emotional_language,0
SMS Spam,sms_spam,sms_spam_03888,refers_previous_conversation,0
SMS Spam,sms_spam,sms_spam_01471,mentions_prize_reward_gift,0
SMS Spam,sms_spam,sms_spam_01471,claims_winner_or_selected,0
SMS Spam,sms_spam,sms_spam_01471,impersonates_official_entity,0
SMS Spam,sms_spam,sms_spam_01471,uses_promotional_or_marketing_claim,0
SMS Spam,sms_spam,sms_spam_01471,mentions_money_payment,0
SMS Spam,sms_spam,sms_spam_01471,mentions_free_offer,0
SMS Spam,sms_spam,sms_spam_01471,mentions_discount_or_rate,0
SMS Spam,sms_spam,sms_spam_01471,mentions_financial_gain_or_cost,0
SMS Spam,sms_spam,sms_spam_01471,creates_urgency,0
SMS Spam,sms_spam,sms_spam_01471,uses_deadline_or_expiry,0
SMS Spam,sms_spam,sms_spam_01471,threatens_loss_or_penalty,0
SMS Spam,sms_spam,sms_spam_01471,contains_all_caps_or_exclamation_emphasis,0
SMS Spam,sms_spam,sms_spam_01471,asks_click_link,0
SMS Spam,sms_spam,sms_spam_01471,asks_user_reply_or_call,0
SMS Spam,sms_spam,sms_spam_01471,requests_personal_information,0
SMS Spam,sms_spam,sms_spam_01471,requests_immediate_action,0
SMS Spam,sms_spam,sms_spam_01471,normal_personal_conversation,1
SMS Spam,sms_spam,sms_spam_01471,mentions_meeting_family_friends,0
SMS Spam,sms_spam,sms_spam_01471,uses_casual_emotional_language,1
SMS Spam,sms_spam,sms_spam_01471,refers_previous_conversation,1
SMS Spam,sms_spam,sms_spam_01250,mentions_prize_reward_gift,1
SMS Spam,sms_spam,sms_spam_01250,claims_winner_or_selected,1
SMS Spam,sms_spam,sms_spam_01250,impersonates_official_entity,1
SMS Spam,sms_spam,sms_spam_01250,uses_promotional_or_marketing_claim,1
SMS Spam,sms_spam,sms_spam_01250,mentions_money_payment,0
SMS Spam,sms_spam,sms_spam_01250,mentions_free_offer,0
SMS Spam,sms_spam,sms_spam_01250,mentions_discount_or_rate,0
SMS Spam,sms_spam,sms_spam_01250,mentions_financial_gain_or_cost,0
SMS Spam,sms_spam,sms_spam_01250,creates_urgency,1
SMS Spam,sms_spam,sms_spam_01250,uses_deadline_or_expiry,0
SMS Spam,sms_spam,sms_spam_01250,threatens_loss_or_penalty,0
SMS Spam,sms_spam,sms_spam_01250,contains_all_caps_or_exclamation_emphasis,0
SMS Spam,sms_spam,sms_spam_01250,asks_click_link,0
SMS Spam,sms_spam,sms_spam_01250,asks_user_reply_or_call,1
SMS Spam,sms_spam,sms_spam_01250,requests_personal_information,0
SMS Spam,sms_spam,sms_spam_01250,requests_immediate_action,1
SMS Spam,sms_spam,sms_spam_01250,normal_personal_conversation,0
SMS Spam,sms_spam,sms_spam_01250,mentions_meeting_family_friends,0
SMS Spam,sms_spam,sms_spam_01250,uses_casual_emotional_language,0
SMS Spam,sms_spam,sms_spam_01250,refers_previous_conversation,0
SMS Spam,sms_spam,sms_spam_00829,mentions_prize_reward_gift,1
SMS Spam,sms_spam,sms_spam_00829,claims_winner_or_selected,1
SMS Spam,sms_spam,sms_spam_00829,impersonates_official_entity,0
SMS Spam,sms_spam,sms_spam_00829,uses_promotional_or_marketing_claim,1
SMS Spam,sms_spam,sms_spam_00829,mentions_money_payment,1
SMS Spam,sms_spam,sms_spam_00829,mentions_free_offer,0
SMS Spam,sms_spam,sms_spam_00829,mentions_discount_or_rate,0
SMS Spam,sms_spam,sms_spam_00829,mentions_financial_gain_or_cost,1
SMS Spam,sms_spam,sms_spam_00829,creates_urgency,0
SMS Spam,sms_spam,sms_spam_00829,uses_deadline_or_expiry,0
SMS Spam,sms_spam,sms_spam_00829,threatens_loss_or_penalty,0
SMS Spam,sms_spam,sms_spam_00829,contains_all_caps_or_exclamation_emphasis,0
SMS Spam,sms_spam,sms_spam_00829,asks_click_link,0
SMS Spam,sms_spam,sms_spam_00829,asks_user_reply_or_call,1
SMS Spam,sms_spam,sms_spam_00829,requests_personal_information,0
SMS Spam,sms_spam,sms_spam_00829,requests_immediate_action,0
SMS Spam,sms_spam,sms_spam_00829,normal_personal_conversation,0
SMS Spam,sms_spam,sms_spam_00829,mentions_meeting_family_friends,0
SMS Spam,sms_spam,sms_spam_00829,uses_casual_emotional_language,0
SMS Spam,sms_spam,sms_spam_00829,refers_previous_conversation,0
SMS Spam,sms_spam,sms_spam_03621,mentions_prize_reward_gift,0
SMS Spam,sms_spam,sms_spam_03621,claims_winner_or_selected,0
SMS Spam,sms_spam,sms_spam_03621,impersonates_official_entity,0
SMS Spam,sms_spam,sms_spam_03621,uses_promotional_or_marketing_claim,0
SMS Spam,sms_spam,sms_spam_03621,mentions_money_payment,0
SMS Spam,sms_spam,sms_spam_03621,mentions_free_offer,0
SMS Spam,sms_spam,sms_spam_03621,mentions_discount_or_rate,0
SMS Spam,sms_spam,sms_spam_03621,mentions_financial_gain_or_cost,0
SMS Spam,sms_spam,sms_spam_03621,creates_urgency,0
SMS Spam,sms_spam,sms_spam_03621,uses_deadline_or_expiry,0
SMS Spam,sms_spam,sms_spam_03621,threatens_loss_or_penalty,0
SMS Spam,sms_spam,sms_spam_03621,contains_all_caps_or_exclamation_emphasis,0
SMS Spam,sms_spam,sms_spam_03621,asks_click_link,0
SMS Spam,sms_spam,sms_spam_03621,asks_user_reply_or_call,0
SMS Spam,sms_spam,sms_spam_03621,requests_personal_information,0
SMS Spam,sms_spam,sms_spam_03621,requests_immediate_action,0
SMS Spam,sms_spam,sms_spam_03621,normal_personal_conversation,1
SMS Spam,sms_spam,sms_spam_03621,mentions_meeting_family_friends,1
SMS Spam,sms_spam,sms_spam_03621,uses_casual_emotional_language,1
SMS Spam,sms_spam,sms_spam_03621,refers_previous_conversation,1
SMS Spam,sms_spam,sms_spam_00306,mentions_prize_reward_gift,0
SMS Spam,sms_spam,sms_spam_00306,claims_winner_or_selected,0
SMS Spam,sms_spam,sms_spam_00306,impersonates_official_entity,0
SMS Spam,sms_spam,sms_spam_00306,uses_promotional_or_marketing_claim,0
SMS Spam,sms_spam,sms_spam_00306,mentions_money_payment,0
SMS Spam,sms_spam,sms_spam_00306,mentions_free_offer,0
SMS Spam,sms_spam,sms_spam_00306,mentions_discount_or_rate,0
SMS Spam,sms_spam,sms_spam_00306,mentions_financial_gain_or_cost,0
SMS Spam,sms_spam,sms_spam_00306,creates_urgency,0
SMS Spam,sms_spam,sms_spam_00306,uses_deadline_or_expiry,0
SMS Spam,sms_spam,sms_spam_00306,threatens_loss_or_penalty,0
SMS Spam,sms_spam,sms_spam_00306,contains_all_caps_or_exclamation_emphasis,0
SMS Spam,sms_spam,sms_spam_00306,asks_click_link,0
SMS Spam,sms_spam,sms_spam_00306,asks_user_reply_or_call,0
SMS Spam,sms_spam,sms_spam_00306,requests_personal_information,0
SMS Spam,sms_spam,sms_spam_00306,requests_immediate_action,0
SMS Spam,sms_spam,sms_spam_00306,normal_personal_conversation,1
SMS Spam,sms_spam,sms_spam_00306,mentions_meeting_family_friends,0
SMS Spam,sms_spam,sms_spam_00306,uses_casual_emotional_language,1
SMS Spam,sms_spam,sms_spam_00306,refers_previous_conversation,1
SMS Spam,sms_spam,sms_spam_02325,mentions_prize_reward_gift,0
SMS Spam,sms_spam,sms_spam_02325,claims_winner_or_selected,0
SMS Spam,sms_spam,sms_spam_02325,impersonates_official_entity,0
SMS Spam,sms_spam,sms_spam_02325,uses_promotional_or_marketing_claim,1
SMS Spam,sms_spam,sms_spam_02325,mentions_money_payment,1
SMS Spam,sms_spam,sms_spam_02325,mentions_free_offer,0
SMS Spam,sms_spam,sms_spam_02325,mentions_discount_or_rate,0
SMS Spam,sms_spam,sms_spam_02325,mentions_financial_gain_or_cost,1
SMS Spam,sms_spam,sms_spam_02325,creates_urgency,0
SMS Spam,sms_spam,sms_spam_02325,uses_deadline_or_expiry,0
SMS Spam,sms_spam,sms_spam_02325,threatens_loss_or_penalty,0
SMS Spam,sms_spam,sms_spam_02325,contains_all_caps_or_exclamation_emphasis,1
SMS Spam,sms_spam,sms_spam_02325,asks_click_link,0
SMS Spam,sms_spam,sms_spam_02325,asks_user_reply_or_call,1
SMS Spam,sms_spam,sms_spam_02325,requests_personal_information,0
SMS Spam,sms_spam,sms_spam_02325,requests_immediate_action,0
SMS Spam,sms_spam,sms_spam_02325,normal_personal_conversation,0
SMS Spam,sms_spam,sms_spam_02325,mentions_meeting_family_friends,0
SMS Spam,sms_spam,sms_spam_02325,uses_casual_emotional_language,0
SMS Spam,sms_spam,sms_spam_02325,refers_previous_conversation,0
SMS Spam,sms_spam,sms_spam_03278,mentions_prize_reward_gift,0
SMS Spam,sms_spam,sms_spam_03278,claims_winner_or_selected,0
SMS Spam,sms_spam,sms_spam_03278,impersonates_official_entity,0
SMS Spam,sms_spam,sms_spam_03278,uses_promotional_or_marketing_claim,0
SMS Spam,sms_spam,sms_spam_03278,mentions_money_payment,1
SMS Spam,sms_spam,sms_spam_03278,mentions_free_offer,0
SMS Spam,sms_spam,sms_spam_03278,mentions_discount_or_rate,0
SMS Spam,sms_spam,sms_spam_03278,mentions_financial_gain_or_cost,1
SMS Spam,sms_spam,sms_spam_03278,creates_urgency,0
SMS Spam,sms_spam,sms_spam_03278,uses_deadline_or_expiry,0
SMS Spam,sms_spam,sms_spam_03278,threatens_loss_or_penalty,0
SMS Spam,sms_spam,sms_spam_03278,contains_all_caps_or_exclamation_emphasis,0
SMS Spam,sms_spam,sms_spam_03278,asks_click_link,0
SMS Spam,sms_spam,sms_spam_03278,asks_user_reply_or_call,0
SMS Spam,sms_spam,sms_spam_03278,requests_personal_information,0
SMS Spam,sms_spam,sms_spam_03278,requests_immediate_action,0
SMS Spam,sms_spam,sms_spam_03278,normal_personal_conversation,1
SMS Spam,sms_spam,sms_spam_03278,mentions_meeting_family_friends,1
SMS Spam,sms_spam,sms_spam_03278,uses_casual_emotional_language,1
SMS Spam,sms_spam,sms_spam_03278,refers_previous_conversation,1
SMS Spam,sms_spam,sms_spam_01800,mentions_prize_reward_gift,1
SMS Spam,sms_spam,sms_spam_01800,claims_winner_or_selected,1
SMS Spam,sms_spam,sms_spam_01800,impersonates_official_entity,1
SMS Spam,sms_spam,sms_spam_01800,uses_promotional_or_marketing_claim,1
SMS Spam,sms_spam,sms_spam_01800,mentions_money_payment,1
SMS Spam,sms_spam,sms_spam_01800,mentions_free_offer,0
SMS Spam,sms_spam,sms_spam_01800,mentions_discount_or_rate,0
SMS Spam,sms_spam,sms_spam_01800,mentions_financial_gain_or_cost,1
SMS Spam,sms_spam,sms_spam_01800,creates_urgency,1
SMS Spam,sms_spam,sms_spam_01800,uses_deadline_or_expiry,1
SMS Spam,sms_spam,sms_spam_01800,threatens_loss_or_penalty,0
SMS Spam,sms_spam,sms_spam_01800,contains_all_caps_or_exclamation_emphasis,0
SMS Spam,sms_spam,sms_spam_01800,asks_click_link,0
SMS Spam,sms_spam,sms_spam_01800,asks_user_reply_or_call,1
SMS Spam,sms_spam,sms_spam_01800,requests_personal_information,0
SMS Spam,sms_spam,sms_spam_01800,requests_immediate_action,0
SMS Spam,sms_spam,sms_spam_01800,normal_personal_conversation,0
SMS Spam,sms_spam,sms_spam_01800,mentions_meeting_family_friends,0
SMS Spam,sms_spam,sms_spam_01800,uses_casual_emotional_language,0
SMS Spam,sms_spam,sms_spam_01800,refers_previous_conversation,0
SMS Spam,sms_spam,sms_spam_01160,mentions_prize_reward_gift,0
SMS Spam,sms_spam,sms_spam_01160,claims_winner_or_selected,0
SMS Spam,sms_spam,sms_spam_01160,impersonates_official_entity,0
SMS Spam,sms_spam,sms_spam_01160,uses_promotional_or_marketing_claim,0
SMS Spam,sms_spam,sms_spam_01160,mentions_money_payment,0
SMS Spam,sms_spam,sms_spam_01160,mentions_free_offer,0
SMS Spam,sms_spam,sms_spam_01160,mentions_discount_or_rate,0
SMS Spam,sms_spam,sms_spam_01160,mentions_financial_gain_or_cost,0
SMS Spam,sms_spam,sms_spam_01160,creates_urgency,0
SMS Spam,sms_spam,sms_spam_01160,uses_deadline_or_expiry,0
SMS Spam,sms_spam,sms_spam_01160,threatens_loss_or_penalty,0
SMS Spam,sms_spam,sms_spam_01160,contains_all_caps_or_exclamation_emphasis,0
SMS Spam,sms_spam,sms_spam_01160,asks_click_link,0
SMS Spam,sms_spam,sms_spam_01160,asks_user_reply_or_call,0
SMS Spam,sms_spam,sms_spam_01160,requests_personal_information,0
SMS Spam,sms_spam,sms_spam_01160,requests_immediate_action,0
SMS Spam,sms_spam,sms_spam_01160,normal_personal_conversation,1
SMS Spam,sms_spam,sms_spam_01160,mentions_meeting_family_friends,1
SMS Spam,sms_spam,sms_spam_01160,uses_casual_emotional_language,1
SMS Spam,sms_spam,sms_spam_01160,refers_previous_conversation,1
SMS Spam,sms_spam,sms_spam_01729,mentions_prize_reward_gift,0
SMS Spam,sms_spam,sms_spam_01729,claims_winner_or_selected,0
SMS Spam,sms_spam,sms_spam_01729,impersonates_official_entity,0
SMS Spam,sms_spam,sms_spam_01729,uses_promotional_or_marketing_claim,1
SMS Spam,sms_spam,sms_spam_01729,mentions_money_payment,0
SMS Spam,sms_spam,sms_spam_01729,mentions_free_offer,0
SMS Spam,sms_spam,sms_spam_01729,mentions_discount_or_rate,0
SMS Spam,sms_spam,sms_spam_01729,mentions_financial_gain_or_cost,0
SMS Spam,sms_spam,sms_spam_01729,creates_urgency,1
SMS Spam,sms_spam,sms_spam_01729,uses_deadline_or_expiry,0
SMS Spam,sms_spam,sms_spam_01729,threatens_loss_or_penalty,0
SMS Spam,sms_spam,sms_spam_01729,contains_all_caps_or_exclamation_emphasis,1
SMS Spam,sms_spam,sms_spam_01729,asks_click_link,0
SMS Spam,sms_spam,sms_spam_01729,asks_user_reply_or_call,1
SMS Spam,sms_spam,sms_spam_01729,requests_personal_information,0
SMS Spam,sms_spam,sms_spam_01729,requests_immediate_action,1
SMS Spam,sms_spam,sms_spam_01729,normal_personal_conversation,0
SMS Spam,sms_spam,sms_spam_01729,mentions_meeting_family_friends,0
SMS Spam,sms_spam,sms_spam_01729,uses_casual_emotional_language,1
SMS Spam,sms_spam,sms_spam_01729,refers_previous_conversation,0
SMS Spam,sms_spam,sms_spam_02031,mentions_prize_reward_gift,0
SMS Spam,sms_spam,sms_spam_02031,claims_winner_or_selected,0
SMS Spam,sms_spam,sms_spam_02031,impersonates_official_entity,0
SMS Spam,sms_spam,sms_spam_02031,uses_promotional_or_marketing_claim,0
SMS Spam,sms_spam,sms_spam_02031,mentions_money_payment,0
SMS Spam,sms_spam,sms_spam_02031,mentions_free_offer,0
SMS Spam,sms_spam,sms_spam_02031,mentions_discount_or_rate,0
SMS Spam,sms_spam,sms_spam_02031,mentions_financial_gain_or_cost,0
SMS Spam,sms_spam,sms_spam_02031,creates_urgency,0
SMS Spam,sms_spam,sms_spam_02031,uses_deadline_or_expiry,0
SMS Spam,sms_spam,sms_spam_02031,threatens_loss_or_penalty,0
SMS Spam,sms_spam,sms_spam_02031,contains_all_caps_or_exclamation_emphasis,0
SMS Spam,sms_spam,sms_spam_02031,asks_click_link,0
SMS Spam,sms_spam,sms_spam_02031,asks_user_reply_or_call,0
SMS Spam,sms_spam,sms_spam_02031,requests_personal_information,0
SMS Spam,sms_spam,sms_spam_02031,requests_immediate_action,0
SMS Spam,sms_spam,sms_spam_02031,normal_personal_conversation,1
SMS Spam,sms_spam,sms_spam_02031,mentions_meeting_family_friends,0
SMS Spam,sms_spam,sms_spam_02031,uses_casual_emotional_language,1
SMS Spam,sms_spam,sms_spam_02031,refers_previous_conversation,1
SMS Spam,sms_spam,sms_spam_02601,mentions_prize_reward_gift,0
SMS Spam,sms_spam,sms_spam_02601,claims_winner_or_selected,0
SMS Spam,sms_spam,sms_spam_02601,impersonates_official_entity,0
SMS Spam,sms_spam,sms_spam_02601,uses_promotional_or_marketing_claim,0
SMS Spam,sms_spam,sms_spam_02601,mentions_money_payment,0
SMS Spam,sms_spam,sms_spam_02601,mentions_free_offer,0
SMS Spam,sms_spam,sms_spam_02601,mentions_discount_or_rate,0
SMS Spam,sms_spam,sms_spam_02601,mentions_financial_gain_or_cost,0
SMS Spam,sms_spam,sms_spam_02601,creates_urgency,0
SMS Spam,sms_spam,sms_spam_02601,uses_deadline_or_expiry,0
SMS Spam,sms_spam,sms_spam_02601,threatens_loss_or_penalty,0
SMS Spam,sms_spam,sms_spam_02601,contains_all_caps_or_exclamation_emphasis,0
SMS Spam,sms_spam,sms_spam_02601,asks_click_link,0
SMS Spam,sms_spam,sms_spam_02601,asks_user_reply_or_call,1
SMS Spam,sms_spam,sms_spam_02601,requests_personal_information,0
SMS Spam,sms_spam,sms_spam_02601,requests_immediate_action,0
SMS Spam,sms_spam,sms_spam_02601,normal_personal_conversation,1
SMS Spam,sms_spam,sms_spam_02601,mentions_meeting_family_friends,1
SMS Spam,sms_spam,sms_spam_02601,uses_casual_emotional_language,1
SMS Spam,sms_spam,sms_spam_02601,refers_previous_conversation,1
SMS Spam,sms_spam,sms_spam_02040,mentions_prize_reward_gift,0
SMS Spam,sms_spam,sms_spam_02040,claims_winner_or_selected,0
SMS Spam,sms_spam,sms_spam_02040,impersonates_official_entity,0
SMS Spam,sms_spam,sms_spam_02040,uses_promotional_or_marketing_claim,0
SMS Spam,sms_spam,sms_spam_02040,mentions_money_payment,0
SMS Spam,sms_spam,sms_spam_02040,mentions_free_offer,0
SMS Spam,sms_spam,sms_spam_02040,mentions_discount_or_rate,0
SMS Spam,sms_spam,sms_spam_02040,mentions_financial_gain_or_cost,0
SMS Spam,sms_spam,sms_spam_02040,creates_urgency,0
SMS Spam,sms_spam,sms_spam_02040,uses_deadline_or_expiry,0
SMS Spam,sms_spam,sms_spam_02040,threatens_loss_or_penalty,0
SMS Spam,sms_spam,sms_spam_02040,contains_all_caps_or_exclamation_emphasis,0
SMS Spam,sms_spam,sms_spam_02040,asks_click_link,0
SMS Spam,sms_spam,sms_spam_02040,asks_user_reply_or_call,1
SMS Spam,sms_spam,sms_spam_02040,requests_personal_information,0
SMS Spam,sms_spam,sms_spam_02040,requests_immediate_action,0
SMS Spam,sms_spam,sms_spam_02040,normal_personal_conversation,1
SMS Spam,sms_spam,sms_spam_02040,mentions_meeting_family_friends,1
SMS Spam,sms_spam,sms_spam_02040,uses_casual_emotional_language,1
SMS Spam,sms_spam,sms_spam_02040,refers_previous_conversation,1
SMS Spam,sms_spam,sms_spam_03702,mentions_prize_reward_gift,0
SMS Spam,sms_spam,sms_spam_03702,claims_winner_or_selected,0
SMS Spam,sms_spam,sms_spam_03702,impersonates_official_entity,0
SMS Spam,sms_spam,sms_spam_03702,uses_promotional_or_marketing_claim,1
SMS Spam,sms_spam,sms_spam_03702,mentions_money_payment,0
SMS Spam,sms_spam,sms_spam_03702,mentions_free_offer,0
SMS Spam,sms_spam,sms_spam_03702,mentions_discount_or_rate,0
SMS Spam,sms_spam,sms_spam_03702,mentions_financial_gain_or_cost,0
SMS Spam,sms_spam,sms_spam_03702,creates_urgency,0
SMS Spam,sms_spam,sms_spam_03702,uses_deadline_or_expiry,0
SMS Spam,sms_spam,sms_spam_03702,threatens_loss_or_penalty,0
SMS Spam,sms_spam,sms_spam_03702,contains_all_caps_or_exclamation_emphasis,0
SMS Spam,sms_spam,sms_spam_03702,asks_click_link,0
SMS Spam,sms_spam,sms_spam_03702,asks_user_reply_or_call,0
SMS Spam,sms_spam,sms_spam_03702,requests_personal_information,0
SMS Spam,sms_spam,sms_spam_03702,requests_immediate_action,0
SMS Spam,sms_spam,sms_spam_03702,normal_personal_conversation,0
SMS Spam,sms_spam,sms_spam_03702,mentions_meeting_family_friends,0
SMS Spam,sms_spam,sms_spam_03702,uses_casual_emotional_language,0
SMS Spam,sms_spam,sms_spam_03702,refers_previous_conversation,0
SMS Spam,sms_spam,sms_spam_02696,mentions_prize_reward_gift,1
SMS Spam,sms_spam,sms_spam_02696,claims_winner_or_selected,1
SMS Spam,sms_spam,sms_spam_02696,impersonates_official_entity,0
SMS Spam,sms_spam,sms_spam_02696,uses_promotional_or_marketing_claim,1
SMS Spam,sms_spam,sms_spam_02696,mentions_money_payment,1
SMS Spam,sms_spam,sms_spam_02696,mentions_free_offer,0
SMS Spam,sms_spam,sms_spam_02696,mentions_discount_or_rate,1
SMS Spam,sms_spam,sms_spam_02696,mentions_financial_gain_or_cost,1
SMS Spam,sms_spam,sms_spam_02696,creates_urgency,1
SMS Spam,sms_spam,sms_spam_02696,uses_deadline_or_expiry,1
SMS Spam,sms_spam,sms_spam_02696,threatens_loss_or_penalty,1
SMS Spam,sms_spam,sms_spam_02696,contains_all_caps_or_exclamation_emphasis,1
SMS Spam,sms_spam,sms_spam_02696,asks_click_link,0
SMS Spam,sms_spam,sms_spam_02696,asks_user_reply_or_call,1
SMS Spam,sms_spam,sms_spam_02696,requests_personal_information,0
SMS Spam,sms_spam,sms_spam_02696,requests_immediate_action,1
SMS Spam,sms_spam,sms_spam_02696,normal_personal_conversation,0
SMS Spam,sms_spam,sms_spam_02696,mentions_meeting_family_friends,0
SMS Spam,sms_spam,sms_spam_02696,uses_casual_emotional_language,0
SMS Spam,sms_spam,sms_spam_02696,refers_previous_conversation,0
SMS Spam,sms_spam,sms_spam_04138,mentions_prize_reward_gift,0
SMS Spam,sms_spam,sms_spam_04138,claims_winner_or_selected,0
SMS Spam,sms_spam,sms_spam_04138,impersonates_official_entity,0
SMS Spam,sms_spam,sms_spam_04138,uses_promotional_or_marketing_claim,0
SMS Spam,sms_spam,sms_spam_04138,mentions_money_payment,0
SMS Spam,sms_spam,sms_spam_04138,mentions_free_offer,0
SMS Spam,sms_spam,sms_spam_04138,mentions_discount_or_rate,0
SMS Spam,sms_spam,sms_spam_04138,mentions_financial_gain_or_cost,0
SMS Spam,sms_spam,sms_spam_04138,creates_urgency,0
SMS Spam,sms_spam,sms_spam_04138,uses_deadline_or_expiry,0
SMS Spam,sms_spam,sms_spam_04138,threatens_loss_or_penalty,0
SMS Spam,sms_spam,sms_spam_04138,contains_all_caps_or_exclamation_emphasis,0
SMS Spam,sms_spam,sms_spam_04138,asks_click_link,0
SMS Spam,sms_spam,sms_spam_04138,asks_user_reply_or_call,0
SMS Spam,sms_spam,sms_spam_04138,requests_personal_information,0
SMS Spam,sms_spam,sms_spam_04138,requests_immediate_action,0
SMS Spam,sms_spam,sms_spam_04138,normal_personal_conversation,1
SMS Spam,sms_spam,sms_spam_04138,mentions_meeting_family_friends,1
SMS Spam,sms_spam,sms_spam_04138,uses_casual_emotional_language,1
SMS Spam,sms_spam,sms_spam_04138,refers_previous_conversation,1
SMS Spam,sms_spam,sms_spam_01074,mentions_prize_reward_gift,0
SMS Spam,sms_spam,sms_spam_01074,claims_winner_or_selected,0
SMS Spam,sms_spam,sms_spam_01074,impersonates_official_entity,0
SMS Spam,sms_spam,sms_spam_01074,uses_promotional_or_marketing_claim,0
SMS Spam,sms_spam,sms_spam_01074,mentions_money_payment,0
SMS Spam,sms_spam,sms_spam_01074,mentions_free_offer,0
SMS Spam,sms_spam,sms_spam_01074,mentions_discount_or_rate,0
SMS Spam,sms_spam,sms_spam_01074,mentions_financial_gain_or_cost,0
SMS Spam,sms_spam,sms_spam_01074,creates_urgency,0
SMS Spam,sms_spam,sms_spam_01074,uses_deadline_or_expiry,0
SMS Spam,sms_spam,sms_spam_01074,threatens_loss_or_penalty,0
SMS Spam,sms_spam,sms_spam_01074,contains_all_caps_or_exclamation_emphasis,0
SMS Spam,sms_spam,sms_spam_01074,asks_click_link,0
SMS Spam,sms_spam,sms_spam_01074,asks_user_reply_or_call,0
SMS Spam,sms_spam,sms_spam_01074,requests_personal_information,0
SMS Spam,sms_spam,sms_spam_01074,requests_immediate_action,0
SMS Spam,sms_spam,sms_spam_01074,normal_personal_conversation,1
SMS Spam,sms_spam,sms_spam_01074,mentions_meeting_family_friends,1
SMS Spam,sms_spam,sms_spam_01074,uses_casual_emotional_language,1
SMS Spam,sms_spam,sms_spam_01074,refers_previous_conversation,1
SMS Spam,sms_spam,sms_spam_01584,mentions_prize_reward_gift,0
SMS Spam,sms_spam,sms_spam_01584,claims_winner_or_selected,0
SMS Spam,sms_spam,sms_spam_01584,impersonates_official_entity,0
SMS Spam,sms_spam,sms_spam_01584,uses_promotional_or_marketing_claim,0
SMS Spam,sms_spam,sms_spam_01584,mentions_money_payment,0
SMS Spam,sms_spam,sms_spam_01584,mentions_free_offer,0
SMS Spam,sms_spam,sms_spam_01584,mentions_discount_or_rate,0
SMS Spam,sms_spam,sms_spam_01584,mentions_financial_gain_or_cost,0
SMS Spam,sms_spam,sms_spam_01584,creates_urgency,0
SMS Spam,sms_spam,sms_spam_01584,uses_deadline_or_expiry,0
SMS Spam,sms_spam,sms_spam_01584,threatens_loss_or_penalty,0
SMS Spam,sms_spam,sms_spam_01584,contains_all_caps_or_exclamation_emphasis,0
SMS Spam,sms_spam,sms_spam_01584,asks_click_link,0
SMS Spam,sms_spam,sms_spam_01584,asks_user_reply_or_call,0
SMS Spam,sms_spam,sms_spam_01584,requests_personal_information,0
SMS Spam,sms_spam,sms_spam_01584,requests_immediate_action,0
SMS Spam,sms_spam,sms_spam_01584,normal_personal_conversation,1
SMS Spam,sms_spam,sms_spam_01584,mentions_meeting_family_friends,1
SMS Spam,sms_spam,sms_spam_01584,uses_casual_emotional_language,1
SMS Spam,sms_spam,sms_spam_01584,refers_previous_conversation,1
SMS Spam,sms_spam,sms_spam_03512,mentions_prize_reward_gift,1
SMS Spam,sms_spam,sms_spam_03512,claims_winner_or_selected,1
SMS Spam,sms_spam,sms_spam_03512,impersonates_official_entity,0
SMS Spam,sms_spam,sms_spam_03512,uses_promotional_or_marketing_claim,1
SMS Spam,sms_spam,sms_spam_03512,mentions_money_payment,1
SMS Spam,sms_spam,sms_spam_03512,mentions_free_offer,0
SMS Spam,sms_spam,sms_spam_03512,mentions_discount_or_rate,0
SMS Spam,sms_spam,sms_spam_03512,mentions_financial_gain_or_cost,1
SMS Spam,sms_spam,sms_spam_03512,creates_urgency,1
SMS Spam,sms_spam,sms_spam_03512,uses_deadline_or_expiry,1
SMS Spam,sms_spam,sms_spam_03512,threatens_loss_or_penalty,1
SMS Spam,sms_spam,sms_spam_03512,contains_all_caps_or_exclamation_emphasis,1
SMS Spam,sms_spam,sms_spam_03512,asks_click_link,0
SMS Spam,sms_spam,sms_spam_03512,asks_user_reply_or_call,1
SMS Spam,sms_spam,sms_spam_03512,requests_personal_information,0
SMS Spam,sms_spam,sms_spam_03512,requests_immediate_action,1
SMS Spam,sms_spam,sms_spam_03512,normal_personal_conversation,0
SMS Spam,sms_spam,sms_spam_03512,mentions_meeting_family_friends,0
SMS Spam,sms_spam,sms_spam_03512,uses_casual_emotional_language,0
SMS Spam,sms_spam,sms_spam_03512,refers_previous_conversation,0
SMS Spam,sms_spam,sms_spam_00173,mentions_prize_reward_gift,1
SMS Spam,sms_spam,sms_spam_00173,claims_winner_or_selected,1
SMS Spam,sms_spam,sms_spam_00173,impersonates_official_entity,0
SMS Spam,sms_spam,sms_spam_00173,uses_promotional_or_marketing_claim,1
SMS Spam,sms_spam,sms_spam_00173,mentions_money_payment,0
SMS Spam,sms_spam,sms_spam_00173,mentions_free_offer,0
SMS Spam,sms_spam,sms_spam_00173,mentions_discount_or_rate,0
SMS Spam,sms_spam,sms_spam_00173,mentions_financial_gain_or_cost,0
SMS Spam,sms_spam,sms_spam_00173,creates_urgency,1
SMS Spam,sms_spam,sms_spam_00173,uses_deadline_or_expiry,0
SMS Spam,sms_spam,sms_spam_00173,threatens_loss_or_penalty,0
SMS Spam,sms_spam,sms_spam_00173,contains_all_caps_or_exclamation_emphasis,1
SMS Spam,sms_spam,sms_spam_00173,asks_click_link,0
SMS Spam,sms_spam,sms_spam_00173,asks_user_reply_or_call,1
SMS Spam,sms_spam,sms_spam_00173,requests_personal_information,0
SMS Spam,sms_spam,sms_spam_00173,requests_immediate_action,1
SMS Spam,sms_spam,sms_spam_00173,normal_personal_conversation,0
SMS Spam,sms_spam,sms_spam_00173,mentions_meeting_family_friends,0
SMS Spam,sms_spam,sms_spam_00173,uses_casual_emotional_language,0
SMS Spam,sms_spam,sms_spam_00173,refers_previous_conversation,1
SMS Spam,sms_spam,sms_spam_00326,mentions_prize_reward_gift,0
SMS Spam,sms_spam,sms_spam_00326,claims_winner_or_selected,0
SMS Spam,sms_spam,sms_spam_00326,impersonates_official_entity,0
SMS Spam,sms_spam,sms_spam_00326,uses_promotional_or_marketing_claim,1
SMS Spam,sms_spam,sms_spam_00326,mentions_money_payment,0
SMS Spam,sms_spam,sms_spam_00326,mentions_free_offer,0
SMS Spam,sms_spam,sms_spam_00326,mentions_discount_or_rate,0
SMS Spam,sms_spam,sms_spam_00326,mentions_financial_gain_or_cost,0
SMS Spam,sms_spam,sms_spam_00326,creates_urgency,0
SMS Spam,sms_spam,sms_spam_00326,uses_deadline_or_expiry,0
SMS Spam,sms_spam,sms_spam_00326,threatens_loss_or_penalty,0
SMS Spam,sms_spam,sms_spam_00326,contains_all_caps_or_exclamation_emphasis,1
SMS Spam,sms_spam,sms_spam_00326,asks_click_link,0
SMS Spam,sms_spam,sms_spam_00326,asks_user_reply_or_call,0
SMS Spam,sms_spam,sms_spam_00326,requests_personal_information,0
SMS Spam,sms_spam,sms_spam_00326,requests_immediate_action,0
SMS Spam,sms_spam,sms_spam_00326,normal_personal_conversation,0
SMS Spam,sms_spam,sms_spam_00326,mentions_meeting_family_friends,0
SMS Spam,sms_spam,sms_spam_00326,uses_casual_emotional_language,0
SMS Spam,sms_spam,sms_spam_00326,refers_previous_conversation,0
SMS Spam,sms_spam,sms_spam_00336,mentions_prize_reward_gift,0
SMS Spam,sms_spam,sms_spam_00336,claims_winner_or_selected,0
SMS Spam,sms_spam,sms_spam_00336,impersonates_official_entity,0
SMS Spam,sms_spam,sms_spam_00336,uses_promotional_or_marketing_claim,0
SMS Spam,sms_spam,sms_spam_00336,mentions_money_payment,0
SMS Spam,sms_spam,sms_spam_00336,mentions_free_offer,0
SMS Spam,sms_spam,sms_spam_00336,mentions_discount_or_rate,0
SMS Spam,sms_spam,sms_spam_00336,mentions_financial_gain_or_cost,0
SMS Spam,sms_spam,sms_spam_00336,creates_urgency,0
SMS Spam,sms_spam,sms_spam_00336,uses_deadline_or_expiry,0
SMS Spam,sms_spam,sms_spam_00336,threatens_loss_or_penalty,0
SMS Spam,sms_spam,sms_spam_00336,contains_all_caps_or_exclamation_emphasis,0
SMS Spam,sms_spam,sms_spam_00336,asks_click_link,0
SMS Spam,sms_spam,sms_spam_00336,asks_user_reply_or_call,0
SMS Spam,sms_spam,sms_spam_00336,requests_personal_information,0
SMS Spam,sms_spam,sms_spam_00336,requests_immediate_action,0
SMS Spam,sms_spam,sms_spam_00336,normal_personal_conversation,1
SMS Spam,sms_spam,sms_spam_00336,mentions_meeting_family_friends,1
SMS Spam,sms_spam,sms_spam_00336,uses_casual_emotional_language,1
SMS Spam,sms_spam,sms_spam_00336,refers_previous_conversation,1
SMS Spam,sms_spam,sms_spam_03984,mentions_prize_reward_gift,0
SMS Spam,sms_spam,sms_spam_03984,claims_winner_or_selected,0
SMS Spam,sms_spam,sms_spam_03984,impersonates_official_entity,0
SMS Spam,sms_spam,sms_spam_03984,uses_promotional_or_marketing_claim,0
SMS Spam,sms_spam,sms_spam_03984,mentions_money_payment,0
SMS Spam,sms_spam,sms_spam_03984,mentions_free_offer,0
SMS Spam,sms_spam,sms_spam_03984,mentions_discount_or_rate,0
SMS Spam,sms_spam,sms_spam_03984,mentions_financial_gain_or_cost,0
SMS Spam,sms_spam,sms_spam_03984,creates_urgency,0
SMS Spam,sms_spam,sms_spam_03984,uses_deadline_or_expiry,0
SMS Spam,sms_spam,sms_spam_03984,threatens_loss_or_penalty,0
SMS Spam,sms_spam,sms_spam_03984,contains_all_caps_or_exclamation_emphasis,0
SMS Spam,sms_spam,sms_spam_03984,asks_click_link,0
SMS Spam,sms_spam,sms_spam_03984,asks_user_reply_or_call,0
SMS Spam,sms_spam,sms_spam_03984,requests_personal_information,0
SMS Spam,sms_spam,sms_spam_03984,requests_immediate_action,0
SMS Spam,sms_spam,sms_spam_03984,normal_personal_conversation,1
SMS Spam,sms_spam,sms_spam_03984,mentions_meeting_family_friends,1
SMS Spam,sms_spam,sms_spam_03984,uses_casual_emotional_language,1
SMS Spam,sms_spam,sms_spam_03984,refers_previous_conversation,1
SMS Spam,sms_spam,sms_spam_04281,mentions_prize_reward_gift,0
SMS Spam,sms_spam,sms_spam_04281,claims_winner_or_selected,0
SMS Spam,sms_spam,sms_spam_04281,impersonates_official_entity,0
SMS Spam,sms_spam,sms_spam_04281,uses_promotional_or_marketing_claim,0
SMS Spam,sms_spam,sms_spam_04281,mentions_money_payment,0
SMS Spam,sms_spam,sms_spam_04281,mentions_free_offer,0
SMS Spam,sms_spam,sms_spam_04281,mentions_discount_or_rate,0
SMS Spam,sms_spam,sms_spam_04281,mentions_financial_gain_or_cost,0
SMS Spam,sms_spam,sms_spam_04281,creates_urgency,0
SMS Spam,sms_spam,sms_spam_04281,uses_deadline_or_expiry,0
SMS Spam,sms_spam,sms_spam_04281,threatens_loss_or_penalty,0
SMS Spam,sms_spam,sms_spam_04281,contains_all_caps_or_exclamation_emphasis,0
SMS Spam,sms_spam,sms_spam_04281,asks_click_link,0
SMS Spam,sms_spam,sms_spam_04281,asks_user_reply_or_call,0
SMS Spam,sms_spam,sms_spam_04281,requests_personal_information,0
SMS Spam,sms_spam,sms_spam_04281,requests_immediate_action,0
SMS Spam,sms_spam,sms_spam_04281,normal_personal_conversation,1
SMS Spam,sms_spam,sms_spam_04281,mentions_meeting_family_friends,1
SMS Spam,sms_spam,sms_spam_04281,uses_casual_emotional_language,1
SMS Spam,sms_spam,sms_spam_04281,refers_previous_conversation,1
SMS Spam,sms_spam,sms_spam_04841,mentions_prize_reward_gift,0
SMS Spam,sms_spam,sms_spam_04841,claims_winner_or_selected,0
SMS Spam,sms_spam,sms_spam_04841,impersonates_official_entity,0
SMS Spam,sms_spam,sms_spam_04841,uses_promotional_or_marketing_claim,0
SMS Spam,sms_spam,sms_spam_04841,mentions_money_payment,0
SMS Spam,sms_spam,sms_spam_04841,mentions_free_offer,0
SMS Spam,sms_spam,sms_spam_04841,mentions_discount_or_rate,0
SMS Spam,sms_spam,sms_spam_04841,mentions_financial_gain_or_cost,0
SMS Spam,sms_spam,sms_spam_04841,creates_urgency,0
SMS Spam,sms_spam,sms_spam_04841,uses_deadline_or_expiry,0
SMS Spam,sms_spam,sms_spam_04841,threatens_loss_or_penalty,0
SMS Spam,sms_spam,sms_spam_04841,contains_all_caps_or_exclamation_emphasis,0
SMS Spam,sms_spam,sms_spam_04841,asks_click_link,0
SMS Spam,sms_spam,sms_spam_04841,asks_user_reply_or_call,0
SMS Spam,sms_spam,sms_spam_04841,requests_personal_information,0
SMS Spam,sms_spam,sms_spam_04841,requests_immediate_action,0
SMS Spam,sms_spam,sms_spam_04841,normal_personal_conversation,1
SMS Spam,sms_spam,sms_spam_04841,mentions_meeting_family_friends,1
SMS Spam,sms_spam,sms_spam_04841,uses_casual_emotional_language,1
SMS Spam,sms_spam,sms_spam_04841,refers_previous_conversation,0
SMS Spam,sms_spam,sms_spam_02913,mentions_prize_reward_gift,0
SMS Spam,sms_spam,sms_spam_02913,claims_winner_or_selected,0
SMS Spam,sms_spam,sms_spam_02913,impersonates_official_entity,0
SMS Spam,sms_spam,sms_spam_02913,uses_promotional_or_marketing_claim,1
SMS Spam,sms_spam,sms_spam_02913,mentions_money_payment,0
SMS Spam,sms_spam,sms_spam_02913,mentions_free_offer,0
SMS Spam,sms_spam,sms_spam_02913,mentions_discount_or_rate,0
SMS Spam,sms_spam,sms_spam_02913,mentions_financial_gain_or_cost,0
SMS Spam,sms_spam,sms_spam_02913,creates_urgency,0
SMS Spam,sms_spam,sms_spam_02913,uses_deadline_or_expiry,0
SMS Spam,sms_spam,sms_spam_02913,threatens_loss_or_penalty,0
SMS Spam,sms_spam,sms_spam_02913,contains_all_caps_or_exclamation_emphasis,1
SMS Spam,sms_spam,sms_spam_02913,asks_click_link,0
SMS Spam,sms_spam,sms_spam_02913,asks_user_reply_or_call,0
SMS Spam,sms_spam,sms_spam_02913,requests_personal_information,0
SMS Spam,sms_spam,sms_spam_02913,requests_immediate_action,0
SMS Spam,sms_spam,sms_spam_02913,normal_personal_conversation,0
SMS Spam,sms_spam,sms_spam_02913,mentions_meeting_family_friends,0
SMS Spam,sms_spam,sms_spam_02913,uses_casual_emotional_language,1
SMS Spam,sms_spam,sms_spam_02913,refers_previous_conversation,0
SMS Spam,sms_spam,sms_spam_04120,mentions_prize_reward_gift,0
SMS Spam,sms_spam,sms_spam_04120,claims_winner_or_selected,0
SMS Spam,sms_spam,sms_spam_04120,impersonates_official_entity,0
SMS Spam,sms_spam,sms_spam_04120,uses_promotional_or_marketing_claim,0
SMS Spam,sms_spam,sms_spam_04120,mentions_money_payment,0
SMS Spam,sms_spam,sms_spam_04120,mentions_free_offer,0
SMS Spam,sms_spam,sms_spam_04120,mentions_discount_or_rate,0
SMS Spam,sms_spam,sms_spam_04120,mentions_financial_gain_or_cost,0
SMS Spam,sms_spam,sms_spam_04120,creates_urgency,1
SMS Spam,sms_spam,sms_spam_04120,uses_deadline_or_expiry,0
SMS Spam,sms_spam,sms_spam_04120,threatens_loss_or_penalty,0
SMS Spam,sms_spam,sms_spam_04120,contains_all_caps_or_exclamation_emphasis,0
SMS Spam,sms_spam,sms_spam_04120,asks_click_link,0
SMS Spam,sms_spam,sms_spam_04120,asks_user_reply_or_call,1
SMS Spam,sms_spam,sms_spam_04120,requests_personal_information,0
SMS Spam,sms_spam,sms_spam_04120,requests_immediate_action,1
SMS Spam,sms_spam,sms_spam_04120,normal_personal_conversation,1
SMS Spam,sms_spam,sms_spam_04120,mentions_meeting_family_friends,1
SMS Spam,sms_spam,sms_spam_04120,uses_casual_emotional_language,1
SMS Spam,sms_spam,sms_spam_04120,refers_previous_conversation,0
SMS Spam,sms_spam,sms_spam_01693,mentions_prize_reward_gift,1
SMS Spam,sms_spam,sms_spam_01693,claims_winner_or_selected,1
SMS Spam,sms_spam,sms_spam_01693,impersonates_official_entity,0
SMS Spam,sms_spam,sms_spam_01693,uses_promotional_or_marketing_claim,1
SMS Spam,sms_spam,sms_spam_01693,mentions_money_payment,1
SMS Spam,sms_spam,sms_spam_01693,mentions_free_offer,0
SMS Spam,sms_spam,sms_spam_01693,mentions_discount_or_rate,0
SMS Spam,sms_spam,sms_spam_01693,mentions_financial_gain_or_cost,1
SMS Spam,sms_spam,sms_spam_01693,creates_urgency,0
SMS Spam,sms_spam,sms_spam_01693,uses_deadline_or_expiry,0
SMS Spam,sms_spam,sms_spam_01693,threatens_loss_or_penalty,0
SMS Spam,sms_spam,sms_spam_01693,contains_all_caps_or_exclamation_emphasis,1
SMS Spam,sms_spam,sms_spam_01693,asks_click_link,0
SMS Spam,sms_spam,sms_spam_01693,asks_user_reply_or_call,1
SMS Spam,sms_spam,sms_spam_01693,requests_personal_information,0
SMS Spam,sms_spam,sms_spam_01693,requests_immediate_action,0
SMS Spam,sms_spam,sms_spam_01693,normal_personal_conversation,0
SMS Spam,sms_spam,sms_spam_01693,mentions_meeting_family_friends,0
SMS Spam,sms_spam,sms_spam_01693,uses_casual_emotional_language,0
SMS Spam,sms_spam,sms_spam_01693,refers_previous_conversation,0
SMS Spam,sms_spam,sms_spam_01252,mentions_prize_reward_gift,0
SMS Spam,sms_spam,sms_spam_01252,claims_winner_or_selected,0
SMS Spam,sms_spam,sms_spam_01252,impersonates_official_entity,0
SMS Spam,sms_spam,sms_spam_01252,uses_promotional_or_marketing_claim,0
SMS Spam,sms_spam,sms_spam_01252,mentions_money_payment,0
SMS Spam,sms_spam,sms_spam_01252,mentions_free_offer,0
SMS Spam,sms_spam,sms_spam_01252,mentions_discount_or_rate,0
SMS Spam,sms_spam,sms_spam_01252,mentions_financial_gain_or_cost,0
SMS Spam,sms_spam,sms_spam_01252,creates_urgency,0
SMS Spam,sms_spam,sms_spam_01252,uses_deadline_or_expiry,0
SMS Spam,sms_spam,sms_spam_01252,threatens_loss_or_penalty,0
SMS Spam,sms_spam,sms_spam_01252,contains_all_caps_or_exclamation_emphasis,0
SMS Spam,sms_spam,sms_spam_01252,asks_click_link,0
SMS Spam,sms_spam,sms_spam_01252,asks_user_reply_or_call,0
SMS Spam,sms_spam,sms_spam_01252,requests_personal_information,0
SMS Spam,sms_spam,sms_spam_01252,requests_immediate_action,0
SMS Spam,sms_spam,sms_spam_01252,normal_personal_conversation,1
SMS Spam,sms_spam,sms_spam_01252,mentions_meeting_family_friends,1
SMS Spam,sms_spam,sms_spam_01252,uses_casual_emotional_language,1
SMS Spam,sms_spam,sms_spam_01252,refers_previous_conversation,0
SMS Spam,sms_spam,sms_spam_04595,mentions_prize_reward_gift,1
SMS Spam,sms_spam,sms_spam_04595,claims_winner_or_selected,1
SMS Spam,sms_spam,sms_spam_04595,impersonates_official_entity,0
SMS Spam,sms_spam,sms_spam_04595,uses_promotional_or_marketing_claim,1
SMS Spam,sms_spam,sms_spam_04595,mentions_money_payment,1
SMS Spam,sms_spam,sms_spam_04595,mentions_free_offer,0
SMS Spam,sms_spam,sms_spam_04595,mentions_discount_or_rate,0
SMS Spam,sms_spam,sms_spam_04595,mentions_financial_gain_or_cost,1
SMS Spam,sms_spam,sms_spam_04595,creates_urgency,0
SMS Spam,sms_spam,sms_spam_04595,uses_deadline_or_expiry,0
SMS Spam,sms_spam,sms_spam_04595,threatens_loss_or_penalty,0
SMS Spam,sms_spam,sms_spam_04595,contains_all_caps_or_exclamation_emphasis,1
SMS Spam,sms_spam,sms_spam_04595,asks_click_link,0
SMS Spam,sms_spam,sms_spam_04595,asks_user_reply_or_call,1
SMS Spam,sms_spam,sms_spam_04595,requests_personal_information,0
SMS Spam,sms_spam,sms_spam_04595,requests_immediate_action,0
SMS Spam,sms_spam,sms_spam_04595,normal_personal_conversation,0
SMS Spam,sms_spam,sms_spam_04595,mentions_meeting_family_friends,0
SMS Spam,sms_spam,sms_spam_04595,uses_casual_emotional_language,0
SMS Spam,sms_spam,sms_spam_04595,refers_previous_conversation,0
SMS Spam,sms_spam,sms_spam_02566,mentions_prize_reward_gift,0
SMS Spam,sms_spam,sms_spam_02566,claims_winner_or_selected,0
SMS Spam,sms_spam,sms_spam_02566,impersonates_official_entity,0
SMS Spam,sms_spam,sms_spam_02566,uses_promotional_or_marketing_claim,0
SMS Spam,sms_spam,sms_spam_02566,mentions_money_payment,0
SMS Spam,sms_spam,sms_spam_02566,mentions_free_offer,0
SMS Spam,sms_spam,sms_spam_02566,mentions_discount_or_rate,0
SMS Spam,sms_spam,sms_spam_02566,mentions_financial_gain_or_cost,0
SMS Spam,sms_spam,sms_spam_02566,creates_urgency,0
SMS Spam,sms_spam,sms_spam_02566,uses_deadline_or_expiry,0
SMS Spam,sms_spam,sms_spam_02566,threatens_loss_or_penalty,0
SMS Spam,sms_spam,sms_spam_02566,contains_all_caps_or_exclamation_emphasis,0
SMS Spam,sms_spam,sms_spam_02566,asks_click_link,0
SMS Spam,sms_spam,sms_spam_02566,asks_user_reply_or_call,0
SMS Spam,sms_spam,sms_spam_02566,requests_personal_information,0
SMS Spam,sms_spam,sms_spam_02566,requests_immediate_action,0
SMS Spam,sms_spam,sms_spam_02566,normal_personal_conversation,1
SMS Spam,sms_spam,sms_spam_02566,mentions_meeting_family_friends,1
SMS Spam,sms_spam,sms_spam_02566,uses_casual_emotional_language,1
SMS Spam,sms_spam,sms_spam_02566,refers_previous_conversation,0
SMS Spam,sms_spam,sms_spam_03703,mentions_prize_reward_gift,0
SMS Spam,sms_spam,sms_spam_03703,claims_winner_or_selected,0
SMS Spam,sms_spam,sms_spam_03703,impersonates_official_entity,1
SMS Spam,sms_spam,sms_spam_03703,uses_promotional_or_marketing_claim,1
SMS Spam,sms_spam,sms_spam_03703,mentions_money_payment,1
SMS Spam,sms_spam,sms_spam_03703,mentions_free_offer,0
SMS Spam,sms_spam,sms_spam_03703,mentions_discount_or_rate,0
SMS Spam,sms_spam,sms_spam_03703,mentions_financial_gain_or_cost,1
SMS Spam,sms_spam,sms_spam_03703,creates_urgency,1
SMS Spam,sms_spam,sms_spam_03703,uses_deadline_or_expiry,0
SMS Spam,sms_spam,sms_spam_03703,threatens_loss_or_penalty,0
SMS Spam,sms_spam,sms_spam_03703,contains_all_caps_or_exclamation_emphasis,1
SMS Spam,sms_spam,sms_spam_03703,asks_click_link,0
SMS Spam,sms_spam,sms_spam_03703,asks_user_reply_or_call,1
SMS Spam,sms_spam,sms_spam_03703,requests_personal_information,0
SMS Spam,sms_spam,sms_spam_03703,requests_immediate_action,1
SMS Spam,sms_spam,sms_spam_03703,normal_personal_conversation,0
SMS Spam,sms_spam,sms_spam_03703,mentions_meeting_family_friends,0
SMS Spam,sms_spam,sms_spam_03703,uses_casual_emotional_language,0
SMS Spam,sms_spam,sms_spam_03703,refers_previous_conversation,0
SMS Spam,sms_spam,sms_spam_01974,mentions_prize_reward_gift,0
SMS Spam,sms_spam,sms_spam_01974,claims_winner_or_selected,0
SMS Spam,sms_spam,sms_spam_01974,impersonates_official_entity,0
SMS Spam,sms_spam,sms_spam_01974,uses_promotional_or_marketing_claim,0
SMS Spam,sms_spam,sms_spam_01974,mentions_money_payment,0
SMS Spam,sms_spam,sms_spam_01974,mentions_free_offer,0
SMS Spam,sms_spam,sms_spam_01974,mentions_discount_or_rate,0
SMS Spam,sms_spam,sms_spam_01974,mentions_financial_gain_or_cost,0
SMS Spam,sms_spam,sms_spam_01974,creates_urgency,0
SMS Spam,sms_spam,sms_spam_01974,uses_deadline_or_expiry,0
SMS Spam,sms_spam,sms_spam_01974,threatens_loss_or_penalty,0
SMS Spam,sms_spam,sms_spam_01974,contains_all_caps_or_exclamation_emphasis,0
SMS Spam,sms_spam,sms_spam_01974,asks_click_link,0
SMS Spam,sms_spam,sms_spam_01974,asks_user_reply_or_call,0
SMS Spam,sms_spam,sms_spam_01974,requests_personal_information,0
SMS Spam,sms_spam,sms_spam_01974,requests_immediate_action,0
SMS Spam,sms_spam,sms_spam_01974,normal_personal_conversation,1
SMS Spam,sms_spam,sms_spam_01974,mentions_meeting_family_friends,1
SMS Spam,sms_spam,sms_spam_01974,uses_casual_emotional_language,1
SMS Spam,sms_spam,sms_spam_01974,refers_previous_conversation,1
SMS Spam,sms_spam,sms_spam_00625,mentions_prize_reward_gift,1
SMS Spam,sms_spam,sms_spam_00625,claims_winner_or_selected,0
SMS Spam,sms_spam,sms_spam_00625,impersonates_official_entity,0
SMS Spam,sms_spam,sms_spam_00625,uses_promotional_or_marketing_claim,1
SMS Spam,sms_spam,sms_spam_00625,mentions_money_payment,0
SMS Spam,sms_spam,sms_spam_00625,mentions_free_offer,1
SMS Spam,sms_spam,sms_spam_00625,mentions_discount_or_rate,0
SMS Spam,sms_spam,sms_spam_00625,mentions_financial_gain_or_cost,0
SMS Spam,sms_spam,sms_spam_00625,creates_urgency,0
SMS Spam,sms_spam,sms_spam_00625,uses_deadline_or_expiry,0
SMS Spam,sms_spam,sms_spam_00625,threatens_loss_or_penalty,0
SMS Spam,sms_spam,sms_spam_00625,contains_all_caps_or_exclamation_emphasis,1
SMS Spam,sms_spam,sms_spam_00625,asks_click_link,0
SMS Spam,sms_spam,sms_spam_00625,asks_user_reply_or_call,1
SMS Spam,sms_spam,sms_spam_00625,requests_personal_information,0
SMS Spam,sms_spam,sms_spam_00625,requests_immediate_action,0
SMS Spam,sms_spam,sms_spam_00625,normal_personal_conversation,0
SMS Spam,sms_spam,sms_spam_00625,mentions_meeting_family_friends,0
SMS Spam,sms_spam,sms_spam_00625,uses_casual_emotional_language,0
SMS Spam,sms_spam,sms_spam_00625,refers_previous_conversation,0
SMS Spam,sms_spam,sms_spam_03720,mentions_prize_reward_gift,0
SMS Spam,sms_spam,sms_spam_03720,claims_winner_or_selected,0
SMS Spam,sms_spam,sms_spam_03720,impersonates_official_entity,0
SMS Spam,sms_spam,sms_spam_03720,uses_promotional_or_marketing_claim,0
SMS Spam,sms_spam,sms_spam_03720,mentions_money_payment,0
SMS Spam,sms_spam,sms_spam_03720,mentions_free_offer,0
SMS Spam,sms_spam,sms_spam_03720,mentions_discount_or_rate,0
SMS Spam,sms_spam,sms_spam_03720,mentions_financial_gain_or_cost,0
SMS Spam,sms_spam,sms_spam_03720,creates_urgency,1
SMS Spam,sms_spam,sms_spam_03720,uses_deadline_or_expiry,0
SMS Spam,sms_spam,sms_spam_03720,threatens_loss_or_penalty,0
SMS Spam,sms_spam,sms_spam_03720,contains_all_caps_or_exclamation_emphasis,0
SMS Spam,sms_spam,sms_spam_03720,asks_click_link,0
SMS Spam,sms_spam,sms_spam_03720,asks_user_reply_or_call,0
SMS Spam,sms_spam,sms_spam_03720,requests_personal_information,0
SMS Spam,sms_spam,sms_spam_03720,requests_immediate_action,1
SMS Spam,sms_spam,sms_spam_03720,normal_personal_conversation,1
SMS Spam,sms_spam,sms_spam_03720,mentions_meeting_family_friends,1
SMS Spam,sms_spam,sms_spam_03720,uses_casual_emotional_language,1
SMS Spam,sms_spam,sms_spam_03720,refers_previous_conversation,1
SMS Spam,sms_spam,sms_spam_00616,mentions_prize_reward_gift,0
SMS Spam,sms_spam,sms_spam_00616,claims_winner_or_selected,0
SMS Spam,sms_spam,sms_spam_00616,impersonates_official_entity,0
SMS Spam,sms_spam,sms_spam_00616,uses_promotional_or_marketing_claim,0
SMS Spam,sms_spam,sms_spam_00616,mentions_money_payment,0
SMS Spam,sms_spam,sms_spam_00616,mentions_free_offer,0
SMS Spam,sms_spam,sms_spam_00616,mentions_discount_or_rate,0
SMS Spam,sms_spam,sms_spam_00616,mentions_financial_gain_or_cost,0
SMS Spam,sms_spam,sms_spam_00616,creates_urgency,0
SMS Spam,sms_spam,sms_spam_00616,uses_deadline_or_expiry,0
SMS Spam,sms_spam,sms_spam_00616,threatens_loss_or_penalty,0
SMS Spam,sms_spam,sms_spam_00616,contains_all_caps_or_exclamation_emphasis,0
SMS Spam,sms_spam,sms_spam_00616,asks_click_link,0
SMS Spam,sms_spam,sms_spam_00616,asks_user_reply_or_call,0
SMS Spam,sms_spam,sms_spam_00616,requests_personal_information,0
SMS Spam,sms_spam,sms_spam_00616,requests_immediate_action,0
SMS Spam,sms_spam,sms_spam_00616,normal_personal_conversation,1
SMS Spam,sms_spam,sms_spam_00616,mentions_meeting_family_friends,0
SMS Spam,sms_spam,sms_spam_00616,uses_casual_emotional_language,1
SMS Spam,sms_spam,sms_spam_00616,refers_previous_conversation,1
SMS Spam,sms_spam,sms_spam_03931,mentions_prize_reward_gift,1
SMS Spam,sms_spam,sms_spam_03931,claims_winner_or_selected,1
SMS Spam,sms_spam,sms_spam_03931,impersonates_official_entity,0
SMS Spam,sms_spam,sms_spam_03931,uses_promotional_or_marketing_claim,1
SMS Spam,sms_spam,sms_spam_03931,mentions_money_payment,1
SMS Spam,sms_spam,sms_spam_03931,mentions_free_offer,0
SMS Spam,sms_spam,sms_spam_03931,mentions_discount_or_rate,0
SMS Spam,sms_spam,sms_spam_03931,mentions_financial_gain_or_cost,1
SMS Spam,sms_spam,sms_spam_03931,creates_urgency,0
SMS Spam,sms_spam,sms_spam_03931,uses_deadline_or_expiry,1
SMS Spam,sms_spam,sms_spam_03931,threatens_loss_or_penalty,0
SMS Spam,sms_spam,sms_spam_03931,contains_all_caps_or_exclamation_emphasis,0
SMS Spam,sms_spam,sms_spam_03931,asks_click_link,0
SMS Spam,sms_spam,sms_spam_03931,asks_user_reply_or_call,1
SMS Spam,sms_spam,sms_spam_03931,requests_personal_information,0
SMS Spam,sms_spam,sms_spam_03931,requests_immediate_action,0
SMS Spam,sms_spam,sms_spam_03931,normal_personal_conversation,0
SMS Spam,sms_spam,sms_spam_03931,mentions_meeting_family_friends,0
SMS Spam,sms_spam,sms_spam_03931,uses_casual_emotional_language,0
SMS Spam,sms_spam,sms_spam_03931,refers_previous_conversation,0
SMS Spam,sms_spam,sms_spam_02607,mentions_prize_reward_gift,0
SMS Spam,sms_spam,sms_spam_02607,claims_winner_or_selected,0
SMS Spam,sms_spam,sms_spam_02607,impersonates_official_entity,0
SMS Spam,sms_spam,sms_spam_02607,uses_promotional_or_marketing_claim,0
SMS Spam,sms_spam,sms_spam_02607,mentions_money_payment,0
SMS Spam,sms_spam,sms_spam_02607,mentions_free_offer,0
SMS Spam,sms_spam,sms_spam_02607,mentions_discount_or_rate,0
SMS Spam,sms_spam,sms_spam_02607,mentions_financial_gain_or_cost,0
SMS Spam,sms_spam,sms_spam_02607,creates_urgency,0
SMS Spam,sms_spam,sms_spam_02607,uses_deadline_or_expiry,0
SMS Spam,sms_spam,sms_spam_02607,threatens_loss_or_penalty,0
SMS Spam,sms_spam,sms_spam_02607,contains_all_caps_or_exclamation_emphasis,0
SMS Spam,sms_spam,sms_spam_02607,asks_click_link,0
SMS Spam,sms_spam,sms_spam_02607,asks_user_reply_or_call,0
SMS Spam,sms_spam,sms_spam_02607,requests_personal_information,0
SMS Spam,sms_spam,sms_spam_02607,requests_immediate_action,0
SMS Spam,sms_spam,sms_spam_02607,normal_personal_conversation,1
SMS Spam,sms_spam,sms_spam_02607,mentions_meeting_family_friends,1
SMS Spam,sms_spam,sms_spam_02607,uses_casual_emotional_language,1
SMS Spam,sms_spam,sms_spam_02607,refers_previous_conversation,1
SMS Spam,sms_spam,sms_spam_04649,mentions_prize_reward_gift,1
SMS Spam,sms_spam,sms_spam_04649,claims_winner_or_selected,1
SMS Spam,sms_spam,sms_spam_04649,impersonates_official_entity,1
SMS Spam,sms_spam,sms_spam_04649,uses_promotional_or_marketing_claim,1
SMS Spam,sms_spam,sms_spam_04649,mentions_money_payment,0
SMS Spam,sms_spam,sms_spam_04649,mentions_free_offer,1
SMS Spam,sms_spam,sms_spam_04649,mentions_discount_or_rate,0
SMS Spam,sms_spam,sms_spam_04649,mentions_financial_gain_or_cost,1
SMS Spam,sms_spam,sms_spam_04649,creates_urgency,0
SMS Spam,sms_spam,sms_spam_04649,uses_deadline_or_expiry,0
SMS Spam,sms_spam,sms_spam_04649,threatens_loss_or_penalty,0
SMS Spam,sms_spam,sms_spam_04649,contains_all_caps_or_exclamation_emphasis,1
SMS Spam,sms_spam,sms_spam_04649,asks_click_link,0
SMS Spam,sms_spam,sms_spam_04649,asks_user_reply_or_call,1
SMS Spam,sms_spam,sms_spam_04649,requests_personal_information,0
SMS Spam,sms_spam,sms_spam_04649,requests_immediate_action,0
SMS Spam,sms_spam,sms_spam_04649,normal_personal_conversation,0
SMS Spam,sms_spam,sms_spam_04649,mentions_meeting_family_friends,0
SMS Spam,sms_spam,sms_spam_04649,uses_casual_emotional_language,0
SMS Spam,sms_spam,sms_spam_04649,refers_previous_conversation,0
SMS Spam,sms_spam,sms_spam_03651,mentions_prize_reward_gift,0
SMS Spam,sms_spam,sms_spam_03651,claims_winner_or_selected,0
SMS Spam,sms_spam,sms_spam_03651,impersonates_official_entity,0
SMS Spam,sms_spam,sms_spam_03651,uses_promotional_or_marketing_claim,0
SMS Spam,sms_spam,sms_spam_03651,mentions_money_payment,0
SMS Spam,sms_spam,sms_spam_03651,mentions_free_offer,0
SMS Spam,sms_spam,sms_spam_03651,mentions_discount_or_rate,0
SMS Spam,sms_spam,sms_spam_03651,mentions_financial_gain_or_cost,0
SMS Spam,sms_spam,sms_spam_03651,creates_urgency,0
SMS Spam,sms_spam,sms_spam_03651,uses_deadline_or_expiry,0
SMS Spam,sms_spam,sms_spam_03651,threatens_loss_or_penalty,0
SMS Spam,sms_spam,sms_spam_03651,contains_all_caps_or_exclamation_emphasis,1
SMS Spam,sms_spam,sms_spam_03651,asks_click_link,0
SMS Spam,sms_spam,sms_spam_03651,asks_user_reply_or_call,1
SMS Spam,sms_spam,sms_spam_03651,requests_personal_information,0
SMS Spam,sms_spam,sms_spam_03651,requests_immediate_action,0
SMS Spam,sms_spam,sms_spam_03651,normal_personal_conversation,1
SMS Spam,sms_spam,sms_spam_03651,mentions_meeting_family_friends,1
SMS Spam,sms_spam,sms_spam_03651,uses_casual_emotional_language,1
SMS Spam,sms_spam,sms_spam_03651,refers_previous_conversation,1
SMS Spam,sms_spam,sms_spam_00969,mentions_prize_reward_gift,0
SMS Spam,sms_spam,sms_spam_00969,claims_winner_or_selected,0
SMS Spam,sms_spam,sms_spam_00969,impersonates_official_entity,0
SMS Spam,sms_spam,sms_spam_00969,uses_promotional_or_marketing_claim,0
SMS Spam,sms_spam,sms_spam_00969,mentions_money_payment,0
SMS Spam,sms_spam,sms_spam_00969,mentions_free_offer,0
SMS Spam,sms_spam,sms_spam_00969,mentions_discount_or_rate,0
SMS Spam,sms_spam,sms_spam_00969,mentions_financial_gain_or_cost,0
SMS Spam,sms_spam,sms_spam_00969,creates_urgency,0
SMS Spam,sms_spam,sms_spam_00969,uses_deadline_or_expiry,0
SMS Spam,sms_spam,sms_spam_00969,threatens_loss_or_penalty,0
SMS Spam,sms_spam,sms_spam_00969,contains_all_caps_or_exclamation_emphasis,0
SMS Spam,sms_spam,sms_spam_00969,asks_click_link,0
SMS Spam,sms_spam,sms_spam_00969,asks_user_reply_or_call,0
SMS Spam,sms_spam,sms_spam_00969,requests_personal_information,0
SMS Spam,sms_spam,sms_spam_00969,requests_immediate_action,0
SMS Spam,sms_spam,sms_spam_00969,normal_personal_conversation,1
SMS Spam,sms_spam,sms_spam_00969,mentions_meeting_family_friends,1
SMS Spam,sms_spam,sms_spam_00969,uses_casual_emotional_language,1
SMS Spam,sms_spam,sms_spam_00969,refers_previous_conversation,1
SMS Spam,sms_spam,sms_spam_01206,mentions_prize_reward_gift,0
SMS Spam,sms_spam,sms_spam_01206,claims_winner_or_selected,0
SMS Spam,sms_spam,sms_spam_01206,impersonates_official_entity,0
SMS Spam,sms_spam,sms_spam_01206,uses_promotional_or_marketing_claim,0
SMS Spam,sms_spam,sms_spam_01206,mentions_money_payment,0
SMS Spam,sms_spam,sms_spam_01206,mentions_free_offer,0
SMS Spam,sms_spam,sms_spam_01206,mentions_discount_or_rate,0
SMS Spam,sms_spam,sms_spam_01206,mentions_financial_gain_or_cost,0
SMS Spam,sms_spam,sms_spam_01206,creates_urgency,0
SMS Spam,sms_spam,sms_spam_01206,uses_deadline_or_expiry,0
SMS Spam,sms_spam,sms_spam_01206,threatens_loss_or_penalty,0
SMS Spam,sms_spam,sms_spam_01206,contains_all_caps_or_exclamation_emphasis,0
SMS Spam,sms_spam,sms_spam_01206,asks_click_link,0
SMS Spam,sms_spam,sms_spam_01206,asks_user_reply_or_call,0
SMS Spam,sms_spam,sms_spam_01206,requests_personal_information,0
SMS Spam,sms_spam,sms_spam_01206,requests_immediate_action,0
SMS Spam,sms_spam,sms_spam_01206,normal_personal_conversation,1
SMS Spam,sms_spam,sms_spam_01206,mentions_meeting_family_friends,1
SMS Spam,sms_spam,sms_spam_01206,uses_casual_emotional_language,1
SMS Spam,sms_spam,sms_spam_01206,refers_previous_conversation,1
SMS Spam,sms_spam,sms_spam_00868,mentions_prize_reward_gift,0
SMS Spam,sms_spam,sms_spam_00868,claims_winner_or_selected,0
SMS Spam,sms_spam,sms_spam_00868,impersonates_official_entity,0
SMS Spam,sms_spam,sms_spam_00868,uses_promotional_or_marketing_claim,0
SMS Spam,sms_spam,sms_spam_00868,mentions_money_payment,0
SMS Spam,sms_spam,sms_spam_00868,mentions_free_offer,0
SMS Spam,sms_spam,sms_spam_00868,mentions_discount_or_rate,0
SMS Spam,sms_spam,sms_spam_00868,mentions_financial_gain_or_cost,0
SMS Spam,sms_spam,sms_spam_00868,creates_urgency,0
SMS Spam,sms_spam,sms_spam_00868,uses_deadline_or_expiry,0
SMS Spam,sms_spam,sms_spam_00868,threatens_loss_or_penalty,0
SMS Spam,sms_spam,sms_spam_00868,contains_all_caps_or_exclamation_emphasis,0
SMS Spam,sms_spam,sms_spam_00868,asks_click_link,0
SMS Spam,sms_spam,sms_spam_00868,asks_user_reply_or_call,0
SMS Spam,sms_spam,sms_spam_00868,requests_personal_information,0
SMS Spam,sms_spam,sms_spam_00868,requests_immediate_action,0
SMS Spam,sms_spam,sms_spam_00868,normal_personal_conversation,1
SMS Spam,sms_spam,sms_spam_00868,mentions_meeting_family_friends,0
SMS Spam,sms_spam,sms_spam_00868,uses_casual_emotional_language,1
SMS Spam,sms_spam,sms_spam_00868,refers_previous_conversation,1
SMS Spam,sms_spam,sms_spam_00613,mentions_prize_reward_gift,1
SMS Spam,sms_spam,sms_spam_00613,claims_winner_or_selected,1
SMS Spam,sms_spam,sms_spam_00613,impersonates_official_entity,0
SMS Spam,sms_spam,sms_spam_00613,uses_promotional_or_marketing_claim,1
SMS Spam,sms_spam,sms_spam_00613,mentions_money_payment,1
SMS Spam,sms_spam,sms_spam_00613,mentions_free_offer,0
SMS Spam,sms_spam,sms_spam_00613,mentions_discount_or_rate,0
SMS Spam,sms_spam,sms_spam_00613,mentions_financial_gain_or_cost,1
SMS Spam,sms_spam,sms_spam_00613,creates_urgency,1
SMS Spam,sms_spam,sms_spam_00613,uses_deadline_or_expiry,0
SMS Spam,sms_spam,sms_spam_00613,threatens_loss_or_penalty,0
SMS Spam,sms_spam,sms_spam_00613,contains_all_caps_or_exclamation_emphasis,1
SMS Spam,sms_spam,sms_spam_00613,asks_click_link,0
SMS Spam,sms_spam,sms_spam_00613,asks_user_reply_or_call,1
SMS Spam,sms_spam,sms_spam_00613,requests_personal_information,0
SMS Spam,sms_spam,sms_spam_00613,requests_immediate_action,1
SMS Spam,sms_spam,sms_spam_00613,normal_personal_conversation,0
SMS Spam,sms_spam,sms_spam_00613,mentions_meeting_family_friends,0
SMS Spam,sms_spam,sms_spam_00613,uses_casual_emotional_language,0
SMS Spam,sms_spam,sms_spam_00613,refers_previous_conversation,0
SMS Spam,sms_spam,sms_spam_03533,mentions_prize_reward_gift,0
SMS Spam,sms_spam,sms_spam_03533,claims_winner_or_selected,0
SMS Spam,sms_spam,sms_spam_03533,impersonates_official_entity,0
SMS Spam,sms_spam,sms_spam_03533,uses_promotional_or_marketing_claim,0
SMS Spam,sms_spam,sms_spam_03533,mentions_money_payment,1
SMS Spam,sms_spam,sms_spam_03533,mentions_free_offer,0
SMS Spam,sms_spam,sms_spam_03533,mentions_discount_or_rate,0
SMS Spam,sms_spam,sms_spam_03533,mentions_financial_gain_or_cost,1
SMS Spam,sms_spam,sms_spam_03533,creates_urgency,0
SMS Spam,sms_spam,sms_spam_03533,uses_deadline_or_expiry,0
SMS Spam,sms_spam,sms_spam_03533,threatens_loss_or_penalty,0
SMS Spam,sms_spam,sms_spam_03533,contains_all_caps_or_exclamation_emphasis,0
SMS Spam,sms_spam,sms_spam_03533,asks_click_link,0
SMS Spam,sms_spam,sms_spam_03533,asks_user_reply_or_call,0
SMS Spam,sms_spam,sms_spam_03533,requests_personal_information,0
SMS Spam,sms_spam,sms_spam_03533,requests_immediate_action,0
SMS Spam,sms_spam,sms_spam_03533,normal_personal_conversation,1
SMS Spam,sms_spam,sms_spam_03533,mentions_meeting_family_friends,1
SMS Spam,sms_spam,sms_spam_03533,uses_casual_emotional_language,1
SMS Spam,sms_spam,sms_spam_03533,refers_previous_conversation,1
SMS Spam,sms_spam,sms_spam_03032,mentions_prize_reward_gift,0
SMS Spam,sms_spam,sms_spam_03032,claims_winner_or_selected,0
SMS Spam,sms_spam,sms_spam_03032,impersonates_official_entity,0
SMS Spam,sms_spam,sms_spam_03032,uses_promotional_or_marketing_claim,0
SMS Spam,sms_spam,sms_spam_03032,mentions_money_payment,0
SMS Spam,sms_spam,sms_spam_03032,mentions_free_offer,0
SMS Spam,sms_spam,sms_spam_03032,mentions_discount_or_rate,0
SMS Spam,sms_spam,sms_spam_03032,mentions_financial_gain_or_cost,0
SMS Spam,sms_spam,sms_spam_03032,creates_urgency,0
SMS Spam,sms_spam,sms_spam_03032,uses_deadline_or_expiry,0
SMS Spam,sms_spam,sms_spam_03032,threatens_loss_or_penalty,0
SMS Spam,sms_spam,sms_spam_03032,contains_all_caps_or_exclamation_emphasis,0
SMS Spam,sms_spam,sms_spam_03032,asks_click_link,0
SMS Spam,sms_spam,sms_spam_03032,asks_user_reply_or_call,0
SMS Spam,sms_spam,sms_spam_03032,requests_personal_information,0
SMS Spam,sms_spam,sms_spam_03032,requests_immediate_action,0
SMS Spam,sms_spam,sms_spam_03032,normal_personal_conversation,1
SMS Spam,sms_spam,sms_spam_03032,mentions_meeting_family_friends,1
SMS Spam,sms_spam,sms_spam_03032,uses_casual_emotional_language,1
SMS Spam,sms_spam,sms_spam_03032,refers_previous_conversation,1
SMS Spam,sms_spam,sms_spam_00472,mentions_prize_reward_gift,0
SMS Spam,sms_spam,sms_spam_00472,claims_winner_or_selected,0
SMS Spam,sms_spam,sms_spam_00472,impersonates_official_entity,0
SMS Spam,sms_spam,sms_spam_00472,uses_promotional_or_marketing_claim,0
SMS Spam,sms_spam,sms_spam_00472,mentions_money_payment,0
SMS Spam,sms_spam,sms_spam_00472,mentions_free_offer,0
SMS Spam,sms_spam,sms_spam_00472,mentions_discount_or_rate,0
SMS Spam,sms_spam,sms_spam_00472,mentions_financial_gain_or_cost,0
SMS Spam,sms_spam,sms_spam_00472,creates_urgency,0
SMS Spam,sms_spam,sms_spam_00472,uses_deadline_or_expiry,0
SMS Spam,sms_spam,sms_spam_00472,threatens_loss_or_penalty,0
SMS Spam,sms_spam,sms_spam_00472,contains_all_caps_or_exclamation_emphasis,0
SMS Spam,sms_spam,sms_spam_00472,asks_click_link,0
SMS Spam,sms_spam,sms_spam_00472,asks_user_reply_or_call,0
SMS Spam,sms_spam,sms_spam_00472,requests_personal_information,0
SMS Spam,sms_spam,sms_spam_00472,requests_immediate_action,0
SMS Spam,sms_spam,sms_spam_00472,normal_personal_conversation,1
SMS Spam,sms_spam,sms_spam_00472,mentions_meeting_family_friends,1
SMS Spam,sms_spam,sms_spam_00472,uses_casual_emotional_language,1
SMS Spam,sms_spam,sms_spam_00472,refers_previous_conversation,1
SMS Spam,sms_spam,sms_spam_00185,mentions_prize_reward_gift,0
SMS Spam,sms_spam,sms_spam_00185,claims_winner_or_selected,0
SMS Spam,sms_spam,sms_spam_00185,impersonates_official_entity,0
SMS Spam,sms_spam,sms_spam_00185,uses_promotional_or_marketing_claim,0
SMS Spam,sms_spam,sms_spam_00185,mentions_money_payment,0
SMS Spam,sms_spam,sms_spam_00185,mentions_free_offer,0
SMS Spam,sms_spam,sms_spam_00185,mentions_discount_or_rate,0
SMS Spam,sms_spam,sms_spam_00185,mentions_financial_gain_or_cost,0
SMS Spam,sms_spam,sms_spam_00185,creates_urgency,0
SMS Spam,sms_spam,sms_spam_00185,uses_deadline_or_expiry,0
SMS Spam,sms_spam,sms_spam_00185,threatens_loss_or_penalty,0
SMS Spam,sms_spam,sms_spam_00185,contains_all_caps_or_exclamation_emphasis,0
SMS Spam,sms_spam,sms_spam_00185,asks_click_link,0
SMS Spam,sms_spam,sms_spam_00185,asks_user_reply_or_call,0
SMS Spam,sms_spam,sms_spam_00185,requests_personal_information,0
SMS Spam,sms_spam,sms_spam_00185,requests_immediate_action,0
SMS Spam,sms_spam,sms_spam_00185,normal_personal_conversation,1
SMS Spam,sms_spam,sms_spam_00185,mentions_meeting_family_friends,1
SMS Spam,sms_spam,sms_spam_00185,uses_casual_emotional_language,1
SMS Spam,sms_spam,sms_spam_00185,refers_previous_conversation,1
SMS Spam,sms_spam,sms_spam_03020,mentions_prize_reward_gift,0
SMS Spam,sms_spam,sms_spam_03020,claims_winner_or_selected,0
SMS Spam,sms_spam,sms_spam_03020,impersonates_official_entity,0
SMS Spam,sms_spam,sms_spam_03020,uses_promotional_or_marketing_claim,0
SMS Spam,sms_spam,sms_spam_03020,mentions_money_payment,0
SMS Spam,sms_spam,sms_spam_03020,mentions_free_offer,0
SMS Spam,sms_spam,sms_spam_03020,mentions_discount_or_rate,0
SMS Spam,sms_spam,sms_spam_03020,mentions_financial_gain_or_cost,0
SMS Spam,sms_spam,sms_spam_03020,creates_urgency,0
SMS Spam,sms_spam,sms_spam_03020,uses_deadline_or_expiry,0
SMS Spam,sms_spam,sms_spam_03020,threatens_loss_or_penalty,0
SMS Spam,sms_spam,sms_spam_03020,contains_all_caps_or_exclamation_emphasis,0
SMS Spam,sms_spam,sms_spam_03020,asks_click_link,0
SMS Spam,sms_spam,sms_spam_03020,asks_user_reply_or_call,0
SMS Spam,sms_spam,sms_spam_03020,requests_personal_information,0
SMS Spam,sms_spam,sms_spam_03020,requests_immediate_action,0
SMS Spam,sms_spam,sms_spam_03020,normal_personal_conversation,1
SMS Spam,sms_spam,sms_spam_03020,mentions_meeting_family_friends,1
SMS Spam,sms_spam,sms_spam_03020,uses_casual_emotional_language,1
SMS Spam,sms_spam,sms_spam_03020,refers_previous_conversation,1
SMS Spam,sms_spam,sms_spam_04684,mentions_prize_reward_gift,1
SMS Spam,sms_spam,sms_spam_04684,claims_winner_or_selected,1
SMS Spam,sms_spam,sms_spam_04684,impersonates_official_entity,0
SMS Spam,sms_spam,sms_spam_04684,uses_promotional_or_marketing_claim,1
SMS Spam,sms_spam,sms_spam_04684,mentions_money_payment,1
SMS Spam,sms_spam,sms_spam_04684,mentions_free_offer,0
SMS Spam,sms_spam,sms_spam_04684,mentions_discount_or_rate,0
SMS Spam,sms_spam,sms_spam_04684,mentions_financial_gain_or_cost,1
SMS Spam,sms_spam,sms_spam_04684,creates_urgency,0
SMS Spam,sms_spam,sms_spam_04684,uses_deadline_or_expiry,1
SMS Spam,sms_spam,sms_spam_04684,threatens_loss_or_penalty,0
SMS Spam,sms_spam,sms_spam_04684,contains_all_caps_or_exclamation_emphasis,0
SMS Spam,sms_spam,sms_spam_04684,asks_click_link,0
SMS Spam,sms_spam,sms_spam_04684,asks_user_reply_or_call,1
SMS Spam,sms_spam,sms_spam_04684,requests_personal_information,0
SMS Spam,sms_spam,sms_spam_04684,requests_immediate_action,0
SMS Spam,sms_spam,sms_spam_04684,normal_personal_conversation,0
SMS Spam,sms_spam,sms_spam_04684,mentions_meeting_family_friends,0
SMS Spam,sms_spam,sms_spam_04684,uses_casual_emotional_language,0
SMS Spam,sms_spam,sms_spam_04684,refers_previous_conversation,0
SMS Spam,sms_spam,sms_spam_04877,mentions_prize_reward_gift,1
SMS Spam,sms_spam,sms_spam_04877,claims_winner_or_selected,1
SMS Spam,sms_spam,sms_spam_04877,impersonates_official_entity,0
SMS Spam,sms_spam,sms_spam_04877,uses_promotional_or_marketing_claim,1
SMS Spam,sms_spam,sms_spam_04877,mentions_money_payment,1
SMS Spam,sms_spam,sms_spam_04877,mentions_free_offer,0
SMS Spam,sms_spam,sms_spam_04877,mentions_discount_or_rate,0
SMS Spam,sms_spam,sms_spam_04877,mentions_financial_gain_or_cost,1
SMS Spam,sms_spam,sms_spam_04877,creates_urgency,0
SMS Spam,sms_spam,sms_spam_04877,uses_deadline_or_expiry,0
SMS Spam,sms_spam,sms_spam_04877,threatens_loss_or_penalty,0
SMS Spam,sms_spam,sms_spam_04877,contains_all_caps_or_exclamation_emphasis,1
SMS Spam,sms_spam,sms_spam_04877,asks_click_link,0
SMS Spam,sms_spam,sms_spam_04877,asks_user_reply_or_call,1
SMS Spam,sms_spam,sms_spam_04877,requests_personal_information,0
SMS Spam,sms_spam,sms_spam_04877,requests_immediate_action,0
SMS Spam,sms_spam,sms_spam_04877,normal_personal_conversation,0
SMS Spam,sms_spam,sms_spam_04877,mentions_meeting_family_friends,0
SMS Spam,sms_spam,sms_spam_04877,uses_casual_emotional_language,0
SMS Spam,sms_spam,sms_spam_04877,refers_previous_conversation,0
SMS Spam,sms_spam,sms_spam_04401,mentions_prize_reward_gift,1
SMS Spam,sms_spam,sms_spam_04401,claims_winner_or_selected,1
SMS Spam,sms_spam,sms_spam_04401,impersonates_official_entity,0
SMS Spam,sms_spam,sms_spam_04401,uses_promotional_or_marketing_claim,1
SMS Spam,sms_spam,sms_spam_04401,mentions_money_payment,1
SMS Spam,sms_spam,sms_spam_04401,mentions_free_offer,0
SMS Spam,sms_spam,sms_spam_04401,mentions_discount_or_rate,0
SMS Spam,sms_spam,sms_spam_04401,mentions_financial_gain_or_cost,1
SMS Spam,sms_spam,sms_spam_04401,creates_urgency,1
SMS Spam,sms_spam,sms_spam_04401,uses_deadline_or_expiry,1
SMS Spam,sms_spam,sms_spam_04401,threatens_loss_or_penalty,1
SMS Spam,sms_spam,sms_spam_04401,contains_all_caps_or_exclamation_emphasis,1
SMS Spam,sms_spam,sms_spam_04401,asks_click_link,0
SMS Spam,sms_spam,sms_spam_04401,asks_user_reply_or_call,1
SMS Spam,sms_spam,sms_spam_04401,requests_personal_information,0
SMS Spam,sms_spam,sms_spam_04401,requests_immediate_action,1
SMS Spam,sms_spam,sms_spam_04401,normal_personal_conversation,0
SMS Spam,sms_spam,sms_spam_04401,mentions_meeting_family_friends,0
SMS Spam,sms_spam,sms_spam_04401,uses_casual_emotional_language,0
SMS Spam,sms_spam,sms_spam_04401,refers_previous_conversation,0
SMS Spam,sms_spam,sms_spam_04422,mentions_prize_reward_gift,0
SMS Spam,sms_spam,sms_spam_04422,claims_winner_or_selected,0
SMS Spam,sms_spam,sms_spam_04422,impersonates_official_entity,0
SMS Spam,sms_spam,sms_spam_04422,uses_promotional_or_marketing_claim,1
SMS Spam,sms_spam,sms_spam_04422,mentions_money_payment,0
SMS Spam,sms_spam,sms_spam_04422,mentions_free_offer,0
SMS Spam,sms_spam,sms_spam_04422,mentions_discount_or_rate,0
SMS Spam,sms_spam,sms_spam_04422,mentions_financial_gain_or_cost,0
SMS Spam,sms_spam,sms_spam_04422,creates_urgency,0
SMS Spam,sms_spam,sms_spam_04422,uses_deadline_or_expiry,0
SMS Spam,sms_spam,sms_spam_04422,threatens_loss_or_penalty,0
SMS Spam,sms_spam,sms_spam_04422,contains_all_caps_or_exclamation_emphasis,1
SMS Spam,sms_spam,sms_spam_04422,asks_click_link,0
SMS Spam,sms_spam,sms_spam_04422,asks_user_reply_or_call,0
SMS Spam,sms_spam,sms_spam_04422,requests_personal_information,0
SMS Spam,sms_spam,sms_spam_04422,requests_immediate_action,0
SMS Spam,sms_spam,sms_spam_04422,normal_personal_conversation,0
SMS Spam,sms_spam,sms_spam_04422,mentions_meeting_family_friends,0
SMS Spam,sms_spam,sms_spam_04422,uses_casual_emotional_language,0
SMS Spam,sms_spam,sms_spam_04422,refers_previous_conversation,0
SMS Spam,sms_spam,sms_spam_03150,mentions_prize_reward_gift,0
SMS Spam,sms_spam,sms_spam_03150,claims_winner_or_selected,0
SMS Spam,sms_spam,sms_spam_03150,impersonates_official_entity,0
SMS Spam,sms_spam,sms_spam_03150,uses_promotional_or_marketing_claim,0
SMS Spam,sms_spam,sms_spam_03150,mentions_money_payment,1
SMS Spam,sms_spam,sms_spam_03150,mentions_free_offer,0
SMS Spam,sms_spam,sms_spam_03150,mentions_discount_or_rate,0
SMS Spam,sms_spam,sms_spam_03150,mentions_financial_gain_or_cost,1
SMS Spam,sms_spam,sms_spam_03150,creates_urgency,0
SMS Spam,sms_spam,sms_spam_03150,uses_deadline_or_expiry,0
SMS Spam,sms_spam,sms_spam_03150,threatens_loss_or_penalty,0
SMS Spam,sms_spam,sms_spam_03150,contains_all_caps_or_exclamation_emphasis,0
SMS Spam,sms_spam,sms_spam_03150,asks_click_link,0
SMS Spam,sms_spam,sms_spam_03150,asks_user_reply_or_call,0
SMS Spam,sms_spam,sms_spam_03150,requests_personal_information,0
SMS Spam,sms_spam,sms_spam_03150,requests_immediate_action,0
SMS Spam,sms_spam,sms_spam_03150,normal_personal_conversation,1
SMS Spam,sms_spam,sms_spam_03150,mentions_meeting_family_friends,1
SMS Spam,sms_spam,sms_spam_03150,uses_casual_emotional_language,1
SMS Spam,sms_spam,sms_spam_03150,refers_previous_conversation,1
SMS Spam,sms_spam,sms_spam_04667,mentions_prize_reward_gift,0
SMS Spam,sms_spam,sms_spam_04667,claims_winner_or_selected,0
SMS Spam,sms_spam,sms_spam_04667,impersonates_official_entity,0
SMS Spam,sms_spam,sms_spam_04667,uses_promotional_or_marketing_claim,0
SMS Spam,sms_spam,sms_spam_04667,mentions_money_payment,0
SMS Spam,sms_spam,sms_spam_04667,mentions_free_offer,0
SMS Spam,sms_spam,sms_spam_04667,mentions_discount_or_rate,0
SMS Spam,sms_spam,sms_spam_04667,mentions_financial_gain_or_cost,0
SMS Spam,sms_spam,sms_spam_04667,creates_urgency,0
SMS Spam,sms_spam,sms_spam_04667,uses_deadline_or_expiry,0
SMS Spam,sms_spam,sms_spam_04667,threatens_loss_or_penalty,0
SMS Spam,sms_spam,sms_spam_04667,contains_all_caps_or_exclamation_emphasis,0
SMS Spam,sms_spam,sms_spam_04667,asks_click_link,0
SMS Spam,sms_spam,sms_spam_04667,asks_user_reply_or_call,0
SMS Spam,sms_spam,sms_spam_04667,requests_personal_information,0
SMS Spam,sms_spam,sms_spam_04667,requests_immediate_action,0
SMS Spam,sms_spam,sms_spam_04667,normal_personal_conversation,1
SMS Spam,sms_spam,sms_spam_04667,mentions_meeting_family_friends,0
SMS Spam,sms_spam,sms_spam_04667,uses_casual_emotional_language,1
SMS Spam,sms_spam,sms_spam_04667,refers_previous_conversation,1
SMS Spam,sms_spam,sms_spam_01963,mentions_prize_reward_gift,0
SMS Spam,sms_spam,sms_spam_01963,claims_winner_or_selected,0
SMS Spam,sms_spam,sms_spam_01963,impersonates_official_entity,0
SMS Spam,sms_spam,sms_spam_01963,uses_promotional_or_marketing_claim,0
SMS Spam,sms_spam,sms_spam_01963,mentions_money_payment,0
SMS Spam,sms_spam,sms_spam_01963,mentions_free_offer,0
SMS Spam,sms_spam,sms_spam_01963,mentions_discount_or_rate,0
SMS Spam,sms_spam,sms_spam_01963,mentions_financial_gain_or_cost,0
SMS Spam,sms_spam,sms_spam_01963,creates_urgency,0
SMS Spam,sms_spam,sms_spam_01963,uses_deadline_or_expiry,0
SMS Spam,sms_spam,sms_spam_01963,threatens_loss_or_penalty,0
SMS Spam,sms_spam,sms_spam_01963,contains_all_caps_or_exclamation_emphasis,0
SMS Spam,sms_spam,sms_spam_01963,asks_click_link,0
SMS Spam,sms_spam,sms_spam_01963,asks_user_reply_or_call,0
SMS Spam,sms_spam,sms_spam_01963,requests_personal_information,0
SMS Spam,sms_spam,sms_spam_01963,requests_immediate_action,0
SMS Spam,sms_spam,sms_spam_01963,normal_personal_conversation,1
SMS Spam,sms_spam,sms_spam_01963,mentions_meeting_family_friends,1
SMS Spam,sms_spam,sms_spam_01963,uses_casual_emotional_language,1
SMS Spam,sms_spam,sms_spam_01963,refers_previous_conversation,1
SMS Spam,sms_spam,sms_spam_01997,mentions_prize_reward_gift,0
SMS Spam,sms_spam,sms_spam_01997,claims_winner_or_selected,0
SMS Spam,sms_spam,sms_spam_01997,impersonates_official_entity,0
SMS Spam,sms_spam,sms_spam_01997,uses_promotional_or_marketing_claim,0
SMS Spam,sms_spam,sms_spam_01997,mentions_money_payment,0
SMS Spam,sms_spam,sms_spam_01997,mentions_free_offer,0
SMS Spam,sms_spam,sms_spam_01997,mentions_discount_or_rate,0
SMS Spam,sms_spam,sms_spam_01997,mentions_financial_gain_or_cost,0
SMS Spam,sms_spam,sms_spam_01997,creates_urgency,0
SMS Spam,sms_spam,sms_spam_01997,uses_deadline_or_expiry,0
SMS Spam,sms_spam,sms_spam_01997,threatens_loss_or_penalty,0
SMS Spam,sms_spam,sms_spam_01997,contains_all_caps_or_exclamation_emphasis,0
SMS Spam,sms_spam,sms_spam_01997,asks_click_link,0
SMS Spam,sms_spam,sms_spam_01997,asks_user_reply_or_call,0
SMS Spam,sms_spam,sms_spam_01997,requests_personal_information,0
SMS Spam,sms_spam,sms_spam_01997,requests_immediate_action,0
SMS Spam,sms_spam,sms_spam_01997,normal_personal_conversation,1
SMS Spam,sms_spam,sms_spam_01997,mentions_meeting_family_friends,1
SMS Spam,sms_spam,sms_spam_01997,uses_casual_emotional_language,1
SMS Spam,sms_spam,sms_spam_01997,refers_previous_conversation,1
SMS Spam,sms_spam,sms_spam_04263,mentions_prize_reward_gift,0
SMS Spam,sms_spam,sms_spam_04263,claims_winner_or_selected,0
SMS Spam,sms_spam,sms_spam_04263,impersonates_official_entity,0
SMS Spam,sms_spam,sms_spam_04263,uses_promotional_or_marketing_claim,0
SMS Spam,sms_spam,sms_spam_04263,mentions_money_payment,1
SMS Spam,sms_spam,sms_spam_04263,mentions_free_offer,0
SMS Spam,sms_spam,sms_spam_04263,mentions_discount_or_rate,0
SMS Spam,sms_spam,sms_spam_04263,mentions_financial_gain_or_cost,1
SMS Spam,sms_spam,sms_spam_04263,creates_urgency,0
SMS Spam,sms_spam,sms_spam_04263,uses_deadline_or_expiry,0
SMS Spam,sms_spam,sms_spam_04263,threatens_loss_or_penalty,0
SMS Spam,sms_spam,sms_spam_04263,contains_all_caps_or_exclamation_emphasis,0
SMS Spam,sms_spam,sms_spam_04263,asks_click_link,0
SMS Spam,sms_spam,sms_spam_04263,asks_user_reply_or_call,0
SMS Spam,sms_spam,sms_spam_04263,requests_personal_information,0
SMS Spam,sms_spam,sms_spam_04263,requests_immediate_action,0
SMS Spam,sms_spam,sms_spam_04263,normal_personal_conversation,1
SMS Spam,sms_spam,sms_spam_04263,mentions_meeting_family_friends,1
SMS Spam,sms_spam,sms_spam_04263,uses_casual_emotional_language,1
SMS Spam,sms_spam,sms_spam_04263,refers_previous_conversation,1
SMS Spam,sms_spam,sms_spam_01540,mentions_prize_reward_gift,0
SMS Spam,sms_spam,sms_spam_01540,claims_winner_or_selected,0
SMS Spam,sms_spam,sms_spam_01540,impersonates_official_entity,0
SMS Spam,sms_spam,sms_spam_01540,uses_promotional_or_marketing_claim,0
SMS Spam,sms_spam,sms_spam_01540,mentions_money_payment,0
SMS Spam,sms_spam,sms_spam_01540,mentions_free_offer,0
SMS Spam,sms_spam,sms_spam_01540,mentions_discount_or_rate,0
SMS Spam,sms_spam,sms_spam_01540,mentions_financial_gain_or_cost,0
SMS Spam,sms_spam,sms_spam_01540,creates_urgency,0
SMS Spam,sms_spam,sms_spam_01540,uses_deadline_or_expiry,0
SMS Spam,sms_spam,sms_spam_01540,threatens_loss_or_penalty,0
SMS Spam,sms_spam,sms_spam_01540,contains_all_caps_or_exclamation_emphasis,0
SMS Spam,sms_spam,sms_spam_01540,asks_click_link,0
SMS Spam,sms_spam,sms_spam_01540,asks_user_reply_or_call,0
SMS Spam,sms_spam,sms_spam_01540,requests_personal_information,0
SMS Spam,sms_spam,sms_spam_01540,requests_immediate_action,0
SMS Spam,sms_spam,sms_spam_01540,normal_personal_conversation,1
SMS Spam,sms_spam,sms_spam_01540,mentions_meeting_family_friends,1
SMS Spam,sms_spam,sms_spam_01540,uses_casual_emotional_language,1
SMS Spam,sms_spam,sms_spam_01540,refers_previous_conversation,0
SMS Spam,sms_spam,sms_spam_03584,mentions_prize_reward_gift,1
SMS Spam,sms_spam,sms_spam_03584,claims_winner_or_selected,1
SMS Spam,sms_spam,sms_spam_03584,impersonates_official_entity,0
SMS Spam,sms_spam,sms_spam_03584,uses_promotional_or_marketing_claim,1
SMS Spam,sms_spam,sms_spam_03584,mentions_money_payment,1
SMS Spam,sms_spam,sms_spam_03584,mentions_free_offer,1
SMS Spam,sms_spam,sms_spam_03584,mentions_discount_or_rate,0
SMS Spam,sms_spam,sms_spam_03584,mentions_financial_gain_or_cost,1
SMS Spam,sms_spam,sms_spam_03584,creates_urgency,0
SMS Spam,sms_spam,sms_spam_03584,uses_deadline_or_expiry,0
SMS Spam,sms_spam,sms_spam_03584,threatens_loss_or_penalty,0
SMS Spam,sms_spam,sms_spam_03584,contains_all_caps_or_exclamation_emphasis,1
SMS Spam,sms_spam,sms_spam_03584,asks_click_link,0
SMS Spam,sms_spam,sms_spam_03584,asks_user_reply_or_call,1
SMS Spam,sms_spam,sms_spam_03584,requests_personal_information,0
SMS Spam,sms_spam,sms_spam_03584,requests_immediate_action,0
SMS Spam,sms_spam,sms_spam_03584,normal_personal_conversation,0
SMS Spam,sms_spam,sms_spam_03584,mentions_meeting_family_friends,0
SMS Spam,sms_spam,sms_spam_03584,uses_casual_emotional_language,1
SMS Spam,sms_spam,sms_spam_03584,refers_previous_conversation,0
SMS Spam,sms_spam,sms_spam_04862,mentions_prize_reward_gift,0
SMS Spam,sms_spam,sms_spam_04862,claims_winner_or_selected,1
SMS Spam,sms_spam,sms_spam_04862,impersonates_official_entity,0
SMS Spam,sms_spam,sms_spam_04862,uses_promotional_or_marketing_claim,1
SMS Spam,sms_spam,sms_spam_04862,mentions_money_payment,0
SMS Spam,sms_spam,sms_spam_04862,mentions_free_offer,0
SMS Spam,sms_spam,sms_spam_04862,mentions_discount_or_rate,0
SMS Spam,sms_spam,sms_spam_04862,mentions_financial_gain_or_cost,0
SMS Spam,sms_spam,sms_spam_04862,creates_urgency,1
SMS Spam,sms_spam,sms_spam_04862,uses_deadline_or_expiry,1
SMS Spam,sms_spam,sms_spam_04862,threatens_loss_or_penalty,1
SMS Spam,sms_spam,sms_spam_04862,contains_all_caps_or_exclamation_emphasis,1
SMS Spam,sms_spam,sms_spam_04862,asks_click_link,0
SMS Spam,sms_spam,sms_spam_04862,asks_user_reply_or_call,1
SMS Spam,sms_spam,sms_spam_04862,requests_personal_information,0
SMS Spam,sms_spam,sms_spam_04862,requests_immediate_action,1
SMS Spam,sms_spam,sms_spam_04862,normal_personal_conversation,0
SMS Spam,sms_spam,sms_spam_04862,mentions_meeting_family_friends,0
SMS Spam,sms_spam,sms_spam_04862,uses_casual_emotional_language,1
SMS Spam,sms_spam,sms_spam_04862,refers_previous_conversation,1
SMS Spam,sms_spam,sms_spam_00837,mentions_prize_reward_gift,0
SMS Spam,sms_spam,sms_spam_00837,claims_winner_or_selected,0
SMS Spam,sms_spam,sms_spam_00837,impersonates_official_entity,0
SMS Spam,sms_spam,sms_spam_00837,uses_promotional_or_marketing_claim,0
SMS Spam,sms_spam,sms_spam_00837,mentions_money_payment,1
SMS Spam,sms_spam,sms_spam_00837,mentions_free_offer,0
SMS Spam,sms_spam,sms_spam_00837,mentions_discount_or_rate,0
SMS Spam,sms_spam,sms_spam_00837,mentions_financial_gain_or_cost,1
SMS Spam,sms_spam,sms_spam_00837,creates_urgency,0
SMS Spam,sms_spam,sms_spam_00837,uses_deadline_or_expiry,0
SMS Spam,sms_spam,sms_spam_00837,threatens_loss_or_penalty,0
SMS Spam,sms_spam,sms_spam_00837,contains_all_caps_or_exclamation_emphasis,0
SMS Spam,sms_spam,sms_spam_00837,asks_click_link,0
SMS Spam,sms_spam,sms_spam_00837,asks_user_reply_or_call,0
SMS Spam,sms_spam,sms_spam_00837,requests_personal_information,0
SMS Spam,sms_spam,sms_spam_00837,requests_immediate_action,0
SMS Spam,sms_spam,sms_spam_00837,normal_personal_conversation,1
SMS Spam,sms_spam,sms_spam_00837,mentions_meeting_family_friends,1
SMS Spam,sms_spam,sms_spam_00837,uses_casual_emotional_language,1
SMS Spam,sms_spam,sms_spam_00837,refers_previous_conversation,1
SMS Spam,sms_spam,sms_spam_00181,mentions_prize_reward_gift,0
SMS Spam,sms_spam,sms_spam_00181,claims_winner_or_selected,0
SMS Spam,sms_spam,sms_spam_00181,impersonates_official_entity,0
SMS Spam,sms_spam,sms_spam_00181,uses_promotional_or_marketing_claim,0
SMS Spam,sms_spam,sms_spam_00181,mentions_money_payment,0
SMS Spam,sms_spam,sms_spam_00181,mentions_free_offer,0
SMS Spam,sms_spam,sms_spam_00181,mentions_discount_or_rate,0
SMS Spam,sms_spam,sms_spam_00181,mentions_financial_gain_or_cost,0
SMS Spam,sms_spam,sms_spam_00181,creates_urgency,0
SMS Spam,sms_spam,sms_spam_00181,uses_deadline_or_expiry,0
SMS Spam,sms_spam,sms_spam_00181,threatens_loss_or_penalty,0
SMS Spam,sms_spam,sms_spam_00181,contains_all_caps_or_exclamation_emphasis,0
SMS Spam,sms_spam,sms_spam_00181,asks_click_link,0
SMS Spam,sms_spam,sms_spam_00181,asks_user_reply_or_call,0
SMS Spam,sms_spam,sms_spam_00181,requests_personal_information,0
SMS Spam,sms_spam,sms_spam_00181,requests_immediate_action,0
SMS Spam,sms_spam,sms_spam_00181,normal_personal_conversation,1
SMS Spam,sms_spam,sms_spam_00181,mentions_meeting_family_friends,1
SMS Spam,sms_spam,sms_spam_00181,uses_casual_emotional_language,1
SMS Spam,sms_spam,sms_spam_00181,refers_previous_conversation,1
SMS Spam,sms_spam,sms_spam_00761,mentions_prize_reward_gift,0
SMS Spam,sms_spam,sms_spam_00761,claims_winner_or_selected,0
SMS Spam,sms_spam,sms_spam_00761,impersonates_official_entity,0
SMS Spam,sms_spam,sms_spam_00761,uses_promotional_or_marketing_claim,1
SMS Spam,sms_spam,sms_spam_00761,mentions_money_payment,0
SMS Spam,sms_spam,sms_spam_00761,mentions_free_offer,0
SMS Spam,sms_spam,sms_spam_00761,mentions_discount_or_rate,0
SMS Spam,sms_spam,sms_spam_00761,mentions_financial_gain_or_cost,0
SMS Spam,sms_spam,sms_spam_00761,creates_urgency,0
SMS Spam,sms_spam,sms_spam_00761,uses_deadline_or_expiry,0
SMS Spam,sms_spam,sms_spam_00761,threatens_loss_or_penalty,0
SMS Spam,sms_spam,sms_spam_00761,contains_all_caps_or_exclamation_emphasis,0
SMS Spam,sms_spam,sms_spam_00761,asks_click_link,0
SMS Spam,sms_spam,sms_spam_00761,asks_user_reply_or_call,0
SMS Spam,sms_spam,sms_spam_00761,requests_personal_information,0
SMS Spam,sms_spam,sms_spam_00761,requests_immediate_action,0
SMS Spam,sms_spam,sms_spam_00761,normal_personal_conversation,0
SMS Spam,sms_spam,sms_spam_00761,mentions_meeting_family_friends,0
SMS Spam,sms_spam,sms_spam_00761,uses_casual_emotional_language,0
SMS Spam,sms_spam,sms_spam_00761,refers_previous_conversation,0
SMS Spam,sms_spam,sms_spam_01473,mentions_prize_reward_gift,0
SMS Spam,sms_spam,sms_spam_01473,claims_winner_or_selected,0
SMS Spam,sms_spam,sms_spam_01473,impersonates_official_entity,0
SMS Spam,sms_spam,sms_spam_01473,uses_promotional_or_marketing_claim,1
SMS Spam,sms_spam,sms_spam_01473,mentions_money_payment,1
SMS Spam,sms_spam,sms_spam_01473,mentions_free_offer,0
SMS Spam,sms_spam,sms_spam_01473,mentions_discount_or_rate,0
SMS Spam,sms_spam,sms_spam_01473,mentions_financial_gain_or_cost,1
SMS Spam,sms_spam,sms_spam_01473,creates_urgency,0
SMS Spam,sms_spam,sms_spam_01473,uses_deadline_or_expiry,0
SMS Spam,sms_spam,sms_spam_01473,threatens_loss_or_penalty,0
SMS Spam,sms_spam,sms_spam_01473,contains_all_caps_or_exclamation_emphasis,1
SMS Spam,sms_spam,sms_spam_01473,asks_click_link,0
SMS Spam,sms_spam,sms_spam_01473,asks_user_reply_or_call,1
SMS Spam,sms_spam,sms_spam_01473,requests_personal_information,0
SMS Spam,sms_spam,sms_spam_01473,requests_immediate_action,0
SMS Spam,sms_spam,sms_spam_01473,normal_personal_conversation,0
SMS Spam,sms_spam,sms_spam_01473,mentions_meeting_family_friends,0
SMS Spam,sms_spam,sms_spam_01473,uses_casual_emotional_language,1
SMS Spam,sms_spam,sms_spam_01473,refers_previous_conversation,0
SMS Spam,sms_spam,sms_spam_04430,mentions_prize_reward_gift,0
SMS Spam,sms_spam,sms_spam_04430,claims_winner_or_selected,0
SMS Spam,sms_spam,sms_spam_04430,impersonates_official_entity,0
SMS Spam,sms_spam,sms_spam_04430,uses_promotional_or_marketing_claim,1
SMS Spam,sms_spam,sms_spam_04430,mentions_money_payment,1
SMS Spam,sms_spam,sms_spam_04430,mentions_free_offer,0
SMS Spam,sms_spam,sms_spam_04430,mentions_discount_or_rate,0
SMS Spam,sms_spam,sms_spam_04430,mentions_financial_gain_or_cost,1
SMS Spam,sms_spam,sms_spam_04430,creates_urgency,1
SMS Spam,sms_spam,sms_spam_04430,uses_deadline_or_expiry,0
SMS Spam,sms_spam,sms_spam_04430,threatens_loss_or_penalty,0
SMS Spam,sms_spam,sms_spam_04430,contains_all_caps_or_exclamation_emphasis,1
SMS Spam,sms_spam,sms_spam_04430,asks_click_link,0
SMS Spam,sms_spam,sms_spam_04430,asks_user_reply_or_call,1
SMS Spam,sms_spam,sms_spam_04430,requests_personal_information,0
SMS Spam,sms_spam,sms_spam_04430,requests_immediate_action,1
SMS Spam,sms_spam,sms_spam_04430,normal_personal_conversation,0
SMS Spam,sms_spam,sms_spam_04430,mentions_meeting_family_friends,0
SMS Spam,sms_spam,sms_spam_04430,uses_casual_emotional_language,1
SMS Spam,sms_spam,sms_spam_04430,refers_previous_conversation,0
SMS Spam,sms_spam,sms_spam_00711,mentions_prize_reward_gift,0
SMS Spam,sms_spam,sms_spam_00711,claims_winner_or_selected,0
SMS Spam,sms_spam,sms_spam_00711,impersonates_official_entity,0
SMS Spam,sms_spam,sms_spam_00711,uses_promotional_or_marketing_claim,1
SMS Spam,sms_spam,sms_spam_00711,mentions_money_payment,1
SMS Spam,sms_spam,sms_spam_00711,mentions_free_offer,0
SMS Spam,sms_spam,sms_spam_00711,mentions_discount_or_rate,0
SMS Spam,sms_spam,sms_spam_00711,mentions_financial_gain_or_cost,1
SMS Spam,sms_spam,sms_spam_00711,creates_urgency,0
SMS Spam,sms_spam,sms_spam_00711,uses_deadline_or_expiry,0
SMS Spam,sms_spam,sms_spam_00711,threatens_loss_or_penalty,0
SMS Spam,sms_spam,sms_spam_00711,contains_all_caps_or_exclamation_emphasis,1
SMS Spam,sms_spam,sms_spam_00711,asks_click_link,1
SMS Spam,sms_spam,sms_spam_00711,asks_user_reply_or_call,1
SMS Spam,sms_spam,sms_spam_00711,requests_personal_information,0
SMS Spam,sms_spam,sms_spam_00711,requests_immediate_action,0
SMS Spam,sms_spam,sms_spam_00711,normal_personal_conversation,0
SMS Spam,sms_spam,sms_spam_00711,mentions_meeting_family_friends,0
SMS Spam,sms_spam,sms_spam_00711,uses_casual_emotional_language,0
SMS Spam,sms_spam,sms_spam_00711,refers_previous_conversation,0
SMS Spam,sms_spam,sms_spam_04247,mentions_prize_reward_gift,1
SMS Spam,sms_spam,sms_spam_04247,claims_winner_or_selected,1
SMS Spam,sms_spam,sms_spam_04247,impersonates_official_entity,0
SMS Spam,sms_spam,sms_spam_04247,uses_promotional_or_marketing_claim,1
SMS Spam,sms_spam,sms_spam_04247,mentions_money_payment,0
SMS Spam,sms_spam,sms_spam_04247,mentions_free_offer,1
SMS Spam,sms_spam,sms_spam_04247,mentions_discount_or_rate,0
SMS Spam,sms_spam,sms_spam_04247,mentions_financial_gain_or_cost,0
SMS Spam,sms_spam,sms_spam_04247,creates_urgency,0
SMS Spam,sms_spam,sms_spam_04247,uses_deadline_or_expiry,0
SMS Spam,sms_spam,sms_spam_04247,threatens_loss_or_penalty,0
SMS Spam,sms_spam,sms_spam_04247,contains_all_caps_or_exclamation_emphasis,1
SMS Spam,sms_spam,sms_spam_04247,asks_click_link,0
SMS Spam,sms_spam,sms_spam_04247,asks_user_reply_or_call,1
SMS Spam,sms_spam,sms_spam_04247,requests_personal_information,0
SMS Spam,sms_spam,sms_spam_04247,requests_immediate_action,0
SMS Spam,sms_spam,sms_spam_04247,normal_personal_conversation,0
SMS Spam,sms_spam,sms_spam_04247,mentions_meeting_family_friends,0
SMS Spam,sms_spam,sms_spam_04247,uses_casual_emotional_language,0
SMS Spam,sms_spam,sms_spam_04247,refers_previous_conversation,0
SMS Spam,sms_spam,sms_spam_03903,mentions_prize_reward_gift,0
SMS Spam,sms_spam,sms_spam_03903,claims_winner_or_selected,0
SMS Spam,sms_spam,sms_spam_03903,impersonates_official_entity,0
SMS Spam,sms_spam,sms_spam_03903,uses_promotional_or_marketing_claim,0
SMS Spam,sms_spam,sms_spam_03903,mentions_money_payment,0
SMS Spam,sms_spam,sms_spam_03903,mentions_free_offer,0
SMS Spam,sms_spam,sms_spam_03903,mentions_discount_or_rate,0
SMS Spam,sms_spam,sms_spam_03903,mentions_financial_gain_or_cost,0
SMS Spam,sms_spam,sms_spam_03903,creates_urgency,0
SMS Spam,sms_spam,sms_spam_03903,uses_deadline_or_expiry,0
SMS Spam,sms_spam,sms_spam_03903,threatens_loss_or_penalty,0
SMS Spam,sms_spam,sms_spam_03903,contains_all_caps_or_exclamation_emphasis,0
SMS Spam,sms_spam,sms_spam_03903,asks_click_link,0
SMS Spam,sms_spam,sms_spam_03903,asks_user_reply_or_call,0
SMS Spam,sms_spam,sms_spam_03903,requests_personal_information,0
SMS Spam,sms_spam,sms_spam_03903,requests_immediate_action,0
SMS Spam,sms_spam,sms_spam_03903,normal_personal_conversation,1
SMS Spam,sms_spam,sms_spam_03903,mentions_meeting_family_friends,1
SMS Spam,sms_spam,sms_spam_03903,uses_casual_emotional_language,1
SMS Spam,sms_spam,sms_spam_03903,refers_previous_conversation,1
SMS Spam,sms_spam,sms_spam_03764,mentions_prize_reward_gift,1
SMS Spam,sms_spam,sms_spam_03764,claims_winner_or_selected,1
SMS Spam,sms_spam,sms_spam_03764,impersonates_official_entity,1
SMS Spam,sms_spam,sms_spam_03764,uses_promotional_or_marketing_claim,1
SMS Spam,sms_spam,sms_spam_03764,mentions_money_payment,1
SMS Spam,sms_spam,sms_spam_03764,mentions_free_offer,0
SMS Spam,sms_spam,sms_spam_03764,mentions_discount_or_rate,0
SMS Spam,sms_spam,sms_spam_03764,mentions_financial_gain_or_cost,1
SMS Spam,sms_spam,sms_spam_03764,creates_urgency,1
SMS Spam,sms_spam,sms_spam_03764,uses_deadline_or_expiry,1
SMS Spam,sms_spam,sms_spam_03764,threatens_loss_or_penalty,0
SMS Spam,sms_spam,sms_spam_03764,contains_all_caps_or_exclamation_emphasis,0
SMS Spam,sms_spam,sms_spam_03764,asks_click_link,0
SMS Spam,sms_spam,sms_spam_03764,asks_user_reply_or_call,1
SMS Spam,sms_spam,sms_spam_03764,requests_personal_information,0
SMS Spam,sms_spam,sms_spam_03764,requests_immediate_action,0
SMS Spam,sms_spam,sms_spam_03764,normal_personal_conversation,0
SMS Spam,sms_spam,sms_spam_03764,mentions_meeting_family_friends,0
SMS Spam,sms_spam,sms_spam_03764,uses_casual_emotional_language,0
SMS Spam,sms_spam,sms_spam_03764,refers_previous_conversation,0
SMS Spam,sms_spam,sms_spam_04506,mentions_prize_reward_gift,0
SMS Spam,sms_spam,sms_spam_04506,claims_winner_or_selected,0
SMS Spam,sms_spam,sms_spam_04506,impersonates_official_entity,0
SMS Spam,sms_spam,sms_spam_04506,uses_promotional_or_marketing_claim,0
SMS Spam,sms_spam,sms_spam_04506,mentions_money_payment,0
SMS Spam,sms_spam,sms_spam_04506,mentions_free_offer,0
SMS Spam,sms_spam,sms_spam_04506,mentions_discount_or_rate,0
SMS Spam,sms_spam,sms_spam_04506,mentions_financial_gain_or_cost,0
SMS Spam,sms_spam,sms_spam_04506,creates_urgency,0
SMS Spam,sms_spam,sms_spam_04506,uses_deadline_or_expiry,0
SMS Spam,sms_spam,sms_spam_04506,threatens_loss_or_penalty,0
SMS Spam,sms_spam,sms_spam_04506,contains_all_caps_or_exclamation_emphasis,0
SMS Spam,sms_spam,sms_spam_04506,asks_click_link,0
SMS Spam,sms_spam,sms_spam_04506,asks_user_reply_or_call,0
SMS Spam,sms_spam,sms_spam_04506,requests_personal_information,0
SMS Spam,sms_spam,sms_spam_04506,requests_immediate_action,0
SMS Spam,sms_spam,sms_spam_04506,normal_personal_conversation,1
SMS Spam,sms_spam,sms_spam_04506,mentions_meeting_family_friends,1
SMS Spam,sms_spam,sms_spam_04506,uses_casual_emotional_language,1
SMS Spam,sms_spam,sms_spam_04506,refers_previous_conversation,1
SMS Spam,sms_spam,sms_spam_01395,mentions_prize_reward_gift,0
SMS Spam,sms_spam,sms_spam_01395,claims_winner_or_selected,0
SMS Spam,sms_spam,sms_spam_01395,impersonates_official_entity,0
SMS Spam,sms_spam,sms_spam_01395,uses_promotional_or_marketing_claim,0
SMS Spam,sms_spam,sms_spam_01395,mentions_money_payment,0
SMS Spam,sms_spam,sms_spam_01395,mentions_free_offer,0
SMS Spam,sms_spam,sms_spam_01395,mentions_discount_or_rate,0
SMS Spam,sms_spam,sms_spam_01395,mentions_financial_gain_or_cost,0
SMS Spam,sms_spam,sms_spam_01395,creates_urgency,0
SMS Spam,sms_spam,sms_spam_01395,uses_deadline_or_expiry,0
SMS Spam,sms_spam,sms_spam_01395,threatens_loss_or_penalty,0
SMS Spam,sms_spam,sms_spam_01395,contains_all_caps_or_exclamation_emphasis,0
SMS Spam,sms_spam,sms_spam_01395,asks_click_link,0
SMS Spam,sms_spam,sms_spam_01395,asks_user_reply_or_call,0
SMS Spam,sms_spam,sms_spam_01395,requests_personal_information,0
SMS Spam,sms_spam,sms_spam_01395,requests_immediate_action,0
SMS Spam,sms_spam,sms_spam_01395,normal_personal_conversation,1
SMS Spam,sms_spam,sms_spam_01395,mentions_meeting_family_friends,1
SMS Spam,sms_spam,sms_spam_01395,uses_casual_emotional_language,1
SMS Spam,sms_spam,sms_spam_01395,refers_previous_conversation,1
SMS Spam,sms_spam,sms_spam_04867,mentions_prize_reward_gift,0
SMS Spam,sms_spam,sms_spam_04867,claims_winner_or_selected,0
SMS Spam,sms_spam,sms_spam_04867,impersonates_official_entity,0
SMS Spam,sms_spam,sms_spam_04867,uses_promotional_or_marketing_claim,0
SMS Spam,sms_spam,sms_spam_04867,mentions_money_payment,0
SMS Spam,sms_spam,sms_spam_04867,mentions_free_offer,0
SMS Spam,sms_spam,sms_spam_04867,mentions_discount_or_rate,0
SMS Spam,sms_spam,sms_spam_04867,mentions_financial_gain_or_cost,0
SMS Spam,sms_spam,sms_spam_04867,creates_urgency,0
SMS Spam,sms_spam,sms_spam_04867,uses_deadline_or_expiry,0
SMS Spam,sms_spam,sms_spam_04867,threatens_loss_or_penalty,0
SMS Spam,sms_spam,sms_spam_04867,contains_all_caps_or_exclamation_emphasis,0
SMS Spam,sms_spam,sms_spam_04867,asks_click_link,0
SMS Spam,sms_spam,sms_spam_04867,asks_user_reply_or_call,0
SMS Spam,sms_spam,sms_spam_04867,requests_personal_information,0
SMS Spam,sms_spam,sms_spam_04867,requests_immediate_action,0
SMS Spam,sms_spam,sms_spam_04867,normal_personal_conversation,1
SMS Spam,sms_spam,sms_spam_04867,mentions_meeting_family_friends,0
SMS Spam,sms_spam,sms_spam_04867,uses_casual_emotional_language,1
SMS Spam,sms_spam,sms_spam_04867,refers_previous_conversation,1
SMS Spam,sms_spam,sms_spam_04728,mentions_prize_reward_gift,1
SMS Spam,sms_spam,sms_spam_04728,claims_winner_or_selected,1
SMS Spam,sms_spam,sms_spam_04728,impersonates_official_entity,1
SMS Spam,sms_spam,sms_spam_04728,uses_promotional_or_marketing_claim,1
SMS Spam,sms_spam,sms_spam_04728,mentions_money_payment,1
SMS Spam,sms_spam,sms_spam_04728,mentions_free_offer,0
SMS Spam,sms_spam,sms_spam_04728,mentions_discount_or_rate,1
SMS Spam,sms_spam,sms_spam_04728,mentions_financial_gain_or_cost,1
SMS Spam,sms_spam,sms_spam_04728,creates_urgency,1
SMS Spam,sms_spam,sms_spam_04728,uses_deadline_or_expiry,0
SMS Spam,sms_spam,sms_spam_04728,threatens_loss_or_penalty,0
SMS Spam,sms_spam,sms_spam_04728,contains_all_caps_or_exclamation_emphasis,1
SMS Spam,sms_spam,sms_spam_04728,asks_click_link,0
SMS Spam,sms_spam,sms_spam_04728,asks_user_reply_or_call,1
SMS Spam,sms_spam,sms_spam_04728,requests_personal_information,0
SMS Spam,sms_spam,sms_spam_04728,requests_immediate_action,1
SMS Spam,sms_spam,sms_spam_04728,normal_personal_conversation,0
SMS Spam,sms_spam,sms_spam_04728,mentions_meeting_family_friends,0
SMS Spam,sms_spam,sms_spam_04728,uses_casual_emotional_language,0
SMS Spam,sms_spam,sms_spam_04728,refers_previous_conversation,0
SMS Spam,sms_spam,sms_spam_01716,mentions_prize_reward_gift,1
SMS Spam,sms_spam,sms_spam_01716,claims_winner_or_selected,0
SMS Spam,sms_spam,sms_spam_01716,impersonates_official_entity,0
SMS Spam,sms_spam,sms_spam_01716,uses_promotional_or_marketing_claim,1
SMS Spam,sms_spam,sms_spam_01716,mentions_money_payment,0
SMS Spam,sms_spam,sms_spam_01716,mentions_free_offer,0
SMS Spam,sms_spam,sms_spam_01716,mentions_discount_or_rate,0
SMS Spam,sms_spam,sms_spam_01716,mentions_financial_gain_or_cost,0
SMS Spam,sms_spam,sms_spam_01716,creates_urgency,0
SMS Spam,sms_spam,sms_spam_01716,uses_deadline_or_expiry,0
SMS Spam,sms_spam,sms_spam_01716,threatens_loss_or_penalty,0
SMS Spam,sms_spam,sms_spam_01716,contains_all_caps_or_exclamation_emphasis,1
SMS Spam,sms_spam,sms_spam_01716,asks_click_link,0
SMS Spam,sms_spam,sms_spam_01716,asks_user_reply_or_call,1
SMS Spam,sms_spam,sms_spam_01716,requests_personal_information,0
SMS Spam,sms_spam,sms_spam_01716,requests_immediate_action,0
SMS Spam,sms_spam,sms_spam_01716,normal_personal_conversation,0
SMS Spam,sms_spam,sms_spam_01716,mentions_meeting_family_friends,0
SMS Spam,sms_spam,sms_spam_01716,uses_casual_emotional_language,0
SMS Spam,sms_spam,sms_spam_01716,refers_previous_conversation,0
SST-2,sst2,sst2_03982,expresses_positive_emotion,1
SST-2,sst2,sst2_03982,contains_praise,0
SST-2,sst2,sst2_03982,mentions_enjoyment,0
SST-2,sst2,sst2_03982,describes_high_quality,0
SST-2,sst2,sst2_03982,expresses_negative_emotion,1
SST-2,sst2,sst2_03982,contains_criticism,1
SST-2,sst2,sst2_03982,mentions_disappointment,0
SST-2,sst2,sst2_03982,describes_low_quality,0
SST-2,sst2,sst2_03982,mentions_good_acting_or_writing,0
SST-2,sst2,sst2_03982,mentions_bad_acting_or_writing,0
SST-2,sst2,sst2_03982,contains_comparison,0
SST-2,sst2,sst2_03982,uses_strong_opinion,1
SST-2,sst2,sst2_03982,contains_irony_or_sarcasm,0
SST-2,sst2,sst2_03982,contains_mixed_sentiment,1
SST-2,sst2,sst2_03982,sounds_uncertain,0
SST-2,sst2,sst2_03982,uses_emotional_language,1
SST-2,sst2,sst2_03982,contains_recommendation,0
SST-2,sst2,sst2_03982,mentions_exciting_content,0
SST-2,sst2,sst2_03982,mentions_boredom,0
SST-2,sst2,sst2_03982,sounds_confident,1
SST-2,sst2,sst2_04994,expresses_positive_emotion,0
SST-2,sst2,sst2_04994,contains_praise,0
SST-2,sst2,sst2_04994,mentions_enjoyment,0
SST-2,sst2,sst2_04994,describes_high_quality,0
SST-2,sst2,sst2_04994,expresses_negative_emotion,1
SST-2,sst2,sst2_04994,contains_criticism,1
SST-2,sst2,sst2_04994,mentions_disappointment,0
SST-2,sst2,sst2_04994,describes_low_quality,1
SST-2,sst2,sst2_04994,mentions_good_acting_or_writing,0
SST-2,sst2,sst2_04994,mentions_bad_acting_or_writing,0
SST-2,sst2,sst2_04994,contains_comparison,0
SST-2,sst2,sst2_04994,uses_strong_opinion,1
SST-2,sst2,sst2_04994,contains_irony_or_sarcasm,1
SST-2,sst2,sst2_04994,contains_mixed_sentiment,0
SST-2,sst2,sst2_04994,sounds_uncertain,0
SST-2,sst2,sst2_04994,uses_emotional_language,1
SST-2,sst2,sst2_04994,contains_recommendation,0
SST-2,sst2,sst2_04994,mentions_exciting_content,0
SST-2,sst2,sst2_04994,mentions_boredom,0
SST-2,sst2,sst2_04994,sounds_confident,1
SST-2,sst2,sst2_01039,expresses_positive_emotion,1
SST-2,sst2,sst2_01039,contains_praise,1
SST-2,sst2,sst2_01039,mentions_enjoyment,0
SST-2,sst2,sst2_01039,describes_high_quality,1
SST-2,sst2,sst2_01039,expresses_negative_emotion,0
SST-2,sst2,sst2_01039,contains_criticism,0
SST-2,sst2,sst2_01039,mentions_disappointment,0
SST-2,sst2,sst2_01039,describes_low_quality,0
SST-2,sst2,sst2_01039,mentions_good_acting_or_writing,0
SST-2,sst2,sst2_01039,mentions_bad_acting_or_writing,0
SST-2,sst2,sst2_01039,contains_comparison,0
SST-2,sst2,sst2_01039,uses_strong_opinion,0
SST-2,sst2,sst2_01039,contains_irony_or_sarcasm,0
SST-2,sst2,sst2_01039,contains_mixed_sentiment,0
SST-2,sst2,sst2_01039,sounds_uncertain,0
SST-2,sst2,sst2_01039,uses_emotional_language,0
SST-2,sst2,sst2_01039,contains_recommendation,0
SST-2,sst2,sst2_01039,mentions_exciting_content,1
SST-2,sst2,sst2_01039,mentions_boredom,0
SST-2,sst2,sst2_01039,sounds_confident,1
SST-2,sst2,sst2_01154,expresses_positive_emotion,1
SST-2,sst2,sst2_01154,contains_praise,1
SST-2,sst2,sst2_01154,mentions_enjoyment,1
SST-2,sst2,sst2_01154,describes_high_quality,1
SST-2,sst2,sst2_01154,expresses_negative_emotion,0
SST-2,sst2,sst2_01154,contains_criticism,0
SST-2,sst2,sst2_01154,mentions_disappointment,0
SST-2,sst2,sst2_01154,describes_low_quality,0
SST-2,sst2,sst2_01154,mentions_good_acting_or_writing,0
SST-2,sst2,sst2_01154,mentions_bad_acting_or_writing,0
SST-2,sst2,sst2_01154,contains_comparison,1
SST-2,sst2,sst2_01154,uses_strong_opinion,1
SST-2,sst2,sst2_01154,contains_irony_or_sarcasm,0
SST-2,sst2,sst2_01154,contains_mixed_sentiment,0
SST-2,sst2,sst2_01154,sounds_uncertain,0
SST-2,sst2,sst2_01154,uses_emotional_language,1
SST-2,sst2,sst2_01154,contains_recommendation,0
SST-2,sst2,sst2_01154,mentions_exciting_content,1
SST-2,sst2,sst2_01154,mentions_boredom,0
SST-2,sst2,sst2_01154,sounds_confident,1
SST-2,sst2,sst2_03271,expresses_positive_emotion,0
SST-2,sst2,sst2_03271,contains_praise,0
SST-2,sst2,sst2_03271,mentions_enjoyment,0
SST-2,sst2,sst2_03271,describes_high_quality,0
SST-2,sst2,sst2_03271,expresses_negative_emotion,1
SST-2,sst2,sst2_03271,contains_criticism,1
SST-2,sst2,sst2_03271,mentions_disappointment,1
SST-2,sst2,sst2_03271,describes_low_quality,1
SST-2,sst2,sst2_03271,mentions_good_acting_or_writing,0
SST-2,sst2,sst2_03271,mentions_bad_acting_or_writing,1
SST-2,sst2,sst2_03271,contains_comparison,0
SST-2,sst2,sst2_03271,uses_strong_opinion,1
SST-2,sst2,sst2_03271,contains_irony_or_sarcasm,0
SST-2,sst2,sst2_03271,contains_mixed_sentiment,0
SST-2,sst2,sst2_03271,sounds_uncertain,0
SST-2,sst2,sst2_03271,uses_emotional_language,0
SST-2,sst2,sst2_03271,contains_recommendation,0
SST-2,sst2,sst2_03271,mentions_exciting_content,0
SST-2,sst2,sst2_03271,mentions_boredom,1
SST-2,sst2,sst2_03271,sounds_confident,1
SST-2,sst2,sst2_02908,expresses_positive_emotion,0
SST-2,sst2,sst2_02908,contains_praise,0
SST-2,sst2,sst2_02908,mentions_enjoyment,0
SST-2,sst2,sst2_02908,describes_high_quality,0
SST-2,sst2,sst2_02908,expresses_negative_emotion,1
SST-2,sst2,sst2_02908,contains_criticism,1
SST-2,sst2,sst2_02908,mentions_disappointment,0
SST-2,sst2,sst2_02908,describes_low_quality,1
SST-2,sst2,sst2_02908,mentions_good_acting_or_writing,0
SST-2,sst2,sst2_02908,mentions_bad_acting_or_writing,0
SST-2,sst2,sst2_02908,contains_comparison,0
SST-2,sst2,sst2_02908,uses_strong_opinion,1
SST-2,sst2,sst2_02908,contains_irony_or_sarcasm,0
SST-2,sst2,sst2_02908,contains_mixed_sentiment,0
SST-2,sst2,sst2_02908,sounds_uncertain,0
SST-2,sst2,sst2_02908,uses_emotional_language,1
SST-2,sst2,sst2_02908,contains_recommendation,0
SST-2,sst2,sst2_02908,mentions_exciting_content,0
SST-2,sst2,sst2_02908,mentions_boredom,1
SST-2,sst2,sst2_02908,sounds_confident,1
SST-2,sst2,sst2_00852,expresses_positive_emotion,1
SST-2,sst2,sst2_00852,contains_praise,1
SST-2,sst2,sst2_00852,mentions_enjoyment,0
SST-2,sst2,sst2_00852,describes_high_quality,1
SST-2,sst2,sst2_00852,expresses_negative_emotion,0
SST-2,sst2,sst2_00852,contains_criticism,0
SST-2,sst2,sst2_00852,mentions_disappointment,0
SST-2,sst2,sst2_00852,describes_low_quality,0
SST-2,sst2,sst2_00852,mentions_good_acting_or_writing,0
SST-2,sst2,sst2_00852,mentions_bad_acting_or_writing,0
SST-2,sst2,sst2_00852,contains_comparison,1
SST-2,sst2,sst2_00852,uses_strong_opinion,1
SST-2,sst2,sst2_00852,contains_irony_or_sarcasm,0
SST-2,sst2,sst2_00852,contains_mixed_sentiment,1
SST-2,sst2,sst2_00852,sounds_uncertain,0
SST-2,sst2,sst2_00852,uses_emotional_language,0
SST-2,sst2,sst2_00852,contains_recommendation,0
SST-2,sst2,sst2_00852,mentions_exciting_content,0
SST-2,sst2,sst2_00852,mentions_boredom,0
SST-2,sst2,sst2_00852,sounds_confident,1
SST-2,sst2,sst2_02758,expresses_positive_emotion,1
SST-2,sst2,sst2_02758,contains_praise,1
SST-2,sst2,sst2_02758,mentions_enjoyment,0
SST-2,sst2,sst2_02758,describes_high_quality,0
SST-2,sst2,sst2_02758,expresses_negative_emotion,0
SST-2,sst2,sst2_02758,contains_criticism,0
SST-2,sst2,sst2_02758,mentions_disappointment,0
SST-2,sst2,sst2_02758,describes_low_quality,0
SST-2,sst2,sst2_02758,mentions_good_acting_or_writing,0
SST-2,sst2,sst2_02758,mentions_bad_acting_or_writing,0
SST-2,sst2,sst2_02758,contains_comparison,0
SST-2,sst2,sst2_02758,uses_strong_opinion,0
SST-2,sst2,sst2_02758,contains_irony_or_sarcasm,0
SST-2,sst2,sst2_02758,contains_mixed_sentiment,0
SST-2,sst2,sst2_02758,sounds_uncertain,0
SST-2,sst2,sst2_02758,uses_emotional_language,1
SST-2,sst2,sst2_02758,contains_recommendation,0
SST-2,sst2,sst2_02758,mentions_exciting_content,1
SST-2,sst2,sst2_02758,mentions_boredom,0
SST-2,sst2,sst2_02758,sounds_confident,0
SST-2,sst2,sst2_02470,expresses_positive_emotion,1
SST-2,sst2,sst2_02470,contains_praise,0
SST-2,sst2,sst2_02470,mentions_enjoyment,0
SST-2,sst2,sst2_02470,describes_high_quality,1
SST-2,sst2,sst2_02470,expresses_negative_emotion,0
SST-2,sst2,sst2_02470,contains_criticism,0
SST-2,sst2,sst2_02470,mentions_disappointment,0
SST-2,sst2,sst2_02470,describes_low_quality,0
SST-2,sst2,sst2_02470,mentions_good_acting_or_writing,0
SST-2,sst2,sst2_02470,mentions_bad_acting_or_writing,0
SST-2,sst2,sst2_02470,contains_comparison,0
SST-2,sst2,sst2_02470,uses_strong_opinion,0
SST-2,sst2,sst2_02470,contains_irony_or_sarcasm,0
SST-2,sst2,sst2_02470,contains_mixed_sentiment,0
SST-2,sst2,sst2_02470,sounds_uncertain,0
SST-2,sst2,sst2_02470,uses_emotional_language,0
SST-2,sst2,sst2_02470,contains_recommendation,0
SST-2,sst2,sst2_02470,mentions_exciting_content,0
SST-2,sst2,sst2_02470,mentions_boredom,0
SST-2,sst2,sst2_02470,sounds_confident,0
SST-2,sst2,sst2_04900,expresses_positive_emotion,0
SST-2,sst2,sst2_04900,contains_praise,0
SST-2,sst2,sst2_04900,mentions_enjoyment,0
SST-2,sst2,sst2_04900,describes_high_quality,0
SST-2,sst2,sst2_04900,expresses_negative_emotion,1
SST-2,sst2,sst2_04900,contains_criticism,1
SST-2,sst2,sst2_04900,mentions_disappointment,0
SST-2,sst2,sst2_04900,describes_low_quality,1
SST-2,sst2,sst2_04900,mentions_good_acting_or_writing,0
SST-2,sst2,sst2_04900,mentions_bad_acting_or_writing,1
SST-2,sst2,sst2_04900,contains_comparison,0
SST-2,sst2,sst2_04900,uses_strong_opinion,1
SST-2,sst2,sst2_04900,contains_irony_or_sarcasm,0
SST-2,sst2,sst2_04900,contains_mixed_sentiment,0
SST-2,sst2,sst2_04900,sounds_uncertain,0
SST-2,sst2,sst2_04900,uses_emotional_language,0
SST-2,sst2,sst2_04900,contains_recommendation,0
SST-2,sst2,sst2_04900,mentions_exciting_content,0
SST-2,sst2,sst2_04900,mentions_boredom,0
SST-2,sst2,sst2_04900,sounds_confident,1
SST-2,sst2,sst2_00058,expresses_positive_emotion,1
SST-2,sst2,sst2_00058,contains_praise,1
SST-2,sst2,sst2_00058,mentions_enjoyment,0
SST-2,sst2,sst2_00058,describes_high_quality,0
SST-2,sst2,sst2_00058,expresses_negative_emotion,0
SST-2,sst2,sst2_00058,contains_criticism,0
SST-2,sst2,sst2_00058,mentions_disappointment,0
SST-2,sst2,sst2_00058,describes_low_quality,0
SST-2,sst2,sst2_00058,mentions_good_acting_or_writing,0
SST-2,sst2,sst2_00058,mentions_bad_acting_or_writing,0
SST-2,sst2,sst2_00058,contains_comparison,0
SST-2,sst2,sst2_00058,uses_strong_opinion,0
SST-2,sst2,sst2_00058,contains_irony_or_sarcasm,0
SST-2,sst2,sst2_00058,contains_mixed_sentiment,0
SST-2,sst2,sst2_00058,sounds_uncertain,0
SST-2,sst2,sst2_00058,uses_emotional_language,0
SST-2,sst2,sst2_00058,contains_recommendation,0
SST-2,sst2,sst2_00058,mentions_exciting_content,0
SST-2,sst2,sst2_00058,mentions_boredom,0
SST-2,sst2,sst2_00058,sounds_confident,1
SST-2,sst2,sst2_04882,expresses_positive_emotion,1
SST-2,sst2,sst2_04882,contains_praise,0
SST-2,sst2,sst2_04882,mentions_enjoyment,0
SST-2,sst2,sst2_04882,describes_high_quality,1
SST-2,sst2,sst2_04882,expresses_negative_emotion,0
SST-2,sst2,sst2_04882,contains_criticism,0
SST-2,sst2,sst2_04882,mentions_disappointment,0
SST-2,sst2,sst2_04882,describes_low_quality,0
SST-2,sst2,sst2_04882,mentions_good_acting_or_writing,0
SST-2,sst2,sst2_04882,mentions_bad_acting_or_writing,0
SST-2,sst2,sst2_04882,contains_comparison,0
SST-2,sst2,sst2_04882,uses_strong_opinion,0
SST-2,sst2,sst2_04882,contains_irony_or_sarcasm,0
SST-2,sst2,sst2_04882,contains_mixed_sentiment,0
SST-2,sst2,sst2_04882,sounds_uncertain,0
SST-2,sst2,sst2_04882,uses_emotional_language,0
SST-2,sst2,sst2_04882,contains_recommendation,0
SST-2,sst2,sst2_04882,mentions_exciting_content,0
SST-2,sst2,sst2_04882,mentions_boredom,0
SST-2,sst2,sst2_04882,sounds_confident,1
SST-2,sst2,sst2_04815,expresses_positive_emotion,0
SST-2,sst2,sst2_04815,contains_praise,0
SST-2,sst2,sst2_04815,mentions_enjoyment,0
SST-2,sst2,sst2_04815,describes_high_quality,0
SST-2,sst2,sst2_04815,expresses_negative_emotion,0
SST-2,sst2,sst2_04815,contains_criticism,0
SST-2,sst2,sst2_04815,mentions_disappointment,0
SST-2,sst2,sst2_04815,describes_low_quality,0
SST-2,sst2,sst2_04815,mentions_good_acting_or_writing,0
SST-2,sst2,sst2_04815,mentions_bad_acting_or_writing,0
SST-2,sst2,sst2_04815,contains_comparison,0
SST-2,sst2,sst2_04815,uses_strong_opinion,0
SST-2,sst2,sst2_04815,contains_irony_or_sarcasm,0
SST-2,sst2,sst2_04815,contains_mixed_sentiment,0
SST-2,sst2,sst2_04815,sounds_uncertain,0
SST-2,sst2,sst2_04815,uses_emotional_language,0
SST-2,sst2,sst2_04815,contains_recommendation,0
SST-2,sst2,sst2_04815,mentions_exciting_content,0
SST-2,sst2,sst2_04815,mentions_boredom,0
SST-2,sst2,sst2_04815,sounds_confident,0
SST-2,sst2,sst2_03681,expresses_positive_emotion,0
SST-2,sst2,sst2_03681,contains_praise,0
SST-2,sst2,sst2_03681,mentions_enjoyment,0
SST-2,sst2,sst2_03681,describes_high_quality,0
SST-2,sst2,sst2_03681,expresses_negative_emotion,0
SST-2,sst2,sst2_03681,contains_criticism,0
SST-2,sst2,sst2_03681,mentions_disappointment,0
SST-2,sst2,sst2_03681,describes_low_quality,0
SST-2,sst2,sst2_03681,mentions_good_acting_or_writing,0
SST-2,sst2,sst2_03681,mentions_bad_acting_or_writing,0
SST-2,sst2,sst2_03681,contains_comparison,0
SST-2,sst2,sst2_03681,uses_strong_opinion,0
SST-2,sst2,sst2_03681,contains_irony_or_sarcasm,0
SST-2,sst2,sst2_03681,contains_mixed_sentiment,0
SST-2,sst2,sst2_03681,sounds_uncertain,0
SST-2,sst2,sst2_03681,uses_emotional_language,0
SST-2,sst2,sst2_03681,contains_recommendation,0
SST-2,sst2,sst2_03681,mentions_exciting_content,0
SST-2,sst2,sst2_03681,mentions_boredom,0
SST-2,sst2,sst2_03681,sounds_confident,0
SST-2,sst2,sst2_02750,expresses_positive_emotion,0
SST-2,sst2,sst2_02750,contains_praise,0
SST-2,sst2,sst2_02750,mentions_enjoyment,0
SST-2,sst2,sst2_02750,describes_high_quality,0
SST-2,sst2,sst2_02750,expresses_negative_emotion,1
SST-2,sst2,sst2_02750,contains_criticism,1
SST-2,sst2,sst2_02750,mentions_disappointment,1
SST-2,sst2,sst2_02750,describes_low_quality,1
SST-2,sst2,sst2_02750,mentions_good_acting_or_writing,0
SST-2,sst2,sst2_02750,mentions_bad_acting_or_writing,1
SST-2,sst2,sst2_02750,contains_comparison,0
SST-2,sst2,sst2_02750,uses_strong_opinion,1
SST-2,sst2,sst2_02750,contains_irony_or_sarcasm,0
SST-2,sst2,sst2_02750,contains_mixed_sentiment,0
SST-2,sst2,sst2_02750,sounds_uncertain,0
SST-2,sst2,sst2_02750,uses_emotional_language,1
SST-2,sst2,sst2_02750,contains_recommendation,0
SST-2,sst2,sst2_02750,mentions_exciting_content,0
SST-2,sst2,sst2_02750,mentions_boredom,0
SST-2,sst2,sst2_02750,sounds_confident,1
SST-2,sst2,sst2_01103,expresses_positive_emotion,1
SST-2,sst2,sst2_01103,contains_praise,1
SST-2,sst2,sst2_01103,mentions_enjoyment,0
SST-2,sst2,sst2_01103,describes_high_quality,1
SST-2,sst2,sst2_01103,expresses_negative_emotion,0
SST-2,sst2,sst2_01103,contains_criticism,0
SST-2,sst2,sst2_01103,mentions_disappointment,0
SST-2,sst2,sst2_01103,describes_low_quality,0
SST-2,sst2,sst2_01103,mentions_good_acting_or_writing,0
SST-2,sst2,sst2_01103,mentions_bad_acting_or_writing,0
SST-2,sst2,sst2_01103,contains_comparison,0
SST-2,sst2,sst2_01103,uses_strong_opinion,1
SST-2,sst2,sst2_01103,contains_irony_or_sarcasm,0
SST-2,sst2,sst2_01103,contains_mixed_sentiment,0
SST-2,sst2,sst2_01103,sounds_uncertain,0
SST-2,sst2,sst2_01103,uses_emotional_language,1
SST-2,sst2,sst2_01103,contains_recommendation,0
SST-2,sst2,sst2_01103,mentions_exciting_content,1
SST-2,sst2,sst2_01103,mentions_boredom,0
SST-2,sst2,sst2_01103,sounds_confident,1
SST-2,sst2,sst2_00528,expresses_positive_emotion,0
SST-2,sst2,sst2_00528,contains_praise,0
SST-2,sst2,sst2_00528,mentions_enjoyment,0
SST-2,sst2,sst2_00528,describes_high_quality,0
SST-2,sst2,sst2_00528,expresses_negative_emotion,0
SST-2,sst2,sst2_00528,contains_criticism,0
SST-2,sst2,sst2_00528,mentions_disappointment,0
SST-2,sst2,sst2_00528,describes_low_quality,0
SST-2,sst2,sst2_00528,mentions_good_acting_or_writing,0
SST-2,sst2,sst2_00528,mentions_bad_acting_or_writing,0
SST-2,sst2,sst2_00528,contains_comparison,0
SST-2,sst2,sst2_00528,uses_strong_opinion,0
SST-2,sst2,sst2_00528,contains_irony_or_sarcasm,0
SST-2,sst2,sst2_00528,contains_mixed_sentiment,0
SST-2,sst2,sst2_00528,sounds_uncertain,0
SST-2,sst2,sst2_00528,uses_emotional_language,0
SST-2,sst2,sst2_00528,contains_recommendation,0
SST-2,sst2,sst2_00528,mentions_exciting_content,0
SST-2,sst2,sst2_00528,mentions_boredom,0
SST-2,sst2,sst2_00528,sounds_confident,0
SST-2,sst2,sst2_01047,expresses_positive_emotion,0
SST-2,sst2,sst2_01047,contains_praise,0
SST-2,sst2,sst2_01047,mentions_enjoyment,0
SST-2,sst2,sst2_01047,describes_high_quality,0
SST-2,sst2,sst2_01047,expresses_negative_emotion,1
SST-2,sst2,sst2_01047,contains_criticism,1
SST-2,sst2,sst2_01047,mentions_disappointment,1
SST-2,sst2,sst2_01047,describes_low_quality,1
SST-2,sst2,sst2_01047,mentions_good_acting_or_writing,0
SST-2,sst2,sst2_01047,mentions_bad_acting_or_writing,0
SST-2,sst2,sst2_01047,contains_comparison,0
SST-2,sst2,sst2_01047,uses_strong_opinion,1
SST-2,sst2,sst2_01047,contains_irony_or_sarcasm,0
SST-2,sst2,sst2_01047,contains_mixed_sentiment,0
SST-2,sst2,sst2_01047,sounds_uncertain,0
SST-2,sst2,sst2_01047,uses_emotional_language,0
SST-2,sst2,sst2_01047,contains_recommendation,0
SST-2,sst2,sst2_01047,mentions_exciting_content,0
SST-2,sst2,sst2_01047,mentions_boredom,1
SST-2,sst2,sst2_01047,sounds_confident,1
SST-2,sst2,sst2_04248,expresses_positive_emotion,1
SST-2,sst2,sst2_04248,contains_praise,1
SST-2,sst2,sst2_04248,mentions_enjoyment,0
SST-2,sst2,sst2_04248,describes_high_quality,1
SST-2,sst2,sst2_04248,expresses_negative_emotion,0
SST-2,sst2,sst2_04248,contains_criticism,0
SST-2,sst2,sst2_04248,mentions_disappointment,0
SST-2,sst2,sst2_04248,describes_low_quality,0
SST-2,sst2,sst2_04248,mentions_good_acting_or_writing,0
SST-2,sst2,sst2_04248,mentions_bad_acting_or_writing,0
SST-2,sst2,sst2_04248,contains_comparison,0
SST-2,sst2,sst2_04248,uses_strong_opinion,1
SST-2,sst2,sst2_04248,contains_irony_or_sarcasm,0
SST-2,sst2,sst2_04248,contains_mixed_sentiment,0
SST-2,sst2,sst2_04248,sounds_uncertain,0
SST-2,sst2,sst2_04248,uses_emotional_language,1
SST-2,sst2,sst2_04248,contains_recommendation,0
SST-2,sst2,sst2_04248,mentions_exciting_content,0
SST-2,sst2,sst2_04248,mentions_boredom,0
SST-2,sst2,sst2_04248,sounds_confident,1
SST-2,sst2,sst2_04990,expresses_positive_emotion,0
SST-2,sst2,sst2_04990,contains_praise,0
SST-2,sst2,sst2_04990,mentions_enjoyment,0
SST-2,sst2,sst2_04990,describes_high_quality,0
SST-2,sst2,sst2_04990,expresses_negative_emotion,1
SST-2,sst2,sst2_04990,contains_criticism,1
SST-2,sst2,sst2_04990,mentions_disappointment,1
SST-2,sst2,sst2_04990,describes_low_quality,1
SST-2,sst2,sst2_04990,mentions_good_acting_or_writing,0
SST-2,sst2,sst2_04990,mentions_bad_acting_or_writing,1
SST-2,sst2,sst2_04990,contains_comparison,0
SST-2,sst2,sst2_04990,uses_strong_opinion,1
SST-2,sst2,sst2_04990,contains_irony_or_sarcasm,0
SST-2,sst2,sst2_04990,contains_mixed_sentiment,0
SST-2,sst2,sst2_04990,sounds_uncertain,0
SST-2,sst2,sst2_04990,uses_emotional_language,0
SST-2,sst2,sst2_04990,contains_recommendation,0
SST-2,sst2,sst2_04990,mentions_exciting_content,0
SST-2,sst2,sst2_04990,mentions_boredom,0
SST-2,sst2,sst2_04990,sounds_confident,1
SST-2,sst2,sst2_03242,expresses_positive_emotion,0
SST-2,sst2,sst2_03242,contains_praise,0
SST-2,sst2,sst2_03242,mentions_enjoyment,0
SST-2,sst2,sst2_03242,describes_high_quality,0
SST-2,sst2,sst2_03242,expresses_negative_emotion,0
SST-2,sst2,sst2_03242,contains_criticism,0
SST-2,sst2,sst2_03242,mentions_disappointment,0
SST-2,sst2,sst2_03242,describes_low_quality,0
SST-2,sst2,sst2_03242,mentions_good_acting_or_writing,0
SST-2,sst2,sst2_03242,mentions_bad_acting_or_writing,0
SST-2,sst2,sst2_03242,contains_comparison,0
SST-2,sst2,sst2_03242,uses_strong_opinion,0
SST-2,sst2,sst2_03242,contains_irony_or_sarcasm,0
SST-2,sst2,sst2_03242,contains_mixed_sentiment,0
SST-2,sst2,sst2_03242,sounds_uncertain,0
SST-2,sst2,sst2_03242,uses_emotional_language,0
SST-2,sst2,sst2_03242,contains_recommendation,0
SST-2,sst2,sst2_03242,mentions_exciting_content,0
SST-2,sst2,sst2_03242,mentions_boredom,0
SST-2,sst2,sst2_03242,sounds_confident,0
SST-2,sst2,sst2_04116,expresses_positive_emotion,0
SST-2,sst2,sst2_04116,contains_praise,0
SST-2,sst2,sst2_04116,mentions_enjoyment,0
SST-2,sst2,sst2_04116,describes_high_quality,0
SST-2,sst2,sst2_04116,expresses_negative_emotion,1
SST-2,sst2,sst2_04116,contains_criticism,1
SST-2,sst2,sst2_04116,mentions_disappointment,0
SST-2,sst2,sst2_04116,describes_low_quality,1
SST-2,sst2,sst2_04116,mentions_good_acting_or_writing,0
SST-2,sst2,sst2_04116,mentions_bad_acting_or_writing,0
SST-2,sst2,sst2_04116,contains_comparison,1
SST-2,sst2,sst2_04116,uses_strong_opinion,1
SST-2,sst2,sst2_04116,contains_irony_or_sarcasm,1
SST-2,sst2,sst2_04116,contains_mixed_sentiment,0
SST-2,sst2,sst2_04116,sounds_uncertain,0
SST-2,sst2,sst2_04116,uses_emotional_language,1
SST-2,sst2,sst2_04116,contains_recommendation,0
SST-2,sst2,sst2_04116,mentions_exciting_content,0
SST-2,sst2,sst2_04116,mentions_boredom,0
SST-2,sst2,sst2_04116,sounds_confident,1
SST-2,sst2,sst2_04057,expresses_positive_emotion,1
SST-2,sst2,sst2_04057,contains_praise,1
SST-2,sst2,sst2_04057,mentions_enjoyment,0
SST-2,sst2,sst2_04057,describes_high_quality,1
SST-2,sst2,sst2_04057,expresses_negative_emotion,0
SST-2,sst2,sst2_04057,contains_criticism,0
SST-2,sst2,sst2_04057,mentions_disappointment,0
SST-2,sst2,sst2_04057,describes_low_quality,0
SST-2,sst2,sst2_04057,mentions_good_acting_or_writing,0
SST-2,sst2,sst2_04057,mentions_bad_acting_or_writing,0
SST-2,sst2,sst2_04057,contains_comparison,0
SST-2,sst2,sst2_04057,uses_strong_opinion,1
SST-2,sst2,sst2_04057,contains_irony_or_sarcasm,0
SST-2,sst2,sst2_04057,contains_mixed_sentiment,0
SST-2,sst2,sst2_04057,sounds_uncertain,0
SST-2,sst2,sst2_04057,uses_emotional_language,0
SST-2,sst2,sst2_04057,contains_recommendation,0
SST-2,sst2,sst2_04057,mentions_exciting_content,0
SST-2,sst2,sst2_04057,mentions_boredom,0
SST-2,sst2,sst2_04057,sounds_confident,1
SST-2,sst2,sst2_03394,expresses_positive_emotion,1
SST-2,sst2,sst2_03394,contains_praise,1
SST-2,sst2,sst2_03394,mentions_enjoyment,0
SST-2,sst2,sst2_03394,describes_high_quality,1
SST-2,sst2,sst2_03394,expresses_negative_emotion,0
SST-2,sst2,sst2_03394,contains_criticism,0
SST-2,sst2,sst2_03394,mentions_disappointment,0
SST-2,sst2,sst2_03394,describes_low_quality,0
SST-2,sst2,sst2_03394,mentions_good_acting_or_writing,1
SST-2,sst2,sst2_03394,mentions_bad_acting_or_writing,0
SST-2,sst2,sst2_03394,contains_comparison,0
SST-2,sst2,sst2_03394,uses_strong_opinion,1
SST-2,sst2,sst2_03394,contains_irony_or_sarcasm,0
SST-2,sst2,sst2_03394,contains_mixed_sentiment,0
SST-2,sst2,sst2_03394,sounds_uncertain,0
SST-2,sst2,sst2_03394,uses_emotional_language,1
SST-2,sst2,sst2_03394,contains_recommendation,1
SST-2,sst2,sst2_03394,mentions_exciting_content,1
SST-2,sst2,sst2_03394,mentions_boredom,0
SST-2,sst2,sst2_03394,sounds_confident,1
SST-2,sst2,sst2_00145,expresses_positive_emotion,0
SST-2,sst2,sst2_00145,contains_praise,0
SST-2,sst2,sst2_00145,mentions_enjoyment,0
SST-2,sst2,sst2_00145,describes_high_quality,0
SST-2,sst2,sst2_00145,expresses_negative_emotion,0
SST-2,sst2,sst2_00145,contains_criticism,0
SST-2,sst2,sst2_00145,mentions_disappointment,0
SST-2,sst2,sst2_00145,describes_low_quality,0
SST-2,sst2,sst2_00145,mentions_good_acting_or_writing,0
SST-2,sst2,sst2_00145,mentions_bad_acting_or_writing,0
SST-2,sst2,sst2_00145,contains_comparison,0
SST-2,sst2,sst2_00145,uses_strong_opinion,0
SST-2,sst2,sst2_00145,contains_irony_or_sarcasm,0
SST-2,sst2,sst2_00145,contains_mixed_sentiment,0
SST-2,sst2,sst2_00145,sounds_uncertain,0
SST-2,sst2,sst2_00145,uses_emotional_language,0
SST-2,sst2,sst2_00145,contains_recommendation,0
SST-2,sst2,sst2_00145,mentions_exciting_content,0
SST-2,sst2,sst2_00145,mentions_boredom,0
SST-2,sst2,sst2_00145,sounds_confident,0
SST-2,sst2,sst2_01902,expresses_positive_emotion,1
SST-2,sst2,sst2_01902,contains_praise,0
SST-2,sst2,sst2_01902,mentions_enjoyment,0
SST-2,sst2,sst2_01902,describes_high_quality,0
SST-2,sst2,sst2_01902,expresses_negative_emotion,0
SST-2,sst2,sst2_01902,contains_criticism,0
SST-2,sst2,sst2_01902,mentions_disappointment,0
SST-2,sst2,sst2_01902,describes_low_quality,0
SST-2,sst2,sst2_01902,mentions_good_acting_or_writing,0
SST-2,sst2,sst2_01902,mentions_bad_acting_or_writing,0
SST-2,sst2,sst2_01902,contains_comparison,0
SST-2,sst2,sst2_01902,uses_strong_opinion,0
SST-2,sst2,sst2_01902,contains_irony_or_sarcasm,0
SST-2,sst2,sst2_01902,contains_mixed_sentiment,0
SST-2,sst2,sst2_01902,sounds_uncertain,0
SST-2,sst2,sst2_01902,uses_emotional_language,0
SST-2,sst2,sst2_01902,contains_recommendation,0
SST-2,sst2,sst2_01902,mentions_exciting_content,0
SST-2,sst2,sst2_01902,mentions_boredom,0
SST-2,sst2,sst2_01902,sounds_confident,0
SST-2,sst2,sst2_01766,expresses_positive_emotion,1
SST-2,sst2,sst2_01766,contains_praise,0
SST-2,sst2,sst2_01766,mentions_enjoyment,0
SST-2,sst2,sst2_01766,describes_high_quality,1
SST-2,sst2,sst2_01766,expresses_negative_emotion,0
SST-2,sst2,sst2_01766,contains_criticism,0
SST-2,sst2,sst2_01766,mentions_disappointment,0
SST-2,sst2,sst2_01766,describes_low_quality,0
SST-2,sst2,sst2_01766,mentions_good_acting_or_writing,0
SST-2,sst2,sst2_01766,mentions_bad_acting_or_writing,0
SST-2,sst2,sst2_01766,contains_comparison,0
SST-2,sst2,sst2_01766,uses_strong_opinion,0
SST-2,sst2,sst2_01766,contains_irony_or_sarcasm,0
SST-2,sst2,sst2_01766,contains_mixed_sentiment,0
SST-2,sst2,sst2_01766,sounds_uncertain,0
SST-2,sst2,sst2_01766,uses_emotional_language,0
SST-2,sst2,sst2_01766,contains_recommendation,0
SST-2,sst2,sst2_01766,mentions_exciting_content,0
SST-2,sst2,sst2_01766,mentions_boredom,0
SST-2,sst2,sst2_01766,sounds_confident,0
SST-2,sst2,sst2_03297,expresses_positive_emotion,0
SST-2,sst2,sst2_03297,contains_praise,0
SST-2,sst2,sst2_03297,mentions_enjoyment,0
SST-2,sst2,sst2_03297,describes_high_quality,0
SST-2,sst2,sst2_03297,expresses_negative_emotion,1
SST-2,sst2,sst2_03297,contains_criticism,1
SST-2,sst2,sst2_03297,mentions_disappointment,1
SST-2,sst2,sst2_03297,describes_low_quality,1
SST-2,sst2,sst2_03297,mentions_good_acting_or_writing,0
SST-2,sst2,sst2_03297,mentions_bad_acting_or_writing,0
SST-2,sst2,sst2_03297,contains_comparison,0
SST-2,sst2,sst2_03297,uses_strong_opinion,1
SST-2,sst2,sst2_03297,contains_irony_or_sarcasm,0
SST-2,sst2,sst2_03297,contains_mixed_sentiment,0
SST-2,sst2,sst2_03297,sounds_uncertain,0
SST-2,sst2,sst2_03297,uses_emotional_language,1
SST-2,sst2,sst2_03297,contains_recommendation,0
SST-2,sst2,sst2_03297,mentions_exciting_content,0
SST-2,sst2,sst2_03297,mentions_boredom,1
SST-2,sst2,sst2_03297,sounds_confident,1
SST-2,sst2,sst2_01229,expresses_positive_emotion,0
SST-2,sst2,sst2_01229,contains_praise,0
SST-2,sst2,sst2_01229,mentions_enjoyment,0
SST-2,sst2,sst2_01229,describes_high_quality,0
SST-2,sst2,sst2_01229,expresses_negative_emotion,1
SST-2,sst2,sst2_01229,contains_criticism,1
SST-2,sst2,sst2_01229,mentions_disappointment,1
SST-2,sst2,sst2_01229,describes_low_quality,1
SST-2,sst2,sst2_01229,mentions_good_acting_or_writing,0
SST-2,sst2,sst2_01229,mentions_bad_acting_or_writing,1
SST-2,sst2,sst2_01229,contains_comparison,0
SST-2,sst2,sst2_01229,uses_strong_opinion,1
SST-2,sst2,sst2_01229,contains_irony_or_sarcasm,0
SST-2,sst2,sst2_01229,contains_mixed_sentiment,0
SST-2,sst2,sst2_01229,sounds_uncertain,0
SST-2,sst2,sst2_01229,uses_emotional_language,0
SST-2,sst2,sst2_01229,contains_recommendation,0
SST-2,sst2,sst2_01229,mentions_exciting_content,0
SST-2,sst2,sst2_01229,mentions_boredom,1
SST-2,sst2,sst2_01229,sounds_confident,1
SST-2,sst2,sst2_01070,expresses_positive_emotion,1
SST-2,sst2,sst2_01070,contains_praise,1
SST-2,sst2,sst2_01070,mentions_enjoyment,1
SST-2,sst2,sst2_01070,describes_high_quality,1
SST-2,sst2,sst2_01070,expresses_negative_emotion,0
SST-2,sst2,sst2_01070,contains_criticism,0
SST-2,sst2,sst2_01070,mentions_disappointment,0
SST-2,sst2,sst2_01070,describes_low_quality,0
SST-2,sst2,sst2_01070,mentions_good_acting_or_writing,0
SST-2,sst2,sst2_01070,mentions_bad_acting_or_writing,0
SST-2,sst2,sst2_01070,contains_comparison,0
SST-2,sst2,sst2_01070,uses_strong_opinion,1
SST-2,sst2,sst2_01070,contains_irony_or_sarcasm,0
SST-2,sst2,sst2_01070,contains_mixed_sentiment,0
SST-2,sst2,sst2_01070,sounds_uncertain,0
SST-2,sst2,sst2_01070,uses_emotional_language,1
SST-2,sst2,sst2_01070,contains_recommendation,0
SST-2,sst2,sst2_01070,mentions_exciting_content,1
SST-2,sst2,sst2_01070,mentions_boredom,0
SST-2,sst2,sst2_01070,sounds_confident,1
SST-2,sst2,sst2_00488,expresses_positive_emotion,1
SST-2,sst2,sst2_00488,contains_praise,1
SST-2,sst2,sst2_00488,mentions_enjoyment,0
SST-2,sst2,sst2_00488,describes_high_quality,1
SST-2,sst2,sst2_00488,expresses_negative_emotion,0
SST-2,sst2,sst2_00488,contains_criticism,0
SST-2,sst2,sst2_00488,mentions_disappointment,0
SST-2,sst2,sst2_00488,describes_low_quality,0
SST-2,sst2,sst2_00488,mentions_good_acting_or_writing,1
SST-2,sst2,sst2_00488,mentions_bad_acting_or_writing,0
SST-2,sst2,sst2_00488,contains_comparison,0
SST-2,sst2,sst2_00488,uses_strong_opinion,1
SST-2,sst2,sst2_00488,contains_irony_or_sarcasm,0
SST-2,sst2,sst2_00488,contains_mixed_sentiment,0
SST-2,sst2,sst2_00488,sounds_uncertain,0
SST-2,sst2,sst2_00488,uses_emotional_language,0
SST-2,sst2,sst2_00488,contains_recommendation,0
SST-2,sst2,sst2_00488,mentions_exciting_content,0
SST-2,sst2,sst2_00488,mentions_boredom,0
SST-2,sst2,sst2_00488,sounds_confident,1
SST-2,sst2,sst2_03059,expresses_positive_emotion,1
SST-2,sst2,sst2_03059,contains_praise,1
SST-2,sst2,sst2_03059,mentions_enjoyment,0
SST-2,sst2,sst2_03059,describes_high_quality,0
SST-2,sst2,sst2_03059,expresses_negative_emotion,0
SST-2,sst2,sst2_03059,contains_criticism,0
SST-2,sst2,sst2_03059,mentions_disappointment,0
SST-2,sst2,sst2_03059,describes_low_quality,0
SST-2,sst2,sst2_03059,mentions_good_acting_or_writing,0
SST-2,sst2,sst2_03059,mentions_bad_acting_or_writing,0
SST-2,sst2,sst2_03059,contains_comparison,0
SST-2,sst2,sst2_03059,uses_strong_opinion,0
SST-2,sst2,sst2_03059,contains_irony_or_sarcasm,0
SST-2,sst2,sst2_03059,contains_mixed_sentiment,0
SST-2,sst2,sst2_03059,sounds_uncertain,0
SST-2,sst2,sst2_03059,uses_emotional_language,1
SST-2,sst2,sst2_03059,contains_recommendation,0
SST-2,sst2,sst2_03059,mentions_exciting_content,0
SST-2,sst2,sst2_03059,mentions_boredom,0
SST-2,sst2,sst2_03059,sounds_confident,1
SST-2,sst2,sst2_00469,expresses_positive_emotion,0
SST-2,sst2,sst2_00469,contains_praise,0
SST-2,sst2,sst2_00469,mentions_enjoyment,0
SST-2,sst2,sst2_00469,describes_high_quality,0
SST-2,sst2,sst2_00469,expresses_negative_emotion,0
SST-2,sst2,sst2_00469,contains_criticism,0
SST-2,sst2,sst2_00469,mentions_disappointment,0
SST-2,sst2,sst2_00469,describes_low_quality,0
SST-2,sst2,sst2_00469,mentions_good_acting_or_writing,0
SST-2,sst2,sst2_00469,mentions_bad_acting_or_writing,0
SST-2,sst2,sst2_00469,contains_comparison,0
SST-2,sst2,sst2_00469,uses_strong_opinion,0
SST-2,sst2,sst2_00469,contains_irony_or_sarcasm,0
SST-2,sst2,sst2_00469,contains_mixed_sentiment,0
SST-2,sst2,sst2_00469,sounds_uncertain,0
SST-2,sst2,sst2_00469,uses_emotional_language,0
SST-2,sst2,sst2_00469,contains_recommendation,0
SST-2,sst2,sst2_00469,mentions_exciting_content,0
SST-2,sst2,sst2_00469,mentions_boredom,0
SST-2,sst2,sst2_00469,sounds_confident,0
SST-2,sst2,sst2_01311,expresses_positive_emotion,0
SST-2,sst2,sst2_01311,contains_praise,0
SST-2,sst2,sst2_01311,mentions_enjoyment,0
SST-2,sst2,sst2_01311,describes_high_quality,0
SST-2,sst2,sst2_01311,expresses_negative_emotion,1
SST-2,sst2,sst2_01311,contains_criticism,1
SST-2,sst2,sst2_01311,mentions_disappointment,0
SST-2,sst2,sst2_01311,describes_low_quality,1
SST-2,sst2,sst2_01311,mentions_good_acting_or_writing,0
SST-2,sst2,sst2_01311,mentions_bad_acting_or_writing,0
SST-2,sst2,sst2_01311,contains_comparison,0
SST-2,sst2,sst2_01311,uses_strong_opinion,1
SST-2,sst2,sst2_01311,contains_irony_or_sarcasm,0
SST-2,sst2,sst2_01311,contains_mixed_sentiment,0
SST-2,sst2,sst2_01311,sounds_uncertain,0
SST-2,sst2,sst2_01311,uses_emotional_language,0
SST-2,sst2,sst2_01311,contains_recommendation,0
SST-2,sst2,sst2_01311,mentions_exciting_content,0
SST-2,sst2,sst2_01311,mentions_boredom,0
SST-2,sst2,sst2_01311,sounds_confident,1
SST-2,sst2,sst2_02956,expresses_positive_emotion,1
SST-2,sst2,sst2_02956,contains_praise,1
SST-2,sst2,sst2_02956,mentions_enjoyment,0
SST-2,sst2,sst2_02956,describes_high_quality,1
SST-2,sst2,sst2_02956,expresses_negative_emotion,0
SST-2,sst2,sst2_02956,contains_criticism,0
SST-2,sst2,sst2_02956,mentions_disappointment,0
SST-2,sst2,sst2_02956,describes_low_quality,0
SST-2,sst2,sst2_02956,mentions_good_acting_or_writing,1
SST-2,sst2,sst2_02956,mentions_bad_acting_or_writing,0
SST-2,sst2,sst2_02956,contains_comparison,0
SST-2,sst2,sst2_02956,uses_strong_opinion,1
SST-2,sst2,sst2_02956,contains_irony_or_sarcasm,0
SST-2,sst2,sst2_02956,contains_mixed_sentiment,0
SST-2,sst2,sst2_02956,sounds_uncertain,0
SST-2,sst2,sst2_02956,uses_emotional_language,1
SST-2,sst2,sst2_02956,contains_recommendation,0
SST-2,sst2,sst2_02956,mentions_exciting_content,0
SST-2,sst2,sst2_02956,mentions_boredom,0
SST-2,sst2,sst2_02956,sounds_confident,1
SST-2,sst2,sst2_04347,expresses_positive_emotion,0
SST-2,sst2,sst2_04347,contains_praise,0
SST-2,sst2,sst2_04347,mentions_enjoyment,0
SST-2,sst2,sst2_04347,describes_high_quality,0
SST-2,sst2,sst2_04347,expresses_negative_emotion,1
SST-2,sst2,sst2_04347,contains_criticism,1
SST-2,sst2,sst2_04347,mentions_disappointment,1
SST-2,sst2,sst2_04347,describes_low_quality,1
SST-2,sst2,sst2_04347,mentions_good_acting_or_writing,0
SST-2,sst2,sst2_04347,mentions_bad_acting_or_writing,0
SST-2,sst2,sst2_04347,contains_comparison,0
SST-2,sst2,sst2_04347,uses_strong_opinion,1
SST-2,sst2,sst2_04347,contains_irony_or_sarcasm,1
SST-2,sst2,sst2_04347,contains_mixed_sentiment,0
SST-2,sst2,sst2_04347,sounds_uncertain,0
SST-2,sst2,sst2_04347,uses_emotional_language,1
SST-2,sst2,sst2_04347,contains_recommendation,0
SST-2,sst2,sst2_04347,mentions_exciting_content,0
SST-2,sst2,sst2_04347,mentions_boredom,0
SST-2,sst2,sst2_04347,sounds_confident,1
SST-2,sst2,sst2_02118,expresses_positive_emotion,1
SST-2,sst2,sst2_02118,contains_praise,1
SST-2,sst2,sst2_02118,mentions_enjoyment,0
SST-2,sst2,sst2_02118,describes_high_quality,1
SST-2,sst2,sst2_02118,expresses_negative_emotion,0
SST-2,sst2,sst2_02118,contains_criticism,0
SST-2,sst2,sst2_02118,mentions_disappointment,0
SST-2,sst2,sst2_02118,describes_low_quality,0
SST-2,sst2,sst2_02118,mentions_good_acting_or_writing,0
SST-2,sst2,sst2_02118,mentions_bad_acting_or_writing,0
SST-2,sst2,sst2_02118,contains_comparison,0
SST-2,sst2,sst2_02118,uses_strong_opinion,1
SST-2,sst2,sst2_02118,contains_irony_or_sarcasm,0
SST-2,sst2,sst2_02118,contains_mixed_sentiment,0
SST-2,sst2,sst2_02118,sounds_uncertain,0
SST-2,sst2,sst2_02118,uses_emotional_language,1
SST-2,sst2,sst2_02118,contains_recommendation,0
SST-2,sst2,sst2_02118,mentions_exciting_content,1
SST-2,sst2,sst2_02118,mentions_boredom,0
SST-2,sst2,sst2_02118,sounds_confident,1
SST-2,sst2,sst2_00811,expresses_positive_emotion,1
SST-2,sst2,sst2_00811,contains_praise,1
SST-2,sst2,sst2_00811,mentions_enjoyment,0
SST-2,sst2,sst2_00811,describes_high_quality,1
SST-2,sst2,sst2_00811,expresses_negative_emotion,0
SST-2,sst2,sst2_00811,contains_criticism,0
SST-2,sst2,sst2_00811,mentions_disappointment,0
SST-2,sst2,sst2_00811,describes_low_quality,0
SST-2,sst2,sst2_00811,mentions_good_acting_or_writing,0
SST-2,sst2,sst2_00811,mentions_bad_acting_or_writing,0
SST-2,sst2,sst2_00811,contains_comparison,0
SST-2,sst2,sst2_00811,uses_strong_opinion,1
SST-2,sst2,sst2_00811,contains_irony_or_sarcasm,0
SST-2,sst2,sst2_00811,contains_mixed_sentiment,0
SST-2,sst2,sst2_00811,sounds_uncertain,0
SST-2,sst2,sst2_00811,uses_emotional_language,0
SST-2,sst2,sst2_00811,contains_recommendation,0
SST-2,sst2,sst2_00811,mentions_exciting_content,0
SST-2,sst2,sst2_00811,mentions_boredom,0
SST-2,sst2,sst2_00811,sounds_confident,1
SST-2,sst2,sst2_00715,expresses_positive_emotion,0
SST-2,sst2,sst2_00715,contains_praise,0
SST-2,sst2,sst2_00715,mentions_enjoyment,0
SST-2,sst2,sst2_00715,describes_high_quality,0
SST-2,sst2,sst2_00715,expresses_negative_emotion,1
SST-2,sst2,sst2_00715,contains_criticism,1
SST-2,sst2,sst2_00715,mentions_disappointment,1
SST-2,sst2,sst2_00715,describes_low_quality,1
SST-2,sst2,sst2_00715,mentions_good_acting_or_writing,0
SST-2,sst2,sst2_00715,mentions_bad_acting_or_writing,0
SST-2,sst2,sst2_00715,contains_comparison,0
SST-2,sst2,sst2_00715,uses_strong_opinion,1
SST-2,sst2,sst2_00715,contains_irony_or_sarcasm,0
SST-2,sst2,sst2_00715,contains_mixed_sentiment,0
SST-2,sst2,sst2_00715,sounds_uncertain,0
SST-2,sst2,sst2_00715,uses_emotional_language,1
SST-2,sst2,sst2_00715,contains_recommendation,0
SST-2,sst2,sst2_00715,mentions_exciting_content,0
SST-2,sst2,sst2_00715,mentions_boredom,0
SST-2,sst2,sst2_00715,sounds_confident,1
SST-2,sst2,sst2_00816,expresses_positive_emotion,0
SST-2,sst2,sst2_00816,contains_praise,0
SST-2,sst2,sst2_00816,mentions_enjoyment,0
SST-2,sst2,sst2_00816,describes_high_quality,0
SST-2,sst2,sst2_00816,expresses_negative_emotion,1
SST-2,sst2,sst2_00816,contains_criticism,1
SST-2,sst2,sst2_00816,mentions_disappointment,1
SST-2,sst2,sst2_00816,describes_low_quality,1
SST-2,sst2,sst2_00816,mentions_good_acting_or_writing,0
SST-2,sst2,sst2_00816,mentions_bad_acting_or_writing,1
SST-2,sst2,sst2_00816,contains_comparison,0
SST-2,sst2,sst2_00816,uses_strong_opinion,0
SST-2,sst2,sst2_00816,contains_irony_or_sarcasm,0
SST-2,sst2,sst2_00816,contains_mixed_sentiment,0
SST-2,sst2,sst2_00816,sounds_uncertain,0
SST-2,sst2,sst2_00816,uses_emotional_language,0
SST-2,sst2,sst2_00816,contains_recommendation,0
SST-2,sst2,sst2_00816,mentions_exciting_content,0
SST-2,sst2,sst2_00816,mentions_boredom,0
SST-2,sst2,sst2_00816,sounds_confident,1
SST-2,sst2,sst2_04338,expresses_positive_emotion,1
SST-2,sst2,sst2_04338,contains_praise,1
SST-2,sst2,sst2_04338,mentions_enjoyment,0
SST-2,sst2,sst2_04338,describes_high_quality,1
SST-2,sst2,sst2_04338,expresses_negative_emotion,0
SST-2,sst2,sst2_04338,contains_criticism,0
SST-2,sst2,sst2_04338,mentions_disappointment,0
SST-2,sst2,sst2_04338,describes_low_quality,0
SST-2,sst2,sst2_04338,mentions_good_acting_or_writing,1
SST-2,sst2,sst2_04338,mentions_bad_acting_or_writing,0
SST-2,sst2,sst2_04338,contains_comparison,0
SST-2,sst2,sst2_04338,uses_strong_opinion,1
SST-2,sst2,sst2_04338,contains_irony_or_sarcasm,0
SST-2,sst2,sst2_04338,contains_mixed_sentiment,0
SST-2,sst2,sst2_04338,sounds_uncertain,0
SST-2,sst2,sst2_04338,uses_emotional_language,0
SST-2,sst2,sst2_04338,contains_recommendation,0
SST-2,sst2,sst2_04338,mentions_exciting_content,0
SST-2,sst2,sst2_04338,mentions_boredom,0
SST-2,sst2,sst2_04338,sounds_confident,1
SST-2,sst2,sst2_04574,expresses_positive_emotion,0
SST-2,sst2,sst2_04574,contains_praise,0
SST-2,sst2,sst2_04574,mentions_enjoyment,0
SST-2,sst2,sst2_04574,describes_high_quality,0
SST-2,sst2,sst2_04574,expresses_negative_emotion,1
SST-2,sst2,sst2_04574,contains_criticism,1
SST-2,sst2,sst2_04574,mentions_disappointment,1
SST-2,sst2,sst2_04574,describes_low_quality,1
SST-2,sst2,sst2_04574,mentions_good_acting_or_writing,0
SST-2,sst2,sst2_04574,mentions_bad_acting_or_writing,1
SST-2,sst2,sst2_04574,contains_comparison,0
SST-2,sst2,sst2_04574,uses_strong_opinion,1
SST-2,sst2,sst2_04574,contains_irony_or_sarcasm,0
SST-2,sst2,sst2_04574,contains_mixed_sentiment,0
SST-2,sst2,sst2_04574,sounds_uncertain,0
SST-2,sst2,sst2_04574,uses_emotional_language,1
SST-2,sst2,sst2_04574,contains_recommendation,0
SST-2,sst2,sst2_04574,mentions_exciting_content,0
SST-2,sst2,sst2_04574,mentions_boredom,0
SST-2,sst2,sst2_04574,sounds_confident,1
SST-2,sst2,sst2_00569,expresses_positive_emotion,1
SST-2,sst2,sst2_00569,contains_praise,1
SST-2,sst2,sst2_00569,mentions_enjoyment,0
SST-2,sst2,sst2_00569,describes_high_quality,1
SST-2,sst2,sst2_00569,expresses_negative_emotion,0
SST-2,sst2,sst2_00569,contains_criticism,0
SST-2,sst2,sst2_00569,mentions_disappointment,0
SST-2,sst2,sst2_00569,describes_low_quality,0
SST-2,sst2,sst2_00569,mentions_good_acting_or_writing,1
SST-2,sst2,sst2_00569,mentions_bad_acting_or_writing,0
SST-2,sst2,sst2_00569,contains_comparison,0
SST-2,sst2,sst2_00569,uses_strong_opinion,1
SST-2,sst2,sst2_00569,contains_irony_or_sarcasm,0
SST-2,sst2,sst2_00569,contains_mixed_sentiment,0
SST-2,sst2,sst2_00569,sounds_uncertain,0
SST-2,sst2,sst2_00569,uses_emotional_language,1
SST-2,sst2,sst2_00569,contains_recommendation,0
SST-2,sst2,sst2_00569,mentions_exciting_content,0
SST-2,sst2,sst2_00569,mentions_boredom,0
SST-2,sst2,sst2_00569,sounds_confident,1
SST-2,sst2,sst2_04350,expresses_positive_emotion,1
SST-2,sst2,sst2_04350,contains_praise,0
SST-2,sst2,sst2_04350,mentions_enjoyment,1
SST-2,sst2,sst2_04350,describes_high_quality,0
SST-2,sst2,sst2_04350,expresses_negative_emotion,0
SST-2,sst2,sst2_04350,contains_criticism,0
SST-2,sst2,sst2_04350,mentions_disappointment,0
SST-2,sst2,sst2_04350,describes_low_quality,0
SST-2,sst2,sst2_04350,mentions_good_acting_or_writing,0
SST-2,sst2,sst2_04350,mentions_bad_acting_or_writing,0
SST-2,sst2,sst2_04350,contains_comparison,0
SST-2,sst2,sst2_04350,uses_strong_opinion,0
SST-2,sst2,sst2_04350,contains_irony_or_sarcasm,0
SST-2,sst2,sst2_04350,contains_mixed_sentiment,0
SST-2,sst2,sst2_04350,sounds_uncertain,0
SST-2,sst2,sst2_04350,uses_emotional_language,0
SST-2,sst2,sst2_04350,contains_recommendation,1
SST-2,sst2,sst2_04350,mentions_exciting_content,1
SST-2,sst2,sst2_04350,mentions_boredom,0
SST-2,sst2,sst2_04350,sounds_confident,1
SST-2,sst2,sst2_01379,expresses_positive_emotion,0
SST-2,sst2,sst2_01379,contains_praise,0
SST-2,sst2,sst2_01379,mentions_enjoyment,0
SST-2,sst2,sst2_01379,describes_high_quality,0
SST-2,sst2,sst2_01379,expresses_negative_emotion,1
SST-2,sst2,sst2_01379,contains_criticism,1
SST-2,sst2,sst2_01379,mentions_disappointment,0
SST-2,sst2,sst2_01379,describes_low_quality,0
SST-2,sst2,sst2_01379,mentions_good_acting_or_writing,0
SST-2,sst2,sst2_01379,mentions_bad_acting_or_writing,1
SST-2,sst2,sst2_01379,contains_comparison,0
SST-2,sst2,sst2_01379,uses_strong_opinion,0
SST-2,sst2,sst2_01379,contains_irony_or_sarcasm,0
SST-2,sst2,sst2_01379,contains_mixed_sentiment,0
SST-2,sst2,sst2_01379,sounds_uncertain,0
SST-2,sst2,sst2_01379,uses_emotional_language,0
SST-2,sst2,sst2_01379,contains_recommendation,0
SST-2,sst2,sst2_01379,mentions_exciting_content,0
SST-2,sst2,sst2_01379,mentions_boredom,0
SST-2,sst2,sst2_01379,sounds_confident,1
SST-2,sst2,sst2_02054,expresses_positive_emotion,1
SST-2,sst2,sst2_02054,contains_praise,1
SST-2,sst2,sst2_02054,mentions_enjoyment,0
SST-2,sst2,sst2_02054,describes_high_quality,1
SST-2,sst2,sst2_02054,expresses_negative_emotion,0
SST-2,sst2,sst2_02054,contains_criticism,0
SST-2,sst2,sst2_02054,mentions_disappointment,0
SST-2,sst2,sst2_02054,describes_low_quality,0
SST-2,sst2,sst2_02054,mentions_good_acting_or_writing,1
SST-2,sst2,sst2_02054,mentions_bad_acting_or_writing,0
SST-2,sst2,sst2_02054,contains_comparison,0
SST-2,sst2,sst2_02054,uses_strong_opinion,1
SST-2,sst2,sst2_02054,contains_irony_or_sarcasm,0
SST-2,sst2,sst2_02054,contains_mixed_sentiment,0
SST-2,sst2,sst2_02054,sounds_uncertain,0
SST-2,sst2,sst2_02054,uses_emotional_language,0
SST-2,sst2,sst2_02054,contains_recommendation,0
SST-2,sst2,sst2_02054,mentions_exciting_content,0
SST-2,sst2,sst2_02054,mentions_boredom,0
SST-2,sst2,sst2_02054,sounds_confident,1
SST-2,sst2,sst2_02473,expresses_positive_emotion,0
SST-2,sst2,sst2_02473,contains_praise,0
SST-2,sst2,sst2_02473,mentions_enjoyment,0
SST-2,sst2,sst2_02473,describes_high_quality,0
SST-2,sst2,sst2_02473,expresses_negative_emotion,1
SST-2,sst2,sst2_02473,contains_criticism,1
SST-2,sst2,sst2_02473,mentions_disappointment,1
SST-2,sst2,sst2_02473,describes_low_quality,1
SST-2,sst2,sst2_02473,mentions_good_acting_or_writing,0
SST-2,sst2,sst2_02473,mentions_bad_acting_or_writing,0
SST-2,sst2,sst2_02473,contains_comparison,0
SST-2,sst2,sst2_02473,uses_strong_opinion,1
SST-2,sst2,sst2_02473,contains_irony_or_sarcasm,0
SST-2,sst2,sst2_02473,contains_mixed_sentiment,0
SST-2,sst2,sst2_02473,sounds_uncertain,0
SST-2,sst2,sst2_02473,uses_emotional_language,0
SST-2,sst2,sst2_02473,contains_recommendation,0
SST-2,sst2,sst2_02473,mentions_exciting_content,0
SST-2,sst2,sst2_02473,mentions_boredom,0
SST-2,sst2,sst2_02473,sounds_confident,1
SST-2,sst2,sst2_03630,expresses_positive_emotion,0
SST-2,sst2,sst2_03630,contains_praise,0
SST-2,sst2,sst2_03630,mentions_enjoyment,0
SST-2,sst2,sst2_03630,describes_high_quality,0
SST-2,sst2,sst2_03630,expresses_negative_emotion,0
SST-2,sst2,sst2_03630,contains_criticism,0
SST-2,sst2,sst2_03630,mentions_disappointment,0
SST-2,sst2,sst2_03630,describes_low_quality,0
SST-2,sst2,sst2_03630,mentions_good_acting_or_writing,0
SST-2,sst2,sst2_03630,mentions_bad_acting_or_writing,0
SST-2,sst2,sst2_03630,contains_comparison,0
SST-2,sst2,sst2_03630,uses_strong_opinion,0
SST-2,sst2,sst2_03630,contains_irony_or_sarcasm,0
SST-2,sst2,sst2_03630,contains_mixed_sentiment,0
SST-2,sst2,sst2_03630,sounds_uncertain,0
SST-2,sst2,sst2_03630,uses_emotional_language,0
SST-2,sst2,sst2_03630,contains_recommendation,0
SST-2,sst2,sst2_03630,mentions_exciting_content,0
SST-2,sst2,sst2_03630,mentions_boredom,0
SST-2,sst2,sst2_03630,sounds_confident,0
SST-2,sst2,sst2_02523,expresses_positive_emotion,0
SST-2,sst2,sst2_02523,contains_praise,0
SST-2,sst2,sst2_02523,mentions_enjoyment,0
SST-2,sst2,sst2_02523,describes_high_quality,0
SST-2,sst2,sst2_02523,expresses_negative_emotion,1
SST-2,sst2,sst2_02523,contains_criticism,1
SST-2,sst2,sst2_02523,mentions_disappointment,1
SST-2,sst2,sst2_02523,describes_low_quality,1
SST-2,sst2,sst2_02523,mentions_good_acting_or_writing,0
SST-2,sst2,sst2_02523,mentions_bad_acting_or_writing,1
SST-2,sst2,sst2_02523,contains_comparison,1
SST-2,sst2,sst2_02523,uses_strong_opinion,1
SST-2,sst2,sst2_02523,contains_irony_or_sarcasm,0
SST-2,sst2,sst2_02523,contains_mixed_sentiment,0
SST-2,sst2,sst2_02523,sounds_uncertain,0
SST-2,sst2,sst2_02523,uses_emotional_language,1
SST-2,sst2,sst2_02523,contains_recommendation,0
SST-2,sst2,sst2_02523,mentions_exciting_content,0
SST-2,sst2,sst2_02523,mentions_boredom,0
SST-2,sst2,sst2_02523,sounds_confident,1
SST-2,sst2,sst2_02830,expresses_positive_emotion,0
SST-2,sst2,sst2_02830,contains_praise,0
SST-2,sst2,sst2_02830,mentions_enjoyment,0
SST-2,sst2,sst2_02830,describes_high_quality,0
SST-2,sst2,sst2_02830,expresses_negative_emotion,0
SST-2,sst2,sst2_02830,contains_criticism,0
SST-2,sst2,sst2_02830,mentions_disappointment,0
SST-2,sst2,sst2_02830,describes_low_quality,0
SST-2,sst2,sst2_02830,mentions_good_acting_or_writing,0
SST-2,sst2,sst2_02830,mentions_bad_acting_or_writing,0
SST-2,sst2,sst2_02830,contains_comparison,0
SST-2,sst2,sst2_02830,uses_strong_opinion,0
SST-2,sst2,sst2_02830,contains_irony_or_sarcasm,0
SST-2,sst2,sst2_02830,contains_mixed_sentiment,0
SST-2,sst2,sst2_02830,sounds_uncertain,0
SST-2,sst2,sst2_02830,uses_emotional_language,0
SST-2,sst2,sst2_02830,contains_recommendation,0
SST-2,sst2,sst2_02830,mentions_exciting_content,0
SST-2,sst2,sst2_02830,mentions_boredom,0
SST-2,sst2,sst2_02830,sounds_confident,0
SST-2,sst2,sst2_01981,expresses_positive_emotion,0
SST-2,sst2,sst2_01981,contains_praise,0
SST-2,sst2,sst2_01981,mentions_enjoyment,0
SST-2,sst2,sst2_01981,describes_high_quality,0
SST-2,sst2,sst2_01981,expresses_negative_emotion,0
SST-2,sst2,sst2_01981,contains_criticism,0
SST-2,sst2,sst2_01981,mentions_disappointment,0
SST-2,sst2,sst2_01981,describes_low_quality,0
SST-2,sst2,sst2_01981,mentions_good_acting_or_writing,1
SST-2,sst2,sst2_01981,mentions_bad_acting_or_writing,0
SST-2,sst2,sst2_01981,contains_comparison,0
SST-2,sst2,sst2_01981,uses_strong_opinion,0
SST-2,sst2,sst2_01981,contains_irony_or_sarcasm,0
SST-2,sst2,sst2_01981,contains_mixed_sentiment,0
SST-2,sst2,sst2_01981,sounds_uncertain,0
SST-2,sst2,sst2_01981,uses_emotional_language,0
SST-2,sst2,sst2_01981,contains_recommendation,0
SST-2,sst2,sst2_01981,mentions_exciting_content,0
SST-2,sst2,sst2_01981,mentions_boredom,0
SST-2,sst2,sst2_01981,sounds_confident,0
SST-2,sst2,sst2_02229,expresses_positive_emotion,0
SST-2,sst2,sst2_02229,contains_praise,0
SST-2,sst2,sst2_02229,mentions_enjoyment,0
SST-2,sst2,sst2_02229,describes_high_quality,0
SST-2,sst2,sst2_02229,expresses_negative_emotion,1
SST-2,sst2,sst2_02229,contains_criticism,1
SST-2,sst2,sst2_02229,mentions_disappointment,0
SST-2,sst2,sst2_02229,describes_low_quality,1
SST-2,sst2,sst2_02229,mentions_good_acting_or_writing,0
SST-2,sst2,sst2_02229,mentions_bad_acting_or_writing,0
SST-2,sst2,sst2_02229,contains_comparison,0
SST-2,sst2,sst2_02229,uses_strong_opinion,1
SST-2,sst2,sst2_02229,contains_irony_or_sarcasm,0
SST-2,sst2,sst2_02229,contains_mixed_sentiment,0
SST-2,sst2,sst2_02229,sounds_uncertain,0
SST-2,sst2,sst2_02229,uses_emotional_language,0
SST-2,sst2,sst2_02229,contains_recommendation,0
SST-2,sst2,sst2_02229,mentions_exciting_content,0
SST-2,sst2,sst2_02229,mentions_boredom,0
SST-2,sst2,sst2_02229,sounds_confident,1
SST-2,sst2,sst2_04020,expresses_positive_emotion,0
SST-2,sst2,sst2_04020,contains_praise,0
SST-2,sst2,sst2_04020,mentions_enjoyment,0
SST-2,sst2,sst2_04020,describes_high_quality,0
SST-2,sst2,sst2_04020,expresses_negative_emotion,1
SST-2,sst2,sst2_04020,contains_criticism,1
SST-2,sst2,sst2_04020,mentions_disappointment,1
SST-2,sst2,sst2_04020,describes_low_quality,1
SST-2,sst2,sst2_04020,mentions_good_acting_or_writing,0
SST-2,sst2,sst2_04020,mentions_bad_acting_or_writing,1
SST-2,sst2,sst2_04020,contains_comparison,0
SST-2,sst2,sst2_04020,uses_strong_opinion,1
SST-2,sst2,sst2_04020,contains_irony_or_sarcasm,0
SST-2,sst2,sst2_04020,contains_mixed_sentiment,0
SST-2,sst2,sst2_04020,sounds_uncertain,0
SST-2,sst2,sst2_04020,uses_emotional_language,1
SST-2,sst2,sst2_04020,contains_recommendation,0
SST-2,sst2,sst2_04020,mentions_exciting_content,0
SST-2,sst2,sst2_04020,mentions_boredom,0
SST-2,sst2,sst2_04020,sounds_confident,1
SST-2,sst2,sst2_04644,expresses_positive_emotion,0
SST-2,sst2,sst2_04644,contains_praise,0
SST-2,sst2,sst2_04644,mentions_enjoyment,0
SST-2,sst2,sst2_04644,describes_high_quality,0
SST-2,sst2,sst2_04644,expresses_negative_emotion,1
SST-2,sst2,sst2_04644,contains_criticism,1
SST-2,sst2,sst2_04644,mentions_disappointment,1
SST-2,sst2,sst2_04644,describes_low_quality,1
SST-2,sst2,sst2_04644,mentions_good_acting_or_writing,0
SST-2,sst2,sst2_04644,mentions_bad_acting_or_writing,0
SST-2,sst2,sst2_04644,contains_comparison,0
SST-2,sst2,sst2_04644,uses_strong_opinion,1
SST-2,sst2,sst2_04644,contains_irony_or_sarcasm,0
SST-2,sst2,sst2_04644,contains_mixed_sentiment,1
SST-2,sst2,sst2_04644,sounds_uncertain,0
SST-2,sst2,sst2_04644,uses_emotional_language,0
SST-2,sst2,sst2_04644,contains_recommendation,0
SST-2,sst2,sst2_04644,mentions_exciting_content,0
SST-2,sst2,sst2_04644,mentions_boredom,0
SST-2,sst2,sst2_04644,sounds_confident,1
SST-2,sst2,sst2_03826,expresses_positive_emotion,1
SST-2,sst2,sst2_03826,contains_praise,1
SST-2,sst2,sst2_03826,mentions_enjoyment,0
SST-2,sst2,sst2_03826,describes_high_quality,1
SST-2,sst2,sst2_03826,expresses_negative_emotion,0
SST-2,sst2,sst2_03826,contains_criticism,0
SST-2,sst2,sst2_03826,mentions_disappointment,0
SST-2,sst2,sst2_03826,describes_low_quality,0
SST-2,sst2,sst2_03826,mentions_good_acting_or_writing,0
SST-2,sst2,sst2_03826,mentions_bad_acting_or_writing,0
SST-2,sst2,sst2_03826,contains_comparison,0
SST-2,sst2,sst2_03826,uses_strong_opinion,1
SST-2,sst2,sst2_03826,contains_irony_or_sarcasm,0
SST-2,sst2,sst2_03826,contains_mixed_sentiment,0
SST-2,sst2,sst2_03826,sounds_uncertain,0
SST-2,sst2,sst2_03826,uses_emotional_language,1
SST-2,sst2,sst2_03826,contains_recommendation,1
SST-2,sst2,sst2_03826,mentions_exciting_content,1
SST-2,sst2,sst2_03826,mentions_boredom,0
SST-2,sst2,sst2_03826,sounds_confident,1
SST-2,sst2,sst2_00523,expresses_positive_emotion,0
SST-2,sst2,sst2_00523,contains_praise,0
SST-2,sst2,sst2_00523,mentions_enjoyment,0
SST-2,sst2,sst2_00523,describes_high_quality,0
SST-2,sst2,sst2_00523,expresses_negative_emotion,1
SST-2,sst2,sst2_00523,contains_criticism,1
SST-2,sst2,sst2_00523,mentions_disappointment,1
SST-2,sst2,sst2_00523,describes_low_quality,1
SST-2,sst2,sst2_00523,mentions_good_acting_or_writing,0
SST-2,sst2,sst2_00523,mentions_bad_acting_or_writing,1
SST-2,sst2,sst2_00523,contains_comparison,0
SST-2,sst2,sst2_00523,uses_strong_opinion,1
SST-2,sst2,sst2_00523,contains_irony_or_sarcasm,0
SST-2,sst2,sst2_00523,contains_mixed_sentiment,0
SST-2,sst2,sst2_00523,sounds_uncertain,0
SST-2,sst2,sst2_00523,uses_emotional_language,1
SST-2,sst2,sst2_00523,contains_recommendation,0
SST-2,sst2,sst2_00523,mentions_exciting_content,0
SST-2,sst2,sst2_00523,mentions_boredom,0
SST-2,sst2,sst2_00523,sounds_confident,1
SST-2,sst2,sst2_03558,expresses_positive_emotion,0
SST-2,sst2,sst2_03558,contains_praise,0
SST-2,sst2,sst2_03558,mentions_enjoyment,0
SST-2,sst2,sst2_03558,describes_high_quality,0
SST-2,sst2,sst2_03558,expresses_negative_emotion,0
SST-2,sst2,sst2_03558,contains_criticism,0
SST-2,sst2,sst2_03558,mentions_disappointment,0
SST-2,sst2,sst2_03558,describes_low_quality,0
SST-2,sst2,sst2_03558,mentions_good_acting_or_writing,0
SST-2,sst2,sst2_03558,mentions_bad_acting_or_writing,0
SST-2,sst2,sst2_03558,contains_comparison,0
SST-2,sst2,sst2_03558,uses_strong_opinion,0
SST-2,sst2,sst2_03558,contains_irony_or_sarcasm,0
SST-2,sst2,sst2_03558,contains_mixed_sentiment,0
SST-2,sst2,sst2_03558,sounds_uncertain,0
SST-2,sst2,sst2_03558,uses_emotional_language,0
SST-2,sst2,sst2_03558,contains_recommendation,0
SST-2,sst2,sst2_03558,mentions_exciting_content,0
SST-2,sst2,sst2_03558,mentions_boredom,0
SST-2,sst2,sst2_03558,sounds_confident,0
SST-2,sst2,sst2_04802,expresses_positive_emotion,1
SST-2,sst2,sst2_04802,contains_praise,1
SST-2,sst2,sst2_04802,mentions_enjoyment,0
SST-2,sst2,sst2_04802,describes_high_quality,1
SST-2,sst2,sst2_04802,expresses_negative_emotion,0
SST-2,sst2,sst2_04802,contains_criticism,0
SST-2,sst2,sst2_04802,mentions_disappointment,0
SST-2,sst2,sst2_04802,describes_low_quality,0
SST-2,sst2,sst2_04802,mentions_good_acting_or_writing,1
SST-2,sst2,sst2_04802,mentions_bad_acting_or_writing,0
SST-2,sst2,sst2_04802,contains_comparison,1
SST-2,sst2,sst2_04802,uses_strong_opinion,1
SST-2,sst2,sst2_04802,contains_irony_or_sarcasm,0
SST-2,sst2,sst2_04802,contains_mixed_sentiment,0
SST-2,sst2,sst2_04802,sounds_uncertain,0
SST-2,sst2,sst2_04802,uses_emotional_language,1
SST-2,sst2,sst2_04802,contains_recommendation,1
SST-2,sst2,sst2_04802,mentions_exciting_content,0
SST-2,sst2,sst2_04802,mentions_boredom,0
SST-2,sst2,sst2_04802,sounds_confident,1
SST-2,sst2,sst2_00368,expresses_positive_emotion,0
SST-2,sst2,sst2_00368,contains_praise,0
SST-2,sst2,sst2_00368,mentions_enjoyment,0
SST-2,sst2,sst2_00368,describes_high_quality,0
SST-2,sst2,sst2_00368,expresses_negative_emotion,1
SST-2,sst2,sst2_00368,contains_criticism,1
SST-2,sst2,sst2_00368,mentions_disappointment,1
SST-2,sst2,sst2_00368,describes_low_quality,1
SST-2,sst2,sst2_00368,mentions_good_acting_or_writing,0
SST-2,sst2,sst2_00368,mentions_bad_acting_or_writing,1
SST-2,sst2,sst2_00368,contains_comparison,0
SST-2,sst2,sst2_00368,uses_strong_opinion,1
SST-2,sst2,sst2_00368,contains_irony_or_sarcasm,0
SST-2,sst2,sst2_00368,contains_mixed_sentiment,0
SST-2,sst2,sst2_00368,sounds_uncertain,0
SST-2,sst2,sst2_00368,uses_emotional_language,1
SST-2,sst2,sst2_00368,contains_recommendation,0
SST-2,sst2,sst2_00368,mentions_exciting_content,0
SST-2,sst2,sst2_00368,mentions_boredom,1
SST-2,sst2,sst2_00368,sounds_confident,1
SST-2,sst2,sst2_04768,expresses_positive_emotion,1
SST-2,sst2,sst2_04768,contains_praise,0
SST-2,sst2,sst2_04768,mentions_enjoyment,0
SST-2,sst2,sst2_04768,describes_high_quality,0
SST-2,sst2,sst2_04768,expresses_negative_emotion,0
SST-2,sst2,sst2_04768,contains_criticism,0
SST-2,sst2,sst2_04768,mentions_disappointment,0
SST-2,sst2,sst2_04768,describes_low_quality,0
SST-2,sst2,sst2_04768,mentions_good_acting_or_writing,0
SST-2,sst2,sst2_04768,mentions_bad_acting_or_writing,0
SST-2,sst2,sst2_04768,contains_comparison,0
SST-2,sst2,sst2_04768,uses_strong_opinion,0
SST-2,sst2,sst2_04768,contains_irony_or_sarcasm,0
SST-2,sst2,sst2_04768,contains_mixed_sentiment,0
SST-2,sst2,sst2_04768,sounds_uncertain,0
SST-2,sst2,sst2_04768,uses_emotional_language,0
SST-2,sst2,sst2_04768,contains_recommendation,0
SST-2,sst2,sst2_04768,mentions_exciting_content,0
SST-2,sst2,sst2_04768,mentions_boredom,0
SST-2,sst2,sst2_04768,sounds_confident,0
SST-2,sst2,sst2_02809,expresses_positive_emotion,1
SST-2,sst2,sst2_02809,contains_praise,0
SST-2,sst2,sst2_02809,mentions_enjoyment,1
SST-2,sst2,sst2_02809,describes_high_quality,0
SST-2,sst2,sst2_02809,expresses_negative_emotion,1
SST-2,sst2,sst2_02809,contains_criticism,1
SST-2,sst2,sst2_02809,mentions_disappointment,0
SST-2,sst2,sst2_02809,describes_low_quality,0
SST-2,sst2,sst2_02809,mentions_good_acting_or_writing,0
SST-2,sst2,sst2_02809,mentions_bad_acting_or_writing,0
SST-2,sst2,sst2_02809,contains_comparison,1
SST-2,sst2,sst2_02809,uses_strong_opinion,1
SST-2,sst2,sst2_02809,contains_irony_or_sarcasm,0
SST-2,sst2,sst2_02809,contains_mixed_sentiment,1
SST-2,sst2,sst2_02809,sounds_uncertain,0
SST-2,sst2,sst2_02809,uses_emotional_language,0
SST-2,sst2,sst2_02809,contains_recommendation,0
SST-2,sst2,sst2_02809,mentions_exciting_content,0
SST-2,sst2,sst2_02809,mentions_boredom,0
SST-2,sst2,sst2_02809,sounds_confident,1
SST-2,sst2,sst2_01845,expresses_positive_emotion,0
SST-2,sst2,sst2_01845,contains_praise,0
SST-2,sst2,sst2_01845,mentions_enjoyment,0
SST-2,sst2,sst2_01845,describes_high_quality,0
SST-2,sst2,sst2_01845,expresses_negative_emotion,0
SST-2,sst2,sst2_01845,contains_criticism,0
SST-2,sst2,sst2_01845,mentions_disappointment,0
SST-2,sst2,sst2_01845,describes_low_quality,0
SST-2,sst2,sst2_01845,mentions_good_acting_or_writing,0
SST-2,sst2,sst2_01845,mentions_bad_acting_or_writing,0
SST-2,sst2,sst2_01845,contains_comparison,0
SST-2,sst2,sst2_01845,uses_strong_opinion,0
SST-2,sst2,sst2_01845,contains_irony_or_sarcasm,0
SST-2,sst2,sst2_01845,contains_mixed_sentiment,0
SST-2,sst2,sst2_01845,sounds_uncertain,0
SST-2,sst2,sst2_01845,uses_emotional_language,0
SST-2,sst2,sst2_01845,contains_recommendation,0
SST-2,sst2,sst2_01845,mentions_exciting_content,0
SST-2,sst2,sst2_01845,mentions_boredom,0
SST-2,sst2,sst2_01845,sounds_confident,0
SST-2,sst2,sst2_01696,expresses_positive_emotion,1
SST-2,sst2,sst2_01696,contains_praise,0
SST-2,sst2,sst2_01696,mentions_enjoyment,0
SST-2,sst2,sst2_01696,describes_high_quality,0
SST-2,sst2,sst2_01696,expresses_negative_emotion,0
SST-2,sst2,sst2_01696,contains_criticism,0
SST-2,sst2,sst2_01696,mentions_disappointment,0
SST-2,sst2,sst2_01696,describes_low_quality,0
SST-2,sst2,sst2_01696,mentions_good_acting_or_writing,0
SST-2,sst2,sst2_01696,mentions_bad_acting_or_writing,0
SST-2,sst2,sst2_01696,contains_comparison,0
SST-2,sst2,sst2_01696,uses_strong_opinion,0
SST-2,sst2,sst2_01696,contains_irony_or_sarcasm,0
SST-2,sst2,sst2_01696,contains_mixed_sentiment,0
SST-2,sst2,sst2_01696,sounds_uncertain,0
SST-2,sst2,sst2_01696,uses_emotional_language,1
SST-2,sst2,sst2_01696,contains_recommendation,0
SST-2,sst2,sst2_01696,mentions_exciting_content,0
SST-2,sst2,sst2_01696,mentions_boredom,0
SST-2,sst2,sst2_01696,sounds_confident,1
SST-2,sst2,sst2_00790,expresses_positive_emotion,0
SST-2,sst2,sst2_00790,contains_praise,0
SST-2,sst2,sst2_00790,mentions_enjoyment,0
SST-2,sst2,sst2_00790,describes_high_quality,0
SST-2,sst2,sst2_00790,expresses_negative_emotion,1
SST-2,sst2,sst2_00790,contains_criticism,1
SST-2,sst2,sst2_00790,mentions_disappointment,1
SST-2,sst2,sst2_00790,describes_low_quality,1
SST-2,sst2,sst2_00790,mentions_good_acting_or_writing,0
SST-2,sst2,sst2_00790,mentions_bad_acting_or_writing,1
SST-2,sst2,sst2_00790,contains_comparison,0
SST-2,sst2,sst2_00790,uses_strong_opinion,0
SST-2,sst2,sst2_00790,contains_irony_or_sarcasm,0
SST-2,sst2,sst2_00790,contains_mixed_sentiment,0
SST-2,sst2,sst2_00790,sounds_uncertain,0
SST-2,sst2,sst2_00790,uses_emotional_language,0
SST-2,sst2,sst2_00790,contains_recommendation,0
SST-2,sst2,sst2_00790,mentions_exciting_content,0
SST-2,sst2,sst2_00790,mentions_boredom,0
SST-2,sst2,sst2_00790,sounds_confident,1
SST-2,sst2,sst2_04678,expresses_positive_emotion,0
SST-2,sst2,sst2_04678,contains_praise,0
SST-2,sst2,sst2_04678,mentions_enjoyment,0
SST-2,sst2,sst2_04678,describes_high_quality,0
SST-2,sst2,sst2_04678,expresses_negative_emotion,1
SST-2,sst2,sst2_04678,contains_criticism,1
SST-2,sst2,sst2_04678,mentions_disappointment,1
SST-2,sst2,sst2_04678,describes_low_quality,1
SST-2,sst2,sst2_04678,mentions_good_acting_or_writing,0
SST-2,sst2,sst2_04678,mentions_bad_acting_or_writing,1
SST-2,sst2,sst2_04678,contains_comparison,0
SST-2,sst2,sst2_04678,uses_strong_opinion,1
SST-2,sst2,sst2_04678,contains_irony_or_sarcasm,0
SST-2,sst2,sst2_04678,contains_mixed_sentiment,0
SST-2,sst2,sst2_04678,sounds_uncertain,0
SST-2,sst2,sst2_04678,uses_emotional_language,0
SST-2,sst2,sst2_04678,contains_recommendation,0
SST-2,sst2,sst2_04678,mentions_exciting_content,0
SST-2,sst2,sst2_04678,mentions_boredom,1
SST-2,sst2,sst2_04678,sounds_confident,1
SST-2,sst2,sst2_01433,expresses_positive_emotion,1
SST-2,sst2,sst2_01433,contains_praise,1
SST-2,sst2,sst2_01433,mentions_enjoyment,0
SST-2,sst2,sst2_01433,describes_high_quality,1
SST-2,sst2,sst2_01433,expresses_negative_emotion,0
SST-2,sst2,sst2_01433,contains_criticism,0
SST-2,sst2,sst2_01433,mentions_disappointment,0
SST-2,sst2,sst2_01433,describes_low_quality,0
SST-2,sst2,sst2_01433,mentions_good_acting_or_writing,0
SST-2,sst2,sst2_01433,mentions_bad_acting_or_writing,0
SST-2,sst2,sst2_01433,contains_comparison,1
SST-2,sst2,sst2_01433,uses_strong_opinion,1
SST-2,sst2,sst2_01433,contains_irony_or_sarcasm,0
SST-2,sst2,sst2_01433,contains_mixed_sentiment,0
SST-2,sst2,sst2_01433,sounds_uncertain,0
SST-2,sst2,sst2_01433,uses_emotional_language,1
SST-2,sst2,sst2_01433,contains_recommendation,0
SST-2,sst2,sst2_01433,mentions_exciting_content,1
SST-2,sst2,sst2_01433,mentions_boredom,0
SST-2,sst2,sst2_01433,sounds_confident,1
SST-2,sst2,sst2_00252,expresses_positive_emotion,1
SST-2,sst2,sst2_00252,contains_praise,1
SST-2,sst2,sst2_00252,mentions_enjoyment,1
SST-2,sst2,sst2_00252,describes_high_quality,1
SST-2,sst2,sst2_00252,expresses_negative_emotion,0
SST-2,sst2,sst2_00252,contains_criticism,0
SST-2,sst2,sst2_00252,mentions_disappointment,0
SST-2,sst2,sst2_00252,describes_low_quality,0
SST-2,sst2,sst2_00252,mentions_good_acting_or_writing,0
SST-2,sst2,sst2_00252,mentions_bad_acting_or_writing,0
SST-2,sst2,sst2_00252,contains_comparison,0
SST-2,sst2,sst2_00252,uses_strong_opinion,1
SST-2,sst2,sst2_00252,contains_irony_or_sarcasm,0
SST-2,sst2,sst2_00252,contains_mixed_sentiment,1
SST-2,sst2,sst2_00252,sounds_uncertain,0
SST-2,sst2,sst2_00252,uses_emotional_language,1
SST-2,sst2,sst2_00252,contains_recommendation,0
SST-2,sst2,sst2_00252,mentions_exciting_content,0
SST-2,sst2,sst2_00252,mentions_boredom,0
SST-2,sst2,sst2_00252,sounds_confident,1
SST-2,sst2,sst2_03878,expresses_positive_emotion,1
SST-2,sst2,sst2_03878,contains_praise,1
SST-2,sst2,sst2_03878,mentions_enjoyment,0
SST-2,sst2,sst2_03878,describes_high_quality,1
SST-2,sst2,sst2_03878,expresses_negative_emotion,0
SST-2,sst2,sst2_03878,contains_criticism,0
SST-2,sst2,sst2_03878,mentions_disappointment,0
SST-2,sst2,sst2_03878,describes_low_quality,0
SST-2,sst2,sst2_03878,mentions_good_acting_or_writing,0
SST-2,sst2,sst2_03878,mentions_bad_acting_or_writing,0
SST-2,sst2,sst2_03878,contains_comparison,0
SST-2,sst2,sst2_03878,uses_strong_opinion,1
SST-2,sst2,sst2_03878,contains_irony_or_sarcasm,0
SST-2,sst2,sst2_03878,contains_mixed_sentiment,0
SST-2,sst2,sst2_03878,sounds_uncertain,0
SST-2,sst2,sst2_03878,uses_emotional_language,1
SST-2,sst2,sst2_03878,contains_recommendation,0
SST-2,sst2,sst2_03878,mentions_exciting_content,0
SST-2,sst2,sst2_03878,mentions_boredom,0
SST-2,sst2,sst2_03878,sounds_confident,1
SST-2,sst2,sst2_04034,expresses_positive_emotion,0
SST-2,sst2,sst2_04034,contains_praise,0
SST-2,sst2,sst2_04034,mentions_enjoyment,0
SST-2,sst2,sst2_04034,describes_high_quality,0
SST-2,sst2,sst2_04034,expresses_negative_emotion,1
SST-2,sst2,sst2_04034,contains_criticism,1
SST-2,sst2,sst2_04034,mentions_disappointment,1
SST-2,sst2,sst2_04034,describes_low_quality,1
SST-2,sst2,sst2_04034,mentions_good_acting_or_writing,0
SST-2,sst2,sst2_04034,mentions_bad_acting_or_writing,1
SST-2,sst2,sst2_04034,contains_comparison,0
SST-2,sst2,sst2_04034,uses_strong_opinion,1
SST-2,sst2,sst2_04034,contains_irony_or_sarcasm,0
SST-2,sst2,sst2_04034,contains_mixed_sentiment,0
SST-2,sst2,sst2_04034,sounds_uncertain,0
SST-2,sst2,sst2_04034,uses_emotional_language,1
SST-2,sst2,sst2_04034,contains_recommendation,0
SST-2,sst2,sst2_04034,mentions_exciting_content,0
SST-2,sst2,sst2_04034,mentions_boredom,0
SST-2,sst2,sst2_04034,sounds_confident,1
SST-2,sst2,sst2_00564,expresses_positive_emotion,1
SST-2,sst2,sst2_00564,contains_praise,0
SST-2,sst2,sst2_00564,mentions_enjoyment,0
SST-2,sst2,sst2_00564,describes_high_quality,1
SST-2,sst2,sst2_00564,expresses_negative_emotion,0
SST-2,sst2,sst2_00564,contains_criticism,0
SST-2,sst2,sst2_00564,mentions_disappointment,0
SST-2,sst2,sst2_00564,describes_low_quality,0
SST-2,sst2,sst2_00564,mentions_good_acting_or_writing,0
SST-2,sst2,sst2_00564,mentions_bad_acting_or_writing,0
SST-2,sst2,sst2_00564,contains_comparison,0
SST-2,sst2,sst2_00564,uses_strong_opinion,0
SST-2,sst2,sst2_00564,contains_irony_or_sarcasm,0
SST-2,sst2,sst2_00564,contains_mixed_sentiment,0
SST-2,sst2,sst2_00564,sounds_uncertain,0
SST-2,sst2,sst2_00564,uses_emotional_language,1
SST-2,sst2,sst2_00564,contains_recommendation,0
SST-2,sst2,sst2_00564,mentions_exciting_content,0
SST-2,sst2,sst2_00564,mentions_boredom,0
SST-2,sst2,sst2_00564,sounds_confident,1
SST-2,sst2,sst2_00082,expresses_positive_emotion,0
SST-2,sst2,sst2_00082,contains_praise,0
SST-2,sst2,sst2_00082,mentions_enjoyment,0
SST-2,sst2,sst2_00082,describes_high_quality,0
SST-2,sst2,sst2_00082,expresses_negative_emotion,1
SST-2,sst2,sst2_00082,contains_criticism,1
SST-2,sst2,sst2_00082,mentions_disappointment,0
SST-2,sst2,sst2_00082,describes_low_quality,0
SST-2,sst2,sst2_00082,mentions_good_acting_or_writing,0
SST-2,sst2,sst2_00082,mentions_bad_acting_or_writing,0
SST-2,sst2,sst2_00082,contains_comparison,0
SST-2,sst2,sst2_00082,uses_strong_opinion,0
SST-2,sst2,sst2_00082,contains_irony_or_sarcasm,0
SST-2,sst2,sst2_00082,contains_mixed_sentiment,0
SST-2,sst2,sst2_00082,sounds_uncertain,0
SST-2,sst2,sst2_00082,uses_emotional_language,1
SST-2,sst2,sst2_00082,contains_recommendation,0
SST-2,sst2,sst2_00082,mentions_exciting_content,0
SST-2,sst2,sst2_00082,mentions_boredom,0
SST-2,sst2,sst2_00082,sounds_confident,1
SST-2,sst2,sst2_03779,expresses_positive_emotion,1
SST-2,sst2,sst2_03779,contains_praise,1
SST-2,sst2,sst2_03779,mentions_enjoyment,0
SST-2,sst2,sst2_03779,describes_high_quality,1
SST-2,sst2,sst2_03779,expresses_negative_emotion,0
SST-2,sst2,sst2_03779,contains_criticism,0
SST-2,sst2,sst2_03779,mentions_disappointment,0
SST-2,sst2,sst2_03779,describes_low_quality,0
SST-2,sst2,sst2_03779,mentions_good_acting_or_writing,1
SST-2,sst2,sst2_03779,mentions_bad_acting_or_writing,0
SST-2,sst2,sst2_03779,contains_comparison,0
SST-2,sst2,sst2_03779,uses_strong_opinion,1
SST-2,sst2,sst2_03779,contains_irony_or_sarcasm,0
SST-2,sst2,sst2_03779,contains_mixed_sentiment,0
SST-2,sst2,sst2_03779,sounds_uncertain,0
SST-2,sst2,sst2_03779,uses_emotional_language,1
SST-2,sst2,sst2_03779,contains_recommendation,0
SST-2,sst2,sst2_03779,mentions_exciting_content,1
SST-2,sst2,sst2_03779,mentions_boredom,0
SST-2,sst2,sst2_03779,sounds_confident,1
SST-2,sst2,sst2_00160,expresses_positive_emotion,1
SST-2,sst2,sst2_00160,contains_praise,1
SST-2,sst2,sst2_00160,mentions_enjoyment,0
SST-2,sst2,sst2_00160,describes_high_quality,1
SST-2,sst2,sst2_00160,expresses_negative_emotion,0
SST-2,sst2,sst2_00160,contains_criticism,0
SST-2,sst2,sst2_00160,mentions_disappointment,0
SST-2,sst2,sst2_00160,describes_low_quality,0
SST-2,sst2,sst2_00160,mentions_good_acting_or_writing,0
SST-2,sst2,sst2_00160,mentions_bad_acting_or_writing,0
SST-2,sst2,sst2_00160,contains_comparison,0
SST-2,sst2,sst2_00160,uses_strong_opinion,1
SST-2,sst2,sst2_00160,contains_irony_or_sarcasm,0
SST-2,sst2,sst2_00160,contains_mixed_sentiment,0
SST-2,sst2,sst2_00160,sounds_uncertain,0
SST-2,sst2,sst2_00160,uses_emotional_language,0
SST-2,sst2,sst2_00160,contains_recommendation,0
SST-2,sst2,sst2_00160,mentions_exciting_content,0
SST-2,sst2,sst2_00160,mentions_boredom,0
SST-2,sst2,sst2_00160,sounds_confident,1
SST-2,sst2,sst2_04977,expresses_positive_emotion,0
SST-2,sst2,sst2_04977,contains_praise,0
SST-2,sst2,sst2_04977,mentions_enjoyment,0
SST-2,sst2,sst2_04977,describes_high_quality,0
SST-2,sst2,sst2_04977,expresses_negative_emotion,0
SST-2,sst2,sst2_04977,contains_criticism,0
SST-2,sst2,sst2_04977,mentions_disappointment,0
SST-2,sst2,sst2_04977,describes_low_quality,0
SST-2,sst2,sst2_04977,mentions_good_acting_or_writing,1
SST-2,sst2,sst2_04977,mentions_bad_acting_or_writing,0
SST-2,sst2,sst2_04977,contains_comparison,0
SST-2,sst2,sst2_04977,uses_strong_opinion,0
SST-2,sst2,sst2_04977,contains_irony_or_sarcasm,0
SST-2,sst2,sst2_04977,contains_mixed_sentiment,0
SST-2,sst2,sst2_04977,sounds_uncertain,0
SST-2,sst2,sst2_04977,uses_emotional_language,0
SST-2,sst2,sst2_04977,contains_recommendation,0
SST-2,sst2,sst2_04977,mentions_exciting_content,0
SST-2,sst2,sst2_04977,mentions_boredom,0
SST-2,sst2,sst2_04977,sounds_confident,1
SST-2,sst2,sst2_02762,expresses_positive_emotion,0
SST-2,sst2,sst2_02762,contains_praise,0
SST-2,sst2,sst2_02762,mentions_enjoyment,0
SST-2,sst2,sst2_02762,describes_high_quality,0
SST-2,sst2,sst2_02762,expresses_negative_emotion,1
SST-2,sst2,sst2_02762,contains_criticism,1
SST-2,sst2,sst2_02762,mentions_disappointment,0
SST-2,sst2,sst2_02762,describes_low_quality,1
SST-2,sst2,sst2_02762,mentions_good_acting_or_writing,0
SST-2,sst2,sst2_02762,mentions_bad_acting_or_writing,0
SST-2,sst2,sst2_02762,contains_comparison,1
SST-2,sst2,sst2_02762,uses_strong_opinion,1
SST-2,sst2,sst2_02762,contains_irony_or_sarcasm,0
SST-2,sst2,sst2_02762,contains_mixed_sentiment,0
SST-2,sst2,sst2_02762,sounds_uncertain,0
SST-2,sst2,sst2_02762,uses_emotional_language,1
SST-2,sst2,sst2_02762,contains_recommendation,0
SST-2,sst2,sst2_02762,mentions_exciting_content,0
SST-2,sst2,sst2_02762,mentions_boredom,0
SST-2,sst2,sst2_02762,sounds_confident,1
SST-2,sst2,sst2_04434,expresses_positive_emotion,0
SST-2,sst2,sst2_04434,contains_praise,0
SST-2,sst2,sst2_04434,mentions_enjoyment,0
SST-2,sst2,sst2_04434,describes_high_quality,0
SST-2,sst2,sst2_04434,expresses_negative_emotion,1
SST-2,sst2,sst2_04434,contains_criticism,1
SST-2,sst2,sst2_04434,mentions_disappointment,1
SST-2,sst2,sst2_04434,describes_low_quality,1
SST-2,sst2,sst2_04434,mentions_good_acting_or_writing,0
SST-2,sst2,sst2_04434,mentions_bad_acting_or_writing,0
SST-2,sst2,sst2_04434,contains_comparison,0
SST-2,sst2,sst2_04434,uses_strong_opinion,1
SST-2,sst2,sst2_04434,contains_irony_or_sarcasm,0
SST-2,sst2,sst2_04434,contains_mixed_sentiment,0
SST-2,sst2,sst2_04434,sounds_uncertain,0
SST-2,sst2,sst2_04434,uses_emotional_language,1
SST-2,sst2,sst2_04434,contains_recommendation,0
SST-2,sst2,sst2_04434,mentions_exciting_content,0
SST-2,sst2,sst2_04434,mentions_boredom,0
SST-2,sst2,sst2_04434,sounds_confident,1
SST-2,sst2,sst2_02015,expresses_positive_emotion,1
SST-2,sst2,sst2_02015,contains_praise,1
SST-2,sst2,sst2_02015,mentions_enjoyment,0
SST-2,sst2,sst2_02015,describes_high_quality,1
SST-2,sst2,sst2_02015,expresses_negative_emotion,0
SST-2,sst2,sst2_02015,contains_criticism,0
SST-2,sst2,sst2_02015,mentions_disappointment,0
SST-2,sst2,sst2_02015,describes_low_quality,0
SST-2,sst2,sst2_02015,mentions_good_acting_or_writing,1
SST-2,sst2,sst2_02015,mentions_bad_acting_or_writing,0
SST-2,sst2,sst2_02015,contains_comparison,0
SST-2,sst2,sst2_02015,uses_strong_opinion,1
SST-2,sst2,sst2_02015,contains_irony_or_sarcasm,0
SST-2,sst2,sst2_02015,contains_mixed_sentiment,0
SST-2,sst2,sst2_02015,sounds_uncertain,0
SST-2,sst2,sst2_02015,uses_emotional_language,1
SST-2,sst2,sst2_02015,contains_recommendation,0
SST-2,sst2,sst2_02015,mentions_exciting_content,1
SST-2,sst2,sst2_02015,mentions_boredom,0
SST-2,sst2,sst2_02015,sounds_confident,1
SST-2,sst2,sst2_02636,expresses_positive_emotion,0
SST-2,sst2,sst2_02636,contains_praise,0
SST-2,sst2,sst2_02636,mentions_enjoyment,0
SST-2,sst2,sst2_02636,describes_high_quality,0
SST-2,sst2,sst2_02636,expresses_negative_emotion,1
SST-2,sst2,sst2_02636,contains_criticism,1
SST-2,sst2,sst2_02636,mentions_disappointment,1
SST-2,sst2,sst2_02636,describes_low_quality,1
SST-2,sst2,sst2_02636,mentions_good_acting_or_writing,0
SST-2,sst2,sst2_02636,mentions_bad_acting_or_writing,1
SST-2,sst2,sst2_02636,contains_comparison,1
SST-2,sst2,sst2_02636,uses_strong_opinion,1
SST-2,sst2,sst2_02636,contains_irony_or_sarcasm,0
SST-2,sst2,sst2_02636,contains_mixed_sentiment,0
SST-2,sst2,sst2_02636,sounds_uncertain,0
SST-2,sst2,sst2_02636,uses_emotional_language,0
SST-2,sst2,sst2_02636,contains_recommendation,0
SST-2,sst2,sst2_02636,mentions_exciting_content,0
SST-2,sst2,sst2_02636,mentions_boredom,0
SST-2,sst2,sst2_02636,sounds_confident,1
SST-2,sst2,sst2_03211,expresses_positive_emotion,0
SST-2,sst2,sst2_03211,contains_praise,0
SST-2,sst2,sst2_03211,mentions_enjoyment,0
SST-2,sst2,sst2_03211,describes_high_quality,0
SST-2,sst2,sst2_03211,expresses_negative_emotion,1
SST-2,sst2,sst2_03211,contains_criticism,1
SST-2,sst2,sst2_03211,mentions_disappointment,1
SST-2,sst2,sst2_03211,describes_low_quality,1
SST-2,sst2,sst2_03211,mentions_good_acting_or_writing,0
SST-2,sst2,sst2_03211,mentions_bad_acting_or_writing,1
SST-2,sst2,sst2_03211,contains_comparison,0
SST-2,sst2,sst2_03211,uses_strong_opinion,1
SST-2,sst2,sst2_03211,contains_irony_or_sarcasm,0
SST-2,sst2,sst2_03211,contains_mixed_sentiment,0
SST-2,sst2,sst2_03211,sounds_uncertain,0
SST-2,sst2,sst2_03211,uses_emotional_language,1
SST-2,sst2,sst2_03211,contains_recommendation,0
SST-2,sst2,sst2_03211,mentions_exciting_content,0
SST-2,sst2,sst2_03211,mentions_boredom,0
SST-2,sst2,sst2_03211,sounds_confident,1
SST-2,sst2,sst2_01730,expresses_positive_emotion,0
SST-2,sst2,sst2_01730,contains_praise,0
SST-2,sst2,sst2_01730,mentions_enjoyment,0
SST-2,sst2,sst2_01730,describes_high_quality,0
SST-2,sst2,sst2_01730,expresses_negative_emotion,1
SST-2,sst2,sst2_01730,contains_criticism,1
SST-2,sst2,sst2_01730,mentions_disappointment,1
SST-2,sst2,sst2_01730,describes_low_quality,1
SST-2,sst2,sst2_01730,mentions_good_acting_or_writing,0
SST-2,sst2,sst2_01730,mentions_bad_acting_or_writing,1
SST-2,sst2,sst2_01730,contains_comparison,0
SST-2,sst2,sst2_01730,uses_strong_opinion,1
SST-2,sst2,sst2_01730,contains_irony_or_sarcasm,0
SST-2,sst2,sst2_01730,contains_mixed_sentiment,1
SST-2,sst2,sst2_01730,sounds_uncertain,0
SST-2,sst2,sst2_01730,uses_emotional_language,0
SST-2,sst2,sst2_01730,contains_recommendation,0
SST-2,sst2,sst2_01730,mentions_exciting_content,0
SST-2,sst2,sst2_01730,mentions_boredom,0
SST-2,sst2,sst2_01730,sounds_confident,1
SST-2,sst2,sst2_02546,expresses_positive_emotion,0
SST-2,sst2,sst2_02546,contains_praise,0
SST-2,sst2,sst2_02546,mentions_enjoyment,0
SST-2,sst2,sst2_02546,describes_high_quality,0
SST-2,sst2,sst2_02546,expresses_negative_emotion,1
SST-2,sst2,sst2_02546,contains_criticism,1
SST-2,sst2,sst2_02546,mentions_disappointment,1
SST-2,sst2,sst2_02546,describes_low_quality,1
SST-2,sst2,sst2_02546,mentions_good_acting_or_writing,0
SST-2,sst2,sst2_02546,mentions_bad_acting_or_writing,1
SST-2,sst2,sst2_02546,contains_comparison,0
SST-2,sst2,sst2_02546,uses_strong_opinion,1
SST-2,sst2,sst2_02546,contains_irony_or_sarcasm,0
SST-2,sst2,sst2_02546,contains_mixed_sentiment,0
SST-2,sst2,sst2_02546,sounds_uncertain,0
SST-2,sst2,sst2_02546,uses_emotional_language,0
SST-2,sst2,sst2_02546,contains_recommendation,0
SST-2,sst2,sst2_02546,mentions_exciting_content,0
SST-2,sst2,sst2_02546,mentions_boredom,0
SST-2,sst2,sst2_02546,sounds_confident,1
SST-2,sst2,sst2_02389,expresses_positive_emotion,1
SST-2,sst2,sst2_02389,contains_praise,1
SST-2,sst2,sst2_02389,mentions_enjoyment,1
SST-2,sst2,sst2_02389,describes_high_quality,1
SST-2,sst2,sst2_02389,expresses_negative_emotion,0
SST-2,sst2,sst2_02389,contains_criticism,0
SST-2,sst2,sst2_02389,mentions_disappointment,0
SST-2,sst2,sst2_02389,describes_low_quality,0
SST-2,sst2,sst2_02389,mentions_good_acting_or_writing,0
SST-2,sst2,sst2_02389,mentions_bad_acting_or_writing,0
SST-2,sst2,sst2_02389,contains_comparison,0
SST-2,sst2,sst2_02389,uses_strong_opinion,1
SST-2,sst2,sst2_02389,contains_irony_or_sarcasm,0
SST-2,sst2,sst2_02389,contains_mixed_sentiment,0
SST-2,sst2,sst2_02389,sounds_uncertain,0
SST-2,sst2,sst2_02389,uses_emotional_language,1
SST-2,sst2,sst2_02389,contains_recommendation,0
SST-2,sst2,sst2_02389,mentions_exciting_content,1
SST-2,sst2,sst2_02389,mentions_boredom,0
SST-2,sst2,sst2_02389,sounds_confident,1
SST-2,sst2,sst2_02431,expresses_positive_emotion,0
SST-2,sst2,sst2_02431,contains_praise,0
SST-2,sst2,sst2_02431,mentions_enjoyment,0
SST-2,sst2,sst2_02431,describes_high_quality,0
SST-2,sst2,sst2_02431,expresses_negative_emotion,1
SST-2,sst2,sst2_02431,contains_criticism,1
SST-2,sst2,sst2_02431,mentions_disappointment,1
SST-2,sst2,sst2_02431,describes_low_quality,1
SST-2,sst2,sst2_02431,mentions_good_acting_or_writing,0
SST-2,sst2,sst2_02431,mentions_bad_acting_or_writing,1
SST-2,sst2,sst2_02431,contains_comparison,1
SST-2,sst2,sst2_02431,uses_strong_opinion,1
SST-2,sst2,sst2_02431,contains_irony_or_sarcasm,0
SST-2,sst2,sst2_02431,contains_mixed_sentiment,0
SST-2,sst2,sst2_02431,sounds_uncertain,0
SST-2,sst2,sst2_02431,uses_emotional_language,1
SST-2,sst2,sst2_02431,contains_recommendation,0
SST-2,sst2,sst2_02431,mentions_exciting_content,0
SST-2,sst2,sst2_02431,mentions_boredom,0
SST-2,sst2,sst2_02431,sounds_confident,1
SST-2,sst2,sst2_02149,expresses_positive_emotion,1
SST-2,sst2,sst2_02149,contains_praise,0
SST-2,sst2,sst2_02149,mentions_enjoyment,0
SST-2,sst2,sst2_02149,describes_high_quality,1
SST-2,sst2,sst2_02149,expresses_negative_emotion,0
SST-2,sst2,sst2_02149,contains_criticism,0
SST-2,sst2,sst2_02149,mentions_disappointment,0
SST-2,sst2,sst2_02149,describes_low_quality,0
SST-2,sst2,sst2_02149,mentions_good_acting_or_writing,1
SST-2,sst2,sst2_02149,mentions_bad_acting_or_writing,0
SST-2,sst2,sst2_02149,contains_comparison,1
SST-2,sst2,sst2_02149,uses_strong_opinion,0
SST-2,sst2,sst2_02149,contains_irony_or_sarcasm,0
SST-2,sst2,sst2_02149,contains_mixed_sentiment,0
SST-2,sst2,sst2_02149,sounds_uncertain,0
SST-2,sst2,sst2_02149,uses_emotional_language,0
SST-2,sst2,sst2_02149,contains_recommendation,0
SST-2,sst2,sst2_02149,mentions_exciting_content,0
SST-2,sst2,sst2_02149,mentions_boredom,0
SST-2,sst2,sst2_02149,sounds_confident,1
SST-2,sst2,sst2_02928,expresses_positive_emotion,0
SST-2,sst2,sst2_02928,contains_praise,0
SST-2,sst2,sst2_02928,mentions_enjoyment,0
SST-2,sst2,sst2_02928,describes_high_quality,0
SST-2,sst2,sst2_02928,expresses_negative_emotion,1
SST-2,sst2,sst2_02928,contains_criticism,1
SST-2,sst2,sst2_02928,mentions_disappointment,1
SST-2,sst2,sst2_02928,describes_low_quality,1
SST-2,sst2,sst2_02928,mentions_good_acting_or_writing,0
SST-2,sst2,sst2_02928,mentions_bad_acting_or_writing,1
SST-2,sst2,sst2_02928,contains_comparison,0
SST-2,sst2,sst2_02928,uses_strong_opinion,1
SST-2,sst2,sst2_02928,contains_irony_or_sarcasm,0
SST-2,sst2,sst2_02928,contains_mixed_sentiment,0
SST-2,sst2,sst2_02928,sounds_uncertain,0
SST-2,sst2,sst2_02928,uses_emotional_language,0
SST-2,sst2,sst2_02928,contains_recommendation,0
SST-2,sst2,sst2_02928,mentions_exciting_content,0
SST-2,sst2,sst2_02928,mentions_boredom,1
SST-2,sst2,sst2_02928,sounds_confident,1
SST-2,sst2,sst2_01911,expresses_positive_emotion,0
SST-2,sst2,sst2_01911,contains_praise,0
SST-2,sst2,sst2_01911,mentions_enjoyment,0
SST-2,sst2,sst2_01911,describes_high_quality,0
SST-2,sst2,sst2_01911,expresses_negative_emotion,1
SST-2,sst2,sst2_01911,contains_criticism,1
SST-2,sst2,sst2_01911,mentions_disappointment,1
SST-2,sst2,sst2_01911,describes_low_quality,1
SST-2,sst2,sst2_01911,mentions_good_acting_or_writing,0
SST-2,sst2,sst2_01911,mentions_bad_acting_or_writing,1
SST-2,sst2,sst2_01911,contains_comparison,1
SST-2,sst2,sst2_01911,uses_strong_opinion,1
SST-2,sst2,sst2_01911,contains_irony_or_sarcasm,0
SST-2,sst2,sst2_01911,contains_mixed_sentiment,0
SST-2,sst2,sst2_01911,sounds_uncertain,0
SST-2,sst2,sst2_01911,uses_emotional_language,1
SST-2,sst2,sst2_01911,contains_recommendation,0
SST-2,sst2,sst2_01911,mentions_exciting_content,0
SST-2,sst2,sst2_01911,mentions_boredom,0
SST-2,sst2,sst2_01911,sounds_confident,1
SST-2,sst2,sst2_04954,expresses_positive_emotion,0
SST-2,sst2,sst2_04954,contains_praise,0
SST-2,sst2,sst2_04954,mentions_enjoyment,0
SST-2,sst2,sst2_04954,describes_high_quality,0
SST-2,sst2,sst2_04954,expresses_negative_emotion,1
SST-2,sst2,sst2_04954,contains_criticism,1
SST-2,sst2,sst2_04954,mentions_disappointment,1
SST-2,sst2,sst2_04954,describes_low_quality,1
SST-2,sst2,sst2_04954,mentions_good_acting_or_writing,0
SST-2,sst2,sst2_04954,mentions_bad_acting_or_writing,1
SST-2,sst2,sst2_04954,contains_comparison,0
SST-2,sst2,sst2_04954,uses_strong_opinion,1
SST-2,sst2,sst2_04954,contains_irony_or_sarcasm,0
SST-2,sst2,sst2_04954,contains_mixed_sentiment,0
SST-2,sst2,sst2_04954,sounds_uncertain,0
SST-2,sst2,sst2_04954,uses_emotional_language,0
SST-2,sst2,sst2_04954,contains_recommendation,0
SST-2,sst2,sst2_04954,mentions_exciting_content,0
SST-2,sst2,sst2_04954,mentions_boredom,0
SST-2,sst2,sst2_04954,sounds_confident,1
SST-2,sst2,sst2_04855,expresses_positive_emotion,1
SST-2,sst2,sst2_04855,contains_praise,1
SST-2,sst2,sst2_04855,mentions_enjoyment,0
SST-2,sst2,sst2_04855,describes_high_quality,1
SST-2,sst2,sst2_04855,expresses_negative_emotion,0
SST-2,sst2,sst2_04855,contains_criticism,0
SST-2,sst2,sst2_04855,mentions_disappointment,0
SST-2,sst2,sst2_04855,describes_low_quality,0
SST-2,sst2,sst2_04855,mentions_good_acting_or_writing,0
SST-2,sst2,sst2_04855,mentions_bad_acting_or_writing,0
SST-2,sst2,sst2_04855,contains_comparison,0
SST-2,sst2,sst2_04855,uses_strong_opinion,1
SST-2,sst2,sst2_04855,contains_irony_or_sarcasm,0
SST-2,sst2,sst2_04855,contains_mixed_sentiment,0
SST-2,sst2,sst2_04855,sounds_uncertain,0
SST-2,sst2,sst2_04855,uses_emotional_language,1
SST-2,sst2,sst2_04855,contains_recommendation,0
SST-2,sst2,sst2_04855,mentions_exciting_content,1
SST-2,sst2,sst2_04855,mentions_boredom,0
SST-2,sst2,sst2_04855,sounds_confident,1
SST-2,sst2,sst2_00577,expresses_positive_emotion,1
SST-2,sst2,sst2_00577,contains_praise,1
SST-2,sst2,sst2_00577,mentions_enjoyment,1
SST-2,sst2,sst2_00577,describes_high_quality,1
SST-2,sst2,sst2_00577,expresses_negative_emotion,0
SST-2,sst2,sst2_00577,contains_criticism,0
SST-2,sst2,sst2_00577,mentions_disappointment,0
SST-2,sst2,sst2_00577,describes_low_quality,0
SST-2,sst2,sst2_00577,mentions_good_acting_or_writing,1
SST-2,sst2,sst2_00577,mentions_bad_acting_or_writing,0
SST-2,sst2,sst2_00577,contains_comparison,0
SST-2,sst2,sst2_00577,uses_strong_opinion,1
SST-2,sst2,sst2_00577,contains_irony_or_sarcasm,0
SST-2,sst2,sst2_00577,contains_mixed_sentiment,0
SST-2,sst2,sst2_00577,sounds_uncertain,0
SST-2,sst2,sst2_00577,uses_emotional_language,1
SST-2,sst2,sst2_00577,contains_recommendation,0
SST-2,sst2,sst2_00577,mentions_exciting_content,1
SST-2,sst2,sst2_00577,mentions_boredom,0
SST-2,sst2,sst2_00577,sounds_confident,1
SST-2,sst2,sst2_01924,expresses_positive_emotion,1
SST-2,sst2,sst2_01924,contains_praise,1
SST-2,sst2,sst2_01924,mentions_enjoyment,1
SST-2,sst2,sst2_01924,describes_high_quality,1
SST-2,sst2,sst2_01924,expresses_negative_emotion,0
SST-2,sst2,sst2_01924,contains_criticism,0
SST-2,sst2,sst2_01924,mentions_disappointment,0
SST-2,sst2,sst2_01924,describes_low_quality,0
SST-2,sst2,sst2_01924,mentions_good_acting_or_writing,0
SST-2,sst2,sst2_01924,mentions_bad_acting_or_writing,0
SST-2,sst2,sst2_01924,contains_comparison,0
SST-2,sst2,sst2_01924,uses_strong_opinion,1
SST-2,sst2,sst2_01924,contains_irony_or_sarcasm,0
SST-2,sst2,sst2_01924,contains_mixed_sentiment,0
SST-2,sst2,sst2_01924,sounds_uncertain,0
SST-2,sst2,sst2_01924,uses_emotional_language,1
SST-2,sst2,sst2_01924,contains_recommendation,0
SST-2,sst2,sst2_01924,mentions_exciting_content,1
SST-2,sst2,sst2_01924,mentions_boredom,0
SST-2,sst2,sst2_01924,sounds_confident,1
SST-2,sst2,sst2_02062,expresses_positive_emotion,1
SST-2,sst2,sst2_02062,contains_praise,1
SST-2,sst2,sst2_02062,mentions_enjoyment,1
SST-2,sst2,sst2_02062,describes_high_quality,1
SST-2,sst2,sst2_02062,expresses_negative_emotion,0
SST-2,sst2,sst2_02062,contains_criticism,0
SST-2,sst2,sst2_02062,mentions_disappointment,0
SST-2,sst2,sst2_02062,describes_low_quality,0
SST-2,sst2,sst2_02062,mentions_good_acting_or_writing,0
SST-2,sst2,sst2_02062,mentions_bad_acting_or_writing,0
SST-2,sst2,sst2_02062,contains_comparison,0
SST-2,sst2,sst2_02062,uses_strong_opinion,1
SST-2,sst2,sst2_02062,contains_irony_or_sarcasm,0
SST-2,sst2,sst2_02062,contains_mixed_sentiment,0
SST-2,sst2,sst2_02062,sounds_uncertain,0
SST-2,sst2,sst2_02062,uses_emotional_language,1
SST-2,sst2,sst2_02062,contains_recommendation,0
SST-2,sst2,sst2_02062,mentions_exciting_content,1
SST-2,sst2,sst2_02062,mentions_boredom,0
SST-2,sst2,sst2_02062,sounds_confident,1
SST-2,sst2,sst2_02165,expresses_positive_emotion,0
SST-2,sst2,sst2_02165,contains_praise,0
SST-2,sst2,sst2_02165,mentions_enjoyment,0
SST-2,sst2,sst2_02165,describes_high_quality,0
SST-2,sst2,sst2_02165,expresses_negative_emotion,0
SST-2,sst2,sst2_02165,contains_criticism,0
SST-2,sst2,sst2_02165,mentions_disappointment,0
SST-2,sst2,sst2_02165,describes_low_quality,0
SST-2,sst2,sst2_02165,mentions_good_acting_or_writing,0
SST-2,sst2,sst2_02165,mentions_bad_acting_or_writing,0
SST-2,sst2,sst2_02165,contains_comparison,1
SST-2,sst2,sst2_02165,uses_strong_opinion,0
SST-2,sst2,sst2_02165,contains_irony_or_sarcasm,0
SST-2,sst2,sst2_02165,contains_mixed_sentiment,0
SST-2,sst2,sst2_02165,sounds_uncertain,0
SST-2,sst2,sst2_02165,uses_emotional_language,0
SST-2,sst2,sst2_02165,contains_recommendation,0
SST-2,sst2,sst2_02165,mentions_exciting_content,0
SST-2,sst2,sst2_02165,mentions_boredom,0
SST-2,sst2,sst2_02165,sounds_confident,0
SST-2,sst2,sst2_01426,expresses_positive_emotion,0
SST-2,sst2,sst2_01426,contains_praise,0
SST-2,sst2,sst2_01426,mentions_enjoyment,0
SST-2,sst2,sst2_01426,describes_high_quality,0
SST-2,sst2,sst2_01426,expresses_negative_emotion,1
SST-2,sst2,sst2_01426,contains_criticism,1
SST-2,sst2,sst2_01426,mentions_disappointment,1
SST-2,sst2,sst2_01426,describes_low_quality,1
SST-2,sst2,sst2_01426,mentions_good_acting_or_writing,0
SST-2,sst2,sst2_01426,mentions_bad_acting_or_writing,1
SST-2,sst2,sst2_01426,contains_comparison,0
SST-2,sst2,sst2_01426,uses_strong_opinion,1
SST-2,sst2,sst2_01426,contains_irony_or_sarcasm,0
SST-2,sst2,sst2_01426,contains_mixed_sentiment,0
SST-2,sst2,sst2_01426,sounds_uncertain,0
SST-2,sst2,sst2_01426,uses_emotional_language,1
SST-2,sst2,sst2_01426,contains_recommendation,0
SST-2,sst2,sst2_01426,mentions_exciting_content,0
SST-2,sst2,sst2_01426,mentions_boredom,0
SST-2,sst2,sst2_01426,sounds_confident,1
SST-2,sst2,sst2_02493,expresses_positive_emotion,0
SST-2,sst2,sst2_02493,contains_praise,0
SST-2,sst2,sst2_02493,mentions_enjoyment,0
SST-2,sst2,sst2_02493,describes_high_quality,0
SST-2,sst2,sst2_02493,expresses_negative_emotion,1
SST-2,sst2,sst2_02493,contains_criticism,1
SST-2,sst2,sst2_02493,mentions_disappointment,1
SST-2,sst2,sst2_02493,describes_low_quality,1
SST-2,sst2,sst2_02493,mentions_good_acting_or_writing,0
SST-2,sst2,sst2_02493,mentions_bad_acting_or_writing,1
SST-2,sst2,sst2_02493,contains_comparison,0
SST-2,sst2,sst2_02493,uses_strong_opinion,1
SST-2,sst2,sst2_02493,contains_irony_or_sarcasm,0
SST-2,sst2,sst2_02493,contains_mixed_sentiment,0
SST-2,sst2,sst2_02493,sounds_uncertain,0
SST-2,sst2,sst2_02493,uses_emotional_language,1
SST-2,sst2,sst2_02493,contains_recommendation,0
SST-2,sst2,sst2_02493,mentions_exciting_content,0
SST-2,sst2,sst2_02493,mentions_boredom,0
SST-2,sst2,sst2_02493,sounds_confident,1
SST-2,sst2,sst2_01636,expresses_positive_emotion,0
SST-2,sst2,sst2_01636,contains_praise,0
SST-2,sst2,sst2_01636,mentions_enjoyment,0
SST-2,sst2,sst2_01636,describes_high_quality,0
SST-2,sst2,sst2_01636,expresses_negative_emotion,1
SST-2,sst2,sst2_01636,contains_criticism,1
SST-2,sst2,sst2_01636,mentions_disappointment,1
SST-2,sst2,sst2_01636,describes_low_quality,1
SST-2,sst2,sst2_01636,mentions_good_acting_or_writing,0
SST-2,sst2,sst2_01636,mentions_bad_acting_or_writing,1
SST-2,sst2,sst2_01636,contains_comparison,0
SST-2,sst2,sst2_01636,uses_strong_opinion,1
SST-2,sst2,sst2_01636,contains_irony_or_sarcasm,0
SST-2,sst2,sst2_01636,contains_mixed_sentiment,0
SST-2,sst2,sst2_01636,sounds_uncertain,0
SST-2,sst2,sst2_01636,uses_emotional_language,1
SST-2,sst2,sst2_01636,contains_recommendation,0
SST-2,sst2,sst2_01636,mentions_exciting_content,0
SST-2,sst2,sst2_01636,mentions_boredom,0
SST-2,sst2,sst2_01636,sounds_confident,1
SST-2,sst2,sst2_00616,expresses_positive_emotion,0
SST-2,sst2,sst2_00616,contains_praise,0
SST-2,sst2,sst2_00616,mentions_enjoyment,0
SST-2,sst2,sst2_00616,describes_high_quality,0
SST-2,sst2,sst2_00616,expresses_negative_emotion,1
SST-2,sst2,sst2_00616,contains_criticism,1
SST-2,sst2,sst2_00616,mentions_disappointment,0
SST-2,sst2,sst2_00616,describes_low_quality,0
SST-2,sst2,sst2_00616,mentions_good_acting_or_writing,0
SST-2,sst2,sst2_00616,mentions_bad_acting_or_writing,0
SST-2,sst2,sst2_00616,contains_comparison,0
SST-2,sst2,sst2_00616,uses_strong_opinion,0
SST-2,sst2,sst2_00616,contains_irony_or_sarcasm,0
SST-2,sst2,sst2_00616,contains_mixed_sentiment,0
SST-2,sst2,sst2_00616,sounds_uncertain,0
SST-2,sst2,sst2_00616,uses_emotional_language,1
SST-2,sst2,sst2_00616,contains_recommendation,0
SST-2,sst2,sst2_00616,mentions_exciting_content,0
SST-2,sst2,sst2_00616,mentions_boredom,0
SST-2,sst2,sst2_00616,sounds_confident,1
SST-2,sst2,sst2_01222,expresses_positive_emotion,0
SST-2,sst2,sst2_01222,contains_praise,0
SST-2,sst2,sst2_01222,mentions_enjoyment,0
SST-2,sst2,sst2_01222,describes_high_quality,0
SST-2,sst2,sst2_01222,expresses_negative_emotion,1
SST-2,sst2,sst2_01222,contains_criticism,1
SST-2,sst2,sst2_01222,mentions_disappointment,1
SST-2,sst2,sst2_01222,describes_low_quality,1
SST-2,sst2,sst2_01222,mentions_good_acting_or_writing,0
SST-2,sst2,sst2_01222,mentions_bad_acting_or_writing,1
SST-2,sst2,sst2_01222,contains_comparison,0
SST-2,sst2,sst2_01222,uses_strong_opinion,1
SST-2,sst2,sst2_01222,contains_irony_or_sarcasm,0
SST-2,sst2,sst2_01222,contains_mixed_sentiment,0
SST-2,sst2,sst2_01222,sounds_uncertain,0
SST-2,sst2,sst2_01222,uses_emotional_language,0
SST-2,sst2,sst2_01222,contains_recommendation,0
SST-2,sst2,sst2_01222,mentions_exciting_content,0
SST-2,sst2,sst2_01222,mentions_boredom,0
SST-2,sst2,sst2_01222,sounds_confident,1
SST-2,sst2,sst2_01539,expresses_positive_emotion,0
SST-2,sst2,sst2_01539,contains_praise,0
SST-2,sst2,sst2_01539,mentions_enjoyment,0
SST-2,sst2,sst2_01539,describes_high_quality,0
SST-2,sst2,sst2_01539,expresses_negative_emotion,1
SST-2,sst2,sst2_01539,contains_criticism,1
SST-2,sst2,sst2_01539,mentions_disappointment,1
SST-2,sst2,sst2_01539,describes_low_quality,1
SST-2,sst2,sst2_01539,mentions_good_acting_or_writing,0
SST-2,sst2,sst2_01539,mentions_bad_acting_or_writing,1
SST-2,sst2,sst2_01539,contains_comparison,0
SST-2,sst2,sst2_01539,uses_strong_opinion,1
SST-2,sst2,sst2_01539,contains_irony_or_sarcasm,1
SST-2,sst2,sst2_01539,contains_mixed_sentiment,0
SST-2,sst2,sst2_01539,sounds_uncertain,0
SST-2,sst2,sst2_01539,uses_emotional_language,1
SST-2,sst2,sst2_01539,contains_recommendation,0
SST-2,sst2,sst2_01539,mentions_exciting_content,0
SST-2,sst2,sst2_01539,mentions_boredom,0
SST-2,sst2,sst2_01539,sounds_confident,1
SST-2,sst2,sst2_00537,expresses_positive_emotion,1
SST-2,sst2,sst2_00537,contains_praise,0
SST-2,sst2,sst2_00537,mentions_enjoyment,0
SST-2,sst2,sst2_00537,describes_high_quality,1
SST-2,sst2,sst2_00537,expresses_negative_emotion,0
SST-2,sst2,sst2_00537,contains_criticism,0
SST-2,sst2,sst2_00537,mentions_disappointment,0
SST-2,sst2,sst2_00537,describes_low_quality,0
SST-2,sst2,sst2_00537,mentions_good_acting_or_writing,0
SST-2,sst2,sst2_00537,mentions_bad_acting_or_writing,0
SST-2,sst2,sst2_00537,contains_comparison,0
SST-2,sst2,sst2_00537,uses_strong_opinion,1
SST-2,sst2,sst2_00537,contains_irony_or_sarcasm,0
SST-2,sst2,sst2_00537,contains_mixed_sentiment,1
SST-2,sst2,sst2_00537,sounds_uncertain,0
SST-2,sst2,sst2_00537,uses_emotional_language,0
SST-2,sst2,sst2_00537,contains_recommendation,0
SST-2,sst2,sst2_00537,mentions_exciting_content,0
SST-2,sst2,sst2_00537,mentions_boredom,0
SST-2,sst2,sst2_00537,sounds_confident,1
SST-2,sst2,sst2_04431,expresses_positive_emotion,1
SST-2,sst2,sst2_04431,contains_praise,1
SST-2,sst2,sst2_04431,mentions_enjoyment,0
SST-2,sst2,sst2_04431,describes_high_quality,1
SST-2,sst2,sst2_04431,expresses_negative_emotion,0
SST-2,sst2,sst2_04431,contains_criticism,0
SST-2,sst2,sst2_04431,mentions_disappointment,0
SST-2,sst2,sst2_04431,describes_low_quality,0
SST-2,sst2,sst2_04431,mentions_good_acting_or_writing,0
SST-2,sst2,sst2_04431,mentions_bad_acting_or_writing,0
SST-2,sst2,sst2_04431,contains_comparison,0
SST-2,sst2,sst2_04431,uses_strong_opinion,1
SST-2,sst2,sst2_04431,contains_irony_or_sarcasm,0
SST-2,sst2,sst2_04431,contains_mixed_sentiment,1
SST-2,sst2,sst2_04431,sounds_uncertain,1
SST-2,sst2,sst2_04431,uses_emotional_language,0
SST-2,sst2,sst2_04431,contains_recommendation,0
SST-2,sst2,sst2_04431,mentions_exciting_content,0
SST-2,sst2,sst2_04431,mentions_boredom,0
SST-2,sst2,sst2_04431,sounds_confident,1
ADE,ade,ade_03243,mentions_medication_or_drug,0
ADE,ade,ade_03243,mentions_dose_or_frequency,0
ADE,ade,ade_03243,mentions_drug_discontinuation,0
ADE,ade,ade_03243,mentions_drug_interaction,0
ADE,ade,ade_03243,mentions_symptom_or_condition,1
ADE,ade,ade_03243,mentions_adverse_reaction,0
ADE,ade,ade_03243,mentions_severity,0
ADE,ade,ade_03243,mentions_lab_or_diagnostic_abnormality,1
ADE,ade,ade_03243,links_event_to_medication,0
ADE,ade,ade_03243,mentions_temporal_after_use,0
ADE,ade,ade_03243,mentions_rechallenge_or_recovery,0
ADE,ade,ade_03243,mentions_onset_or_duration,0
ADE,ade,ade_03243,contains_negation_no_event,0
ADE,ade,ade_03243,contains_uncertainty_or_possible,0
ADE,ade,ade_03243,states_alternative_cause,0
ADE,ade,ade_03243,reports_no_drug_link,0
ADE,ade,ade_03243,mentions_study_or_trial_context,0
ADE,ade,ade_03243,mentions_expected_therapeutic_effect,0
ADE,ade,ade_03243,describes_indication_or_background,0
ADE,ade,ade_03243,discusses_general_pharmacology,0
ADE,ade,ade_02466,mentions_medication_or_drug,0
ADE,ade,ade_02466,mentions_dose_or_frequency,0
ADE,ade,ade_02466,mentions_drug_discontinuation,0
ADE,ade,ade_02466,mentions_drug_interaction,0
ADE,ade,ade_02466,mentions_symptom_or_condition,1
ADE,ade,ade_02466,mentions_adverse_reaction,0
ADE,ade,ade_02466,mentions_severity,0
ADE,ade,ade_02466,mentions_lab_or_diagnostic_abnormality,0
ADE,ade,ade_02466,links_event_to_medication,0
ADE,ade,ade_02466,mentions_temporal_after_use,0
ADE,ade,ade_02466,mentions_rechallenge_or_recovery,0
ADE,ade,ade_02466,mentions_onset_or_duration,0
ADE,ade,ade_02466,contains_negation_no_event,0
ADE,ade,ade_02466,contains_uncertainty_or_possible,0
ADE,ade,ade_02466,states_alternative_cause,0
ADE,ade,ade_02466,reports_no_drug_link,0
ADE,ade,ade_02466,mentions_study_or_trial_context,0
ADE,ade,ade_02466,mentions_expected_therapeutic_effect,0
ADE,ade,ade_02466,describes_indication_or_background,0
ADE,ade,ade_02466,discusses_general_pharmacology,0
ADE,ade,ade_02550,mentions_medication_or_drug,1
ADE,ade,ade_02550,mentions_dose_or_frequency,1
ADE,ade,ade_02550,mentions_drug_discontinuation,0
ADE,ade,ade_02550,mentions_drug_interaction,0
ADE,ade,ade_02550,mentions_symptom_or_condition,1
ADE,ade,ade_02550,mentions_adverse_reaction,0
ADE,ade,ade_02550,mentions_severity,0
ADE,ade,ade_02550,mentions_lab_or_diagnostic_abnormality,0
ADE,ade,ade_02550,links_event_to_medication,0
ADE,ade,ade_02550,mentions_temporal_after_use,1
ADE,ade,ade_02550,mentions_rechallenge_or_recovery,0
ADE,ade,ade_02550,mentions_onset_or_duration,0
ADE,ade,ade_02550,contains_negation_no_event,0
ADE,ade,ade_02550,contains_uncertainty_or_possible,0
ADE,ade,ade_02550,states_alternative_cause,0
ADE,ade,ade_02550,reports_no_drug_link,0
ADE,ade,ade_02550,mentions_study_or_trial_context,0
ADE,ade,ade_02550,mentions_expected_therapeutic_effect,1
ADE,ade,ade_02550,describes_indication_or_background,0
ADE,ade,ade_02550,discusses_general_pharmacology,0
ADE,ade,ade_00260,mentions_medication_or_drug,1
ADE,ade,ade_00260,mentions_dose_or_frequency,0
ADE,ade,ade_00260,mentions_drug_discontinuation,0
ADE,ade,ade_00260,mentions_drug_interaction,0
ADE,ade,ade_00260,mentions_symptom_or_condition,1
ADE,ade,ade_00260,mentions_adverse_reaction,1
ADE,ade,ade_00260,mentions_severity,0
ADE,ade,ade_00260,mentions_lab_or_diagnostic_abnormality,0
ADE,ade,ade_00260,links_event_to_medication,1
ADE,ade,ade_00260,mentions_temporal_after_use,1
ADE,ade,ade_00260,mentions_rechallenge_or_recovery,0
ADE,ade,ade_00260,mentions_onset_or_duration,0
ADE,ade,ade_00260,contains_negation_no_event,0
ADE,ade,ade_00260,contains_uncertainty_or_possible,0
ADE,ade,ade_00260,states_alternative_cause,0
ADE,ade,ade_00260,reports_no_drug_link,0
ADE,ade,ade_00260,mentions_study_or_trial_context,1
ADE,ade,ade_00260,mentions_expected_therapeutic_effect,0
ADE,ade,ade_00260,describes_indication_or_background,0
ADE,ade,ade_00260,discusses_general_pharmacology,0
ADE,ade,ade_04372,mentions_medication_or_drug,1
ADE,ade,ade_04372,mentions_dose_or_frequency,0
ADE,ade,ade_04372,mentions_drug_discontinuation,0
ADE,ade,ade_04372,mentions_drug_interaction,0
ADE,ade,ade_04372,mentions_symptom_or_condition,1
ADE,ade,ade_04372,mentions_adverse_reaction,1
ADE,ade,ade_04372,mentions_severity,0
ADE,ade,ade_04372,mentions_lab_or_diagnostic_abnormality,0
ADE,ade,ade_04372,links_event_to_medication,1
ADE,ade,ade_04372,mentions_temporal_after_use,0
ADE,ade,ade_04372,mentions_rechallenge_or_recovery,0
ADE,ade,ade_04372,mentions_onset_or_duration,0
ADE,ade,ade_04372,contains_negation_no_event,0
ADE,ade,ade_04372,contains_uncertainty_or_possible,0
ADE,ade,ade_04372,states_alternative_cause,0
ADE,ade,ade_04372,reports_no_drug_link,0
ADE,ade,ade_04372,mentions_study_or_trial_context,1
ADE,ade,ade_04372,mentions_expected_therapeutic_effect,0
ADE,ade,ade_04372,describes_indication_or_background,0
ADE,ade,ade_04372,discusses_general_pharmacology,0
ADE,ade,ade_00612,mentions_medication_or_drug,0
ADE,ade,ade_00612,mentions_dose_or_frequency,0
ADE,ade,ade_00612,mentions_drug_discontinuation,0
ADE,ade,ade_00612,mentions_drug_interaction,0
ADE,ade,ade_00612,mentions_symptom_or_condition,1
ADE,ade,ade_00612,mentions_adverse_reaction,0
ADE,ade,ade_00612,mentions_severity,0
ADE,ade,ade_00612,mentions_lab_or_diagnostic_abnormality,1
ADE,ade,ade_00612,links_event_to_medication,0
ADE,ade,ade_00612,mentions_temporal_after_use,0
ADE,ade,ade_00612,mentions_rechallenge_or_recovery,0
ADE,ade,ade_00612,mentions_onset_or_duration,0
ADE,ade,ade_00612,contains_negation_no_event,0
ADE,ade,ade_00612,contains_uncertainty_or_possible,0
ADE,ade,ade_00612,states_alternative_cause,0
ADE,ade,ade_00612,reports_no_drug_link,0
ADE,ade,ade_00612,mentions_study_or_trial_context,0
ADE,ade,ade_00612,mentions_expected_therapeutic_effect,0
ADE,ade,ade_00612,describes_indication_or_background,0
ADE,ade,ade_00612,discusses_general_pharmacology,0
ADE,ade,ade_04436,mentions_medication_or_drug,1
ADE,ade,ade_04436,mentions_dose_or_frequency,0
ADE,ade,ade_04436,mentions_drug_discontinuation,0
ADE,ade,ade_04436,mentions_drug_interaction,0
ADE,ade,ade_04436,mentions_symptom_or_condition,1
ADE,ade,ade_04436,mentions_adverse_reaction,1
ADE,ade,ade_04436,mentions_severity,0
ADE,ade,ade_04436,mentions_lab_or_diagnostic_abnormality,0
ADE,ade,ade_04436,links_event_to_medication,1
ADE,ade,ade_04436,mentions_temporal_after_use,1
ADE,ade,ade_04436,mentions_rechallenge_or_recovery,0
ADE,ade,ade_04436,mentions_onset_or_duration,1
ADE,ade,ade_04436,contains_negation_no_event,0
ADE,ade,ade_04436,contains_uncertainty_or_possible,0
ADE,ade,ade_04436,states_alternative_cause,0
ADE,ade,ade_04436,reports_no_drug_link,0
ADE,ade,ade_04436,mentions_study_or_trial_context,0
ADE,ade,ade_04436,mentions_expected_therapeutic_effect,0
ADE,ade,ade_04436,describes_indication_or_background,0
ADE,ade,ade_04436,discusses_general_pharmacology,0
ADE,ade,ade_01808,mentions_medication_or_drug,1
ADE,ade,ade_01808,mentions_dose_or_frequency,0
ADE,ade,ade_01808,mentions_drug_discontinuation,0
ADE,ade,ade_01808,mentions_drug_interaction,0
ADE,ade,ade_01808,mentions_symptom_or_condition,1
ADE,ade,ade_01808,mentions_adverse_reaction,0
ADE,ade,ade_01808,mentions_severity,0
ADE,ade,ade_01808,mentions_lab_or_diagnostic_abnormality,0
ADE,ade,ade_01808,links_event_to_medication,0
ADE,ade,ade_01808,mentions_temporal_after_use,0
ADE,ade,ade_01808,mentions_rechallenge_or_recovery,0
ADE,ade,ade_01808,mentions_onset_or_duration,0
ADE,ade,ade_01808,contains_negation_no_event,0
ADE,ade,ade_01808,contains_uncertainty_or_possible,0
ADE,ade,ade_01808,states_alternative_cause,0
ADE,ade,ade_01808,reports_no_drug_link,0
ADE,ade,ade_01808,mentions_study_or_trial_context,0
ADE,ade,ade_01808,mentions_expected_therapeutic_effect,1
ADE,ade,ade_01808,describes_indication_or_background,1
ADE,ade,ade_01808,discusses_general_pharmacology,0
ADE,ade,ade_01971,mentions_medication_or_drug,0
ADE,ade,ade_01971,mentions_dose_or_frequency,0
ADE,ade,ade_01971,mentions_drug_discontinuation,0
ADE,ade,ade_01971,mentions_drug_interaction,0
ADE,ade,ade_01971,mentions_symptom_or_condition,1
ADE,ade,ade_01971,mentions_adverse_reaction,1
ADE,ade,ade_01971,mentions_severity,0
ADE,ade,ade_01971,mentions_lab_or_diagnostic_abnormality,0
ADE,ade,ade_01971,links_event_to_medication,1
ADE,ade,ade_01971,mentions_temporal_after_use,1
ADE,ade,ade_01971,mentions_rechallenge_or_recovery,0
ADE,ade,ade_01971,mentions_onset_or_duration,0
ADE,ade,ade_01971,contains_negation_no_event,0
ADE,ade,ade_01971,contains_uncertainty_or_possible,0
ADE,ade,ade_01971,states_alternative_cause,0
ADE,ade,ade_01971,reports_no_drug_link,0
ADE,ade,ade_01971,mentions_study_or_trial_context,0
ADE,ade,ade_01971,mentions_expected_therapeutic_effect,0
ADE,ade,ade_01971,describes_indication_or_background,0
ADE,ade,ade_01971,discusses_general_pharmacology,0
ADE,ade,ade_00376,mentions_medication_or_drug,1
ADE,ade,ade_00376,mentions_dose_or_frequency,0
ADE,ade,ade_00376,mentions_drug_discontinuation,0
ADE,ade,ade_00376,mentions_drug_interaction,0
ADE,ade,ade_00376,mentions_symptom_or_condition,1
ADE,ade,ade_00376,mentions_adverse_reaction,1
ADE,ade,ade_00376,mentions_severity,0
ADE,ade,ade_00376,mentions_lab_or_diagnostic_abnormality,0
ADE,ade,ade_00376,links_event_to_medication,1
ADE,ade,ade_00376,mentions_temporal_after_use,1
ADE,ade,ade_00376,mentions_rechallenge_or_recovery,0
ADE,ade,ade_00376,mentions_onset_or_duration,0
ADE,ade,ade_00376,contains_negation_no_event,0
ADE,ade,ade_00376,contains_uncertainty_or_possible,0
ADE,ade,ade_00376,states_alternative_cause,0
ADE,ade,ade_00376,reports_no_drug_link,0
ADE,ade,ade_00376,mentions_study_or_trial_context,0
ADE,ade,ade_00376,mentions_expected_therapeutic_effect,0
ADE,ade,ade_00376,describes_indication_or_background,0
ADE,ade,ade_00376,discusses_general_pharmacology,0
ADE,ade,ade_01867,mentions_medication_or_drug,1
ADE,ade,ade_01867,mentions_dose_or_frequency,0
ADE,ade,ade_01867,mentions_drug_discontinuation,0
ADE,ade,ade_01867,mentions_drug_interaction,0
ADE,ade,ade_01867,mentions_symptom_or_condition,1
ADE,ade,ade_01867,mentions_adverse_reaction,1
ADE,ade,ade_01867,mentions_severity,0
ADE,ade,ade_01867,mentions_lab_or_diagnostic_abnormality,0
ADE,ade,ade_01867,links_event_to_medication,1
ADE,ade,ade_01867,mentions_temporal_after_use,1
ADE,ade,ade_01867,mentions_rechallenge_or_recovery,0
ADE,ade,ade_01867,mentions_onset_or_duration,0
ADE,ade,ade_01867,contains_negation_no_event,0
ADE,ade,ade_01867,contains_uncertainty_or_possible,0
ADE,ade,ade_01867,states_alternative_cause,0
ADE,ade,ade_01867,reports_no_drug_link,0
ADE,ade,ade_01867,mentions_study_or_trial_context,1
ADE,ade,ade_01867,mentions_expected_therapeutic_effect,0
ADE,ade,ade_01867,describes_indication_or_background,0
ADE,ade,ade_01867,discusses_general_pharmacology,0
ADE,ade,ade_03858,mentions_medication_or_drug,1
ADE,ade,ade_03858,mentions_dose_or_frequency,0
ADE,ade,ade_03858,mentions_drug_discontinuation,0
ADE,ade,ade_03858,mentions_drug_interaction,0
ADE,ade,ade_03858,mentions_symptom_or_condition,1
ADE,ade,ade_03858,mentions_adverse_reaction,1
ADE,ade,ade_03858,mentions_severity,0
ADE,ade,ade_03858,mentions_lab_or_diagnostic_abnormality,0
ADE,ade,ade_03858,links_event_to_medication,1
ADE,ade,ade_03858,mentions_temporal_after_use,0
ADE,ade,ade_03858,mentions_rechallenge_or_recovery,0
ADE,ade,ade_03858,mentions_onset_or_duration,0
ADE,ade,ade_03858,contains_negation_no_event,0
ADE,ade,ade_03858,contains_uncertainty_or_possible,1
ADE,ade,ade_03858,states_alternative_cause,0
ADE,ade,ade_03858,reports_no_drug_link,0
ADE,ade,ade_03858,mentions_study_or_trial_context,1
ADE,ade,ade_03858,mentions_expected_therapeutic_effect,0
ADE,ade,ade_03858,describes_indication_or_background,0
ADE,ade,ade_03858,discusses_general_pharmacology,0
ADE,ade,ade_04588,mentions_medication_or_drug,0
ADE,ade,ade_04588,mentions_dose_or_frequency,0
ADE,ade,ade_04588,mentions_drug_discontinuation,0
ADE,ade,ade_04588,mentions_drug_interaction,0
ADE,ade,ade_04588,mentions_symptom_or_condition,1
ADE,ade,ade_04588,mentions_adverse_reaction,0
ADE,ade,ade_04588,mentions_severity,0
ADE,ade,ade_04588,mentions_lab_or_diagnostic_abnormality,0
ADE,ade,ade_04588,links_event_to_medication,0
ADE,ade,ade_04588,mentions_temporal_after_use,0
ADE,ade,ade_04588,mentions_rechallenge_or_recovery,0
ADE,ade,ade_04588,mentions_onset_or_duration,0
ADE,ade,ade_04588,contains_negation_no_event,0
ADE,ade,ade_04588,contains_uncertainty_or_possible,0
ADE,ade,ade_04588,states_alternative_cause,0
ADE,ade,ade_04588,reports_no_drug_link,0
ADE,ade,ade_04588,mentions_study_or_trial_context,0
ADE,ade,ade_04588,mentions_expected_therapeutic_effect,0
ADE,ade,ade_04588,describes_indication_or_background,1
ADE,ade,ade_04588,discusses_general_pharmacology,0
ADE,ade,ade_00877,mentions_medication_or_drug,1
ADE,ade,ade_00877,mentions_dose_or_frequency,0
ADE,ade,ade_00877,mentions_drug_discontinuation,1
ADE,ade,ade_00877,mentions_drug_interaction,0
ADE,ade,ade_00877,mentions_symptom_or_condition,1
ADE,ade,ade_00877,mentions_adverse_reaction,1
ADE,ade,ade_00877,mentions_severity,0
ADE,ade,ade_00877,mentions_lab_or_diagnostic_abnormality,0
ADE,ade,ade_00877,links_event_to_medication,1
ADE,ade,ade_00877,mentions_temporal_after_use,1
ADE,ade,ade_00877,mentions_rechallenge_or_recovery,1
ADE,ade,ade_00877,mentions_onset_or_duration,0
ADE,ade,ade_00877,contains_negation_no_event,0
ADE,ade,ade_00877,contains_uncertainty_or_possible,0
ADE,ade,ade_00877,states_alternative_cause,0
ADE,ade,ade_00877,reports_no_drug_link,0
ADE,ade,ade_00877,mentions_study_or_trial_context,0
ADE,ade,ade_00877,mentions_expected_therapeutic_effect,0
ADE,ade,ade_00877,describes_indication_or_background,0
ADE,ade,ade_00877,discusses_general_pharmacology,0
ADE,ade,ade_04746,mentions_medication_or_drug,1
ADE,ade,ade_04746,mentions_dose_or_frequency,0
ADE,ade,ade_04746,mentions_drug_discontinuation,0
ADE,ade,ade_04746,mentions_drug_interaction,0
ADE,ade,ade_04746,mentions_symptom_or_condition,1
ADE,ade,ade_04746,mentions_adverse_reaction,1
ADE,ade,ade_04746,mentions_severity,0
ADE,ade,ade_04746,mentions_lab_or_diagnostic_abnormality,0
ADE,ade,ade_04746,links_event_to_medication,1
ADE,ade,ade_04746,mentions_temporal_after_use,0
ADE,ade,ade_04746,mentions_rechallenge_or_recovery,0
ADE,ade,ade_04746,mentions_onset_or_duration,0
ADE,ade,ade_04746,contains_negation_no_event,0
ADE,ade,ade_04746,contains_uncertainty_or_possible,0
ADE,ade,ade_04746,states_alternative_cause,0
ADE,ade,ade_04746,reports_no_drug_link,0
ADE,ade,ade_04746,mentions_study_or_trial_context,1
ADE,ade,ade_04746,mentions_expected_therapeutic_effect,0
ADE,ade,ade_04746,describes_indication_or_background,1
ADE,ade,ade_04746,discusses_general_pharmacology,0
ADE,ade,ade_00655,mentions_medication_or_drug,1
ADE,ade,ade_00655,mentions_dose_or_frequency,0
ADE,ade,ade_00655,mentions_drug_discontinuation,0
ADE,ade,ade_00655,mentions_drug_interaction,0
ADE,ade,ade_00655,mentions_symptom_or_condition,1
ADE,ade,ade_00655,mentions_adverse_reaction,1
ADE,ade,ade_00655,mentions_severity,0
ADE,ade,ade_00655,mentions_lab_or_diagnostic_abnormality,0
ADE,ade,ade_00655,links_event_to_medication,1
ADE,ade,ade_00655,mentions_temporal_after_use,0
ADE,ade,ade_00655,mentions_rechallenge_or_recovery,0
ADE,ade,ade_00655,mentions_onset_or_duration,0
ADE,ade,ade_00655,contains_negation_no_event,0
ADE,ade,ade_00655,contains_uncertainty_or_possible,0
ADE,ade,ade_00655,states_alternative_cause,0
ADE,ade,ade_00655,reports_no_drug_link,0
ADE,ade,ade_00655,mentions_study_or_trial_context,1
ADE,ade,ade_00655,mentions_expected_therapeutic_effect,0
ADE,ade,ade_00655,describes_indication_or_background,0
ADE,ade,ade_00655,discusses_general_pharmacology,1
ADE,ade,ade_02469,mentions_medication_or_drug,0
ADE,ade,ade_02469,mentions_dose_or_frequency,0
ADE,ade,ade_02469,mentions_drug_discontinuation,0
ADE,ade,ade_02469,mentions_drug_interaction,0
ADE,ade,ade_02469,mentions_symptom_or_condition,0
ADE,ade,ade_02469,mentions_adverse_reaction,0
ADE,ade,ade_02469,mentions_severity,0
ADE,ade,ade_02469,mentions_lab_or_diagnostic_abnormality,0
ADE,ade,ade_02469,links_event_to_medication,0
ADE,ade,ade_02469,mentions_temporal_after_use,0
ADE,ade,ade_02469,mentions_rechallenge_or_recovery,0
ADE,ade,ade_02469,mentions_onset_or_duration,0
ADE,ade,ade_02469,contains_negation_no_event,0
ADE,ade,ade_02469,contains_uncertainty_or_possible,0
ADE,ade,ade_02469,states_alternative_cause,0
ADE,ade,ade_02469,reports_no_drug_link,0
ADE,ade,ade_02469,mentions_study_or_trial_context,0
ADE,ade,ade_02469,mentions_expected_therapeutic_effect,0
ADE,ade,ade_02469,describes_indication_or_background,0
ADE,ade,ade_02469,discusses_general_pharmacology,0
ADE,ade,ade_04768,mentions_medication_or_drug,0
ADE,ade,ade_04768,mentions_dose_or_frequency,0
ADE,ade,ade_04768,mentions_drug_discontinuation,0
ADE,ade,ade_04768,mentions_drug_interaction,0
ADE,ade,ade_04768,mentions_symptom_or_condition,1
ADE,ade,ade_04768,mentions_adverse_reaction,0
ADE,ade,ade_04768,mentions_severity,0
ADE,ade,ade_04768,mentions_lab_or_diagnostic_abnormality,0
ADE,ade,ade_04768,links_event_to_medication,0
ADE,ade,ade_04768,mentions_temporal_after_use,0
ADE,ade,ade_04768,mentions_rechallenge_or_recovery,0
ADE,ade,ade_04768,mentions_onset_or_duration,0
ADE,ade,ade_04768,contains_negation_no_event,0
ADE,ade,ade_04768,contains_uncertainty_or_possible,0
ADE,ade,ade_04768,states_alternative_cause,0
ADE,ade,ade_04768,reports_no_drug_link,0
ADE,ade,ade_04768,mentions_study_or_trial_context,1
ADE,ade,ade_04768,mentions_expected_therapeutic_effect,0
ADE,ade,ade_04768,describes_indication_or_background,1
ADE,ade,ade_04768,discusses_general_pharmacology,0
ADE,ade,ade_00672,mentions_medication_or_drug,0
ADE,ade,ade_00672,mentions_dose_or_frequency,0
ADE,ade,ade_00672,mentions_drug_discontinuation,0
ADE,ade,ade_00672,mentions_drug_interaction,0
ADE,ade,ade_00672,mentions_symptom_or_condition,1
ADE,ade,ade_00672,mentions_adverse_reaction,0
ADE,ade,ade_00672,mentions_severity,1
ADE,ade,ade_00672,mentions_lab_or_diagnostic_abnormality,0
ADE,ade,ade_00672,links_event_to_medication,0
ADE,ade,ade_00672,mentions_temporal_after_use,0
ADE,ade,ade_00672,mentions_rechallenge_or_recovery,0
ADE,ade,ade_00672,mentions_onset_or_duration,0
ADE,ade,ade_00672,contains_negation_no_event,0
ADE,ade,ade_00672,contains_uncertainty_or_possible,0
ADE,ade,ade_00672,states_alternative_cause,0
ADE,ade,ade_00672,reports_no_drug_link,0
ADE,ade,ade_00672,mentions_study_or_trial_context,0
ADE,ade,ade_00672,mentions_expected_therapeutic_effect,0
ADE,ade,ade_00672,describes_indication_or_background,0
ADE,ade,ade_00672,discusses_general_pharmacology,0
ADE,ade,ade_00284,mentions_medication_or_drug,1
ADE,ade,ade_00284,mentions_dose_or_frequency,0
ADE,ade,ade_00284,mentions_drug_discontinuation,0
ADE,ade,ade_00284,mentions_drug_interaction,0
ADE,ade,ade_00284,mentions_symptom_or_condition,1
ADE,ade,ade_00284,mentions_adverse_reaction,1
ADE,ade,ade_00284,mentions_severity,0
ADE,ade,ade_00284,mentions_lab_or_diagnostic_abnormality,0
ADE,ade,ade_00284,links_event_to_medication,1
ADE,ade,ade_00284,mentions_temporal_after_use,0
ADE,ade,ade_00284,mentions_rechallenge_or_recovery,0
ADE,ade,ade_00284,mentions_onset_or_duration,0
ADE,ade,ade_00284,contains_negation_no_event,0
ADE,ade,ade_00284,contains_uncertainty_or_possible,0
ADE,ade,ade_00284,states_alternative_cause,0
ADE,ade,ade_00284,reports_no_drug_link,0
ADE,ade,ade_00284,mentions_study_or_trial_context,1
ADE,ade,ade_00284,mentions_expected_therapeutic_effect,0
ADE,ade,ade_00284,describes_indication_or_background,0
ADE,ade,ade_00284,discusses_general_pharmacology,1
ADE,ade,ade_02581,mentions_medication_or_drug,1
ADE,ade,ade_02581,mentions_dose_or_frequency,0
ADE,ade,ade_02581,mentions_drug_discontinuation,0
ADE,ade,ade_02581,mentions_drug_interaction,0
ADE,ade,ade_02581,mentions_symptom_or_condition,1
ADE,ade,ade_02581,mentions_adverse_reaction,1
ADE,ade,ade_02581,mentions_severity,0
ADE,ade,ade_02581,mentions_lab_or_diagnostic_abnormality,0
ADE,ade,ade_02581,links_event_to_medication,1
ADE,ade,ade_02581,mentions_temporal_after_use,1
ADE,ade,ade_02581,mentions_rechallenge_or_recovery,0
ADE,ade,ade_02581,mentions_onset_or_duration,0
ADE,ade,ade_02581,contains_negation_no_event,0
ADE,ade,ade_02581,contains_uncertainty_or_possible,0
ADE,ade,ade_02581,states_alternative_cause,1
ADE,ade,ade_02581,reports_no_drug_link,0
ADE,ade,ade_02581,mentions_study_or_trial_context,0
ADE,ade,ade_02581,mentions_expected_therapeutic_effect,0
ADE,ade,ade_02581,describes_indication_or_background,0
ADE,ade,ade_02581,discusses_general_pharmacology,0
ADE,ade,ade_02110,mentions_medication_or_drug,0
ADE,ade,ade_02110,mentions_dose_or_frequency,0
ADE,ade,ade_02110,mentions_drug_discontinuation,0
ADE,ade,ade_02110,mentions_drug_interaction,0
ADE,ade,ade_02110,mentions_symptom_or_condition,1
ADE,ade,ade_02110,mentions_adverse_reaction,1
ADE,ade,ade_02110,mentions_severity,0
ADE,ade,ade_02110,mentions_lab_or_diagnostic_abnormality,0
ADE,ade,ade_02110,links_event_to_medication,1
ADE,ade,ade_02110,mentions_temporal_after_use,0
ADE,ade,ade_02110,mentions_rechallenge_or_recovery,0
ADE,ade,ade_02110,mentions_onset_or_duration,0
ADE,ade,ade_02110,contains_negation_no_event,0
ADE,ade,ade_02110,contains_uncertainty_or_possible,1
ADE,ade,ade_02110,states_alternative_cause,0
ADE,ade,ade_02110,reports_no_drug_link,0
ADE,ade,ade_02110,mentions_study_or_trial_context,0
ADE,ade,ade_02110,mentions_expected_therapeutic_effect,0
ADE,ade,ade_02110,describes_indication_or_background,0
ADE,ade,ade_02110,discusses_general_pharmacology,0
ADE,ade,ade_00192,mentions_medication_or_drug,0
ADE,ade,ade_00192,mentions_dose_or_frequency,0
ADE,ade,ade_00192,mentions_drug_discontinuation,0
ADE,ade,ade_00192,mentions_drug_interaction,0
ADE,ade,ade_00192,mentions_symptom_or_condition,1
ADE,ade,ade_00192,mentions_adverse_reaction,0
ADE,ade,ade_00192,mentions_severity,1
ADE,ade,ade_00192,mentions_lab_or_diagnostic_abnormality,0
ADE,ade,ade_00192,links_event_to_medication,0
ADE,ade,ade_00192,mentions_temporal_after_use,0
ADE,ade,ade_00192,mentions_rechallenge_or_recovery,0
ADE,ade,ade_00192,mentions_onset_or_duration,1
ADE,ade,ade_00192,contains_negation_no_event,0
ADE,ade,ade_00192,contains_uncertainty_or_possible,0
ADE,ade,ade_00192,states_alternative_cause,0
ADE,ade,ade_00192,reports_no_drug_link,0
ADE,ade,ade_00192,mentions_study_or_trial_context,0
ADE,ade,ade_00192,mentions_expected_therapeutic_effect,0
ADE,ade,ade_00192,describes_indication_or_background,0
ADE,ade,ade_00192,discusses_general_pharmacology,0
ADE,ade,ade_04429,mentions_medication_or_drug,0
ADE,ade,ade_04429,mentions_dose_or_frequency,0
ADE,ade,ade_04429,mentions_drug_discontinuation,0
ADE,ade,ade_04429,mentions_drug_interaction,0
ADE,ade,ade_04429,mentions_symptom_or_condition,1
ADE,ade,ade_04429,mentions_adverse_reaction,0
ADE,ade,ade_04429,mentions_severity,0
ADE,ade,ade_04429,mentions_lab_or_diagnostic_abnormality,0
ADE,ade,ade_04429,links_event_to_medication,0
ADE,ade,ade_04429,mentions_temporal_after_use,1
ADE,ade,ade_04429,mentions_rechallenge_or_recovery,0
ADE,ade,ade_04429,mentions_onset_or_duration,1
ADE,ade,ade_04429,contains_negation_no_event,0
ADE,ade,ade_04429,contains_uncertainty_or_possible,0
ADE,ade,ade_04429,states_alternative_cause,0
ADE,ade,ade_04429,reports_no_drug_link,0
ADE,ade,ade_04429,mentions_study_or_trial_context,1
ADE,ade,ade_04429,mentions_expected_therapeutic_effect,0
ADE,ade,ade_04429,describes_indication_or_background,0
ADE,ade,ade_04429,discusses_general_pharmacology,0
ADE,ade,ade_01868,mentions_medication_or_drug,1
ADE,ade,ade_01868,mentions_dose_or_frequency,0
ADE,ade,ade_01868,mentions_drug_discontinuation,0
ADE,ade,ade_01868,mentions_drug_interaction,0
ADE,ade,ade_01868,mentions_symptom_or_condition,1
ADE,ade,ade_01868,mentions_adverse_reaction,1
ADE,ade,ade_01868,mentions_severity,0
ADE,ade,ade_01868,mentions_lab_or_diagnostic_abnormality,0
ADE,ade,ade_01868,links_event_to_medication,1
ADE,ade,ade_01868,mentions_temporal_after_use,1
ADE,ade,ade_01868,mentions_rechallenge_or_recovery,0
ADE,ade,ade_01868,mentions_onset_or_duration,0
ADE,ade,ade_01868,contains_negation_no_event,0
ADE,ade,ade_01868,contains_uncertainty_or_possible,0
ADE,ade,ade_01868,states_alternative_cause,0
ADE,ade,ade_01868,reports_no_drug_link,0
ADE,ade,ade_01868,mentions_study_or_trial_context,0
ADE,ade,ade_01868,mentions_expected_therapeutic_effect,0
ADE,ade,ade_01868,describes_indication_or_background,0
ADE,ade,ade_01868,discusses_general_pharmacology,0
ADE,ade,ade_01634,mentions_medication_or_drug,1
ADE,ade,ade_01634,mentions_dose_or_frequency,1
ADE,ade,ade_01634,mentions_drug_discontinuation,0
ADE,ade,ade_01634,mentions_drug_interaction,0
ADE,ade,ade_01634,mentions_symptom_or_condition,1
ADE,ade,ade_01634,mentions_adverse_reaction,0
ADE,ade,ade_01634,mentions_severity,0
ADE,ade,ade_01634,mentions_lab_or_diagnostic_abnormality,0
ADE,ade,ade_01634,links_event_to_medication,0
ADE,ade,ade_01634,mentions_temporal_after_use,0
ADE,ade,ade_01634,mentions_rechallenge_or_recovery,0
ADE,ade,ade_01634,mentions_onset_or_duration,1
ADE,ade,ade_01634,contains_negation_no_event,1
ADE,ade,ade_01634,contains_uncertainty_or_possible,0
ADE,ade,ade_01634,states_alternative_cause,0
ADE,ade,ade_01634,reports_no_drug_link,1
ADE,ade,ade_01634,mentions_study_or_trial_context,0
ADE,ade,ade_01634,mentions_expected_therapeutic_effect,0
ADE,ade,ade_01634,describes_indication_or_background,0
ADE,ade,ade_01634,discusses_general_pharmacology,0
ADE,ade,ade_00131,mentions_medication_or_drug,0
ADE,ade,ade_00131,mentions_dose_or_frequency,0
ADE,ade,ade_00131,mentions_drug_discontinuation,0
ADE,ade,ade_00131,mentions_drug_interaction,0
ADE,ade,ade_00131,mentions_symptom_or_condition,1
ADE,ade,ade_00131,mentions_adverse_reaction,0
ADE,ade,ade_00131,mentions_severity,0
ADE,ade,ade_00131,mentions_lab_or_diagnostic_abnormality,1
ADE,ade,ade_00131,links_event_to_medication,0
ADE,ade,ade_00131,mentions_temporal_after_use,0
ADE,ade,ade_00131,mentions_rechallenge_or_recovery,0
ADE,ade,ade_00131,mentions_onset_or_duration,0
ADE,ade,ade_00131,contains_negation_no_event,0
ADE,ade,ade_00131,contains_uncertainty_or_possible,0
ADE,ade,ade_00131,states_alternative_cause,0
ADE,ade,ade_00131,reports_no_drug_link,0
ADE,ade,ade_00131,mentions_study_or_trial_context,0
ADE,ade,ade_00131,mentions_expected_therapeutic_effect,0
ADE,ade,ade_00131,describes_indication_or_background,0
ADE,ade,ade_00131,discusses_general_pharmacology,0
ADE,ade,ade_02323,mentions_medication_or_drug,1
ADE,ade,ade_02323,mentions_dose_or_frequency,0
ADE,ade,ade_02323,mentions_drug_discontinuation,0
ADE,ade,ade_02323,mentions_drug_interaction,0
ADE,ade,ade_02323,mentions_symptom_or_condition,1
ADE,ade,ade_02323,mentions_adverse_reaction,0
ADE,ade,ade_02323,mentions_severity,0
ADE,ade,ade_02323,mentions_lab_or_diagnostic_abnormality,0
ADE,ade,ade_02323,links_event_to_medication,0
ADE,ade,ade_02323,mentions_temporal_after_use,0
ADE,ade,ade_02323,mentions_rechallenge_or_recovery,0
ADE,ade,ade_02323,mentions_onset_or_duration,0
ADE,ade,ade_02323,contains_negation_no_event,0
ADE,ade,ade_02323,contains_uncertainty_or_possible,0
ADE,ade,ade_02323,states_alternative_cause,0
ADE,ade,ade_02323,reports_no_drug_link,0
ADE,ade,ade_02323,mentions_study_or_trial_context,0
ADE,ade,ade_02323,mentions_expected_therapeutic_effect,1
ADE,ade,ade_02323,describes_indication_or_background,1
ADE,ade,ade_02323,discusses_general_pharmacology,0
ADE,ade,ade_04192,mentions_medication_or_drug,1
ADE,ade,ade_04192,mentions_dose_or_frequency,1
ADE,ade,ade_04192,mentions_drug_discontinuation,1
ADE,ade,ade_04192,mentions_drug_interaction,0
ADE,ade,ade_04192,mentions_symptom_or_condition,1
ADE,ade,ade_04192,mentions_adverse_reaction,0
ADE,ade,ade_04192,mentions_severity,0
ADE,ade,ade_04192,mentions_lab_or_diagnostic_abnormality,0
ADE,ade,ade_04192,links_event_to_medication,1
ADE,ade,ade_04192,mentions_temporal_after_use,1
ADE,ade,ade_04192,mentions_rechallenge_or_recovery,1
ADE,ade,ade_04192,mentions_onset_or_duration,1
ADE,ade,ade_04192,contains_negation_no_event,1
ADE,ade,ade_04192,contains_uncertainty_or_possible,0
ADE,ade,ade_04192,states_alternative_cause,0
ADE,ade,ade_04192,reports_no_drug_link,0
ADE,ade,ade_04192,mentions_study_or_trial_context,0
ADE,ade,ade_04192,mentions_expected_therapeutic_effect,0
ADE,ade,ade_04192,describes_indication_or_background,0
ADE,ade,ade_04192,discusses_general_pharmacology,0
ADE,ade,ade_01733,mentions_medication_or_drug,1
ADE,ade,ade_01733,mentions_dose_or_frequency,0
ADE,ade,ade_01733,mentions_drug_discontinuation,0
ADE,ade,ade_01733,mentions_drug_interaction,0
ADE,ade,ade_01733,mentions_symptom_or_condition,1
ADE,ade,ade_01733,mentions_adverse_reaction,1
ADE,ade,ade_01733,mentions_severity,0
ADE,ade,ade_01733,mentions_lab_or_diagnostic_abnormality,0
ADE,ade,ade_01733,links_event_to_medication,1
ADE,ade,ade_01733,mentions_temporal_after_use,1
ADE,ade,ade_01733,mentions_rechallenge_or_recovery,0
ADE,ade,ade_01733,mentions_onset_or_duration,0
ADE,ade,ade_01733,contains_negation_no_event,0
ADE,ade,ade_01733,contains_uncertainty_or_possible,0
ADE,ade,ade_01733,states_alternative_cause,0
ADE,ade,ade_01733,reports_no_drug_link,0
ADE,ade,ade_01733,mentions_study_or_trial_context,1
ADE,ade,ade_01733,mentions_expected_therapeutic_effect,0
ADE,ade,ade_01733,describes_indication_or_background,0
ADE,ade,ade_01733,discusses_general_pharmacology,0
ADE,ade,ade_02653,mentions_medication_or_drug,1
ADE,ade,ade_02653,mentions_dose_or_frequency,0
ADE,ade,ade_02653,mentions_drug_discontinuation,0
ADE,ade,ade_02653,mentions_drug_interaction,0
ADE,ade,ade_02653,mentions_symptom_or_condition,1
ADE,ade,ade_02653,mentions_adverse_reaction,1
ADE,ade,ade_02653,mentions_severity,0
ADE,ade,ade_02653,mentions_lab_or_diagnostic_abnormality,0
ADE,ade,ade_02653,links_event_to_medication,1
ADE,ade,ade_02653,mentions_temporal_after_use,1
ADE,ade,ade_02653,mentions_rechallenge_or_recovery,0
ADE,ade,ade_02653,mentions_onset_or_duration,0
ADE,ade,ade_02653,contains_negation_no_event,0
ADE,ade,ade_02653,contains_uncertainty_or_possible,0
ADE,ade,ade_02653,states_alternative_cause,0
ADE,ade,ade_02653,reports_no_drug_link,0
ADE,ade,ade_02653,mentions_study_or_trial_context,0
ADE,ade,ade_02653,mentions_expected_therapeutic_effect,0
ADE,ade,ade_02653,describes_indication_or_background,0
ADE,ade,ade_02653,discusses_general_pharmacology,0
ADE,ade,ade_03167,mentions_medication_or_drug,1
ADE,ade,ade_03167,mentions_dose_or_frequency,0
ADE,ade,ade_03167,mentions_drug_discontinuation,0
ADE,ade,ade_03167,mentions_drug_interaction,0
ADE,ade,ade_03167,mentions_symptom_or_condition,1
ADE,ade,ade_03167,mentions_adverse_reaction,1
ADE,ade,ade_03167,mentions_severity,1
ADE,ade,ade_03167,mentions_lab_or_diagnostic_abnormality,0
ADE,ade,ade_03167,links_event_to_medication,1
ADE,ade,ade_03167,mentions_temporal_after_use,0
ADE,ade,ade_03167,mentions_rechallenge_or_recovery,0
ADE,ade,ade_03167,mentions_onset_or_duration,0
ADE,ade,ade_03167,contains_negation_no_event,0
ADE,ade,ade_03167,contains_uncertainty_or_possible,1
ADE,ade,ade_03167,states_alternative_cause,0
ADE,ade,ade_03167,reports_no_drug_link,0
ADE,ade,ade_03167,mentions_study_or_trial_context,1
ADE,ade,ade_03167,mentions_expected_therapeutic_effect,0
ADE,ade,ade_03167,describes_indication_or_background,0
ADE,ade,ade_03167,discusses_general_pharmacology,0
ADE,ade,ade_00045,mentions_medication_or_drug,1
ADE,ade,ade_00045,mentions_dose_or_frequency,0
ADE,ade,ade_00045,mentions_drug_discontinuation,0
ADE,ade,ade_00045,mentions_drug_interaction,0
ADE,ade,ade_00045,mentions_symptom_or_condition,1
ADE,ade,ade_00045,mentions_adverse_reaction,1
ADE,ade,ade_00045,mentions_severity,0
ADE,ade,ade_00045,mentions_lab_or_diagnostic_abnormality,0
ADE,ade,ade_00045,links_event_to_medication,1
ADE,ade,ade_00045,mentions_temporal_after_use,1
ADE,ade,ade_00045,mentions_rechallenge_or_recovery,0
ADE,ade,ade_00045,mentions_onset_or_duration,1
ADE,ade,ade_00045,contains_negation_no_event,0
ADE,ade,ade_00045,contains_uncertainty_or_possible,0
ADE,ade,ade_00045,states_alternative_cause,0
ADE,ade,ade_00045,reports_no_drug_link,0
ADE,ade,ade_00045,mentions_study_or_trial_context,0
ADE,ade,ade_00045,mentions_expected_therapeutic_effect,1
ADE,ade,ade_00045,describes_indication_or_background,0
ADE,ade,ade_00045,discusses_general_pharmacology,0
ADE,ade,ade_03942,mentions_medication_or_drug,1
ADE,ade,ade_03942,mentions_dose_or_frequency,1
ADE,ade,ade_03942,mentions_drug_discontinuation,0
ADE,ade,ade_03942,mentions_drug_interaction,0
ADE,ade,ade_03942,mentions_symptom_or_condition,1
ADE,ade,ade_03942,mentions_adverse_reaction,1
ADE,ade,ade_03942,mentions_severity,1
ADE,ade,ade_03942,mentions_lab_or_diagnostic_abnormality,0
ADE,ade,ade_03942,links_event_to_medication,1
ADE,ade,ade_03942,mentions_temporal_after_use,1
ADE,ade,ade_03942,mentions_rechallenge_or_recovery,1
ADE,ade,ade_03942,mentions_onset_or_duration,0
ADE,ade,ade_03942,contains_negation_no_event,0
ADE,ade,ade_03942,contains_uncertainty_or_possible,0
ADE,ade,ade_03942,states_alternative_cause,0
ADE,ade,ade_03942,reports_no_drug_link,0
ADE,ade,ade_03942,mentions_study_or_trial_context,0
ADE,ade,ade_03942,mentions_expected_therapeutic_effect,1
ADE,ade,ade_03942,describes_indication_or_background,0
ADE,ade,ade_03942,discusses_general_pharmacology,0
ADE,ade,ade_04736,mentions_medication_or_drug,0
ADE,ade,ade_04736,mentions_dose_or_frequency,0
ADE,ade,ade_04736,mentions_drug_discontinuation,0
ADE,ade,ade_04736,mentions_drug_interaction,0
ADE,ade,ade_04736,mentions_symptom_or_condition,1
ADE,ade,ade_04736,mentions_adverse_reaction,0
ADE,ade,ade_04736,mentions_severity,0
ADE,ade,ade_04736,mentions_lab_or_diagnostic_abnormality,0
ADE,ade,ade_04736,links_event_to_medication,0
ADE,ade,ade_04736,mentions_temporal_after_use,0
ADE,ade,ade_04736,mentions_rechallenge_or_recovery,0
ADE,ade,ade_04736,mentions_onset_or_duration,0
ADE,ade,ade_04736,contains_negation_no_event,0
ADE,ade,ade_04736,contains_uncertainty_or_possible,0
ADE,ade,ade_04736,states_alternative_cause,1
ADE,ade,ade_04736,reports_no_drug_link,0
ADE,ade,ade_04736,mentions_study_or_trial_context,0
ADE,ade,ade_04736,mentions_expected_therapeutic_effect,0
ADE,ade,ade_04736,describes_indication_or_background,1
ADE,ade,ade_04736,discusses_general_pharmacology,0
ADE,ade,ade_00960,mentions_medication_or_drug,0
ADE,ade,ade_00960,mentions_dose_or_frequency,0
ADE,ade,ade_00960,mentions_drug_discontinuation,0
ADE,ade,ade_00960,mentions_drug_interaction,0
ADE,ade,ade_00960,mentions_symptom_or_condition,1
ADE,ade,ade_00960,mentions_adverse_reaction,0
ADE,ade,ade_00960,mentions_severity,0
ADE,ade,ade_00960,mentions_lab_or_diagnostic_abnormality,1
ADE,ade,ade_00960,links_event_to_medication,0
ADE,ade,ade_00960,mentions_temporal_after_use,0
ADE,ade,ade_00960,mentions_rechallenge_or_recovery,0
ADE,ade,ade_00960,mentions_onset_or_duration,0
ADE,ade,ade_00960,contains_negation_no_event,0
ADE,ade,ade_00960,contains_uncertainty_or_possible,0
ADE,ade,ade_00960,states_alternative_cause,0
ADE,ade,ade_00960,reports_no_drug_link,0
ADE,ade,ade_00960,mentions_study_or_trial_context,1
ADE,ade,ade_00960,mentions_expected_therapeutic_effect,0
ADE,ade,ade_00960,describes_indication_or_background,0
ADE,ade,ade_00960,discusses_general_pharmacology,0
ADE,ade,ade_00384,mentions_medication_or_drug,0
ADE,ade,ade_00384,mentions_dose_or_frequency,0
ADE,ade,ade_00384,mentions_drug_discontinuation,0
ADE,ade,ade_00384,mentions_drug_interaction,0
ADE,ade,ade_00384,mentions_symptom_or_condition,1
ADE,ade,ade_00384,mentions_adverse_reaction,0
ADE,ade,ade_00384,mentions_severity,1
ADE,ade,ade_00384,mentions_lab_or_diagnostic_abnormality,0
ADE,ade,ade_00384,links_event_to_medication,0
ADE,ade,ade_00384,mentions_temporal_after_use,0
ADE,ade,ade_00384,mentions_rechallenge_or_recovery,0
ADE,ade,ade_00384,mentions_onset_or_duration,0
ADE,ade,ade_00384,contains_negation_no_event,0
ADE,ade,ade_00384,contains_uncertainty_or_possible,0
ADE,ade,ade_00384,states_alternative_cause,0
ADE,ade,ade_00384,reports_no_drug_link,0
ADE,ade,ade_00384,mentions_study_or_trial_context,1
ADE,ade,ade_00384,mentions_expected_therapeutic_effect,0
ADE,ade,ade_00384,describes_indication_or_background,1
ADE,ade,ade_00384,discusses_general_pharmacology,0
ADE,ade,ade_01183,mentions_medication_or_drug,1
ADE,ade,ade_01183,mentions_dose_or_frequency,0
ADE,ade,ade_01183,mentions_drug_discontinuation,0
ADE,ade,ade_01183,mentions_drug_interaction,0
ADE,ade,ade_01183,mentions_symptom_or_condition,0
ADE,ade,ade_01183,mentions_adverse_reaction,0
ADE,ade,ade_01183,mentions_severity,0
ADE,ade,ade_01183,mentions_lab_or_diagnostic_abnormality,0
ADE,ade,ade_01183,links_event_to_medication,0
ADE,ade,ade_01183,mentions_temporal_after_use,0
ADE,ade,ade_01183,mentions_rechallenge_or_recovery,0
ADE,ade,ade_01183,mentions_onset_or_duration,0
ADE,ade,ade_01183,contains_negation_no_event,0
ADE,ade,ade_01183,contains_uncertainty_or_possible,0
ADE,ade,ade_01183,states_alternative_cause,0
ADE,ade,ade_01183,reports_no_drug_link,0
ADE,ade,ade_01183,mentions_study_or_trial_context,0
ADE,ade,ade_01183,mentions_expected_therapeutic_effect,0
ADE,ade,ade_01183,describes_indication_or_background,0
ADE,ade,ade_01183,discusses_general_pharmacology,0
ADE,ade,ade_00752,mentions_medication_or_drug,1
ADE,ade,ade_00752,mentions_dose_or_frequency,0
ADE,ade,ade_00752,mentions_drug_discontinuation,0
ADE,ade,ade_00752,mentions_drug_interaction,0
ADE,ade,ade_00752,mentions_symptom_or_condition,1
ADE,ade,ade_00752,mentions_adverse_reaction,1
ADE,ade,ade_00752,mentions_severity,0
ADE,ade,ade_00752,mentions_lab_or_diagnostic_abnormality,0
ADE,ade,ade_00752,links_event_to_medication,1
ADE,ade,ade_00752,mentions_temporal_after_use,1
ADE,ade,ade_00752,mentions_rechallenge_or_recovery,0
ADE,ade,ade_00752,mentions_onset_or_duration,0
ADE,ade,ade_00752,contains_negation_no_event,0
ADE,ade,ade_00752,contains_uncertainty_or_possible,0
ADE,ade,ade_00752,states_alternative_cause,0
ADE,ade,ade_00752,reports_no_drug_link,0
ADE,ade,ade_00752,mentions_study_or_trial_context,0
ADE,ade,ade_00752,mentions_expected_therapeutic_effect,0
ADE,ade,ade_00752,describes_indication_or_background,0
ADE,ade,ade_00752,discusses_general_pharmacology,0
ADE,ade,ade_00936,mentions_medication_or_drug,1
ADE,ade,ade_00936,mentions_dose_or_frequency,0
ADE,ade,ade_00936,mentions_drug_discontinuation,0
ADE,ade,ade_00936,mentions_drug_interaction,0
ADE,ade,ade_00936,mentions_symptom_or_condition,1
ADE,ade,ade_00936,mentions_adverse_reaction,1
ADE,ade,ade_00936,mentions_severity,0
ADE,ade,ade_00936,mentions_lab_or_diagnostic_abnormality,1
ADE,ade,ade_00936,links_event_to_medication,1
ADE,ade,ade_00936,mentions_temporal_after_use,1
ADE,ade,ade_00936,mentions_rechallenge_or_recovery,0
ADE,ade,ade_00936,mentions_onset_or_duration,0
ADE,ade,ade_00936,contains_negation_no_event,0
ADE,ade,ade_00936,contains_uncertainty_or_possible,0
ADE,ade,ade_00936,states_alternative_cause,0
ADE,ade,ade_00936,reports_no_drug_link,0
ADE,ade,ade_00936,mentions_study_or_trial_context,0
ADE,ade,ade_00936,mentions_expected_therapeutic_effect,0
ADE,ade,ade_00936,describes_indication_or_background,0
ADE,ade,ade_00936,discusses_general_pharmacology,0
ADE,ade,ade_01599,mentions_medication_or_drug,1
ADE,ade,ade_01599,mentions_dose_or_frequency,1
ADE,ade,ade_01599,mentions_drug_discontinuation,0
ADE,ade,ade_01599,mentions_drug_interaction,0
ADE,ade,ade_01599,mentions_symptom_or_condition,1
ADE,ade,ade_01599,mentions_adverse_reaction,1
ADE,ade,ade_01599,mentions_severity,0
ADE,ade,ade_01599,mentions_lab_or_diagnostic_abnormality,0
ADE,ade,ade_01599,links_event_to_medication,1
ADE,ade,ade_01599,mentions_temporal_after_use,1
ADE,ade,ade_01599,mentions_rechallenge_or_recovery,0
ADE,ade,ade_01599,mentions_onset_or_duration,0
ADE,ade,ade_01599,contains_negation_no_event,0
ADE,ade,ade_01599,contains_uncertainty_or_possible,0
ADE,ade,ade_01599,states_alternative_cause,0
ADE,ade,ade_01599,reports_no_drug_link,0
ADE,ade,ade_01599,mentions_study_or_trial_context,0
ADE,ade,ade_01599,mentions_expected_therapeutic_effect,0
ADE,ade,ade_01599,describes_indication_or_background,0
ADE,ade,ade_01599,discusses_general_pharmacology,0
ADE,ade,ade_01592,mentions_medication_or_drug,1
ADE,ade,ade_01592,mentions_dose_or_frequency,0
ADE,ade,ade_01592,mentions_drug_discontinuation,0
ADE,ade,ade_01592,mentions_drug_interaction,0
ADE,ade,ade_01592,mentions_symptom_or_condition,1
ADE,ade,ade_01592,mentions_adverse_reaction,0
ADE,ade,ade_01592,mentions_severity,0
ADE,ade,ade_01592,mentions_lab_or_diagnostic_abnormality,0
ADE,ade,ade_01592,links_event_to_medication,0
ADE,ade,ade_01592,mentions_temporal_after_use,0
ADE,ade,ade_01592,mentions_rechallenge_or_recovery,0
ADE,ade,ade_01592,mentions_onset_or_duration,0
ADE,ade,ade_01592,contains_negation_no_event,1
ADE,ade,ade_01592,contains_uncertainty_or_possible,0
ADE,ade,ade_01592,states_alternative_cause,0
ADE,ade,ade_01592,reports_no_drug_link,0
ADE,ade,ade_01592,mentions_study_or_trial_context,0
ADE,ade,ade_01592,mentions_expected_therapeutic_effect,1
ADE,ade,ade_01592,describes_indication_or_background,0
ADE,ade,ade_01592,discusses_general_pharmacology,0
ADE,ade,ade_04198,mentions_medication_or_drug,1
ADE,ade,ade_04198,mentions_dose_or_frequency,0
ADE,ade,ade_04198,mentions_drug_discontinuation,0
ADE,ade,ade_04198,mentions_drug_interaction,0
ADE,ade,ade_04198,mentions_symptom_or_condition,1
ADE,ade,ade_04198,mentions_adverse_reaction,1
ADE,ade,ade_04198,mentions_severity,0
ADE,ade,ade_04198,mentions_lab_or_diagnostic_abnormality,0
ADE,ade,ade_04198,links_event_to_medication,0
ADE,ade,ade_04198,mentions_temporal_after_use,0
ADE,ade,ade_04198,mentions_rechallenge_or_recovery,0
ADE,ade,ade_04198,mentions_onset_or_duration,0
ADE,ade,ade_04198,contains_negation_no_event,0
ADE,ade,ade_04198,contains_uncertainty_or_possible,0
ADE,ade,ade_04198,states_alternative_cause,0
ADE,ade,ade_04198,reports_no_drug_link,0
ADE,ade,ade_04198,mentions_study_or_trial_context,1
ADE,ade,ade_04198,mentions_expected_therapeutic_effect,1
ADE,ade,ade_04198,describes_indication_or_background,0
ADE,ade,ade_04198,discusses_general_pharmacology,1
ADE,ade,ade_02065,mentions_medication_or_drug,1
ADE,ade,ade_02065,mentions_dose_or_frequency,1
ADE,ade,ade_02065,mentions_drug_discontinuation,0
ADE,ade,ade_02065,mentions_drug_interaction,0
ADE,ade,ade_02065,mentions_symptom_or_condition,1
ADE,ade,ade_02065,mentions_adverse_reaction,1
ADE,ade,ade_02065,mentions_severity,0
ADE,ade,ade_02065,mentions_lab_or_diagnostic_abnormality,0
ADE,ade,ade_02065,links_event_to_medication,1
ADE,ade,ade_02065,mentions_temporal_after_use,1
ADE,ade,ade_02065,mentions_rechallenge_or_recovery,0
ADE,ade,ade_02065,mentions_onset_or_duration,1
ADE,ade,ade_02065,contains_negation_no_event,0
ADE,ade,ade_02065,contains_uncertainty_or_possible,0
ADE,ade,ade_02065,states_alternative_cause,0
ADE,ade,ade_02065,reports_no_drug_link,0
ADE,ade,ade_02065,mentions_study_or_trial_context,0
ADE,ade,ade_02065,mentions_expected_therapeutic_effect,0
ADE,ade,ade_02065,describes_indication_or_background,0
ADE,ade,ade_02065,discusses_general_pharmacology,0
ADE,ade,ade_00913,mentions_medication_or_drug,1
ADE,ade,ade_00913,mentions_dose_or_frequency,0
ADE,ade,ade_00913,mentions_drug_discontinuation,0
ADE,ade,ade_00913,mentions_drug_interaction,0
ADE,ade,ade_00913,mentions_symptom_or_condition,1
ADE,ade,ade_00913,mentions_adverse_reaction,1
ADE,ade,ade_00913,mentions_severity,0
ADE,ade,ade_00913,mentions_lab_or_diagnostic_abnormality,0
ADE,ade,ade_00913,links_event_to_medication,1
ADE,ade,ade_00913,mentions_temporal_after_use,1
ADE,ade,ade_00913,mentions_rechallenge_or_recovery,0
ADE,ade,ade_00913,mentions_onset_or_duration,0
ADE,ade,ade_00913,contains_negation_no_event,0
ADE,ade,ade_00913,contains_uncertainty_or_possible,0
ADE,ade,ade_00913,states_alternative_cause,0
ADE,ade,ade_00913,reports_no_drug_link,0
ADE,ade,ade_00913,mentions_study_or_trial_context,1
ADE,ade,ade_00913,mentions_expected_therapeutic_effect,0
ADE,ade,ade_00913,describes_indication_or_background,0
ADE,ade,ade_00913,discusses_general_pharmacology,0
ADE,ade,ade_00621,mentions_medication_or_drug,1
ADE,ade,ade_00621,mentions_dose_or_frequency,0
ADE,ade,ade_00621,mentions_drug_discontinuation,0
ADE,ade,ade_00621,mentions_drug_interaction,0
ADE,ade,ade_00621,mentions_symptom_or_condition,1
ADE,ade,ade_00621,mentions_adverse_reaction,0
ADE,ade,ade_00621,mentions_severity,0
ADE,ade,ade_00621,mentions_lab_or_diagnostic_abnormality,0
ADE,ade,ade_00621,links_event_to_medication,0
ADE,ade,ade_00621,mentions_temporal_after_use,1
ADE,ade,ade_00621,mentions_rechallenge_or_recovery,0
ADE,ade,ade_00621,mentions_onset_or_duration,0
ADE,ade,ade_00621,contains_negation_no_event,0
ADE,ade,ade_00621,contains_uncertainty_or_possible,0
ADE,ade,ade_00621,states_alternative_cause,0
ADE,ade,ade_00621,reports_no_drug_link,0
ADE,ade,ade_00621,mentions_study_or_trial_context,0
ADE,ade,ade_00621,mentions_expected_therapeutic_effect,1
ADE,ade,ade_00621,describes_indication_or_background,0
ADE,ade,ade_00621,discusses_general_pharmacology,0
ADE,ade,ade_01503,mentions_medication_or_drug,1
ADE,ade,ade_01503,mentions_dose_or_frequency,0
ADE,ade,ade_01503,mentions_drug_discontinuation,0
ADE,ade,ade_01503,mentions_drug_interaction,0
ADE,ade,ade_01503,mentions_symptom_or_condition,1
ADE,ade,ade_01503,mentions_adverse_reaction,0
ADE,ade,ade_01503,mentions_severity,0
ADE,ade,ade_01503,mentions_lab_or_diagnostic_abnormality,0
ADE,ade,ade_01503,links_event_to_medication,0
ADE,ade,ade_01503,mentions_temporal_after_use,0
ADE,ade,ade_01503,mentions_rechallenge_or_recovery,0
ADE,ade,ade_01503,mentions_onset_or_duration,0
ADE,ade,ade_01503,contains_negation_no_event,0
ADE,ade,ade_01503,contains_uncertainty_or_possible,0
ADE,ade,ade_01503,states_alternative_cause,0
ADE,ade,ade_01503,reports_no_drug_link,0
ADE,ade,ade_01503,mentions_study_or_trial_context,1
ADE,ade,ade_01503,mentions_expected_therapeutic_effect,1
ADE,ade,ade_01503,describes_indication_or_background,0
ADE,ade,ade_01503,discusses_general_pharmacology,1
ADE,ade,ade_02433,mentions_medication_or_drug,1
ADE,ade,ade_02433,mentions_dose_or_frequency,0
ADE,ade,ade_02433,mentions_drug_discontinuation,0
ADE,ade,ade_02433,mentions_drug_interaction,0
ADE,ade,ade_02433,mentions_symptom_or_condition,1
ADE,ade,ade_02433,mentions_adverse_reaction,1
ADE,ade,ade_02433,mentions_severity,0
ADE,ade,ade_02433,mentions_lab_or_diagnostic_abnormality,0
ADE,ade,ade_02433,links_event_to_medication,1
ADE,ade,ade_02433,mentions_temporal_after_use,1
ADE,ade,ade_02433,mentions_rechallenge_or_recovery,0
ADE,ade,ade_02433,mentions_onset_or_duration,0
ADE,ade,ade_02433,contains_negation_no_event,0
ADE,ade,ade_02433,contains_uncertainty_or_possible,0
ADE,ade,ade_02433,states_alternative_cause,0
ADE,ade,ade_02433,reports_no_drug_link,0
ADE,ade,ade_02433,mentions_study_or_trial_context,1
ADE,ade,ade_02433,mentions_expected_therapeutic_effect,0
ADE,ade,ade_02433,describes_indication_or_background,0
ADE,ade,ade_02433,discusses_general_pharmacology,0
ADE,ade,ade_02084,mentions_medication_or_drug,0
ADE,ade,ade_02084,mentions_dose_or_frequency,0
ADE,ade,ade_02084,mentions_drug_discontinuation,0
ADE,ade,ade_02084,mentions_drug_interaction,0
ADE,ade,ade_02084,mentions_symptom_or_condition,1
ADE,ade,ade_02084,mentions_adverse_reaction,0
ADE,ade,ade_02084,mentions_severity,0
ADE,ade,ade_02084,mentions_lab_or_diagnostic_abnormality,1
ADE,ade,ade_02084,links_event_to_medication,0
ADE,ade,ade_02084,mentions_temporal_after_use,0
ADE,ade,ade_02084,mentions_rechallenge_or_recovery,0
ADE,ade,ade_02084,mentions_onset_or_duration,0
ADE,ade,ade_02084,contains_negation_no_event,0
ADE,ade,ade_02084,contains_uncertainty_or_possible,0
ADE,ade,ade_02084,states_alternative_cause,0
ADE,ade,ade_02084,reports_no_drug_link,0
ADE,ade,ade_02084,mentions_study_or_trial_context,0
ADE,ade,ade_02084,mentions_expected_therapeutic_effect,0
ADE,ade,ade_02084,describes_indication_or_background,0
ADE,ade,ade_02084,discusses_general_pharmacology,0
ADE,ade,ade_03598,mentions_medication_or_drug,1
ADE,ade,ade_03598,mentions_dose_or_frequency,0
ADE,ade,ade_03598,mentions_drug_discontinuation,0
ADE,ade,ade_03598,mentions_drug_interaction,0
ADE,ade,ade_03598,mentions_symptom_or_condition,1
ADE,ade,ade_03598,mentions_adverse_reaction,1
ADE,ade,ade_03598,mentions_severity,1
ADE,ade,ade_03598,mentions_lab_or_diagnostic_abnormality,0
ADE,ade,ade_03598,links_event_to_medication,1
ADE,ade,ade_03598,mentions_temporal_after_use,1
ADE,ade,ade_03598,mentions_rechallenge_or_recovery,0
ADE,ade,ade_03598,mentions_onset_or_duration,1
ADE,ade,ade_03598,contains_negation_no_event,0
ADE,ade,ade_03598,contains_uncertainty_or_possible,0
ADE,ade,ade_03598,states_alternative_cause,0
ADE,ade,ade_03598,reports_no_drug_link,0
ADE,ade,ade_03598,mentions_study_or_trial_context,0
ADE,ade,ade_03598,mentions_expected_therapeutic_effect,0
ADE,ade,ade_03598,describes_indication_or_background,0
ADE,ade,ade_03598,discusses_general_pharmacology,0
ADE,ade,ade_04692,mentions_medication_or_drug,1
ADE,ade,ade_04692,mentions_dose_or_frequency,0
ADE,ade,ade_04692,mentions_drug_discontinuation,0
ADE,ade,ade_04692,mentions_drug_interaction,0
ADE,ade,ade_04692,mentions_symptom_or_condition,1
ADE,ade,ade_04692,mentions_adverse_reaction,1
ADE,ade,ade_04692,mentions_severity,0
ADE,ade,ade_04692,mentions_lab_or_diagnostic_abnormality,0
ADE,ade,ade_04692,links_event_to_medication,1
ADE,ade,ade_04692,mentions_temporal_after_use,1
ADE,ade,ade_04692,mentions_rechallenge_or_recovery,0
ADE,ade,ade_04692,mentions_onset_or_duration,0
ADE,ade,ade_04692,contains_negation_no_event,0
ADE,ade,ade_04692,contains_uncertainty_or_possible,0
ADE,ade,ade_04692,states_alternative_cause,0
ADE,ade,ade_04692,reports_no_drug_link,0
ADE,ade,ade_04692,mentions_study_or_trial_context,0
ADE,ade,ade_04692,mentions_expected_therapeutic_effect,0
ADE,ade,ade_04692,describes_indication_or_background,0
ADE,ade,ade_04692,discusses_general_pharmacology,0
ADE,ade,ade_00102,mentions_medication_or_drug,1
ADE,ade,ade_00102,mentions_dose_or_frequency,0
ADE,ade,ade_00102,mentions_drug_discontinuation,0
ADE,ade,ade_00102,mentions_drug_interaction,0
ADE,ade,ade_00102,mentions_symptom_or_condition,1
ADE,ade,ade_00102,mentions_adverse_reaction,1
ADE,ade,ade_00102,mentions_severity,0
ADE,ade,ade_00102,mentions_lab_or_diagnostic_abnormality,0
ADE,ade,ade_00102,links_event_to_medication,1
ADE,ade,ade_00102,mentions_temporal_after_use,1
ADE,ade,ade_00102,mentions_rechallenge_or_recovery,0
ADE,ade,ade_00102,mentions_onset_or_duration,0
ADE,ade,ade_00102,contains_negation_no_event,0
ADE,ade,ade_00102,contains_uncertainty_or_possible,0
ADE,ade,ade_00102,states_alternative_cause,0
ADE,ade,ade_00102,reports_no_drug_link,0
ADE,ade,ade_00102,mentions_study_or_trial_context,0
ADE,ade,ade_00102,mentions_expected_therapeutic_effect,0
ADE,ade,ade_00102,describes_indication_or_background,0
ADE,ade,ade_00102,discusses_general_pharmacology,0
ADE,ade,ade_02678,mentions_medication_or_drug,1
ADE,ade,ade_02678,mentions_dose_or_frequency,0
ADE,ade,ade_02678,mentions_drug_discontinuation,0
ADE,ade,ade_02678,mentions_drug_interaction,0
ADE,ade,ade_02678,mentions_symptom_or_condition,1
ADE,ade,ade_02678,mentions_adverse_reaction,1
ADE,ade,ade_02678,mentions_severity,0
ADE,ade,ade_02678,mentions_lab_or_diagnostic_abnormality,0
ADE,ade,ade_02678,links_event_to_medication,1
ADE,ade,ade_02678,mentions_temporal_after_use,1
ADE,ade,ade_02678,mentions_rechallenge_or_recovery,0
ADE,ade,ade_02678,mentions_onset_or_duration,0
ADE,ade,ade_02678,contains_negation_no_event,0
ADE,ade,ade_02678,contains_uncertainty_or_possible,0
ADE,ade,ade_02678,states_alternative_cause,0
ADE,ade,ade_02678,reports_no_drug_link,0
ADE,ade,ade_02678,mentions_study_or_trial_context,0
ADE,ade,ade_02678,mentions_expected_therapeutic_effect,0
ADE,ade,ade_02678,describes_indication_or_background,0
ADE,ade,ade_02678,discusses_general_pharmacology,0
ADE,ade,ade_01942,mentions_medication_or_drug,1
ADE,ade,ade_01942,mentions_dose_or_frequency,1
ADE,ade,ade_01942,mentions_drug_discontinuation,0
ADE,ade,ade_01942,mentions_drug_interaction,0
ADE,ade,ade_01942,mentions_symptom_or_condition,0
ADE,ade,ade_01942,mentions_adverse_reaction,0
ADE,ade,ade_01942,mentions_severity,0
ADE,ade,ade_01942,mentions_lab_or_diagnostic_abnormality,0
ADE,ade,ade_01942,links_event_to_medication,0
ADE,ade,ade_01942,mentions_temporal_after_use,0
ADE,ade,ade_01942,mentions_rechallenge_or_recovery,0
ADE,ade,ade_01942,mentions_onset_or_duration,0
ADE,ade,ade_01942,contains_negation_no_event,0
ADE,ade,ade_01942,contains_uncertainty_or_possible,0
ADE,ade,ade_01942,states_alternative_cause,0
ADE,ade,ade_01942,reports_no_drug_link,0
ADE,ade,ade_01942,mentions_study_or_trial_context,0
ADE,ade,ade_01942,mentions_expected_therapeutic_effect,0
ADE,ade,ade_01942,describes_indication_or_background,0
ADE,ade,ade_01942,discusses_general_pharmacology,0
ADE,ade,ade_01342,mentions_medication_or_drug,1
ADE,ade,ade_01342,mentions_dose_or_frequency,0
ADE,ade,ade_01342,mentions_drug_discontinuation,0
ADE,ade,ade_01342,mentions_drug_interaction,0
ADE,ade,ade_01342,mentions_symptom_or_condition,1
ADE,ade,ade_01342,mentions_adverse_reaction,1
ADE,ade,ade_01342,mentions_severity,0
ADE,ade,ade_01342,mentions_lab_or_diagnostic_abnormality,1
ADE,ade,ade_01342,links_event_to_medication,1
ADE,ade,ade_01342,mentions_temporal_after_use,1
ADE,ade,ade_01342,mentions_rechallenge_or_recovery,0
ADE,ade,ade_01342,mentions_onset_or_duration,0
ADE,ade,ade_01342,contains_negation_no_event,0
ADE,ade,ade_01342,contains_uncertainty_or_possible,0
ADE,ade,ade_01342,states_alternative_cause,0
ADE,ade,ade_01342,reports_no_drug_link,0
ADE,ade,ade_01342,mentions_study_or_trial_context,0
ADE,ade,ade_01342,mentions_expected_therapeutic_effect,0
ADE,ade,ade_01342,describes_indication_or_background,0
ADE,ade,ade_01342,discusses_general_pharmacology,0
ADE,ade,ade_00122,mentions_medication_or_drug,1
ADE,ade,ade_00122,mentions_dose_or_frequency,1
ADE,ade,ade_00122,mentions_drug_discontinuation,1
ADE,ade,ade_00122,mentions_drug_interaction,0
ADE,ade,ade_00122,mentions_symptom_or_condition,0
ADE,ade,ade_00122,mentions_adverse_reaction,0
ADE,ade,ade_00122,mentions_severity,0
ADE,ade,ade_00122,mentions_lab_or_diagnostic_abnormality,0
ADE,ade,ade_00122,links_event_to_medication,0
ADE,ade,ade_00122,mentions_temporal_after_use,1
ADE,ade,ade_00122,mentions_rechallenge_or_recovery,0
ADE,ade,ade_00122,mentions_onset_or_duration,1
ADE,ade,ade_00122,contains_negation_no_event,0
ADE,ade,ade_00122,contains_uncertainty_or_possible,0
ADE,ade,ade_00122,states_alternative_cause,0
ADE,ade,ade_00122,reports_no_drug_link,0
ADE,ade,ade_00122,mentions_study_or_trial_context,0
ADE,ade,ade_00122,mentions_expected_therapeutic_effect,0
ADE,ade,ade_00122,describes_indication_or_background,0
ADE,ade,ade_00122,discusses_general_pharmacology,0
ADE,ade,ade_02178,mentions_medication_or_drug,1
ADE,ade,ade_02178,mentions_dose_or_frequency,0
ADE,ade,ade_02178,mentions_drug_discontinuation,0
ADE,ade,ade_02178,mentions_drug_interaction,0
ADE,ade,ade_02178,mentions_symptom_or_condition,1
ADE,ade,ade_02178,mentions_adverse_reaction,1
ADE,ade,ade_02178,mentions_severity,1
ADE,ade,ade_02178,mentions_lab_or_diagnostic_abnormality,0
ADE,ade,ade_02178,links_event_to_medication,1
ADE,ade,ade_02178,mentions_temporal_after_use,1
ADE,ade,ade_02178,mentions_rechallenge_or_recovery,0
ADE,ade,ade_02178,mentions_onset_or_duration,0
ADE,ade,ade_02178,contains_negation_no_event,0
ADE,ade,ade_02178,contains_uncertainty_or_possible,0
ADE,ade,ade_02178,states_alternative_cause,0
ADE,ade,ade_02178,reports_no_drug_link,0
ADE,ade,ade_02178,mentions_study_or_trial_context,0
ADE,ade,ade_02178,mentions_expected_therapeutic_effect,0
ADE,ade,ade_02178,describes_indication_or_background,0
ADE,ade,ade_02178,discusses_general_pharmacology,0
ADE,ade,ade_01679,mentions_medication_or_drug,1
ADE,ade,ade_01679,mentions_dose_or_frequency,0
ADE,ade,ade_01679,mentions_drug_discontinuation,0
ADE,ade,ade_01679,mentions_drug_interaction,0
ADE,ade,ade_01679,mentions_symptom_or_condition,1
ADE,ade,ade_01679,mentions_adverse_reaction,1
ADE,ade,ade_01679,mentions_severity,1
ADE,ade,ade_01679,mentions_lab_or_diagnostic_abnormality,0
ADE,ade,ade_01679,links_event_to_medication,1
ADE,ade,ade_01679,mentions_temporal_after_use,1
ADE,ade,ade_01679,mentions_rechallenge_or_recovery,0
ADE,ade,ade_01679,mentions_onset_or_duration,0
ADE,ade,ade_01679,contains_negation_no_event,0
ADE,ade,ade_01679,contains_uncertainty_or_possible,0
ADE,ade,ade_01679,states_alternative_cause,0
ADE,ade,ade_01679,reports_no_drug_link,0
ADE,ade,ade_01679,mentions_study_or_trial_context,0
ADE,ade,ade_01679,mentions_expected_therapeutic_effect,0
ADE,ade,ade_01679,describes_indication_or_background,0
ADE,ade,ade_01679,discusses_general_pharmacology,0
ADE,ade,ade_02606,mentions_medication_or_drug,1
ADE,ade,ade_02606,mentions_dose_or_frequency,0
ADE,ade,ade_02606,mentions_drug_discontinuation,0
ADE,ade,ade_02606,mentions_drug_interaction,0
ADE,ade,ade_02606,mentions_symptom_or_condition,1
ADE,ade,ade_02606,mentions_adverse_reaction,1
ADE,ade,ade_02606,mentions_severity,0
ADE,ade,ade_02606,mentions_lab_or_diagnostic_abnormality,0
ADE,ade,ade_02606,links_event_to_medication,1
ADE,ade,ade_02606,mentions_temporal_after_use,1
ADE,ade,ade_02606,mentions_rechallenge_or_recovery,0
ADE,ade,ade_02606,mentions_onset_or_duration,0
ADE,ade,ade_02606,contains_negation_no_event,0
ADE,ade,ade_02606,contains_uncertainty_or_possible,0
ADE,ade,ade_02606,states_alternative_cause,0
ADE,ade,ade_02606,reports_no_drug_link,0
ADE,ade,ade_02606,mentions_study_or_trial_context,0
ADE,ade,ade_02606,mentions_expected_therapeutic_effect,0
ADE,ade,ade_02606,describes_indication_or_background,0
ADE,ade,ade_02606,discusses_general_pharmacology,0
ADE,ade,ade_03436,mentions_medication_or_drug,1
ADE,ade,ade_03436,mentions_dose_or_frequency,1
ADE,ade,ade_03436,mentions_drug_discontinuation,0
ADE,ade,ade_03436,mentions_drug_interaction,0
ADE,ade,ade_03436,mentions_symptom_or_condition,1
ADE,ade,ade_03436,mentions_adverse_reaction,1
ADE,ade,ade_03436,mentions_severity,0
ADE,ade,ade_03436,mentions_lab_or_diagnostic_abnormality,0
ADE,ade,ade_03436,links_event_to_medication,1
ADE,ade,ade_03436,mentions_temporal_after_use,1
ADE,ade,ade_03436,mentions_rechallenge_or_recovery,0
ADE,ade,ade_03436,mentions_onset_or_duration,1
ADE,ade,ade_03436,contains_negation_no_event,0
ADE,ade,ade_03436,contains_uncertainty_or_possible,0
ADE,ade,ade_03436,states_alternative_cause,0
ADE,ade,ade_03436,reports_no_drug_link,0
ADE,ade,ade_03436,mentions_study_or_trial_context,0
ADE,ade,ade_03436,mentions_expected_therapeutic_effect,0
ADE,ade,ade_03436,describes_indication_or_background,0
ADE,ade,ade_03436,discusses_general_pharmacology,0
ADE,ade,ade_01577,mentions_medication_or_drug,0
ADE,ade,ade_01577,mentions_dose_or_frequency,0
ADE,ade,ade_01577,mentions_drug_discontinuation,0
ADE,ade,ade_01577,mentions_drug_interaction,0
ADE,ade,ade_01577,mentions_symptom_or_condition,1
ADE,ade,ade_01577,mentions_adverse_reaction,1
ADE,ade,ade_01577,mentions_severity,0
ADE,ade,ade_01577,mentions_lab_or_diagnostic_abnormality,0
ADE,ade,ade_01577,links_event_to_medication,1
ADE,ade,ade_01577,mentions_temporal_after_use,0
ADE,ade,ade_01577,mentions_rechallenge_or_recovery,0
ADE,ade,ade_01577,mentions_onset_or_duration,0
ADE,ade,ade_01577,contains_negation_no_event,0
ADE,ade,ade_01577,contains_uncertainty_or_possible,0
ADE,ade,ade_01577,states_alternative_cause,0
ADE,ade,ade_01577,reports_no_drug_link,0
ADE,ade,ade_01577,mentions_study_or_trial_context,1
ADE,ade,ade_01577,mentions_expected_therapeutic_effect,0
ADE,ade,ade_01577,describes_indication_or_background,0
ADE,ade,ade_01577,discusses_general_pharmacology,0
ADE,ade,ade_02901,mentions_medication_or_drug,1
ADE,ade,ade_02901,mentions_dose_or_frequency,0
ADE,ade,ade_02901,mentions_drug_discontinuation,0
ADE,ade,ade_02901,mentions_drug_interaction,0
ADE,ade,ade_02901,mentions_symptom_or_condition,1
ADE,ade,ade_02901,mentions_adverse_reaction,1
ADE,ade,ade_02901,mentions_severity,0
ADE,ade,ade_02901,mentions_lab_or_diagnostic_abnormality,0
ADE,ade,ade_02901,links_event_to_medication,1
ADE,ade,ade_02901,mentions_temporal_after_use,1
ADE,ade,ade_02901,mentions_rechallenge_or_recovery,0
ADE,ade,ade_02901,mentions_onset_or_duration,0
ADE,ade,ade_02901,contains_negation_no_event,0
ADE,ade,ade_02901,contains_uncertainty_or_possible,0
ADE,ade,ade_02901,states_alternative_cause,0
ADE,ade,ade_02901,reports_no_drug_link,0
ADE,ade,ade_02901,mentions_study_or_trial_context,0
ADE,ade,ade_02901,mentions_expected_therapeutic_effect,0
ADE,ade,ade_02901,describes_indication_or_background,0
ADE,ade,ade_02901,discusses_general_pharmacology,0
ADE,ade,ade_02172,mentions_medication_or_drug,1
ADE,ade,ade_02172,mentions_dose_or_frequency,0
ADE,ade,ade_02172,mentions_drug_discontinuation,0
ADE,ade,ade_02172,mentions_drug_interaction,0
ADE,ade,ade_02172,mentions_symptom_or_condition,1
ADE,ade,ade_02172,mentions_adverse_reaction,1
ADE,ade,ade_02172,mentions_severity,1
ADE,ade,ade_02172,mentions_lab_or_diagnostic_abnormality,0
ADE,ade,ade_02172,links_event_to_medication,1
ADE,ade,ade_02172,mentions_temporal_after_use,1
ADE,ade,ade_02172,mentions_rechallenge_or_recovery,0
ADE,ade,ade_02172,mentions_onset_or_duration,0
ADE,ade,ade_02172,contains_negation_no_event,0
ADE,ade,ade_02172,contains_uncertainty_or_possible,0
ADE,ade,ade_02172,states_alternative_cause,0
ADE,ade,ade_02172,reports_no_drug_link,0
ADE,ade,ade_02172,mentions_study_or_trial_context,0
ADE,ade,ade_02172,mentions_expected_therapeutic_effect,0
ADE,ade,ade_02172,describes_indication_or_background,0
ADE,ade,ade_02172,discusses_general_pharmacology,0
ADE,ade,ade_00116,mentions_medication_or_drug,0
ADE,ade,ade_00116,mentions_dose_or_frequency,0
ADE,ade,ade_00116,mentions_drug_discontinuation,0
ADE,ade,ade_00116,mentions_drug_interaction,0
ADE,ade,ade_00116,mentions_symptom_or_condition,1
ADE,ade,ade_00116,mentions_adverse_reaction,0
ADE,ade,ade_00116,mentions_severity,0
ADE,ade,ade_00116,mentions_lab_or_diagnostic_abnormality,0
ADE,ade,ade_00116,links_event_to_medication,0
ADE,ade,ade_00116,mentions_temporal_after_use,1
ADE,ade,ade_00116,mentions_rechallenge_or_recovery,1
ADE,ade,ade_00116,mentions_onset_or_duration,1
ADE,ade,ade_00116,contains_negation_no_event,0
ADE,ade,ade_00116,contains_uncertainty_or_possible,0
ADE,ade,ade_00116,states_alternative_cause,0
ADE,ade,ade_00116,reports_no_drug_link,0
ADE,ade,ade_00116,mentions_study_or_trial_context,0
ADE,ade,ade_00116,mentions_expected_therapeutic_effect,0
ADE,ade,ade_00116,describes_indication_or_background,0
ADE,ade,ade_00116,discusses_general_pharmacology,0
ADE,ade,ade_02690,mentions_medication_or_drug,1
ADE,ade,ade_02690,mentions_dose_or_frequency,0
ADE,ade,ade_02690,mentions_drug_discontinuation,1
ADE,ade,ade_02690,mentions_drug_interaction,0
ADE,ade,ade_02690,mentions_symptom_or_condition,1
ADE,ade,ade_02690,mentions_adverse_reaction,0
ADE,ade,ade_02690,mentions_severity,0
ADE,ade,ade_02690,mentions_lab_or_diagnostic_abnormality,0
ADE,ade,ade_02690,links_event_to_medication,0
ADE,ade,ade_02690,mentions_temporal_after_use,1
ADE,ade,ade_02690,mentions_rechallenge_or_recovery,0
ADE,ade,ade_02690,mentions_onset_or_duration,1
ADE,ade,ade_02690,contains_negation_no_event,0
ADE,ade,ade_02690,contains_uncertainty_or_possible,1
ADE,ade,ade_02690,states_alternative_cause,0
ADE,ade,ade_02690,reports_no_drug_link,0
ADE,ade,ade_02690,mentions_study_or_trial_context,0
ADE,ade,ade_02690,mentions_expected_therapeutic_effect,0
ADE,ade,ade_02690,describes_indication_or_background,0
ADE,ade,ade_02690,discusses_general_pharmacology,0
ADE,ade,ade_00563,mentions_medication_or_drug,1
ADE,ade,ade_00563,mentions_dose_or_frequency,1
ADE,ade,ade_00563,mentions_drug_discontinuation,0
ADE,ade,ade_00563,mentions_drug_interaction,0
ADE,ade,ade_00563,mentions_symptom_or_condition,1
ADE,ade,ade_00563,mentions_adverse_reaction,1
ADE,ade,ade_00563,mentions_severity,0
ADE,ade,ade_00563,mentions_lab_or_diagnostic_abnormality,0
ADE,ade,ade_00563,links_event_to_medication,1
ADE,ade,ade_00563,mentions_temporal_after_use,1
ADE,ade,ade_00563,mentions_rechallenge_or_recovery,0
ADE,ade,ade_00563,mentions_onset_or_duration,1
ADE,ade,ade_00563,contains_negation_no_event,0
ADE,ade,ade_00563,contains_uncertainty_or_possible,0
ADE,ade,ade_00563,states_alternative_cause,0
ADE,ade,ade_00563,reports_no_drug_link,0
ADE,ade,ade_00563,mentions_study_or_trial_context,0
ADE,ade,ade_00563,mentions_expected_therapeutic_effect,0
ADE,ade,ade_00563,describes_indication_or_background,0
ADE,ade,ade_00563,discusses_general_pharmacology,0
ADE,ade,ade_01176,mentions_medication_or_drug,1
ADE,ade,ade_01176,mentions_dose_or_frequency,0
ADE,ade,ade_01176,mentions_drug_discontinuation,0
ADE,ade,ade_01176,mentions_drug_interaction,0
ADE,ade,ade_01176,mentions_symptom_or_condition,1
ADE,ade,ade_01176,mentions_adverse_reaction,1
ADE,ade,ade_01176,mentions_severity,0
ADE,ade,ade_01176,mentions_lab_or_diagnostic_abnormality,0
ADE,ade,ade_01176,links_event_to_medication,1
ADE,ade,ade_01176,mentions_temporal_after_use,1
ADE,ade,ade_01176,mentions_rechallenge_or_recovery,0
ADE,ade,ade_01176,mentions_onset_or_duration,0
ADE,ade,ade_01176,contains_negation_no_event,0
ADE,ade,ade_01176,contains_uncertainty_or_possible,0
ADE,ade,ade_01176,states_alternative_cause,0
ADE,ade,ade_01176,reports_no_drug_link,0
ADE,ade,ade_01176,mentions_study_or_trial_context,0
ADE,ade,ade_01176,mentions_expected_therapeutic_effect,0
ADE,ade,ade_01176,describes_indication_or_background,0
ADE,ade,ade_01176,discusses_general_pharmacology,0
ADE,ade,ade_01993,mentions_medication_or_drug,0
ADE,ade,ade_01993,mentions_dose_or_frequency,0
ADE,ade,ade_01993,mentions_drug_discontinuation,0
ADE,ade,ade_01993,mentions_drug_interaction,0
ADE,ade,ade_01993,mentions_symptom_or_condition,1
ADE,ade,ade_01993,mentions_adverse_reaction,0
ADE,ade,ade_01993,mentions_severity,0
ADE,ade,ade_01993,mentions_lab_or_diagnostic_abnormality,0
ADE,ade,ade_01993,links_event_to_medication,0
ADE,ade,ade_01993,mentions_temporal_after_use,1
ADE,ade,ade_01993,mentions_rechallenge_or_recovery,0
ADE,ade,ade_01993,mentions_onset_or_duration,1
ADE,ade,ade_01993,contains_negation_no_event,0
ADE,ade,ade_01993,contains_uncertainty_or_possible,0
ADE,ade,ade_01993,states_alternative_cause,0
ADE,ade,ade_01993,reports_no_drug_link,0
ADE,ade,ade_01993,mentions_study_or_trial_context,0
ADE,ade,ade_01993,mentions_expected_therapeutic_effect,0
ADE,ade,ade_01993,describes_indication_or_background,0
ADE,ade,ade_01993,discusses_general_pharmacology,0
ADE,ade,ade_03888,mentions_medication_or_drug,1
ADE,ade,ade_03888,mentions_dose_or_frequency,0
ADE,ade,ade_03888,mentions_drug_discontinuation,0
ADE,ade,ade_03888,mentions_drug_interaction,0
ADE,ade,ade_03888,mentions_symptom_or_condition,1
ADE,ade,ade_03888,mentions_adverse_reaction,0
ADE,ade,ade_03888,mentions_severity,0
ADE,ade,ade_03888,mentions_lab_or_diagnostic_abnormality,0
ADE,ade,ade_03888,links_event_to_medication,1
ADE,ade,ade_03888,mentions_temporal_after_use,0
ADE,ade,ade_03888,mentions_rechallenge_or_recovery,0
ADE,ade,ade_03888,mentions_onset_or_duration,1
ADE,ade,ade_03888,contains_negation_no_event,0
ADE,ade,ade_03888,contains_uncertainty_or_possible,0
ADE,ade,ade_03888,states_alternative_cause,0
ADE,ade,ade_03888,reports_no_drug_link,0
ADE,ade,ade_03888,mentions_study_or_trial_context,1
ADE,ade,ade_03888,mentions_expected_therapeutic_effect,0
ADE,ade,ade_03888,describes_indication_or_background,1
ADE,ade,ade_03888,discusses_general_pharmacology,0
ADE,ade,ade_03401,mentions_medication_or_drug,1
ADE,ade,ade_03401,mentions_dose_or_frequency,0
ADE,ade,ade_03401,mentions_drug_discontinuation,0
ADE,ade,ade_03401,mentions_drug_interaction,0
ADE,ade,ade_03401,mentions_symptom_or_condition,1
ADE,ade,ade_03401,mentions_adverse_reaction,1
ADE,ade,ade_03401,mentions_severity,0
ADE,ade,ade_03401,mentions_lab_or_diagnostic_abnormality,0
ADE,ade,ade_03401,links_event_to_medication,1
ADE,ade,ade_03401,mentions_temporal_after_use,1
ADE,ade,ade_03401,mentions_rechallenge_or_recovery,0
ADE,ade,ade_03401,mentions_onset_or_duration,0
ADE,ade,ade_03401,contains_negation_no_event,0
ADE,ade,ade_03401,contains_uncertainty_or_possible,0
ADE,ade,ade_03401,states_alternative_cause,0
ADE,ade,ade_03401,reports_no_drug_link,0
ADE,ade,ade_03401,mentions_study_or_trial_context,0
ADE,ade,ade_03401,mentions_expected_therapeutic_effect,0
ADE,ade,ade_03401,describes_indication_or_background,0
ADE,ade,ade_03401,discusses_general_pharmacology,0
ADE,ade,ade_01372,mentions_medication_or_drug,1
ADE,ade,ade_01372,mentions_dose_or_frequency,0
ADE,ade,ade_01372,mentions_drug_discontinuation,0
ADE,ade,ade_01372,mentions_drug_interaction,0
ADE,ade,ade_01372,mentions_symptom_or_condition,1
ADE,ade,ade_01372,mentions_adverse_reaction,0
ADE,ade,ade_01372,mentions_severity,0
ADE,ade,ade_01372,mentions_lab_or_diagnostic_abnormality,0
ADE,ade,ade_01372,links_event_to_medication,0
ADE,ade,ade_01372,mentions_temporal_after_use,1
ADE,ade,ade_01372,mentions_rechallenge_or_recovery,0
ADE,ade,ade_01372,mentions_onset_or_duration,1
ADE,ade,ade_01372,contains_negation_no_event,1
ADE,ade,ade_01372,contains_uncertainty_or_possible,0
ADE,ade,ade_01372,states_alternative_cause,0
ADE,ade,ade_01372,reports_no_drug_link,0
ADE,ade,ade_01372,mentions_study_or_trial_context,0
ADE,ade,ade_01372,mentions_expected_therapeutic_effect,0
ADE,ade,ade_01372,describes_indication_or_background,0
ADE,ade,ade_01372,discusses_general_pharmacology,0
ADE,ade,ade_02119,mentions_medication_or_drug,1
ADE,ade,ade_02119,mentions_dose_or_frequency,0
ADE,ade,ade_02119,mentions_drug_discontinuation,0
ADE,ade,ade_02119,mentions_drug_interaction,0
ADE,ade,ade_02119,mentions_symptom_or_condition,1
ADE,ade,ade_02119,mentions_adverse_reaction,1
ADE,ade,ade_02119,mentions_severity,0
ADE,ade,ade_02119,mentions_lab_or_diagnostic_abnormality,0
ADE,ade,ade_02119,links_event_to_medication,1
ADE,ade,ade_02119,mentions_temporal_after_use,1
ADE,ade,ade_02119,mentions_rechallenge_or_recovery,0
ADE,ade,ade_02119,mentions_onset_or_duration,0
ADE,ade,ade_02119,contains_negation_no_event,0
ADE,ade,ade_02119,contains_uncertainty_or_possible,0
ADE,ade,ade_02119,states_alternative_cause,0
ADE,ade,ade_02119,reports_no_drug_link,0
ADE,ade,ade_02119,mentions_study_or_trial_context,1
ADE,ade,ade_02119,mentions_expected_therapeutic_effect,0
ADE,ade,ade_02119,describes_indication_or_background,0
ADE,ade,ade_02119,discusses_general_pharmacology,0
ADE,ade,ade_01095,mentions_medication_or_drug,1
ADE,ade,ade_01095,mentions_dose_or_frequency,0
ADE,ade,ade_01095,mentions_drug_discontinuation,0
ADE,ade,ade_01095,mentions_drug_interaction,0
ADE,ade,ade_01095,mentions_symptom_or_condition,1
ADE,ade,ade_01095,mentions_adverse_reaction,1
ADE,ade,ade_01095,mentions_severity,0
ADE,ade,ade_01095,mentions_lab_or_diagnostic_abnormality,0
ADE,ade,ade_01095,links_event_to_medication,1
ADE,ade,ade_01095,mentions_temporal_after_use,1
ADE,ade,ade_01095,mentions_rechallenge_or_recovery,0
ADE,ade,ade_01095,mentions_onset_or_duration,0
ADE,ade,ade_01095,contains_negation_no_event,0
ADE,ade,ade_01095,contains_uncertainty_or_possible,0
ADE,ade,ade_01095,states_alternative_cause,0
ADE,ade,ade_01095,reports_no_drug_link,0
ADE,ade,ade_01095,mentions_study_or_trial_context,0
ADE,ade,ade_01095,mentions_expected_therapeutic_effect,0
ADE,ade,ade_01095,describes_indication_or_background,0
ADE,ade,ade_01095,discusses_general_pharmacology,0
ADE,ade,ade_02116,mentions_medication_or_drug,1
ADE,ade,ade_02116,mentions_dose_or_frequency,0
ADE,ade,ade_02116,mentions_drug_discontinuation,0
ADE,ade,ade_02116,mentions_drug_interaction,0
ADE,ade,ade_02116,mentions_symptom_or_condition,1
ADE,ade,ade_02116,mentions_adverse_reaction,0
ADE,ade,ade_02116,mentions_severity,0
ADE,ade,ade_02116,mentions_lab_or_diagnostic_abnormality,0
ADE,ade,ade_02116,links_event_to_medication,0
ADE,ade,ade_02116,mentions_temporal_after_use,0
ADE,ade,ade_02116,mentions_rechallenge_or_recovery,0
ADE,ade,ade_02116,mentions_onset_or_duration,0
ADE,ade,ade_02116,contains_negation_no_event,0
ADE,ade,ade_02116,contains_uncertainty_or_possible,0
ADE,ade,ade_02116,states_alternative_cause,0
ADE,ade,ade_02116,reports_no_drug_link,0
ADE,ade,ade_02116,mentions_study_or_trial_context,1
ADE,ade,ade_02116,mentions_expected_therapeutic_effect,0
ADE,ade,ade_02116,describes_indication_or_background,1
ADE,ade,ade_02116,discusses_general_pharmacology,1
ADE,ade,ade_04770,mentions_medication_or_drug,1
ADE,ade,ade_04770,mentions_dose_or_frequency,0
ADE,ade,ade_04770,mentions_drug_discontinuation,0
ADE,ade,ade_04770,mentions_drug_interaction,0
ADE,ade,ade_04770,mentions_symptom_or_condition,1
ADE,ade,ade_04770,mentions_adverse_reaction,1
ADE,ade,ade_04770,mentions_severity,0
ADE,ade,ade_04770,mentions_lab_or_diagnostic_abnormality,0
ADE,ade,ade_04770,links_event_to_medication,1
ADE,ade,ade_04770,mentions_temporal_after_use,1
ADE,ade,ade_04770,mentions_rechallenge_or_recovery,0
ADE,ade,ade_04770,mentions_onset_or_duration,0
ADE,ade,ade_04770,contains_negation_no_event,0
ADE,ade,ade_04770,contains_uncertainty_or_possible,0
ADE,ade,ade_04770,states_alternative_cause,0
ADE,ade,ade_04770,reports_no_drug_link,0
ADE,ade,ade_04770,mentions_study_or_trial_context,1
ADE,ade,ade_04770,mentions_expected_therapeutic_effect,0
ADE,ade,ade_04770,describes_indication_or_background,0
ADE,ade,ade_04770,discusses_general_pharmacology,1
ADE,ade,ade_01614,mentions_medication_or_drug,1
ADE,ade,ade_01614,mentions_dose_or_frequency,0
ADE,ade,ade_01614,mentions_drug_discontinuation,0
ADE,ade,ade_01614,mentions_drug_interaction,0
ADE,ade,ade_01614,mentions_symptom_or_condition,1
ADE,ade,ade_01614,mentions_adverse_reaction,1
ADE,ade,ade_01614,mentions_severity,0
ADE,ade,ade_01614,mentions_lab_or_diagnostic_abnormality,0
ADE,ade,ade_01614,links_event_to_medication,1
ADE,ade,ade_01614,mentions_temporal_after_use,1
ADE,ade,ade_01614,mentions_rechallenge_or_recovery,0
ADE,ade,ade_01614,mentions_onset_or_duration,0
ADE,ade,ade_01614,contains_negation_no_event,0
ADE,ade,ade_01614,contains_uncertainty_or_possible,0
ADE,ade,ade_01614,states_alternative_cause,0
ADE,ade,ade_01614,reports_no_drug_link,0
ADE,ade,ade_01614,mentions_study_or_trial_context,0
ADE,ade,ade_01614,mentions_expected_therapeutic_effect,0
ADE,ade,ade_01614,describes_indication_or_background,0
ADE,ade,ade_01614,discusses_general_pharmacology,0
ADE,ade,ade_03010,mentions_medication_or_drug,1
ADE,ade,ade_03010,mentions_dose_or_frequency,0
ADE,ade,ade_03010,mentions_drug_discontinuation,0
ADE,ade,ade_03010,mentions_drug_interaction,1
ADE,ade,ade_03010,mentions_symptom_or_condition,0
ADE,ade,ade_03010,mentions_adverse_reaction,0
ADE,ade,ade_03010,mentions_severity,0
ADE,ade,ade_03010,mentions_lab_or_diagnostic_abnormality,0
ADE,ade,ade_03010,links_event_to_medication,0
ADE,ade,ade_03010,mentions_temporal_after_use,0
ADE,ade,ade_03010,mentions_rechallenge_or_recovery,0
ADE,ade,ade_03010,mentions_onset_or_duration,0
ADE,ade,ade_03010,contains_negation_no_event,0
ADE,ade,ade_03010,contains_uncertainty_or_possible,0
ADE,ade,ade_03010,states_alternative_cause,0
ADE,ade,ade_03010,reports_no_drug_link,0
ADE,ade,ade_03010,mentions_study_or_trial_context,1
ADE,ade,ade_03010,mentions_expected_therapeutic_effect,0
ADE,ade,ade_03010,describes_indication_or_background,0
ADE,ade,ade_03010,discusses_general_pharmacology,0
ADE,ade,ade_01297,mentions_medication_or_drug,1
ADE,ade,ade_01297,mentions_dose_or_frequency,1
ADE,ade,ade_01297,mentions_drug_discontinuation,0
ADE,ade,ade_01297,mentions_drug_interaction,0
ADE,ade,ade_01297,mentions_symptom_or_condition,1
ADE,ade,ade_01297,mentions_adverse_reaction,1
ADE,ade,ade_01297,mentions_severity,0
ADE,ade,ade_01297,mentions_lab_or_diagnostic_abnormality,0
ADE,ade,ade_01297,links_event_to_medication,1
ADE,ade,ade_01297,mentions_temporal_after_use,1
ADE,ade,ade_01297,mentions_rechallenge_or_recovery,0
ADE,ade,ade_01297,mentions_onset_or_duration,0
ADE,ade,ade_01297,contains_negation_no_event,0
ADE,ade,ade_01297,contains_uncertainty_or_possible,0
ADE,ade,ade_01297,states_alternative_cause,0
ADE,ade,ade_01297,reports_no_drug_link,0
ADE,ade,ade_01297,mentions_study_or_trial_context,0
ADE,ade,ade_01297,mentions_expected_therapeutic_effect,0
ADE,ade,ade_01297,describes_indication_or_background,0
ADE,ade,ade_01297,discusses_general_pharmacology,0
ADE,ade,ade_02701,mentions_medication_or_drug,1
ADE,ade,ade_02701,mentions_dose_or_frequency,1
ADE,ade,ade_02701,mentions_drug_discontinuation,0
ADE,ade,ade_02701,mentions_drug_interaction,0
ADE,ade,ade_02701,mentions_symptom_or_condition,1
ADE,ade,ade_02701,mentions_adverse_reaction,1
ADE,ade,ade_02701,mentions_severity,0
ADE,ade,ade_02701,mentions_lab_or_diagnostic_abnormality,0
ADE,ade,ade_02701,links_event_to_medication,1
ADE,ade,ade_02701,mentions_temporal_after_use,1
ADE,ade,ade_02701,mentions_rechallenge_or_recovery,0
ADE,ade,ade_02701,mentions_onset_or_duration,1
ADE,ade,ade_02701,contains_negation_no_event,0
ADE,ade,ade_02701,contains_uncertainty_or_possible,0
ADE,ade,ade_02701,states_alternative_cause,0
ADE,ade,ade_02701,reports_no_drug_link,0
ADE,ade,ade_02701,mentions_study_or_trial_context,0
ADE,ade,ade_02701,mentions_expected_therapeutic_effect,0
ADE,ade,ade_02701,describes_indication_or_background,0
ADE,ade,ade_02701,discusses_general_pharmacology,0
ADE,ade,ade_00740,mentions_medication_or_drug,1
ADE,ade,ade_00740,mentions_dose_or_frequency,0
ADE,ade,ade_00740,mentions_drug_discontinuation,0
ADE,ade,ade_00740,mentions_drug_interaction,0
ADE,ade,ade_00740,mentions_symptom_or_condition,1
ADE,ade,ade_00740,mentions_adverse_reaction,1
ADE,ade,ade_00740,mentions_severity,1
ADE,ade,ade_00740,mentions_lab_or_diagnostic_abnormality,0
ADE,ade,ade_00740,links_event_to_medication,1
ADE,ade,ade_00740,mentions_temporal_after_use,1
ADE,ade,ade_00740,mentions_rechallenge_or_recovery,0
ADE,ade,ade_00740,mentions_onset_or_duration,0
ADE,ade,ade_00740,contains_negation_no_event,0
ADE,ade,ade_00740,contains_uncertainty_or_possible,0
ADE,ade,ade_00740,states_alternative_cause,0
ADE,ade,ade_00740,reports_no_drug_link,0
ADE,ade,ade_00740,mentions_study_or_trial_context,0
ADE,ade,ade_00740,mentions_expected_therapeutic_effect,0
ADE,ade,ade_00740,describes_indication_or_background,0
ADE,ade,ade_00740,discusses_general_pharmacology,0
ADE,ade,ade_04962,mentions_medication_or_drug,0
ADE,ade,ade_04962,mentions_dose_or_frequency,0
ADE,ade,ade_04962,mentions_drug_discontinuation,0
ADE,ade,ade_04962,mentions_drug_interaction,0
ADE,ade,ade_04962,mentions_symptom_or_condition,1
ADE,ade,ade_04962,mentions_adverse_reaction,0
ADE,ade,ade_04962,mentions_severity,0
ADE,ade,ade_04962,mentions_lab_or_diagnostic_abnormality,1
ADE,ade,ade_04962,links_event_to_medication,0
ADE,ade,ade_04962,mentions_temporal_after_use,0
ADE,ade,ade_04962,mentions_rechallenge_or_recovery,0
ADE,ade,ade_04962,mentions_onset_or_duration,0
ADE,ade,ade_04962,contains_negation_no_event,0
ADE,ade,ade_04962,contains_uncertainty_or_possible,0
ADE,ade,ade_04962,states_alternative_cause,0
ADE,ade,ade_04962,reports_no_drug_link,0
ADE,ade,ade_04962,mentions_study_or_trial_context,0
ADE,ade,ade_04962,mentions_expected_therapeutic_effect,0
ADE,ade,ade_04962,describes_indication_or_background,0
ADE,ade,ade_04962,discusses_general_pharmacology,0
ADE,ade,ade_04624,mentions_medication_or_drug,1
ADE,ade,ade_04624,mentions_dose_or_frequency,0
ADE,ade,ade_04624,mentions_drug_discontinuation,0
ADE,ade,ade_04624,mentions_drug_interaction,0
ADE,ade,ade_04624,mentions_symptom_or_condition,1
ADE,ade,ade_04624,mentions_adverse_reaction,1
ADE,ade,ade_04624,mentions_severity,0
ADE,ade,ade_04624,mentions_lab_or_diagnostic_abnormality,0
ADE,ade,ade_04624,links_event_to_medication,1
ADE,ade,ade_04624,mentions_temporal_after_use,1
ADE,ade,ade_04624,mentions_rechallenge_or_recovery,0
ADE,ade,ade_04624,mentions_onset_or_duration,0
ADE,ade,ade_04624,contains_negation_no_event,1
ADE,ade,ade_04624,contains_uncertainty_or_possible,0
ADE,ade,ade_04624,states_alternative_cause,0
ADE,ade,ade_04624,reports_no_drug_link,0
ADE,ade,ade_04624,mentions_study_or_trial_context,0
ADE,ade,ade_04624,mentions_expected_therapeutic_effect,0
ADE,ade,ade_04624,describes_indication_or_background,0
ADE,ade,ade_04624,discusses_general_pharmacology,0
ADE,ade,ade_00322,mentions_medication_or_drug,1
ADE,ade,ade_00322,mentions_dose_or_frequency,0
ADE,ade,ade_00322,mentions_drug_discontinuation,0
ADE,ade,ade_00322,mentions_drug_interaction,0
ADE,ade,ade_00322,mentions_symptom_or_condition,1
ADE,ade,ade_00322,mentions_adverse_reaction,1
ADE,ade,ade_00322,mentions_severity,0
ADE,ade,ade_00322,mentions_lab_or_diagnostic_abnormality,0
ADE,ade,ade_00322,links_event_to_medication,1
ADE,ade,ade_00322,mentions_temporal_after_use,1
ADE,ade,ade_00322,mentions_rechallenge_or_recovery,0
ADE,ade,ade_00322,mentions_onset_or_duration,0
ADE,ade,ade_00322,contains_negation_no_event,0
ADE,ade,ade_00322,contains_uncertainty_or_possible,0
ADE,ade,ade_00322,states_alternative_cause,0
ADE,ade,ade_00322,reports_no_drug_link,0
ADE,ade,ade_00322,mentions_study_or_trial_context,0
ADE,ade,ade_00322,mentions_expected_therapeutic_effect,0
ADE,ade,ade_00322,describes_indication_or_background,0
ADE,ade,ade_00322,discusses_general_pharmacology,0
ADE,ade,ade_03771,mentions_medication_or_drug,0
ADE,ade,ade_03771,mentions_dose_or_frequency,0
ADE,ade,ade_03771,mentions_drug_discontinuation,0
ADE,ade,ade_03771,mentions_drug_interaction,0
ADE,ade,ade_03771,mentions_symptom_or_condition,1
ADE,ade,ade_03771,mentions_adverse_reaction,0
ADE,ade,ade_03771,mentions_severity,0
ADE,ade,ade_03771,mentions_lab_or_diagnostic_abnormality,0
ADE,ade,ade_03771,links_event_to_medication,0
ADE,ade,ade_03771,mentions_temporal_after_use,0
ADE,ade,ade_03771,mentions_rechallenge_or_recovery,0
ADE,ade,ade_03771,mentions_onset_or_duration,0
ADE,ade,ade_03771,contains_negation_no_event,0
ADE,ade,ade_03771,contains_uncertainty_or_possible,0
ADE,ade,ade_03771,states_alternative_cause,0
ADE,ade,ade_03771,reports_no_drug_link,0
ADE,ade,ade_03771,mentions_study_or_trial_context,1
ADE,ade,ade_03771,mentions_expected_therapeutic_effect,0
ADE,ade,ade_03771,describes_indication_or_background,1
ADE,ade,ade_03771,discusses_general_pharmacology,0
ADE,ade,ade_01515,mentions_medication_or_drug,1
ADE,ade,ade_01515,mentions_dose_or_frequency,1
ADE,ade,ade_01515,mentions_drug_discontinuation,0
ADE,ade,ade_01515,mentions_drug_interaction,0
ADE,ade,ade_01515,mentions_symptom_or_condition,1
ADE,ade,ade_01515,mentions_adverse_reaction,1
ADE,ade,ade_01515,mentions_severity,1
ADE,ade,ade_01515,mentions_lab_or_diagnostic_abnormality,0
ADE,ade,ade_01515,links_event_to_medication,1
ADE,ade,ade_01515,mentions_temporal_after_use,1
ADE,ade,ade_01515,mentions_rechallenge_or_recovery,0
ADE,ade,ade_01515,mentions_onset_or_duration,0
ADE,ade,ade_01515,contains_negation_no_event,0
ADE,ade,ade_01515,contains_uncertainty_or_possible,0
ADE,ade,ade_01515,states_alternative_cause,0
ADE,ade,ade_01515,reports_no_drug_link,0
ADE,ade,ade_01515,mentions_study_or_trial_context,0
ADE,ade,ade_01515,mentions_expected_therapeutic_effect,0
ADE,ade,ade_01515,describes_indication_or_background,0
ADE,ade,ade_01515,discusses_general_pharmacology,0
ADE,ade,ade_03372,mentions_medication_or_drug,1
ADE,ade,ade_03372,mentions_dose_or_frequency,1
ADE,ade,ade_03372,mentions_drug_discontinuation,0
ADE,ade,ade_03372,mentions_drug_interaction,0
ADE,ade,ade_03372,mentions_symptom_or_condition,1
ADE,ade,ade_03372,mentions_adverse_reaction,1
ADE,ade,ade_03372,mentions_severity,1
ADE,ade,ade_03372,mentions_lab_or_diagnostic_abnormality,0
ADE,ade,ade_03372,links_event_to_medication,1
ADE,ade,ade_03372,mentions_temporal_after_use,1
ADE,ade,ade_03372,mentions_rechallenge_or_recovery,0
ADE,ade,ade_03372,mentions_onset_or_duration,1
ADE,ade,ade_03372,contains_negation_no_event,0
ADE,ade,ade_03372,contains_uncertainty_or_possible,0
ADE,ade,ade_03372,states_alternative_cause,0
ADE,ade,ade_03372,reports_no_drug_link,0
ADE,ade,ade_03372,mentions_study_or_trial_context,0
ADE,ade,ade_03372,mentions_expected_therapeutic_effect,0
ADE,ade,ade_03372,describes_indication_or_background,0
ADE,ade,ade_03372,discusses_general_pharmacology,0
ADE,ade,ade_03485,mentions_medication_or_drug,1
ADE,ade,ade_03485,mentions_dose_or_frequency,0
ADE,ade,ade_03485,mentions_drug_discontinuation,0
ADE,ade,ade_03485,mentions_drug_interaction,0
ADE,ade,ade_03485,mentions_symptom_or_condition,1
ADE,ade,ade_03485,mentions_adverse_reaction,1
ADE,ade,ade_03485,mentions_severity,0
ADE,ade,ade_03485,mentions_lab_or_diagnostic_abnormality,0
ADE,ade,ade_03485,links_event_to_medication,0
ADE,ade,ade_03485,mentions_temporal_after_use,0
ADE,ade,ade_03485,mentions_rechallenge_or_recovery,0
ADE,ade,ade_03485,mentions_onset_or_duration,0
ADE,ade,ade_03485,contains_negation_no_event,1
ADE,ade,ade_03485,contains_uncertainty_or_possible,1
ADE,ade,ade_03485,states_alternative_cause,0
ADE,ade,ade_03485,reports_no_drug_link,1
ADE,ade,ade_03485,mentions_study_or_trial_context,1
ADE,ade,ade_03485,mentions_expected_therapeutic_effect,0
ADE,ade,ade_03485,describes_indication_or_background,1
ADE,ade,ade_03485,discusses_general_pharmacology,0
ADE,ade,ade_02112,mentions_medication_or_drug,0
ADE,ade,ade_02112,mentions_dose_or_frequency,0
ADE,ade,ade_02112,mentions_drug_discontinuation,0
ADE,ade,ade_02112,mentions_drug_interaction,0
ADE,ade,ade_02112,mentions_symptom_or_condition,0
ADE,ade,ade_02112,mentions_adverse_reaction,0
ADE,ade,ade_02112,mentions_severity,0
ADE,ade,ade_02112,mentions_lab_or_diagnostic_abnormality,0
ADE,ade,ade_02112,links_event_to_medication,0
ADE,ade,ade_02112,mentions_temporal_after_use,0
ADE,ade,ade_02112,mentions_rechallenge_or_recovery,0
ADE,ade,ade_02112,mentions_onset_or_duration,0
ADE,ade,ade_02112,contains_negation_no_event,0
ADE,ade,ade_02112,contains_uncertainty_or_possible,0
ADE,ade,ade_02112,states_alternative_cause,0
ADE,ade,ade_02112,reports_no_drug_link,0
ADE,ade,ade_02112,mentions_study_or_trial_context,1
ADE,ade,ade_02112,mentions_expected_therapeutic_effect,0
ADE,ade,ade_02112,describes_indication_or_background,0
ADE,ade,ade_02112,discusses_general_pharmacology,0
ADE,ade,ade_01199,mentions_medication_or_drug,1
ADE,ade,ade_01199,mentions_dose_or_frequency,0
ADE,ade,ade_01199,mentions_drug_discontinuation,0
ADE,ade,ade_01199,mentions_drug_interaction,0
ADE,ade,ade_01199,mentions_symptom_or_condition,1
ADE,ade,ade_01199,mentions_adverse_reaction,0
ADE,ade,ade_01199,mentions_severity,0
ADE,ade,ade_01199,mentions_lab_or_diagnostic_abnormality,0
ADE,ade,ade_01199,links_event_to_medication,0
ADE,ade,ade_01199,mentions_temporal_after_use,0
ADE,ade,ade_01199,mentions_rechallenge_or_recovery,0
ADE,ade,ade_01199,mentions_onset_or_duration,0
ADE,ade,ade_01199,contains_negation_no_event,0
ADE,ade,ade_01199,contains_uncertainty_or_possible,0
ADE,ade,ade_01199,states_alternative_cause,0
ADE,ade,ade_01199,reports_no_drug_link,0
ADE,ade,ade_01199,mentions_study_or_trial_context,0
ADE,ade,ade_01199,mentions_expected_therapeutic_effect,1
ADE,ade,ade_01199,describes_indication_or_background,1
ADE,ade,ade_01199,discusses_general_pharmacology,0
ADE,ade,ade_03202,mentions_medication_or_drug,1
ADE,ade,ade_03202,mentions_dose_or_frequency,1
ADE,ade,ade_03202,mentions_drug_discontinuation,0
ADE,ade,ade_03202,mentions_drug_interaction,0
ADE,ade,ade_03202,mentions_symptom_or_condition,1
ADE,ade,ade_03202,mentions_adverse_reaction,1
ADE,ade,ade_03202,mentions_severity,1
ADE,ade,ade_03202,mentions_lab_or_diagnostic_abnormality,0
ADE,ade,ade_03202,links_event_to_medication,1
ADE,ade,ade_03202,mentions_temporal_after_use,1
ADE,ade,ade_03202,mentions_rechallenge_or_recovery,0
ADE,ade,ade_03202,mentions_onset_or_duration,1
ADE,ade,ade_03202,contains_negation_no_event,0
ADE,ade,ade_03202,contains_uncertainty_or_possible,0
ADE,ade,ade_03202,states_alternative_cause,0
ADE,ade,ade_03202,reports_no_drug_link,0
ADE,ade,ade_03202,mentions_study_or_trial_context,0
ADE,ade,ade_03202,mentions_expected_therapeutic_effect,0
ADE,ade,ade_03202,describes_indication_or_background,0
ADE,ade,ade_03202,discusses_general_pharmacology,0
ADE,ade,ade_04375,mentions_medication_or_drug,1
ADE,ade,ade_04375,mentions_dose_or_frequency,0
ADE,ade,ade_04375,mentions_drug_discontinuation,0
ADE,ade,ade_04375,mentions_drug_interaction,0
ADE,ade,ade_04375,mentions_symptom_or_condition,1
ADE,ade,ade_04375,mentions_adverse_reaction,0
ADE,ade,ade_04375,mentions_severity,0
ADE,ade,ade_04375,mentions_lab_or_diagnostic_abnormality,0
ADE,ade,ade_04375,links_event_to_medication,0
ADE,ade,ade_04375,mentions_temporal_after_use,0
ADE,ade,ade_04375,mentions_rechallenge_or_recovery,0
ADE,ade,ade_04375,mentions_onset_or_duration,0
ADE,ade,ade_04375,contains_negation_no_event,0
ADE,ade,ade_04375,contains_uncertainty_or_possible,0
ADE,ade,ade_04375,states_alternative_cause,0
ADE,ade,ade_04375,reports_no_drug_link,0
ADE,ade,ade_04375,mentions_study_or_trial_context,1
ADE,ade,ade_04375,mentions_expected_therapeutic_effect,1
ADE,ade,ade_04375,describes_indication_or_background,1
ADE,ade,ade_04375,discusses_general_pharmacology,0
ADE,ade,ade_01094,mentions_medication_or_drug,1
ADE,ade,ade_01094,mentions_dose_or_frequency,0
ADE,ade,ade_01094,mentions_drug_discontinuation,0
ADE,ade,ade_01094,mentions_drug_interaction,0
ADE,ade,ade_01094,mentions_symptom_or_condition,1
ADE,ade,ade_01094,mentions_adverse_reaction,0
ADE,ade,ade_01094,mentions_severity,0
ADE,ade,ade_01094,mentions_lab_or_diagnostic_abnormality,0
ADE,ade,ade_01094,links_event_to_medication,0
ADE,ade,ade_01094,mentions_temporal_after_use,0
ADE,ade,ade_01094,mentions_rechallenge_or_recovery,0
ADE,ade,ade_01094,mentions_onset_or_duration,0
ADE,ade,ade_01094,contains_negation_no_event,0
ADE,ade,ade_01094,contains_uncertainty_or_possible,0
ADE,ade,ade_01094,states_alternative_cause,0
ADE,ade,ade_01094,reports_no_drug_link,0
ADE,ade,ade_01094,mentions_study_or_trial_context,1
ADE,ade,ade_01094,mentions_expected_therapeutic_effect,1
ADE,ade,ade_01094,describes_indication_or_background,1
ADE,ade,ade_01094,discusses_general_pharmacology,0
ADE,ade,ade_03900,mentions_medication_or_drug,1
ADE,ade,ade_03900,mentions_dose_or_frequency,0
ADE,ade,ade_03900,mentions_drug_discontinuation,0
ADE,ade,ade_03900,mentions_drug_interaction,0
ADE,ade,ade_03900,mentions_symptom_or_condition,1
ADE,ade,ade_03900,mentions_adverse_reaction,1
ADE,ade,ade_03900,mentions_severity,0
ADE,ade,ade_03900,mentions_lab_or_diagnostic_abnormality,0
ADE,ade,ade_03900,links_event_to_medication,1
ADE,ade,ade_03900,mentions_temporal_after_use,1
ADE,ade,ade_03900,mentions_rechallenge_or_recovery,0
ADE,ade,ade_03900,mentions_onset_or_duration,0
ADE,ade,ade_03900,contains_negation_no_event,0
ADE,ade,ade_03900,contains_uncertainty_or_possible,0
ADE,ade,ade_03900,states_alternative_cause,0
ADE,ade,ade_03900,reports_no_drug_link,0
ADE,ade,ade_03900,mentions_study_or_trial_context,0
ADE,ade,ade_03900,mentions_expected_therapeutic_effect,0
ADE,ade,ade_03900,describes_indication_or_background,0
ADE,ade,ade_03900,discusses_general_pharmacology,0
ADE,ade,ade_00866,mentions_medication_or_drug,1
ADE,ade,ade_00866,mentions_dose_or_frequency,1
ADE,ade,ade_00866,mentions_drug_discontinuation,0
ADE,ade,ade_00866,mentions_drug_interaction,0
ADE,ade,ade_00866,mentions_symptom_or_condition,1
ADE,ade,ade_00866,mentions_adverse_reaction,1
ADE,ade,ade_00866,mentions_severity,0
ADE,ade,ade_00866,mentions_lab_or_diagnostic_abnormality,0
ADE,ade,ade_00866,links_event_to_medication,1
ADE,ade,ade_00866,mentions_temporal_after_use,1
ADE,ade,ade_00866,mentions_rechallenge_or_recovery,0
ADE,ade,ade_00866,mentions_onset_or_duration,0
ADE,ade,ade_00866,contains_negation_no_event,0
ADE,ade,ade_00866,contains_uncertainty_or_possible,0
ADE,ade,ade_00866,states_alternative_cause,0
ADE,ade,ade_00866,reports_no_drug_link,0
ADE,ade,ade_00866,mentions_study_or_trial_context,1
ADE,ade,ade_00866,mentions_expected_therapeutic_effect,0
ADE,ade,ade_00866,describes_indication_or_background,0
ADE,ade,ade_00866,discusses_general_pharmacology,0
ADE,ade,ade_00930,mentions_medication_or_drug,1
ADE,ade,ade_00930,mentions_dose_or_frequency,0
ADE,ade,ade_00930,mentions_drug_discontinuation,0
ADE,ade,ade_00930,mentions_drug_interaction,0
ADE,ade,ade_00930,mentions_symptom_or_condition,1
ADE,ade,ade_00930,mentions_adverse_reaction,1
ADE,ade,ade_00930,mentions_severity,0
ADE,ade,ade_00930,mentions_lab_or_diagnostic_abnormality,0
ADE,ade,ade_00930,links_event_to_medication,1
ADE,ade,ade_00930,mentions_temporal_after_use,1
ADE,ade,ade_00930,mentions_rechallenge_or_recovery,0
ADE,ade,ade_00930,mentions_onset_or_duration,0
ADE,ade,ade_00930,contains_negation_no_event,0
ADE,ade,ade_00930,contains_uncertainty_or_possible,0
ADE,ade,ade_00930,states_alternative_cause,0
ADE,ade,ade_00930,reports_no_drug_link,0
ADE,ade,ade_00930,mentions_study_or_trial_context,0
ADE,ade,ade_00930,mentions_expected_therapeutic_effect,0
ADE,ade,ade_00930,describes_indication_or_background,0
ADE,ade,ade_00930,discusses_general_pharmacology,0
ADE,ade,ade_04322,mentions_medication_or_drug,0
ADE,ade,ade_04322,mentions_dose_or_frequency,0
ADE,ade,ade_04322,mentions_drug_discontinuation,0
ADE,ade,ade_04322,mentions_drug_interaction,0
ADE,ade,ade_04322,mentions_symptom_or_condition,1
ADE,ade,ade_04322,mentions_adverse_reaction,1
ADE,ade,ade_04322,mentions_severity,0
ADE,ade,ade_04322,mentions_lab_or_diagnostic_abnormality,0
ADE,ade,ade_04322,links_event_to_medication,1
ADE,ade,ade_04322,mentions_temporal_after_use,1
ADE,ade,ade_04322,mentions_rechallenge_or_recovery,0
ADE,ade,ade_04322,mentions_onset_or_duration,0
ADE,ade,ade_04322,contains_negation_no_event,0
ADE,ade,ade_04322,contains_uncertainty_or_possible,0
ADE,ade,ade_04322,states_alternative_cause,0
ADE,ade,ade_04322,reports_no_drug_link,0
ADE,ade,ade_04322,mentions_study_or_trial_context,1
ADE,ade,ade_04322,mentions_expected_therapeutic_effect,0
ADE,ade,ade_04322,describes_indication_or_background,1
ADE,ade,ade_04322,discusses_general_pharmacology,0
ADE,ade,ade_02504,mentions_medication_or_drug,1
ADE,ade,ade_02504,mentions_dose_or_frequency,0
ADE,ade,ade_02504,mentions_drug_discontinuation,0
ADE,ade,ade_02504,mentions_drug_interaction,0
ADE,ade,ade_02504,mentions_symptom_or_condition,1
ADE,ade,ade_02504,mentions_adverse_reaction,1
ADE,ade,ade_02504,mentions_severity,0
ADE,ade,ade_02504,mentions_lab_or_diagnostic_abnormality,1
ADE,ade,ade_02504,links_event_to_medication,1
ADE,ade,ade_02504,mentions_temporal_after_use,1
ADE,ade,ade_02504,mentions_rechallenge_or_recovery,0
ADE,ade,ade_02504,mentions_onset_or_duration,0
ADE,ade,ade_02504,contains_negation_no_event,0
ADE,ade,ade_02504,contains_uncertainty_or_possible,0
ADE,ade,ade_02504,states_alternative_cause,0
ADE,ade,ade_02504,reports_no_drug_link,0
ADE,ade,ade_02504,mentions_study_or_trial_context,0
ADE,ade,ade_02504,mentions_expected_therapeutic_effect,0
ADE,ade,ade_02504,describes_indication_or_background,0
ADE,ade,ade_02504,discusses_general_pharmacology,0
ADE,ade,ade_01028,mentions_medication_or_drug,1
ADE,ade,ade_01028,mentions_dose_or_frequency,0
ADE,ade,ade_01028,mentions_drug_discontinuation,0
ADE,ade,ade_01028,mentions_drug_interaction,0
ADE,ade,ade_01028,mentions_symptom_or_condition,1
ADE,ade,ade_01028,mentions_adverse_reaction,1
ADE,ade,ade_01028,mentions_severity,1
ADE,ade,ade_01028,mentions_lab_or_diagnostic_abnormality,0
ADE,ade,ade_01028,links_event_to_medication,1
ADE,ade,ade_01028,mentions_temporal_after_use,1
ADE,ade,ade_01028,mentions_rechallenge_or_recovery,0
ADE,ade,ade_01028,mentions_onset_or_duration,0
ADE,ade,ade_01028,contains_negation_no_event,0
ADE,ade,ade_01028,contains_uncertainty_or_possible,0
ADE,ade,ade_01028,states_alternative_cause,0
ADE,ade,ade_01028,reports_no_drug_link,0
ADE,ade,ade_01028,mentions_study_or_trial_context,1
ADE,ade,ade_01028,mentions_expected_therapeutic_effect,0
ADE,ade,ade_01028,describes_indication_or_background,1
ADE,ade,ade_01028,discusses_general_pharmacology,0
ADE,ade,ade_01339,mentions_medication_or_drug,1
ADE,ade,ade_01339,mentions_dose_or_frequency,0
ADE,ade,ade_01339,mentions_drug_discontinuation,0
ADE,ade,ade_01339,mentions_drug_interaction,0
ADE,ade,ade_01339,mentions_symptom_or_condition,1
ADE,ade,ade_01339,mentions_adverse_reaction,1
ADE,ade,ade_01339,mentions_severity,0
ADE,ade,ade_01339,mentions_lab_or_diagnostic_abnormality,1
ADE,ade,ade_01339,links_event_to_medication,1
ADE,ade,ade_01339,mentions_temporal_after_use,1
ADE,ade,ade_01339,mentions_rechallenge_or_recovery,0
ADE,ade,ade_01339,mentions_onset_or_duration,0
ADE,ade,ade_01339,contains_negation_no_event,1
ADE,ade,ade_01339,contains_uncertainty_or_possible,0
ADE,ade,ade_01339,states_alternative_cause,0
ADE,ade,ade_01339,reports_no_drug_link,1
ADE,ade,ade_01339,mentions_study_or_trial_context,0
ADE,ade,ade_01339,mentions_expected_therapeutic_effect,0
ADE,ade,ade_01339,describes_indication_or_background,0
ADE,ade,ade_01339,discusses_general_pharmacology,0
ADE,ade,ade_01659,mentions_medication_or_drug,1
ADE,ade,ade_01659,mentions_dose_or_frequency,1
ADE,ade,ade_01659,mentions_drug_discontinuation,1
ADE,ade,ade_01659,mentions_drug_interaction,0
ADE,ade,ade_01659,mentions_symptom_or_condition,1
ADE,ade,ade_01659,mentions_adverse_reaction,0
ADE,ade,ade_01659,mentions_severity,0
ADE,ade,ade_01659,mentions_lab_or_diagnostic_abnormality,0
ADE,ade,ade_01659,links_event_to_medication,0
ADE,ade,ade_01659,mentions_temporal_after_use,1
ADE,ade,ade_01659,mentions_rechallenge_or_recovery,1
ADE,ade,ade_01659,mentions_onset_or_duration,1
ADE,ade,ade_01659,contains_negation_no_event,1
ADE,ade,ade_01659,contains_uncertainty_or_possible,0
ADE,ade,ade_01659,states_alternative_cause,0
ADE,ade,ade_01659,reports_no_drug_link,0
ADE,ade,ade_01659,mentions_study_or_trial_context,0
ADE,ade,ade_01659,mentions_expected_therapeutic_effect,0
ADE,ade,ade_01659,describes_indication_or_background,0
ADE,ade,ade_01659,discusses_general_pharmacology,0
Disaster Tweets,disaster_tweets,disaster_03226,mentions_disaster_type,1
Disaster Tweets,disaster_tweets,disaster_03226,reports_event_occurrence,1
Disaster Tweets,disaster_tweets,disaster_03226,describes_threat_or_danger,1
Disaster Tweets,disaster_tweets,disaster_03226,mentions_cause_or_trigger,0
Disaster Tweets,disaster_tweets,disaster_03226,mentions_location,1
Disaster Tweets,disaster_tweets,disaster_03226,mentions_time_or_recency,0
Disaster Tweets,disaster_tweets,disaster_03226,includes_source_or_report,1
Disaster Tweets,disaster_tweets,disaster_03226,first_person_witnessing,0
Disaster Tweets,disaster_tweets,disaster_03226,mentions_casualties_or_injuries,0
Disaster Tweets,disaster_tweets,disaster_03226,mentions_property_damage,0
Disaster Tweets,disaster_tweets,disaster_03226,mentions_infrastructure_disruption,1
Disaster Tweets,disaster_tweets,disaster_03226,mentions_scale_or_intensity,0
Disaster Tweets,disaster_tweets,disaster_03226,calls_for_help,0
Disaster Tweets,disaster_tweets,disaster_03226,mentions_rescue_or_emergency_services,0
Disaster Tweets,disaster_tweets,disaster_03226,mentions_evacuation_or_shelter,0
Disaster Tweets,disaster_tweets,disaster_03226,gives_safety_instruction,1
Disaster Tweets,disaster_tweets,disaster_03226,uses_metaphor_or_idiom,0
Disaster Tweets,disaster_tweets,disaster_03226,refers_to_entertainment_or_sports,0
Disaster Tweets,disaster_tweets,disaster_03226,expresses_joke_or_sarcasm,0
Disaster Tweets,disaster_tweets,disaster_03226,discusses_non_event_context,0
Disaster Tweets,disaster_tweets,disaster_02598,mentions_disaster_type,1
Disaster Tweets,disaster_tweets,disaster_02598,reports_event_occurrence,0
Disaster Tweets,disaster_tweets,disaster_02598,describes_threat_or_danger,1
Disaster Tweets,disaster_tweets,disaster_02598,mentions_cause_or_trigger,0
Disaster Tweets,disaster_tweets,disaster_02598,mentions_location,1
Disaster Tweets,disaster_tweets,disaster_02598,mentions_time_or_recency,0
Disaster Tweets,disaster_tweets,disaster_02598,includes_source_or_report,0
Disaster Tweets,disaster_tweets,disaster_02598,first_person_witnessing,0
Disaster Tweets,disaster_tweets,disaster_02598,mentions_casualties_or_injuries,0
Disaster Tweets,disaster_tweets,disaster_02598,mentions_property_damage,0
Disaster Tweets,disaster_tweets,disaster_02598,mentions_infrastructure_disruption,0
Disaster Tweets,disaster_tweets,disaster_02598,mentions_scale_or_intensity,0
Disaster Tweets,disaster_tweets,disaster_02598,calls_for_help,0
Disaster Tweets,disaster_tweets,disaster_02598,mentions_rescue_or_emergency_services,0
Disaster Tweets,disaster_tweets,disaster_02598,mentions_evacuation_or_shelter,0
Disaster Tweets,disaster_tweets,disaster_02598,gives_safety_instruction,0
Disaster Tweets,disaster_tweets,disaster_02598,uses_metaphor_or_idiom,0
Disaster Tweets,disaster_tweets,disaster_02598,refers_to_entertainment_or_sports,0
Disaster Tweets,disaster_tweets,disaster_02598,expresses_joke_or_sarcasm,0
Disaster Tweets,disaster_tweets,disaster_02598,discusses_non_event_context,1
Disaster Tweets,disaster_tweets,disaster_02341,mentions_disaster_type,0
Disaster Tweets,disaster_tweets,disaster_02341,reports_event_occurrence,0
Disaster Tweets,disaster_tweets,disaster_02341,describes_threat_or_danger,0
Disaster Tweets,disaster_tweets,disaster_02341,mentions_cause_or_trigger,0
Disaster Tweets,disaster_tweets,disaster_02341,mentions_location,0
Disaster Tweets,disaster_tweets,disaster_02341,mentions_time_or_recency,0
Disaster Tweets,disaster_tweets,disaster_02341,includes_source_or_report,1
Disaster Tweets,disaster_tweets,disaster_02341,first_person_witnessing,0
Disaster Tweets,disaster_tweets,disaster_02341,mentions_casualties_or_injuries,0
Disaster Tweets,disaster_tweets,disaster_02341,mentions_property_damage,0
Disaster Tweets,disaster_tweets,disaster_02341,mentions_infrastructure_disruption,0
Disaster Tweets,disaster_tweets,disaster_02341,mentions_scale_or_intensity,0
Disaster Tweets,disaster_tweets,disaster_02341,calls_for_help,0
Disaster Tweets,disaster_tweets,disaster_02341,mentions_rescue_or_emergency_services,1
Disaster Tweets,disaster_tweets,disaster_02341,mentions_evacuation_or_shelter,0
Disaster Tweets,disaster_tweets,disaster_02341,gives_safety_instruction,0
Disaster Tweets,disaster_tweets,disaster_02341,uses_metaphor_or_idiom,0
Disaster Tweets,disaster_tweets,disaster_02341,refers_to_entertainment_or_sports,0
Disaster Tweets,disaster_tweets,disaster_02341,expresses_joke_or_sarcasm,0
Disaster Tweets,disaster_tweets,disaster_02341,discusses_non_event_context,1
Disaster Tweets,disaster_tweets,disaster_04861,mentions_disaster_type,0
Disaster Tweets,disaster_tweets,disaster_04861,reports_event_occurrence,1
Disaster Tweets,disaster_tweets,disaster_04861,describes_threat_or_danger,0
Disaster Tweets,disaster_tweets,disaster_04861,mentions_cause_or_trigger,0
Disaster Tweets,disaster_tweets,disaster_04861,mentions_location,0
Disaster Tweets,disaster_tweets,disaster_04861,mentions_time_or_recency,1
Disaster Tweets,disaster_tweets,disaster_04861,includes_source_or_report,0
Disaster Tweets,disaster_tweets,disaster_04861,first_person_witnessing,0
Disaster Tweets,disaster_tweets,disaster_04861,mentions_casualties_or_injuries,0
Disaster Tweets,disaster_tweets,disaster_04861,mentions_property_damage,0
Disaster Tweets,disaster_tweets,disaster_04861,mentions_infrastructure_disruption,0
Disaster Tweets,disaster_tweets,disaster_04861,mentions_scale_or_intensity,0
Disaster Tweets,disaster_tweets,disaster_04861,calls_for_help,0
Disaster Tweets,disaster_tweets,disaster_04861,mentions_rescue_or_emergency_services,0
Disaster Tweets,disaster_tweets,disaster_04861,mentions_evacuation_or_shelter,0
Disaster Tweets,disaster_tweets,disaster_04861,gives_safety_instruction,0
Disaster Tweets,disaster_tweets,disaster_04861,uses_metaphor_or_idiom,0
Disaster Tweets,disaster_tweets,disaster_04861,refers_to_entertainment_or_sports,0
Disaster Tweets,disaster_tweets,disaster_04861,expresses_joke_or_sarcasm,0
Disaster Tweets,disaster_tweets,disaster_04861,discusses_non_event_context,0
Disaster Tweets,disaster_tweets,disaster_02935,mentions_disaster_type,0
Disaster Tweets,disaster_tweets,disaster_02935,reports_event_occurrence,0
Disaster Tweets,disaster_tweets,disaster_02935,describes_threat_or_danger,0
Disaster Tweets,disaster_tweets,disaster_02935,mentions_cause_or_trigger,0
Disaster Tweets,disaster_tweets,disaster_02935,mentions_location,0
Disaster Tweets,disaster_tweets,disaster_02935,mentions_time_or_recency,0
Disaster Tweets,disaster_tweets,disaster_02935,includes_source_or_report,0
Disaster Tweets,disaster_tweets,disaster_02935,first_person_witnessing,0
Disaster Tweets,disaster_tweets,disaster_02935,mentions_casualties_or_injuries,0
Disaster Tweets,disaster_tweets,disaster_02935,mentions_property_damage,1
Disaster Tweets,disaster_tweets,disaster_02935,mentions_infrastructure_disruption,0
Disaster Tweets,disaster_tweets,disaster_02935,mentions_scale_or_intensity,0
Disaster Tweets,disaster_tweets,disaster_02935,calls_for_help,0
Disaster Tweets,disaster_tweets,disaster_02935,mentions_rescue_or_emergency_services,0
Disaster Tweets,disaster_tweets,disaster_02935,mentions_evacuation_or_shelter,0
Disaster Tweets,disaster_tweets,disaster_02935,gives_safety_instruction,0
Disaster Tweets,disaster_tweets,disaster_02935,uses_metaphor_or_idiom,0
Disaster Tweets,disaster_tweets,disaster_02935,refers_to_entertainment_or_sports,1
Disaster Tweets,disaster_tweets,disaster_02935,expresses_joke_or_sarcasm,0
Disaster Tweets,disaster_tweets,disaster_02935,discusses_non_event_context,0
Disaster Tweets,disaster_tweets,disaster_02157,mentions_disaster_type,1
Disaster Tweets,disaster_tweets,disaster_02157,reports_event_occurrence,1
Disaster Tweets,disaster_tweets,disaster_02157,describes_threat_or_danger,1
Disaster Tweets,disaster_tweets,disaster_02157,mentions_cause_or_trigger,1
Disaster Tweets,disaster_tweets,disaster_02157,mentions_location,0
Disaster Tweets,disaster_tweets,disaster_02157,mentions_time_or_recency,0
Disaster Tweets,disaster_tweets,disaster_02157,includes_source_or_report,1
Disaster Tweets,disaster_tweets,disaster_02157,first_person_witnessing,0
Disaster Tweets,disaster_tweets,disaster_02157,mentions_casualties_or_injuries,0
Disaster Tweets,disaster_tweets,disaster_02157,mentions_property_damage,0
Disaster Tweets,disaster_tweets,disaster_02157,mentions_infrastructure_disruption,0
Disaster Tweets,disaster_tweets,disaster_02157,mentions_scale_or_intensity,1
Disaster Tweets,disaster_tweets,disaster_02157,calls_for_help,0
Disaster Tweets,disaster_tweets,disaster_02157,mentions_rescue_or_emergency_services,0
Disaster Tweets,disaster_tweets,disaster_02157,mentions_evacuation_or_shelter,0
Disaster Tweets,disaster_tweets,disaster_02157,gives_safety_instruction,0
Disaster Tweets,disaster_tweets,disaster_02157,uses_metaphor_or_idiom,0
Disaster Tweets,disaster_tweets,disaster_02157,refers_to_entertainment_or_sports,0
Disaster Tweets,disaster_tweets,disaster_02157,expresses_joke_or_sarcasm,0
Disaster Tweets,disaster_tweets,disaster_02157,discusses_non_event_context,0
Disaster Tweets,disaster_tweets,disaster_03011,mentions_disaster_type,0
Disaster Tweets,disaster_tweets,disaster_03011,reports_event_occurrence,0
Disaster Tweets,disaster_tweets,disaster_03011,describes_threat_or_danger,0
Disaster Tweets,disaster_tweets,disaster_03011,mentions_cause_or_trigger,0
Disaster Tweets,disaster_tweets,disaster_03011,mentions_location,0
Disaster Tweets,disaster_tweets,disaster_03011,mentions_time_or_recency,0
Disaster Tweets,disaster_tweets,disaster_03011,includes_source_or_report,0
Disaster Tweets,disaster_tweets,disaster_03011,first_person_witnessing,0
Disaster Tweets,disaster_tweets,disaster_03011,mentions_casualties_or_injuries,0
Disaster Tweets,disaster_tweets,disaster_03011,mentions_property_damage,0
Disaster Tweets,disaster_tweets,disaster_03011,mentions_infrastructure_disruption,0
Disaster Tweets,disaster_tweets,disaster_03011,mentions_scale_or_intensity,0
Disaster Tweets,disaster_tweets,disaster_03011,calls_for_help,0
Disaster Tweets,disaster_tweets,disaster_03011,mentions_rescue_or_emergency_services,0
Disaster Tweets,disaster_tweets,disaster_03011,mentions_evacuation_or_shelter,0
Disaster Tweets,disaster_tweets,disaster_03011,gives_safety_instruction,0
Disaster Tweets,disaster_tweets,disaster_03011,uses_metaphor_or_idiom,1
Disaster Tweets,disaster_tweets,disaster_03011,refers_to_entertainment_or_sports,0
Disaster Tweets,disaster_tweets,disaster_03011,expresses_joke_or_sarcasm,0
Disaster Tweets,disaster_tweets,disaster_03011,discusses_non_event_context,1
Disaster Tweets,disaster_tweets,disaster_04027,mentions_disaster_type,0
Disaster Tweets,disaster_tweets,disaster_04027,reports_event_occurrence,0
Disaster Tweets,disaster_tweets,disaster_04027,describes_threat_or_danger,0
Disaster Tweets,disaster_tweets,disaster_04027,mentions_cause_or_trigger,0
Disaster Tweets,disaster_tweets,disaster_04027,mentions_location,0
Disaster Tweets,disaster_tweets,disaster_04027,mentions_time_or_recency,0
Disaster Tweets,disaster_tweets,disaster_04027,includes_source_or_report,0
Disaster Tweets,disaster_tweets,disaster_04027,first_person_witnessing,0
Disaster Tweets,disaster_tweets,disaster_04027,mentions_casualties_or_injuries,0
Disaster Tweets,disaster_tweets,disaster_04027,mentions_property_damage,0
Disaster Tweets,disaster_tweets,disaster_04027,mentions_infrastructure_disruption,0
Disaster Tweets,disaster_tweets,disaster_04027,mentions_scale_or_intensity,0
Disaster Tweets,disaster_tweets,disaster_04027,calls_for_help,0
Disaster Tweets,disaster_tweets,disaster_04027,mentions_rescue_or_emergency_services,0
Disaster Tweets,disaster_tweets,disaster_04027,mentions_evacuation_or_shelter,0
Disaster Tweets,disaster_tweets,disaster_04027,gives_safety_instruction,0
Disaster Tweets,disaster_tweets,disaster_04027,uses_metaphor_or_idiom,0
Disaster Tweets,disaster_tweets,disaster_04027,refers_to_entertainment_or_sports,0
Disaster Tweets,disaster_tweets,disaster_04027,expresses_joke_or_sarcasm,0
Disaster Tweets,disaster_tweets,disaster_04027,discusses_non_event_context,1
Disaster Tweets,disaster_tweets,disaster_02735,mentions_disaster_type,1
Disaster Tweets,disaster_tweets,disaster_02735,reports_event_occurrence,1
Disaster Tweets,disaster_tweets,disaster_02735,describes_threat_or_danger,1
Disaster Tweets,disaster_tweets,disaster_02735,mentions_cause_or_trigger,1
Disaster Tweets,disaster_tweets,disaster_02735,mentions_location,1
Disaster Tweets,disaster_tweets,disaster_02735,mentions_time_or_recency,1
Disaster Tweets,disaster_tweets,disaster_02735,includes_source_or_report,0
Disaster Tweets,disaster_tweets,disaster_02735,first_person_witnessing,1
Disaster Tweets,disaster_tweets,disaster_02735,mentions_casualties_or_injuries,0
Disaster Tweets,disaster_tweets,disaster_02735,mentions_property_damage,1
Disaster Tweets,disaster_tweets,disaster_02735,mentions_infrastructure_disruption,1
Disaster Tweets,disaster_tweets,disaster_02735,mentions_scale_or_intensity,1
Disaster Tweets,disaster_tweets,disaster_02735,calls_for_help,0
Disaster Tweets,disaster_tweets,disaster_02735,mentions_rescue_or_emergency_services,0
Disaster Tweets,disaster_tweets,disaster_02735,mentions_evacuation_or_shelter,0
Disaster Tweets,disaster_tweets,disaster_02735,gives_safety_instruction,0
Disaster Tweets,disaster_tweets,disaster_02735,uses_metaphor_or_idiom,0
Disaster Tweets,disaster_tweets,disaster_02735,refers_to_entertainment_or_sports,0
Disaster Tweets,disaster_tweets,disaster_02735,expresses_joke_or_sarcasm,0
Disaster Tweets,disaster_tweets,disaster_02735,discusses_non_event_context,0
Disaster Tweets,disaster_tweets,disaster_04212,mentions_disaster_type,0
Disaster Tweets,disaster_tweets,disaster_04212,reports_event_occurrence,0
Disaster Tweets,disaster_tweets,disaster_04212,describes_threat_or_danger,0
Disaster Tweets,disaster_tweets,disaster_04212,mentions_cause_or_trigger,0
Disaster Tweets,disaster_tweets,disaster_04212,mentions_location,0
Disaster Tweets,disaster_tweets,disaster_04212,mentions_time_or_recency,0
Disaster Tweets,disaster_tweets,disaster_04212,includes_source_or_report,0
Disaster Tweets,disaster_tweets,disaster_04212,first_person_witnessing,0
Disaster Tweets,disaster_tweets,disaster_04212,mentions_casualties_or_injuries,0
Disaster Tweets,disaster_tweets,disaster_04212,mentions_property_damage,0
Disaster Tweets,disaster_tweets,disaster_04212,mentions_infrastructure_disruption,0
Disaster Tweets,disaster_tweets,disaster_04212,mentions_scale_or_intensity,0
Disaster Tweets,disaster_tweets,disaster_04212,calls_for_help,0
Disaster Tweets,disaster_tweets,disaster_04212,mentions_rescue_or_emergency_services,0
Disaster Tweets,disaster_tweets,disaster_04212,mentions_evacuation_or_shelter,0
Disaster Tweets,disaster_tweets,disaster_04212,gives_safety_instruction,0
Disaster Tweets,disaster_tweets,disaster_04212,uses_metaphor_or_idiom,1
Disaster Tweets,disaster_tweets,disaster_04212,refers_to_entertainment_or_sports,0
Disaster Tweets,disaster_tweets,disaster_04212,expresses_joke_or_sarcasm,0
Disaster Tweets,disaster_tweets,disaster_04212,discusses_non_event_context,1
Disaster Tweets,disaster_tweets,disaster_00081,mentions_disaster_type,0
Disaster Tweets,disaster_tweets,disaster_00081,reports_event_occurrence,1
Disaster Tweets,disaster_tweets,disaster_00081,describes_threat_or_danger,1
Disaster Tweets,disaster_tweets,disaster_00081,mentions_cause_or_trigger,0
Disaster Tweets,disaster_tweets,disaster_00081,mentions_location,0
Disaster Tweets,disaster_tweets,disaster_00081,mentions_time_or_recency,0
Disaster Tweets,disaster_tweets,disaster_00081,includes_source_or_report,0
Disaster Tweets,disaster_tweets,disaster_00081,first_person_witnessing,0
Disaster Tweets,disaster_tweets,disaster_00081,mentions_casualties_or_injuries,0
Disaster Tweets,disaster_tweets,disaster_00081,mentions_property_damage,1
Disaster Tweets,disaster_tweets,disaster_00081,mentions_infrastructure_disruption,0
Disaster Tweets,disaster_tweets,disaster_00081,mentions_scale_or_intensity,0
Disaster Tweets,disaster_tweets,disaster_00081,calls_for_help,0
Disaster Tweets,disaster_tweets,disaster_00081,mentions_rescue_or_emergency_services,0
Disaster Tweets,disaster_tweets,disaster_00081,mentions_evacuation_or_shelter,0
Disaster Tweets,disaster_tweets,disaster_00081,gives_safety_instruction,0
Disaster Tweets,disaster_tweets,disaster_00081,uses_metaphor_or_idiom,0
Disaster Tweets,disaster_tweets,disaster_00081,refers_to_entertainment_or_sports,0
Disaster Tweets,disaster_tweets,disaster_00081,expresses_joke_or_sarcasm,1
Disaster Tweets,disaster_tweets,disaster_00081,discusses_non_event_context,0
Disaster Tweets,disaster_tweets,disaster_03662,mentions_disaster_type,1
Disaster Tweets,disaster_tweets,disaster_03662,reports_event_occurrence,1
Disaster Tweets,disaster_tweets,disaster_03662,describes_threat_or_danger,1
Disaster Tweets,disaster_tweets,disaster_03662,mentions_cause_or_trigger,0
Disaster Tweets,disaster_tweets,disaster_03662,mentions_location,0
Disaster Tweets,disaster_tweets,disaster_03662,mentions_time_or_recency,0
Disaster Tweets,disaster_tweets,disaster_03662,includes_source_or_report,0
Disaster Tweets,disaster_tweets,disaster_03662,first_person_witnessing,1
Disaster Tweets,disaster_tweets,disaster_03662,mentions_casualties_or_injuries,0
Disaster Tweets,disaster_tweets,disaster_03662,mentions_property_damage,0
Disaster Tweets,disaster_tweets,disaster_03662,mentions_infrastructure_disruption,1
Disaster Tweets,disaster_tweets,disaster_03662,mentions_scale_or_intensity,0
Disaster Tweets,disaster_tweets,disaster_03662,calls_for_help,0
Disaster Tweets,disaster_tweets,disaster_03662,mentions_rescue_or_emergency_services,0
Disaster Tweets,disaster_tweets,disaster_03662,mentions_evacuation_or_shelter,0
Disaster Tweets,disaster_tweets,disaster_03662,gives_safety_instruction,0
Disaster Tweets,disaster_tweets,disaster_03662,uses_metaphor_or_idiom,0
Disaster Tweets,disaster_tweets,disaster_03662,refers_to_entertainment_or_sports,0
Disaster Tweets,disaster_tweets,disaster_03662,expresses_joke_or_sarcasm,0
Disaster Tweets,disaster_tweets,disaster_03662,discusses_non_event_context,0
Disaster Tweets,disaster_tweets,disaster_03643,mentions_disaster_type,0
Disaster Tweets,disaster_tweets,disaster_03643,reports_event_occurrence,0
Disaster Tweets,disaster_tweets,disaster_03643,describes_threat_or_danger,0
Disaster Tweets,disaster_tweets,disaster_03643,mentions_cause_or_trigger,0
Disaster Tweets,disaster_tweets,disaster_03643,mentions_location,1
Disaster Tweets,disaster_tweets,disaster_03643,mentions_time_or_recency,0
Disaster Tweets,disaster_tweets,disaster_03643,includes_source_or_report,1
Disaster Tweets,disaster_tweets,disaster_03643,first_person_witnessing,0
Disaster Tweets,disaster_tweets,disaster_03643,mentions_casualties_or_injuries,1
Disaster Tweets,disaster_tweets,disaster_03643,mentions_property_damage,0
Disaster Tweets,disaster_tweets,disaster_03643,mentions_infrastructure_disruption,0
Disaster Tweets,disaster_tweets,disaster_03643,mentions_scale_or_intensity,0
Disaster Tweets,disaster_tweets,disaster_03643,calls_for_help,0
Disaster Tweets,disaster_tweets,disaster_03643,mentions_rescue_or_emergency_services,0
Disaster Tweets,disaster_tweets,disaster_03643,mentions_evacuation_or_shelter,0
Disaster Tweets,disaster_tweets,disaster_03643,gives_safety_instruction,0
Disaster Tweets,disaster_tweets,disaster_03643,uses_metaphor_or_idiom,0
Disaster Tweets,disaster_tweets,disaster_03643,refers_to_entertainment_or_sports,1
Disaster Tweets,disaster_tweets,disaster_03643,expresses_joke_or_sarcasm,0
Disaster Tweets,disaster_tweets,disaster_03643,discusses_non_event_context,0
Disaster Tweets,disaster_tweets,disaster_00785,mentions_disaster_type,0
Disaster Tweets,disaster_tweets,disaster_00785,reports_event_occurrence,0
Disaster Tweets,disaster_tweets,disaster_00785,describes_threat_or_danger,0
Disaster Tweets,disaster_tweets,disaster_00785,mentions_cause_or_trigger,0
Disaster Tweets,disaster_tweets,disaster_00785,mentions_location,0
Disaster Tweets,disaster_tweets,disaster_00785,mentions_time_or_recency,0
Disaster Tweets,disaster_tweets,disaster_00785,includes_source_or_report,0
Disaster Tweets,disaster_tweets,disaster_00785,first_person_witnessing,0
Disaster Tweets,disaster_tweets,disaster_00785,mentions_casualties_or_injuries,0
Disaster Tweets,disaster_tweets,disaster_00785,mentions_property_damage,0
Disaster Tweets,disaster_tweets,disaster_00785,mentions_infrastructure_disruption,0
Disaster Tweets,disaster_tweets,disaster_00785,mentions_scale_or_intensity,0
Disaster Tweets,disaster_tweets,disaster_00785,calls_for_help,0
Disaster Tweets,disaster_tweets,disaster_00785,mentions_rescue_or_emergency_services,0
Disaster Tweets,disaster_tweets,disaster_00785,mentions_evacuation_or_shelter,0
Disaster Tweets,disaster_tweets,disaster_00785,gives_safety_instruction,0
Disaster Tweets,disaster_tweets,disaster_00785,uses_metaphor_or_idiom,1
Disaster Tweets,disaster_tweets,disaster_00785,refers_to_entertainment_or_sports,0
Disaster Tweets,disaster_tweets,disaster_00785,expresses_joke_or_sarcasm,0
Disaster Tweets,disaster_tweets,disaster_00785,discusses_non_event_context,1
Disaster Tweets,disaster_tweets,disaster_04462,mentions_disaster_type,1
Disaster Tweets,disaster_tweets,disaster_04462,reports_event_occurrence,0
Disaster Tweets,disaster_tweets,disaster_04462,describes_threat_or_danger,0
Disaster Tweets,disaster_tweets,disaster_04462,mentions_cause_or_trigger,0
Disaster Tweets,disaster_tweets,disaster_04462,mentions_location,1
Disaster Tweets,disaster_tweets,disaster_04462,mentions_time_or_recency,0
Disaster Tweets,disaster_tweets,disaster_04462,includes_source_or_report,0
Disaster Tweets,disaster_tweets,disaster_04462,first_person_witnessing,0
Disaster Tweets,disaster_tweets,disaster_04462,mentions_casualties_or_injuries,1
Disaster Tweets,disaster_tweets,disaster_04462,mentions_property_damage,1
Disaster Tweets,disaster_tweets,disaster_04462,mentions_infrastructure_disruption,0
Disaster Tweets,disaster_tweets,disaster_04462,mentions_scale_or_intensity,0
Disaster Tweets,disaster_tweets,disaster_04462,calls_for_help,0
Disaster Tweets,disaster_tweets,disaster_04462,mentions_rescue_or_emergency_services,0
Disaster Tweets,disaster_tweets,disaster_04462,mentions_evacuation_or_shelter,0
Disaster Tweets,disaster_tweets,disaster_04462,gives_safety_instruction,0
Disaster Tweets,disaster_tweets,disaster_04462,uses_metaphor_or_idiom,0
Disaster Tweets,disaster_tweets,disaster_04462,refers_to_entertainment_or_sports,0
Disaster Tweets,disaster_tweets,disaster_04462,expresses_joke_or_sarcasm,0
Disaster Tweets,disaster_tweets,disaster_04462,discusses_non_event_context,1
Disaster Tweets,disaster_tweets,disaster_03667,mentions_disaster_type,0
Disaster Tweets,disaster_tweets,disaster_03667,reports_event_occurrence,1
Disaster Tweets,disaster_tweets,disaster_03667,describes_threat_or_danger,0
Disaster Tweets,disaster_tweets,disaster_03667,mentions_cause_or_trigger,0
Disaster Tweets,disaster_tweets,disaster_03667,mentions_location,1
Disaster Tweets,disaster_tweets,disaster_03667,mentions_time_or_recency,0
Disaster Tweets,disaster_tweets,disaster_03667,includes_source_or_report,1
Disaster Tweets,disaster_tweets,disaster_03667,first_person_witnessing,0
Disaster Tweets,disaster_tweets,disaster_03667,mentions_casualties_or_injuries,0
Disaster Tweets,disaster_tweets,disaster_03667,mentions_property_damage,1
Disaster Tweets,disaster_tweets,disaster_03667,mentions_infrastructure_disruption,0
Disaster Tweets,disaster_tweets,disaster_03667,mentions_scale_or_intensity,0
Disaster Tweets,disaster_tweets,disaster_03667,calls_for_help,0
Disaster Tweets,disaster_tweets,disaster_03667,mentions_rescue_or_emergency_services,0
Disaster Tweets,disaster_tweets,disaster_03667,mentions_evacuation_or_shelter,0
Disaster Tweets,disaster_tweets,disaster_03667,gives_safety_instruction,0
Disaster Tweets,disaster_tweets,disaster_03667,uses_metaphor_or_idiom,0
Disaster Tweets,disaster_tweets,disaster_03667,refers_to_entertainment_or_sports,0
Disaster Tweets,disaster_tweets,disaster_03667,expresses_joke_or_sarcasm,0
Disaster Tweets,disaster_tweets,disaster_03667,discusses_non_event_context,1
Disaster Tweets,disaster_tweets,disaster_04056,mentions_disaster_type,0
Disaster Tweets,disaster_tweets,disaster_04056,reports_event_occurrence,0
Disaster Tweets,disaster_tweets,disaster_04056,describes_threat_or_danger,0
Disaster Tweets,disaster_tweets,disaster_04056,mentions_cause_or_trigger,0
Disaster Tweets,disaster_tweets,disaster_04056,mentions_location,0
Disaster Tweets,disaster_tweets,disaster_04056,mentions_time_or_recency,0
Disaster Tweets,disaster_tweets,disaster_04056,includes_source_or_report,0
Disaster Tweets,disaster_tweets,disaster_04056,first_person_witnessing,0
Disaster Tweets,disaster_tweets,disaster_04056,mentions_casualties_or_injuries,0
Disaster Tweets,disaster_tweets,disaster_04056,mentions_property_damage,0
Disaster Tweets,disaster_tweets,disaster_04056,mentions_infrastructure_disruption,0
Disaster Tweets,disaster_tweets,disaster_04056,mentions_scale_or_intensity,0
Disaster Tweets,disaster_tweets,disaster_04056,calls_for_help,0
Disaster Tweets,disaster_tweets,disaster_04056,mentions_rescue_or_emergency_services,0
Disaster Tweets,disaster_tweets,disaster_04056,mentions_evacuation_or_shelter,0
Disaster Tweets,disaster_tweets,disaster_04056,gives_safety_instruction,0
Disaster Tweets,disaster_tweets,disaster_04056,uses_metaphor_or_idiom,0
Disaster Tweets,disaster_tweets,disaster_04056,refers_to_entertainment_or_sports,0
Disaster Tweets,disaster_tweets,disaster_04056,expresses_joke_or_sarcasm,0
Disaster Tweets,disaster_tweets,disaster_04056,discusses_non_event_context,1
Disaster Tweets,disaster_tweets,disaster_04193,mentions_disaster_type,0
Disaster Tweets,disaster_tweets,disaster_04193,reports_event_occurrence,0
Disaster Tweets,disaster_tweets,disaster_04193,describes_threat_or_danger,0
Disaster Tweets,disaster_tweets,disaster_04193,mentions_cause_or_trigger,0
Disaster Tweets,disaster_tweets,disaster_04193,mentions_location,0
Disaster Tweets,disaster_tweets,disaster_04193,mentions_time_or_recency,0
Disaster Tweets,disaster_tweets,disaster_04193,includes_source_or_report,0
Disaster Tweets,disaster_tweets,disaster_04193,first_person_witnessing,0
Disaster Tweets,disaster_tweets,disaster_04193,mentions_casualties_or_injuries,0
Disaster Tweets,disaster_tweets,disaster_04193,mentions_property_damage,0
Disaster Tweets,disaster_tweets,disaster_04193,mentions_infrastructure_disruption,0
Disaster Tweets,disaster_tweets,disaster_04193,mentions_scale_or_intensity,0
Disaster Tweets,disaster_tweets,disaster_04193,calls_for_help,0
Disaster Tweets,disaster_tweets,disaster_04193,mentions_rescue_or_emergency_services,1
Disaster Tweets,disaster_tweets,disaster_04193,mentions_evacuation_or_shelter,0
Disaster Tweets,disaster_tweets,disaster_04193,gives_safety_instruction,0
Disaster Tweets,disaster_tweets,disaster_04193,uses_metaphor_or_idiom,0
Disaster Tweets,disaster_tweets,disaster_04193,refers_to_entertainment_or_sports,0
Disaster Tweets,disaster_tweets,disaster_04193,expresses_joke_or_sarcasm,0
Disaster Tweets,disaster_tweets,disaster_04193,discusses_non_event_context,1
Disaster Tweets,disaster_tweets,disaster_00926,mentions_disaster_type,1
Disaster Tweets,disaster_tweets,disaster_00926,reports_event_occurrence,0
Disaster Tweets,disaster_tweets,disaster_00926,describes_threat_or_danger,0
Disaster Tweets,disaster_tweets,disaster_00926,mentions_cause_or_trigger,0
Disaster Tweets,disaster_tweets,disaster_00926,mentions_location,1
Disaster Tweets,disaster_tweets,disaster_00926,mentions_time_or_recency,0
Disaster Tweets,disaster_tweets,disaster_00926,includes_source_or_report,1
Disaster Tweets,disaster_tweets,disaster_00926,first_person_witnessing,0
Disaster Tweets,disaster_tweets,disaster_00926,mentions_casualties_or_injuries,0
Disaster Tweets,disaster_tweets,disaster_00926,mentions_property_damage,0
Disaster Tweets,disaster_tweets,disaster_00926,mentions_infrastructure_disruption,0
Disaster Tweets,disaster_tweets,disaster_00926,mentions_scale_or_intensity,0
Disaster Tweets,disaster_tweets,disaster_00926,calls_for_help,0
Disaster Tweets,disaster_tweets,disaster_00926,mentions_rescue_or_emergency_services,0
Disaster Tweets,disaster_tweets,disaster_00926,mentions_evacuation_or_shelter,0
Disaster Tweets,disaster_tweets,disaster_00926,gives_safety_instruction,0
Disaster Tweets,disaster_tweets,disaster_00926,uses_metaphor_or_idiom,0
Disaster Tweets,disaster_tweets,disaster_00926,refers_to_entertainment_or_sports,0
Disaster Tweets,disaster_tweets,disaster_00926,expresses_joke_or_sarcasm,0
Disaster Tweets,disaster_tweets,disaster_00926,discusses_non_event_context,1
Disaster Tweets,disaster_tweets,disaster_00268,mentions_disaster_type,0
Disaster Tweets,disaster_tweets,disaster_00268,reports_event_occurrence,0
Disaster Tweets,disaster_tweets,disaster_00268,describes_threat_or_danger,0
Disaster Tweets,disaster_tweets,disaster_00268,mentions_cause_or_trigger,0
Disaster Tweets,disaster_tweets,disaster_00268,mentions_location,0
Disaster Tweets,disaster_tweets,disaster_00268,mentions_time_or_recency,0
Disaster Tweets,disaster_tweets,disaster_00268,includes_source_or_report,0
Disaster Tweets,disaster_tweets,disaster_00268,first_person_witnessing,0
Disaster Tweets,disaster_tweets,disaster_00268,mentions_casualties_or_injuries,0
Disaster Tweets,disaster_tweets,disaster_00268,mentions_property_damage,0
Disaster Tweets,disaster_tweets,disaster_00268,mentions_infrastructure_disruption,0
Disaster Tweets,disaster_tweets,disaster_00268,mentions_scale_or_intensity,0
Disaster Tweets,disaster_tweets,disaster_00268,calls_for_help,0
Disaster Tweets,disaster_tweets,disaster_00268,mentions_rescue_or_emergency_services,0
Disaster Tweets,disaster_tweets,disaster_00268,mentions_evacuation_or_shelter,0
Disaster Tweets,disaster_tweets,disaster_00268,gives_safety_instruction,0
Disaster Tweets,disaster_tweets,disaster_00268,uses_metaphor_or_idiom,1
Disaster Tweets,disaster_tweets,disaster_00268,refers_to_entertainment_or_sports,1
Disaster Tweets,disaster_tweets,disaster_00268,expresses_joke_or_sarcasm,0
Disaster Tweets,disaster_tweets,disaster_00268,discusses_non_event_context,1
Disaster Tweets,disaster_tweets,disaster_03825,mentions_disaster_type,0
Disaster Tweets,disaster_tweets,disaster_03825,reports_event_occurrence,0
Disaster Tweets,disaster_tweets,disaster_03825,describes_threat_or_danger,0
Disaster Tweets,disaster_tweets,disaster_03825,mentions_cause_or_trigger,0
Disaster Tweets,disaster_tweets,disaster_03825,mentions_location,1
Disaster Tweets,disaster_tweets,disaster_03825,mentions_time_or_recency,0
Disaster Tweets,disaster_tweets,disaster_03825,includes_source_or_report,0
Disaster Tweets,disaster_tweets,disaster_03825,first_person_witnessing,1
Disaster Tweets,disaster_tweets,disaster_03825,mentions_casualties_or_injuries,0
Disaster Tweets,disaster_tweets,disaster_03825,mentions_property_damage,0
Disaster Tweets,disaster_tweets,disaster_03825,mentions_infrastructure_disruption,0
Disaster Tweets,disaster_tweets,disaster_03825,mentions_scale_or_intensity,0
Disaster Tweets,disaster_tweets,disaster_03825,calls_for_help,0
Disaster Tweets,disaster_tweets,disaster_03825,mentions_rescue_or_emergency_services,0
Disaster Tweets,disaster_tweets,disaster_03825,mentions_evacuation_or_shelter,0
Disaster Tweets,disaster_tweets,disaster_03825,gives_safety_instruction,0
Disaster Tweets,disaster_tweets,disaster_03825,uses_metaphor_or_idiom,1
Disaster Tweets,disaster_tweets,disaster_03825,refers_to_entertainment_or_sports,0
Disaster Tweets,disaster_tweets,disaster_03825,expresses_joke_or_sarcasm,0
Disaster Tweets,disaster_tweets,disaster_03825,discusses_non_event_context,1
Disaster Tweets,disaster_tweets,disaster_04778,mentions_disaster_type,1
Disaster Tweets,disaster_tweets,disaster_04778,reports_event_occurrence,0
Disaster Tweets,disaster_tweets,disaster_04778,describes_threat_or_danger,0
Disaster Tweets,disaster_tweets,disaster_04778,mentions_cause_or_trigger,0
Disaster Tweets,disaster_tweets,disaster_04778,mentions_location,0
Disaster Tweets,disaster_tweets,disaster_04778,mentions_time_or_recency,0
Disaster Tweets,disaster_tweets,disaster_04778,includes_source_or_report,0
Disaster Tweets,disaster_tweets,disaster_04778,first_person_witnessing,0
Disaster Tweets,disaster_tweets,disaster_04778,mentions_casualties_or_injuries,0
Disaster Tweets,disaster_tweets,disaster_04778,mentions_property_damage,0
Disaster Tweets,disaster_tweets,disaster_04778,mentions_infrastructure_disruption,0
Disaster Tweets,disaster_tweets,disaster_04778,mentions_scale_or_intensity,0
Disaster Tweets,disaster_tweets,disaster_04778,calls_for_help,0
Disaster Tweets,disaster_tweets,disaster_04778,mentions_rescue_or_emergency_services,0
Disaster Tweets,disaster_tweets,disaster_04778,mentions_evacuation_or_shelter,0
Disaster Tweets,disaster_tweets,disaster_04778,gives_safety_instruction,0
Disaster Tweets,disaster_tweets,disaster_04778,uses_metaphor_or_idiom,0
Disaster Tweets,disaster_tweets,disaster_04778,refers_to_entertainment_or_sports,0
Disaster Tweets,disaster_tweets,disaster_04778,expresses_joke_or_sarcasm,0
Disaster Tweets,disaster_tweets,disaster_04778,discusses_non_event_context,1
Disaster Tweets,disaster_tweets,disaster_02823,mentions_disaster_type,1
Disaster Tweets,disaster_tweets,disaster_02823,reports_event_occurrence,0
Disaster Tweets,disaster_tweets,disaster_02823,describes_threat_or_danger,0
Disaster Tweets,disaster_tweets,disaster_02823,mentions_cause_or_trigger,0
Disaster Tweets,disaster_tweets,disaster_02823,mentions_location,0
Disaster Tweets,disaster_tweets,disaster_02823,mentions_time_or_recency,0
Disaster Tweets,disaster_tweets,disaster_02823,includes_source_or_report,0
Disaster Tweets,disaster_tweets,disaster_02823,first_person_witnessing,0
Disaster Tweets,disaster_tweets,disaster_02823,mentions_casualties_or_injuries,0
Disaster Tweets,disaster_tweets,disaster_02823,mentions_property_damage,0
Disaster Tweets,disaster_tweets,disaster_02823,mentions_infrastructure_disruption,0
Disaster Tweets,disaster_tweets,disaster_02823,mentions_scale_or_intensity,0
Disaster Tweets,disaster_tweets,disaster_02823,calls_for_help,0
Disaster Tweets,disaster_tweets,disaster_02823,mentions_rescue_or_emergency_services,0
Disaster Tweets,disaster_tweets,disaster_02823,mentions_evacuation_or_shelter,0
Disaster Tweets,disaster_tweets,disaster_02823,gives_safety_instruction,0
Disaster Tweets,disaster_tweets,disaster_02823,uses_metaphor_or_idiom,0
Disaster Tweets,disaster_tweets,disaster_02823,refers_to_entertainment_or_sports,0
Disaster Tweets,disaster_tweets,disaster_02823,expresses_joke_or_sarcasm,0
Disaster Tweets,disaster_tweets,disaster_02823,discusses_non_event_context,1
Disaster Tweets,disaster_tweets,disaster_00506,mentions_disaster_type,1
Disaster Tweets,disaster_tweets,disaster_00506,reports_event_occurrence,0
Disaster Tweets,disaster_tweets,disaster_00506,describes_threat_or_danger,0
Disaster Tweets,disaster_tweets,disaster_00506,mentions_cause_or_trigger,0
Disaster Tweets,disaster_tweets,disaster_00506,mentions_location,1
Disaster Tweets,disaster_tweets,disaster_00506,mentions_time_or_recency,0
Disaster Tweets,disaster_tweets,disaster_00506,includes_source_or_report,0
Disaster Tweets,disaster_tweets,disaster_00506,first_person_witnessing,1
Disaster Tweets,disaster_tweets,disaster_00506,mentions_casualties_or_injuries,0
Disaster Tweets,disaster_tweets,disaster_00506,mentions_property_damage,0
Disaster Tweets,disaster_tweets,disaster_00506,mentions_infrastructure_disruption,0
Disaster Tweets,disaster_tweets,disaster_00506,mentions_scale_or_intensity,0
Disaster Tweets,disaster_tweets,disaster_00506,calls_for_help,0
Disaster Tweets,disaster_tweets,disaster_00506,mentions_rescue_or_emergency_services,0
Disaster Tweets,disaster_tweets,disaster_00506,mentions_evacuation_or_shelter,0
Disaster Tweets,disaster_tweets,disaster_00506,gives_safety_instruction,0
Disaster Tweets,disaster_tweets,disaster_00506,uses_metaphor_or_idiom,0
Disaster Tweets,disaster_tweets,disaster_00506,refers_to_entertainment_or_sports,1
Disaster Tweets,disaster_tweets,disaster_00506,expresses_joke_or_sarcasm,0
Disaster Tweets,disaster_tweets,disaster_00506,discusses_non_event_context,1
Disaster Tweets,disaster_tweets,disaster_01840,mentions_disaster_type,0
Disaster Tweets,disaster_tweets,disaster_01840,reports_event_occurrence,0
Disaster Tweets,disaster_tweets,disaster_01840,describes_threat_or_danger,0
Disaster Tweets,disaster_tweets,disaster_01840,mentions_cause_or_trigger,0
Disaster Tweets,disaster_tweets,disaster_01840,mentions_location,0
Disaster Tweets,disaster_tweets,disaster_01840,mentions_time_or_recency,1
Disaster Tweets,disaster_tweets,disaster_01840,includes_source_or_report,1
Disaster Tweets,disaster_tweets,disaster_01840,first_person_witnessing,0
Disaster Tweets,disaster_tweets,disaster_01840,mentions_casualties_or_injuries,0
Disaster Tweets,disaster_tweets,disaster_01840,mentions_property_damage,0
Disaster Tweets,disaster_tweets,disaster_01840,mentions_infrastructure_disruption,0
Disaster Tweets,disaster_tweets,disaster_01840,mentions_scale_or_intensity,0
Disaster Tweets,disaster_tweets,disaster_01840,calls_for_help,0
Disaster Tweets,disaster_tweets,disaster_01840,mentions_rescue_or_emergency_services,1
Disaster Tweets,disaster_tweets,disaster_01840,mentions_evacuation_or_shelter,0
Disaster Tweets,disaster_tweets,disaster_01840,gives_safety_instruction,0
Disaster Tweets,disaster_tweets,disaster_01840,uses_metaphor_or_idiom,0
Disaster Tweets,disaster_tweets,disaster_01840,refers_to_entertainment_or_sports,1
Disaster Tweets,disaster_tweets,disaster_01840,expresses_joke_or_sarcasm,0
Disaster Tweets,disaster_tweets,disaster_01840,discusses_non_event_context,1
Disaster Tweets,disaster_tweets,disaster_02686,mentions_disaster_type,0
Disaster Tweets,disaster_tweets,disaster_02686,reports_event_occurrence,0
Disaster Tweets,disaster_tweets,disaster_02686,describes_threat_or_danger,1
Disaster Tweets,disaster_tweets,disaster_02686,mentions_cause_or_trigger,0
Disaster Tweets,disaster_tweets,disaster_02686,mentions_location,0
Disaster Tweets,disaster_tweets,disaster_02686,mentions_time_or_recency,1
Disaster Tweets,disaster_tweets,disaster_02686,includes_source_or_report,0
Disaster Tweets,disaster_tweets,disaster_02686,first_person_witnessing,0
Disaster Tweets,disaster_tweets,disaster_02686,mentions_casualties_or_injuries,0
Disaster Tweets,disaster_tweets,disaster_02686,mentions_property_damage,0
Disaster Tweets,disaster_tweets,disaster_02686,mentions_infrastructure_disruption,0
Disaster Tweets,disaster_tweets,disaster_02686,mentions_scale_or_intensity,1
Disaster Tweets,disaster_tweets,disaster_02686,calls_for_help,0
Disaster Tweets,disaster_tweets,disaster_02686,mentions_rescue_or_emergency_services,0
Disaster Tweets,disaster_tweets,disaster_02686,mentions_evacuation_or_shelter,0
Disaster Tweets,disaster_tweets,disaster_02686,gives_safety_instruction,1
Disaster Tweets,disaster_tweets,disaster_02686,uses_metaphor_or_idiom,1
Disaster Tweets,disaster_tweets,disaster_02686,refers_to_entertainment_or_sports,0
Disaster Tweets,disaster_tweets,disaster_02686,expresses_joke_or_sarcasm,0
Disaster Tweets,disaster_tweets,disaster_02686,discusses_non_event_context,1
Disaster Tweets,disaster_tweets,disaster_03071,mentions_disaster_type,0
Disaster Tweets,disaster_tweets,disaster_03071,reports_event_occurrence,0
Disaster Tweets,disaster_tweets,disaster_03071,describes_threat_or_danger,1
Disaster Tweets,disaster_tweets,disaster_03071,mentions_cause_or_trigger,0
Disaster Tweets,disaster_tweets,disaster_03071,mentions_location,0
Disaster Tweets,disaster_tweets,disaster_03071,mentions_time_or_recency,0
Disaster Tweets,disaster_tweets,disaster_03071,includes_source_or_report,0
Disaster Tweets,disaster_tweets,disaster_03071,first_person_witnessing,1
Disaster Tweets,disaster_tweets,disaster_03071,mentions_casualties_or_injuries,0
Disaster Tweets,disaster_tweets,disaster_03071,mentions_property_damage,0
Disaster Tweets,disaster_tweets,disaster_03071,mentions_infrastructure_disruption,0
Disaster Tweets,disaster_tweets,disaster_03071,mentions_scale_or_intensity,0
Disaster Tweets,disaster_tweets,disaster_03071,calls_for_help,0
Disaster Tweets,disaster_tweets,disaster_03071,mentions_rescue_or_emergency_services,0
Disaster Tweets,disaster_tweets,disaster_03071,mentions_evacuation_or_shelter,0
Disaster Tweets,disaster_tweets,disaster_03071,gives_safety_instruction,0
Disaster Tweets,disaster_tweets,disaster_03071,uses_metaphor_or_idiom,0
Disaster Tweets,disaster_tweets,disaster_03071,refers_to_entertainment_or_sports,1
Disaster Tweets,disaster_tweets,disaster_03071,expresses_joke_or_sarcasm,0
Disaster Tweets,disaster_tweets,disaster_03071,discusses_non_event_context,1
Disaster Tweets,disaster_tweets,disaster_03150,mentions_disaster_type,1
Disaster Tweets,disaster_tweets,disaster_03150,reports_event_occurrence,1
Disaster Tweets,disaster_tweets,disaster_03150,describes_threat_or_danger,1
Disaster Tweets,disaster_tweets,disaster_03150,mentions_cause_or_trigger,0
Disaster Tweets,disaster_tweets,disaster_03150,mentions_location,0
Disaster Tweets,disaster_tweets,disaster_03150,mentions_time_or_recency,0
Disaster Tweets,disaster_tweets,disaster_03150,includes_source_or_report,0
Disaster Tweets,disaster_tweets,disaster_03150,first_person_witnessing,1
Disaster Tweets,disaster_tweets,disaster_03150,mentions_casualties_or_injuries,0
Disaster Tweets,disaster_tweets,disaster_03150,mentions_property_damage,0
Disaster Tweets,disaster_tweets,disaster_03150,mentions_infrastructure_disruption,0
Disaster Tweets,disaster_tweets,disaster_03150,mentions_scale_or_intensity,0
Disaster Tweets,disaster_tweets,disaster_03150,calls_for_help,0
Disaster Tweets,disaster_tweets,disaster_03150,mentions_rescue_or_emergency_services,0
Disaster Tweets,disaster_tweets,disaster_03150,mentions_evacuation_or_shelter,0
Disaster Tweets,disaster_tweets,disaster_03150,gives_safety_instruction,0
Disaster Tweets,disaster_tweets,disaster_03150,uses_metaphor_or_idiom,0
Disaster Tweets,disaster_tweets,disaster_03150,refers_to_entertainment_or_sports,0
Disaster Tweets,disaster_tweets,disaster_03150,expresses_joke_or_sarcasm,0
Disaster Tweets,disaster_tweets,disaster_03150,discusses_non_event_context,0
Disaster Tweets,disaster_tweets,disaster_04305,mentions_disaster_type,0
Disaster Tweets,disaster_tweets,disaster_04305,reports_event_occurrence,1
Disaster Tweets,disaster_tweets,disaster_04305,describes_threat_or_danger,1
Disaster Tweets,disaster_tweets,disaster_04305,mentions_cause_or_trigger,1
Disaster Tweets,disaster_tweets,disaster_04305,mentions_location,0
Disaster Tweets,disaster_tweets,disaster_04305,mentions_time_or_recency,0
Disaster Tweets,disaster_tweets,disaster_04305,includes_source_or_report,1
Disaster Tweets,disaster_tweets,disaster_04305,first_person_witnessing,0
Disaster Tweets,disaster_tweets,disaster_04305,mentions_casualties_or_injuries,1
Disaster Tweets,disaster_tweets,disaster_04305,mentions_property_damage,0
Disaster Tweets,disaster_tweets,disaster_04305,mentions_infrastructure_disruption,0
Disaster Tweets,disaster_tweets,disaster_04305,mentions_scale_or_intensity,0
Disaster Tweets,disaster_tweets,disaster_04305,calls_for_help,0
Disaster Tweets,disaster_tweets,disaster_04305,mentions_rescue_or_emergency_services,1
Disaster Tweets,disaster_tweets,disaster_04305,mentions_evacuation_or_shelter,0
Disaster Tweets,disaster_tweets,disaster_04305,gives_safety_instruction,0
Disaster Tweets,disaster_tweets,disaster_04305,uses_metaphor_or_idiom,0
Disaster Tweets,disaster_tweets,disaster_04305,refers_to_entertainment_or_sports,0
Disaster Tweets,disaster_tweets,disaster_04305,expresses_joke_or_sarcasm,0
Disaster Tweets,disaster_tweets,disaster_04305,discusses_non_event_context,0
Disaster Tweets,disaster_tweets,disaster_04153,mentions_disaster_type,1
Disaster Tweets,disaster_tweets,disaster_04153,reports_event_occurrence,0
Disaster Tweets,disaster_tweets,disaster_04153,describes_threat_or_danger,0
Disaster Tweets,disaster_tweets,disaster_04153,mentions_cause_or_trigger,0
Disaster Tweets,disaster_tweets,disaster_04153,mentions_location,0
Disaster Tweets,disaster_tweets,disaster_04153,mentions_time_or_recency,0
Disaster Tweets,disaster_tweets,disaster_04153,includes_source_or_report,0
Disaster Tweets,disaster_tweets,disaster_04153,first_person_witnessing,0
Disaster Tweets,disaster_tweets,disaster_04153,mentions_casualties_or_injuries,0
Disaster Tweets,disaster_tweets,disaster_04153,mentions_property_damage,0
Disaster Tweets,disaster_tweets,disaster_04153,mentions_infrastructure_disruption,0
Disaster Tweets,disaster_tweets,disaster_04153,mentions_scale_or_intensity,0
Disaster Tweets,disaster_tweets,disaster_04153,calls_for_help,0
Disaster Tweets,disaster_tweets,disaster_04153,mentions_rescue_or_emergency_services,0
Disaster Tweets,disaster_tweets,disaster_04153,mentions_evacuation_or_shelter,0
Disaster Tweets,disaster_tweets,disaster_04153,gives_safety_instruction,0
Disaster Tweets,disaster_tweets,disaster_04153,uses_metaphor_or_idiom,0
Disaster Tweets,disaster_tweets,disaster_04153,refers_to_entertainment_or_sports,1
Disaster Tweets,disaster_tweets,disaster_04153,expresses_joke_or_sarcasm,0
Disaster Tweets,disaster_tweets,disaster_04153,discusses_non_event_context,1
Disaster Tweets,disaster_tweets,disaster_03398,mentions_disaster_type,0
Disaster Tweets,disaster_tweets,disaster_03398,reports_event_occurrence,0
Disaster Tweets,disaster_tweets,disaster_03398,describes_threat_or_danger,0
Disaster Tweets,disaster_tweets,disaster_03398,mentions_cause_or_trigger,0
Disaster Tweets,disaster_tweets,disaster_03398,mentions_location,0
Disaster Tweets,disaster_tweets,disaster_03398,mentions_time_or_recency,0
Disaster Tweets,disaster_tweets,disaster_03398,includes_source_or_report,0
Disaster Tweets,disaster_tweets,disaster_03398,first_person_witnessing,0
Disaster Tweets,disaster_tweets,disaster_03398,mentions_casualties_or_injuries,0
Disaster Tweets,disaster_tweets,disaster_03398,mentions_property_damage,0
Disaster Tweets,disaster_tweets,disaster_03398,mentions_infrastructure_disruption,0
Disaster Tweets,disaster_tweets,disaster_03398,mentions_scale_or_intensity,0
Disaster Tweets,disaster_tweets,disaster_03398,calls_for_help,0
Disaster Tweets,disaster_tweets,disaster_03398,mentions_rescue_or_emergency_services,0
Disaster Tweets,disaster_tweets,disaster_03398,mentions_evacuation_or_shelter,0
Disaster Tweets,disaster_tweets,disaster_03398,gives_safety_instruction,0
Disaster Tweets,disaster_tweets,disaster_03398,uses_metaphor_or_idiom,1
Disaster Tweets,disaster_tweets,disaster_03398,refers_to_entertainment_or_sports,0
Disaster Tweets,disaster_tweets,disaster_03398,expresses_joke_or_sarcasm,0
Disaster Tweets,disaster_tweets,disaster_03398,discusses_non_event_context,1
Disaster Tweets,disaster_tweets,disaster_01401,mentions_disaster_type,0
Disaster Tweets,disaster_tweets,disaster_01401,reports_event_occurrence,0
Disaster Tweets,disaster_tweets,disaster_01401,describes_threat_or_danger,0
Disaster Tweets,disaster_tweets,disaster_01401,mentions_cause_or_trigger,0
Disaster Tweets,disaster_tweets,disaster_01401,mentions_location,0
Disaster Tweets,disaster_tweets,disaster_01401,mentions_time_or_recency,0
Disaster Tweets,disaster_tweets,disaster_01401,includes_source_or_report,0
Disaster Tweets,disaster_tweets,disaster_01401,first_person_witnessing,0
Disaster Tweets,disaster_tweets,disaster_01401,mentions_casualties_or_injuries,0
Disaster Tweets,disaster_tweets,disaster_01401,mentions_property_damage,0
Disaster Tweets,disaster_tweets,disaster_01401,mentions_infrastructure_disruption,0
Disaster Tweets,disaster_tweets,disaster_01401,mentions_scale_or_intensity,0
Disaster Tweets,disaster_tweets,disaster_01401,calls_for_help,0
Disaster Tweets,disaster_tweets,disaster_01401,mentions_rescue_or_emergency_services,0
Disaster Tweets,disaster_tweets,disaster_01401,mentions_evacuation_or_shelter,0
Disaster Tweets,disaster_tweets,disaster_01401,gives_safety_instruction,0
Disaster Tweets,disaster_tweets,disaster_01401,uses_metaphor_or_idiom,0
Disaster Tweets,disaster_tweets,disaster_01401,refers_to_entertainment_or_sports,0
Disaster Tweets,disaster_tweets,disaster_01401,expresses_joke_or_sarcasm,1
Disaster Tweets,disaster_tweets,disaster_01401,discusses_non_event_context,1
Disaster Tweets,disaster_tweets,disaster_04619,mentions_disaster_type,1
Disaster Tweets,disaster_tweets,disaster_04619,reports_event_occurrence,1
Disaster Tweets,disaster_tweets,disaster_04619,describes_threat_or_danger,1
Disaster Tweets,disaster_tweets,disaster_04619,mentions_cause_or_trigger,0
Disaster Tweets,disaster_tweets,disaster_04619,mentions_location,1
Disaster Tweets,disaster_tweets,disaster_04619,mentions_time_or_recency,1
Disaster Tweets,disaster_tweets,disaster_04619,includes_source_or_report,0
Disaster Tweets,disaster_tweets,disaster_04619,first_person_witnessing,1
Disaster Tweets,disaster_tweets,disaster_04619,mentions_casualties_or_injuries,0
Disaster Tweets,disaster_tweets,disaster_04619,mentions_property_damage,1
Disaster Tweets,disaster_tweets,disaster_04619,mentions_infrastructure_disruption,1
Disaster Tweets,disaster_tweets,disaster_04619,mentions_scale_or_intensity,0
Disaster Tweets,disaster_tweets,disaster_04619,calls_for_help,0
Disaster Tweets,disaster_tweets,disaster_04619,mentions_rescue_or_emergency_services,0
Disaster Tweets,disaster_tweets,disaster_04619,mentions_evacuation_or_shelter,0
Disaster Tweets,disaster_tweets,disaster_04619,gives_safety_instruction,0
Disaster Tweets,disaster_tweets,disaster_04619,uses_metaphor_or_idiom,0
Disaster Tweets,disaster_tweets,disaster_04619,refers_to_entertainment_or_sports,0
Disaster Tweets,disaster_tweets,disaster_04619,expresses_joke_or_sarcasm,0
Disaster Tweets,disaster_tweets,disaster_04619,discusses_non_event_context,0
Disaster Tweets,disaster_tweets,disaster_04832,mentions_disaster_type,1
Disaster Tweets,disaster_tweets,disaster_04832,reports_event_occurrence,1
Disaster Tweets,disaster_tweets,disaster_04832,describes_threat_or_danger,1
Disaster Tweets,disaster_tweets,disaster_04832,mentions_cause_or_trigger,0
Disaster Tweets,disaster_tweets,disaster_04832,mentions_location,1
Disaster Tweets,disaster_tweets,disaster_04832,mentions_time_or_recency,0
Disaster Tweets,disaster_tweets,disaster_04832,includes_source_or_report,1
Disaster Tweets,disaster_tweets,disaster_04832,first_person_witnessing,0
Disaster Tweets,disaster_tweets,disaster_04832,mentions_casualties_or_injuries,0
Disaster Tweets,disaster_tweets,disaster_04832,mentions_property_damage,1
Disaster Tweets,disaster_tweets,disaster_04832,mentions_infrastructure_disruption,0
Disaster Tweets,disaster_tweets,disaster_04832,mentions_scale_or_intensity,1
Disaster Tweets,disaster_tweets,disaster_04832,calls_for_help,0
Disaster Tweets,disaster_tweets,disaster_04832,mentions_rescue_or_emergency_services,1
Disaster Tweets,disaster_tweets,disaster_04832,mentions_evacuation_or_shelter,0
Disaster Tweets,disaster_tweets,disaster_04832,gives_safety_instruction,0
Disaster Tweets,disaster_tweets,disaster_04832,uses_metaphor_or_idiom,0
Disaster Tweets,disaster_tweets,disaster_04832,refers_to_entertainment_or_sports,0
Disaster Tweets,disaster_tweets,disaster_04832,expresses_joke_or_sarcasm,0
Disaster Tweets,disaster_tweets,disaster_04832,discusses_non_event_context,0
Disaster Tweets,disaster_tweets,disaster_03480,mentions_disaster_type,1
Disaster Tweets,disaster_tweets,disaster_03480,reports_event_occurrence,0
Disaster Tweets,disaster_tweets,disaster_03480,describes_threat_or_danger,0
Disaster Tweets,disaster_tweets,disaster_03480,mentions_cause_or_trigger,0
Disaster Tweets,disaster_tweets,disaster_03480,mentions_location,0
Disaster Tweets,disaster_tweets,disaster_03480,mentions_time_or_recency,0
Disaster Tweets,disaster_tweets,disaster_03480,includes_source_or_report,0
Disaster Tweets,disaster_tweets,disaster_03480,first_person_witnessing,0
Disaster Tweets,disaster_tweets,disaster_03480,mentions_casualties_or_injuries,0
Disaster Tweets,disaster_tweets,disaster_03480,mentions_property_damage,0
Disaster Tweets,disaster_tweets,disaster_03480,mentions_infrastructure_disruption,0
Disaster Tweets,disaster_tweets,disaster_03480,mentions_scale_or_intensity,0
Disaster Tweets,disaster_tweets,disaster_03480,calls_for_help,0
Disaster Tweets,disaster_tweets,disaster_03480,mentions_rescue_or_emergency_services,0
Disaster Tweets,disaster_tweets,disaster_03480,mentions_evacuation_or_shelter,0
Disaster Tweets,disaster_tweets,disaster_03480,gives_safety_instruction,0
Disaster Tweets,disaster_tweets,disaster_03480,uses_metaphor_or_idiom,0
Disaster Tweets,disaster_tweets,disaster_03480,refers_to_entertainment_or_sports,1
Disaster Tweets,disaster_tweets,disaster_03480,expresses_joke_or_sarcasm,0
Disaster Tweets,disaster_tweets,disaster_03480,discusses_non_event_context,1
Disaster Tweets,disaster_tweets,disaster_04810,mentions_disaster_type,0
Disaster Tweets,disaster_tweets,disaster_04810,reports_event_occurrence,1
Disaster Tweets,disaster_tweets,disaster_04810,describes_threat_or_danger,0
Disaster Tweets,disaster_tweets,disaster_04810,mentions_cause_or_trigger,0
Disaster Tweets,disaster_tweets,disaster_04810,mentions_location,0
Disaster Tweets,disaster_tweets,disaster_04810,mentions_time_or_recency,1
Disaster Tweets,disaster_tweets,disaster_04810,includes_source_or_report,0
Disaster Tweets,disaster_tweets,disaster_04810,first_person_witnessing,0
Disaster Tweets,disaster_tweets,disaster_04810,mentions_casualties_or_injuries,1
Disaster Tweets,disaster_tweets,disaster_04810,mentions_property_damage,0
Disaster Tweets,disaster_tweets,disaster_04810,mentions_infrastructure_disruption,0
Disaster Tweets,disaster_tweets,disaster_04810,mentions_scale_or_intensity,0
Disaster Tweets,disaster_tweets,disaster_04810,calls_for_help,0
Disaster Tweets,disaster_tweets,disaster_04810,mentions_rescue_or_emergency_services,0
Disaster Tweets,disaster_tweets,disaster_04810,mentions_evacuation_or_shelter,0
Disaster Tweets,disaster_tweets,disaster_04810,gives_safety_instruction,0
Disaster Tweets,disaster_tweets,disaster_04810,uses_metaphor_or_idiom,0
Disaster Tweets,disaster_tweets,disaster_04810,refers_to_entertainment_or_sports,1
Disaster Tweets,disaster_tweets,disaster_04810,expresses_joke_or_sarcasm,0
Disaster Tweets,disaster_tweets,disaster_04810,discusses_non_event_context,0
Disaster Tweets,disaster_tweets,disaster_02942,mentions_disaster_type,0
Disaster Tweets,disaster_tweets,disaster_02942,reports_event_occurrence,0
Disaster Tweets,disaster_tweets,disaster_02942,describes_threat_or_danger,0
Disaster Tweets,disaster_tweets,disaster_02942,mentions_cause_or_trigger,0
Disaster Tweets,disaster_tweets,disaster_02942,mentions_location,0
Disaster Tweets,disaster_tweets,disaster_02942,mentions_time_or_recency,0
Disaster Tweets,disaster_tweets,disaster_02942,includes_source_or_report,0
Disaster Tweets,disaster_tweets,disaster_02942,first_person_witnessing,1
Disaster Tweets,disaster_tweets,disaster_02942,mentions_casualties_or_injuries,0
Disaster Tweets,disaster_tweets,disaster_02942,mentions_property_damage,0
Disaster Tweets,disaster_tweets,disaster_02942,mentions_infrastructure_disruption,0
Disaster Tweets,disaster_tweets,disaster_02942,mentions_scale_or_intensity,0
Disaster Tweets,disaster_tweets,disaster_02942,calls_for_help,0
Disaster Tweets,disaster_tweets,disaster_02942,mentions_rescue_or_emergency_services,0
Disaster Tweets,disaster_tweets,disaster_02942,mentions_evacuation_or_shelter,0
Disaster Tweets,disaster_tweets,disaster_02942,gives_safety_instruction,0
Disaster Tweets,disaster_tweets,disaster_02942,uses_metaphor_or_idiom,0
Disaster Tweets,disaster_tweets,disaster_02942,refers_to_entertainment_or_sports,1
Disaster Tweets,disaster_tweets,disaster_02942,expresses_joke_or_sarcasm,0
Disaster Tweets,disaster_tweets,disaster_02942,discusses_non_event_context,1
Disaster Tweets,disaster_tweets,disaster_01423,mentions_disaster_type,1
Disaster Tweets,disaster_tweets,disaster_01423,reports_event_occurrence,0
Disaster Tweets,disaster_tweets,disaster_01423,describes_threat_or_danger,0
Disaster Tweets,disaster_tweets,disaster_01423,mentions_cause_or_trigger,0
Disaster Tweets,disaster_tweets,disaster_01423,mentions_location,0
Disaster Tweets,disaster_tweets,disaster_01423,mentions_time_or_recency,0
Disaster Tweets,disaster_tweets,disaster_01423,includes_source_or_report,0
Disaster Tweets,disaster_tweets,disaster_01423,first_person_witnessing,0
Disaster Tweets,disaster_tweets,disaster_01423,mentions_casualties_or_injuries,0
Disaster Tweets,disaster_tweets,disaster_01423,mentions_property_damage,0
Disaster Tweets,disaster_tweets,disaster_01423,mentions_infrastructure_disruption,0
Disaster Tweets,disaster_tweets,disaster_01423,mentions_scale_or_intensity,0
Disaster Tweets,disaster_tweets,disaster_01423,calls_for_help,0
Disaster Tweets,disaster_tweets,disaster_01423,mentions_rescue_or_emergency_services,0
Disaster Tweets,disaster_tweets,disaster_01423,mentions_evacuation_or_shelter,0
Disaster Tweets,disaster_tweets,disaster_01423,gives_safety_instruction,0
Disaster Tweets,disaster_tweets,disaster_01423,uses_metaphor_or_idiom,0
Disaster Tweets,disaster_tweets,disaster_01423,refers_to_entertainment_or_sports,0
Disaster Tweets,disaster_tweets,disaster_01423,expresses_joke_or_sarcasm,0
Disaster Tweets,disaster_tweets,disaster_01423,discusses_non_event_context,1
Disaster Tweets,disaster_tweets,disaster_04246,mentions_disaster_type,0
Disaster Tweets,disaster_tweets,disaster_04246,reports_event_occurrence,0
Disaster Tweets,disaster_tweets,disaster_04246,describes_threat_or_danger,0
Disaster Tweets,disaster_tweets,disaster_04246,mentions_cause_or_trigger,0
Disaster Tweets,disaster_tweets,disaster_04246,mentions_location,0
Disaster Tweets,disaster_tweets,disaster_04246,mentions_time_or_recency,0
Disaster Tweets,disaster_tweets,disaster_04246,includes_source_or_report,0
Disaster Tweets,disaster_tweets,disaster_04246,first_person_witnessing,0
Disaster Tweets,disaster_tweets,disaster_04246,mentions_casualties_or_injuries,0
Disaster Tweets,disaster_tweets,disaster_04246,mentions_property_damage,0
Disaster Tweets,disaster_tweets,disaster_04246,mentions_infrastructure_disruption,0
Disaster Tweets,disaster_tweets,disaster_04246,mentions_scale_or_intensity,0
Disaster Tweets,disaster_tweets,disaster_04246,calls_for_help,0
Disaster Tweets,disaster_tweets,disaster_04246,mentions_rescue_or_emergency_services,0
Disaster Tweets,disaster_tweets,disaster_04246,mentions_evacuation_or_shelter,0
Disaster Tweets,disaster_tweets,disaster_04246,gives_safety_instruction,0
Disaster Tweets,disaster_tweets,disaster_04246,uses_metaphor_or_idiom,0
Disaster Tweets,disaster_tweets,disaster_04246,refers_to_entertainment_or_sports,0
Disaster Tweets,disaster_tweets,disaster_04246,expresses_joke_or_sarcasm,0
Disaster Tweets,disaster_tweets,disaster_04246,discusses_non_event_context,1
Disaster Tweets,disaster_tweets,disaster_00501,mentions_disaster_type,0
Disaster Tweets,disaster_tweets,disaster_00501,reports_event_occurrence,1
Disaster Tweets,disaster_tweets,disaster_00501,describes_threat_or_danger,1
Disaster Tweets,disaster_tweets,disaster_00501,mentions_cause_or_trigger,0
Disaster Tweets,disaster_tweets,disaster_00501,mentions_location,0
Disaster Tweets,disaster_tweets,disaster_00501,mentions_time_or_recency,0
Disaster Tweets,disaster_tweets,disaster_00501,includes_source_or_report,0
Disaster Tweets,disaster_tweets,disaster_00501,first_person_witnessing,0
Disaster Tweets,disaster_tweets,disaster_00501,mentions_casualties_or_injuries,0
Disaster Tweets,disaster_tweets,disaster_00501,mentions_property_damage,0
Disaster Tweets,disaster_tweets,disaster_00501,mentions_infrastructure_disruption,0
Disaster Tweets,disaster_tweets,disaster_00501,mentions_scale_or_intensity,0
Disaster Tweets,disaster_tweets,disaster_00501,calls_for_help,0
Disaster Tweets,disaster_tweets,disaster_00501,mentions_rescue_or_emergency_services,1
Disaster Tweets,disaster_tweets,disaster_00501,mentions_evacuation_or_shelter,0
Disaster Tweets,disaster_tweets,disaster_00501,gives_safety_instruction,0
Disaster Tweets,disaster_tweets,disaster_00501,uses_metaphor_or_idiom,1
Disaster Tweets,disaster_tweets,disaster_00501,refers_to_entertainment_or_sports,0
Disaster Tweets,disaster_tweets,disaster_00501,expresses_joke_or_sarcasm,1
Disaster Tweets,disaster_tweets,disaster_00501,discusses_non_event_context,0
Disaster Tweets,disaster_tweets,disaster_04539,mentions_disaster_type,0
Disaster Tweets,disaster_tweets,disaster_04539,reports_event_occurrence,0
Disaster Tweets,disaster_tweets,disaster_04539,describes_threat_or_danger,0
Disaster Tweets,disaster_tweets,disaster_04539,mentions_cause_or_trigger,0
Disaster Tweets,disaster_tweets,disaster_04539,mentions_location,0
Disaster Tweets,disaster_tweets,disaster_04539,mentions_time_or_recency,1
Disaster Tweets,disaster_tweets,disaster_04539,includes_source_or_report,1
Disaster Tweets,disaster_tweets,disaster_04539,first_person_witnessing,0
Disaster Tweets,disaster_tweets,disaster_04539,mentions_casualties_or_injuries,0
Disaster Tweets,disaster_tweets,disaster_04539,mentions_property_damage,0
Disaster Tweets,disaster_tweets,disaster_04539,mentions_infrastructure_disruption,0
Disaster Tweets,disaster_tweets,disaster_04539,mentions_scale_or_intensity,0
Disaster Tweets,disaster_tweets,disaster_04539,calls_for_help,0
Disaster Tweets,disaster_tweets,disaster_04539,mentions_rescue_or_emergency_services,0
Disaster Tweets,disaster_tweets,disaster_04539,mentions_evacuation_or_shelter,0
Disaster Tweets,disaster_tweets,disaster_04539,gives_safety_instruction,0
Disaster Tweets,disaster_tweets,disaster_04539,uses_metaphor_or_idiom,0
Disaster Tweets,disaster_tweets,disaster_04539,refers_to_entertainment_or_sports,1
Disaster Tweets,disaster_tweets,disaster_04539,expresses_joke_or_sarcasm,0
Disaster Tweets,disaster_tweets,disaster_04539,discusses_non_event_context,1
Disaster Tweets,disaster_tweets,disaster_03064,mentions_disaster_type,0
Disaster Tweets,disaster_tweets,disaster_03064,reports_event_occurrence,0
Disaster Tweets,disaster_tweets,disaster_03064,describes_threat_or_danger,0
Disaster Tweets,disaster_tweets,disaster_03064,mentions_cause_or_trigger,0
Disaster Tweets,disaster_tweets,disaster_03064,mentions_location,0
Disaster Tweets,disaster_tweets,disaster_03064,mentions_time_or_recency,0
Disaster Tweets,disaster_tweets,disaster_03064,includes_source_or_report,1
Disaster Tweets,disaster_tweets,disaster_03064,first_person_witnessing,0
Disaster Tweets,disaster_tweets,disaster_03064,mentions_casualties_or_injuries,0
Disaster Tweets,disaster_tweets,disaster_03064,mentions_property_damage,0
Disaster Tweets,disaster_tweets,disaster_03064,mentions_infrastructure_disruption,0
Disaster Tweets,disaster_tweets,disaster_03064,mentions_scale_or_intensity,0
Disaster Tweets,disaster_tweets,disaster_03064,calls_for_help,0
Disaster Tweets,disaster_tweets,disaster_03064,mentions_rescue_or_emergency_services,1
Disaster Tweets,disaster_tweets,disaster_03064,mentions_evacuation_or_shelter,0
Disaster Tweets,disaster_tweets,disaster_03064,gives_safety_instruction,0
Disaster Tweets,disaster_tweets,disaster_03064,uses_metaphor_or_idiom,0
Disaster Tweets,disaster_tweets,disaster_03064,refers_to_entertainment_or_sports,0
Disaster Tweets,disaster_tweets,disaster_03064,expresses_joke_or_sarcasm,0
Disaster Tweets,disaster_tweets,disaster_03064,discusses_non_event_context,1
Disaster Tweets,disaster_tweets,disaster_02494,mentions_disaster_type,0
Disaster Tweets,disaster_tweets,disaster_02494,reports_event_occurrence,1
Disaster Tweets,disaster_tweets,disaster_02494,describes_threat_or_danger,0
Disaster Tweets,disaster_tweets,disaster_02494,mentions_cause_or_trigger,0
Disaster Tweets,disaster_tweets,disaster_02494,mentions_location,1
Disaster Tweets,disaster_tweets,disaster_02494,mentions_time_or_recency,0
Disaster Tweets,disaster_tweets,disaster_02494,includes_source_or_report,0
Disaster Tweets,disaster_tweets,disaster_02494,first_person_witnessing,1
Disaster Tweets,disaster_tweets,disaster_02494,mentions_casualties_or_injuries,0
Disaster Tweets,disaster_tweets,disaster_02494,mentions_property_damage,0
Disaster Tweets,disaster_tweets,disaster_02494,mentions_infrastructure_disruption,0
Disaster Tweets,disaster_tweets,disaster_02494,mentions_scale_or_intensity,0
Disaster Tweets,disaster_tweets,disaster_02494,calls_for_help,0
Disaster Tweets,disaster_tweets,disaster_02494,mentions_rescue_or_emergency_services,0
Disaster Tweets,disaster_tweets,disaster_02494,mentions_evacuation_or_shelter,0
Disaster Tweets,disaster_tweets,disaster_02494,gives_safety_instruction,0
Disaster Tweets,disaster_tweets,disaster_02494,uses_metaphor_or_idiom,1
Disaster Tweets,disaster_tweets,disaster_02494,refers_to_entertainment_or_sports,0
Disaster Tweets,disaster_tweets,disaster_02494,expresses_joke_or_sarcasm,0
Disaster Tweets,disaster_tweets,disaster_02494,discusses_non_event_context,0
Disaster Tweets,disaster_tweets,disaster_04563,mentions_disaster_type,1
Disaster Tweets,disaster_tweets,disaster_04563,reports_event_occurrence,0
Disaster Tweets,disaster_tweets,disaster_04563,describes_threat_or_danger,0
Disaster Tweets,disaster_tweets,disaster_04563,mentions_cause_or_trigger,0
Disaster Tweets,disaster_tweets,disaster_04563,mentions_location,1
Disaster Tweets,disaster_tweets,disaster_04563,mentions_time_or_recency,1
Disaster Tweets,disaster_tweets,disaster_04563,includes_source_or_report,1
Disaster Tweets,disaster_tweets,disaster_04563,first_person_witnessing,0
Disaster Tweets,disaster_tweets,disaster_04563,mentions_casualties_or_injuries,1
Disaster Tweets,disaster_tweets,disaster_04563,mentions_property_damage,1
Disaster Tweets,disaster_tweets,disaster_04563,mentions_infrastructure_disruption,0
Disaster Tweets,disaster_tweets,disaster_04563,mentions_scale_or_intensity,0
Disaster Tweets,disaster_tweets,disaster_04563,calls_for_help,0
Disaster Tweets,disaster_tweets,disaster_04563,mentions_rescue_or_emergency_services,0
Disaster Tweets,disaster_tweets,disaster_04563,mentions_evacuation_or_shelter,0
Disaster Tweets,disaster_tweets,disaster_04563,gives_safety_instruction,0
Disaster Tweets,disaster_tweets,disaster_04563,uses_metaphor_or_idiom,0
Disaster Tweets,disaster_tweets,disaster_04563,refers_to_entertainment_or_sports,0
Disaster Tweets,disaster_tweets,disaster_04563,expresses_joke_or_sarcasm,0
Disaster Tweets,disaster_tweets,disaster_04563,discusses_non_event_context,1
Disaster Tweets,disaster_tweets,disaster_01591,mentions_disaster_type,0
Disaster Tweets,disaster_tweets,disaster_01591,reports_event_occurrence,1
Disaster Tweets,disaster_tweets,disaster_01591,describes_threat_or_danger,1
Disaster Tweets,disaster_tweets,disaster_01591,mentions_cause_or_trigger,0
Disaster Tweets,disaster_tweets,disaster_01591,mentions_location,1
Disaster Tweets,disaster_tweets,disaster_01591,mentions_time_or_recency,0
Disaster Tweets,disaster_tweets,disaster_01591,includes_source_or_report,1
Disaster Tweets,disaster_tweets,disaster_01591,first_person_witnessing,0
Disaster Tweets,disaster_tweets,disaster_01591,mentions_casualties_or_injuries,1
Disaster Tweets,disaster_tweets,disaster_01591,mentions_property_damage,1
Disaster Tweets,disaster_tweets,disaster_01591,mentions_infrastructure_disruption,1
Disaster Tweets,disaster_tweets,disaster_01591,mentions_scale_or_intensity,0
Disaster Tweets,disaster_tweets,disaster_01591,calls_for_help,0
Disaster Tweets,disaster_tweets,disaster_01591,mentions_rescue_or_emergency_services,1
Disaster Tweets,disaster_tweets,disaster_01591,mentions_evacuation_or_shelter,0
Disaster Tweets,disaster_tweets,disaster_01591,gives_safety_instruction,0
Disaster Tweets,disaster_tweets,disaster_01591,uses_metaphor_or_idiom,0
Disaster Tweets,disaster_tweets,disaster_01591,refers_to_entertainment_or_sports,0
Disaster Tweets,disaster_tweets,disaster_01591,expresses_joke_or_sarcasm,0
Disaster Tweets,disaster_tweets,disaster_01591,discusses_non_event_context,0
Disaster Tweets,disaster_tweets,disaster_00213,mentions_disaster_type,0
Disaster Tweets,disaster_tweets,disaster_00213,reports_event_occurrence,0
Disaster Tweets,disaster_tweets,disaster_00213,describes_threat_or_danger,0
Disaster Tweets,disaster_tweets,disaster_00213,mentions_cause_or_trigger,0
Disaster Tweets,disaster_tweets,disaster_00213,mentions_location,0
Disaster Tweets,disaster_tweets,disaster_00213,mentions_time_or_recency,0
Disaster Tweets,disaster_tweets,disaster_00213,includes_source_or_report,0
Disaster Tweets,disaster_tweets,disaster_00213,first_person_witnessing,0
Disaster Tweets,disaster_tweets,disaster_00213,mentions_casualties_or_injuries,0
Disaster Tweets,disaster_tweets,disaster_00213,mentions_property_damage,0
Disaster Tweets,disaster_tweets,disaster_00213,mentions_infrastructure_disruption,0
Disaster Tweets,disaster_tweets,disaster_00213,mentions_scale_or_intensity,0
Disaster Tweets,disaster_tweets,disaster_00213,calls_for_help,0
Disaster Tweets,disaster_tweets,disaster_00213,mentions_rescue_or_emergency_services,0
Disaster Tweets,disaster_tweets,disaster_00213,mentions_evacuation_or_shelter,0
Disaster Tweets,disaster_tweets,disaster_00213,gives_safety_instruction,0
Disaster Tweets,disaster_tweets,disaster_00213,uses_metaphor_or_idiom,0
Disaster Tweets,disaster_tweets,disaster_00213,refers_to_entertainment_or_sports,1
Disaster Tweets,disaster_tweets,disaster_00213,expresses_joke_or_sarcasm,0
Disaster Tweets,disaster_tweets,disaster_00213,discusses_non_event_context,1
Disaster Tweets,disaster_tweets,disaster_03470,mentions_disaster_type,0
Disaster Tweets,disaster_tweets,disaster_03470,reports_event_occurrence,0
Disaster Tweets,disaster_tweets,disaster_03470,describes_threat_or_danger,0
Disaster Tweets,disaster_tweets,disaster_03470,mentions_cause_or_trigger,0
Disaster Tweets,disaster_tweets,disaster_03470,mentions_location,0
Disaster Tweets,disaster_tweets,disaster_03470,mentions_time_or_recency,0
Disaster Tweets,disaster_tweets,disaster_03470,includes_source_or_report,0
Disaster Tweets,disaster_tweets,disaster_03470,first_person_witnessing,0
Disaster Tweets,disaster_tweets,disaster_03470,mentions_casualties_or_injuries,0
Disaster Tweets,disaster_tweets,disaster_03470,mentions_property_damage,0
Disaster Tweets,disaster_tweets,disaster_03470,mentions_infrastructure_disruption,0
Disaster Tweets,disaster_tweets,disaster_03470,mentions_scale_or_intensity,0
Disaster Tweets,disaster_tweets,disaster_03470,calls_for_help,0
Disaster Tweets,disaster_tweets,disaster_03470,mentions_rescue_or_emergency_services,0
Disaster Tweets,disaster_tweets,disaster_03470,mentions_evacuation_or_shelter,0
Disaster Tweets,disaster_tweets,disaster_03470,gives_safety_instruction,0
Disaster Tweets,disaster_tweets,disaster_03470,uses_metaphor_or_idiom,0
Disaster Tweets,disaster_tweets,disaster_03470,refers_to_entertainment_or_sports,1
Disaster Tweets,disaster_tweets,disaster_03470,expresses_joke_or_sarcasm,0
Disaster Tweets,disaster_tweets,disaster_03470,discusses_non_event_context,1
Disaster Tweets,disaster_tweets,disaster_00575,mentions_disaster_type,1
Disaster Tweets,disaster_tweets,disaster_00575,reports_event_occurrence,0
Disaster Tweets,disaster_tweets,disaster_00575,describes_threat_or_danger,0
Disaster Tweets,disaster_tweets,disaster_00575,mentions_cause_or_trigger,0
Disaster Tweets,disaster_tweets,disaster_00575,mentions_location,0
Disaster Tweets,disaster_tweets,disaster_00575,mentions_time_or_recency,1
Disaster Tweets,disaster_tweets,disaster_00575,includes_source_or_report,0
Disaster Tweets,disaster_tweets,disaster_00575,first_person_witnessing,0
Disaster Tweets,disaster_tweets,disaster_00575,mentions_casualties_or_injuries,0
Disaster Tweets,disaster_tweets,disaster_00575,mentions_property_damage,0
Disaster Tweets,disaster_tweets,disaster_00575,mentions_infrastructure_disruption,0
Disaster Tweets,disaster_tweets,disaster_00575,mentions_scale_or_intensity,0
Disaster Tweets,disaster_tweets,disaster_00575,calls_for_help,0
Disaster Tweets,disaster_tweets,disaster_00575,mentions_rescue_or_emergency_services,0
Disaster Tweets,disaster_tweets,disaster_00575,mentions_evacuation_or_shelter,0
Disaster Tweets,disaster_tweets,disaster_00575,gives_safety_instruction,0
Disaster Tweets,disaster_tweets,disaster_00575,uses_metaphor_or_idiom,1
Disaster Tweets,disaster_tweets,disaster_00575,refers_to_entertainment_or_sports,0
Disaster Tweets,disaster_tweets,disaster_00575,expresses_joke_or_sarcasm,0
Disaster Tweets,disaster_tweets,disaster_00575,discusses_non_event_context,1
Disaster Tweets,disaster_tweets,disaster_01190,mentions_disaster_type,0
Disaster Tweets,disaster_tweets,disaster_01190,reports_event_occurrence,0
Disaster Tweets,disaster_tweets,disaster_01190,describes_threat_or_danger,0
Disaster Tweets,disaster_tweets,disaster_01190,mentions_cause_or_trigger,0
Disaster Tweets,disaster_tweets,disaster_01190,mentions_location,0
Disaster Tweets,disaster_tweets,disaster_01190,mentions_time_or_recency,0
Disaster Tweets,disaster_tweets,disaster_01190,includes_source_or_report,0
Disaster Tweets,disaster_tweets,disaster_01190,first_person_witnessing,0
Disaster Tweets,disaster_tweets,disaster_01190,mentions_casualties_or_injuries,0
Disaster Tweets,disaster_tweets,disaster_01190,mentions_property_damage,0
Disaster Tweets,disaster_tweets,disaster_01190,mentions_infrastructure_disruption,0
Disaster Tweets,disaster_tweets,disaster_01190,mentions_scale_or_intensity,0
Disaster Tweets,disaster_tweets,disaster_01190,calls_for_help,0
Disaster Tweets,disaster_tweets,disaster_01190,mentions_rescue_or_emergency_services,0
Disaster Tweets,disaster_tweets,disaster_01190,mentions_evacuation_or_shelter,0
Disaster Tweets,disaster_tweets,disaster_01190,gives_safety_instruction,0
Disaster Tweets,disaster_tweets,disaster_01190,uses_metaphor_or_idiom,0
Disaster Tweets,disaster_tweets,disaster_01190,refers_to_entertainment_or_sports,1
Disaster Tweets,disaster_tweets,disaster_01190,expresses_joke_or_sarcasm,0
Disaster Tweets,disaster_tweets,disaster_01190,discusses_non_event_context,1
Disaster Tweets,disaster_tweets,disaster_03277,mentions_disaster_type,0
Disaster Tweets,disaster_tweets,disaster_03277,reports_event_occurrence,1
Disaster Tweets,disaster_tweets,disaster_03277,describes_threat_or_danger,0
Disaster Tweets,disaster_tweets,disaster_03277,mentions_cause_or_trigger,0
Disaster Tweets,disaster_tweets,disaster_03277,mentions_location,0
Disaster Tweets,disaster_tweets,disaster_03277,mentions_time_or_recency,0
Disaster Tweets,disaster_tweets,disaster_03277,includes_source_or_report,0
Disaster Tweets,disaster_tweets,disaster_03277,first_person_witnessing,1
Disaster Tweets,disaster_tweets,disaster_03277,mentions_casualties_or_injuries,0
Disaster Tweets,disaster_tweets,disaster_03277,mentions_property_damage,0
Disaster Tweets,disaster_tweets,disaster_03277,mentions_infrastructure_disruption,0
Disaster Tweets,disaster_tweets,disaster_03277,mentions_scale_or_intensity,0
Disaster Tweets,disaster_tweets,disaster_03277,calls_for_help,0
Disaster Tweets,disaster_tweets,disaster_03277,mentions_rescue_or_emergency_services,0
Disaster Tweets,disaster_tweets,disaster_03277,mentions_evacuation_or_shelter,0
Disaster Tweets,disaster_tweets,disaster_03277,gives_safety_instruction,0
Disaster Tweets,disaster_tweets,disaster_03277,uses_metaphor_or_idiom,1
Disaster Tweets,disaster_tweets,disaster_03277,refers_to_entertainment_or_sports,0
Disaster Tweets,disaster_tweets,disaster_03277,expresses_joke_or_sarcasm,0
Disaster Tweets,disaster_tweets,disaster_03277,discusses_non_event_context,1
Disaster Tweets,disaster_tweets,disaster_01887,mentions_disaster_type,1
Disaster Tweets,disaster_tweets,disaster_01887,reports_event_occurrence,1
Disaster Tweets,disaster_tweets,disaster_01887,describes_threat_or_danger,0
Disaster Tweets,disaster_tweets,disaster_01887,mentions_cause_or_trigger,1
Disaster Tweets,disaster_tweets,disaster_01887,mentions_location,0
Disaster Tweets,disaster_tweets,disaster_01887,mentions_time_or_recency,1
Disaster Tweets,disaster_tweets,disaster_01887,includes_source_or_report,0
Disaster Tweets,disaster_tweets,disaster_01887,first_person_witnessing,1
Disaster Tweets,disaster_tweets,disaster_01887,mentions_casualties_or_injuries,0
Disaster Tweets,disaster_tweets,disaster_01887,mentions_property_damage,1
Disaster Tweets,disaster_tweets,disaster_01887,mentions_infrastructure_disruption,0
Disaster Tweets,disaster_tweets,disaster_01887,mentions_scale_or_intensity,0
Disaster Tweets,disaster_tweets,disaster_01887,calls_for_help,0
Disaster Tweets,disaster_tweets,disaster_01887,mentions_rescue_or_emergency_services,0
Disaster Tweets,disaster_tweets,disaster_01887,mentions_evacuation_or_shelter,0
Disaster Tweets,disaster_tweets,disaster_01887,gives_safety_instruction,0
Disaster Tweets,disaster_tweets,disaster_01887,uses_metaphor_or_idiom,0
Disaster Tweets,disaster_tweets,disaster_01887,refers_to_entertainment_or_sports,0
Disaster Tweets,disaster_tweets,disaster_01887,expresses_joke_or_sarcasm,0
Disaster Tweets,disaster_tweets,disaster_01887,discusses_non_event_context,0
Disaster Tweets,disaster_tweets,disaster_03751,mentions_disaster_type,1
Disaster Tweets,disaster_tweets,disaster_03751,reports_event_occurrence,0
Disaster Tweets,disaster_tweets,disaster_03751,describes_threat_or_danger,0
Disaster Tweets,disaster_tweets,disaster_03751,mentions_cause_or_trigger,0
Disaster Tweets,disaster_tweets,disaster_03751,mentions_location,0
Disaster Tweets,disaster_tweets,disaster_03751,mentions_time_or_recency,1
Disaster Tweets,disaster_tweets,disaster_03751,includes_source_or_report,0
Disaster Tweets,disaster_tweets,disaster_03751,first_person_witnessing,1
Disaster Tweets,disaster_tweets,disaster_03751,mentions_casualties_or_injuries,0
Disaster Tweets,disaster_tweets,disaster_03751,mentions_property_damage,0
Disaster Tweets,disaster_tweets,disaster_03751,mentions_infrastructure_disruption,0
Disaster Tweets,disaster_tweets,disaster_03751,mentions_scale_or_intensity,0
Disaster Tweets,disaster_tweets,disaster_03751,calls_for_help,0
Disaster Tweets,disaster_tweets,disaster_03751,mentions_rescue_or_emergency_services,0
Disaster Tweets,disaster_tweets,disaster_03751,mentions_evacuation_or_shelter,0
Disaster Tweets,disaster_tweets,disaster_03751,gives_safety_instruction,0
Disaster Tweets,disaster_tweets,disaster_03751,uses_metaphor_or_idiom,1
Disaster Tweets,disaster_tweets,disaster_03751,refers_to_entertainment_or_sports,1
Disaster Tweets,disaster_tweets,disaster_03751,expresses_joke_or_sarcasm,0
Disaster Tweets,disaster_tweets,disaster_03751,discusses_non_event_context,1
Disaster Tweets,disaster_tweets,disaster_01330,mentions_disaster_type,0
Disaster Tweets,disaster_tweets,disaster_01330,reports_event_occurrence,0
Disaster Tweets,disaster_tweets,disaster_01330,describes_threat_or_danger,0
Disaster Tweets,disaster_tweets,disaster_01330,mentions_cause_or_trigger,0
Disaster Tweets,disaster_tweets,disaster_01330,mentions_location,1
Disaster Tweets,disaster_tweets,disaster_01330,mentions_time_or_recency,0
Disaster Tweets,disaster_tweets,disaster_01330,includes_source_or_report,0
Disaster Tweets,disaster_tweets,disaster_01330,first_person_witnessing,0
Disaster Tweets,disaster_tweets,disaster_01330,mentions_casualties_or_injuries,1
Disaster Tweets,disaster_tweets,disaster_01330,mentions_property_damage,0
Disaster Tweets,disaster_tweets,disaster_01330,mentions_infrastructure_disruption,0
Disaster Tweets,disaster_tweets,disaster_01330,mentions_scale_or_intensity,1
Disaster Tweets,disaster_tweets,disaster_01330,calls_for_help,0
Disaster Tweets,disaster_tweets,disaster_01330,mentions_rescue_or_emergency_services,0
Disaster Tweets,disaster_tweets,disaster_01330,mentions_evacuation_or_shelter,0
Disaster Tweets,disaster_tweets,disaster_01330,gives_safety_instruction,0
Disaster Tweets,disaster_tweets,disaster_01330,uses_metaphor_or_idiom,0
Disaster Tweets,disaster_tweets,disaster_01330,refers_to_entertainment_or_sports,0
Disaster Tweets,disaster_tweets,disaster_01330,expresses_joke_or_sarcasm,0
Disaster Tweets,disaster_tweets,disaster_01330,discusses_non_event_context,1
Disaster Tweets,disaster_tweets,disaster_03363,mentions_disaster_type,1
Disaster Tweets,disaster_tweets,disaster_03363,reports_event_occurrence,0
Disaster Tweets,disaster_tweets,disaster_03363,describes_threat_or_danger,0
Disaster Tweets,disaster_tweets,disaster_03363,mentions_cause_or_trigger,0
Disaster Tweets,disaster_tweets,disaster_03363,mentions_location,0
Disaster Tweets,disaster_tweets,disaster_03363,mentions_time_or_recency,0
Disaster Tweets,disaster_tweets,disaster_03363,includes_source_or_report,0
Disaster Tweets,disaster_tweets,disaster_03363,first_person_witnessing,0
Disaster Tweets,disaster_tweets,disaster_03363,mentions_casualties_or_injuries,0
Disaster Tweets,disaster_tweets,disaster_03363,mentions_property_damage,0
Disaster Tweets,disaster_tweets,disaster_03363,mentions_infrastructure_disruption,0
Disaster Tweets,disaster_tweets,disaster_03363,mentions_scale_or_intensity,1
Disaster Tweets,disaster_tweets,disaster_03363,calls_for_help,0
Disaster Tweets,disaster_tweets,disaster_03363,mentions_rescue_or_emergency_services,0
Disaster Tweets,disaster_tweets,disaster_03363,mentions_evacuation_or_shelter,0
Disaster Tweets,disaster_tweets,disaster_03363,gives_safety_instruction,0
Disaster Tweets,disaster_tweets,disaster_03363,uses_metaphor_or_idiom,0
Disaster Tweets,disaster_tweets,disaster_03363,refers_to_entertainment_or_sports,0
Disaster Tweets,disaster_tweets,disaster_03363,expresses_joke_or_sarcasm,0
Disaster Tweets,disaster_tweets,disaster_03363,discusses_non_event_context,1
Disaster Tweets,disaster_tweets,disaster_02901,mentions_disaster_type,1
Disaster Tweets,disaster_tweets,disaster_02901,reports_event_occurrence,1
Disaster Tweets,disaster_tweets,disaster_02901,describes_threat_or_danger,1
Disaster Tweets,disaster_tweets,disaster_02901,mentions_cause_or_trigger,0
Disaster Tweets,disaster_tweets,disaster_02901,mentions_location,0
Disaster Tweets,disaster_tweets,disaster_02901,mentions_time_or_recency,0
Disaster Tweets,disaster_tweets,disaster_02901,includes_source_or_report,1
Disaster Tweets,disaster_tweets,disaster_02901,first_person_witnessing,0
Disaster Tweets,disaster_tweets,disaster_02901,mentions_casualties_or_injuries,0
Disaster Tweets,disaster_tweets,disaster_02901,mentions_property_damage,0
Disaster Tweets,disaster_tweets,disaster_02901,mentions_infrastructure_disruption,0
Disaster Tweets,disaster_tweets,disaster_02901,mentions_scale_or_intensity,0
Disaster Tweets,disaster_tweets,disaster_02901,calls_for_help,0
Disaster Tweets,disaster_tweets,disaster_02901,mentions_rescue_or_emergency_services,0
Disaster Tweets,disaster_tweets,disaster_02901,mentions_evacuation_or_shelter,0
Disaster Tweets,disaster_tweets,disaster_02901,gives_safety_instruction,1
Disaster Tweets,disaster_tweets,disaster_02901,uses_metaphor_or_idiom,0
Disaster Tweets,disaster_tweets,disaster_02901,refers_to_entertainment_or_sports,0
Disaster Tweets,disaster_tweets,disaster_02901,expresses_joke_or_sarcasm,0
Disaster Tweets,disaster_tweets,disaster_02901,discusses_non_event_context,0
Disaster Tweets,disaster_tweets,disaster_01312,mentions_disaster_type,0
Disaster Tweets,disaster_tweets,disaster_01312,reports_event_occurrence,1
Disaster Tweets,disaster_tweets,disaster_01312,describes_threat_or_danger,1
Disaster Tweets,disaster_tweets,disaster_01312,mentions_cause_or_trigger,1
Disaster Tweets,disaster_tweets,disaster_01312,mentions_location,1
Disaster Tweets,disaster_tweets,disaster_01312,mentions_time_or_recency,1
Disaster Tweets,disaster_tweets,disaster_01312,includes_source_or_report,1
Disaster Tweets,disaster_tweets,disaster_01312,first_person_witnessing,0
Disaster Tweets,disaster_tweets,disaster_01312,mentions_casualties_or_injuries,1
Disaster Tweets,disaster_tweets,disaster_01312,mentions_property_damage,1
Disaster Tweets,disaster_tweets,disaster_01312,mentions_infrastructure_disruption,1
Disaster Tweets,disaster_tweets,disaster_01312,mentions_scale_or_intensity,0
Disaster Tweets,disaster_tweets,disaster_01312,calls_for_help,0
Disaster Tweets,disaster_tweets,disaster_01312,mentions_rescue_or_emergency_services,1
Disaster Tweets,disaster_tweets,disaster_01312,mentions_evacuation_or_shelter,0
Disaster Tweets,disaster_tweets,disaster_01312,gives_safety_instruction,1
Disaster Tweets,disaster_tweets,disaster_01312,uses_metaphor_or_idiom,0
Disaster Tweets,disaster_tweets,disaster_01312,refers_to_entertainment_or_sports,0
Disaster Tweets,disaster_tweets,disaster_01312,expresses_joke_or_sarcasm,0
Disaster Tweets,disaster_tweets,disaster_01312,discusses_non_event_context,0
Disaster Tweets,disaster_tweets,disaster_03573,mentions_disaster_type,1
Disaster Tweets,disaster_tweets,disaster_03573,reports_event_occurrence,1
Disaster Tweets,disaster_tweets,disaster_03573,describes_threat_or_danger,0
Disaster Tweets,disaster_tweets,disaster_03573,mentions_cause_or_trigger,0
Disaster Tweets,disaster_tweets,disaster_03573,mentions_location,1
Disaster Tweets,disaster_tweets,disaster_03573,mentions_time_or_recency,0
Disaster Tweets,disaster_tweets,disaster_03573,includes_source_or_report,0
Disaster Tweets,disaster_tweets,disaster_03573,first_person_witnessing,1
Disaster Tweets,disaster_tweets,disaster_03573,mentions_casualties_or_injuries,0
Disaster Tweets,disaster_tweets,disaster_03573,mentions_property_damage,0
Disaster Tweets,disaster_tweets,disaster_03573,mentions_infrastructure_disruption,0
Disaster Tweets,disaster_tweets,disaster_03573,mentions_scale_or_intensity,0
Disaster Tweets,disaster_tweets,disaster_03573,calls_for_help,0
Disaster Tweets,disaster_tweets,disaster_03573,mentions_rescue_or_emergency_services,0
Disaster Tweets,disaster_tweets,disaster_03573,mentions_evacuation_or_shelter,0
Disaster Tweets,disaster_tweets,disaster_03573,gives_safety_instruction,0
Disaster Tweets,disaster_tweets,disaster_03573,uses_metaphor_or_idiom,1
Disaster Tweets,disaster_tweets,disaster_03573,refers_to_entertainment_or_sports,0
Disaster Tweets,disaster_tweets,disaster_03573,expresses_joke_or_sarcasm,0
Disaster Tweets,disaster_tweets,disaster_03573,discusses_non_event_context,1
Disaster Tweets,disaster_tweets,disaster_03745,mentions_disaster_type,1
Disaster Tweets,disaster_tweets,disaster_03745,reports_event_occurrence,0
Disaster Tweets,disaster_tweets,disaster_03745,describes_threat_or_danger,0
Disaster Tweets,disaster_tweets,disaster_03745,mentions_cause_or_trigger,0
Disaster Tweets,disaster_tweets,disaster_03745,mentions_location,0
Disaster Tweets,disaster_tweets,disaster_03745,mentions_time_or_recency,0
Disaster Tweets,disaster_tweets,disaster_03745,includes_source_or_report,0
Disaster Tweets,disaster_tweets,disaster_03745,first_person_witnessing,0
Disaster Tweets,disaster_tweets,disaster_03745,mentions_casualties_or_injuries,0
Disaster Tweets,disaster_tweets,disaster_03745,mentions_property_damage,0
Disaster Tweets,disaster_tweets,disaster_03745,mentions_infrastructure_disruption,0
Disaster Tweets,disaster_tweets,disaster_03745,mentions_scale_or_intensity,0
Disaster Tweets,disaster_tweets,disaster_03745,calls_for_help,0
Disaster Tweets,disaster_tweets,disaster_03745,mentions_rescue_or_emergency_services,0
Disaster Tweets,disaster_tweets,disaster_03745,mentions_evacuation_or_shelter,0
Disaster Tweets,disaster_tweets,disaster_03745,gives_safety_instruction,0
Disaster Tweets,disaster_tweets,disaster_03745,uses_metaphor_or_idiom,0
Disaster Tweets,disaster_tweets,disaster_03745,refers_to_entertainment_or_sports,0
Disaster Tweets,disaster_tweets,disaster_03745,expresses_joke_or_sarcasm,1
Disaster Tweets,disaster_tweets,disaster_03745,discusses_non_event_context,1
Disaster Tweets,disaster_tweets,disaster_00553,mentions_disaster_type,1
Disaster Tweets,disaster_tweets,disaster_00553,reports_event_occurrence,0
Disaster Tweets,disaster_tweets,disaster_00553,describes_threat_or_danger,0
Disaster Tweets,disaster_tweets,disaster_00553,mentions_cause_or_trigger,0
Disaster Tweets,disaster_tweets,disaster_00553,mentions_location,1
Disaster Tweets,disaster_tweets,disaster_00553,mentions_time_or_recency,1
Disaster Tweets,disaster_tweets,disaster_00553,includes_source_or_report,0
Disaster Tweets,disaster_tweets,disaster_00553,first_person_witnessing,1
Disaster Tweets,disaster_tweets,disaster_00553,mentions_casualties_or_injuries,0
Disaster Tweets,disaster_tweets,disaster_00553,mentions_property_damage,0
Disaster Tweets,disaster_tweets,disaster_00553,mentions_infrastructure_disruption,0
Disaster Tweets,disaster_tweets,disaster_00553,mentions_scale_or_intensity,0
Disaster Tweets,disaster_tweets,disaster_00553,calls_for_help,0
Disaster Tweets,disaster_tweets,disaster_00553,mentions_rescue_or_emergency_services,0
Disaster Tweets,disaster_tweets,disaster_00553,mentions_evacuation_or_shelter,0
Disaster Tweets,disaster_tweets,disaster_00553,gives_safety_instruction,0
Disaster Tweets,disaster_tweets,disaster_00553,uses_metaphor_or_idiom,0
Disaster Tweets,disaster_tweets,disaster_00553,refers_to_entertainment_or_sports,1
Disaster Tweets,disaster_tweets,disaster_00553,expresses_joke_or_sarcasm,0
Disaster Tweets,disaster_tweets,disaster_00553,discusses_non_event_context,1
Disaster Tweets,disaster_tweets,disaster_00817,mentions_disaster_type,0
Disaster Tweets,disaster_tweets,disaster_00817,reports_event_occurrence,0
Disaster Tweets,disaster_tweets,disaster_00817,describes_threat_or_danger,0
Disaster Tweets,disaster_tweets,disaster_00817,mentions_cause_or_trigger,0
Disaster Tweets,disaster_tweets,disaster_00817,mentions_location,1
Disaster Tweets,disaster_tweets,disaster_00817,mentions_time_or_recency,0
Disaster Tweets,disaster_tweets,disaster_00817,includes_source_or_report,1
Disaster Tweets,disaster_tweets,disaster_00817,first_person_witnessing,0
Disaster Tweets,disaster_tweets,disaster_00817,mentions_casualties_or_injuries,0
Disaster Tweets,disaster_tweets,disaster_00817,mentions_property_damage,0
Disaster Tweets,disaster_tweets,disaster_00817,mentions_infrastructure_disruption,0
Disaster Tweets,disaster_tweets,disaster_00817,mentions_scale_or_intensity,1
Disaster Tweets,disaster_tweets,disaster_00817,calls_for_help,0
Disaster Tweets,disaster_tweets,disaster_00817,mentions_rescue_or_emergency_services,0
Disaster Tweets,disaster_tweets,disaster_00817,mentions_evacuation_or_shelter,0
Disaster Tweets,disaster_tweets,disaster_00817,gives_safety_instruction,0
Disaster Tweets,disaster_tweets,disaster_00817,uses_metaphor_or_idiom,1
Disaster Tweets,disaster_tweets,disaster_00817,refers_to_entertainment_or_sports,0
Disaster Tweets,disaster_tweets,disaster_00817,expresses_joke_or_sarcasm,0
Disaster Tweets,disaster_tweets,disaster_00817,discusses_non_event_context,1
Disaster Tweets,disaster_tweets,disaster_01635,mentions_disaster_type,0
Disaster Tweets,disaster_tweets,disaster_01635,reports_event_occurrence,0
Disaster Tweets,disaster_tweets,disaster_01635,describes_threat_or_danger,0
Disaster Tweets,disaster_tweets,disaster_01635,mentions_cause_or_trigger,0
Disaster Tweets,disaster_tweets,disaster_01635,mentions_location,0
Disaster Tweets,disaster_tweets,disaster_01635,mentions_time_or_recency,0
Disaster Tweets,disaster_tweets,disaster_01635,includes_source_or_report,1
Disaster Tweets,disaster_tweets,disaster_01635,first_person_witnessing,0
Disaster Tweets,disaster_tweets,disaster_01635,mentions_casualties_or_injuries,1
Disaster Tweets,disaster_tweets,disaster_01635,mentions_property_damage,0
Disaster Tweets,disaster_tweets,disaster_01635,mentions_infrastructure_disruption,0
Disaster Tweets,disaster_tweets,disaster_01635,mentions_scale_or_intensity,1
Disaster Tweets,disaster_tweets,disaster_01635,calls_for_help,0
Disaster Tweets,disaster_tweets,disaster_01635,mentions_rescue_or_emergency_services,1
Disaster Tweets,disaster_tweets,disaster_01635,mentions_evacuation_or_shelter,0
Disaster Tweets,disaster_tweets,disaster_01635,gives_safety_instruction,0
Disaster Tweets,disaster_tweets,disaster_01635,uses_metaphor_or_idiom,0
Disaster Tweets,disaster_tweets,disaster_01635,refers_to_entertainment_or_sports,1
Disaster Tweets,disaster_tweets,disaster_01635,expresses_joke_or_sarcasm,0
Disaster Tweets,disaster_tweets,disaster_01635,discusses_non_event_context,1
Disaster Tweets,disaster_tweets,disaster_00295,mentions_disaster_type,0
Disaster Tweets,disaster_tweets,disaster_00295,reports_event_occurrence,0
Disaster Tweets,disaster_tweets,disaster_00295,describes_threat_or_danger,0
Disaster Tweets,disaster_tweets,disaster_00295,mentions_cause_or_trigger,0
Disaster Tweets,disaster_tweets,disaster_00295,mentions_location,1
Disaster Tweets,disaster_tweets,disaster_00295,mentions_time_or_recency,1
Disaster Tweets,disaster_tweets,disaster_00295,includes_source_or_report,1
Disaster Tweets,disaster_tweets,disaster_00295,first_person_witnessing,1
Disaster Tweets,disaster_tweets,disaster_00295,mentions_casualties_or_injuries,0
Disaster Tweets,disaster_tweets,disaster_00295,mentions_property_damage,1
Disaster Tweets,disaster_tweets,disaster_00295,mentions_infrastructure_disruption,0
Disaster Tweets,disaster_tweets,disaster_00295,mentions_scale_or_intensity,0
Disaster Tweets,disaster_tweets,disaster_00295,calls_for_help,0
Disaster Tweets,disaster_tweets,disaster_00295,mentions_rescue_or_emergency_services,0
Disaster Tweets,disaster_tweets,disaster_00295,mentions_evacuation_or_shelter,0
Disaster Tweets,disaster_tweets,disaster_00295,gives_safety_instruction,0
Disaster Tweets,disaster_tweets,disaster_00295,uses_metaphor_or_idiom,0
Disaster Tweets,disaster_tweets,disaster_00295,refers_to_entertainment_or_sports,0
Disaster Tweets,disaster_tweets,disaster_00295,expresses_joke_or_sarcasm,0
Disaster Tweets,disaster_tweets,disaster_00295,discusses_non_event_context,1
Disaster Tweets,disaster_tweets,disaster_04883,mentions_disaster_type,0
Disaster Tweets,disaster_tweets,disaster_04883,reports_event_occurrence,0
Disaster Tweets,disaster_tweets,disaster_04883,describes_threat_or_danger,0
Disaster Tweets,disaster_tweets,disaster_04883,mentions_cause_or_trigger,0
Disaster Tweets,disaster_tweets,disaster_04883,mentions_location,0
Disaster Tweets,disaster_tweets,disaster_04883,mentions_time_or_recency,0
Disaster Tweets,disaster_tweets,disaster_04883,includes_source_or_report,0
Disaster Tweets,disaster_tweets,disaster_04883,first_person_witnessing,0
Disaster Tweets,disaster_tweets,disaster_04883,mentions_casualties_or_injuries,0
Disaster Tweets,disaster_tweets,disaster_04883,mentions_property_damage,0
Disaster Tweets,disaster_tweets,disaster_04883,mentions_infrastructure_disruption,0
Disaster Tweets,disaster_tweets,disaster_04883,mentions_scale_or_intensity,0
Disaster Tweets,disaster_tweets,disaster_04883,calls_for_help,0
Disaster Tweets,disaster_tweets,disaster_04883,mentions_rescue_or_emergency_services,0
Disaster Tweets,disaster_tweets,disaster_04883,mentions_evacuation_or_shelter,0
Disaster Tweets,disaster_tweets,disaster_04883,gives_safety_instruction,0
Disaster Tweets,disaster_tweets,disaster_04883,uses_metaphor_or_idiom,1
Disaster Tweets,disaster_tweets,disaster_04883,refers_to_entertainment_or_sports,1
Disaster Tweets,disaster_tweets,disaster_04883,expresses_joke_or_sarcasm,1
Disaster Tweets,disaster_tweets,disaster_04883,discusses_non_event_context,1
Disaster Tweets,disaster_tweets,disaster_04061,mentions_disaster_type,1
Disaster Tweets,disaster_tweets,disaster_04061,reports_event_occurrence,1
Disaster Tweets,disaster_tweets,disaster_04061,describes_threat_or_danger,1
Disaster Tweets,disaster_tweets,disaster_04061,mentions_cause_or_trigger,0
Disaster Tweets,disaster_tweets,disaster_04061,mentions_location,1
Disaster Tweets,disaster_tweets,disaster_04061,mentions_time_or_recency,1
Disaster Tweets,disaster_tweets,disaster_04061,includes_source_or_report,1
Disaster Tweets,disaster_tweets,disaster_04061,first_person_witnessing,1
Disaster Tweets,disaster_tweets,disaster_04061,mentions_casualties_or_injuries,0
Disaster Tweets,disaster_tweets,disaster_04061,mentions_property_damage,0
Disaster Tweets,disaster_tweets,disaster_04061,mentions_infrastructure_disruption,0
Disaster Tweets,disaster_tweets,disaster_04061,mentions_scale_or_intensity,0
Disaster Tweets,disaster_tweets,disaster_04061,calls_for_help,0
Disaster Tweets,disaster_tweets,disaster_04061,mentions_rescue_or_emergency_services,0
Disaster Tweets,disaster_tweets,disaster_04061,mentions_evacuation_or_shelter,0
Disaster Tweets,disaster_tweets,disaster_04061,gives_safety_instruction,0
Disaster Tweets,disaster_tweets,disaster_04061,uses_metaphor_or_idiom,0
Disaster Tweets,disaster_tweets,disaster_04061,refers_to_entertainment_or_sports,0
Disaster Tweets,disaster_tweets,disaster_04061,expresses_joke_or_sarcasm,0
Disaster Tweets,disaster_tweets,disaster_04061,discusses_non_event_context,0
Disaster Tweets,disaster_tweets,disaster_02480,mentions_disaster_type,0
Disaster Tweets,disaster_tweets,disaster_02480,reports_event_occurrence,0
Disaster Tweets,disaster_tweets,disaster_02480,describes_threat_or_danger,0
Disaster Tweets,disaster_tweets,disaster_02480,mentions_cause_or_trigger,0
Disaster Tweets,disaster_tweets,disaster_02480,mentions_location,0
Disaster Tweets,disaster_tweets,disaster_02480,mentions_time_or_recency,0
Disaster Tweets,disaster_tweets,disaster_02480,includes_source_or_report,0
Disaster Tweets,disaster_tweets,disaster_02480,first_person_witnessing,0
Disaster Tweets,disaster_tweets,disaster_02480,mentions_casualties_or_injuries,0
Disaster Tweets,disaster_tweets,disaster_02480,mentions_property_damage,0
Disaster Tweets,disaster_tweets,disaster_02480,mentions_infrastructure_disruption,0
Disaster Tweets,disaster_tweets,disaster_02480,mentions_scale_or_intensity,0
Disaster Tweets,disaster_tweets,disaster_02480,calls_for_help,0
Disaster Tweets,disaster_tweets,disaster_02480,mentions_rescue_or_emergency_services,0
Disaster Tweets,disaster_tweets,disaster_02480,mentions_evacuation_or_shelter,0
Disaster Tweets,disaster_tweets,disaster_02480,gives_safety_instruction,0
Disaster Tweets,disaster_tweets,disaster_02480,uses_metaphor_or_idiom,0
Disaster Tweets,disaster_tweets,disaster_02480,refers_to_entertainment_or_sports,1
Disaster Tweets,disaster_tweets,disaster_02480,expresses_joke_or_sarcasm,0
Disaster Tweets,disaster_tweets,disaster_02480,discusses_non_event_context,1
Disaster Tweets,disaster_tweets,disaster_01934,mentions_disaster_type,1
Disaster Tweets,disaster_tweets,disaster_01934,reports_event_occurrence,1
Disaster Tweets,disaster_tweets,disaster_01934,describes_threat_or_danger,1
Disaster Tweets,disaster_tweets,disaster_01934,mentions_cause_or_trigger,0
Disaster Tweets,disaster_tweets,disaster_01934,mentions_location,1
Disaster Tweets,disaster_tweets,disaster_01934,mentions_time_or_recency,1
Disaster Tweets,disaster_tweets,disaster_01934,includes_source_or_report,0
Disaster Tweets,disaster_tweets,disaster_01934,first_person_witnessing,1
Disaster Tweets,disaster_tweets,disaster_01934,mentions_casualties_or_injuries,0
Disaster Tweets,disaster_tweets,disaster_01934,mentions_property_damage,0
Disaster Tweets,disaster_tweets,disaster_01934,mentions_infrastructure_disruption,0
Disaster Tweets,disaster_tweets,disaster_01934,mentions_scale_or_intensity,1
Disaster Tweets,disaster_tweets,disaster_01934,calls_for_help,0
Disaster Tweets,disaster_tweets,disaster_01934,mentions_rescue_or_emergency_services,0
Disaster Tweets,disaster_tweets,disaster_01934,mentions_evacuation_or_shelter,0
Disaster Tweets,disaster_tweets,disaster_01934,gives_safety_instruction,0
Disaster Tweets,disaster_tweets,disaster_01934,uses_metaphor_or_idiom,0
Disaster Tweets,disaster_tweets,disaster_01934,refers_to_entertainment_or_sports,0
Disaster Tweets,disaster_tweets,disaster_01934,expresses_joke_or_sarcasm,0
Disaster Tweets,disaster_tweets,disaster_01934,discusses_non_event_context,0
Disaster Tweets,disaster_tweets,disaster_02637,mentions_disaster_type,1
Disaster Tweets,disaster_tweets,disaster_02637,reports_event_occurrence,1
Disaster Tweets,disaster_tweets,disaster_02637,describes_threat_or_danger,1
Disaster Tweets,disaster_tweets,disaster_02637,mentions_cause_or_trigger,1
Disaster Tweets,disaster_tweets,disaster_02637,mentions_location,1
Disaster Tweets,disaster_tweets,disaster_02637,mentions_time_or_recency,1
Disaster Tweets,disaster_tweets,disaster_02637,includes_source_or_report,1
Disaster Tweets,disaster_tweets,disaster_02637,first_person_witnessing,0
Disaster Tweets,disaster_tweets,disaster_02637,mentions_casualties_or_injuries,1
Disaster Tweets,disaster_tweets,disaster_02637,mentions_property_damage,1
Disaster Tweets,disaster_tweets,disaster_02637,mentions_infrastructure_disruption,1
Disaster Tweets,disaster_tweets,disaster_02637,mentions_scale_or_intensity,0
Disaster Tweets,disaster_tweets,disaster_02637,calls_for_help,0
Disaster Tweets,disaster_tweets,disaster_02637,mentions_rescue_or_emergency_services,1
Disaster Tweets,disaster_tweets,disaster_02637,mentions_evacuation_or_shelter,0
Disaster Tweets,disaster_tweets,disaster_02637,gives_safety_instruction,0
Disaster Tweets,disaster_tweets,disaster_02637,uses_metaphor_or_idiom,0
Disaster Tweets,disaster_tweets,disaster_02637,refers_to_entertainment_or_sports,0
Disaster Tweets,disaster_tweets,disaster_02637,expresses_joke_or_sarcasm,0
Disaster Tweets,disaster_tweets,disaster_02637,discusses_non_event_context,0
Disaster Tweets,disaster_tweets,disaster_01860,mentions_disaster_type,0
Disaster Tweets,disaster_tweets,disaster_01860,reports_event_occurrence,0
Disaster Tweets,disaster_tweets,disaster_01860,describes_threat_or_danger,0
Disaster Tweets,disaster_tweets,disaster_01860,mentions_cause_or_trigger,0
Disaster Tweets,disaster_tweets,disaster_01860,mentions_location,0
Disaster Tweets,disaster_tweets,disaster_01860,mentions_time_or_recency,0
Disaster Tweets,disaster_tweets,disaster_01860,includes_source_or_report,0
Disaster Tweets,disaster_tweets,disaster_01860,first_person_witnessing,0
Disaster Tweets,disaster_tweets,disaster_01860,mentions_casualties_or_injuries,0
Disaster Tweets,disaster_tweets,disaster_01860,mentions_property_damage,0
Disaster Tweets,disaster_tweets,disaster_01860,mentions_infrastructure_disruption,0
Disaster Tweets,disaster_tweets,disaster_01860,mentions_scale_or_intensity,0
Disaster Tweets,disaster_tweets,disaster_01860,calls_for_help,0
Disaster Tweets,disaster_tweets,disaster_01860,mentions_rescue_or_emergency_services,0
Disaster Tweets,disaster_tweets,disaster_01860,mentions_evacuation_or_shelter,0
Disaster Tweets,disaster_tweets,disaster_01860,gives_safety_instruction,0
Disaster Tweets,disaster_tweets,disaster_01860,uses_metaphor_or_idiom,1
Disaster Tweets,disaster_tweets,disaster_01860,refers_to_entertainment_or_sports,0
Disaster Tweets,disaster_tweets,disaster_01860,expresses_joke_or_sarcasm,1
Disaster Tweets,disaster_tweets,disaster_01860,discusses_non_event_context,1
Disaster Tweets,disaster_tweets,disaster_01514,mentions_disaster_type,1
Disaster Tweets,disaster_tweets,disaster_01514,reports_event_occurrence,0
Disaster Tweets,disaster_tweets,disaster_01514,describes_threat_or_danger,0
Disaster Tweets,disaster_tweets,disaster_01514,mentions_cause_or_trigger,0
Disaster Tweets,disaster_tweets,disaster_01514,mentions_location,0
Disaster Tweets,disaster_tweets,disaster_01514,mentions_time_or_recency,1
Disaster Tweets,disaster_tweets,disaster_01514,includes_source_or_report,0
Disaster Tweets,disaster_tweets,disaster_01514,first_person_witnessing,1
Disaster Tweets,disaster_tweets,disaster_01514,mentions_casualties_or_injuries,0
Disaster Tweets,disaster_tweets,disaster_01514,mentions_property_damage,0
Disaster Tweets,disaster_tweets,disaster_01514,mentions_infrastructure_disruption,0
Disaster Tweets,disaster_tweets,disaster_01514,mentions_scale_or_intensity,0
Disaster Tweets,disaster_tweets,disaster_01514,calls_for_help,0
Disaster Tweets,disaster_tweets,disaster_01514,mentions_rescue_or_emergency_services,0
Disaster Tweets,disaster_tweets,disaster_01514,mentions_evacuation_or_shelter,0
Disaster Tweets,disaster_tweets,disaster_01514,gives_safety_instruction,0
Disaster Tweets,disaster_tweets,disaster_01514,uses_metaphor_or_idiom,1
Disaster Tweets,disaster_tweets,disaster_01514,refers_to_entertainment_or_sports,1
Disaster Tweets,disaster_tweets,disaster_01514,expresses_joke_or_sarcasm,0
Disaster Tweets,disaster_tweets,disaster_01514,discusses_non_event_context,1
Disaster Tweets,disaster_tweets,disaster_04091,mentions_disaster_type,0
Disaster Tweets,disaster_tweets,disaster_04091,reports_event_occurrence,1
Disaster Tweets,disaster_tweets,disaster_04091,describes_threat_or_danger,1
Disaster Tweets,disaster_tweets,disaster_04091,mentions_cause_or_trigger,0
Disaster Tweets,disaster_tweets,disaster_04091,mentions_location,0
Disaster Tweets,disaster_tweets,disaster_04091,mentions_time_or_recency,1
Disaster Tweets,disaster_tweets,disaster_04091,includes_source_or_report,0
Disaster Tweets,disaster_tweets,disaster_04091,first_person_witnessing,1
Disaster Tweets,disaster_tweets,disaster_04091,mentions_casualties_or_injuries,0
Disaster Tweets,disaster_tweets,disaster_04091,mentions_property_damage,0
Disaster Tweets,disaster_tweets,disaster_04091,mentions_infrastructure_disruption,0
Disaster Tweets,disaster_tweets,disaster_04091,mentions_scale_or_intensity,0
Disaster Tweets,disaster_tweets,disaster_04091,calls_for_help,0
Disaster Tweets,disaster_tweets,disaster_04091,mentions_rescue_or_emergency_services,0
Disaster Tweets,disaster_tweets,disaster_04091,mentions_evacuation_or_shelter,0
Disaster Tweets,disaster_tweets,disaster_04091,gives_safety_instruction,0
Disaster Tweets,disaster_tweets,disaster_04091,uses_metaphor_or_idiom,1
Disaster Tweets,disaster_tweets,disaster_04091,refers_to_entertainment_or_sports,0
Disaster Tweets,disaster_tweets,disaster_04091,expresses_joke_or_sarcasm,1
Disaster Tweets,disaster_tweets,disaster_04091,discusses_non_event_context,0
Disaster Tweets,disaster_tweets,disaster_03387,mentions_disaster_type,1
Disaster Tweets,disaster_tweets,disaster_03387,reports_event_occurrence,0
Disaster Tweets,disaster_tweets,disaster_03387,describes_threat_or_danger,0
Disaster Tweets,disaster_tweets,disaster_03387,mentions_cause_or_trigger,0
Disaster Tweets,disaster_tweets,disaster_03387,mentions_location,1
Disaster Tweets,disaster_tweets,disaster_03387,mentions_time_or_recency,0
Disaster Tweets,disaster_tweets,disaster_03387,includes_source_or_report,0
Disaster Tweets,disaster_tweets,disaster_03387,first_person_witnessing,1
Disaster Tweets,disaster_tweets,disaster_03387,mentions_casualties_or_injuries,0
Disaster Tweets,disaster_tweets,disaster_03387,mentions_property_damage,0
Disaster Tweets,disaster_tweets,disaster_03387,mentions_infrastructure_disruption,0
Disaster Tweets,disaster_tweets,disaster_03387,mentions_scale_or_intensity,0
Disaster Tweets,disaster_tweets,disaster_03387,calls_for_help,0
Disaster Tweets,disaster_tweets,disaster_03387,mentions_rescue_or_emergency_services,0
Disaster Tweets,disaster_tweets,disaster_03387,mentions_evacuation_or_shelter,0
Disaster Tweets,disaster_tweets,disaster_03387,gives_safety_instruction,0
Disaster Tweets,disaster_tweets,disaster_03387,uses_metaphor_or_idiom,1
Disaster Tweets,disaster_tweets,disaster_03387,refers_to_entertainment_or_sports,1
Disaster Tweets,disaster_tweets,disaster_03387,expresses_joke_or_sarcasm,0
Disaster Tweets,disaster_tweets,disaster_03387,discusses_non_event_context,1
Disaster Tweets,disaster_tweets,disaster_01762,mentions_disaster_type,0
Disaster Tweets,disaster_tweets,disaster_01762,reports_event_occurrence,0
Disaster Tweets,disaster_tweets,disaster_01762,describes_threat_or_danger,0
Disaster Tweets,disaster_tweets,disaster_01762,mentions_cause_or_trigger,0
Disaster Tweets,disaster_tweets,disaster_01762,mentions_location,0
Disaster Tweets,disaster_tweets,disaster_01762,mentions_time_or_recency,1
Disaster Tweets,disaster_tweets,disaster_01762,includes_source_or_report,0
Disaster Tweets,disaster_tweets,disaster_01762,first_person_witnessing,1
Disaster Tweets,disaster_tweets,disaster_01762,mentions_casualties_or_injuries,1
Disaster Tweets,disaster_tweets,disaster_01762,mentions_property_damage,0
Disaster Tweets,disaster_tweets,disaster_01762,mentions_infrastructure_disruption,0
Disaster Tweets,disaster_tweets,disaster_01762,mentions_scale_or_intensity,0
Disaster Tweets,disaster_tweets,disaster_01762,calls_for_help,0
Disaster Tweets,disaster_tweets,disaster_01762,mentions_rescue_or_emergency_services,0
Disaster Tweets,disaster_tweets,disaster_01762,mentions_evacuation_or_shelter,0
Disaster Tweets,disaster_tweets,disaster_01762,gives_safety_instruction,0
Disaster Tweets,disaster_tweets,disaster_01762,uses_metaphor_or_idiom,1
Disaster Tweets,disaster_tweets,disaster_01762,refers_to_entertainment_or_sports,1
Disaster Tweets,disaster_tweets,disaster_01762,expresses_joke_or_sarcasm,0
Disaster Tweets,disaster_tweets,disaster_01762,discusses_non_event_context,1
Disaster Tweets,disaster_tweets,disaster_04722,mentions_disaster_type,0
Disaster Tweets,disaster_tweets,disaster_04722,reports_event_occurrence,0
Disaster Tweets,disaster_tweets,disaster_04722,describes_threat_or_danger,0
Disaster Tweets,disaster_tweets,disaster_04722,mentions_cause_or_trigger,0
Disaster Tweets,disaster_tweets,disaster_04722,mentions_location,0
Disaster Tweets,disaster_tweets,disaster_04722,mentions_time_or_recency,0
Disaster Tweets,disaster_tweets,disaster_04722,includes_source_or_report,0
Disaster Tweets,disaster_tweets,disaster_04722,first_person_witnessing,0
Disaster Tweets,disaster_tweets,disaster_04722,mentions_casualties_or_injuries,0
Disaster Tweets,disaster_tweets,disaster_04722,mentions_property_damage,0
Disaster Tweets,disaster_tweets,disaster_04722,mentions_infrastructure_disruption,0
Disaster Tweets,disaster_tweets,disaster_04722,mentions_scale_or_intensity,0
Disaster Tweets,disaster_tweets,disaster_04722,calls_for_help,0
Disaster Tweets,disaster_tweets,disaster_04722,mentions_rescue_or_emergency_services,0
Disaster Tweets,disaster_tweets,disaster_04722,mentions_evacuation_or_shelter,0
Disaster Tweets,disaster_tweets,disaster_04722,gives_safety_instruction,0
Disaster Tweets,disaster_tweets,disaster_04722,uses_metaphor_or_idiom,0
Disaster Tweets,disaster_tweets,disaster_04722,refers_to_entertainment_or_sports,0
Disaster Tweets,disaster_tweets,disaster_04722,expresses_joke_or_sarcasm,0
Disaster Tweets,disaster_tweets,disaster_04722,discusses_non_event_context,1
Disaster Tweets,disaster_tweets,disaster_01861,mentions_disaster_type,1
Disaster Tweets,disaster_tweets,disaster_01861,reports_event_occurrence,0
Disaster Tweets,disaster_tweets,disaster_01861,describes_threat_or_danger,0
Disaster Tweets,disaster_tweets,disaster_01861,mentions_cause_or_trigger,0
Disaster Tweets,disaster_tweets,disaster_01861,mentions_location,0
Disaster Tweets,disaster_tweets,disaster_01861,mentions_time_or_recency,0
Disaster Tweets,disaster_tweets,disaster_01861,includes_source_or_report,0
Disaster Tweets,disaster_tweets,disaster_01861,first_person_witnessing,0
Disaster Tweets,disaster_tweets,disaster_01861,mentions_casualties_or_injuries,0
Disaster Tweets,disaster_tweets,disaster_01861,mentions_property_damage,0
Disaster Tweets,disaster_tweets,disaster_01861,mentions_infrastructure_disruption,0
Disaster Tweets,disaster_tweets,disaster_01861,mentions_scale_or_intensity,0
Disaster Tweets,disaster_tweets,disaster_01861,calls_for_help,0
Disaster Tweets,disaster_tweets,disaster_01861,mentions_rescue_or_emergency_services,0
Disaster Tweets,disaster_tweets,disaster_01861,mentions_evacuation_or_shelter,0
Disaster Tweets,disaster_tweets,disaster_01861,gives_safety_instruction,0
Disaster Tweets,disaster_tweets,disaster_01861,uses_metaphor_or_idiom,1
Disaster Tweets,disaster_tweets,disaster_01861,refers_to_entertainment_or_sports,1
Disaster Tweets,disaster_tweets,disaster_01861,expresses_joke_or_sarcasm,0
Disaster Tweets,disaster_tweets,disaster_01861,discusses_non_event_context,1
Disaster Tweets,disaster_tweets,disaster_04997,mentions_disaster_type,1
Disaster Tweets,disaster_tweets,disaster_04997,reports_event_occurrence,0
Disaster Tweets,disaster_tweets,disaster_04997,describes_threat_or_danger,0
Disaster Tweets,disaster_tweets,disaster_04997,mentions_cause_or_trigger,0
Disaster Tweets,disaster_tweets,disaster_04997,mentions_location,0
Disaster Tweets,disaster_tweets,disaster_04997,mentions_time_or_recency,0
Disaster Tweets,disaster_tweets,disaster_04997,includes_source_or_report,0
Disaster Tweets,disaster_tweets,disaster_04997,first_person_witnessing,0
Disaster Tweets,disaster_tweets,disaster_04997,mentions_casualties_or_injuries,0
Disaster Tweets,disaster_tweets,disaster_04997,mentions_property_damage,0
Disaster Tweets,disaster_tweets,disaster_04997,mentions_infrastructure_disruption,0
Disaster Tweets,disaster_tweets,disaster_04997,mentions_scale_or_intensity,0
Disaster Tweets,disaster_tweets,disaster_04997,calls_for_help,0
Disaster Tweets,disaster_tweets,disaster_04997,mentions_rescue_or_emergency_services,0
Disaster Tweets,disaster_tweets,disaster_04997,mentions_evacuation_or_shelter,0
Disaster Tweets,disaster_tweets,disaster_04997,gives_safety_instruction,0
Disaster Tweets,disaster_tweets,disaster_04997,uses_metaphor_or_idiom,0
Disaster Tweets,disaster_tweets,disaster_04997,refers_to_entertainment_or_sports,0
Disaster Tweets,disaster_tweets,disaster_04997,expresses_joke_or_sarcasm,1
Disaster Tweets,disaster_tweets,disaster_04997,discusses_non_event_context,1
Disaster Tweets,disaster_tweets,disaster_00491,mentions_disaster_type,0
Disaster Tweets,disaster_tweets,disaster_00491,reports_event_occurrence,0
Disaster Tweets,disaster_tweets,disaster_00491,describes_threat_or_danger,0
Disaster Tweets,disaster_tweets,disaster_00491,mentions_cause_or_trigger,0
Disaster Tweets,disaster_tweets,disaster_00491,mentions_location,0
Disaster Tweets,disaster_tweets,disaster_00491,mentions_time_or_recency,1
Disaster Tweets,disaster_tweets,disaster_00491,includes_source_or_report,0
Disaster Tweets,disaster_tweets,disaster_00491,first_person_witnessing,1
Disaster Tweets,disaster_tweets,disaster_00491,mentions_casualties_or_injuries,0
Disaster Tweets,disaster_tweets,disaster_00491,mentions_property_damage,0
Disaster Tweets,disaster_tweets,disaster_00491,mentions_infrastructure_disruption,0
Disaster Tweets,disaster_tweets,disaster_00491,mentions_scale_or_intensity,0
Disaster Tweets,disaster_tweets,disaster_00491,calls_for_help,0
Disaster Tweets,disaster_tweets,disaster_00491,mentions_rescue_or_emergency_services,0
Disaster Tweets,disaster_tweets,disaster_00491,mentions_evacuation_or_shelter,0
Disaster Tweets,disaster_tweets,disaster_00491,gives_safety_instruction,0
Disaster Tweets,disaster_tweets,disaster_00491,uses_metaphor_or_idiom,0
Disaster Tweets,disaster_tweets,disaster_00491,refers_to_entertainment_or_sports,0
Disaster Tweets,disaster_tweets,disaster_00491,expresses_joke_or_sarcasm,0
Disaster Tweets,disaster_tweets,disaster_00491,discusses_non_event_context,1
Disaster Tweets,disaster_tweets,disaster_02632,mentions_disaster_type,1
Disaster Tweets,disaster_tweets,disaster_02632,reports_event_occurrence,1
Disaster Tweets,disaster_tweets,disaster_02632,describes_threat_or_danger,0
Disaster Tweets,disaster_tweets,disaster_02632,mentions_cause_or_trigger,1
Disaster Tweets,disaster_tweets,disaster_02632,mentions_location,1
Disaster Tweets,disaster_tweets,disaster_02632,mentions_time_or_recency,0
Disaster Tweets,disaster_tweets,disaster_02632,includes_source_or_report,1
Disaster Tweets,disaster_tweets,disaster_02632,first_person_witnessing,0
Disaster Tweets,disaster_tweets,disaster_02632,mentions_casualties_or_injuries,1
Disaster Tweets,disaster_tweets,disaster_02632,mentions_property_damage,1
Disaster Tweets,disaster_tweets,disaster_02632,mentions_infrastructure_disruption,1
Disaster Tweets,disaster_tweets,disaster_02632,mentions_scale_or_intensity,0
Disaster Tweets,disaster_tweets,disaster_02632,calls_for_help,0
Disaster Tweets,disaster_tweets,disaster_02632,mentions_rescue_or_emergency_services,0
Disaster Tweets,disaster_tweets,disaster_02632,mentions_evacuation_or_shelter,0
Disaster Tweets,disaster_tweets,disaster_02632,gives_safety_instruction,0
Disaster Tweets,disaster_tweets,disaster_02632,uses_metaphor_or_idiom,0
Disaster Tweets,disaster_tweets,disaster_02632,refers_to_entertainment_or_sports,0
Disaster Tweets,disaster_tweets,disaster_02632,expresses_joke_or_sarcasm,0
Disaster Tweets,disaster_tweets,disaster_02632,discusses_non_event_context,1
Disaster Tweets,disaster_tweets,disaster_03687,mentions_disaster_type,1
Disaster Tweets,disaster_tweets,disaster_03687,reports_event_occurrence,1
Disaster Tweets,disaster_tweets,disaster_03687,describes_threat_or_danger,0
Disaster Tweets,disaster_tweets,disaster_03687,mentions_cause_or_trigger,0
Disaster Tweets,disaster_tweets,disaster_03687,mentions_location,1
Disaster Tweets,disaster_tweets,disaster_03687,mentions_time_or_recency,0
Disaster Tweets,disaster_tweets,disaster_03687,includes_source_or_report,1
Disaster Tweets,disaster_tweets,disaster_03687,first_person_witnessing,0
Disaster Tweets,disaster_tweets,disaster_03687,mentions_casualties_or_injuries,1
Disaster Tweets,disaster_tweets,disaster_03687,mentions_property_damage,1
Disaster Tweets,disaster_tweets,disaster_03687,mentions_infrastructure_disruption,0
Disaster Tweets,disaster_tweets,disaster_03687,mentions_scale_or_intensity,1
Disaster Tweets,disaster_tweets,disaster_03687,calls_for_help,0
Disaster Tweets,disaster_tweets,disaster_03687,mentions_rescue_or_emergency_services,1
Disaster Tweets,disaster_tweets,disaster_03687,mentions_evacuation_or_shelter,0
Disaster Tweets,disaster_tweets,disaster_03687,gives_safety_instruction,0
Disaster Tweets,disaster_tweets,disaster_03687,uses_metaphor_or_idiom,0
Disaster Tweets,disaster_tweets,disaster_03687,refers_to_entertainment_or_sports,0
Disaster Tweets,disaster_tweets,disaster_03687,expresses_joke_or_sarcasm,0
Disaster Tweets,disaster_tweets,disaster_03687,discusses_non_event_context,1
Disaster Tweets,disaster_tweets,disaster_02773,mentions_disaster_type,0
Disaster Tweets,disaster_tweets,disaster_02773,reports_event_occurrence,1
Disaster Tweets,disaster_tweets,disaster_02773,describes_threat_or_danger,1
Disaster Tweets,disaster_tweets,disaster_02773,mentions_cause_or_trigger,0
Disaster Tweets,disaster_tweets,disaster_02773,mentions_location,1
Disaster Tweets,disaster_tweets,disaster_02773,mentions_time_or_recency,1
Disaster Tweets,disaster_tweets,disaster_02773,includes_source_or_report,1
Disaster Tweets,disaster_tweets,disaster_02773,first_person_witnessing,0
Disaster Tweets,disaster_tweets,disaster_02773,mentions_casualties_or_injuries,0
Disaster Tweets,disaster_tweets,disaster_02773,mentions_property_damage,0
Disaster Tweets,disaster_tweets,disaster_02773,mentions_infrastructure_disruption,1
Disaster Tweets,disaster_tweets,disaster_02773,mentions_scale_or_intensity,0
Disaster Tweets,disaster_tweets,disaster_02773,calls_for_help,0
Disaster Tweets,disaster_tweets,disaster_02773,mentions_rescue_or_emergency_services,0
Disaster Tweets,disaster_tweets,disaster_02773,mentions_evacuation_or_shelter,0
Disaster Tweets,disaster_tweets,disaster_02773,gives_safety_instruction,1
Disaster Tweets,disaster_tweets,disaster_02773,uses_metaphor_or_idiom,0
Disaster Tweets,disaster_tweets,disaster_02773,refers_to_entertainment_or_sports,0
Disaster Tweets,disaster_tweets,disaster_02773,expresses_joke_or_sarcasm,0
Disaster Tweets,disaster_tweets,disaster_02773,discusses_non_event_context,0
Disaster Tweets,disaster_tweets,disaster_01518,mentions_disaster_type,1
Disaster Tweets,disaster_tweets,disaster_01518,reports_event_occurrence,0
Disaster Tweets,disaster_tweets,disaster_01518,describes_threat_or_danger,0
Disaster Tweets,disaster_tweets,disaster_01518,mentions_cause_or_trigger,0
Disaster Tweets,disaster_tweets,disaster_01518,mentions_location,0
Disaster Tweets,disaster_tweets,disaster_01518,mentions_time_or_recency,0
Disaster Tweets,disaster_tweets,disaster_01518,includes_source_or_report,0
Disaster Tweets,disaster_tweets,disaster_01518,first_person_witnessing,0
Disaster Tweets,disaster_tweets,disaster_01518,mentions_casualties_or_injuries,0
Disaster Tweets,disaster_tweets,disaster_01518,mentions_property_damage,0
Disaster Tweets,disaster_tweets,disaster_01518,mentions_infrastructure_disruption,0
Disaster Tweets,disaster_tweets,disaster_01518,mentions_scale_or_intensity,0
Disaster Tweets,disaster_tweets,disaster_01518,calls_for_help,0
Disaster Tweets,disaster_tweets,disaster_01518,mentions_rescue_or_emergency_services,0
Disaster Tweets,disaster_tweets,disaster_01518,mentions_evacuation_or_shelter,0
Disaster Tweets,disaster_tweets,disaster_01518,gives_safety_instruction,0
Disaster Tweets,disaster_tweets,disaster_01518,uses_metaphor_or_idiom,1
Disaster Tweets,disaster_tweets,disaster_01518,refers_to_entertainment_or_sports,1
Disaster Tweets,disaster_tweets,disaster_01518,expresses_joke_or_sarcasm,0
Disaster Tweets,disaster_tweets,disaster_01518,discusses_non_event_context,1
Disaster Tweets,disaster_tweets,disaster_01590,mentions_disaster_type,1
Disaster Tweets,disaster_tweets,disaster_01590,reports_event_occurrence,1
Disaster Tweets,disaster_tweets,disaster_01590,describes_threat_or_danger,0
Disaster Tweets,disaster_tweets,disaster_01590,mentions_cause_or_trigger,0
Disaster Tweets,disaster_tweets,disaster_01590,mentions_location,0
Disaster Tweets,disaster_tweets,disaster_01590,mentions_time_or_recency,0
Disaster Tweets,disaster_tweets,disaster_01590,includes_source_or_report,1
Disaster Tweets,disaster_tweets,disaster_01590,first_person_witnessing,0
Disaster Tweets,disaster_tweets,disaster_01590,mentions_casualties_or_injuries,0
Disaster Tweets,disaster_tweets,disaster_01590,mentions_property_damage,1
Disaster Tweets,disaster_tweets,disaster_01590,mentions_infrastructure_disruption,0
Disaster Tweets,disaster_tweets,disaster_01590,mentions_scale_or_intensity,1
Disaster Tweets,disaster_tweets,disaster_01590,calls_for_help,0
Disaster Tweets,disaster_tweets,disaster_01590,mentions_rescue_or_emergency_services,1
Disaster Tweets,disaster_tweets,disaster_01590,mentions_evacuation_or_shelter,0
Disaster Tweets,disaster_tweets,disaster_01590,gives_safety_instruction,0
Disaster Tweets,disaster_tweets,disaster_01590,uses_metaphor_or_idiom,0
Disaster Tweets,disaster_tweets,disaster_01590,refers_to_entertainment_or_sports,0
Disaster Tweets,disaster_tweets,disaster_01590,expresses_joke_or_sarcasm,0
Disaster Tweets,disaster_tweets,disaster_01590,discusses_non_event_context,1
Disaster Tweets,disaster_tweets,disaster_01349,mentions_disaster_type,1
Disaster Tweets,disaster_tweets,disaster_01349,reports_event_occurrence,1
Disaster Tweets,disaster_tweets,disaster_01349,describes_threat_or_danger,1
Disaster Tweets,disaster_tweets,disaster_01349,mentions_cause_or_trigger,1
Disaster Tweets,disaster_tweets,disaster_01349,mentions_location,0
Disaster Tweets,disaster_tweets,disaster_01349,mentions_time_or_recency,0
Disaster Tweets,disaster_tweets,disaster_01349,includes_source_or_report,1
Disaster Tweets,disaster_tweets,disaster_01349,first_person_witnessing,0
Disaster Tweets,disaster_tweets,disaster_01349,mentions_casualties_or_injuries,1
Disaster Tweets,disaster_tweets,disaster_01349,mentions_property_damage,1
Disaster Tweets,disaster_tweets,disaster_01349,mentions_infrastructure_disruption,0
Disaster Tweets,disaster_tweets,disaster_01349,mentions_scale_or_intensity,1
Disaster Tweets,disaster_tweets,disaster_01349,calls_for_help,1
Disaster Tweets,disaster_tweets,disaster_01349,mentions_rescue_or_emergency_services,1
Disaster Tweets,disaster_tweets,disaster_01349,mentions_evacuation_or_shelter,0
Disaster Tweets,disaster_tweets,disaster_01349,gives_safety_instruction,0
Disaster Tweets,disaster_tweets,disaster_01349,uses_metaphor_or_idiom,0
Disaster Tweets,disaster_tweets,disaster_01349,refers_to_entertainment_or_sports,0
Disaster Tweets,disaster_tweets,disaster_01349,expresses_joke_or_sarcasm,0
Disaster Tweets,disaster_tweets,disaster_01349,discusses_non_event_context,0
Disaster Tweets,disaster_tweets,disaster_03151,mentions_disaster_type,1
Disaster Tweets,disaster_tweets,disaster_03151,reports_event_occurrence,0
Disaster Tweets,disaster_tweets,disaster_03151,describes_threat_or_danger,0
Disaster Tweets,disaster_tweets,disaster_03151,mentions_cause_or_trigger,0
Disaster Tweets,disaster_tweets,disaster_03151,mentions_location,0
Disaster Tweets,disaster_tweets,disaster_03151,mentions_time_or_recency,0
Disaster Tweets,disaster_tweets,disaster_03151,includes_source_or_report,0
Disaster Tweets,disaster_tweets,disaster_03151,first_person_witnessing,0
Disaster Tweets,disaster_tweets,disaster_03151,mentions_casualties_or_injuries,0
Disaster Tweets,disaster_tweets,disaster_03151,mentions_property_damage,0
Disaster Tweets,disaster_tweets,disaster_03151,mentions_infrastructure_disruption,0
Disaster Tweets,disaster_tweets,disaster_03151,mentions_scale_or_intensity,0
Disaster Tweets,disaster_tweets,disaster_03151,calls_for_help,0
Disaster Tweets,disaster_tweets,disaster_03151,mentions_rescue_or_emergency_services,0
Disaster Tweets,disaster_tweets,disaster_03151,mentions_evacuation_or_shelter,0
Disaster Tweets,disaster_tweets,disaster_03151,gives_safety_instruction,0
Disaster Tweets,disaster_tweets,disaster_03151,uses_metaphor_or_idiom,1
Disaster Tweets,disaster_tweets,disaster_03151,refers_to_entertainment_or_sports,1
Disaster Tweets,disaster_tweets,disaster_03151,expresses_joke_or_sarcasm,0
Disaster Tweets,disaster_tweets,disaster_03151,discusses_non_event_context,1
Disaster Tweets,disaster_tweets,disaster_03588,mentions_disaster_type,0
Disaster Tweets,disaster_tweets,disaster_03588,reports_event_occurrence,1
Disaster Tweets,disaster_tweets,disaster_03588,describes_threat_or_danger,0
Disaster Tweets,disaster_tweets,disaster_03588,mentions_cause_or_trigger,0
Disaster Tweets,disaster_tweets,disaster_03588,mentions_location,1
Disaster Tweets,disaster_tweets,disaster_03588,mentions_time_or_recency,1
Disaster Tweets,disaster_tweets,disaster_03588,includes_source_or_report,0
Disaster Tweets,disaster_tweets,disaster_03588,first_person_witnessing,0
Disaster Tweets,disaster_tweets,disaster_03588,mentions_casualties_or_injuries,0
Disaster Tweets,disaster_tweets,disaster_03588,mentions_property_damage,0
Disaster Tweets,disaster_tweets,disaster_03588,mentions_infrastructure_disruption,0
Disaster Tweets,disaster_tweets,disaster_03588,mentions_scale_or_intensity,0
Disaster Tweets,disaster_tweets,disaster_03588,calls_for_help,0
Disaster Tweets,disaster_tweets,disaster_03588,mentions_rescue_or_emergency_services,1
Disaster Tweets,disaster_tweets,disaster_03588,mentions_evacuation_or_shelter,0
Disaster Tweets,disaster_tweets,disaster_03588,gives_safety_instruction,0
Disaster Tweets,disaster_tweets,disaster_03588,uses_metaphor_or_idiom,0
Disaster Tweets,disaster_tweets,disaster_03588,refers_to_entertainment_or_sports,0
Disaster Tweets,disaster_tweets,disaster_03588,expresses_joke_or_sarcasm,0
Disaster Tweets,disaster_tweets,disaster_03588,discusses_non_event_context,1
Disaster Tweets,disaster_tweets,disaster_03515,mentions_disaster_type,0
Disaster Tweets,disaster_tweets,disaster_03515,reports_event_occurrence,0
Disaster Tweets,disaster_tweets,disaster_03515,describes_threat_or_danger,0
Disaster Tweets,disaster_tweets,disaster_03515,mentions_cause_or_trigger,0
Disaster Tweets,disaster_tweets,disaster_03515,mentions_location,0
Disaster Tweets,disaster_tweets,disaster_03515,mentions_time_or_recency,0
Disaster Tweets,disaster_tweets,disaster_03515,includes_source_or_report,0
Disaster Tweets,disaster_tweets,disaster_03515,first_person_witnessing,0
Disaster Tweets,disaster_tweets,disaster_03515,mentions_casualties_or_injuries,0
Disaster Tweets,disaster_tweets,disaster_03515,mentions_property_damage,0
Disaster Tweets,disaster_tweets,disaster_03515,mentions_infrastructure_disruption,0
Disaster Tweets,disaster_tweets,disaster_03515,mentions_scale_or_intensity,0
Disaster Tweets,disaster_tweets,disaster_03515,calls_for_help,0
Disaster Tweets,disaster_tweets,disaster_03515,mentions_rescue_or_emergency_services,0
Disaster Tweets,disaster_tweets,disaster_03515,mentions_evacuation_or_shelter,0
Disaster Tweets,disaster_tweets,disaster_03515,gives_safety_instruction,0
Disaster Tweets,disaster_tweets,disaster_03515,uses_metaphor_or_idiom,1
Disaster Tweets,disaster_tweets,disaster_03515,refers_to_entertainment_or_sports,0
Disaster Tweets,disaster_tweets,disaster_03515,expresses_joke_or_sarcasm,1
Disaster Tweets,disaster_tweets,disaster_03515,discusses_non_event_context,1
Disaster Tweets,disaster_tweets,disaster_02600,mentions_disaster_type,1
Disaster Tweets,disaster_tweets,disaster_02600,reports_event_occurrence,1
Disaster Tweets,disaster_tweets,disaster_02600,describes_threat_or_danger,0
Disaster Tweets,disaster_tweets,disaster_02600,mentions_cause_or_trigger,0
Disaster Tweets,disaster_tweets,disaster_02600,mentions_location,1
Disaster Tweets,disaster_tweets,disaster_02600,mentions_time_or_recency,0
Disaster Tweets,disaster_tweets,disaster_02600,includes_source_or_report,1
Disaster Tweets,disaster_tweets,disaster_02600,first_person_witnessing,0
Disaster Tweets,disaster_tweets,disaster_02600,mentions_casualties_or_injuries,0
Disaster Tweets,disaster_tweets,disaster_02600,mentions_property_damage,1
Disaster Tweets,disaster_tweets,disaster_02600,mentions_infrastructure_disruption,0
Disaster Tweets,disaster_tweets,disaster_02600,mentions_scale_or_intensity,0
Disaster Tweets,disaster_tweets,disaster_02600,calls_for_help,0
Disaster Tweets,disaster_tweets,disaster_02600,mentions_rescue_or_emergency_services,0
Disaster Tweets,disaster_tweets,disaster_02600,mentions_evacuation_or_shelter,0
Disaster Tweets,disaster_tweets,disaster_02600,gives_safety_instruction,0
Disaster Tweets,disaster_tweets,disaster_02600,uses_metaphor_or_idiom,1
Disaster Tweets,disaster_tweets,disaster_02600,refers_to_entertainment_or_sports,0
Disaster Tweets,disaster_tweets,disaster_02600,expresses_joke_or_sarcasm,1
Disaster Tweets,disaster_tweets,disaster_02600,discusses_non_event_context,1
Disaster Tweets,disaster_tweets,disaster_01134,mentions_disaster_type,0
Disaster Tweets,disaster_tweets,disaster_01134,reports_event_occurrence,0
Disaster Tweets,disaster_tweets,disaster_01134,describes_threat_or_danger,0
Disaster Tweets,disaster_tweets,disaster_01134,mentions_cause_or_trigger,0
Disaster Tweets,disaster_tweets,disaster_01134,mentions_location,0
Disaster Tweets,disaster_tweets,disaster_01134,mentions_time_or_recency,0
Disaster Tweets,disaster_tweets,disaster_01134,includes_source_or_report,0
Disaster Tweets,disaster_tweets,disaster_01134,first_person_witnessing,0
Disaster Tweets,disaster_tweets,disaster_01134,mentions_casualties_or_injuries,1
Disaster Tweets,disaster_tweets,disaster_01134,mentions_property_damage,0
Disaster Tweets,disaster_tweets,disaster_01134,mentions_infrastructure_disruption,0
Disaster Tweets,disaster_tweets,disaster_01134,mentions_scale_or_intensity,1
Disaster Tweets,disaster_tweets,disaster_01134,calls_for_help,0
Disaster Tweets,disaster_tweets,disaster_01134,mentions_rescue_or_emergency_services,0
Disaster Tweets,disaster_tweets,disaster_01134,mentions_evacuation_or_shelter,0
Disaster Tweets,disaster_tweets,disaster_01134,gives_safety_instruction,0
Disaster Tweets,disaster_tweets,disaster_01134,uses_metaphor_or_idiom,0
Disaster Tweets,disaster_tweets,disaster_01134,refers_to_entertainment_or_sports,1
Disaster Tweets,disaster_tweets,disaster_01134,expresses_joke_or_sarcasm,0
Disaster Tweets,disaster_tweets,disaster_01134,discusses_non_event_context,1
Disaster Tweets,disaster_tweets,disaster_03067,mentions_disaster_type,0
Disaster Tweets,disaster_tweets,disaster_03067,reports_event_occurrence,1
Disaster Tweets,disaster_tweets,disaster_03067,describes_threat_or_danger,0
Disaster Tweets,disaster_tweets,disaster_03067,mentions_cause_or_trigger,1
Disaster Tweets,disaster_tweets,disaster_03067,mentions_location,1
Disaster Tweets,disaster_tweets,disaster_03067,mentions_time_or_recency,0
Disaster Tweets,disaster_tweets,disaster_03067,includes_source_or_report,1
Disaster Tweets,disaster_tweets,disaster_03067,first_person_witnessing,0
Disaster Tweets,disaster_tweets,disaster_03067,mentions_casualties_or_injuries,1
Disaster Tweets,disaster_tweets,disaster_03067,mentions_property_damage,0
Disaster Tweets,disaster_tweets,disaster_03067,mentions_infrastructure_disruption,0
Disaster Tweets,disaster_tweets,disaster_03067,mentions_scale_or_intensity,1
Disaster Tweets,disaster_tweets,disaster_03067,calls_for_help,0
Disaster Tweets,disaster_tweets,disaster_03067,mentions_rescue_or_emergency_services,0
Disaster Tweets,disaster_tweets,disaster_03067,mentions_evacuation_or_shelter,0
Disaster Tweets,disaster_tweets,disaster_03067,gives_safety_instruction,0
Disaster Tweets,disaster_tweets,disaster_03067,uses_metaphor_or_idiom,0
Disaster Tweets,disaster_tweets,disaster_03067,refers_to_entertainment_or_sports,0
Disaster Tweets,disaster_tweets,disaster_03067,expresses_joke_or_sarcasm,0
Disaster Tweets,disaster_tweets,disaster_03067,discusses_non_event_context,1
Disaster Tweets,disaster_tweets,disaster_00891,mentions_disaster_type,0
Disaster Tweets,disaster_tweets,disaster_00891,reports_event_occurrence,0
Disaster Tweets,disaster_tweets,disaster_00891,describes_threat_or_danger,0
Disaster Tweets,disaster_tweets,disaster_00891,mentions_cause_or_trigger,0
Disaster Tweets,disaster_tweets,disaster_00891,mentions_location,1
Disaster Tweets,disaster_tweets,disaster_00891,mentions_time_or_recency,1
Disaster Tweets,disaster_tweets,disaster_00891,includes_source_or_report,0
Disaster Tweets,disaster_tweets,disaster_00891,first_person_witnessing,1
Disaster Tweets,disaster_tweets,disaster_00891,mentions_casualties_or_injuries,0
Disaster Tweets,disaster_tweets,disaster_00891,mentions_property_damage,0
Disaster Tweets,disaster_tweets,disaster_00891,mentions_infrastructure_disruption,0
Disaster Tweets,disaster_tweets,disaster_00891,mentions_scale_or_intensity,0
Disaster Tweets,disaster_tweets,disaster_00891,calls_for_help,0
Disaster Tweets,disaster_tweets,disaster_00891,mentions_rescue_or_emergency_services,0
Disaster Tweets,disaster_tweets,disaster_00891,mentions_evacuation_or_shelter,0
Disaster Tweets,disaster_tweets,disaster_00891,gives_safety_instruction,0
Disaster Tweets,disaster_tweets,disaster_00891,uses_metaphor_or_idiom,1
Disaster Tweets,disaster_tweets,disaster_00891,refers_to_entertainment_or_sports,0
Disaster Tweets,disaster_tweets,disaster_00891,expresses_joke_or_sarcasm,0
Disaster Tweets,disaster_tweets,disaster_00891,discusses_non_event_context,1
Disaster Tweets,disaster_tweets,disaster_01868,mentions_disaster_type,0
Disaster Tweets,disaster_tweets,disaster_01868,reports_event_occurrence,0
Disaster Tweets,disaster_tweets,disaster_01868,describes_threat_or_danger,1
Disaster Tweets,disaster_tweets,disaster_01868,mentions_cause_or_trigger,0
Disaster Tweets,disaster_tweets,disaster_01868,mentions_location,1
Disaster Tweets,disaster_tweets,disaster_01868,mentions_time_or_recency,1
Disaster Tweets,disaster_tweets,disaster_01868,includes_source_or_report,1
Disaster Tweets,disaster_tweets,disaster_01868,first_person_witnessing,0
Disaster Tweets,disaster_tweets,disaster_01868,mentions_casualties_or_injuries,0
Disaster Tweets,disaster_tweets,disaster_01868,mentions_property_damage,0
Disaster Tweets,disaster_tweets,disaster_01868,mentions_infrastructure_disruption,0
Disaster Tweets,disaster_tweets,disaster_01868,mentions_scale_or_intensity,0
Disaster Tweets,disaster_tweets,disaster_01868,calls_for_help,0
Disaster Tweets,disaster_tweets,disaster_01868,mentions_rescue_or_emergency_services,0
Disaster Tweets,disaster_tweets,disaster_01868,mentions_evacuation_or_shelter,0
Disaster Tweets,disaster_tweets,disaster_01868,gives_safety_instruction,0
Disaster Tweets,disaster_tweets,disaster_01868,uses_metaphor_or_idiom,1
Disaster Tweets,disaster_tweets,disaster_01868,refers_to_entertainment_or_sports,0
Disaster Tweets,disaster_tweets,disaster_01868,expresses_joke_or_sarcasm,0
Disaster Tweets,disaster_tweets,disaster_01868,discusses_non_event_context,1
Disaster Tweets,disaster_tweets,disaster_03685,mentions_disaster_type,0
Disaster Tweets,disaster_tweets,disaster_03685,reports_event_occurrence,0
Disaster Tweets,disaster_tweets,disaster_03685,describes_threat_or_danger,0
Disaster Tweets,disaster_tweets,disaster_03685,mentions_cause_or_trigger,0
Disaster Tweets,disaster_tweets,disaster_03685,mentions_location,0
Disaster Tweets,disaster_tweets,disaster_03685,mentions_time_or_recency,0
Disaster Tweets,disaster_tweets,disaster_03685,includes_source_or_report,0
Disaster Tweets,disaster_tweets,disaster_03685,first_person_witnessing,0
Disaster Tweets,disaster_tweets,disaster_03685,mentions_casualties_or_injuries,0
Disaster Tweets,disaster_tweets,disaster_03685,mentions_property_damage,1
Disaster Tweets,disaster_tweets,disaster_03685,mentions_infrastructure_disruption,0
Disaster Tweets,disaster_tweets,disaster_03685,mentions_scale_or_intensity,0
Disaster Tweets,disaster_tweets,disaster_03685,calls_for_help,0
Disaster Tweets,disaster_tweets,disaster_03685,mentions_rescue_or_emergency_services,0
Disaster Tweets,disaster_tweets,disaster_03685,mentions_evacuation_or_shelter,0
Disaster Tweets,disaster_tweets,disaster_03685,gives_safety_instruction,0
Disaster Tweets,disaster_tweets,disaster_03685,uses_metaphor_or_idiom,1
Disaster Tweets,disaster_tweets,disaster_03685,refers_to_entertainment_or_sports,0
Disaster Tweets,disaster_tweets,disaster_03685,expresses_joke_or_sarcasm,0
Disaster Tweets,disaster_tweets,disaster_03685,discusses_non_event_context,1
Disaster Tweets,disaster_tweets,disaster_03892,mentions_disaster_type,0
Disaster Tweets,disaster_tweets,disaster_03892,reports_event_occurrence,1
Disaster Tweets,disaster_tweets,disaster_03892,describes_threat_or_danger,0
Disaster Tweets,disaster_tweets,disaster_03892,mentions_cause_or_trigger,0
Disaster Tweets,disaster_tweets,disaster_03892,mentions_location,1
Disaster Tweets,disaster_tweets,disaster_03892,mentions_time_or_recency,1
Disaster Tweets,disaster_tweets,disaster_03892,includes_source_or_report,0
Disaster Tweets,disaster_tweets,disaster_03892,first_person_witnessing,0
Disaster Tweets,disaster_tweets,disaster_03892,mentions_casualties_or_injuries,0
Disaster Tweets,disaster_tweets,disaster_03892,mentions_property_damage,1
Disaster Tweets,disaster_tweets,disaster_03892,mentions_infrastructure_disruption,0
Disaster Tweets,disaster_tweets,disaster_03892,mentions_scale_or_intensity,1
Disaster Tweets,disaster_tweets,disaster_03892,calls_for_help,0
Disaster Tweets,disaster_tweets,disaster_03892,mentions_rescue_or_emergency_services,0
Disaster Tweets,disaster_tweets,disaster_03892,mentions_evacuation_or_shelter,0
Disaster Tweets,disaster_tweets,disaster_03892,gives_safety_instruction,0
Disaster Tweets,disaster_tweets,disaster_03892,uses_metaphor_or_idiom,1
Disaster Tweets,disaster_tweets,disaster_03892,refers_to_entertainment_or_sports,0
Disaster Tweets,disaster_tweets,disaster_03892,expresses_joke_or_sarcasm,1
Disaster Tweets,disaster_tweets,disaster_03892,discusses_non_event_context,1
Disaster Tweets,disaster_tweets,disaster_03689,mentions_disaster_type,0
Disaster Tweets,disaster_tweets,disaster_03689,reports_event_occurrence,0
Disaster Tweets,disaster_tweets,disaster_03689,describes_threat_or_danger,0
Disaster Tweets,disaster_tweets,disaster_03689,mentions_cause_or_trigger,0
Disaster Tweets,disaster_tweets,disaster_03689,mentions_location,0
Disaster Tweets,disaster_tweets,disaster_03689,mentions_time_or_recency,1
Disaster Tweets,disaster_tweets,disaster_03689,includes_source_or_report,0
Disaster Tweets,disaster_tweets,disaster_03689,first_person_witnessing,1
Disaster Tweets,disaster_tweets,disaster_03689,mentions_casualties_or_injuries,0
Disaster Tweets,disaster_tweets,disaster_03689,mentions_property_damage,0
Disaster Tweets,disaster_tweets,disaster_03689,mentions_infrastructure_disruption,0
Disaster Tweets,disaster_tweets,disaster_03689,mentions_scale_or_intensity,0
Disaster Tweets,disaster_tweets,disaster_03689,calls_for_help,0
Disaster Tweets,disaster_tweets,disaster_03689,mentions_rescue_or_emergency_services,1
Disaster Tweets,disaster_tweets,disaster_03689,mentions_evacuation_or_shelter,0
Disaster Tweets,disaster_tweets,disaster_03689,gives_safety_instruction,0
Disaster Tweets,disaster_tweets,disaster_03689,uses_metaphor_or_idiom,0
Disaster Tweets,disaster_tweets,disaster_03689,refers_to_entertainment_or_sports,0
Disaster Tweets,disaster_tweets,disaster_03689,expresses_joke_or_sarcasm,0
Disaster Tweets,disaster_tweets,disaster_03689,discusses_non_event_context,1
Disaster Tweets,disaster_tweets,disaster_04926,mentions_disaster_type,1
Disaster Tweets,disaster_tweets,disaster_04926,reports_event_occurrence,1
Disaster Tweets,disaster_tweets,disaster_04926,describes_threat_or_danger,1
Disaster Tweets,disaster_tweets,disaster_04926,mentions_cause_or_trigger,0
Disaster Tweets,disaster_tweets,disaster_04926,mentions_location,1
Disaster Tweets,disaster_tweets,disaster_04926,mentions_time_or_recency,0
Disaster Tweets,disaster_tweets,disaster_04926,includes_source_or_report,1
Disaster Tweets,disaster_tweets,disaster_04926,first_person_witnessing,0
Disaster Tweets,disaster_tweets,disaster_04926,mentions_casualties_or_injuries,0
Disaster Tweets,disaster_tweets,disaster_04926,mentions_property_damage,1
Disaster Tweets,disaster_tweets,disaster_04926,mentions_infrastructure_disruption,0
Disaster Tweets,disaster_tweets,disaster_04926,mentions_scale_or_intensity,0
Disaster Tweets,disaster_tweets,disaster_04926,calls_for_help,0
Disaster Tweets,disaster_tweets,disaster_04926,mentions_rescue_or_emergency_services,1
Disaster Tweets,disaster_tweets,disaster_04926,mentions_evacuation_or_shelter,0
Disaster Tweets,disaster_tweets,disaster_04926,gives_safety_instruction,0
Disaster Tweets,disaster_tweets,disaster_04926,uses_metaphor_or_idiom,0
Disaster Tweets,disaster_tweets,disaster_04926,refers_to_entertainment_or_sports,0
Disaster Tweets,disaster_tweets,disaster_04926,expresses_joke_or_sarcasm,0
Disaster Tweets,disaster_tweets,disaster_04926,discusses_non_event_context,0
Disaster Tweets,disaster_tweets,disaster_01593,mentions_disaster_type,0
Disaster Tweets,disaster_tweets,disaster_01593,reports_event_occurrence,1
Disaster Tweets,disaster_tweets,disaster_01593,describes_threat_or_danger,0
Disaster Tweets,disaster_tweets,disaster_01593,mentions_cause_or_trigger,1
Disaster Tweets,disaster_tweets,disaster_01593,mentions_location,1
Disaster Tweets,disaster_tweets,disaster_01593,mentions_time_or_recency,0
Disaster Tweets,disaster_tweets,disaster_01593,includes_source_or_report,1
Disaster Tweets,disaster_tweets,disaster_01593,first_person_witnessing,0
Disaster Tweets,disaster_tweets,disaster_01593,mentions_casualties_or_injuries,1
Disaster Tweets,disaster_tweets,disaster_01593,mentions_property_damage,0
Disaster Tweets,disaster_tweets,disaster_01593,mentions_infrastructure_disruption,0
Disaster Tweets,disaster_tweets,disaster_01593,mentions_scale_or_intensity,0
Disaster Tweets,disaster_tweets,disaster_01593,calls_for_help,0
Disaster Tweets,disaster_tweets,disaster_01593,mentions_rescue_or_emergency_services,1
Disaster Tweets,disaster_tweets,disaster_01593,mentions_evacuation_or_shelter,0
Disaster Tweets,disaster_tweets,disaster_01593,gives_safety_instruction,0
Disaster Tweets,disaster_tweets,disaster_01593,uses_metaphor_or_idiom,0
Disaster Tweets,disaster_tweets,disaster_01593,refers_to_entertainment_or_sports,1
Disaster Tweets,disaster_tweets,disaster_01593,expresses_joke_or_sarcasm,0
Disaster Tweets,disaster_tweets,disaster_01593,discusses_non_event_context,1
Disaster Tweets,disaster_tweets,disaster_03602,mentions_disaster_type,1
Disaster Tweets,disaster_tweets,disaster_03602,reports_event_occurrence,0
Disaster Tweets,disaster_tweets,disaster_03602,describes_threat_or_danger,0
Disaster Tweets,disaster_tweets,disaster_03602,mentions_cause_or_trigger,0
Disaster Tweets,disaster_tweets,disaster_03602,mentions_location,0
Disaster Tweets,disaster_tweets,disaster_03602,mentions_time_or_recency,0
Disaster Tweets,disaster_tweets,disaster_03602,includes_source_or_report,0
Disaster Tweets,disaster_tweets,disaster_03602,first_person_witnessing,1
Disaster Tweets,disaster_tweets,disaster_03602,mentions_casualties_or_injuries,0
Disaster Tweets,disaster_tweets,disaster_03602,mentions_property_damage,0
Disaster Tweets,disaster_tweets,disaster_03602,mentions_infrastructure_disruption,0
Disaster Tweets,disaster_tweets,disaster_03602,mentions_scale_or_intensity,0
Disaster Tweets,disaster_tweets,disaster_03602,calls_for_help,0
Disaster Tweets,disaster_tweets,disaster_03602,mentions_rescue_or_emergency_services,0
Disaster Tweets,disaster_tweets,disaster_03602,mentions_evacuation_or_shelter,0
Disaster Tweets,disaster_tweets,disaster_03602,gives_safety_instruction,0
Disaster Tweets,disaster_tweets,disaster_03602,uses_metaphor_or_idiom,1
Disaster Tweets,disaster_tweets,disaster_03602,refers_to_entertainment_or_sports,1
Disaster Tweets,disaster_tweets,disaster_03602,expresses_joke_or_sarcasm,0
Disaster Tweets,disaster_tweets,disaster_03602,discusses_non_event_context,1
Disaster Tweets,disaster_tweets,disaster_01810,mentions_disaster_type,1
Disaster Tweets,disaster_tweets,disaster_01810,reports_event_occurrence,0
Disaster Tweets,disaster_tweets,disaster_01810,describes_threat_or_danger,0
Disaster Tweets,disaster_tweets,disaster_01810,mentions_cause_or_trigger,0
Disaster Tweets,disaster_tweets,disaster_01810,mentions_location,1
Disaster Tweets,disaster_tweets,disaster_01810,mentions_time_or_recency,0
Disaster Tweets,disaster_tweets,disaster_01810,includes_source_or_report,1
Disaster Tweets,disaster_tweets,disaster_01810,first_person_witnessing,0
Disaster Tweets,disaster_tweets,disaster_01810,mentions_casualties_or_injuries,0
Disaster Tweets,disaster_tweets,disaster_01810,mentions_property_damage,0
Disaster Tweets,disaster_tweets,disaster_01810,mentions_infrastructure_disruption,0
Disaster Tweets,disaster_tweets,disaster_01810,mentions_scale_or_intensity,0
Disaster Tweets,disaster_tweets,disaster_01810,calls_for_help,0
Disaster Tweets,disaster_tweets,disaster_01810,mentions_rescue_or_emergency_services,0
Disaster Tweets,disaster_tweets,disaster_01810,mentions_evacuation_or_shelter,0
Disaster Tweets,disaster_tweets,disaster_01810,gives_safety_instruction,0
Disaster Tweets,disaster_tweets,disaster_01810,uses_metaphor_or_idiom,0
Disaster Tweets,disaster_tweets,disaster_01810,refers_to_entertainment_or_sports,0
Disaster Tweets,disaster_tweets,disaster_01810,expresses_joke_or_sarcasm,0
Disaster Tweets,disaster_tweets,disaster_01810,discusses_non_event_context,1
Disaster Tweets,disaster_tweets,disaster_04224,mentions_disaster_type,1
Disaster Tweets,disaster_tweets,disaster_04224,reports_event_occurrence,1
Disaster Tweets,disaster_tweets,disaster_04224,describes_threat_or_danger,1
Disaster Tweets,disaster_tweets,disaster_04224,mentions_cause_or_trigger,0
Disaster Tweets,disaster_tweets,disaster_04224,mentions_location,1
Disaster Tweets,disaster_tweets,disaster_04224,mentions_time_or_recency,0
Disaster Tweets,disaster_tweets,disaster_04224,includes_source_or_report,1
Disaster Tweets,disaster_tweets,disaster_04224,first_person_witnessing,0
Disaster Tweets,disaster_tweets,disaster_04224,mentions_casualties_or_injuries,1
Disaster Tweets,disaster_tweets,disaster_04224,mentions_property_damage,0
Disaster Tweets,disaster_tweets,disaster_04224,mentions_infrastructure_disruption,0
Disaster Tweets,disaster_tweets,disaster_04224,mentions_scale_or_intensity,0
Disaster Tweets,disaster_tweets,disaster_04224,calls_for_help,0
Disaster Tweets,disaster_tweets,disaster_04224,mentions_rescue_or_emergency_services,0
Disaster Tweets,disaster_tweets,disaster_04224,mentions_evacuation_or_shelter,0
Disaster Tweets,disaster_tweets,disaster_04224,gives_safety_instruction,0
Disaster Tweets,disaster_tweets,disaster_04224,uses_metaphor_or_idiom,0
Disaster Tweets,disaster_tweets,disaster_04224,refers_to_entertainment_or_sports,0
Disaster Tweets,disaster_tweets,disaster_04224,expresses_joke_or_sarcasm,0
Disaster Tweets,disaster_tweets,disaster_04224,discusses_non_event_context,1
Disaster Tweets,disaster_tweets,disaster_00895,mentions_disaster_type,0
Disaster Tweets,disaster_tweets,disaster_00895,reports_event_occurrence,0
Disaster Tweets,disaster_tweets,disaster_00895,describes_threat_or_danger,0
Disaster Tweets,disaster_tweets,disaster_00895,mentions_cause_or_trigger,0
Disaster Tweets,disaster_tweets,disaster_00895,mentions_location,0
Disaster Tweets,disaster_tweets,disaster_00895,mentions_time_or_recency,0
Disaster Tweets,disaster_tweets,disaster_00895,includes_source_or_report,0
Disaster Tweets,disaster_tweets,disaster_00895,first_person_witnessing,0
Disaster Tweets,disaster_tweets,disaster_00895,mentions_casualties_or_injuries,0
Disaster Tweets,disaster_tweets,disaster_00895,mentions_property_damage,0
Disaster Tweets,disaster_tweets,disaster_00895,mentions_infrastructure_disruption,0
Disaster Tweets,disaster_tweets,disaster_00895,mentions_scale_or_intensity,0
Disaster Tweets,disaster_tweets,disaster_00895,calls_for_help,0
Disaster Tweets,disaster_tweets,disaster_00895,mentions_rescue_or_emergency_services,0
Disaster Tweets,disaster_tweets,disaster_00895,mentions_evacuation_or_shelter,0
Disaster Tweets,disaster_tweets,disaster_00895,gives_safety_instruction,0
Disaster Tweets,disaster_tweets,disaster_00895,uses_metaphor_or_idiom,1
Disaster Tweets,disaster_tweets,disaster_00895,refers_to_entertainment_or_sports,1
Disaster Tweets,disaster_tweets,disaster_00895,expresses_joke_or_sarcasm,0
Disaster Tweets,disaster_tweets,disaster_00895,discusses_non_event_context,1
Disaster Tweets,disaster_tweets,disaster_03969,mentions_disaster_type,0
Disaster Tweets,disaster_tweets,disaster_03969,reports_event_occurrence,0
Disaster Tweets,disaster_tweets,disaster_03969,describes_threat_or_danger,0
Disaster Tweets,disaster_tweets,disaster_03969,mentions_cause_or_trigger,0
Disaster Tweets,disaster_tweets,disaster_03969,mentions_location,1
Disaster Tweets,disaster_tweets,disaster_03969,mentions_time_or_recency,1
Disaster Tweets,disaster_tweets,disaster_03969,includes_source_or_report,1
Disaster Tweets,disaster_tweets,disaster_03969,first_person_witnessing,0
Disaster Tweets,disaster_tweets,disaster_03969,mentions_casualties_or_injuries,0
Disaster Tweets,disaster_tweets,disaster_03969,mentions_property_damage,0
Disaster Tweets,disaster_tweets,disaster_03969,mentions_infrastructure_disruption,0
Disaster Tweets,disaster_tweets,disaster_03969,mentions_scale_or_intensity,0
Disaster Tweets,disaster_tweets,disaster_03969,calls_for_help,0
Disaster Tweets,disaster_tweets,disaster_03969,mentions_rescue_or_emergency_services,0
Disaster Tweets,disaster_tweets,disaster_03969,mentions_evacuation_or_shelter,0
Disaster Tweets,disaster_tweets,disaster_03969,gives_safety_instruction,0
Disaster Tweets,disaster_tweets,disaster_03969,uses_metaphor_or_idiom,1
Disaster Tweets,disaster_tweets,disaster_03969,refers_to_entertainment_or_sports,0
Disaster Tweets,disaster_tweets,disaster_03969,expresses_joke_or_sarcasm,0
Disaster Tweets,disaster_tweets,disaster_03969,discusses_non_event_context,1
