dataset,dataset_key,id,label,feature_id,llm_value
SMS Spam,sms_spam,sms_spam_00309,spam,mentions_prize_reward_gift,1
SMS Spam,sms_spam,sms_spam_00309,spam,claims_winner_or_selected,1
SMS Spam,sms_spam,sms_spam_00309,spam,impersonates_official_entity,0
SMS Spam,sms_spam,sms_spam_00309,spam,uses_promotional_or_marketing_claim,1
SMS Spam,sms_spam,sms_spam_00309,spam,mentions_money_payment,1
SMS Spam,sms_spam,sms_spam_00309,spam,mentions_free_offer,1
SMS Spam,sms_spam,sms_spam_00309,spam,mentions_discount_or_rate,0
SMS Spam,sms_spam,sms_spam_00309,spam,mentions_financial_gain_or_cost,1
SMS Spam,sms_spam,sms_spam_00309,spam,creates_urgency,1
SMS Spam,sms_spam,sms_spam_00309,spam,uses_deadline_or_expiry,0
SMS Spam,sms_spam,sms_spam_00309,spam,threatens_loss_or_penalty,0
SMS Spam,sms_spam,sms_spam_00309,spam,contains_all_caps_or_exclamation_emphasis,1
SMS Spam,sms_spam,sms_spam_00309,spam,asks_click_link,0
SMS Spam,sms_spam,sms_spam_00309,spam,asks_user_reply_or_call,1
SMS Spam,sms_spam,sms_spam_00309,spam,requests_personal_information,0
SMS Spam,sms_spam,sms_spam_00309,spam,requests_immediate_action,1
SMS Spam,sms_spam,sms_spam_00309,spam,normal_personal_conversation,0
SMS Spam,sms_spam,sms_spam_00309,spam,mentions_meeting_family_friends,0
SMS Spam,sms_spam,sms_spam_00309,spam,uses_casual_emotional_language,0
SMS Spam,sms_spam,sms_spam_00309,spam,refers_previous_conversation,0
SMS Spam,sms_spam,sms_spam_03121,spam,mentions_prize_reward_gift,0
SMS Spam,sms_spam,sms_spam_03121,spam,claims_winner_or_selected,0
SMS Spam,sms_spam,sms_spam_03121,spam,impersonates_official_entity,0
SMS Spam,sms_spam,sms_spam_03121,spam,uses_promotional_or_marketing_claim,1
SMS Spam,sms_spam,sms_spam_03121,spam,mentions_money_payment,1
SMS Spam,sms_spam,sms_spam_03121,spam,mentions_free_offer,0
SMS Spam,sms_spam,sms_spam_03121,spam,mentions_discount_or_rate,0
SMS Spam,sms_spam,sms_spam_03121,spam,mentions_financial_gain_or_cost,1
SMS Spam,sms_spam,sms_spam_03121,spam,creates_urgency,1
SMS Spam,sms_spam,sms_spam_03121,spam,uses_deadline_or_expiry,0
SMS Spam,sms_spam,sms_spam_03121,spam,threatens_loss_or_penalty,0
SMS Spam,sms_spam,sms_spam_03121,spam,contains_all_caps_or_exclamation_emphasis,0
SMS Spam,sms_spam,sms_spam_03121,spam,asks_click_link,0
SMS Spam,sms_spam,sms_spam_03121,spam,asks_user_reply_or_call,1
SMS Spam,sms_spam,sms_spam_03121,spam,requests_personal_information,0
SMS Spam,sms_spam,sms_spam_03121,spam,requests_immediate_action,1
SMS Spam,sms_spam,sms_spam_03121,spam,normal_personal_conversation,0
SMS Spam,sms_spam,sms_spam_03121,spam,mentions_meeting_family_friends,0
SMS Spam,sms_spam,sms_spam_03121,spam,uses_casual_emotional_language,0
SMS Spam,sms_spam,sms_spam_03121,spam,refers_previous_conversation,0
SMS Spam,sms_spam,sms_spam_02836,spam,mentions_prize_reward_gift,0
SMS Spam,sms_spam,sms_spam_02836,spam,claims_winner_or_selected,0
SMS Spam,sms_spam,sms_spam_02836,spam,impersonates_official_entity,0
SMS Spam,sms_spam,sms_spam_02836,spam,uses_promotional_or_marketing_claim,1
SMS Spam,sms_spam,sms_spam_02836,spam,mentions_money_payment,1
SMS Spam,sms_spam,sms_spam_02836,spam,mentions_free_offer,1
SMS Spam,sms_spam,sms_spam_02836,spam,mentions_discount_or_rate,1
SMS Spam,sms_spam,sms_spam_02836,spam,mentions_financial_gain_or_cost,1
SMS Spam,sms_spam,sms_spam_02836,spam,creates_urgency,0
SMS Spam,sms_spam,sms_spam_02836,spam,uses_deadline_or_expiry,0
SMS Spam,sms_spam,sms_spam_02836,spam,threatens_loss_or_penalty,0
SMS Spam,sms_spam,sms_spam_02836,spam,contains_all_caps_or_exclamation_emphasis,0
SMS Spam,sms_spam,sms_spam_02836,spam,asks_click_link,0
SMS Spam,sms_spam,sms_spam_02836,spam,asks_user_reply_or_call,1
SMS Spam,sms_spam,sms_spam_02836,spam,requests_personal_information,0
SMS Spam,sms_spam,sms_spam_02836,spam,requests_immediate_action,0
SMS Spam,sms_spam,sms_spam_02836,spam,normal_personal_conversation,0
SMS Spam,sms_spam,sms_spam_02836,spam,mentions_meeting_family_friends,0
SMS Spam,sms_spam,sms_spam_02836,spam,uses_casual_emotional_language,0
SMS Spam,sms_spam,sms_spam_02836,spam,refers_previous_conversation,0
SMS Spam,sms_spam,sms_spam_03950,spam,mentions_prize_reward_gift,0
SMS Spam,sms_spam,sms_spam_03950,spam,claims_winner_or_selected,0
SMS Spam,sms_spam,sms_spam_03950,spam,impersonates_official_entity,0
SMS Spam,sms_spam,sms_spam_03950,spam,uses_promotional_or_marketing_claim,1
SMS Spam,sms_spam,sms_spam_03950,spam,mentions_money_payment,1
SMS Spam,sms_spam,sms_spam_03950,spam,mentions_free_offer,0
SMS Spam,sms_spam,sms_spam_03950,spam,mentions_discount_or_rate,1
SMS Spam,sms_spam,sms_spam_03950,spam,mentions_financial_gain_or_cost,1
SMS Spam,sms_spam,sms_spam_03950,spam,creates_urgency,0
SMS Spam,sms_spam,sms_spam_03950,spam,uses_deadline_or_expiry,0
SMS Spam,sms_spam,sms_spam_03950,spam,threatens_loss_or_penalty,0
SMS Spam,sms_spam,sms_spam_03950,spam,contains_all_caps_or_exclamation_emphasis,0
SMS Spam,sms_spam,sms_spam_03950,spam,asks_click_link,0
SMS Spam,sms_spam,sms_spam_03950,spam,asks_user_reply_or_call,1
SMS Spam,sms_spam,sms_spam_03950,spam,requests_personal_information,0
SMS Spam,sms_spam,sms_spam_03950,spam,requests_immediate_action,1
SMS Spam,sms_spam,sms_spam_03950,spam,normal_personal_conversation,0
SMS Spam,sms_spam,sms_spam_03950,spam,mentions_meeting_family_friends,0
SMS Spam,sms_spam,sms_spam_03950,spam,uses_casual_emotional_language,0
SMS Spam,sms_spam,sms_spam_03950,spam,refers_previous_conversation,0
SMS Spam,sms_spam,sms_spam_01928,ham,mentions_prize_reward_gift,0
SMS Spam,sms_spam,sms_spam_01928,ham,claims_winner_or_selected,0
SMS Spam,sms_spam,sms_spam_01928,ham,impersonates_official_entity,0
SMS Spam,sms_spam,sms_spam_01928,ham,uses_promotional_or_marketing_claim,0
SMS Spam,sms_spam,sms_spam_01928,ham,mentions_money_payment,0
SMS Spam,sms_spam,sms_spam_01928,ham,mentions_free_offer,0
SMS Spam,sms_spam,sms_spam_01928,ham,mentions_discount_or_rate,0
SMS Spam,sms_spam,sms_spam_01928,ham,mentions_financial_gain_or_cost,0
SMS Spam,sms_spam,sms_spam_01928,ham,creates_urgency,0
SMS Spam,sms_spam,sms_spam_01928,ham,uses_deadline_or_expiry,0
SMS Spam,sms_spam,sms_spam_01928,ham,threatens_loss_or_penalty,0
SMS Spam,sms_spam,sms_spam_01928,ham,contains_all_caps_or_exclamation_emphasis,0
SMS Spam,sms_spam,sms_spam_01928,ham,asks_click_link,0
SMS Spam,sms_spam,sms_spam_01928,ham,asks_user_reply_or_call,0
SMS Spam,sms_spam,sms_spam_01928,ham,requests_personal_information,0
SMS Spam,sms_spam,sms_spam_01928,ham,requests_immediate_action,0
SMS Spam,sms_spam,sms_spam_01928,ham,normal_personal_conversation,1
SMS Spam,sms_spam,sms_spam_01928,ham,mentions_meeting_family_friends,0
SMS Spam,sms_spam,sms_spam_01928,ham,uses_casual_emotional_language,1
SMS Spam,sms_spam,sms_spam_01928,ham,refers_previous_conversation,1
SMS Spam,sms_spam,sms_spam_04295,spam,mentions_prize_reward_gift,0
SMS Spam,sms_spam,sms_spam_04295,spam,claims_winner_or_selected,0
SMS Spam,sms_spam,sms_spam_04295,spam,impersonates_official_entity,0
SMS Spam,sms_spam,sms_spam_04295,spam,uses_promotional_or_marketing_claim,0
SMS Spam,sms_spam,sms_spam_04295,spam,mentions_money_payment,1
SMS Spam,sms_spam,sms_spam_04295,spam,mentions_free_offer,0
SMS Spam,sms_spam,sms_spam_04295,spam,mentions_discount_or_rate,0
SMS Spam,sms_spam,sms_spam_04295,spam,mentions_financial_gain_or_cost,1
SMS Spam,sms_spam,sms_spam_04295,spam,creates_urgency,0
SMS Spam,sms_spam,sms_spam_04295,spam,uses_deadline_or_expiry,0
SMS Spam,sms_spam,sms_spam_04295,spam,threatens_loss_or_penalty,0
SMS Spam,sms_spam,sms_spam_04295,spam,contains_all_caps_or_exclamation_emphasis,0
SMS Spam,sms_spam,sms_spam_04295,spam,asks_click_link,0
SMS Spam,sms_spam,sms_spam_04295,spam,asks_user_reply_or_call,0
SMS Spam,sms_spam,sms_spam_04295,spam,requests_personal_information,0
SMS Spam,sms_spam,sms_spam_04295,spam,requests_immediate_action,0
SMS Spam,sms_spam,sms_spam_04295,spam,normal_personal_conversation,1
SMS Spam,sms_spam,sms_spam_04295,spam,mentions_meeting_family_friends,0
SMS Spam,sms_spam,sms_spam_04295,spam,uses_casual_emotional_language,1
SMS Spam,sms_spam,sms_spam_04295,spam,refers_previous_conversation,1
SMS Spam,sms_spam,sms_spam_03221,spam,mentions_prize_reward_gift,1
SMS Spam,sms_spam,sms_spam_03221,spam,claims_winner_or_selected,1
SMS Spam,sms_spam,sms_spam_03221,spam,impersonates_official_entity,1
SMS Spam,sms_spam,sms_spam_03221,spam,uses_promotional_or_marketing_claim,1
SMS Spam,sms_spam,sms_spam_03221,spam,mentions_money_payment,0
SMS Spam,sms_spam,sms_spam_03221,spam,mentions_free_offer,1
SMS Spam,sms_spam,sms_spam_03221,spam,mentions_discount_or_rate,0
SMS Spam,sms_spam,sms_spam_03221,spam,mentions_financial_gain_or_cost,0
SMS Spam,sms_spam,sms_spam_03221,spam,creates_urgency,1
SMS Spam,sms_spam,sms_spam_03221,spam,uses_deadline_or_expiry,1
SMS Spam,sms_spam,sms_spam_03221,spam,threatens_loss_or_penalty,0
SMS Spam,sms_spam,sms_spam_03221,spam,contains_all_caps_or_exclamation_emphasis,1
SMS Spam,sms_spam,sms_spam_03221,spam,asks_click_link,0
SMS Spam,sms_spam,sms_spam_03221,spam,asks_user_reply_or_call,1
SMS Spam,sms_spam,sms_spam_03221,spam,requests_personal_information,0
SMS Spam,sms_spam,sms_spam_03221,spam,requests_immediate_action,1
SMS Spam,sms_spam,sms_spam_03221,spam,normal_personal_conversation,0
SMS Spam,sms_spam,sms_spam_03221,spam,mentions_meeting_family_friends,0
SMS Spam,sms_spam,sms_spam_03221,spam,uses_casual_emotional_language,0
SMS Spam,sms_spam,sms_spam_03221,spam,refers_previous_conversation,0
SMS Spam,sms_spam,sms_spam_00293,ham,mentions_prize_reward_gift,0
SMS Spam,sms_spam,sms_spam_00293,ham,claims_winner_or_selected,0
SMS Spam,sms_spam,sms_spam_00293,ham,impersonates_official_entity,0
SMS Spam,sms_spam,sms_spam_00293,ham,uses_promotional_or_marketing_claim,0
SMS Spam,sms_spam,sms_spam_00293,ham,mentions_money_payment,0
SMS Spam,sms_spam,sms_spam_00293,ham,mentions_free_offer,0
SMS Spam,sms_spam,sms_spam_00293,ham,mentions_discount_or_rate,0
SMS Spam,sms_spam,sms_spam_00293,ham,mentions_financial_gain_or_cost,0
SMS Spam,sms_spam,sms_spam_00293,ham,creates_urgency,1
SMS Spam,sms_spam,sms_spam_00293,ham,uses_deadline_or_expiry,1
SMS Spam,sms_spam,sms_spam_00293,ham,threatens_loss_or_penalty,0
SMS Spam,sms_spam,sms_spam_00293,ham,contains_all_caps_or_exclamation_emphasis,0
SMS Spam,sms_spam,sms_spam_00293,ham,asks_click_link,0
SMS Spam,sms_spam,sms_spam_00293,ham,asks_user_reply_or_call,0
SMS Spam,sms_spam,sms_spam_00293,ham,requests_personal_information,0
SMS Spam,sms_spam,sms_spam_00293,ham,requests_immediate_action,1
SMS Spam,sms_spam,sms_spam_00293,ham,normal_personal_conversation,0
SMS Spam,sms_spam,sms_spam_00293,ham,mentions_meeting_family_friends,0
SMS Spam,sms_spam,sms_spam_00293,ham,uses_casual_emotional_language,1
SMS Spam,sms_spam,sms_spam_00293,ham,refers_previous_conversation,0
SMS Spam,sms_spam,sms_spam_01415,spam,mentions_prize_reward_gift,1
SMS Spam,sms_spam,sms_spam_01415,spam,claims_winner_or_selected,0
SMS Spam,sms_spam,sms_spam_01415,spam,impersonates_official_entity,0
SMS Spam,sms_spam,sms_spam_01415,spam,uses_promotional_or_marketing_claim,1
SMS Spam,sms_spam,sms_spam_01415,spam,mentions_money_payment,1
SMS Spam,sms_spam,sms_spam_01415,spam,mentions_free_offer,0
SMS Spam,sms_spam,sms_spam_01415,spam,mentions_discount_or_rate,0
SMS Spam,sms_spam,sms_spam_01415,spam,mentions_financial_gain_or_cost,1
SMS Spam,sms_spam,sms_spam_01415,spam,creates_urgency,1
SMS Spam,sms_spam,sms_spam_01415,spam,uses_deadline_or_expiry,0
SMS Spam,sms_spam,sms_spam_01415,spam,threatens_loss_or_penalty,0
SMS Spam,sms_spam,sms_spam_01415,spam,contains_all_caps_or_exclamation_emphasis,1
SMS Spam,sms_spam,sms_spam_01415,spam,asks_click_link,0
SMS Spam,sms_spam,sms_spam_01415,spam,asks_user_reply_or_call,1
SMS Spam,sms_spam,sms_spam_01415,spam,requests_personal_information,0
SMS Spam,sms_spam,sms_spam_01415,spam,requests_immediate_action,1
SMS Spam,sms_spam,sms_spam_01415,spam,normal_personal_conversation,0
SMS Spam,sms_spam,sms_spam_01415,spam,mentions_meeting_family_friends,0
SMS Spam,sms_spam,sms_spam_01415,spam,uses_casual_emotional_language,0
SMS Spam,sms_spam,sms_spam_01415,spam,refers_previous_conversation,0
SMS Spam,sms_spam,sms_spam_00578,spam,mentions_prize_reward_gift,0
SMS Spam,sms_spam,sms_spam_00578,spam,claims_winner_or_selected,0
SMS Spam,sms_spam,sms_spam_00578,spam,impersonates_official_entity,0
SMS Spam,sms_spam,sms_spam_00578,spam,uses_promotional_or_marketing_claim,0
SMS Spam,sms_spam,sms_spam_00578,spam,mentions_money_payment,1
SMS Spam,sms_spam,sms_spam_00578,spam,mentions_free_offer,0
SMS Spam,sms_spam,sms_spam_00578,spam,mentions_discount_or_rate,0
SMS Spam,sms_spam,sms_spam_00578,spam,mentions_financial_gain_or_cost,1
SMS Spam,sms_spam,sms_spam_00578,spam,creates_urgency,0
SMS Spam,sms_spam,sms_spam_00578,spam,uses_deadline_or_expiry,0
SMS Spam,sms_spam,sms_spam_00578,spam,threatens_loss_or_penalty,0
SMS Spam,sms_spam,sms_spam_00578,spam,contains_all_caps_or_exclamation_emphasis,0
SMS Spam,sms_spam,sms_spam_00578,spam,asks_click_link,0
SMS Spam,sms_spam,sms_spam_00578,spam,asks_user_reply_or_call,1
SMS Spam,sms_spam,sms_spam_00578,spam,requests_personal_information,0
SMS Spam,sms_spam,sms_spam_00578,spam,requests_immediate_action,0
SMS Spam,sms_spam,sms_spam_00578,spam,normal_personal_conversation,1
SMS Spam,sms_spam,sms_spam_00578,spam,mentions_meeting_family_friends,0
SMS Spam,sms_spam,sms_spam_00578,spam,uses_casual_emotional_language,1
SMS Spam,sms_spam,sms_spam_00578,spam,refers_previous_conversation,0
SMS Spam,sms_spam,sms_spam_00627,spam,mentions_prize_reward_gift,0
SMS Spam,sms_spam,sms_spam_00627,spam,claims_winner_or_selected,0
SMS Spam,sms_spam,sms_spam_00627,spam,impersonates_official_entity,0
SMS Spam,sms_spam,sms_spam_00627,spam,uses_promotional_or_marketing_claim,1
SMS Spam,sms_spam,sms_spam_00627,spam,mentions_money_payment,1
SMS Spam,sms_spam,sms_spam_00627,spam,mentions_free_offer,0
SMS Spam,sms_spam,sms_spam_00627,spam,mentions_discount_or_rate,0
SMS Spam,sms_spam,sms_spam_00627,spam,mentions_financial_gain_or_cost,1
SMS Spam,sms_spam,sms_spam_00627,spam,creates_urgency,1
SMS Spam,sms_spam,sms_spam_00627,spam,uses_deadline_or_expiry,0
SMS Spam,sms_spam,sms_spam_00627,spam,threatens_loss_or_penalty,0
SMS Spam,sms_spam,sms_spam_00627,spam,contains_all_caps_or_exclamation_emphasis,1
SMS Spam,sms_spam,sms_spam_00627,spam,asks_click_link,0
SMS Spam,sms_spam,sms_spam_00627,spam,asks_user_reply_or_call,1
SMS Spam,sms_spam,sms_spam_00627,spam,requests_personal_information,0
SMS Spam,sms_spam,sms_spam_00627,spam,requests_immediate_action,1
SMS Spam,sms_spam,sms_spam_00627,spam,normal_personal_conversation,0
SMS Spam,sms_spam,sms_spam_00627,spam,mentions_meeting_family_friends,0
SMS Spam,sms_spam,sms_spam_00627,spam,uses_casual_emotional_language,0
SMS Spam,sms_spam,sms_spam_00627,spam,refers_previous_conversation,0
SMS Spam,sms_spam,sms_spam_02111,spam,mentions_prize_reward_gift,1
SMS Spam,sms_spam,sms_spam_02111,spam,claims_winner_or_selected,1
SMS Spam,sms_spam,sms_spam_02111,spam,impersonates_official_entity,1
SMS Spam,sms_spam,sms_spam_02111,spam,uses_promotional_or_marketing_claim,1
SMS Spam,sms_spam,sms_spam_02111,spam,mentions_money_payment,0
SMS Spam,sms_spam,sms_spam_02111,spam,mentions_free_offer,0
SMS Spam,sms_spam,sms_spam_02111,spam,mentions_discount_or_rate,0
SMS Spam,sms_spam,sms_spam_02111,spam,mentions_financial_gain_or_cost,0
SMS Spam,sms_spam,sms_spam_02111,spam,creates_urgency,1
SMS Spam,sms_spam,sms_spam_02111,spam,uses_deadline_or_expiry,1
SMS Spam,sms_spam,sms_spam_02111,spam,threatens_loss_or_penalty,0
SMS Spam,sms_spam,sms_spam_02111,spam,contains_all_caps_or_exclamation_emphasis,1
SMS Spam,sms_spam,sms_spam_02111,spam,asks_click_link,0
SMS Spam,sms_spam,sms_spam_02111,spam,asks_user_reply_or_call,1
SMS Spam,sms_spam,sms_spam_02111,spam,requests_personal_information,0
SMS Spam,sms_spam,sms_spam_02111,spam,requests_immediate_action,1
SMS Spam,sms_spam,sms_spam_02111,spam,normal_personal_conversation,0
SMS Spam,sms_spam,sms_spam_02111,spam,mentions_meeting_family_friends,0
SMS Spam,sms_spam,sms_spam_02111,spam,uses_casual_emotional_language,0
SMS Spam,sms_spam,sms_spam_02111,spam,refers_previous_conversation,0
SMS Spam,sms_spam,sms_spam_03574,ham,mentions_prize_reward_gift,0
SMS Spam,sms_spam,sms_spam_03574,ham,claims_winner_or_selected,0
SMS Spam,sms_spam,sms_spam_03574,ham,impersonates_official_entity,0
SMS Spam,sms_spam,sms_spam_03574,ham,uses_promotional_or_marketing_claim,0
SMS Spam,sms_spam,sms_spam_03574,ham,mentions_money_payment,0
SMS Spam,sms_spam,sms_spam_03574,ham,mentions_free_offer,0
SMS Spam,sms_spam,sms_spam_03574,ham,mentions_discount_or_rate,0
SMS Spam,sms_spam,sms_spam_03574,ham,mentions_financial_gain_or_cost,0
SMS Spam,sms_spam,sms_spam_03574,ham,creates_urgency,0
SMS Spam,sms_spam,sms_spam_03574,ham,uses_deadline_or_expiry,0
SMS Spam,sms_spam,sms_spam_03574,ham,threatens_loss_or_penalty,0
SMS Spam,sms_spam,sms_spam_03574,ham,contains_all_caps_or_exclamation_emphasis,0
SMS Spam,sms_spam,sms_spam_03574,ham,asks_click_link,0
SMS Spam,sms_spam,sms_spam_03574,ham,asks_user_reply_or_call,0
SMS Spam,sms_spam,sms_spam_03574,ham,requests_personal_information,0
SMS Spam,sms_spam,sms_spam_03574,ham,requests_immediate_action,0
SMS Spam,sms_spam,sms_spam_03574,ham,normal_personal_conversation,1
SMS Spam,sms_spam,sms_spam_03574,ham,mentions_meeting_family_friends,0
SMS Spam,sms_spam,sms_spam_03574,ham,uses_casual_emotional_language,1
SMS Spam,sms_spam,sms_spam_03574,ham,refers_previous_conversation,0
SMS Spam,sms_spam,sms_spam_04365,spam,mentions_prize_reward_gift,0
SMS Spam,sms_spam,sms_spam_04365,spam,claims_winner_or_selected,0
SMS Spam,sms_spam,sms_spam_04365,spam,impersonates_official_entity,1
SMS Spam,sms_spam,sms_spam_04365,spam,uses_promotional_or_marketing_claim,0
SMS Spam,sms_spam,sms_spam_04365,spam,mentions_money_payment,0
SMS Spam,sms_spam,sms_spam_04365,spam,mentions_free_offer,0
SMS Spam,sms_spam,sms_spam_04365,spam,mentions_discount_or_rate,0
SMS Spam,sms_spam,sms_spam_04365,spam,mentions_financial_gain_or_cost,0
SMS Spam,sms_spam,sms_spam_04365,spam,creates_urgency,1
SMS Spam,sms_spam,sms_spam_04365,spam,uses_deadline_or_expiry,1
SMS Spam,sms_spam,sms_spam_04365,spam,threatens_loss_or_penalty,0
SMS Spam,sms_spam,sms_spam_04365,spam,contains_all_caps_or_exclamation_emphasis,1
SMS Spam,sms_spam,sms_spam_04365,spam,asks_click_link,0
SMS Spam,sms_spam,sms_spam_04365,spam,asks_user_reply_or_call,1
SMS Spam,sms_spam,sms_spam_04365,spam,requests_personal_information,0
SMS Spam,sms_spam,sms_spam_04365,spam,requests_immediate_action,1
SMS Spam,sms_spam,sms_spam_04365,spam,normal_personal_conversation,0
SMS Spam,sms_spam,sms_spam_04365,spam,mentions_meeting_family_friends,0
SMS Spam,sms_spam,sms_spam_04365,spam,uses_casual_emotional_language,0
SMS Spam,sms_spam,sms_spam_04365,spam,refers_previous_conversation,0
SMS Spam,sms_spam,sms_spam_00908,spam,mentions_prize_reward_gift,0
SMS Spam,sms_spam,sms_spam_00908,spam,claims_winner_or_selected,0
SMS Spam,sms_spam,sms_spam_00908,spam,impersonates_official_entity,1
SMS Spam,sms_spam,sms_spam_00908,spam,uses_promotional_or_marketing_claim,1
SMS Spam,sms_spam,sms_spam_00908,spam,mentions_money_payment,1
SMS Spam,sms_spam,sms_spam_00908,spam,mentions_free_offer,0
SMS Spam,sms_spam,sms_spam_00908,spam,mentions_discount_or_rate,0
SMS Spam,sms_spam,sms_spam_00908,spam,mentions_financial_gain_or_cost,1
SMS Spam,sms_spam,sms_spam_00908,spam,creates_urgency,0
SMS Spam,sms_spam,sms_spam_00908,spam,uses_deadline_or_expiry,0
SMS Spam,sms_spam,sms_spam_00908,spam,threatens_loss_or_penalty,0
SMS Spam,sms_spam,sms_spam_00908,spam,contains_all_caps_or_exclamation_emphasis,0
SMS Spam,sms_spam,sms_spam_00908,spam,asks_click_link,1
SMS Spam,sms_spam,sms_spam_00908,spam,asks_user_reply_or_call,1
SMS Spam,sms_spam,sms_spam_00908,spam,requests_personal_information,0
SMS Spam,sms_spam,sms_spam_00908,spam,requests_immediate_action,0
SMS Spam,sms_spam,sms_spam_00908,spam,normal_personal_conversation,0
SMS Spam,sms_spam,sms_spam_00908,spam,mentions_meeting_family_friends,0
SMS Spam,sms_spam,sms_spam_00908,spam,uses_casual_emotional_language,0
SMS Spam,sms_spam,sms_spam_00908,spam,refers_previous_conversation,0
SMS Spam,sms_spam,sms_spam_00826,ham,mentions_prize_reward_gift,0
SMS Spam,sms_spam,sms_spam_00826,ham,claims_winner_or_selected,0
SMS Spam,sms_spam,sms_spam_00826,ham,impersonates_official_entity,0
SMS Spam,sms_spam,sms_spam_00826,ham,uses_promotional_or_marketing_claim,1
SMS Spam,sms_spam,sms_spam_00826,ham,mentions_money_payment,0
SMS Spam,sms_spam,sms_spam_00826,ham,mentions_free_offer,0
SMS Spam,sms_spam,sms_spam_00826,ham,mentions_discount_or_rate,0
SMS Spam,sms_spam,sms_spam_00826,ham,mentions_financial_gain_or_cost,0
SMS Spam,sms_spam,sms_spam_00826,ham,creates_urgency,0
SMS Spam,sms_spam,sms_spam_00826,ham,uses_deadline_or_expiry,0
SMS Spam,sms_spam,sms_spam_00826,ham,threatens_loss_or_penalty,0
SMS Spam,sms_spam,sms_spam_00826,ham,contains_all_caps_or_exclamation_emphasis,1
SMS Spam,sms_spam,sms_spam_00826,ham,asks_click_link,0
SMS Spam,sms_spam,sms_spam_00826,ham,asks_user_reply_or_call,0
SMS Spam,sms_spam,sms_spam_00826,ham,requests_personal_information,0
SMS Spam,sms_spam,sms_spam_00826,ham,requests_immediate_action,0
SMS Spam,sms_spam,sms_spam_00826,ham,normal_personal_conversation,0
SMS Spam,sms_spam,sms_spam_00826,ham,mentions_meeting_family_friends,0
SMS Spam,sms_spam,sms_spam_00826,ham,uses_casual_emotional_language,0
SMS Spam,sms_spam,sms_spam_00826,ham,refers_previous_conversation,0
SMS Spam,sms_spam,sms_spam_04327,spam,mentions_prize_reward_gift,0
SMS Spam,sms_spam,sms_spam_04327,spam,claims_winner_or_selected,0
SMS Spam,sms_spam,sms_spam_04327,spam,impersonates_official_entity,0
SMS Spam,sms_spam,sms_spam_04327,spam,uses_promotional_or_marketing_claim,1
SMS Spam,sms_spam,sms_spam_04327,spam,mentions_money_payment,1
SMS Spam,sms_spam,sms_spam_04327,spam,mentions_free_offer,0
SMS Spam,sms_spam,sms_spam_04327,spam,mentions_discount_or_rate,0
SMS Spam,sms_spam,sms_spam_04327,spam,mentions_financial_gain_or_cost,1
SMS Spam,sms_spam,sms_spam_04327,spam,creates_urgency,0
SMS Spam,sms_spam,sms_spam_04327,spam,uses_deadline_or_expiry,0
SMS Spam,sms_spam,sms_spam_04327,spam,threatens_loss_or_penalty,0
SMS Spam,sms_spam,sms_spam_04327,spam,contains_all_caps_or_exclamation_emphasis,0
SMS Spam,sms_spam,sms_spam_04327,spam,asks_click_link,0
SMS Spam,sms_spam,sms_spam_04327,spam,asks_user_reply_or_call,1
SMS Spam,sms_spam,sms_spam_04327,spam,requests_personal_information,0
SMS Spam,sms_spam,sms_spam_04327,spam,requests_immediate_action,0
SMS Spam,sms_spam,sms_spam_04327,spam,normal_personal_conversation,0
SMS Spam,sms_spam,sms_spam_04327,spam,mentions_meeting_family_friends,0
SMS Spam,sms_spam,sms_spam_04327,spam,uses_casual_emotional_language,0
SMS Spam,sms_spam,sms_spam_04327,spam,refers_previous_conversation,0
SMS Spam,sms_spam,sms_spam_00329,ham,mentions_prize_reward_gift,0
SMS Spam,sms_spam,sms_spam_00329,ham,claims_winner_or_selected,0
SMS Spam,sms_spam,sms_spam_00329,ham,impersonates_official_entity,0
SMS Spam,sms_spam,sms_spam_00329,ham,uses_promotional_or_marketing_claim,0
SMS Spam,sms_spam,sms_spam_00329,ham,mentions_money_payment,0
SMS Spam,sms_spam,sms_spam_00329,ham,mentions_free_offer,0
SMS Spam,sms_spam,sms_spam_00329,ham,mentions_discount_or_rate,0
SMS Spam,sms_spam,sms_spam_00329,ham,mentions_financial_gain_or_cost,0
SMS Spam,sms_spam,sms_spam_00329,ham,creates_urgency,0
SMS Spam,sms_spam,sms_spam_00329,ham,uses_deadline_or_expiry,0
SMS Spam,sms_spam,sms_spam_00329,ham,threatens_loss_or_penalty,0
SMS Spam,sms_spam,sms_spam_00329,ham,contains_all_caps_or_exclamation_emphasis,0
SMS Spam,sms_spam,sms_spam_00329,ham,asks_click_link,0
SMS Spam,sms_spam,sms_spam_00329,ham,asks_user_reply_or_call,0
SMS Spam,sms_spam,sms_spam_00329,ham,requests_personal_information,0
SMS Spam,sms_spam,sms_spam_00329,ham,requests_immediate_action,0
SMS Spam,sms_spam,sms_spam_00329,ham,normal_personal_conversation,1
SMS Spam,sms_spam,sms_spam_00329,ham,mentions_meeting_family_friends,0
SMS Spam,sms_spam,sms_spam_00329,ham,uses_casual_emotional_language,1
SMS Spam,sms_spam,sms_spam_00329,ham,refers_previous_conversation,1
SMS Spam,sms_spam,sms_spam_01353,spam,mentions_prize_reward_gift,0
SMS Spam,sms_spam,sms_spam_01353,spam,claims_winner_or_selected,0
SMS Spam,sms_spam,sms_spam_01353,spam,impersonates_official_entity,0
SMS Spam,sms_spam,sms_spam_01353,spam,uses_promotional_or_marketing_claim,1
SMS Spam,sms_spam,sms_spam_01353,spam,mentions_money_payment,0
SMS Spam,sms_spam,sms_spam_01353,spam,mentions_free_offer,0
SMS Spam,sms_spam,sms_spam_01353,spam,mentions_discount_or_rate,0
SMS Spam,sms_spam,sms_spam_01353,spam,mentions_financial_gain_or_cost,0
SMS Spam,sms_spam,sms_spam_01353,spam,creates_urgency,0
SMS Spam,sms_spam,sms_spam_01353,spam,uses_deadline_or_expiry,0
SMS Spam,sms_spam,sms_spam_01353,spam,threatens_loss_or_penalty,0
SMS Spam,sms_spam,sms_spam_01353,spam,contains_all_caps_or_exclamation_emphasis,0
SMS Spam,sms_spam,sms_spam_01353,spam,asks_click_link,0
SMS Spam,sms_spam,sms_spam_01353,spam,asks_user_reply_or_call,0
SMS Spam,sms_spam,sms_spam_01353,spam,requests_personal_information,0
SMS Spam,sms_spam,sms_spam_01353,spam,requests_immediate_action,0
SMS Spam,sms_spam,sms_spam_01353,spam,normal_personal_conversation,0
SMS Spam,sms_spam,sms_spam_01353,spam,mentions_meeting_family_friends,0
SMS Spam,sms_spam,sms_spam_01353,spam,uses_casual_emotional_language,0
SMS Spam,sms_spam,sms_spam_01353,spam,refers_previous_conversation,0
SMS Spam,sms_spam,sms_spam_04991,ham,mentions_prize_reward_gift,0
SMS Spam,sms_spam,sms_spam_04991,ham,claims_winner_or_selected,0
SMS Spam,sms_spam,sms_spam_04991,ham,impersonates_official_entity,0
SMS Spam,sms_spam,sms_spam_04991,ham,uses_promotional_or_marketing_claim,0
SMS Spam,sms_spam,sms_spam_04991,ham,mentions_money_payment,0
SMS Spam,sms_spam,sms_spam_04991,ham,mentions_free_offer,0
SMS Spam,sms_spam,sms_spam_04991,ham,mentions_discount_or_rate,0
SMS Spam,sms_spam,sms_spam_04991,ham,mentions_financial_gain_or_cost,0
SMS Spam,sms_spam,sms_spam_04991,ham,creates_urgency,0
SMS Spam,sms_spam,sms_spam_04991,ham,uses_deadline_or_expiry,0
SMS Spam,sms_spam,sms_spam_04991,ham,threatens_loss_or_penalty,0
SMS Spam,sms_spam,sms_spam_04991,ham,contains_all_caps_or_exclamation_emphasis,0
SMS Spam,sms_spam,sms_spam_04991,ham,asks_click_link,0
SMS Spam,sms_spam,sms_spam_04991,ham,asks_user_reply_or_call,0
SMS Spam,sms_spam,sms_spam_04991,ham,requests_personal_information,0
SMS Spam,sms_spam,sms_spam_04991,ham,requests_immediate_action,0
SMS Spam,sms_spam,sms_spam_04991,ham,normal_personal_conversation,1
SMS Spam,sms_spam,sms_spam_04991,ham,mentions_meeting_family_friends,0
SMS Spam,sms_spam,sms_spam_04991,ham,uses_casual_emotional_language,1
SMS Spam,sms_spam,sms_spam_04991,ham,refers_previous_conversation,0
SMS Spam,sms_spam,sms_spam_03845,ham,mentions_prize_reward_gift,0
SMS Spam,sms_spam,sms_spam_03845,ham,claims_winner_or_selected,0
SMS Spam,sms_spam,sms_spam_03845,ham,impersonates_official_entity,0
SMS Spam,sms_spam,sms_spam_03845,ham,uses_promotional_or_marketing_claim,0
SMS Spam,sms_spam,sms_spam_03845,ham,mentions_money_payment,0
SMS Spam,sms_spam,sms_spam_03845,ham,mentions_free_offer,0
SMS Spam,sms_spam,sms_spam_03845,ham,mentions_discount_or_rate,0
SMS Spam,sms_spam,sms_spam_03845,ham,mentions_financial_gain_or_cost,0
SMS Spam,sms_spam,sms_spam_03845,ham,creates_urgency,0
SMS Spam,sms_spam,sms_spam_03845,ham,uses_deadline_or_expiry,0
SMS Spam,sms_spam,sms_spam_03845,ham,threatens_loss_or_penalty,0
SMS Spam,sms_spam,sms_spam_03845,ham,contains_all_caps_or_exclamation_emphasis,0
SMS Spam,sms_spam,sms_spam_03845,ham,asks_click_link,0
SMS Spam,sms_spam,sms_spam_03845,ham,asks_user_reply_or_call,0
SMS Spam,sms_spam,sms_spam_03845,ham,requests_personal_information,0
SMS Spam,sms_spam,sms_spam_03845,ham,requests_immediate_action,0
SMS Spam,sms_spam,sms_spam_03845,ham,normal_personal_conversation,1
SMS Spam,sms_spam,sms_spam_03845,ham,mentions_meeting_family_friends,0
SMS Spam,sms_spam,sms_spam_03845,ham,uses_casual_emotional_language,1
SMS Spam,sms_spam,sms_spam_03845,ham,refers_previous_conversation,1
SMS Spam,sms_spam,sms_spam_01153,spam,mentions_prize_reward_gift,1
SMS Spam,sms_spam,sms_spam_01153,spam,claims_winner_or_selected,1
SMS Spam,sms_spam,sms_spam_01153,spam,impersonates_official_entity,1
SMS Spam,sms_spam,sms_spam_01153,spam,uses_promotional_or_marketing_claim,1
SMS Spam,sms_spam,sms_spam_01153,spam,mentions_money_payment,0
SMS Spam,sms_spam,sms_spam_01153,spam,mentions_free_offer,0
SMS Spam,sms_spam,sms_spam_01153,spam,mentions_discount_or_rate,0
SMS Spam,sms_spam,sms_spam_01153,spam,mentions_financial_gain_or_cost,0
SMS Spam,sms_spam,sms_spam_01153,spam,creates_urgency,1
SMS Spam,sms_spam,sms_spam_01153,spam,uses_deadline_or_expiry,0
SMS Spam,sms_spam,sms_spam_01153,spam,threatens_loss_or_penalty,0
SMS Spam,sms_spam,sms_spam_01153,spam,contains_all_caps_or_exclamation_emphasis,1
SMS Spam,sms_spam,sms_spam_01153,spam,asks_click_link,1
SMS Spam,sms_spam,sms_spam_01153,spam,asks_user_reply_or_call,0
SMS Spam,sms_spam,sms_spam_01153,spam,requests_personal_information,0
SMS Spam,sms_spam,sms_spam_01153,spam,requests_immediate_action,1
SMS Spam,sms_spam,sms_spam_01153,spam,normal_personal_conversation,0
SMS Spam,sms_spam,sms_spam_01153,spam,mentions_meeting_family_friends,0
SMS Spam,sms_spam,sms_spam_01153,spam,uses_casual_emotional_language,0
SMS Spam,sms_spam,sms_spam_01153,spam,refers_previous_conversation,0
SMS Spam,sms_spam,sms_spam_01081,spam,mentions_prize_reward_gift,1
SMS Spam,sms_spam,sms_spam_01081,spam,claims_winner_or_selected,0
SMS Spam,sms_spam,sms_spam_01081,spam,impersonates_official_entity,0
SMS Spam,sms_spam,sms_spam_01081,spam,uses_promotional_or_marketing_claim,1
SMS Spam,sms_spam,sms_spam_01081,spam,mentions_money_payment,1
SMS Spam,sms_spam,sms_spam_01081,spam,mentions_free_offer,1
SMS Spam,sms_spam,sms_spam_01081,spam,mentions_discount_or_rate,0
SMS Spam,sms_spam,sms_spam_01081,spam,mentions_financial_gain_or_cost,1
SMS Spam,sms_spam,sms_spam_01081,spam,creates_urgency,1
SMS Spam,sms_spam,sms_spam_01081,spam,uses_deadline_or_expiry,0
SMS Spam,sms_spam,sms_spam_01081,spam,threatens_loss_or_penalty,0
SMS Spam,sms_spam,sms_spam_01081,spam,contains_all_caps_or_exclamation_emphasis,1
SMS Spam,sms_spam,sms_spam_01081,spam,asks_click_link,1
SMS Spam,sms_spam,sms_spam_01081,spam,asks_user_reply_or_call,1
SMS Spam,sms_spam,sms_spam_01081,spam,requests_personal_information,0
SMS Spam,sms_spam,sms_spam_01081,spam,requests_immediate_action,1
SMS Spam,sms_spam,sms_spam_01081,spam,normal_personal_conversation,0
SMS Spam,sms_spam,sms_spam_01081,spam,mentions_meeting_family_friends,0
SMS Spam,sms_spam,sms_spam_01081,spam,uses_casual_emotional_language,0
SMS Spam,sms_spam,sms_spam_01081,spam,refers_previous_conversation,0
SMS Spam,sms_spam,sms_spam_02082,spam,mentions_prize_reward_gift,0
SMS Spam,sms_spam,sms_spam_02082,spam,claims_winner_or_selected,0
SMS Spam,sms_spam,sms_spam_02082,spam,impersonates_official_entity,0
SMS Spam,sms_spam,sms_spam_02082,spam,uses_promotional_or_marketing_claim,0
SMS Spam,sms_spam,sms_spam_02082,spam,mentions_money_payment,0
SMS Spam,sms_spam,sms_spam_02082,spam,mentions_free_offer,0
SMS Spam,sms_spam,sms_spam_02082,spam,mentions_discount_or_rate,0
SMS Spam,sms_spam,sms_spam_02082,spam,mentions_financial_gain_or_cost,0
SMS Spam,sms_spam,sms_spam_02082,spam,creates_urgency,0
SMS Spam,sms_spam,sms_spam_02082,spam,uses_deadline_or_expiry,0
SMS Spam,sms_spam,sms_spam_02082,spam,threatens_loss_or_penalty,0
SMS Spam,sms_spam,sms_spam_02082,spam,contains_all_caps_or_exclamation_emphasis,0
SMS Spam,sms_spam,sms_spam_02082,spam,asks_click_link,0
SMS Spam,sms_spam,sms_spam_02082,spam,asks_user_reply_or_call,0
SMS Spam,sms_spam,sms_spam_02082,spam,requests_personal_information,0
SMS Spam,sms_spam,sms_spam_02082,spam,requests_immediate_action,0
SMS Spam,sms_spam,sms_spam_02082,spam,normal_personal_conversation,0
SMS Spam,sms_spam,sms_spam_02082,spam,mentions_meeting_family_friends,0
SMS Spam,sms_spam,sms_spam_02082,spam,uses_casual_emotional_language,0
SMS Spam,sms_spam,sms_spam_02082,spam,refers_previous_conversation,0
SMS Spam,sms_spam,sms_spam_03888,spam,mentions_prize_reward_gift,0
SMS Spam,sms_spam,sms_spam_03888,spam,claims_winner_or_selected,0
SMS Spam,sms_spam,sms_spam_03888,spam,impersonates_official_entity,0
SMS Spam,sms_spam,sms_spam_03888,spam,uses_promotional_or_marketing_claim,1
SMS Spam,sms_spam,sms_spam_03888,spam,mentions_money_payment,1
SMS Spam,sms_spam,sms_spam_03888,spam,mentions_free_offer,1
SMS Spam,sms_spam,sms_spam_03888,spam,mentions_discount_or_rate,0
SMS Spam,sms_spam,sms_spam_03888,spam,mentions_financial_gain_or_cost,1
SMS Spam,sms_spam,sms_spam_03888,spam,creates_urgency,0
SMS Spam,sms_spam,sms_spam_03888,spam,uses_deadline_or_expiry,0
SMS Spam,sms_spam,sms_spam_03888,spam,threatens_loss_or_penalty,0
SMS Spam,sms_spam,sms_spam_03888,spam,contains_all_caps_or_exclamation_emphasis,1
SMS Spam,sms_spam,sms_spam_03888,spam,asks_click_link,0
SMS Spam,sms_spam,sms_spam_03888,spam,asks_user_reply_or_call,1
SMS Spam,sms_spam,sms_spam_03888,spam,requests_personal_information,0
SMS Spam,sms_spam,sms_spam_03888,spam,requests_immediate_action,1
SMS Spam,sms_spam,sms_spam_03888,spam,normal_personal_conversation,0
SMS Spam,sms_spam,sms_spam_03888,spam,mentions_meeting_family_friends,0
SMS Spam,sms_spam,sms_spam_03888,spam,uses_casual_emotional_language,0
SMS Spam,sms_spam,sms_spam_03888,spam,refers_previous_conversation,0
SMS Spam,sms_spam,sms_spam_01471,ham,mentions_prize_reward_gift,0
SMS Spam,sms_spam,sms_spam_01471,ham,claims_winner_or_selected,0
SMS Spam,sms_spam,sms_spam_01471,ham,impersonates_official_entity,0
SMS Spam,sms_spam,sms_spam_01471,ham,uses_promotional_or_marketing_claim,0
SMS Spam,sms_spam,sms_spam_01471,ham,mentions_money_payment,0
SMS Spam,sms_spam,sms_spam_01471,ham,mentions_free_offer,0
SMS Spam,sms_spam,sms_spam_01471,ham,mentions_discount_or_rate,0
SMS Spam,sms_spam,sms_spam_01471,ham,mentions_financial_gain_or_cost,0
SMS Spam,sms_spam,sms_spam_01471,ham,creates_urgency,0
SMS Spam,sms_spam,sms_spam_01471,ham,uses_deadline_or_expiry,0
SMS Spam,sms_spam,sms_spam_01471,ham,threatens_loss_or_penalty,0
SMS Spam,sms_spam,sms_spam_01471,ham,contains_all_caps_or_exclamation_emphasis,0
SMS Spam,sms_spam,sms_spam_01471,ham,asks_click_link,0
SMS Spam,sms_spam,sms_spam_01471,ham,asks_user_reply_or_call,0
SMS Spam,sms_spam,sms_spam_01471,ham,requests_personal_information,0
SMS Spam,sms_spam,sms_spam_01471,ham,requests_immediate_action,0
SMS Spam,sms_spam,sms_spam_01471,ham,normal_personal_conversation,1
SMS Spam,sms_spam,sms_spam_01471,ham,mentions_meeting_family_friends,0
SMS Spam,sms_spam,sms_spam_01471,ham,uses_casual_emotional_language,1
SMS Spam,sms_spam,sms_spam_01471,ham,refers_previous_conversation,1
SMS Spam,sms_spam,sms_spam_01250,spam,mentions_prize_reward_gift,1
SMS Spam,sms_spam,sms_spam_01250,spam,claims_winner_or_selected,1
SMS Spam,sms_spam,sms_spam_01250,spam,impersonates_official_entity,1
SMS Spam,sms_spam,sms_spam_01250,spam,uses_promotional_or_marketing_claim,1
SMS Spam,sms_spam,sms_spam_01250,spam,mentions_money_payment,0
SMS Spam,sms_spam,sms_spam_01250,spam,mentions_free_offer,0
SMS Spam,sms_spam,sms_spam_01250,spam,mentions_discount_or_rate,0
SMS Spam,sms_spam,sms_spam_01250,spam,mentions_financial_gain_or_cost,0
SMS Spam,sms_spam,sms_spam_01250,spam,creates_urgency,1
SMS Spam,sms_spam,sms_spam_01250,spam,uses_deadline_or_expiry,0
SMS Spam,sms_spam,sms_spam_01250,spam,threatens_loss_or_penalty,0
SMS Spam,sms_spam,sms_spam_01250,spam,contains_all_caps_or_exclamation_emphasis,0
SMS Spam,sms_spam,sms_spam_01250,spam,asks_click_link,0
SMS Spam,sms_spam,sms_spam_01250,spam,asks_user_reply_or_call,1
SMS Spam,sms_spam,sms_spam_01250,spam,requests_personal_information,0
SMS Spam,sms_spam,sms_spam_01250,spam,requests_immediate_action,1
SMS Spam,sms_spam,sms_spam_01250,spam,normal_personal_conversation,0
SMS Spam,sms_spam,sms_spam_01250,spam,mentions_meeting_family_friends,0
SMS Spam,sms_spam,sms_spam_01250,spam,uses_casual_emotional_language,0
SMS Spam,sms_spam,sms_spam_01250,spam,refers_previous_conversation,0
SMS Spam,sms_spam,sms_spam_00829,spam,mentions_prize_reward_gift,1
SMS Spam,sms_spam,sms_spam_00829,spam,claims_winner_or_selected,1
SMS Spam,sms_spam,sms_spam_00829,spam,impersonates_official_entity,0
SMS Spam,sms_spam,sms_spam_00829,spam,uses_promotional_or_marketing_claim,1
SMS Spam,sms_spam,sms_spam_00829,spam,mentions_money_payment,1
SMS Spam,sms_spam,sms_spam_00829,spam,mentions_free_offer,1
SMS Spam,sms_spam,sms_spam_00829,spam,mentions_discount_or_rate,0
SMS Spam,sms_spam,sms_spam_00829,spam,mentions_financial_gain_or_cost,1
SMS Spam,sms_spam,sms_spam_00829,spam,creates_urgency,0
SMS Spam,sms_spam,sms_spam_00829,spam,uses_deadline_or_expiry,0
SMS Spam,sms_spam,sms_spam_00829,spam,threatens_loss_or_penalty,0
SMS Spam,sms_spam,sms_spam_00829,spam,contains_all_caps_or_exclamation_emphasis,0
SMS Spam,sms_spam,sms_spam_00829,spam,asks_click_link,0
SMS Spam,sms_spam,sms_spam_00829,spam,asks_user_reply_or_call,1
SMS Spam,sms_spam,sms_spam_00829,spam,requests_personal_information,0
SMS Spam,sms_spam,sms_spam_00829,spam,requests_immediate_action,1
SMS Spam,sms_spam,sms_spam_00829,spam,normal_personal_conversation,0
SMS Spam,sms_spam,sms_spam_00829,spam,mentions_meeting_family_friends,0
SMS Spam,sms_spam,sms_spam_00829,spam,uses_casual_emotional_language,0
SMS Spam,sms_spam,sms_spam_00829,spam,refers_previous_conversation,0
SMS Spam,sms_spam,sms_spam_03621,ham,mentions_prize_reward_gift,0
SMS Spam,sms_spam,sms_spam_03621,ham,claims_winner_or_selected,0
SMS Spam,sms_spam,sms_spam_03621,ham,impersonates_official_entity,0
SMS Spam,sms_spam,sms_spam_03621,ham,uses_promotional_or_marketing_claim,0
SMS Spam,sms_spam,sms_spam_03621,ham,mentions_money_payment,0
SMS Spam,sms_spam,sms_spam_03621,ham,mentions_free_offer,0
SMS Spam,sms_spam,sms_spam_03621,ham,mentions_discount_or_rate,0
SMS Spam,sms_spam,sms_spam_03621,ham,mentions_financial_gain_or_cost,0
SMS Spam,sms_spam,sms_spam_03621,ham,creates_urgency,0
SMS Spam,sms_spam,sms_spam_03621,ham,uses_deadline_or_expiry,0
SMS Spam,sms_spam,sms_spam_03621,ham,threatens_loss_or_penalty,0
SMS Spam,sms_spam,sms_spam_03621,ham,contains_all_caps_or_exclamation_emphasis,0
SMS Spam,sms_spam,sms_spam_03621,ham,asks_click_link,0
SMS Spam,sms_spam,sms_spam_03621,ham,asks_user_reply_or_call,0
SMS Spam,sms_spam,sms_spam_03621,ham,requests_personal_information,0
SMS Spam,sms_spam,sms_spam_03621,ham,requests_immediate_action,0
SMS Spam,sms_spam,sms_spam_03621,ham,normal_personal_conversation,1
SMS Spam,sms_spam,sms_spam_03621,ham,mentions_meeting_family_friends,1
SMS Spam,sms_spam,sms_spam_03621,ham,uses_casual_emotional_language,1
SMS Spam,sms_spam,sms_spam_03621,ham,refers_previous_conversation,0
SMS Spam,sms_spam,sms_spam_00306,ham,mentions_prize_reward_gift,0
SMS Spam,sms_spam,sms_spam_00306,ham,claims_winner_or_selected,0
SMS Spam,sms_spam,sms_spam_00306,ham,impersonates_official_entity,0
SMS Spam,sms_spam,sms_spam_00306,ham,uses_promotional_or_marketing_claim,0
SMS Spam,sms_spam,sms_spam_00306,ham,mentions_money_payment,0
SMS Spam,sms_spam,sms_spam_00306,ham,mentions_free_offer,0
SMS Spam,sms_spam,sms_spam_00306,ham,mentions_discount_or_rate,0
SMS Spam,sms_spam,sms_spam_00306,ham,mentions_financial_gain_or_cost,0
SMS Spam,sms_spam,sms_spam_00306,ham,creates_urgency,0
SMS Spam,sms_spam,sms_spam_00306,ham,uses_deadline_or_expiry,0
SMS Spam,sms_spam,sms_spam_00306,ham,threatens_loss_or_penalty,0
SMS Spam,sms_spam,sms_spam_00306,ham,contains_all_caps_or_exclamation_emphasis,0
SMS Spam,sms_spam,sms_spam_00306,ham,asks_click_link,0
SMS Spam,sms_spam,sms_spam_00306,ham,asks_user_reply_or_call,0
SMS Spam,sms_spam,sms_spam_00306,ham,requests_personal_information,0
SMS Spam,sms_spam,sms_spam_00306,ham,requests_immediate_action,0
SMS Spam,sms_spam,sms_spam_00306,ham,normal_personal_conversation,1
SMS Spam,sms_spam,sms_spam_00306,ham,mentions_meeting_family_friends,0
SMS Spam,sms_spam,sms_spam_00306,ham,uses_casual_emotional_language,1
SMS Spam,sms_spam,sms_spam_00306,ham,refers_previous_conversation,1
SMS Spam,sms_spam,sms_spam_02325,spam,mentions_prize_reward_gift,0
SMS Spam,sms_spam,sms_spam_02325,spam,claims_winner_or_selected,0
SMS Spam,sms_spam,sms_spam_02325,spam,impersonates_official_entity,0
SMS Spam,sms_spam,sms_spam_02325,spam,uses_promotional_or_marketing_claim,1
SMS Spam,sms_spam,sms_spam_02325,spam,mentions_money_payment,1
SMS Spam,sms_spam,sms_spam_02325,spam,mentions_free_offer,0
SMS Spam,sms_spam,sms_spam_02325,spam,mentions_discount_or_rate,0
SMS Spam,sms_spam,sms_spam_02325,spam,mentions_financial_gain_or_cost,1
SMS Spam,sms_spam,sms_spam_02325,spam,creates_urgency,0
SMS Spam,sms_spam,sms_spam_02325,spam,uses_deadline_or_expiry,0
SMS Spam,sms_spam,sms_spam_02325,spam,threatens_loss_or_penalty,0
SMS Spam,sms_spam,sms_spam_02325,spam,contains_all_caps_or_exclamation_emphasis,0
SMS Spam,sms_spam,sms_spam_02325,spam,asks_click_link,0
SMS Spam,sms_spam,sms_spam_02325,spam,asks_user_reply_or_call,1
SMS Spam,sms_spam,sms_spam_02325,spam,requests_personal_information,0
SMS Spam,sms_spam,sms_spam_02325,spam,requests_immediate_action,1
SMS Spam,sms_spam,sms_spam_02325,spam,normal_personal_conversation,0
SMS Spam,sms_spam,sms_spam_02325,spam,mentions_meeting_family_friends,0
SMS Spam,sms_spam,sms_spam_02325,spam,uses_casual_emotional_language,0
SMS Spam,sms_spam,sms_spam_02325,spam,refers_previous_conversation,0
SMS Spam,sms_spam,sms_spam_03278,ham,mentions_prize_reward_gift,0
SMS Spam,sms_spam,sms_spam_03278,ham,claims_winner_or_selected,0
SMS Spam,sms_spam,sms_spam_03278,ham,impersonates_official_entity,0
SMS Spam,sms_spam,sms_spam_03278,ham,uses_promotional_or_marketing_claim,0
SMS Spam,sms_spam,sms_spam_03278,ham,mentions_money_payment,1
SMS Spam,sms_spam,sms_spam_03278,ham,mentions_free_offer,0
SMS Spam,sms_spam,sms_spam_03278,ham,mentions_discount_or_rate,0
SMS Spam,sms_spam,sms_spam_03278,ham,mentions_financial_gain_or_cost,1
SMS Spam,sms_spam,sms_spam_03278,ham,creates_urgency,0
SMS Spam,sms_spam,sms_spam_03278,ham,uses_deadline_or_expiry,0
SMS Spam,sms_spam,sms_spam_03278,ham,threatens_loss_or_penalty,0
SMS Spam,sms_spam,sms_spam_03278,ham,contains_all_caps_or_exclamation_emphasis,0
SMS Spam,sms_spam,sms_spam_03278,ham,asks_click_link,0
SMS Spam,sms_spam,sms_spam_03278,ham,asks_user_reply_or_call,0
SMS Spam,sms_spam,sms_spam_03278,ham,requests_personal_information,0
SMS Spam,sms_spam,sms_spam_03278,ham,requests_immediate_action,0
SMS Spam,sms_spam,sms_spam_03278,ham,normal_personal_conversation,1
SMS Spam,sms_spam,sms_spam_03278,ham,mentions_meeting_family_friends,1
SMS Spam,sms_spam,sms_spam_03278,ham,uses_casual_emotional_language,1
SMS Spam,sms_spam,sms_spam_03278,ham,refers_previous_conversation,1
SMS Spam,sms_spam,sms_spam_01800,spam,mentions_prize_reward_gift,1
SMS Spam,sms_spam,sms_spam_01800,spam,claims_winner_or_selected,1
SMS Spam,sms_spam,sms_spam_01800,spam,impersonates_official_entity,1
SMS Spam,sms_spam,sms_spam_01800,spam,uses_promotional_or_marketing_claim,1
SMS Spam,sms_spam,sms_spam_01800,spam,mentions_money_payment,1
SMS Spam,sms_spam,sms_spam_01800,spam,mentions_free_offer,0
SMS Spam,sms_spam,sms_spam_01800,spam,mentions_discount_or_rate,0
SMS Spam,sms_spam,sms_spam_01800,spam,mentions_financial_gain_or_cost,1
SMS Spam,sms_spam,sms_spam_01800,spam,creates_urgency,0
SMS Spam,sms_spam,sms_spam_01800,spam,uses_deadline_or_expiry,0
SMS Spam,sms_spam,sms_spam_01800,spam,threatens_loss_or_penalty,0
SMS Spam,sms_spam,sms_spam_01800,spam,contains_all_caps_or_exclamation_emphasis,0
SMS Spam,sms_spam,sms_spam_01800,spam,asks_click_link,0
SMS Spam,sms_spam,sms_spam_01800,spam,asks_user_reply_or_call,1
SMS Spam,sms_spam,sms_spam_01800,spam,requests_personal_information,0
SMS Spam,sms_spam,sms_spam_01800,spam,requests_immediate_action,1
SMS Spam,sms_spam,sms_spam_01800,spam,normal_personal_conversation,0
SMS Spam,sms_spam,sms_spam_01800,spam,mentions_meeting_family_friends,0
SMS Spam,sms_spam,sms_spam_01800,spam,uses_casual_emotional_language,0
SMS Spam,sms_spam,sms_spam_01800,spam,refers_previous_conversation,0
SMS Spam,sms_spam,sms_spam_01160,ham,mentions_prize_reward_gift,0
SMS Spam,sms_spam,sms_spam_01160,ham,claims_winner_or_selected,0
SMS Spam,sms_spam,sms_spam_01160,ham,impersonates_official_entity,0
SMS Spam,sms_spam,sms_spam_01160,ham,uses_promotional_or_marketing_claim,0
SMS Spam,sms_spam,sms_spam_01160,ham,mentions_money_payment,0
SMS Spam,sms_spam,sms_spam_01160,ham,mentions_free_offer,0
SMS Spam,sms_spam,sms_spam_01160,ham,mentions_discount_or_rate,0
SMS Spam,sms_spam,sms_spam_01160,ham,mentions_financial_gain_or_cost,0
SMS Spam,sms_spam,sms_spam_01160,ham,creates_urgency,0
SMS Spam,sms_spam,sms_spam_01160,ham,uses_deadline_or_expiry,0
SMS Spam,sms_spam,sms_spam_01160,ham,threatens_loss_or_penalty,0
SMS Spam,sms_spam,sms_spam_01160,ham,contains_all_caps_or_exclamation_emphasis,0
SMS Spam,sms_spam,sms_spam_01160,ham,asks_click_link,0
SMS Spam,sms_spam,sms_spam_01160,ham,asks_user_reply_or_call,0
SMS Spam,sms_spam,sms_spam_01160,ham,requests_personal_information,0
SMS Spam,sms_spam,sms_spam_01160,ham,requests_immediate_action,0
SMS Spam,sms_spam,sms_spam_01160,ham,normal_personal_conversation,1
SMS Spam,sms_spam,sms_spam_01160,ham,mentions_meeting_family_friends,0
SMS Spam,sms_spam,sms_spam_01160,ham,uses_casual_emotional_language,1
SMS Spam,sms_spam,sms_spam_01160,ham,refers_previous_conversation,1
SMS Spam,sms_spam,sms_spam_01729,spam,mentions_prize_reward_gift,0
SMS Spam,sms_spam,sms_spam_01729,spam,claims_winner_or_selected,0
SMS Spam,sms_spam,sms_spam_01729,spam,impersonates_official_entity,0
SMS Spam,sms_spam,sms_spam_01729,spam,uses_promotional_or_marketing_claim,1
SMS Spam,sms_spam,sms_spam_01729,spam,mentions_money_payment,0
SMS Spam,sms_spam,sms_spam_01729,spam,mentions_free_offer,0
SMS Spam,sms_spam,sms_spam_01729,spam,mentions_discount_or_rate,0
SMS Spam,sms_spam,sms_spam_01729,spam,mentions_financial_gain_or_cost,0
SMS Spam,sms_spam,sms_spam_01729,spam,creates_urgency,1
SMS Spam,sms_spam,sms_spam_01729,spam,uses_deadline_or_expiry,0
SMS Spam,sms_spam,sms_spam_01729,spam,threatens_loss_or_penalty,0
SMS Spam,sms_spam,sms_spam_01729,spam,contains_all_caps_or_exclamation_emphasis,1
SMS Spam,sms_spam,sms_spam_01729,spam,asks_click_link,0
SMS Spam,sms_spam,sms_spam_01729,spam,asks_user_reply_or_call,1
SMS Spam,sms_spam,sms_spam_01729,spam,requests_personal_information,0
SMS Spam,sms_spam,sms_spam_01729,spam,requests_immediate_action,1
SMS Spam,sms_spam,sms_spam_01729,spam,normal_personal_conversation,0
SMS Spam,sms_spam,sms_spam_01729,spam,mentions_meeting_family_friends,0
SMS Spam,sms_spam,sms_spam_01729,spam,uses_casual_emotional_language,0
SMS Spam,sms_spam,sms_spam_01729,spam,refers_previous_conversation,0
SMS Spam,sms_spam,sms_spam_02031,ham,mentions_prize_reward_gift,0
SMS Spam,sms_spam,sms_spam_02031,ham,claims_winner_or_selected,0
SMS Spam,sms_spam,sms_spam_02031,ham,impersonates_official_entity,0
SMS Spam,sms_spam,sms_spam_02031,ham,uses_promotional_or_marketing_claim,0
SMS Spam,sms_spam,sms_spam_02031,ham,mentions_money_payment,0
SMS Spam,sms_spam,sms_spam_02031,ham,mentions_free_offer,0
SMS Spam,sms_spam,sms_spam_02031,ham,mentions_discount_or_rate,0
SMS Spam,sms_spam,sms_spam_02031,ham,mentions_financial_gain_or_cost,0
SMS Spam,sms_spam,sms_spam_02031,ham,creates_urgency,0
SMS Spam,sms_spam,sms_spam_02031,ham,uses_deadline_or_expiry,0
SMS Spam,sms_spam,sms_spam_02031,ham,threatens_loss_or_penalty,0
SMS Spam,sms_spam,sms_spam_02031,ham,contains_all_caps_or_exclamation_emphasis,0
SMS Spam,sms_spam,sms_spam_02031,ham,asks_click_link,0
SMS Spam,sms_spam,sms_spam_02031,ham,asks_user_reply_or_call,0
SMS Spam,sms_spam,sms_spam_02031,ham,requests_personal_information,0
SMS Spam,sms_spam,sms_spam_02031,ham,requests_immediate_action,0
SMS Spam,sms_spam,sms_spam_02031,ham,normal_personal_conversation,1
SMS Spam,sms_spam,sms_spam_02031,ham,mentions_meeting_family_friends,0
SMS Spam,sms_spam,sms_spam_02031,ham,uses_casual_emotional_language,1
SMS Spam,sms_spam,sms_spam_02031,ham,refers_previous_conversation,1
SMS Spam,sms_spam,sms_spam_02601,ham,mentions_prize_reward_gift,0
SMS Spam,sms_spam,sms_spam_02601,ham,claims_winner_or_selected,0
SMS Spam,sms_spam,sms_spam_02601,ham,impersonates_official_entity,0
SMS Spam,sms_spam,sms_spam_02601,ham,uses_promotional_or_marketing_claim,0
SMS Spam,sms_spam,sms_spam_02601,ham,mentions_money_payment,0
SMS Spam,sms_spam,sms_spam_02601,ham,mentions_free_offer,0
SMS Spam,sms_spam,sms_spam_02601,ham,mentions_discount_or_rate,0
SMS Spam,sms_spam,sms_spam_02601,ham,mentions_financial_gain_or_cost,0
SMS Spam,sms_spam,sms_spam_02601,ham,creates_urgency,0
SMS Spam,sms_spam,sms_spam_02601,ham,uses_deadline_or_expiry,0
SMS Spam,sms_spam,sms_spam_02601,ham,threatens_loss_or_penalty,0
SMS Spam,sms_spam,sms_spam_02601,ham,contains_all_caps_or_exclamation_emphasis,0
SMS Spam,sms_spam,sms_spam_02601,ham,asks_click_link,0
SMS Spam,sms_spam,sms_spam_02601,ham,asks_user_reply_or_call,0
SMS Spam,sms_spam,sms_spam_02601,ham,requests_personal_information,0
SMS Spam,sms_spam,sms_spam_02601,ham,requests_immediate_action,0
SMS Spam,sms_spam,sms_spam_02601,ham,normal_personal_conversation,1
SMS Spam,sms_spam,sms_spam_02601,ham,mentions_meeting_family_friends,0
SMS Spam,sms_spam,sms_spam_02601,ham,uses_casual_emotional_language,1
SMS Spam,sms_spam,sms_spam_02601,ham,refers_previous_conversation,1
SMS Spam,sms_spam,sms_spam_02040,ham,mentions_prize_reward_gift,0
SMS Spam,sms_spam,sms_spam_02040,ham,claims_winner_or_selected,0
SMS Spam,sms_spam,sms_spam_02040,ham,impersonates_official_entity,0
SMS Spam,sms_spam,sms_spam_02040,ham,uses_promotional_or_marketing_claim,0
SMS Spam,sms_spam,sms_spam_02040,ham,mentions_money_payment,0
SMS Spam,sms_spam,sms_spam_02040,ham,mentions_free_offer,0
SMS Spam,sms_spam,sms_spam_02040,ham,mentions_discount_or_rate,0
SMS Spam,sms_spam,sms_spam_02040,ham,mentions_financial_gain_or_cost,0
SMS Spam,sms_spam,sms_spam_02040,ham,creates_urgency,0
SMS Spam,sms_spam,sms_spam_02040,ham,uses_deadline_or_expiry,0
SMS Spam,sms_spam,sms_spam_02040,ham,threatens_loss_or_penalty,0
SMS Spam,sms_spam,sms_spam_02040,ham,contains_all_caps_or_exclamation_emphasis,0
SMS Spam,sms_spam,sms_spam_02040,ham,asks_click_link,0
SMS Spam,sms_spam,sms_spam_02040,ham,asks_user_reply_or_call,1
SMS Spam,sms_spam,sms_spam_02040,ham,requests_personal_information,0
SMS Spam,sms_spam,sms_spam_02040,ham,requests_immediate_action,0
SMS Spam,sms_spam,sms_spam_02040,ham,normal_personal_conversation,1
SMS Spam,sms_spam,sms_spam_02040,ham,mentions_meeting_family_friends,0
SMS Spam,sms_spam,sms_spam_02040,ham,uses_casual_emotional_language,1
SMS Spam,sms_spam,sms_spam_02040,ham,refers_previous_conversation,0
SMS Spam,sms_spam,sms_spam_03702,spam,mentions_prize_reward_gift,0
SMS Spam,sms_spam,sms_spam_03702,spam,claims_winner_or_selected,0
SMS Spam,sms_spam,sms_spam_03702,spam,impersonates_official_entity,0
SMS Spam,sms_spam,sms_spam_03702,spam,uses_promotional_or_marketing_claim,1
SMS Spam,sms_spam,sms_spam_03702,spam,mentions_money_payment,0
SMS Spam,sms_spam,sms_spam_03702,spam,mentions_free_offer,0
SMS Spam,sms_spam,sms_spam_03702,spam,mentions_discount_or_rate,0
SMS Spam,sms_spam,sms_spam_03702,spam,mentions_financial_gain_or_cost,0
SMS Spam,sms_spam,sms_spam_03702,spam,creates_urgency,0
SMS Spam,sms_spam,sms_spam_03702,spam,uses_deadline_or_expiry,0
SMS Spam,sms_spam,sms_spam_03702,spam,threatens_loss_or_penalty,0
SMS Spam,sms_spam,sms_spam_03702,spam,contains_all_caps_or_exclamation_emphasis,0
SMS Spam,sms_spam,sms_spam_03702,spam,asks_click_link,0
SMS Spam,sms_spam,sms_spam_03702,spam,asks_user_reply_or_call,1
SMS Spam,sms_spam,sms_spam_03702,spam,requests_personal_information,0
SMS Spam,sms_spam,sms_spam_03702,spam,requests_immediate_action,0
SMS Spam,sms_spam,sms_spam_03702,spam,normal_personal_conversation,0
SMS Spam,sms_spam,sms_spam_03702,spam,mentions_meeting_family_friends,0
SMS Spam,sms_spam,sms_spam_03702,spam,uses_casual_emotional_language,0
SMS Spam,sms_spam,sms_spam_03702,spam,refers_previous_conversation,0
SMS Spam,sms_spam,sms_spam_02696,spam,mentions_prize_reward_gift,1
SMS Spam,sms_spam,sms_spam_02696,spam,claims_winner_or_selected,0
SMS Spam,sms_spam,sms_spam_02696,spam,impersonates_official_entity,0
SMS Spam,sms_spam,sms_spam_02696,spam,uses_promotional_or_marketing_claim,1
SMS Spam,sms_spam,sms_spam_02696,spam,mentions_money_payment,1
SMS Spam,sms_spam,sms_spam_02696,spam,mentions_free_offer,0
SMS Spam,sms_spam,sms_spam_02696,spam,mentions_discount_or_rate,1
SMS Spam,sms_spam,sms_spam_02696,spam,mentions_financial_gain_or_cost,1
SMS Spam,sms_spam,sms_spam_02696,spam,creates_urgency,1
SMS Spam,sms_spam,sms_spam_02696,spam,uses_deadline_or_expiry,1
SMS Spam,sms_spam,sms_spam_02696,spam,threatens_loss_or_penalty,0
SMS Spam,sms_spam,sms_spam_02696,spam,contains_all_caps_or_exclamation_emphasis,1
SMS Spam,sms_spam,sms_spam_02696,spam,asks_click_link,0
SMS Spam,sms_spam,sms_spam_02696,spam,asks_user_reply_or_call,1
SMS Spam,sms_spam,sms_spam_02696,spam,requests_personal_information,0
SMS Spam,sms_spam,sms_spam_02696,spam,requests_immediate_action,1
SMS Spam,sms_spam,sms_spam_02696,spam,normal_personal_conversation,0
SMS Spam,sms_spam,sms_spam_02696,spam,mentions_meeting_family_friends,0
SMS Spam,sms_spam,sms_spam_02696,spam,uses_casual_emotional_language,0
SMS Spam,sms_spam,sms_spam_02696,spam,refers_previous_conversation,0
SMS Spam,sms_spam,sms_spam_04138,ham,mentions_prize_reward_gift,0
SMS Spam,sms_spam,sms_spam_04138,ham,claims_winner_or_selected,0
SMS Spam,sms_spam,sms_spam_04138,ham,impersonates_official_entity,0
SMS Spam,sms_spam,sms_spam_04138,ham,uses_promotional_or_marketing_claim,0
SMS Spam,sms_spam,sms_spam_04138,ham,mentions_money_payment,0
SMS Spam,sms_spam,sms_spam_04138,ham,mentions_free_offer,0
SMS Spam,sms_spam,sms_spam_04138,ham,mentions_discount_or_rate,0
SMS Spam,sms_spam,sms_spam_04138,ham,mentions_financial_gain_or_cost,0
SMS Spam,sms_spam,sms_spam_04138,ham,creates_urgency,0
SMS Spam,sms_spam,sms_spam_04138,ham,uses_deadline_or_expiry,0
SMS Spam,sms_spam,sms_spam_04138,ham,threatens_loss_or_penalty,0
SMS Spam,sms_spam,sms_spam_04138,ham,contains_all_caps_or_exclamation_emphasis,0
SMS Spam,sms_spam,sms_spam_04138,ham,asks_click_link,0
SMS Spam,sms_spam,sms_spam_04138,ham,asks_user_reply_or_call,0
SMS Spam,sms_spam,sms_spam_04138,ham,requests_personal_information,0
SMS Spam,sms_spam,sms_spam_04138,ham,requests_immediate_action,0
SMS Spam,sms_spam,sms_spam_04138,ham,normal_personal_conversation,1
SMS Spam,sms_spam,sms_spam_04138,ham,mentions_meeting_family_friends,0
SMS Spam,sms_spam,sms_spam_04138,ham,uses_casual_emotional_language,1
SMS Spam,sms_spam,sms_spam_04138,ham,refers_previous_conversation,1
SMS Spam,sms_spam,sms_spam_01074,ham,mentions_prize_reward_gift,0
SMS Spam,sms_spam,sms_spam_01074,ham,claims_winner_or_selected,0
SMS Spam,sms_spam,sms_spam_01074,ham,impersonates_official_entity,0
SMS Spam,sms_spam,sms_spam_01074,ham,uses_promotional_or_marketing_claim,0
SMS Spam,sms_spam,sms_spam_01074,ham,mentions_money_payment,0
SMS Spam,sms_spam,sms_spam_01074,ham,mentions_free_offer,0
SMS Spam,sms_spam,sms_spam_01074,ham,mentions_discount_or_rate,0
SMS Spam,sms_spam,sms_spam_01074,ham,mentions_financial_gain_or_cost,0
SMS Spam,sms_spam,sms_spam_01074,ham,creates_urgency,0
SMS Spam,sms_spam,sms_spam_01074,ham,uses_deadline_or_expiry,0
SMS Spam,sms_spam,sms_spam_01074,ham,threatens_loss_or_penalty,0
SMS Spam,sms_spam,sms_spam_01074,ham,contains_all_caps_or_exclamation_emphasis,0
SMS Spam,sms_spam,sms_spam_01074,ham,asks_click_link,0
SMS Spam,sms_spam,sms_spam_01074,ham,asks_user_reply_or_call,0
SMS Spam,sms_spam,sms_spam_01074,ham,requests_personal_information,0
SMS Spam,sms_spam,sms_spam_01074,ham,requests_immediate_action,0
SMS Spam,sms_spam,sms_spam_01074,ham,normal_personal_conversation,1
SMS Spam,sms_spam,sms_spam_01074,ham,mentions_meeting_family_friends,1
SMS Spam,sms_spam,sms_spam_01074,ham,uses_casual_emotional_language,1
SMS Spam,sms_spam,sms_spam_01074,ham,refers_previous_conversation,1
SMS Spam,sms_spam,sms_spam_01584,ham,mentions_prize_reward_gift,0
SMS Spam,sms_spam,sms_spam_01584,ham,claims_winner_or_selected,0
SMS Spam,sms_spam,sms_spam_01584,ham,impersonates_official_entity,0
SMS Spam,sms_spam,sms_spam_01584,ham,uses_promotional_or_marketing_claim,0
SMS Spam,sms_spam,sms_spam_01584,ham,mentions_money_payment,0
SMS Spam,sms_spam,sms_spam_01584,ham,mentions_free_offer,0
SMS Spam,sms_spam,sms_spam_01584,ham,mentions_discount_or_rate,0
SMS Spam,sms_spam,sms_spam_01584,ham,mentions_financial_gain_or_cost,0
SMS Spam,sms_spam,sms_spam_01584,ham,creates_urgency,0
SMS Spam,sms_spam,sms_spam_01584,ham,uses_deadline_or_expiry,0
SMS Spam,sms_spam,sms_spam_01584,ham,threatens_loss_or_penalty,0
SMS Spam,sms_spam,sms_spam_01584,ham,contains_all_caps_or_exclamation_emphasis,0
SMS Spam,sms_spam,sms_spam_01584,ham,asks_click_link,0
SMS Spam,sms_spam,sms_spam_01584,ham,asks_user_reply_or_call,0
SMS Spam,sms_spam,sms_spam_01584,ham,requests_personal_information,0
SMS Spam,sms_spam,sms_spam_01584,ham,requests_immediate_action,0
SMS Spam,sms_spam,sms_spam_01584,ham,normal_personal_conversation,1
SMS Spam,sms_spam,sms_spam_01584,ham,mentions_meeting_family_friends,1
SMS Spam,sms_spam,sms_spam_01584,ham,uses_casual_emotional_language,1
SMS Spam,sms_spam,sms_spam_01584,ham,refers_previous_conversation,1
SMS Spam,sms_spam,sms_spam_03512,spam,mentions_prize_reward_gift,1
SMS Spam,sms_spam,sms_spam_03512,spam,claims_winner_or_selected,1
SMS Spam,sms_spam,sms_spam_03512,spam,impersonates_official_entity,0
SMS Spam,sms_spam,sms_spam_03512,spam,uses_promotional_or_marketing_claim,1
SMS Spam,sms_spam,sms_spam_03512,spam,mentions_money_payment,1
SMS Spam,sms_spam,sms_spam_03512,spam,mentions_free_offer,0
SMS Spam,sms_spam,sms_spam_03512,spam,mentions_discount_or_rate,0
SMS Spam,sms_spam,sms_spam_03512,spam,mentions_financial_gain_or_cost,1
SMS Spam,sms_spam,sms_spam_03512,spam,creates_urgency,1
SMS Spam,sms_spam,sms_spam_03512,spam,uses_deadline_or_expiry,1
SMS Spam,sms_spam,sms_spam_03512,spam,threatens_loss_or_penalty,0
SMS Spam,sms_spam,sms_spam_03512,spam,contains_all_caps_or_exclamation_emphasis,1
SMS Spam,sms_spam,sms_spam_03512,spam,asks_click_link,0
SMS Spam,sms_spam,sms_spam_03512,spam,asks_user_reply_or_call,1
SMS Spam,sms_spam,sms_spam_03512,spam,requests_personal_information,0
SMS Spam,sms_spam,sms_spam_03512,spam,requests_immediate_action,1
SMS Spam,sms_spam,sms_spam_03512,spam,normal_personal_conversation,0
SMS Spam,sms_spam,sms_spam_03512,spam,mentions_meeting_family_friends,0
SMS Spam,sms_spam,sms_spam_03512,spam,uses_casual_emotional_language,0
SMS Spam,sms_spam,sms_spam_03512,spam,refers_previous_conversation,0
SMS Spam,sms_spam,sms_spam_00173,spam,mentions_prize_reward_gift,1
SMS Spam,sms_spam,sms_spam_00173,spam,claims_winner_or_selected,1
SMS Spam,sms_spam,sms_spam_00173,spam,impersonates_official_entity,1
SMS Spam,sms_spam,sms_spam_00173,spam,uses_promotional_or_marketing_claim,1
SMS Spam,sms_spam,sms_spam_00173,spam,mentions_money_payment,0
SMS Spam,sms_spam,sms_spam_00173,spam,mentions_free_offer,1
SMS Spam,sms_spam,sms_spam_00173,spam,mentions_discount_or_rate,0
SMS Spam,sms_spam,sms_spam_00173,spam,mentions_financial_gain_or_cost,0
SMS Spam,sms_spam,sms_spam_00173,spam,creates_urgency,1
SMS Spam,sms_spam,sms_spam_00173,spam,uses_deadline_or_expiry,0
SMS Spam,sms_spam,sms_spam_00173,spam,threatens_loss_or_penalty,0
SMS Spam,sms_spam,sms_spam_00173,spam,contains_all_caps_or_exclamation_emphasis,1
SMS Spam,sms_spam,sms_spam_00173,spam,asks_click_link,0
SMS Spam,sms_spam,sms_spam_00173,spam,asks_user_reply_or_call,1
SMS Spam,sms_spam,sms_spam_00173,spam,requests_personal_information,0
SMS Spam,sms_spam,sms_spam_00173,spam,requests_immediate_action,1
SMS Spam,sms_spam,sms_spam_00173,spam,normal_personal_conversation,0
SMS Spam,sms_spam,sms_spam_00173,spam,mentions_meeting_family_friends,0
SMS Spam,sms_spam,sms_spam_00173,spam,uses_casual_emotional_language,0
SMS Spam,sms_spam,sms_spam_00173,spam,refers_previous_conversation,1
SMS Spam,sms_spam,sms_spam_00326,spam,mentions_prize_reward_gift,0
SMS Spam,sms_spam,sms_spam_00326,spam,claims_winner_or_selected,0
SMS Spam,sms_spam,sms_spam_00326,spam,impersonates_official_entity,0
SMS Spam,sms_spam,sms_spam_00326,spam,uses_promotional_or_marketing_claim,1
SMS Spam,sms_spam,sms_spam_00326,spam,mentions_money_payment,0
SMS Spam,sms_spam,sms_spam_00326,spam,mentions_free_offer,0
SMS Spam,sms_spam,sms_spam_00326,spam,mentions_discount_or_rate,0
SMS Spam,sms_spam,sms_spam_00326,spam,mentions_financial_gain_or_cost,0
SMS Spam,sms_spam,sms_spam_00326,spam,creates_urgency,0
SMS Spam,sms_spam,sms_spam_00326,spam,uses_deadline_or_expiry,0
SMS Spam,sms_spam,sms_spam_00326,spam,threatens_loss_or_penalty,0
SMS Spam,sms_spam,sms_spam_00326,spam,contains_all_caps_or_exclamation_emphasis,0
SMS Spam,sms_spam,sms_spam_00326,spam,asks_click_link,0
SMS Spam,sms_spam,sms_spam_00326,spam,asks_user_reply_or_call,0
SMS Spam,sms_spam,sms_spam_00326,spam,requests_personal_information,0
SMS Spam,sms_spam,sms_spam_00326,spam,requests_immediate_action,0
SMS Spam,sms_spam,sms_spam_00326,spam,normal_personal_conversation,0
SMS Spam,sms_spam,sms_spam_00326,spam,mentions_meeting_family_friends,0
SMS Spam,sms_spam,sms_spam_00326,spam,uses_casual_emotional_language,0
SMS Spam,sms_spam,sms_spam_00326,spam,refers_previous_conversation,0
SMS Spam,sms_spam,sms_spam_00336,ham,mentions_prize_reward_gift,0
SMS Spam,sms_spam,sms_spam_00336,ham,claims_winner_or_selected,0
SMS Spam,sms_spam,sms_spam_00336,ham,impersonates_official_entity,0
SMS Spam,sms_spam,sms_spam_00336,ham,uses_promotional_or_marketing_claim,0
SMS Spam,sms_spam,sms_spam_00336,ham,mentions_money_payment,0
SMS Spam,sms_spam,sms_spam_00336,ham,mentions_free_offer,0
SMS Spam,sms_spam,sms_spam_00336,ham,mentions_discount_or_rate,0
SMS Spam,sms_spam,sms_spam_00336,ham,mentions_financial_gain_or_cost,0
SMS Spam,sms_spam,sms_spam_00336,ham,creates_urgency,0
SMS Spam,sms_spam,sms_spam_00336,ham,uses_deadline_or_expiry,0
SMS Spam,sms_spam,sms_spam_00336,ham,threatens_loss_or_penalty,0
SMS Spam,sms_spam,sms_spam_00336,ham,contains_all_caps_or_exclamation_emphasis,0
SMS Spam,sms_spam,sms_spam_00336,ham,asks_click_link,0
SMS Spam,sms_spam,sms_spam_00336,ham,asks_user_reply_or_call,0
SMS Spam,sms_spam,sms_spam_00336,ham,requests_personal_information,0
SMS Spam,sms_spam,sms_spam_00336,ham,requests_immediate_action,0
SMS Spam,sms_spam,sms_spam_00336,ham,normal_personal_conversation,1
SMS Spam,sms_spam,sms_spam_00336,ham,mentions_meeting_family_friends,0
SMS Spam,sms_spam,sms_spam_00336,ham,uses_casual_emotional_language,1
SMS Spam,sms_spam,sms_spam_00336,ham,refers_previous_conversation,0
SMS Spam,sms_spam,sms_spam_03984,ham,mentions_prize_reward_gift,0
SMS Spam,sms_spam,sms_spam_03984,ham,claims_winner_or_selected,0
SMS Spam,sms_spam,sms_spam_03984,ham,impersonates_official_entity,0
SMS Spam,sms_spam,sms_spam_03984,ham,uses_promotional_or_marketing_claim,0
SMS Spam,sms_spam,sms_spam_03984,ham,mentions_money_payment,0
SMS Spam,sms_spam,sms_spam_03984,ham,mentions_free_offer,0
SMS Spam,sms_spam,sms_spam_03984,ham,mentions_discount_or_rate,0
SMS Spam,sms_spam,sms_spam_03984,ham,mentions_financial_gain_or_cost,0
SMS Spam,sms_spam,sms_spam_03984,ham,creates_urgency,0
SMS Spam,sms_spam,sms_spam_03984,ham,uses_deadline_or_expiry,0
SMS Spam,sms_spam,sms_spam_03984,ham,threatens_loss_or_penalty,0
SMS Spam,sms_spam,sms_spam_03984,ham,contains_all_caps_or_exclamation_emphasis,0
SMS Spam,sms_spam,sms_spam_03984,ham,asks_click_link,0
SMS Spam,sms_spam,sms_spam_03984,ham,asks_user_reply_or_call,0
SMS Spam,sms_spam,sms_spam_03984,ham,requests_personal_information,0
SMS Spam,sms_spam,sms_spam_03984,ham,requests_immediate_action,0
SMS Spam,sms_spam,sms_spam_03984,ham,normal_personal_conversation,1
SMS Spam,sms_spam,sms_spam_03984,ham,mentions_meeting_family_friends,0
SMS Spam,sms_spam,sms_spam_03984,ham,uses_casual_emotional_language,1
SMS Spam,sms_spam,sms_spam_03984,ham,refers_previous_conversation,1
SMS Spam,sms_spam,sms_spam_04281,ham,mentions_prize_reward_gift,0
SMS Spam,sms_spam,sms_spam_04281,ham,claims_winner_or_selected,0
SMS Spam,sms_spam,sms_spam_04281,ham,impersonates_official_entity,0
SMS Spam,sms_spam,sms_spam_04281,ham,uses_promotional_or_marketing_claim,0
SMS Spam,sms_spam,sms_spam_04281,ham,mentions_money_payment,0
SMS Spam,sms_spam,sms_spam_04281,ham,mentions_free_offer,0
SMS Spam,sms_spam,sms_spam_04281,ham,mentions_discount_or_rate,0
SMS Spam,sms_spam,sms_spam_04281,ham,mentions_financial_gain_or_cost,0
SMS Spam,sms_spam,sms_spam_04281,ham,creates_urgency,0
SMS Spam,sms_spam,sms_spam_04281,ham,uses_deadline_or_expiry,0
SMS Spam,sms_spam,sms_spam_04281,ham,threatens_loss_or_penalty,0
SMS Spam,sms_spam,sms_spam_04281,ham,contains_all_caps_or_exclamation_emphasis,0
SMS Spam,sms_spam,sms_spam_04281,ham,asks_click_link,0
SMS Spam,sms_spam,sms_spam_04281,ham,asks_user_reply_or_call,0
SMS Spam,sms_spam,sms_spam_04281,ham,requests_personal_information,0
SMS Spam,sms_spam,sms_spam_04281,ham,requests_immediate_action,0
SMS Spam,sms_spam,sms_spam_04281,ham,normal_personal_conversation,1
SMS Spam,sms_spam,sms_spam_04281,ham,mentions_meeting_family_friends,0
SMS Spam,sms_spam,sms_spam_04281,ham,uses_casual_emotional_language,1
SMS Spam,sms_spam,sms_spam_04281,ham,refers_previous_conversation,1
SMS Spam,sms_spam,sms_spam_04841,ham,mentions_prize_reward_gift,0
SMS Spam,sms_spam,sms_spam_04841,ham,claims_winner_or_selected,0
SMS Spam,sms_spam,sms_spam_04841,ham,impersonates_official_entity,0
SMS Spam,sms_spam,sms_spam_04841,ham,uses_promotional_or_marketing_claim,0
SMS Spam,sms_spam,sms_spam_04841,ham,mentions_money_payment,0
SMS Spam,sms_spam,sms_spam_04841,ham,mentions_free_offer,0
SMS Spam,sms_spam,sms_spam_04841,ham,mentions_discount_or_rate,0
SMS Spam,sms_spam,sms_spam_04841,ham,mentions_financial_gain_or_cost,0
SMS Spam,sms_spam,sms_spam_04841,ham,creates_urgency,0
SMS Spam,sms_spam,sms_spam_04841,ham,uses_deadline_or_expiry,0
SMS Spam,sms_spam,sms_spam_04841,ham,threatens_loss_or_penalty,0
SMS Spam,sms_spam,sms_spam_04841,ham,contains_all_caps_or_exclamation_emphasis,0
SMS Spam,sms_spam,sms_spam_04841,ham,asks_click_link,0
SMS Spam,sms_spam,sms_spam_04841,ham,asks_user_reply_or_call,0
SMS Spam,sms_spam,sms_spam_04841,ham,requests_personal_information,0
SMS Spam,sms_spam,sms_spam_04841,ham,requests_immediate_action,0
SMS Spam,sms_spam,sms_spam_04841,ham,normal_personal_conversation,1
SMS Spam,sms_spam,sms_spam_04841,ham,mentions_meeting_family_friends,0
SMS Spam,sms_spam,sms_spam_04841,ham,uses_casual_emotional_language,1
SMS Spam,sms_spam,sms_spam_04841,ham,refers_previous_conversation,0
SMS Spam,sms_spam,sms_spam_02913,spam,mentions_prize_reward_gift,0
SMS Spam,sms_spam,sms_spam_02913,spam,claims_winner_or_selected,0
SMS Spam,sms_spam,sms_spam_02913,spam,impersonates_official_entity,0
SMS Spam,sms_spam,sms_spam_02913,spam,uses_promotional_or_marketing_claim,0
SMS Spam,sms_spam,sms_spam_02913,spam,mentions_money_payment,0
SMS Spam,sms_spam,sms_spam_02913,spam,mentions_free_offer,0
SMS Spam,sms_spam,sms_spam_02913,spam,mentions_discount_or_rate,0
SMS Spam,sms_spam,sms_spam_02913,spam,mentions_financial_gain_or_cost,0
SMS Spam,sms_spam,sms_spam_02913,spam,creates_urgency,0
SMS Spam,sms_spam,sms_spam_02913,spam,uses_deadline_or_expiry,0
SMS Spam,sms_spam,sms_spam_02913,spam,threatens_loss_or_penalty,0
SMS Spam,sms_spam,sms_spam_02913,spam,contains_all_caps_or_exclamation_emphasis,0
SMS Spam,sms_spam,sms_spam_02913,spam,asks_click_link,0
SMS Spam,sms_spam,sms_spam_02913,spam,asks_user_reply_or_call,0
SMS Spam,sms_spam,sms_spam_02913,spam,requests_personal_information,0
SMS Spam,sms_spam,sms_spam_02913,spam,requests_immediate_action,0
SMS Spam,sms_spam,sms_spam_02913,spam,normal_personal_conversation,1
SMS Spam,sms_spam,sms_spam_02913,spam,mentions_meeting_family_friends,0
SMS Spam,sms_spam,sms_spam_02913,spam,uses_casual_emotional_language,1
SMS Spam,sms_spam,sms_spam_02913,spam,refers_previous_conversation,0
SMS Spam,sms_spam,sms_spam_04120,ham,mentions_prize_reward_gift,0
SMS Spam,sms_spam,sms_spam_04120,ham,claims_winner_or_selected,0
SMS Spam,sms_spam,sms_spam_04120,ham,impersonates_official_entity,0
SMS Spam,sms_spam,sms_spam_04120,ham,uses_promotional_or_marketing_claim,0
SMS Spam,sms_spam,sms_spam_04120,ham,mentions_money_payment,0
SMS Spam,sms_spam,sms_spam_04120,ham,mentions_free_offer,0
SMS Spam,sms_spam,sms_spam_04120,ham,mentions_discount_or_rate,0
SMS Spam,sms_spam,sms_spam_04120,ham,mentions_financial_gain_or_cost,0
SMS Spam,sms_spam,sms_spam_04120,ham,creates_urgency,0
SMS Spam,sms_spam,sms_spam_04120,ham,uses_deadline_or_expiry,0
SMS Spam,sms_spam,sms_spam_04120,ham,threatens_loss_or_penalty,0
SMS Spam,sms_spam,sms_spam_04120,ham,contains_all_caps_or_exclamation_emphasis,0
SMS Spam,sms_spam,sms_spam_04120,ham,asks_click_link,0
SMS Spam,sms_spam,sms_spam_04120,ham,asks_user_reply_or_call,1
SMS Spam,sms_spam,sms_spam_04120,ham,requests_personal_information,0
SMS Spam,sms_spam,sms_spam_04120,ham,requests_immediate_action,1
SMS Spam,sms_spam,sms_spam_04120,ham,normal_personal_conversation,0
SMS Spam,sms_spam,sms_spam_04120,ham,mentions_meeting_family_friends,0
SMS Spam,sms_spam,sms_spam_04120,ham,uses_casual_emotional_language,0
SMS Spam,sms_spam,sms_spam_04120,ham,refers_previous_conversation,0
SMS Spam,sms_spam,sms_spam_01693,spam,mentions_prize_reward_gift,1
SMS Spam,sms_spam,sms_spam_01693,spam,claims_winner_or_selected,1
SMS Spam,sms_spam,sms_spam_01693,spam,impersonates_official_entity,0
SMS Spam,sms_spam,sms_spam_01693,spam,uses_promotional_or_marketing_claim,1
SMS Spam,sms_spam,sms_spam_01693,spam,mentions_money_payment,1
SMS Spam,sms_spam,sms_spam_01693,spam,mentions_free_offer,0
SMS Spam,sms_spam,sms_spam_01693,spam,mentions_discount_or_rate,0
SMS Spam,sms_spam,sms_spam_01693,spam,mentions_financial_gain_or_cost,1
SMS Spam,sms_spam,sms_spam_01693,spam,creates_urgency,0
SMS Spam,sms_spam,sms_spam_01693,spam,uses_deadline_or_expiry,0
SMS Spam,sms_spam,sms_spam_01693,spam,threatens_loss_or_penalty,0
SMS Spam,sms_spam,sms_spam_01693,spam,contains_all_caps_or_exclamation_emphasis,0
SMS Spam,sms_spam,sms_spam_01693,spam,asks_click_link,0
SMS Spam,sms_spam,sms_spam_01693,spam,asks_user_reply_or_call,1
SMS Spam,sms_spam,sms_spam_01693,spam,requests_personal_information,0
SMS Spam,sms_spam,sms_spam_01693,spam,requests_immediate_action,1
SMS Spam,sms_spam,sms_spam_01693,spam,normal_personal_conversation,0
SMS Spam,sms_spam,sms_spam_01693,spam,mentions_meeting_family_friends,0
SMS Spam,sms_spam,sms_spam_01693,spam,uses_casual_emotional_language,0
SMS Spam,sms_spam,sms_spam_01693,spam,refers_previous_conversation,0
SMS Spam,sms_spam,sms_spam_01252,ham,mentions_prize_reward_gift,0
SMS Spam,sms_spam,sms_spam_01252,ham,claims_winner_or_selected,0
SMS Spam,sms_spam,sms_spam_01252,ham,impersonates_official_entity,0
SMS Spam,sms_spam,sms_spam_01252,ham,uses_promotional_or_marketing_claim,0
SMS Spam,sms_spam,sms_spam_01252,ham,mentions_money_payment,0
SMS Spam,sms_spam,sms_spam_01252,ham,mentions_free_offer,0
SMS Spam,sms_spam,sms_spam_01252,ham,mentions_discount_or_rate,0
SMS Spam,sms_spam,sms_spam_01252,ham,mentions_financial_gain_or_cost,0
SMS Spam,sms_spam,sms_spam_01252,ham,creates_urgency,0
SMS Spam,sms_spam,sms_spam_01252,ham,uses_deadline_or_expiry,0
SMS Spam,sms_spam,sms_spam_01252,ham,threatens_loss_or_penalty,0
SMS Spam,sms_spam,sms_spam_01252,ham,contains_all_caps_or_exclamation_emphasis,0
SMS Spam,sms_spam,sms_spam_01252,ham,asks_click_link,0
SMS Spam,sms_spam,sms_spam_01252,ham,asks_user_reply_or_call,0
SMS Spam,sms_spam,sms_spam_01252,ham,requests_personal_information,0
SMS Spam,sms_spam,sms_spam_01252,ham,requests_immediate_action,0
SMS Spam,sms_spam,sms_spam_01252,ham,normal_personal_conversation,1
SMS Spam,sms_spam,sms_spam_01252,ham,mentions_meeting_family_friends,1
SMS Spam,sms_spam,sms_spam_01252,ham,uses_casual_emotional_language,1
SMS Spam,sms_spam,sms_spam_01252,ham,refers_previous_conversation,1
SMS Spam,sms_spam,sms_spam_04595,spam,mentions_prize_reward_gift,1
SMS Spam,sms_spam,sms_spam_04595,spam,claims_winner_or_selected,1
SMS Spam,sms_spam,sms_spam_04595,spam,impersonates_official_entity,0
SMS Spam,sms_spam,sms_spam_04595,spam,uses_promotional_or_marketing_claim,1
SMS Spam,sms_spam,sms_spam_04595,spam,mentions_money_payment,1
SMS Spam,sms_spam,sms_spam_04595,spam,mentions_free_offer,1
SMS Spam,sms_spam,sms_spam_04595,spam,mentions_discount_or_rate,0
SMS Spam,sms_spam,sms_spam_04595,spam,mentions_financial_gain_or_cost,1
SMS Spam,sms_spam,sms_spam_04595,spam,creates_urgency,1
SMS Spam,sms_spam,sms_spam_04595,spam,uses_deadline_or_expiry,0
SMS Spam,sms_spam,sms_spam_04595,spam,threatens_loss_or_penalty,0
SMS Spam,sms_spam,sms_spam_04595,spam,contains_all_caps_or_exclamation_emphasis,0
SMS Spam,sms_spam,sms_spam_04595,spam,asks_click_link,0
SMS Spam,sms_spam,sms_spam_04595,spam,asks_user_reply_or_call,1
SMS Spam,sms_spam,sms_spam_04595,spam,requests_personal_information,0
SMS Spam,sms_spam,sms_spam_04595,spam,requests_immediate_action,1
SMS Spam,sms_spam,sms_spam_04595,spam,normal_personal_conversation,0
SMS Spam,sms_spam,sms_spam_04595,spam,mentions_meeting_family_friends,0
SMS Spam,sms_spam,sms_spam_04595,spam,uses_casual_emotional_language,0
SMS Spam,sms_spam,sms_spam_04595,spam,refers_previous_conversation,0
SMS Spam,sms_spam,sms_spam_02566,ham,mentions_prize_reward_gift,0
SMS Spam,sms_spam,sms_spam_02566,ham,claims_winner_or_selected,0
SMS Spam,sms_spam,sms_spam_02566,ham,impersonates_official_entity,0
SMS Spam,sms_spam,sms_spam_02566,ham,uses_promotional_or_marketing_claim,0
SMS Spam,sms_spam,sms_spam_02566,ham,mentions_money_payment,0
SMS Spam,sms_spam,sms_spam_02566,ham,mentions_free_offer,0
SMS Spam,sms_spam,sms_spam_02566,ham,mentions_discount_or_rate,0
SMS Spam,sms_spam,sms_spam_02566,ham,mentions_financial_gain_or_cost,0
SMS Spam,sms_spam,sms_spam_02566,ham,creates_urgency,0
SMS Spam,sms_spam,sms_spam_02566,ham,uses_deadline_or_expiry,0
SMS Spam,sms_spam,sms_spam_02566,ham,threatens_loss_or_penalty,0
SMS Spam,sms_spam,sms_spam_02566,ham,contains_all_caps_or_exclamation_emphasis,1
SMS Spam,sms_spam,sms_spam_02566,ham,asks_click_link,0
SMS Spam,sms_spam,sms_spam_02566,ham,asks_user_reply_or_call,0
SMS Spam,sms_spam,sms_spam_02566,ham,requests_personal_information,0
SMS Spam,sms_spam,sms_spam_02566,ham,requests_immediate_action,0
SMS Spam,sms_spam,sms_spam_02566,ham,normal_personal_conversation,0
SMS Spam,sms_spam,sms_spam_02566,ham,mentions_meeting_family_friends,0
SMS Spam,sms_spam,sms_spam_02566,ham,uses_casual_emotional_language,1
SMS Spam,sms_spam,sms_spam_02566,ham,refers_previous_conversation,0
SMS Spam,sms_spam,sms_spam_03703,spam,mentions_prize_reward_gift,0
SMS Spam,sms_spam,sms_spam_03703,spam,claims_winner_or_selected,0
SMS Spam,sms_spam,sms_spam_03703,spam,impersonates_official_entity,1
SMS Spam,sms_spam,sms_spam_03703,spam,uses_promotional_or_marketing_claim,1
SMS Spam,sms_spam,sms_spam_03703,spam,mentions_money_payment,1
SMS Spam,sms_spam,sms_spam_03703,spam,mentions_free_offer,0
SMS Spam,sms_spam,sms_spam_03703,spam,mentions_discount_or_rate,0
SMS Spam,sms_spam,sms_spam_03703,spam,mentions_financial_gain_or_cost,1
SMS Spam,sms_spam,sms_spam_03703,spam,creates_urgency,1
SMS Spam,sms_spam,sms_spam_03703,spam,uses_deadline_or_expiry,0
SMS Spam,sms_spam,sms_spam_03703,spam,threatens_loss_or_penalty,0
SMS Spam,sms_spam,sms_spam_03703,spam,contains_all_caps_or_exclamation_emphasis,0
SMS Spam,sms_spam,sms_spam_03703,spam,asks_click_link,0
SMS Spam,sms_spam,sms_spam_03703,spam,asks_user_reply_or_call,1
SMS Spam,sms_spam,sms_spam_03703,spam,requests_personal_information,0
SMS Spam,sms_spam,sms_spam_03703,spam,requests_immediate_action,1
SMS Spam,sms_spam,sms_spam_03703,spam,normal_personal_conversation,0
SMS Spam,sms_spam,sms_spam_03703,spam,mentions_meeting_family_friends,0
SMS Spam,sms_spam,sms_spam_03703,spam,uses_casual_emotional_language,0
SMS Spam,sms_spam,sms_spam_03703,spam,refers_previous_conversation,0
SMS Spam,sms_spam,sms_spam_01974,ham,mentions_prize_reward_gift,0
SMS Spam,sms_spam,sms_spam_01974,ham,claims_winner_or_selected,0
SMS Spam,sms_spam,sms_spam_01974,ham,impersonates_official_entity,0
SMS Spam,sms_spam,sms_spam_01974,ham,uses_promotional_or_marketing_claim,0
SMS Spam,sms_spam,sms_spam_01974,ham,mentions_money_payment,0
SMS Spam,sms_spam,sms_spam_01974,ham,mentions_free_offer,0
SMS Spam,sms_spam,sms_spam_01974,ham,mentions_discount_or_rate,0
SMS Spam,sms_spam,sms_spam_01974,ham,mentions_financial_gain_or_cost,0
SMS Spam,sms_spam,sms_spam_01974,ham,creates_urgency,0
SMS Spam,sms_spam,sms_spam_01974,ham,uses_deadline_or_expiry,0
SMS Spam,sms_spam,sms_spam_01974,ham,threatens_loss_or_penalty,0
SMS Spam,sms_spam,sms_spam_01974,ham,contains_all_caps_or_exclamation_emphasis,0
SMS Spam,sms_spam,sms_spam_01974,ham,asks_click_link,0
SMS Spam,sms_spam,sms_spam_01974,ham,asks_user_reply_or_call,0
SMS Spam,sms_spam,sms_spam_01974,ham,requests_personal_information,0
SMS Spam,sms_spam,sms_spam_01974,ham,requests_immediate_action,0
SMS Spam,sms_spam,sms_spam_01974,ham,normal_personal_conversation,1
SMS Spam,sms_spam,sms_spam_01974,ham,mentions_meeting_family_friends,1
SMS Spam,sms_spam,sms_spam_01974,ham,uses_casual_emotional_language,1
SMS Spam,sms_spam,sms_spam_01974,ham,refers_previous_conversation,1
SMS Spam,sms_spam,sms_spam_00625,spam,mentions_prize_reward_gift,1
SMS Spam,sms_spam,sms_spam_00625,spam,claims_winner_or_selected,0
SMS Spam,sms_spam,sms_spam_00625,spam,impersonates_official_entity,0
SMS Spam,sms_spam,sms_spam_00625,spam,uses_promotional_or_marketing_claim,1
SMS Spam,sms_spam,sms_spam_00625,spam,mentions_money_payment,0
SMS Spam,sms_spam,sms_spam_00625,spam,mentions_free_offer,1
SMS Spam,sms_spam,sms_spam_00625,spam,mentions_discount_or_rate,0
SMS Spam,sms_spam,sms_spam_00625,spam,mentions_financial_gain_or_cost,0
SMS Spam,sms_spam,sms_spam_00625,spam,creates_urgency,0
SMS Spam,sms_spam,sms_spam_00625,spam,uses_deadline_or_expiry,0
SMS Spam,sms_spam,sms_spam_00625,spam,threatens_loss_or_penalty,0
SMS Spam,sms_spam,sms_spam_00625,spam,contains_all_caps_or_exclamation_emphasis,0
SMS Spam,sms_spam,sms_spam_00625,spam,asks_click_link,0
SMS Spam,sms_spam,sms_spam_00625,spam,asks_user_reply_or_call,1
SMS Spam,sms_spam,sms_spam_00625,spam,requests_personal_information,0
SMS Spam,sms_spam,sms_spam_00625,spam,requests_immediate_action,1
SMS Spam,sms_spam,sms_spam_00625,spam,normal_personal_conversation,0
SMS Spam,sms_spam,sms_spam_00625,spam,mentions_meeting_family_friends,0
SMS Spam,sms_spam,sms_spam_00625,spam,uses_casual_emotional_language,0
SMS Spam,sms_spam,sms_spam_00625,spam,refers_previous_conversation,0
SMS Spam,sms_spam,sms_spam_03720,ham,mentions_prize_reward_gift,0
SMS Spam,sms_spam,sms_spam_03720,ham,claims_winner_or_selected,0
SMS Spam,sms_spam,sms_spam_03720,ham,impersonates_official_entity,0
SMS Spam,sms_spam,sms_spam_03720,ham,uses_promotional_or_marketing_claim,0
SMS Spam,sms_spam,sms_spam_03720,ham,mentions_money_payment,0
SMS Spam,sms_spam,sms_spam_03720,ham,mentions_free_offer,0
SMS Spam,sms_spam,sms_spam_03720,ham,mentions_discount_or_rate,0
SMS Spam,sms_spam,sms_spam_03720,ham,mentions_financial_gain_or_cost,0
SMS Spam,sms_spam,sms_spam_03720,ham,creates_urgency,0
SMS Spam,sms_spam,sms_spam_03720,ham,uses_deadline_or_expiry,0
SMS Spam,sms_spam,sms_spam_03720,ham,threatens_loss_or_penalty,0
SMS Spam,sms_spam,sms_spam_03720,ham,contains_all_caps_or_exclamation_emphasis,0
SMS Spam,sms_spam,sms_spam_03720,ham,asks_click_link,0
SMS Spam,sms_spam,sms_spam_03720,ham,asks_user_reply_or_call,0
SMS Spam,sms_spam,sms_spam_03720,ham,requests_personal_information,0
SMS Spam,sms_spam,sms_spam_03720,ham,requests_immediate_action,0
SMS Spam,sms_spam,sms_spam_03720,ham,normal_personal_conversation,1
SMS Spam,sms_spam,sms_spam_03720,ham,mentions_meeting_family_friends,1
SMS Spam,sms_spam,sms_spam_03720,ham,uses_casual_emotional_language,1
SMS Spam,sms_spam,sms_spam_03720,ham,refers_previous_conversation,1
SMS Spam,sms_spam,sms_spam_00616,ham,mentions_prize_reward_gift,0
SMS Spam,sms_spam,sms_spam_00616,ham,claims_winner_or_selected,0
SMS Spam,sms_spam,sms_spam_00616,ham,impersonates_official_entity,0
SMS Spam,sms_spam,sms_spam_00616,ham,uses_promotional_or_marketing_claim,0
SMS Spam,sms_spam,sms_spam_00616,ham,mentions_money_payment,0
SMS Spam,sms_spam,sms_spam_00616,ham,mentions_free_offer,0
SMS Spam,sms_spam,sms_spam_00616,ham,mentions_discount_or_rate,0
SMS Spam,sms_spam,sms_spam_00616,ham,mentions_financial_gain_or_cost,0
SMS Spam,sms_spam,sms_spam_00616,ham,creates_urgency,0
SMS Spam,sms_spam,sms_spam_00616,ham,uses_deadline_or_expiry,0
SMS Spam,sms_spam,sms_spam_00616,ham,threatens_loss_or_penalty,0
SMS Spam,sms_spam,sms_spam_00616,ham,contains_all_caps_or_exclamation_emphasis,0
SMS Spam,sms_spam,sms_spam_00616,ham,asks_click_link,0
SMS Spam,sms_spam,sms_spam_00616,ham,asks_user_reply_or_call,0
SMS Spam,sms_spam,sms_spam_00616,ham,requests_personal_information,0
SMS Spam,sms_spam,sms_spam_00616,ham,requests_immediate_action,0
SMS Spam,sms_spam,sms_spam_00616,ham,normal_personal_conversation,1
SMS Spam,sms_spam,sms_spam_00616,ham,mentions_meeting_family_friends,0
SMS Spam,sms_spam,sms_spam_00616,ham,uses_casual_emotional_language,1
SMS Spam,sms_spam,sms_spam_00616,ham,refers_previous_conversation,0
SMS Spam,sms_spam,sms_spam_03931,spam,mentions_prize_reward_gift,1
SMS Spam,sms_spam,sms_spam_03931,spam,claims_winner_or_selected,1
SMS Spam,sms_spam,sms_spam_03931,spam,impersonates_official_entity,0
SMS Spam,sms_spam,sms_spam_03931,spam,uses_promotional_or_marketing_claim,1
SMS Spam,sms_spam,sms_spam_03931,spam,mentions_money_payment,1
SMS Spam,sms_spam,sms_spam_03931,spam,mentions_free_offer,0
SMS Spam,sms_spam,sms_spam_03931,spam,mentions_discount_or_rate,0
SMS Spam,sms_spam,sms_spam_03931,spam,mentions_financial_gain_or_cost,1
SMS Spam,sms_spam,sms_spam_03931,spam,creates_urgency,0
SMS Spam,sms_spam,sms_spam_03931,spam,uses_deadline_or_expiry,0
SMS Spam,sms_spam,sms_spam_03931,spam,threatens_loss_or_penalty,0
SMS Spam,sms_spam,sms_spam_03931,spam,contains_all_caps_or_exclamation_emphasis,0
SMS Spam,sms_spam,sms_spam_03931,spam,asks_click_link,0
SMS Spam,sms_spam,sms_spam_03931,spam,asks_user_reply_or_call,1
SMS Spam,sms_spam,sms_spam_03931,spam,requests_personal_information,0
SMS Spam,sms_spam,sms_spam_03931,spam,requests_immediate_action,1
SMS Spam,sms_spam,sms_spam_03931,spam,normal_personal_conversation,0
SMS Spam,sms_spam,sms_spam_03931,spam,mentions_meeting_family_friends,0
SMS Spam,sms_spam,sms_spam_03931,spam,uses_casual_emotional_language,0
SMS Spam,sms_spam,sms_spam_03931,spam,refers_previous_conversation,0
SMS Spam,sms_spam,sms_spam_02607,ham,mentions_prize_reward_gift,0
SMS Spam,sms_spam,sms_spam_02607,ham,claims_winner_or_selected,0
SMS Spam,sms_spam,sms_spam_02607,ham,impersonates_official_entity,0
SMS Spam,sms_spam,sms_spam_02607,ham,uses_promotional_or_marketing_claim,0
SMS Spam,sms_spam,sms_spam_02607,ham,mentions_money_payment,0
SMS Spam,sms_spam,sms_spam_02607,ham,mentions_free_offer,0
SMS Spam,sms_spam,sms_spam_02607,ham,mentions_discount_or_rate,0
SMS Spam,sms_spam,sms_spam_02607,ham,mentions_financial_gain_or_cost,0
SMS Spam,sms_spam,sms_spam_02607,ham,creates_urgency,0
SMS Spam,sms_spam,sms_spam_02607,ham,uses_deadline_or_expiry,0
SMS Spam,sms_spam,sms_spam_02607,ham,threatens_loss_or_penalty,0
SMS Spam,sms_spam,sms_spam_02607,ham,contains_all_caps_or_exclamation_emphasis,0
SMS Spam,sms_spam,sms_spam_02607,ham,asks_click_link,0
SMS Spam,sms_spam,sms_spam_02607,ham,asks_user_reply_or_call,0
SMS Spam,sms_spam,sms_spam_02607,ham,requests_personal_information,0
SMS Spam,sms_spam,sms_spam_02607,ham,requests_immediate_action,0
SMS Spam,sms_spam,sms_spam_02607,ham,normal_personal_conversation,1
SMS Spam,sms_spam,sms_spam_02607,ham,mentions_meeting_family_friends,0
SMS Spam,sms_spam,sms_spam_02607,ham,uses_casual_emotional_language,1
SMS Spam,sms_spam,sms_spam_02607,ham,refers_previous_conversation,1
SMS Spam,sms_spam,sms_spam_04649,spam,mentions_prize_reward_gift,0
SMS Spam,sms_spam,sms_spam_04649,spam,claims_winner_or_selected,0
SMS Spam,sms_spam,sms_spam_04649,spam,impersonates_official_entity,1
SMS Spam,sms_spam,sms_spam_04649,spam,uses_promotional_or_marketing_claim,1
SMS Spam,sms_spam,sms_spam_04649,spam,mentions_money_payment,0
SMS Spam,sms_spam,sms_spam_04649,spam,mentions_free_offer,1
SMS Spam,sms_spam,sms_spam_04649,spam,mentions_discount_or_rate,0
SMS Spam,sms_spam,sms_spam_04649,spam,mentions_financial_gain_or_cost,1
SMS Spam,sms_spam,sms_spam_04649,spam,creates_urgency,0
SMS Spam,sms_spam,sms_spam_04649,spam,uses_deadline_or_expiry,0
SMS Spam,sms_spam,sms_spam_04649,spam,threatens_loss_or_penalty,0
SMS Spam,sms_spam,sms_spam_04649,spam,contains_all_caps_or_exclamation_emphasis,0
SMS Spam,sms_spam,sms_spam_04649,spam,asks_click_link,0
SMS Spam,sms_spam,sms_spam_04649,spam,asks_user_reply_or_call,1
SMS Spam,sms_spam,sms_spam_04649,spam,requests_personal_information,0
SMS Spam,sms_spam,sms_spam_04649,spam,requests_immediate_action,1
SMS Spam,sms_spam,sms_spam_04649,spam,normal_personal_conversation,0
SMS Spam,sms_spam,sms_spam_04649,spam,mentions_meeting_family_friends,0
SMS Spam,sms_spam,sms_spam_04649,spam,uses_casual_emotional_language,0
SMS Spam,sms_spam,sms_spam_04649,spam,refers_previous_conversation,0
SMS Spam,sms_spam,sms_spam_03651,ham,mentions_prize_reward_gift,0
SMS Spam,sms_spam,sms_spam_03651,ham,claims_winner_or_selected,0
SMS Spam,sms_spam,sms_spam_03651,ham,impersonates_official_entity,0
SMS Spam,sms_spam,sms_spam_03651,ham,uses_promotional_or_marketing_claim,0
SMS Spam,sms_spam,sms_spam_03651,ham,mentions_money_payment,0
SMS Spam,sms_spam,sms_spam_03651,ham,mentions_free_offer,0
SMS Spam,sms_spam,sms_spam_03651,ham,mentions_discount_or_rate,0
SMS Spam,sms_spam,sms_spam_03651,ham,mentions_financial_gain_or_cost,0
SMS Spam,sms_spam,sms_spam_03651,ham,creates_urgency,0
SMS Spam,sms_spam,sms_spam_03651,ham,uses_deadline_or_expiry,0
SMS Spam,sms_spam,sms_spam_03651,ham,threatens_loss_or_penalty,0
SMS Spam,sms_spam,sms_spam_03651,ham,contains_all_caps_or_exclamation_emphasis,0
SMS Spam,sms_spam,sms_spam_03651,ham,asks_click_link,0
SMS Spam,sms_spam,sms_spam_03651,ham,asks_user_reply_or_call,1
SMS Spam,sms_spam,sms_spam_03651,ham,requests_personal_information,0
SMS Spam,sms_spam,sms_spam_03651,ham,requests_immediate_action,1
SMS Spam,sms_spam,sms_spam_03651,ham,normal_personal_conversation,1
SMS Spam,sms_spam,sms_spam_03651,ham,mentions_meeting_family_friends,0
SMS Spam,sms_spam,sms_spam_03651,ham,uses_casual_emotional_language,1
SMS Spam,sms_spam,sms_spam_03651,ham,refers_previous_conversation,0
SMS Spam,sms_spam,sms_spam_00969,ham,mentions_prize_reward_gift,0
SMS Spam,sms_spam,sms_spam_00969,ham,claims_winner_or_selected,0
SMS Spam,sms_spam,sms_spam_00969,ham,impersonates_official_entity,0
SMS Spam,sms_spam,sms_spam_00969,ham,uses_promotional_or_marketing_claim,0
SMS Spam,sms_spam,sms_spam_00969,ham,mentions_money_payment,0
SMS Spam,sms_spam,sms_spam_00969,ham,mentions_free_offer,0
SMS Spam,sms_spam,sms_spam_00969,ham,mentions_discount_or_rate,0
SMS Spam,sms_spam,sms_spam_00969,ham,mentions_financial_gain_or_cost,0
SMS Spam,sms_spam,sms_spam_00969,ham,creates_urgency,0
SMS Spam,sms_spam,sms_spam_00969,ham,uses_deadline_or_expiry,0
SMS Spam,sms_spam,sms_spam_00969,ham,threatens_loss_or_penalty,0
SMS Spam,sms_spam,sms_spam_00969,ham,contains_all_caps_or_exclamation_emphasis,0
SMS Spam,sms_spam,sms_spam_00969,ham,asks_click_link,0
SMS Spam,sms_spam,sms_spam_00969,ham,asks_user_reply_or_call,0
SMS Spam,sms_spam,sms_spam_00969,ham,requests_personal_information,0
SMS Spam,sms_spam,sms_spam_00969,ham,requests_immediate_action,0
SMS Spam,sms_spam,sms_spam_00969,ham,normal_personal_conversation,1
SMS Spam,sms_spam,sms_spam_00969,ham,mentions_meeting_family_friends,0
SMS Spam,sms_spam,sms_spam_00969,ham,uses_casual_emotional_language,1
SMS Spam,sms_spam,sms_spam_00969,ham,refers_previous_conversation,0
SMS Spam,sms_spam,sms_spam_01206,ham,mentions_prize_reward_gift,0
SMS Spam,sms_spam,sms_spam_01206,ham,claims_winner_or_selected,0
SMS Spam,sms_spam,sms_spam_01206,ham,impersonates_official_entity,0
SMS Spam,sms_spam,sms_spam_01206,ham,uses_promotional_or_marketing_claim,0
SMS Spam,sms_spam,sms_spam_01206,ham,mentions_money_payment,0
SMS Spam,sms_spam,sms_spam_01206,ham,mentions_free_offer,0
SMS Spam,sms_spam,sms_spam_01206,ham,mentions_discount_or_rate,0
SMS Spam,sms_spam,sms_spam_01206,ham,mentions_financial_gain_or_cost,0
SMS Spam,sms_spam,sms_spam_01206,ham,creates_urgency,0
SMS Spam,sms_spam,sms_spam_01206,ham,uses_deadline_or_expiry,0
SMS Spam,sms_spam,sms_spam_01206,ham,threatens_loss_or_penalty,0
SMS Spam,sms_spam,sms_spam_01206,ham,contains_all_caps_or_exclamation_emphasis,0
SMS Spam,sms_spam,sms_spam_01206,ham,asks_click_link,0
SMS Spam,sms_spam,sms_spam_01206,ham,asks_user_reply_or_call,0
SMS Spam,sms_spam,sms_spam_01206,ham,requests_personal_information,0
SMS Spam,sms_spam,sms_spam_01206,ham,requests_immediate_action,0
SMS Spam,sms_spam,sms_spam_01206,ham,normal_personal_conversation,1
SMS Spam,sms_spam,sms_spam_01206,ham,mentions_meeting_family_friends,0
SMS Spam,sms_spam,sms_spam_01206,ham,uses_casual_emotional_language,1
SMS Spam,sms_spam,sms_spam_01206,ham,refers_previous_conversation,1
SMS Spam,sms_spam,sms_spam_00868,ham,mentions_prize_reward_gift,0
SMS Spam,sms_spam,sms_spam_00868,ham,claims_winner_or_selected,0
SMS Spam,sms_spam,sms_spam_00868,ham,impersonates_official_entity,0
SMS Spam,sms_spam,sms_spam_00868,ham,uses_promotional_or_marketing_claim,0
SMS Spam,sms_spam,sms_spam_00868,ham,mentions_money_payment,0
SMS Spam,sms_spam,sms_spam_00868,ham,mentions_free_offer,0
SMS Spam,sms_spam,sms_spam_00868,ham,mentions_discount_or_rate,0
SMS Spam,sms_spam,sms_spam_00868,ham,mentions_financial_gain_or_cost,0
SMS Spam,sms_spam,sms_spam_00868,ham,creates_urgency,0
SMS Spam,sms_spam,sms_spam_00868,ham,uses_deadline_or_expiry,0
SMS Spam,sms_spam,sms_spam_00868,ham,threatens_loss_or_penalty,0
SMS Spam,sms_spam,sms_spam_00868,ham,contains_all_caps_or_exclamation_emphasis,0
SMS Spam,sms_spam,sms_spam_00868,ham,asks_click_link,0
SMS Spam,sms_spam,sms_spam_00868,ham,asks_user_reply_or_call,0
SMS Spam,sms_spam,sms_spam_00868,ham,requests_personal_information,0
SMS Spam,sms_spam,sms_spam_00868,ham,requests_immediate_action,0
SMS Spam,sms_spam,sms_spam_00868,ham,normal_personal_conversation,1
SMS Spam,sms_spam,sms_spam_00868,ham,mentions_meeting_family_friends,0
SMS Spam,sms_spam,sms_spam_00868,ham,uses_casual_emotional_language,1
SMS Spam,sms_spam,sms_spam_00868,ham,refers_previous_conversation,1
SMS Spam,sms_spam,sms_spam_00613,spam,mentions_prize_reward_gift,1
SMS Spam,sms_spam,sms_spam_00613,spam,claims_winner_or_selected,1
SMS Spam,sms_spam,sms_spam_00613,spam,impersonates_official_entity,0
SMS Spam,sms_spam,sms_spam_00613,spam,uses_promotional_or_marketing_claim,1
SMS Spam,sms_spam,sms_spam_00613,spam,mentions_money_payment,1
SMS Spam,sms_spam,sms_spam_00613,spam,mentions_free_offer,1
SMS Spam,sms_spam,sms_spam_00613,spam,mentions_discount_or_rate,0
SMS Spam,sms_spam,sms_spam_00613,spam,mentions_financial_gain_or_cost,1
SMS Spam,sms_spam,sms_spam_00613,spam,creates_urgency,1
SMS Spam,sms_spam,sms_spam_00613,spam,uses_deadline_or_expiry,0
SMS Spam,sms_spam,sms_spam_00613,spam,threatens_loss_or_penalty,0
SMS Spam,sms_spam,sms_spam_00613,spam,contains_all_caps_or_exclamation_emphasis,1
SMS Spam,sms_spam,sms_spam_00613,spam,asks_click_link,0
SMS Spam,sms_spam,sms_spam_00613,spam,asks_user_reply_or_call,1
SMS Spam,sms_spam,sms_spam_00613,spam,requests_personal_information,0
SMS Spam,sms_spam,sms_spam_00613,spam,requests_immediate_action,1
SMS Spam,sms_spam,sms_spam_00613,spam,normal_personal_conversation,0
SMS Spam,sms_spam,sms_spam_00613,spam,mentions_meeting_family_friends,0
SMS Spam,sms_spam,sms_spam_00613,spam,uses_casual_emotional_language,0
SMS Spam,sms_spam,sms_spam_00613,spam,refers_previous_conversation,0
SMS Spam,sms_spam,sms_spam_03533,ham,mentions_prize_reward_gift,0
SMS Spam,sms_spam,sms_spam_03533,ham,claims_winner_or_selected,0
SMS Spam,sms_spam,sms_spam_03533,ham,impersonates_official_entity,0
SMS Spam,sms_spam,sms_spam_03533,ham,uses_promotional_or_marketing_claim,0
SMS Spam,sms_spam,sms_spam_03533,ham,mentions_money_payment,1
SMS Spam,sms_spam,sms_spam_03533,ham,mentions_free_offer,0
SMS Spam,sms_spam,sms_spam_03533,ham,mentions_discount_or_rate,0
SMS Spam,sms_spam,sms_spam_03533,ham,mentions_financial_gain_or_cost,1
SMS Spam,sms_spam,sms_spam_03533,ham,creates_urgency,0
SMS Spam,sms_spam,sms_spam_03533,ham,uses_deadline_or_expiry,0
SMS Spam,sms_spam,sms_spam_03533,ham,threatens_loss_or_penalty,0
SMS Spam,sms_spam,sms_spam_03533,ham,contains_all_caps_or_exclamation_emphasis,0
SMS Spam,sms_spam,sms_spam_03533,ham,asks_click_link,0
SMS Spam,sms_spam,sms_spam_03533,ham,asks_user_reply_or_call,0
SMS Spam,sms_spam,sms_spam_03533,ham,requests_personal_information,0
SMS Spam,sms_spam,sms_spam_03533,ham,requests_immediate_action,0
SMS Spam,sms_spam,sms_spam_03533,ham,normal_personal_conversation,1
SMS Spam,sms_spam,sms_spam_03533,ham,mentions_meeting_family_friends,0
SMS Spam,sms_spam,sms_spam_03533,ham,uses_casual_emotional_language,1
SMS Spam,sms_spam,sms_spam_03533,ham,refers_previous_conversation,1
SMS Spam,sms_spam,sms_spam_03032,ham,mentions_prize_reward_gift,0
SMS Spam,sms_spam,sms_spam_03032,ham,claims_winner_or_selected,0
SMS Spam,sms_spam,sms_spam_03032,ham,impersonates_official_entity,0
SMS Spam,sms_spam,sms_spam_03032,ham,uses_promotional_or_marketing_claim,0
SMS Spam,sms_spam,sms_spam_03032,ham,mentions_money_payment,0
SMS Spam,sms_spam,sms_spam_03032,ham,mentions_free_offer,0
SMS Spam,sms_spam,sms_spam_03032,ham,mentions_discount_or_rate,0
SMS Spam,sms_spam,sms_spam_03032,ham,mentions_financial_gain_or_cost,0
SMS Spam,sms_spam,sms_spam_03032,ham,creates_urgency,0
SMS Spam,sms_spam,sms_spam_03032,ham,uses_deadline_or_expiry,0
SMS Spam,sms_spam,sms_spam_03032,ham,threatens_loss_or_penalty,0
SMS Spam,sms_spam,sms_spam_03032,ham,contains_all_caps_or_exclamation_emphasis,0
SMS Spam,sms_spam,sms_spam_03032,ham,asks_click_link,0
SMS Spam,sms_spam,sms_spam_03032,ham,asks_user_reply_or_call,0
SMS Spam,sms_spam,sms_spam_03032,ham,requests_personal_information,0
SMS Spam,sms_spam,sms_spam_03032,ham,requests_immediate_action,0
SMS Spam,sms_spam,sms_spam_03032,ham,normal_personal_conversation,1
SMS Spam,sms_spam,sms_spam_03032,ham,mentions_meeting_family_friends,1
SMS Spam,sms_spam,sms_spam_03032,ham,uses_casual_emotional_language,1
SMS Spam,sms_spam,sms_spam_03032,ham,refers_previous_conversation,0
SMS Spam,sms_spam,sms_spam_00472,ham,mentions_prize_reward_gift,0
SMS Spam,sms_spam,sms_spam_00472,ham,claims_winner_or_selected,0
SMS Spam,sms_spam,sms_spam_00472,ham,impersonates_official_entity,0
SMS Spam,sms_spam,sms_spam_00472,ham,uses_promotional_or_marketing_claim,0
SMS Spam,sms_spam,sms_spam_00472,ham,mentions_money_payment,0
SMS Spam,sms_spam,sms_spam_00472,ham,mentions_free_offer,0
SMS Spam,sms_spam,sms_spam_00472,ham,mentions_discount_or_rate,0
SMS Spam,sms_spam,sms_spam_00472,ham,mentions_financial_gain_or_cost,0
SMS Spam,sms_spam,sms_spam_00472,ham,creates_urgency,0
SMS Spam,sms_spam,sms_spam_00472,ham,uses_deadline_or_expiry,0
SMS Spam,sms_spam,sms_spam_00472,ham,threatens_loss_or_penalty,0
SMS Spam,sms_spam,sms_spam_00472,ham,contains_all_caps_or_exclamation_emphasis,0
SMS Spam,sms_spam,sms_spam_00472,ham,asks_click_link,0
SMS Spam,sms_spam,sms_spam_00472,ham,asks_user_reply_or_call,0
SMS Spam,sms_spam,sms_spam_00472,ham,requests_personal_information,0
SMS Spam,sms_spam,sms_spam_00472,ham,requests_immediate_action,0
SMS Spam,sms_spam,sms_spam_00472,ham,normal_personal_conversation,1
SMS Spam,sms_spam,sms_spam_00472,ham,mentions_meeting_family_friends,0
SMS Spam,sms_spam,sms_spam_00472,ham,uses_casual_emotional_language,1
SMS Spam,sms_spam,sms_spam_00472,ham,refers_previous_conversation,0
SMS Spam,sms_spam,sms_spam_00185,ham,mentions_prize_reward_gift,0
SMS Spam,sms_spam,sms_spam_00185,ham,claims_winner_or_selected,0
SMS Spam,sms_spam,sms_spam_00185,ham,impersonates_official_entity,0
SMS Spam,sms_spam,sms_spam_00185,ham,uses_promotional_or_marketing_claim,0
SMS Spam,sms_spam,sms_spam_00185,ham,mentions_money_payment,0
SMS Spam,sms_spam,sms_spam_00185,ham,mentions_free_offer,0
SMS Spam,sms_spam,sms_spam_00185,ham,mentions_discount_or_rate,0
SMS Spam,sms_spam,sms_spam_00185,ham,mentions_financial_gain_or_cost,0
SMS Spam,sms_spam,sms_spam_00185,ham,creates_urgency,0
SMS Spam,sms_spam,sms_spam_00185,ham,uses_deadline_or_expiry,0
SMS Spam,sms_spam,sms_spam_00185,ham,threatens_loss_or_penalty,0
SMS Spam,sms_spam,sms_spam_00185,ham,contains_all_caps_or_exclamation_emphasis,0
SMS Spam,sms_spam,sms_spam_00185,ham,asks_click_link,0
SMS Spam,sms_spam,sms_spam_00185,ham,asks_user_reply_or_call,0
SMS Spam,sms_spam,sms_spam_00185,ham,requests_personal_information,0
SMS Spam,sms_spam,sms_spam_00185,ham,requests_immediate_action,0
SMS Spam,sms_spam,sms_spam_00185,ham,normal_personal_conversation,1
SMS Spam,sms_spam,sms_spam_00185,ham,mentions_meeting_family_friends,0
SMS Spam,sms_spam,sms_spam_00185,ham,uses_casual_emotional_language,1
SMS Spam,sms_spam,sms_spam_00185,ham,refers_previous_conversation,0
SMS Spam,sms_spam,sms_spam_03020,ham,mentions_prize_reward_gift,0
SMS Spam,sms_spam,sms_spam_03020,ham,claims_winner_or_selected,0
SMS Spam,sms_spam,sms_spam_03020,ham,impersonates_official_entity,0
SMS Spam,sms_spam,sms_spam_03020,ham,uses_promotional_or_marketing_claim,0
SMS Spam,sms_spam,sms_spam_03020,ham,mentions_money_payment,0
SMS Spam,sms_spam,sms_spam_03020,ham,mentions_free_offer,0
SMS Spam,sms_spam,sms_spam_03020,ham,mentions_discount_or_rate,0
SMS Spam,sms_spam,sms_spam_03020,ham,mentions_financial_gain_or_cost,0
SMS Spam,sms_spam,sms_spam_03020,ham,creates_urgency,0
SMS Spam,sms_spam,sms_spam_03020,ham,uses_deadline_or_expiry,0
SMS Spam,sms_spam,sms_spam_03020,ham,threatens_loss_or_penalty,0
SMS Spam,sms_spam,sms_spam_03020,ham,contains_all_caps_or_exclamation_emphasis,0
SMS Spam,sms_spam,sms_spam_03020,ham,asks_click_link,0
SMS Spam,sms_spam,sms_spam_03020,ham,asks_user_reply_or_call,0
SMS Spam,sms_spam,sms_spam_03020,ham,requests_personal_information,0
SMS Spam,sms_spam,sms_spam_03020,ham,requests_immediate_action,0
SMS Spam,sms_spam,sms_spam_03020,ham,normal_personal_conversation,1
SMS Spam,sms_spam,sms_spam_03020,ham,mentions_meeting_family_friends,1
SMS Spam,sms_spam,sms_spam_03020,ham,uses_casual_emotional_language,1
SMS Spam,sms_spam,sms_spam_03020,ham,refers_previous_conversation,1
SMS Spam,sms_spam,sms_spam_04684,spam,mentions_prize_reward_gift,1
SMS Spam,sms_spam,sms_spam_04684,spam,claims_winner_or_selected,1
SMS Spam,sms_spam,sms_spam_04684,spam,impersonates_official_entity,0
SMS Spam,sms_spam,sms_spam_04684,spam,uses_promotional_or_marketing_claim,1
SMS Spam,sms_spam,sms_spam_04684,spam,mentions_money_payment,1
SMS Spam,sms_spam,sms_spam_04684,spam,mentions_free_offer,0
SMS Spam,sms_spam,sms_spam_04684,spam,mentions_discount_or_rate,0
SMS Spam,sms_spam,sms_spam_04684,spam,mentions_financial_gain_or_cost,1
SMS Spam,sms_spam,sms_spam_04684,spam,creates_urgency,0
SMS Spam,sms_spam,sms_spam_04684,spam,uses_deadline_or_expiry,0
SMS Spam,sms_spam,sms_spam_04684,spam,threatens_loss_or_penalty,0
SMS Spam,sms_spam,sms_spam_04684,spam,contains_all_caps_or_exclamation_emphasis,0
SMS Spam,sms_spam,sms_spam_04684,spam,asks_click_link,0
SMS Spam,sms_spam,sms_spam_04684,spam,asks_user_reply_or_call,1
SMS Spam,sms_spam,sms_spam_04684,spam,requests_personal_information,0
SMS Spam,sms_spam,sms_spam_04684,spam,requests_immediate_action,1
SMS Spam,sms_spam,sms_spam_04684,spam,normal_personal_conversation,0
SMS Spam,sms_spam,sms_spam_04684,spam,mentions_meeting_family_friends,0
SMS Spam,sms_spam,sms_spam_04684,spam,uses_casual_emotional_language,0
SMS Spam,sms_spam,sms_spam_04684,spam,refers_previous_conversation,0
SMS Spam,sms_spam,sms_spam_04877,spam,mentions_prize_reward_gift,1
SMS Spam,sms_spam,sms_spam_04877,spam,claims_winner_or_selected,1
SMS Spam,sms_spam,sms_spam_04877,spam,impersonates_official_entity,0
SMS Spam,sms_spam,sms_spam_04877,spam,uses_promotional_or_marketing_claim,1
SMS Spam,sms_spam,sms_spam_04877,spam,mentions_money_payment,1
SMS Spam,sms_spam,sms_spam_04877,spam,mentions_free_offer,0
SMS Spam,sms_spam,sms_spam_04877,spam,mentions_discount_or_rate,0
SMS Spam,sms_spam,sms_spam_04877,spam,mentions_financial_gain_or_cost,1
SMS Spam,sms_spam,sms_spam_04877,spam,creates_urgency,0
SMS Spam,sms_spam,sms_spam_04877,spam,uses_deadline_or_expiry,0
SMS Spam,sms_spam,sms_spam_04877,spam,threatens_loss_or_penalty,0
SMS Spam,sms_spam,sms_spam_04877,spam,contains_all_caps_or_exclamation_emphasis,1
SMS Spam,sms_spam,sms_spam_04877,spam,asks_click_link,0
SMS Spam,sms_spam,sms_spam_04877,spam,asks_user_reply_or_call,1
SMS Spam,sms_spam,sms_spam_04877,spam,requests_personal_information,0
SMS Spam,sms_spam,sms_spam_04877,spam,requests_immediate_action,1
SMS Spam,sms_spam,sms_spam_04877,spam,normal_personal_conversation,0
SMS Spam,sms_spam,sms_spam_04877,spam,mentions_meeting_family_friends,0
SMS Spam,sms_spam,sms_spam_04877,spam,uses_casual_emotional_language,0
SMS Spam,sms_spam,sms_spam_04877,spam,refers_previous_conversation,0
SMS Spam,sms_spam,sms_spam_04401,spam,mentions_prize_reward_gift,1
SMS Spam,sms_spam,sms_spam_04401,spam,claims_winner_or_selected,1
SMS Spam,sms_spam,sms_spam_04401,spam,impersonates_official_entity,0
SMS Spam,sms_spam,sms_spam_04401,spam,uses_promotional_or_marketing_claim,1
SMS Spam,sms_spam,sms_spam_04401,spam,mentions_money_payment,1
SMS Spam,sms_spam,sms_spam_04401,spam,mentions_free_offer,0
SMS Spam,sms_spam,sms_spam_04401,spam,mentions_discount_or_rate,0
SMS Spam,sms_spam,sms_spam_04401,spam,mentions_financial_gain_or_cost,1
SMS Spam,sms_spam,sms_spam_04401,spam,creates_urgency,1
SMS Spam,sms_spam,sms_spam_04401,spam,uses_deadline_or_expiry,1
SMS Spam,sms_spam,sms_spam_04401,spam,threatens_loss_or_penalty,0
SMS Spam,sms_spam,sms_spam_04401,spam,contains_all_caps_or_exclamation_emphasis,1
SMS Spam,sms_spam,sms_spam_04401,spam,asks_click_link,0
SMS Spam,sms_spam,sms_spam_04401,spam,asks_user_reply_or_call,1
SMS Spam,sms_spam,sms_spam_04401,spam,requests_personal_information,0
SMS Spam,sms_spam,sms_spam_04401,spam,requests_immediate_action,1
SMS Spam,sms_spam,sms_spam_04401,spam,normal_personal_conversation,0
SMS Spam,sms_spam,sms_spam_04401,spam,mentions_meeting_family_friends,0
SMS Spam,sms_spam,sms_spam_04401,spam,uses_casual_emotional_language,0
SMS Spam,sms_spam,sms_spam_04401,spam,refers_previous_conversation,0
SMS Spam,sms_spam,sms_spam_04422,spam,mentions_prize_reward_gift,0
SMS Spam,sms_spam,sms_spam_04422,spam,claims_winner_or_selected,0
SMS Spam,sms_spam,sms_spam_04422,spam,impersonates_official_entity,0
SMS Spam,sms_spam,sms_spam_04422,spam,uses_promotional_or_marketing_claim,1
SMS Spam,sms_spam,sms_spam_04422,spam,mentions_money_payment,0
SMS Spam,sms_spam,sms_spam_04422,spam,mentions_free_offer,0
SMS Spam,sms_spam,sms_spam_04422,spam,mentions_discount_or_rate,0
SMS Spam,sms_spam,sms_spam_04422,spam,mentions_financial_gain_or_cost,0
SMS Spam,sms_spam,sms_spam_04422,spam,creates_urgency,0
SMS Spam,sms_spam,sms_spam_04422,spam,uses_deadline_or_expiry,0
SMS Spam,sms_spam,sms_spam_04422,spam,threatens_loss_or_penalty,0
SMS Spam,sms_spam,sms_spam_04422,spam,contains_all_caps_or_exclamation_emphasis,0
SMS Spam,sms_spam,sms_spam_04422,spam,asks_click_link,0
SMS Spam,sms_spam,sms_spam_04422,spam,asks_user_reply_or_call,0
SMS Spam,sms_spam,sms_spam_04422,spam,requests_personal_information,0
SMS Spam,sms_spam,sms_spam_04422,spam,requests_immediate_action,0
SMS Spam,sms_spam,sms_spam_04422,spam,normal_personal_conversation,0
SMS Spam,sms_spam,sms_spam_04422,spam,mentions_meeting_family_friends,0
SMS Spam,sms_spam,sms_spam_04422,spam,uses_casual_emotional_language,0
SMS Spam,sms_spam,sms_spam_04422,spam,refers_previous_conversation,0
SMS Spam,sms_spam,sms_spam_03150,ham,mentions_prize_reward_gift,0
SMS Spam,sms_spam,sms_spam_03150,ham,claims_winner_or_selected,0
SMS Spam,sms_spam,sms_spam_03150,ham,impersonates_official_entity,0
SMS Spam,sms_spam,sms_spam_03150,ham,uses_promotional_or_marketing_claim,0
SMS Spam,sms_spam,sms_spam_03150,ham,mentions_money_payment,1
SMS Spam,sms_spam,sms_spam_03150,ham,mentions_free_offer,0
SMS Spam,sms_spam,sms_spam_03150,ham,mentions_discount_or_rate,0
SMS Spam,sms_spam,sms_spam_03150,ham,mentions_financial_gain_or_cost,0
SMS Spam,sms_spam,sms_spam_03150,ham,creates_urgency,0
SMS Spam,sms_spam,sms_spam_03150,ham,uses_deadline_or_expiry,0
SMS Spam,sms_spam,sms_spam_03150,ham,threatens_loss_or_penalty,0
SMS Spam,sms_spam,sms_spam_03150,ham,contains_all_caps_or_exclamation_emphasis,0
SMS Spam,sms_spam,sms_spam_03150,ham,asks_click_link,0
SMS Spam,sms_spam,sms_spam_03150,ham,asks_user_reply_or_call,0
SMS Spam,sms_spam,sms_spam_03150,ham,requests_personal_information,0
SMS Spam,sms_spam,sms_spam_03150,ham,requests_immediate_action,0
SMS Spam,sms_spam,sms_spam_03150,ham,normal_personal_conversation,1
SMS Spam,sms_spam,sms_spam_03150,ham,mentions_meeting_family_friends,0
SMS Spam,sms_spam,sms_spam_03150,ham,uses_casual_emotional_language,1
SMS Spam,sms_spam,sms_spam_03150,ham,refers_previous_conversation,1
SMS Spam,sms_spam,sms_spam_04667,ham,mentions_prize_reward_gift,0
SMS Spam,sms_spam,sms_spam_04667,ham,claims_winner_or_selected,0
SMS Spam,sms_spam,sms_spam_04667,ham,impersonates_official_entity,0
SMS Spam,sms_spam,sms_spam_04667,ham,uses_promotional_or_marketing_claim,0
SMS Spam,sms_spam,sms_spam_04667,ham,mentions_money_payment,0
SMS Spam,sms_spam,sms_spam_04667,ham,mentions_free_offer,0
SMS Spam,sms_spam,sms_spam_04667,ham,mentions_discount_or_rate,0
SMS Spam,sms_spam,sms_spam_04667,ham,mentions_financial_gain_or_cost,0
SMS Spam,sms_spam,sms_spam_04667,ham,creates_urgency,0
SMS Spam,sms_spam,sms_spam_04667,ham,uses_deadline_or_expiry,0
SMS Spam,sms_spam,sms_spam_04667,ham,threatens_loss_or_penalty,0
SMS Spam,sms_spam,sms_spam_04667,ham,contains_all_caps_or_exclamation_emphasis,0
SMS Spam,sms_spam,sms_spam_04667,ham,asks_click_link,0
SMS Spam,sms_spam,sms_spam_04667,ham,asks_user_reply_or_call,0
SMS Spam,sms_spam,sms_spam_04667,ham,requests_personal_information,0
SMS Spam,sms_spam,sms_spam_04667,ham,requests_immediate_action,0
SMS Spam,sms_spam,sms_spam_04667,ham,normal_personal_conversation,1
SMS Spam,sms_spam,sms_spam_04667,ham,mentions_meeting_family_friends,0
SMS Spam,sms_spam,sms_spam_04667,ham,uses_casual_emotional_language,1
SMS Spam,sms_spam,sms_spam_04667,ham,refers_previous_conversation,1
SMS Spam,sms_spam,sms_spam_01963,ham,mentions_prize_reward_gift,0
SMS Spam,sms_spam,sms_spam_01963,ham,claims_winner_or_selected,0
SMS Spam,sms_spam,sms_spam_01963,ham,impersonates_official_entity,0
SMS Spam,sms_spam,sms_spam_01963,ham,uses_promotional_or_marketing_claim,0
SMS Spam,sms_spam,sms_spam_01963,ham,mentions_money_payment,0
SMS Spam,sms_spam,sms_spam_01963,ham,mentions_free_offer,0
SMS Spam,sms_spam,sms_spam_01963,ham,mentions_discount_or_rate,0
SMS Spam,sms_spam,sms_spam_01963,ham,mentions_financial_gain_or_cost,0
SMS Spam,sms_spam,sms_spam_01963,ham,creates_urgency,0
SMS Spam,sms_spam,sms_spam_01963,ham,uses_deadline_or_expiry,0
SMS Spam,sms_spam,sms_spam_01963,ham,threatens_loss_or_penalty,0
SMS Spam,sms_spam,sms_spam_01963,ham,contains_all_caps_or_exclamation_emphasis,0
SMS Spam,sms_spam,sms_spam_01963,ham,asks_click_link,0
SMS Spam,sms_spam,sms_spam_01963,ham,asks_user_reply_or_call,0
SMS Spam,sms_spam,sms_spam_01963,ham,requests_personal_information,0
SMS Spam,sms_spam,sms_spam_01963,ham,requests_immediate_action,0
SMS Spam,sms_spam,sms_spam_01963,ham,normal_personal_conversation,1
SMS Spam,sms_spam,sms_spam_01963,ham,mentions_meeting_family_friends,1
SMS Spam,sms_spam,sms_spam_01963,ham,uses_casual_emotional_language,1
SMS Spam,sms_spam,sms_spam_01963,ham,refers_previous_conversation,1
SMS Spam,sms_spam,sms_spam_01997,ham,mentions_prize_reward_gift,0
SMS Spam,sms_spam,sms_spam_01997,ham,claims_winner_or_selected,0
SMS Spam,sms_spam,sms_spam_01997,ham,impersonates_official_entity,0
SMS Spam,sms_spam,sms_spam_01997,ham,uses_promotional_or_marketing_claim,0
SMS Spam,sms_spam,sms_spam_01997,ham,mentions_money_payment,0
SMS Spam,sms_spam,sms_spam_01997,ham,mentions_free_offer,0
SMS Spam,sms_spam,sms_spam_01997,ham,mentions_discount_or_rate,0
SMS Spam,sms_spam,sms_spam_01997,ham,mentions_financial_gain_or_cost,0
SMS Spam,sms_spam,sms_spam_01997,ham,creates_urgency,0
SMS Spam,sms_spam,sms_spam_01997,ham,uses_deadline_or_expiry,0
SMS Spam,sms_spam,sms_spam_01997,ham,threatens_loss_or_penalty,0
SMS Spam,sms_spam,sms_spam_01997,ham,contains_all_caps_or_exclamation_emphasis,0
SMS Spam,sms_spam,sms_spam_01997,ham,asks_click_link,0
SMS Spam,sms_spam,sms_spam_01997,ham,asks_user_reply_or_call,0
SMS Spam,sms_spam,sms_spam_01997,ham,requests_personal_information,0
SMS Spam,sms_spam,sms_spam_01997,ham,requests_immediate_action,0
SMS Spam,sms_spam,sms_spam_01997,ham,normal_personal_conversation,1
SMS Spam,sms_spam,sms_spam_01997,ham,mentions_meeting_family_friends,0
SMS Spam,sms_spam,sms_spam_01997,ham,uses_casual_emotional_language,1
SMS Spam,sms_spam,sms_spam_01997,ham,refers_previous_conversation,0
SMS Spam,sms_spam,sms_spam_04263,ham,mentions_prize_reward_gift,0
SMS Spam,sms_spam,sms_spam_04263,ham,claims_winner_or_selected,0
SMS Spam,sms_spam,sms_spam_04263,ham,impersonates_official_entity,0
SMS Spam,sms_spam,sms_spam_04263,ham,uses_promotional_or_marketing_claim,0
SMS Spam,sms_spam,sms_spam_04263,ham,mentions_money_payment,0
SMS Spam,sms_spam,sms_spam_04263,ham,mentions_free_offer,0
SMS Spam,sms_spam,sms_spam_04263,ham,mentions_discount_or_rate,0
SMS Spam,sms_spam,sms_spam_04263,ham,mentions_financial_gain_or_cost,0
SMS Spam,sms_spam,sms_spam_04263,ham,creates_urgency,0
SMS Spam,sms_spam,sms_spam_04263,ham,uses_deadline_or_expiry,0
SMS Spam,sms_spam,sms_spam_04263,ham,threatens_loss_or_penalty,0
SMS Spam,sms_spam,sms_spam_04263,ham,contains_all_caps_or_exclamation_emphasis,0
SMS Spam,sms_spam,sms_spam_04263,ham,asks_click_link,0
SMS Spam,sms_spam,sms_spam_04263,ham,asks_user_reply_or_call,0
SMS Spam,sms_spam,sms_spam_04263,ham,requests_personal_information,0
SMS Spam,sms_spam,sms_spam_04263,ham,requests_immediate_action,0
SMS Spam,sms_spam,sms_spam_04263,ham,normal_personal_conversation,1
SMS Spam,sms_spam,sms_spam_04263,ham,mentions_meeting_family_friends,0
SMS Spam,sms_spam,sms_spam_04263,ham,uses_casual_emotional_language,1
SMS Spam,sms_spam,sms_spam_04263,ham,refers_previous_conversation,1
SMS Spam,sms_spam,sms_spam_01540,ham,mentions_prize_reward_gift,0
SMS Spam,sms_spam,sms_spam_01540,ham,claims_winner_or_selected,0
SMS Spam,sms_spam,sms_spam_01540,ham,impersonates_official_entity,0
SMS Spam,sms_spam,sms_spam_01540,ham,uses_promotional_or_marketing_claim,0
SMS Spam,sms_spam,sms_spam_01540,ham,mentions_money_payment,0
SMS Spam,sms_spam,sms_spam_01540,ham,mentions_free_offer,0
SMS Spam,sms_spam,sms_spam_01540,ham,mentions_discount_or_rate,0
SMS Spam,sms_spam,sms_spam_01540,ham,mentions_financial_gain_or_cost,0
SMS Spam,sms_spam,sms_spam_01540,ham,creates_urgency,0
SMS Spam,sms_spam,sms_spam_01540,ham,uses_deadline_or_expiry,0
SMS Spam,sms_spam,sms_spam_01540,ham,threatens_loss_or_penalty,0
SMS Spam,sms_spam,sms_spam_01540,ham,contains_all_caps_or_exclamation_emphasis,1
SMS Spam,sms_spam,sms_spam_01540,ham,asks_click_link,0
SMS Spam,sms_spam,sms_spam_01540,ham,asks_user_reply_or_call,0
SMS Spam,sms_spam,sms_spam_01540,ham,requests_personal_information,0
SMS Spam,sms_spam,sms_spam_01540,ham,requests_immediate_action,0
SMS Spam,sms_spam,sms_spam_01540,ham,normal_personal_conversation,1
SMS Spam,sms_spam,sms_spam_01540,ham,mentions_meeting_family_friends,0
SMS Spam,sms_spam,sms_spam_01540,ham,uses_casual_emotional_language,1
SMS Spam,sms_spam,sms_spam_01540,ham,refers_previous_conversation,0
SMS Spam,sms_spam,sms_spam_03584,spam,mentions_prize_reward_gift,1
SMS Spam,sms_spam,sms_spam_03584,spam,claims_winner_or_selected,1
SMS Spam,sms_spam,sms_spam_03584,spam,impersonates_official_entity,0
SMS Spam,sms_spam,sms_spam_03584,spam,uses_promotional_or_marketing_claim,1
SMS Spam,sms_spam,sms_spam_03584,spam,mentions_money_payment,1
SMS Spam,sms_spam,sms_spam_03584,spam,mentions_free_offer,1
SMS Spam,sms_spam,sms_spam_03584,spam,mentions_discount_or_rate,0
SMS Spam,sms_spam,sms_spam_03584,spam,mentions_financial_gain_or_cost,1
SMS Spam,sms_spam,sms_spam_03584,spam,creates_urgency,0
SMS Spam,sms_spam,sms_spam_03584,spam,uses_deadline_or_expiry,0
SMS Spam,sms_spam,sms_spam_03584,spam,threatens_loss_or_penalty,0
SMS Spam,sms_spam,sms_spam_03584,spam,contains_all_caps_or_exclamation_emphasis,0
SMS Spam,sms_spam,sms_spam_03584,spam,asks_click_link,0
SMS Spam,sms_spam,sms_spam_03584,spam,asks_user_reply_or_call,1
SMS Spam,sms_spam,sms_spam_03584,spam,requests_personal_information,0
SMS Spam,sms_spam,sms_spam_03584,spam,requests_immediate_action,0
SMS Spam,sms_spam,sms_spam_03584,spam,normal_personal_conversation,0
SMS Spam,sms_spam,sms_spam_03584,spam,mentions_meeting_family_friends,0
SMS Spam,sms_spam,sms_spam_03584,spam,uses_casual_emotional_language,1
SMS Spam,sms_spam,sms_spam_03584,spam,refers_previous_conversation,0
SMS Spam,sms_spam,sms_spam_04862,spam,mentions_prize_reward_gift,0
SMS Spam,sms_spam,sms_spam_04862,spam,claims_winner_or_selected,0
SMS Spam,sms_spam,sms_spam_04862,spam,impersonates_official_entity,0
SMS Spam,sms_spam,sms_spam_04862,spam,uses_promotional_or_marketing_claim,1
SMS Spam,sms_spam,sms_spam_04862,spam,mentions_money_payment,0
SMS Spam,sms_spam,sms_spam_04862,spam,mentions_free_offer,0
SMS Spam,sms_spam,sms_spam_04862,spam,mentions_discount_or_rate,0
SMS Spam,sms_spam,sms_spam_04862,spam,mentions_financial_gain_or_cost,0
SMS Spam,sms_spam,sms_spam_04862,spam,creates_urgency,1
SMS Spam,sms_spam,sms_spam_04862,spam,uses_deadline_or_expiry,1
SMS Spam,sms_spam,sms_spam_04862,spam,threatens_loss_or_penalty,0
SMS Spam,sms_spam,sms_spam_04862,spam,contains_all_caps_or_exclamation_emphasis,0
SMS Spam,sms_spam,sms_spam_04862,spam,asks_click_link,0
SMS Spam,sms_spam,sms_spam_04862,spam,asks_user_reply_or_call,1
SMS Spam,sms_spam,sms_spam_04862,spam,requests_personal_information,0
SMS Spam,sms_spam,sms_spam_04862,spam,requests_immediate_action,1
SMS Spam,sms_spam,sms_spam_04862,spam,normal_personal_conversation,0
SMS Spam,sms_spam,sms_spam_04862,spam,mentions_meeting_family_friends,0
SMS Spam,sms_spam,sms_spam_04862,spam,uses_casual_emotional_language,0
SMS Spam,sms_spam,sms_spam_04862,spam,refers_previous_conversation,0
SMS Spam,sms_spam,sms_spam_00837,ham,mentions_prize_reward_gift,0
SMS Spam,sms_spam,sms_spam_00837,ham,claims_winner_or_selected,0
SMS Spam,sms_spam,sms_spam_00837,ham,impersonates_official_entity,0
SMS Spam,sms_spam,sms_spam_00837,ham,uses_promotional_or_marketing_claim,0
SMS Spam,sms_spam,sms_spam_00837,ham,mentions_money_payment,1
SMS Spam,sms_spam,sms_spam_00837,ham,mentions_free_offer,0
SMS Spam,sms_spam,sms_spam_00837,ham,mentions_discount_or_rate,0
SMS Spam,sms_spam,sms_spam_00837,ham,mentions_financial_gain_or_cost,1
SMS Spam,sms_spam,sms_spam_00837,ham,creates_urgency,0
SMS Spam,sms_spam,sms_spam_00837,ham,uses_deadline_or_expiry,0
SMS Spam,sms_spam,sms_spam_00837,ham,threatens_loss_or_penalty,0
SMS Spam,sms_spam,sms_spam_00837,ham,contains_all_caps_or_exclamation_emphasis,0
SMS Spam,sms_spam,sms_spam_00837,ham,asks_click_link,0
SMS Spam,sms_spam,sms_spam_00837,ham,asks_user_reply_or_call,0
SMS Spam,sms_spam,sms_spam_00837,ham,requests_personal_information,0
SMS Spam,sms_spam,sms_spam_00837,ham,requests_immediate_action,0
SMS Spam,sms_spam,sms_spam_00837,ham,normal_personal_conversation,1
SMS Spam,sms_spam,sms_spam_00837,ham,mentions_meeting_family_friends,1
SMS Spam,sms_spam,sms_spam_00837,ham,uses_casual_emotional_language,1
SMS Spam,sms_spam,sms_spam_00837,ham,refers_previous_conversation,1
SMS Spam,sms_spam,sms_spam_00181,ham,mentions_prize_reward_gift,0
SMS Spam,sms_spam,sms_spam_00181,ham,claims_winner_or_selected,0
SMS Spam,sms_spam,sms_spam_00181,ham,impersonates_official_entity,0
SMS Spam,sms_spam,sms_spam_00181,ham,uses_promotional_or_marketing_claim,0
SMS Spam,sms_spam,sms_spam_00181,ham,mentions_money_payment,0
SMS Spam,sms_spam,sms_spam_00181,ham,mentions_free_offer,0
SMS Spam,sms_spam,sms_spam_00181,ham,mentions_discount_or_rate,0
SMS Spam,sms_spam,sms_spam_00181,ham,mentions_financial_gain_or_cost,0
SMS Spam,sms_spam,sms_spam_00181,ham,creates_urgency,0
SMS Spam,sms_spam,sms_spam_00181,ham,uses_deadline_or_expiry,0
SMS Spam,sms_spam,sms_spam_00181,ham,threatens_loss_or_penalty,0
SMS Spam,sms_spam,sms_spam_00181,ham,contains_all_caps_or_exclamation_emphasis,0
SMS Spam,sms_spam,sms_spam_00181,ham,asks_click_link,0
SMS Spam,sms_spam,sms_spam_00181,ham,asks_user_reply_or_call,0
SMS Spam,sms_spam,sms_spam_00181,ham,requests_personal_information,0
SMS Spam,sms_spam,sms_spam_00181,ham,requests_immediate_action,0
SMS Spam,sms_spam,sms_spam_00181,ham,normal_personal_conversation,1
SMS Spam,sms_spam,sms_spam_00181,ham,mentions_meeting_family_friends,1
SMS Spam,sms_spam,sms_spam_00181,ham,uses_casual_emotional_language,1
SMS Spam,sms_spam,sms_spam_00181,ham,refers_previous_conversation,1
SMS Spam,sms_spam,sms_spam_00761,spam,mentions_prize_reward_gift,1
SMS Spam,sms_spam,sms_spam_00761,spam,claims_winner_or_selected,0
SMS Spam,sms_spam,sms_spam_00761,spam,impersonates_official_entity,0
SMS Spam,sms_spam,sms_spam_00761,spam,uses_promotional_or_marketing_claim,1
SMS Spam,sms_spam,sms_spam_00761,spam,mentions_money_payment,0
SMS Spam,sms_spam,sms_spam_00761,spam,mentions_free_offer,0
SMS Spam,sms_spam,sms_spam_00761,spam,mentions_discount_or_rate,0
SMS Spam,sms_spam,sms_spam_00761,spam,mentions_financial_gain_or_cost,0
SMS Spam,sms_spam,sms_spam_00761,spam,creates_urgency,0
SMS Spam,sms_spam,sms_spam_00761,spam,uses_deadline_or_expiry,0
SMS Spam,sms_spam,sms_spam_00761,spam,threatens_loss_or_penalty,0
SMS Spam,sms_spam,sms_spam_00761,spam,contains_all_caps_or_exclamation_emphasis,0
SMS Spam,sms_spam,sms_spam_00761,spam,asks_click_link,0
SMS Spam,sms_spam,sms_spam_00761,spam,asks_user_reply_or_call,0
SMS Spam,sms_spam,sms_spam_00761,spam,requests_personal_information,0
SMS Spam,sms_spam,sms_spam_00761,spam,requests_immediate_action,0
SMS Spam,sms_spam,sms_spam_00761,spam,normal_personal_conversation,0
SMS Spam,sms_spam,sms_spam_00761,spam,mentions_meeting_family_friends,0
SMS Spam,sms_spam,sms_spam_00761,spam,uses_casual_emotional_language,0
SMS Spam,sms_spam,sms_spam_00761,spam,refers_previous_conversation,0
SMS Spam,sms_spam,sms_spam_01473,spam,mentions_prize_reward_gift,0
SMS Spam,sms_spam,sms_spam_01473,spam,claims_winner_or_selected,0
SMS Spam,sms_spam,sms_spam_01473,spam,impersonates_official_entity,0
SMS Spam,sms_spam,sms_spam_01473,spam,uses_promotional_or_marketing_claim,1
SMS Spam,sms_spam,sms_spam_01473,spam,mentions_money_payment,1
SMS Spam,sms_spam,sms_spam_01473,spam,mentions_free_offer,0
SMS Spam,sms_spam,sms_spam_01473,spam,mentions_discount_or_rate,0
SMS Spam,sms_spam,sms_spam_01473,spam,mentions_financial_gain_or_cost,1
SMS Spam,sms_spam,sms_spam_01473,spam,creates_urgency,1
SMS Spam,sms_spam,sms_spam_01473,spam,uses_deadline_or_expiry,0
SMS Spam,sms_spam,sms_spam_01473,spam,threatens_loss_or_penalty,0
SMS Spam,sms_spam,sms_spam_01473,spam,contains_all_caps_or_exclamation_emphasis,0
SMS Spam,sms_spam,sms_spam_01473,spam,asks_click_link,0
SMS Spam,sms_spam,sms_spam_01473,spam,asks_user_reply_or_call,1
SMS Spam,sms_spam,sms_spam_01473,spam,requests_personal_information,0
SMS Spam,sms_spam,sms_spam_01473,spam,requests_immediate_action,1
SMS Spam,sms_spam,sms_spam_01473,spam,normal_personal_conversation,0
SMS Spam,sms_spam,sms_spam_01473,spam,mentions_meeting_family_friends,0
SMS Spam,sms_spam,sms_spam_01473,spam,uses_casual_emotional_language,1
SMS Spam,sms_spam,sms_spam_01473,spam,refers_previous_conversation,0
SMS Spam,sms_spam,sms_spam_04430,spam,mentions_prize_reward_gift,0
SMS Spam,sms_spam,sms_spam_04430,spam,claims_winner_or_selected,0
SMS Spam,sms_spam,sms_spam_04430,spam,impersonates_official_entity,0
SMS Spam,sms_spam,sms_spam_04430,spam,uses_promotional_or_marketing_claim,1
SMS Spam,sms_spam,sms_spam_04430,spam,mentions_money_payment,1
SMS Spam,sms_spam,sms_spam_04430,spam,mentions_free_offer,0
SMS Spam,sms_spam,sms_spam_04430,spam,mentions_discount_or_rate,0
SMS Spam,sms_spam,sms_spam_04430,spam,mentions_financial_gain_or_cost,1
SMS Spam,sms_spam,sms_spam_04430,spam,creates_urgency,1
SMS Spam,sms_spam,sms_spam_04430,spam,uses_deadline_or_expiry,0
SMS Spam,sms_spam,sms_spam_04430,spam,threatens_loss_or_penalty,0
SMS Spam,sms_spam,sms_spam_04430,spam,contains_all_caps_or_exclamation_emphasis,1
SMS Spam,sms_spam,sms_spam_04430,spam,asks_click_link,0
SMS Spam,sms_spam,sms_spam_04430,spam,asks_user_reply_or_call,1
SMS Spam,sms_spam,sms_spam_04430,spam,requests_personal_information,0
SMS Spam,sms_spam,sms_spam_04430,spam,requests_immediate_action,1
SMS Spam,sms_spam,sms_spam_04430,spam,normal_personal_conversation,0
SMS Spam,sms_spam,sms_spam_04430,spam,mentions_meeting_family_friends,0
SMS Spam,sms_spam,sms_spam_04430,spam,uses_casual_emotional_language,0
SMS Spam,sms_spam,sms_spam_04430,spam,refers_previous_conversation,0
SMS Spam,sms_spam,sms_spam_00711,spam,mentions_prize_reward_gift,0
SMS Spam,sms_spam,sms_spam_00711,spam,claims_winner_or_selected,0
SMS Spam,sms_spam,sms_spam_00711,spam,impersonates_official_entity,0
SMS Spam,sms_spam,sms_spam_00711,spam,uses_promotional_or_marketing_claim,1
SMS Spam,sms_spam,sms_spam_00711,spam,mentions_money_payment,1
SMS Spam,sms_spam,sms_spam_00711,spam,mentions_free_offer,0
SMS Spam,sms_spam,sms_spam_00711,spam,mentions_discount_or_rate,0
SMS Spam,sms_spam,sms_spam_00711,spam,mentions_financial_gain_or_cost,1
SMS Spam,sms_spam,sms_spam_00711,spam,creates_urgency,0
SMS Spam,sms_spam,sms_spam_00711,spam,uses_deadline_or_expiry,0
SMS Spam,sms_spam,sms_spam_00711,spam,threatens_loss_or_penalty,0
SMS Spam,sms_spam,sms_spam_00711,spam,contains_all_caps_or_exclamation_emphasis,0
SMS Spam,sms_spam,sms_spam_00711,spam,asks_click_link,1
SMS Spam,sms_spam,sms_spam_00711,spam,asks_user_reply_or_call,1
SMS Spam,sms_spam,sms_spam_00711,spam,requests_personal_information,0
SMS Spam,sms_spam,sms_spam_00711,spam,requests_immediate_action,1
SMS Spam,sms_spam,sms_spam_00711,spam,normal_personal_conversation,0
SMS Spam,sms_spam,sms_spam_00711,spam,mentions_meeting_family_friends,0
SMS Spam,sms_spam,sms_spam_00711,spam,uses_casual_emotional_language,0
SMS Spam,sms_spam,sms_spam_00711,spam,refers_previous_conversation,0
SMS Spam,sms_spam,sms_spam_04247,spam,mentions_prize_reward_gift,1
SMS Spam,sms_spam,sms_spam_04247,spam,claims_winner_or_selected,1
SMS Spam,sms_spam,sms_spam_04247,spam,impersonates_official_entity,0
SMS Spam,sms_spam,sms_spam_04247,spam,uses_promotional_or_marketing_claim,1
SMS Spam,sms_spam,sms_spam_04247,spam,mentions_money_payment,0
SMS Spam,sms_spam,sms_spam_04247,spam,mentions_free_offer,1
SMS Spam,sms_spam,sms_spam_04247,spam,mentions_discount_or_rate,0
SMS Spam,sms_spam,sms_spam_04247,spam,mentions_financial_gain_or_cost,1
SMS Spam,sms_spam,sms_spam_04247,spam,creates_urgency,0
SMS Spam,sms_spam,sms_spam_04247,spam,uses_deadline_or_expiry,0
SMS Spam,sms_spam,sms_spam_04247,spam,threatens_loss_or_penalty,0
SMS Spam,sms_spam,sms_spam_04247,spam,contains_all_caps_or_exclamation_emphasis,0
SMS Spam,sms_spam,sms_spam_04247,spam,asks_click_link,0
SMS Spam,sms_spam,sms_spam_04247,spam,asks_user_reply_or_call,1
SMS Spam,sms_spam,sms_spam_04247,spam,requests_personal_information,0
SMS Spam,sms_spam,sms_spam_04247,spam,requests_immediate_action,1
SMS Spam,sms_spam,sms_spam_04247,spam,normal_personal_conversation,0
SMS Spam,sms_spam,sms_spam_04247,spam,mentions_meeting_family_friends,0
SMS Spam,sms_spam,sms_spam_04247,spam,uses_casual_emotional_language,0
SMS Spam,sms_spam,sms_spam_04247,spam,refers_previous_conversation,0
SMS Spam,sms_spam,sms_spam_03903,ham,mentions_prize_reward_gift,0
SMS Spam,sms_spam,sms_spam_03903,ham,claims_winner_or_selected,0
SMS Spam,sms_spam,sms_spam_03903,ham,impersonates_official_entity,0
SMS Spam,sms_spam,sms_spam_03903,ham,uses_promotional_or_marketing_claim,0
SMS Spam,sms_spam,sms_spam_03903,ham,mentions_money_payment,0
SMS Spam,sms_spam,sms_spam_03903,ham,mentions_free_offer,0
SMS Spam,sms_spam,sms_spam_03903,ham,mentions_discount_or_rate,0
SMS Spam,sms_spam,sms_spam_03903,ham,mentions_financial_gain_or_cost,0
SMS Spam,sms_spam,sms_spam_03903,ham,creates_urgency,0
SMS Spam,sms_spam,sms_spam_03903,ham,uses_deadline_or_expiry,0
SMS Spam,sms_spam,sms_spam_03903,ham,threatens_loss_or_penalty,0
SMS Spam,sms_spam,sms_spam_03903,ham,contains_all_caps_or_exclamation_emphasis,0
SMS Spam,sms_spam,sms_spam_03903,ham,asks_click_link,0
SMS Spam,sms_spam,sms_spam_03903,ham,asks_user_reply_or_call,0
SMS Spam,sms_spam,sms_spam_03903,ham,requests_personal_information,0
SMS Spam,sms_spam,sms_spam_03903,ham,requests_immediate_action,0
SMS Spam,sms_spam,sms_spam_03903,ham,normal_personal_conversation,1
SMS Spam,sms_spam,sms_spam_03903,ham,mentions_meeting_family_friends,1
SMS Spam,sms_spam,sms_spam_03903,ham,uses_casual_emotional_language,0
SMS Spam,sms_spam,sms_spam_03903,ham,refers_previous_conversation,1
SMS Spam,sms_spam,sms_spam_03764,spam,mentions_prize_reward_gift,1
SMS Spam,sms_spam,sms_spam_03764,spam,claims_winner_or_selected,1
SMS Spam,sms_spam,sms_spam_03764,spam,impersonates_official_entity,1
SMS Spam,sms_spam,sms_spam_03764,spam,uses_promotional_or_marketing_claim,1
SMS Spam,sms_spam,sms_spam_03764,spam,mentions_money_payment,1
SMS Spam,sms_spam,sms_spam_03764,spam,mentions_free_offer,0
SMS Spam,sms_spam,sms_spam_03764,spam,mentions_discount_or_rate,0
SMS Spam,sms_spam,sms_spam_03764,spam,mentions_financial_gain_or_cost,1
SMS Spam,sms_spam,sms_spam_03764,spam,creates_urgency,0
SMS Spam,sms_spam,sms_spam_03764,spam,uses_deadline_or_expiry,0
SMS Spam,sms_spam,sms_spam_03764,spam,threatens_loss_or_penalty,0
SMS Spam,sms_spam,sms_spam_03764,spam,contains_all_caps_or_exclamation_emphasis,0
SMS Spam,sms_spam,sms_spam_03764,spam,asks_click_link,0
SMS Spam,sms_spam,sms_spam_03764,spam,asks_user_reply_or_call,1
SMS Spam,sms_spam,sms_spam_03764,spam,requests_personal_information,0
SMS Spam,sms_spam,sms_spam_03764,spam,requests_immediate_action,1
SMS Spam,sms_spam,sms_spam_03764,spam,normal_personal_conversation,0
SMS Spam,sms_spam,sms_spam_03764,spam,mentions_meeting_family_friends,0
SMS Spam,sms_spam,sms_spam_03764,spam,uses_casual_emotional_language,0
SMS Spam,sms_spam,sms_spam_03764,spam,refers_previous_conversation,0
SMS Spam,sms_spam,sms_spam_04506,ham,mentions_prize_reward_gift,0
SMS Spam,sms_spam,sms_spam_04506,ham,claims_winner_or_selected,0
SMS Spam,sms_spam,sms_spam_04506,ham,impersonates_official_entity,0
SMS Spam,sms_spam,sms_spam_04506,ham,uses_promotional_or_marketing_claim,0
SMS Spam,sms_spam,sms_spam_04506,ham,mentions_money_payment,0
SMS Spam,sms_spam,sms_spam_04506,ham,mentions_free_offer,0
SMS Spam,sms_spam,sms_spam_04506,ham,mentions_discount_or_rate,0
SMS Spam,sms_spam,sms_spam_04506,ham,mentions_financial_gain_or_cost,0
SMS Spam,sms_spam,sms_spam_04506,ham,creates_urgency,0
SMS Spam,sms_spam,sms_spam_04506,ham,uses_deadline_or_expiry,0
SMS Spam,sms_spam,sms_spam_04506,ham,threatens_loss_or_penalty,0
SMS Spam,sms_spam,sms_spam_04506,ham,contains_all_caps_or_exclamation_emphasis,0
SMS Spam,sms_spam,sms_spam_04506,ham,asks_click_link,0
SMS Spam,sms_spam,sms_spam_04506,ham,asks_user_reply_or_call,0
SMS Spam,sms_spam,sms_spam_04506,ham,requests_personal_information,0
SMS Spam,sms_spam,sms_spam_04506,ham,requests_immediate_action,0
SMS Spam,sms_spam,sms_spam_04506,ham,normal_personal_conversation,1
SMS Spam,sms_spam,sms_spam_04506,ham,mentions_meeting_family_friends,1
SMS Spam,sms_spam,sms_spam_04506,ham,uses_casual_emotional_language,1
SMS Spam,sms_spam,sms_spam_04506,ham,refers_previous_conversation,1
SMS Spam,sms_spam,sms_spam_01395,ham,mentions_prize_reward_gift,0
SMS Spam,sms_spam,sms_spam_01395,ham,claims_winner_or_selected,0
SMS Spam,sms_spam,sms_spam_01395,ham,impersonates_official_entity,0
SMS Spam,sms_spam,sms_spam_01395,ham,uses_promotional_or_marketing_claim,0
SMS Spam,sms_spam,sms_spam_01395,ham,mentions_money_payment,0
SMS Spam,sms_spam,sms_spam_01395,ham,mentions_free_offer,0
SMS Spam,sms_spam,sms_spam_01395,ham,mentions_discount_or_rate,0
SMS Spam,sms_spam,sms_spam_01395,ham,mentions_financial_gain_or_cost,0
SMS Spam,sms_spam,sms_spam_01395,ham,creates_urgency,0
SMS Spam,sms_spam,sms_spam_01395,ham,uses_deadline_or_expiry,0
SMS Spam,sms_spam,sms_spam_01395,ham,threatens_loss_or_penalty,0
SMS Spam,sms_spam,sms_spam_01395,ham,contains_all_caps_or_exclamation_emphasis,0
SMS Spam,sms_spam,sms_spam_01395,ham,asks_click_link,0
SMS Spam,sms_spam,sms_spam_01395,ham,asks_user_reply_or_call,0
SMS Spam,sms_spam,sms_spam_01395,ham,requests_personal_information,0
SMS Spam,sms_spam,sms_spam_01395,ham,requests_immediate_action,0
SMS Spam,sms_spam,sms_spam_01395,ham,normal_personal_conversation,1
SMS Spam,sms_spam,sms_spam_01395,ham,mentions_meeting_family_friends,1
SMS Spam,sms_spam,sms_spam_01395,ham,uses_casual_emotional_language,1
SMS Spam,sms_spam,sms_spam_01395,ham,refers_previous_conversation,1
SMS Spam,sms_spam,sms_spam_04867,ham,mentions_prize_reward_gift,0
SMS Spam,sms_spam,sms_spam_04867,ham,claims_winner_or_selected,0
SMS Spam,sms_spam,sms_spam_04867,ham,impersonates_official_entity,0
SMS Spam,sms_spam,sms_spam_04867,ham,uses_promotional_or_marketing_claim,0
SMS Spam,sms_spam,sms_spam_04867,ham,mentions_money_payment,0
SMS Spam,sms_spam,sms_spam_04867,ham,mentions_free_offer,0
SMS Spam,sms_spam,sms_spam_04867,ham,mentions_discount_or_rate,0
SMS Spam,sms_spam,sms_spam_04867,ham,mentions_financial_gain_or_cost,0
SMS Spam,sms_spam,sms_spam_04867,ham,creates_urgency,0
SMS Spam,sms_spam,sms_spam_04867,ham,uses_deadline_or_expiry,0
SMS Spam,sms_spam,sms_spam_04867,ham,threatens_loss_or_penalty,0
SMS Spam,sms_spam,sms_spam_04867,ham,contains_all_caps_or_exclamation_emphasis,0
SMS Spam,sms_spam,sms_spam_04867,ham,asks_click_link,0
SMS Spam,sms_spam,sms_spam_04867,ham,asks_user_reply_or_call,0
SMS Spam,sms_spam,sms_spam_04867,ham,requests_personal_information,0
SMS Spam,sms_spam,sms_spam_04867,ham,requests_immediate_action,0
SMS Spam,sms_spam,sms_spam_04867,ham,normal_personal_conversation,1
SMS Spam,sms_spam,sms_spam_04867,ham,mentions_meeting_family_friends,0
SMS Spam,sms_spam,sms_spam_04867,ham,uses_casual_emotional_language,1
SMS Spam,sms_spam,sms_spam_04867,ham,refers_previous_conversation,0
SMS Spam,sms_spam,sms_spam_04728,spam,mentions_prize_reward_gift,1
SMS Spam,sms_spam,sms_spam_04728,spam,claims_winner_or_selected,0
SMS Spam,sms_spam,sms_spam_04728,spam,impersonates_official_entity,0
SMS Spam,sms_spam,sms_spam_04728,spam,uses_promotional_or_marketing_claim,1
SMS Spam,sms_spam,sms_spam_04728,spam,mentions_money_payment,1
SMS Spam,sms_spam,sms_spam_04728,spam,mentions_free_offer,0
SMS Spam,sms_spam,sms_spam_04728,spam,mentions_discount_or_rate,0
SMS Spam,sms_spam,sms_spam_04728,spam,mentions_financial_gain_or_cost,1
SMS Spam,sms_spam,sms_spam_04728,spam,creates_urgency,1
SMS Spam,sms_spam,sms_spam_04728,spam,uses_deadline_or_expiry,0
SMS Spam,sms_spam,sms_spam_04728,spam,threatens_loss_or_penalty,0
SMS Spam,sms_spam,sms_spam_04728,spam,contains_all_caps_or_exclamation_emphasis,1
SMS Spam,sms_spam,sms_spam_04728,spam,asks_click_link,0
SMS Spam,sms_spam,sms_spam_04728,spam,asks_user_reply_or_call,1
SMS Spam,sms_spam,sms_spam_04728,spam,requests_personal_information,0
SMS Spam,sms_spam,sms_spam_04728,spam,requests_immediate_action,1
SMS Spam,sms_spam,sms_spam_04728,spam,normal_personal_conversation,0
SMS Spam,sms_spam,sms_spam_04728,spam,mentions_meeting_family_friends,0
SMS Spam,sms_spam,sms_spam_04728,spam,uses_casual_emotional_language,0
SMS Spam,sms_spam,sms_spam_04728,spam,refers_previous_conversation,0
SMS Spam,sms_spam,sms_spam_01716,spam,mentions_prize_reward_gift,1
SMS Spam,sms_spam,sms_spam_01716,spam,claims_winner_or_selected,0
SMS Spam,sms_spam,sms_spam_01716,spam,impersonates_official_entity,0
SMS Spam,sms_spam,sms_spam_01716,spam,uses_promotional_or_marketing_claim,1
SMS Spam,sms_spam,sms_spam_01716,spam,mentions_money_payment,0
SMS Spam,sms_spam,sms_spam_01716,spam,mentions_free_offer,0
SMS Spam,sms_spam,sms_spam_01716,spam,mentions_discount_or_rate,0
SMS Spam,sms_spam,sms_spam_01716,spam,mentions_financial_gain_or_cost,0
SMS Spam,sms_spam,sms_spam_01716,spam,creates_urgency,0
SMS Spam,sms_spam,sms_spam_01716,spam,uses_deadline_or_expiry,0
SMS Spam,sms_spam,sms_spam_01716,spam,threatens_loss_or_penalty,0
SMS Spam,sms_spam,sms_spam_01716,spam,contains_all_caps_or_exclamation_emphasis,0
SMS Spam,sms_spam,sms_spam_01716,spam,asks_click_link,0
SMS Spam,sms_spam,sms_spam_01716,spam,asks_user_reply_or_call,1
SMS Spam,sms_spam,sms_spam_01716,spam,requests_personal_information,0
SMS Spam,sms_spam,sms_spam_01716,spam,requests_immediate_action,0
SMS Spam,sms_spam,sms_spam_01716,spam,normal_personal_conversation,0
SMS Spam,sms_spam,sms_spam_01716,spam,mentions_meeting_family_friends,0
SMS Spam,sms_spam,sms_spam_01716,spam,uses_casual_emotional_language,0
SMS Spam,sms_spam,sms_spam_01716,spam,refers_previous_conversation,0
SST-2,sst2,sst2_03982,negative,expresses_positive_emotion,0
SST-2,sst2,sst2_03982,negative,contains_praise,0
SST-2,sst2,sst2_03982,negative,mentions_enjoyment,0
SST-2,sst2,sst2_03982,negative,describes_high_quality,0
SST-2,sst2,sst2_03982,negative,expresses_negative_emotion,0
SST-2,sst2,sst2_03982,negative,contains_criticism,0
SST-2,sst2,sst2_03982,negative,mentions_disappointment,0
SST-2,sst2,sst2_03982,negative,describes_low_quality,0
SST-2,sst2,sst2_03982,negative,mentions_good_acting_or_writing,0
SST-2,sst2,sst2_03982,negative,mentions_bad_acting_or_writing,0
SST-2,sst2,sst2_03982,negative,contains_comparison,0
SST-2,sst2,sst2_03982,negative,uses_strong_opinion,1
SST-2,sst2,sst2_03982,negative,contains_irony_or_sarcasm,0
SST-2,sst2,sst2_03982,negative,contains_mixed_sentiment,1
SST-2,sst2,sst2_03982,negative,sounds_uncertain,0
SST-2,sst2,sst2_03982,negative,uses_emotional_language,1
SST-2,sst2,sst2_03982,negative,contains_recommendation,0
SST-2,sst2,sst2_03982,negative,mentions_exciting_content,0
SST-2,sst2,sst2_03982,negative,mentions_boredom,0
SST-2,sst2,sst2_03982,negative,sounds_confident,1
SST-2,sst2,sst2_04994,negative,expresses_positive_emotion,0
SST-2,sst2,sst2_04994,negative,contains_praise,0
SST-2,sst2,sst2_04994,negative,mentions_enjoyment,0
SST-2,sst2,sst2_04994,negative,describes_high_quality,0
SST-2,sst2,sst2_04994,negative,expresses_negative_emotion,1
SST-2,sst2,sst2_04994,negative,contains_criticism,1
SST-2,sst2,sst2_04994,negative,mentions_disappointment,0
SST-2,sst2,sst2_04994,negative,describes_low_quality,1
SST-2,sst2,sst2_04994,negative,mentions_good_acting_or_writing,0
SST-2,sst2,sst2_04994,negative,mentions_bad_acting_or_writing,0
SST-2,sst2,sst2_04994,negative,contains_comparison,0
SST-2,sst2,sst2_04994,negative,uses_strong_opinion,1
SST-2,sst2,sst2_04994,negative,contains_irony_or_sarcasm,1
SST-2,sst2,sst2_04994,negative,contains_mixed_sentiment,0
SST-2,sst2,sst2_04994,negative,sounds_uncertain,0
SST-2,sst2,sst2_04994,negative,uses_emotional_language,1
SST-2,sst2,sst2_04994,negative,contains_recommendation,0
SST-2,sst2,sst2_04994,negative,mentions_exciting_content,0
SST-2,sst2,sst2_04994,negative,mentions_boredom,0
SST-2,sst2,sst2_04994,negative,sounds_confident,1
SST-2,sst2,sst2_01039,positive,expresses_positive_emotion,1
SST-2,sst2,sst2_01039,positive,contains_praise,1
SST-2,sst2,sst2_01039,positive,mentions_enjoyment,1
SST-2,sst2,sst2_01039,positive,describes_high_quality,1
SST-2,sst2,sst2_01039,positive,expresses_negative_emotion,0
SST-2,sst2,sst2_01039,positive,contains_criticism,0
SST-2,sst2,sst2_01039,positive,mentions_disappointment,0
SST-2,sst2,sst2_01039,positive,describes_low_quality,0
SST-2,sst2,sst2_01039,positive,mentions_good_acting_or_writing,0
SST-2,sst2,sst2_01039,positive,mentions_bad_acting_or_writing,0
SST-2,sst2,sst2_01039,positive,contains_comparison,0
SST-2,sst2,sst2_01039,positive,uses_strong_opinion,1
SST-2,sst2,sst2_01039,positive,contains_irony_or_sarcasm,0
SST-2,sst2,sst2_01039,positive,contains_mixed_sentiment,0
SST-2,sst2,sst2_01039,positive,sounds_uncertain,0
SST-2,sst2,sst2_01039,positive,uses_emotional_language,1
SST-2,sst2,sst2_01039,positive,contains_recommendation,1
SST-2,sst2,sst2_01039,positive,mentions_exciting_content,1
SST-2,sst2,sst2_01039,positive,mentions_boredom,0
SST-2,sst2,sst2_01039,positive,sounds_confident,1
SST-2,sst2,sst2_01154,positive,expresses_positive_emotion,1
SST-2,sst2,sst2_01154,positive,contains_praise,1
SST-2,sst2,sst2_01154,positive,mentions_enjoyment,1
SST-2,sst2,sst2_01154,positive,describes_high_quality,1
SST-2,sst2,sst2_01154,positive,expresses_negative_emotion,0
SST-2,sst2,sst2_01154,positive,contains_criticism,0
SST-2,sst2,sst2_01154,positive,mentions_disappointment,0
SST-2,sst2,sst2_01154,positive,describes_low_quality,0
SST-2,sst2,sst2_01154,positive,mentions_good_acting_or_writing,0
SST-2,sst2,sst2_01154,positive,mentions_bad_acting_or_writing,0
SST-2,sst2,sst2_01154,positive,contains_comparison,1
SST-2,sst2,sst2_01154,positive,uses_strong_opinion,1
SST-2,sst2,sst2_01154,positive,contains_irony_or_sarcasm,0
SST-2,sst2,sst2_01154,positive,contains_mixed_sentiment,0
SST-2,sst2,sst2_01154,positive,sounds_uncertain,0
SST-2,sst2,sst2_01154,positive,uses_emotional_language,1
SST-2,sst2,sst2_01154,positive,contains_recommendation,1
SST-2,sst2,sst2_01154,positive,mentions_exciting_content,1
SST-2,sst2,sst2_01154,positive,mentions_boredom,0
SST-2,sst2,sst2_01154,positive,sounds_confident,1
SST-2,sst2,sst2_03271,negative,expresses_positive_emotion,0
SST-2,sst2,sst2_03271,negative,contains_praise,0
SST-2,sst2,sst2_03271,negative,mentions_enjoyment,0
SST-2,sst2,sst2_03271,negative,describes_high_quality,0
SST-2,sst2,sst2_03271,negative,expresses_negative_emotion,1
SST-2,sst2,sst2_03271,negative,contains_criticism,1
SST-2,sst2,sst2_03271,negative,mentions_disappointment,1
SST-2,sst2,sst2_03271,negative,describes_low_quality,1
SST-2,sst2,sst2_03271,negative,mentions_good_acting_or_writing,0
SST-2,sst2,sst2_03271,negative,mentions_bad_acting_or_writing,1
SST-2,sst2,sst2_03271,negative,contains_comparison,0
SST-2,sst2,sst2_03271,negative,uses_strong_opinion,1
SST-2,sst2,sst2_03271,negative,contains_irony_or_sarcasm,0
SST-2,sst2,sst2_03271,negative,contains_mixed_sentiment,0
SST-2,sst2,sst2_03271,negative,sounds_uncertain,0
SST-2,sst2,sst2_03271,negative,uses_emotional_language,1
SST-2,sst2,sst2_03271,negative,contains_recommendation,0
SST-2,sst2,sst2_03271,negative,mentions_exciting_content,0
SST-2,sst2,sst2_03271,negative,mentions_boredom,1
SST-2,sst2,sst2_03271,negative,sounds_confident,1
SST-2,sst2,sst2_02908,negative,expresses_positive_emotion,0
SST-2,sst2,sst2_02908,negative,contains_praise,0
SST-2,sst2,sst2_02908,negative,mentions_enjoyment,0
SST-2,sst2,sst2_02908,negative,describes_high_quality,0
SST-2,sst2,sst2_02908,negative,expresses_negative_emotion,1
SST-2,sst2,sst2_02908,negative,contains_criticism,1
SST-2,sst2,sst2_02908,negative,mentions_disappointment,1
SST-2,sst2,sst2_02908,negative,describes_low_quality,1
SST-2,sst2,sst2_02908,negative,mentions_good_acting_or_writing,0
SST-2,sst2,sst2_02908,negative,mentions_bad_acting_or_writing,1
SST-2,sst2,sst2_02908,negative,contains_comparison,0
SST-2,sst2,sst2_02908,negative,uses_strong_opinion,1
SST-2,sst2,sst2_02908,negative,contains_irony_or_sarcasm,0
SST-2,sst2,sst2_02908,negative,contains_mixed_sentiment,0
SST-2,sst2,sst2_02908,negative,sounds_uncertain,0
SST-2,sst2,sst2_02908,negative,uses_emotional_language,1
SST-2,sst2,sst2_02908,negative,contains_recommendation,0
SST-2,sst2,sst2_02908,negative,mentions_exciting_content,0
SST-2,sst2,sst2_02908,negative,mentions_boredom,1
SST-2,sst2,sst2_02908,negative,sounds_confident,1
SST-2,sst2,sst2_00852,positive,expresses_positive_emotion,1
SST-2,sst2,sst2_00852,positive,contains_praise,1
SST-2,sst2,sst2_00852,positive,mentions_enjoyment,0
SST-2,sst2,sst2_00852,positive,describes_high_quality,1
SST-2,sst2,sst2_00852,positive,expresses_negative_emotion,0
SST-2,sst2,sst2_00852,positive,contains_criticism,0
SST-2,sst2,sst2_00852,positive,mentions_disappointment,0
SST-2,sst2,sst2_00852,positive,describes_low_quality,0
SST-2,sst2,sst2_00852,positive,mentions_good_acting_or_writing,0
SST-2,sst2,sst2_00852,positive,mentions_bad_acting_or_writing,0
SST-2,sst2,sst2_00852,positive,contains_comparison,1
SST-2,sst2,sst2_00852,positive,uses_strong_opinion,1
SST-2,sst2,sst2_00852,positive,contains_irony_or_sarcasm,0
SST-2,sst2,sst2_00852,positive,contains_mixed_sentiment,0
SST-2,sst2,sst2_00852,positive,sounds_uncertain,0
SST-2,sst2,sst2_00852,positive,uses_emotional_language,1
SST-2,sst2,sst2_00852,positive,contains_recommendation,0
SST-2,sst2,sst2_00852,positive,mentions_exciting_content,0
SST-2,sst2,sst2_00852,positive,mentions_boredom,0
SST-2,sst2,sst2_00852,positive,sounds_confident,1
SST-2,sst2,sst2_02758,positive,expresses_positive_emotion,1
SST-2,sst2,sst2_02758,positive,contains_praise,1
SST-2,sst2,sst2_02758,positive,mentions_enjoyment,1
SST-2,sst2,sst2_02758,positive,describes_high_quality,1
SST-2,sst2,sst2_02758,positive,expresses_negative_emotion,0
SST-2,sst2,sst2_02758,positive,contains_criticism,0
SST-2,sst2,sst2_02758,positive,mentions_disappointment,0
SST-2,sst2,sst2_02758,positive,describes_low_quality,0
SST-2,sst2,sst2_02758,positive,mentions_good_acting_or_writing,0
SST-2,sst2,sst2_02758,positive,mentions_bad_acting_or_writing,0
SST-2,sst2,sst2_02758,positive,contains_comparison,0
SST-2,sst2,sst2_02758,positive,uses_strong_opinion,1
SST-2,sst2,sst2_02758,positive,contains_irony_or_sarcasm,0
SST-2,sst2,sst2_02758,positive,contains_mixed_sentiment,0
SST-2,sst2,sst2_02758,positive,sounds_uncertain,0
SST-2,sst2,sst2_02758,positive,uses_emotional_language,1
SST-2,sst2,sst2_02758,positive,contains_recommendation,0
SST-2,sst2,sst2_02758,positive,mentions_exciting_content,1
SST-2,sst2,sst2_02758,positive,mentions_boredom,0
SST-2,sst2,sst2_02758,positive,sounds_confident,1
SST-2,sst2,sst2_02470,positive,expresses_positive_emotion,1
SST-2,sst2,sst2_02470,positive,contains_praise,1
SST-2,sst2,sst2_02470,positive,mentions_enjoyment,0
SST-2,sst2,sst2_02470,positive,describes_high_quality,1
SST-2,sst2,sst2_02470,positive,expresses_negative_emotion,0
SST-2,sst2,sst2_02470,positive,contains_criticism,0
SST-2,sst2,sst2_02470,positive,mentions_disappointment,0
SST-2,sst2,sst2_02470,positive,describes_low_quality,0
SST-2,sst2,sst2_02470,positive,mentions_good_acting_or_writing,0
SST-2,sst2,sst2_02470,positive,mentions_bad_acting_or_writing,0
SST-2,sst2,sst2_02470,positive,contains_comparison,0
SST-2,sst2,sst2_02470,positive,uses_strong_opinion,0
SST-2,sst2,sst2_02470,positive,contains_irony_or_sarcasm,0
SST-2,sst2,sst2_02470,positive,contains_mixed_sentiment,0
SST-2,sst2,sst2_02470,positive,sounds_uncertain,0
SST-2,sst2,sst2_02470,positive,uses_emotional_language,0
SST-2,sst2,sst2_02470,positive,contains_recommendation,0
SST-2,sst2,sst2_02470,positive,mentions_exciting_content,0
SST-2,sst2,sst2_02470,positive,mentions_boredom,0
SST-2,sst2,sst2_02470,positive,sounds_confident,1
SST-2,sst2,sst2_04900,negative,expresses_positive_emotion,0
SST-2,sst2,sst2_04900,negative,contains_praise,0
SST-2,sst2,sst2_04900,negative,mentions_enjoyment,0
SST-2,sst2,sst2_04900,negative,describes_high_quality,0
SST-2,sst2,sst2_04900,negative,expresses_negative_emotion,1
SST-2,sst2,sst2_04900,negative,contains_criticism,1
SST-2,sst2,sst2_04900,negative,mentions_disappointment,1
SST-2,sst2,sst2_04900,negative,describes_low_quality,1
SST-2,sst2,sst2_04900,negative,mentions_good_acting_or_writing,0
SST-2,sst2,sst2_04900,negative,mentions_bad_acting_or_writing,0
SST-2,sst2,sst2_04900,negative,contains_comparison,0
SST-2,sst2,sst2_04900,negative,uses_strong_opinion,1
SST-2,sst2,sst2_04900,negative,contains_irony_or_sarcasm,0
SST-2,sst2,sst2_04900,negative,contains_mixed_sentiment,0
SST-2,sst2,sst2_04900,negative,sounds_uncertain,0
SST-2,sst2,sst2_04900,negative,uses_emotional_language,0
SST-2,sst2,sst2_04900,negative,contains_recommendation,0
SST-2,sst2,sst2_04900,negative,mentions_exciting_content,0
SST-2,sst2,sst2_04900,negative,mentions_boredom,0
SST-2,sst2,sst2_04900,negative,sounds_confident,1
SST-2,sst2,sst2_00058,positive,expresses_positive_emotion,1
SST-2,sst2,sst2_00058,positive,contains_praise,1
SST-2,sst2,sst2_00058,positive,mentions_enjoyment,0
SST-2,sst2,sst2_00058,positive,describes_high_quality,0
SST-2,sst2,sst2_00058,positive,expresses_negative_emotion,0
SST-2,sst2,sst2_00058,positive,contains_criticism,0
SST-2,sst2,sst2_00058,positive,mentions_disappointment,0
SST-2,sst2,sst2_00058,positive,describes_low_quality,0
SST-2,sst2,sst2_00058,positive,mentions_good_acting_or_writing,0
SST-2,sst2,sst2_00058,positive,mentions_bad_acting_or_writing,0
SST-2,sst2,sst2_00058,positive,contains_comparison,0
SST-2,sst2,sst2_00058,positive,uses_strong_opinion,0
SST-2,sst2,sst2_00058,positive,contains_irony_or_sarcasm,0
SST-2,sst2,sst2_00058,positive,contains_mixed_sentiment,0
SST-2,sst2,sst2_00058,positive,sounds_uncertain,0
SST-2,sst2,sst2_00058,positive,uses_emotional_language,0
SST-2,sst2,sst2_00058,positive,contains_recommendation,0
SST-2,sst2,sst2_00058,positive,mentions_exciting_content,0
SST-2,sst2,sst2_00058,positive,mentions_boredom,0
SST-2,sst2,sst2_00058,positive,sounds_confident,0
SST-2,sst2,sst2_04882,positive,expresses_positive_emotion,1
SST-2,sst2,sst2_04882,positive,contains_praise,1
SST-2,sst2,sst2_04882,positive,mentions_enjoyment,1
SST-2,sst2,sst2_04882,positive,describes_high_quality,0
SST-2,sst2,sst2_04882,positive,expresses_negative_emotion,0
SST-2,sst2,sst2_04882,positive,contains_criticism,0
SST-2,sst2,sst2_04882,positive,mentions_disappointment,0
SST-2,sst2,sst2_04882,positive,describes_low_quality,0
SST-2,sst2,sst2_04882,positive,mentions_good_acting_or_writing,0
SST-2,sst2,sst2_04882,positive,mentions_bad_acting_or_writing,0
SST-2,sst2,sst2_04882,positive,contains_comparison,0
SST-2,sst2,sst2_04882,positive,uses_strong_opinion,0
SST-2,sst2,sst2_04882,positive,contains_irony_or_sarcasm,0
SST-2,sst2,sst2_04882,positive,contains_mixed_sentiment,0
SST-2,sst2,sst2_04882,positive,sounds_uncertain,0
SST-2,sst2,sst2_04882,positive,uses_emotional_language,0
SST-2,sst2,sst2_04882,positive,contains_recommendation,0
SST-2,sst2,sst2_04882,positive,mentions_exciting_content,0
SST-2,sst2,sst2_04882,positive,mentions_boredom,0
SST-2,sst2,sst2_04882,positive,sounds_confident,0
SST-2,sst2,sst2_04815,negative,expresses_positive_emotion,0
SST-2,sst2,sst2_04815,negative,contains_praise,0
SST-2,sst2,sst2_04815,negative,mentions_enjoyment,0
SST-2,sst2,sst2_04815,negative,describes_high_quality,0
SST-2,sst2,sst2_04815,negative,expresses_negative_emotion,0
SST-2,sst2,sst2_04815,negative,contains_criticism,0
SST-2,sst2,sst2_04815,negative,mentions_disappointment,0
SST-2,sst2,sst2_04815,negative,describes_low_quality,0
SST-2,sst2,sst2_04815,negative,mentions_good_acting_or_writing,0
SST-2,sst2,sst2_04815,negative,mentions_bad_acting_or_writing,0
SST-2,sst2,sst2_04815,negative,contains_comparison,0
SST-2,sst2,sst2_04815,negative,uses_strong_opinion,0
SST-2,sst2,sst2_04815,negative,contains_irony_or_sarcasm,0
SST-2,sst2,sst2_04815,negative,contains_mixed_sentiment,0
SST-2,sst2,sst2_04815,negative,sounds_uncertain,0
SST-2,sst2,sst2_04815,negative,uses_emotional_language,0
SST-2,sst2,sst2_04815,negative,contains_recommendation,0
SST-2,sst2,sst2_04815,negative,mentions_exciting_content,0
SST-2,sst2,sst2_04815,negative,mentions_boredom,0
SST-2,sst2,sst2_04815,negative,sounds_confident,0
SST-2,sst2,sst2_03681,positive,expresses_positive_emotion,0
SST-2,sst2,sst2_03681,positive,contains_praise,0
SST-2,sst2,sst2_03681,positive,mentions_enjoyment,0
SST-2,sst2,sst2_03681,positive,describes_high_quality,0
SST-2,sst2,sst2_03681,positive,expresses_negative_emotion,0
SST-2,sst2,sst2_03681,positive,contains_criticism,0
SST-2,sst2,sst2_03681,positive,mentions_disappointment,0
SST-2,sst2,sst2_03681,positive,describes_low_quality,0
SST-2,sst2,sst2_03681,positive,mentions_good_acting_or_writing,0
SST-2,sst2,sst2_03681,positive,mentions_bad_acting_or_writing,0
SST-2,sst2,sst2_03681,positive,contains_comparison,0
SST-2,sst2,sst2_03681,positive,uses_strong_opinion,0
SST-2,sst2,sst2_03681,positive,contains_irony_or_sarcasm,0
SST-2,sst2,sst2_03681,positive,contains_mixed_sentiment,0
SST-2,sst2,sst2_03681,positive,sounds_uncertain,0
SST-2,sst2,sst2_03681,positive,uses_emotional_language,0
SST-2,sst2,sst2_03681,positive,contains_recommendation,0
SST-2,sst2,sst2_03681,positive,mentions_exciting_content,0
SST-2,sst2,sst2_03681,positive,mentions_boredom,0
SST-2,sst2,sst2_03681,positive,sounds_confident,0
SST-2,sst2,sst2_02750,negative,expresses_positive_emotion,0
SST-2,sst2,sst2_02750,negative,contains_praise,0
SST-2,sst2,sst2_02750,negative,mentions_enjoyment,0
SST-2,sst2,sst2_02750,negative,describes_high_quality,0
SST-2,sst2,sst2_02750,negative,expresses_negative_emotion,1
SST-2,sst2,sst2_02750,negative,contains_criticism,1
SST-2,sst2,sst2_02750,negative,mentions_disappointment,1
SST-2,sst2,sst2_02750,negative,describes_low_quality,1
SST-2,sst2,sst2_02750,negative,mentions_good_acting_or_writing,0
SST-2,sst2,sst2_02750,negative,mentions_bad_acting_or_writing,1
SST-2,sst2,sst2_02750,negative,contains_comparison,1
SST-2,sst2,sst2_02750,negative,uses_strong_opinion,1
SST-2,sst2,sst2_02750,negative,contains_irony_or_sarcasm,0
SST-2,sst2,sst2_02750,negative,contains_mixed_sentiment,0
SST-2,sst2,sst2_02750,negative,sounds_uncertain,0
SST-2,sst2,sst2_02750,negative,uses_emotional_language,1
SST-2,sst2,sst2_02750,negative,contains_recommendation,0
SST-2,sst2,sst2_02750,negative,mentions_exciting_content,0
SST-2,sst2,sst2_02750,negative,mentions_boredom,0
SST-2,sst2,sst2_02750,negative,sounds_confident,1
SST-2,sst2,sst2_01103,positive,expresses_positive_emotion,1
SST-2,sst2,sst2_01103,positive,contains_praise,1
SST-2,sst2,sst2_01103,positive,mentions_enjoyment,0
SST-2,sst2,sst2_01103,positive,describes_high_quality,1
SST-2,sst2,sst2_01103,positive,expresses_negative_emotion,0
SST-2,sst2,sst2_01103,positive,contains_criticism,0
SST-2,sst2,sst2_01103,positive,mentions_disappointment,0
SST-2,sst2,sst2_01103,positive,describes_low_quality,0
SST-2,sst2,sst2_01103,positive,mentions_good_acting_or_writing,0
SST-2,sst2,sst2_01103,positive,mentions_bad_acting_or_writing,0
SST-2,sst2,sst2_01103,positive,contains_comparison,0
SST-2,sst2,sst2_01103,positive,uses_strong_opinion,1
SST-2,sst2,sst2_01103,positive,contains_irony_or_sarcasm,0
SST-2,sst2,sst2_01103,positive,contains_mixed_sentiment,0
SST-2,sst2,sst2_01103,positive,sounds_uncertain,0
SST-2,sst2,sst2_01103,positive,uses_emotional_language,1
SST-2,sst2,sst2_01103,positive,contains_recommendation,0
SST-2,sst2,sst2_01103,positive,mentions_exciting_content,0
SST-2,sst2,sst2_01103,positive,mentions_boredom,0
SST-2,sst2,sst2_01103,positive,sounds_confident,1
SST-2,sst2,sst2_00528,positive,expresses_positive_emotion,0
SST-2,sst2,sst2_00528,positive,contains_praise,0
SST-2,sst2,sst2_00528,positive,mentions_enjoyment,0
SST-2,sst2,sst2_00528,positive,describes_high_quality,0
SST-2,sst2,sst2_00528,positive,expresses_negative_emotion,0
SST-2,sst2,sst2_00528,positive,contains_criticism,0
SST-2,sst2,sst2_00528,positive,mentions_disappointment,0
SST-2,sst2,sst2_00528,positive,describes_low_quality,0
SST-2,sst2,sst2_00528,positive,mentions_good_acting_or_writing,0
SST-2,sst2,sst2_00528,positive,mentions_bad_acting_or_writing,0
SST-2,sst2,sst2_00528,positive,contains_comparison,0
SST-2,sst2,sst2_00528,positive,uses_strong_opinion,0
SST-2,sst2,sst2_00528,positive,contains_irony_or_sarcasm,0
SST-2,sst2,sst2_00528,positive,contains_mixed_sentiment,0
SST-2,sst2,sst2_00528,positive,sounds_uncertain,0
SST-2,sst2,sst2_00528,positive,uses_emotional_language,0
SST-2,sst2,sst2_00528,positive,contains_recommendation,0
SST-2,sst2,sst2_00528,positive,mentions_exciting_content,0
SST-2,sst2,sst2_00528,positive,mentions_boredom,0
SST-2,sst2,sst2_00528,positive,sounds_confident,0
SST-2,sst2,sst2_01047,negative,expresses_positive_emotion,0
SST-2,sst2,sst2_01047,negative,contains_praise,0
SST-2,sst2,sst2_01047,negative,mentions_enjoyment,0
SST-2,sst2,sst2_01047,negative,describes_high_quality,0
SST-2,sst2,sst2_01047,negative,expresses_negative_emotion,1
SST-2,sst2,sst2_01047,negative,contains_criticism,1
SST-2,sst2,sst2_01047,negative,mentions_disappointment,0
SST-2,sst2,sst2_01047,negative,describes_low_quality,0
SST-2,sst2,sst2_01047,negative,mentions_good_acting_or_writing,0
SST-2,sst2,sst2_01047,negative,mentions_bad_acting_or_writing,0
SST-2,sst2,sst2_01047,negative,contains_comparison,0
SST-2,sst2,sst2_01047,negative,uses_strong_opinion,0
SST-2,sst2,sst2_01047,negative,contains_irony_or_sarcasm,0
SST-2,sst2,sst2_01047,negative,contains_mixed_sentiment,0
SST-2,sst2,sst2_01047,negative,sounds_uncertain,0
SST-2,sst2,sst2_01047,negative,uses_emotional_language,0
SST-2,sst2,sst2_01047,negative,contains_recommendation,0
SST-2,sst2,sst2_01047,negative,mentions_exciting_content,0
SST-2,sst2,sst2_01047,negative,mentions_boredom,1
SST-2,sst2,sst2_01047,negative,sounds_confident,1
SST-2,sst2,sst2_04248,positive,expresses_positive_emotion,1
SST-2,sst2,sst2_04248,positive,contains_praise,1
SST-2,sst2,sst2_04248,positive,mentions_enjoyment,0
SST-2,sst2,sst2_04248,positive,describes_high_quality,1
SST-2,sst2,sst2_04248,positive,expresses_negative_emotion,0
SST-2,sst2,sst2_04248,positive,contains_criticism,0
SST-2,sst2,sst2_04248,positive,mentions_disappointment,0
SST-2,sst2,sst2_04248,positive,describes_low_quality,0
SST-2,sst2,sst2_04248,positive,mentions_good_acting_or_writing,0
SST-2,sst2,sst2_04248,positive,mentions_bad_acting_or_writing,0
SST-2,sst2,sst2_04248,positive,contains_comparison,0
SST-2,sst2,sst2_04248,positive,uses_strong_opinion,1
SST-2,sst2,sst2_04248,positive,contains_irony_or_sarcasm,0
SST-2,sst2,sst2_04248,positive,contains_mixed_sentiment,0
SST-2,sst2,sst2_04248,positive,sounds_uncertain,0
SST-2,sst2,sst2_04248,positive,uses_emotional_language,1
SST-2,sst2,sst2_04248,positive,contains_recommendation,0
SST-2,sst2,sst2_04248,positive,mentions_exciting_content,0
SST-2,sst2,sst2_04248,positive,mentions_boredom,0
SST-2,sst2,sst2_04248,positive,sounds_confident,1
SST-2,sst2,sst2_04990,negative,expresses_positive_emotion,0
SST-2,sst2,sst2_04990,negative,contains_praise,0
SST-2,sst2,sst2_04990,negative,mentions_enjoyment,0
SST-2,sst2,sst2_04990,negative,describes_high_quality,0
SST-2,sst2,sst2_04990,negative,expresses_negative_emotion,1
SST-2,sst2,sst2_04990,negative,contains_criticism,1
SST-2,sst2,sst2_04990,negative,mentions_disappointment,1
SST-2,sst2,sst2_04990,negative,describes_low_quality,1
SST-2,sst2,sst2_04990,negative,mentions_good_acting_or_writing,0
SST-2,sst2,sst2_04990,negative,mentions_bad_acting_or_writing,1
SST-2,sst2,sst2_04990,negative,contains_comparison,0
SST-2,sst2,sst2_04990,negative,uses_strong_opinion,1
SST-2,sst2,sst2_04990,negative,contains_irony_or_sarcasm,0
SST-2,sst2,sst2_04990,negative,contains_mixed_sentiment,0
SST-2,sst2,sst2_04990,negative,sounds_uncertain,0
SST-2,sst2,sst2_04990,negative,uses_emotional_language,0
SST-2,sst2,sst2_04990,negative,contains_recommendation,0
SST-2,sst2,sst2_04990,negative,mentions_exciting_content,0
SST-2,sst2,sst2_04990,negative,mentions_boredom,0
SST-2,sst2,sst2_04990,negative,sounds_confident,1
SST-2,sst2,sst2_03242,positive,expresses_positive_emotion,0
SST-2,sst2,sst2_03242,positive,contains_praise,0
SST-2,sst2,sst2_03242,positive,mentions_enjoyment,0
SST-2,sst2,sst2_03242,positive,describes_high_quality,0
SST-2,sst2,sst2_03242,positive,expresses_negative_emotion,0
SST-2,sst2,sst2_03242,positive,contains_criticism,0
SST-2,sst2,sst2_03242,positive,mentions_disappointment,0
SST-2,sst2,sst2_03242,positive,describes_low_quality,0
SST-2,sst2,sst2_03242,positive,mentions_good_acting_or_writing,0
SST-2,sst2,sst2_03242,positive,mentions_bad_acting_or_writing,0
SST-2,sst2,sst2_03242,positive,contains_comparison,0
SST-2,sst2,sst2_03242,positive,uses_strong_opinion,0
SST-2,sst2,sst2_03242,positive,contains_irony_or_sarcasm,0
SST-2,sst2,sst2_03242,positive,contains_mixed_sentiment,0
SST-2,sst2,sst2_03242,positive,sounds_uncertain,0
SST-2,sst2,sst2_03242,positive,uses_emotional_language,0
SST-2,sst2,sst2_03242,positive,contains_recommendation,0
SST-2,sst2,sst2_03242,positive,mentions_exciting_content,0
SST-2,sst2,sst2_03242,positive,mentions_boredom,0
SST-2,sst2,sst2_03242,positive,sounds_confident,0
SST-2,sst2,sst2_04116,negative,expresses_positive_emotion,0
SST-2,sst2,sst2_04116,negative,contains_praise,0
SST-2,sst2,sst2_04116,negative,mentions_enjoyment,0
SST-2,sst2,sst2_04116,negative,describes_high_quality,0
SST-2,sst2,sst2_04116,negative,expresses_negative_emotion,1
SST-2,sst2,sst2_04116,negative,contains_criticism,1
SST-2,sst2,sst2_04116,negative,mentions_disappointment,0
SST-2,sst2,sst2_04116,negative,describes_low_quality,1
SST-2,sst2,sst2_04116,negative,mentions_good_acting_or_writing,0
SST-2,sst2,sst2_04116,negative,mentions_bad_acting_or_writing,1
SST-2,sst2,sst2_04116,negative,contains_comparison,1
SST-2,sst2,sst2_04116,negative,uses_strong_opinion,1
SST-2,sst2,sst2_04116,negative,contains_irony_or_sarcasm,1
SST-2,sst2,sst2_04116,negative,contains_mixed_sentiment,0
SST-2,sst2,sst2_04116,negative,sounds_uncertain,0
SST-2,sst2,sst2_04116,negative,uses_emotional_language,1
SST-2,sst2,sst2_04116,negative,contains_recommendation,0
SST-2,sst2,sst2_04116,negative,mentions_exciting_content,0
SST-2,sst2,sst2_04116,negative,mentions_boredom,0
SST-2,sst2,sst2_04116,negative,sounds_confident,1
SST-2,sst2,sst2_04057,positive,expresses_positive_emotion,1
SST-2,sst2,sst2_04057,positive,contains_praise,1
SST-2,sst2,sst2_04057,positive,mentions_enjoyment,0
SST-2,sst2,sst2_04057,positive,describes_high_quality,1
SST-2,sst2,sst2_04057,positive,expresses_negative_emotion,0
SST-2,sst2,sst2_04057,positive,contains_criticism,0
SST-2,sst2,sst2_04057,positive,mentions_disappointment,0
SST-2,sst2,sst2_04057,positive,describes_low_quality,0
SST-2,sst2,sst2_04057,positive,mentions_good_acting_or_writing,0
SST-2,sst2,sst2_04057,positive,mentions_bad_acting_or_writing,0
SST-2,sst2,sst2_04057,positive,contains_comparison,0
SST-2,sst2,sst2_04057,positive,uses_strong_opinion,1
SST-2,sst2,sst2_04057,positive,contains_irony_or_sarcasm,0
SST-2,sst2,sst2_04057,positive,contains_mixed_sentiment,0
SST-2,sst2,sst2_04057,positive,sounds_uncertain,0
SST-2,sst2,sst2_04057,positive,uses_emotional_language,0
SST-2,sst2,sst2_04057,positive,contains_recommendation,0
SST-2,sst2,sst2_04057,positive,mentions_exciting_content,0
SST-2,sst2,sst2_04057,positive,mentions_boredom,0
SST-2,sst2,sst2_04057,positive,sounds_confident,1
SST-2,sst2,sst2_03394,positive,expresses_positive_emotion,1
SST-2,sst2,sst2_03394,positive,contains_praise,1
SST-2,sst2,sst2_03394,positive,mentions_enjoyment,0
SST-2,sst2,sst2_03394,positive,describes_high_quality,1
SST-2,sst2,sst2_03394,positive,expresses_negative_emotion,0
SST-2,sst2,sst2_03394,positive,contains_criticism,0
SST-2,sst2,sst2_03394,positive,mentions_disappointment,0
SST-2,sst2,sst2_03394,positive,describes_low_quality,0
SST-2,sst2,sst2_03394,positive,mentions_good_acting_or_writing,1
SST-2,sst2,sst2_03394,positive,mentions_bad_acting_or_writing,0
SST-2,sst2,sst2_03394,positive,contains_comparison,0
SST-2,sst2,sst2_03394,positive,uses_strong_opinion,1
SST-2,sst2,sst2_03394,positive,contains_irony_or_sarcasm,0
SST-2,sst2,sst2_03394,positive,contains_mixed_sentiment,0
SST-2,sst2,sst2_03394,positive,sounds_uncertain,0
SST-2,sst2,sst2_03394,positive,uses_emotional_language,1
SST-2,sst2,sst2_03394,positive,contains_recommendation,0
SST-2,sst2,sst2_03394,positive,mentions_exciting_content,0
SST-2,sst2,sst2_03394,positive,mentions_boredom,0
SST-2,sst2,sst2_03394,positive,sounds_confident,1
SST-2,sst2,sst2_00145,negative,expresses_positive_emotion,0
SST-2,sst2,sst2_00145,negative,contains_praise,0
SST-2,sst2,sst2_00145,negative,mentions_enjoyment,0
SST-2,sst2,sst2_00145,negative,describes_high_quality,0
SST-2,sst2,sst2_00145,negative,expresses_negative_emotion,0
SST-2,sst2,sst2_00145,negative,contains_criticism,0
SST-2,sst2,sst2_00145,negative,mentions_disappointment,0
SST-2,sst2,sst2_00145,negative,describes_low_quality,0
SST-2,sst2,sst2_00145,negative,mentions_good_acting_or_writing,0
SST-2,sst2,sst2_00145,negative,mentions_bad_acting_or_writing,0
SST-2,sst2,sst2_00145,negative,contains_comparison,0
SST-2,sst2,sst2_00145,negative,uses_strong_opinion,0
SST-2,sst2,sst2_00145,negative,contains_irony_or_sarcasm,0
SST-2,sst2,sst2_00145,negative,contains_mixed_sentiment,0
SST-2,sst2,sst2_00145,negative,sounds_uncertain,0
SST-2,sst2,sst2_00145,negative,uses_emotional_language,0
SST-2,sst2,sst2_00145,negative,contains_recommendation,0
SST-2,sst2,sst2_00145,negative,mentions_exciting_content,0
SST-2,sst2,sst2_00145,negative,mentions_boredom,0
SST-2,sst2,sst2_00145,negative,sounds_confident,0
SST-2,sst2,sst2_01902,positive,expresses_positive_emotion,1
SST-2,sst2,sst2_01902,positive,contains_praise,1
SST-2,sst2,sst2_01902,positive,mentions_enjoyment,0
SST-2,sst2,sst2_01902,positive,describes_high_quality,0
SST-2,sst2,sst2_01902,positive,expresses_negative_emotion,0
SST-2,sst2,sst2_01902,positive,contains_criticism,0
SST-2,sst2,sst2_01902,positive,mentions_disappointment,0
SST-2,sst2,sst2_01902,positive,describes_low_quality,0
SST-2,sst2,sst2_01902,positive,mentions_good_acting_or_writing,0
SST-2,sst2,sst2_01902,positive,mentions_bad_acting_or_writing,0
SST-2,sst2,sst2_01902,positive,contains_comparison,0
SST-2,sst2,sst2_01902,positive,uses_strong_opinion,1
SST-2,sst2,sst2_01902,positive,contains_irony_or_sarcasm,0
SST-2,sst2,sst2_01902,positive,contains_mixed_sentiment,0
SST-2,sst2,sst2_01902,positive,sounds_uncertain,0
SST-2,sst2,sst2_01902,positive,uses_emotional_language,1
SST-2,sst2,sst2_01902,positive,contains_recommendation,0
SST-2,sst2,sst2_01902,positive,mentions_exciting_content,0
SST-2,sst2,sst2_01902,positive,mentions_boredom,0
SST-2,sst2,sst2_01902,positive,sounds_confident,1
SST-2,sst2,sst2_01766,positive,expresses_positive_emotion,1
SST-2,sst2,sst2_01766,positive,contains_praise,1
SST-2,sst2,sst2_01766,positive,mentions_enjoyment,0
SST-2,sst2,sst2_01766,positive,describes_high_quality,1
SST-2,sst2,sst2_01766,positive,expresses_negative_emotion,0
SST-2,sst2,sst2_01766,positive,contains_criticism,0
SST-2,sst2,sst2_01766,positive,mentions_disappointment,0
SST-2,sst2,sst2_01766,positive,describes_low_quality,0
SST-2,sst2,sst2_01766,positive,mentions_good_acting_or_writing,0
SST-2,sst2,sst2_01766,positive,mentions_bad_acting_or_writing,0
SST-2,sst2,sst2_01766,positive,contains_comparison,0
SST-2,sst2,sst2_01766,positive,uses_strong_opinion,0
SST-2,sst2,sst2_01766,positive,contains_irony_or_sarcasm,0
SST-2,sst2,sst2_01766,positive,contains_mixed_sentiment,0
SST-2,sst2,sst2_01766,positive,sounds_uncertain,0
SST-2,sst2,sst2_01766,positive,uses_emotional_language,0
SST-2,sst2,sst2_01766,positive,contains_recommendation,0
SST-2,sst2,sst2_01766,positive,mentions_exciting_content,0
SST-2,sst2,sst2_01766,positive,mentions_boredom,0
SST-2,sst2,sst2_01766,positive,sounds_confident,0
SST-2,sst2,sst2_03297,negative,expresses_positive_emotion,0
SST-2,sst2,sst2_03297,negative,contains_praise,0
SST-2,sst2,sst2_03297,negative,mentions_enjoyment,0
SST-2,sst2,sst2_03297,negative,describes_high_quality,0
SST-2,sst2,sst2_03297,negative,expresses_negative_emotion,1
SST-2,sst2,sst2_03297,negative,contains_criticism,1
SST-2,sst2,sst2_03297,negative,mentions_disappointment,1
SST-2,sst2,sst2_03297,negative,describes_low_quality,1
SST-2,sst2,sst2_03297,negative,mentions_good_acting_or_writing,0
SST-2,sst2,sst2_03297,negative,mentions_bad_acting_or_writing,0
SST-2,sst2,sst2_03297,negative,contains_comparison,0
SST-2,sst2,sst2_03297,negative,uses_strong_opinion,1
SST-2,sst2,sst2_03297,negative,contains_irony_or_sarcasm,0
SST-2,sst2,sst2_03297,negative,contains_mixed_sentiment,0
SST-2,sst2,sst2_03297,negative,sounds_uncertain,0
SST-2,sst2,sst2_03297,negative,uses_emotional_language,1
SST-2,sst2,sst2_03297,negative,contains_recommendation,0
SST-2,sst2,sst2_03297,negative,mentions_exciting_content,0
SST-2,sst2,sst2_03297,negative,mentions_boredom,1
SST-2,sst2,sst2_03297,negative,sounds_confident,1
SST-2,sst2,sst2_01229,negative,expresses_positive_emotion,0
SST-2,sst2,sst2_01229,negative,contains_praise,0
SST-2,sst2,sst2_01229,negative,mentions_enjoyment,0
SST-2,sst2,sst2_01229,negative,describes_high_quality,0
SST-2,sst2,sst2_01229,negative,expresses_negative_emotion,1
SST-2,sst2,sst2_01229,negative,contains_criticism,1
SST-2,sst2,sst2_01229,negative,mentions_disappointment,1
SST-2,sst2,sst2_01229,negative,describes_low_quality,1
SST-2,sst2,sst2_01229,negative,mentions_good_acting_or_writing,0
SST-2,sst2,sst2_01229,negative,mentions_bad_acting_or_writing,1
SST-2,sst2,sst2_01229,negative,contains_comparison,0
SST-2,sst2,sst2_01229,negative,uses_strong_opinion,1
SST-2,sst2,sst2_01229,negative,contains_irony_or_sarcasm,0
SST-2,sst2,sst2_01229,negative,contains_mixed_sentiment,0
SST-2,sst2,sst2_01229,negative,sounds_uncertain,0
SST-2,sst2,sst2_01229,negative,uses_emotional_language,0
SST-2,sst2,sst2_01229,negative,contains_recommendation,0
SST-2,sst2,sst2_01229,negative,mentions_exciting_content,0
SST-2,sst2,sst2_01229,negative,mentions_boredom,1
SST-2,sst2,sst2_01229,negative,sounds_confident,1
SST-2,sst2,sst2_01070,positive,expresses_positive_emotion,1
SST-2,sst2,sst2_01070,positive,contains_praise,1
SST-2,sst2,sst2_01070,positive,mentions_enjoyment,1
SST-2,sst2,sst2_01070,positive,describes_high_quality,0
SST-2,sst2,sst2_01070,positive,expresses_negative_emotion,0
SST-2,sst2,sst2_01070,positive,contains_criticism,0
SST-2,sst2,sst2_01070,positive,mentions_disappointment,0
SST-2,sst2,sst2_01070,positive,describes_low_quality,0
SST-2,sst2,sst2_01070,positive,mentions_good_acting_or_writing,0
SST-2,sst2,sst2_01070,positive,mentions_bad_acting_or_writing,0
SST-2,sst2,sst2_01070,positive,contains_comparison,0
SST-2,sst2,sst2_01070,positive,uses_strong_opinion,1
SST-2,sst2,sst2_01070,positive,contains_irony_or_sarcasm,0
SST-2,sst2,sst2_01070,positive,contains_mixed_sentiment,0
SST-2,sst2,sst2_01070,positive,sounds_uncertain,0
SST-2,sst2,sst2_01070,positive,uses_emotional_language,1
SST-2,sst2,sst2_01070,positive,contains_recommendation,0
SST-2,sst2,sst2_01070,positive,mentions_exciting_content,1
SST-2,sst2,sst2_01070,positive,mentions_boredom,0
SST-2,sst2,sst2_01070,positive,sounds_confident,1
SST-2,sst2,sst2_00488,positive,expresses_positive_emotion,1
SST-2,sst2,sst2_00488,positive,contains_praise,1
SST-2,sst2,sst2_00488,positive,mentions_enjoyment,0
SST-2,sst2,sst2_00488,positive,describes_high_quality,1
SST-2,sst2,sst2_00488,positive,expresses_negative_emotion,0
SST-2,sst2,sst2_00488,positive,contains_criticism,0
SST-2,sst2,sst2_00488,positive,mentions_disappointment,0
SST-2,sst2,sst2_00488,positive,describes_low_quality,0
SST-2,sst2,sst2_00488,positive,mentions_good_acting_or_writing,1
SST-2,sst2,sst2_00488,positive,mentions_bad_acting_or_writing,0
SST-2,sst2,sst2_00488,positive,contains_comparison,1
SST-2,sst2,sst2_00488,positive,uses_strong_opinion,1
SST-2,sst2,sst2_00488,positive,contains_irony_or_sarcasm,0
SST-2,sst2,sst2_00488,positive,contains_mixed_sentiment,0
SST-2,sst2,sst2_00488,positive,sounds_uncertain,0
SST-2,sst2,sst2_00488,positive,uses_emotional_language,0
SST-2,sst2,sst2_00488,positive,contains_recommendation,0
SST-2,sst2,sst2_00488,positive,mentions_exciting_content,0
SST-2,sst2,sst2_00488,positive,mentions_boredom,0
SST-2,sst2,sst2_00488,positive,sounds_confident,1
SST-2,sst2,sst2_03059,positive,expresses_positive_emotion,1
SST-2,sst2,sst2_03059,positive,contains_praise,1
SST-2,sst2,sst2_03059,positive,mentions_enjoyment,0
SST-2,sst2,sst2_03059,positive,describes_high_quality,1
SST-2,sst2,sst2_03059,positive,expresses_negative_emotion,0
SST-2,sst2,sst2_03059,positive,contains_criticism,0
SST-2,sst2,sst2_03059,positive,mentions_disappointment,0
SST-2,sst2,sst2_03059,positive,describes_low_quality,0
SST-2,sst2,sst2_03059,positive,mentions_good_acting_or_writing,0
SST-2,sst2,sst2_03059,positive,mentions_bad_acting_or_writing,0
SST-2,sst2,sst2_03059,positive,contains_comparison,0
SST-2,sst2,sst2_03059,positive,uses_strong_opinion,1
SST-2,sst2,sst2_03059,positive,contains_irony_or_sarcasm,0
SST-2,sst2,sst2_03059,positive,contains_mixed_sentiment,0
SST-2,sst2,sst2_03059,positive,sounds_uncertain,0
SST-2,sst2,sst2_03059,positive,uses_emotional_language,1
SST-2,sst2,sst2_03059,positive,contains_recommendation,0
SST-2,sst2,sst2_03059,positive,mentions_exciting_content,0
SST-2,sst2,sst2_03059,positive,mentions_boredom,0
SST-2,sst2,sst2_03059,positive,sounds_confident,1
SST-2,sst2,sst2_00469,positive,expresses_positive_emotion,0
SST-2,sst2,sst2_00469,positive,contains_praise,0
SST-2,sst2,sst2_00469,positive,mentions_enjoyment,0
SST-2,sst2,sst2_00469,positive,describes_high_quality,0
SST-2,sst2,sst2_00469,positive,expresses_negative_emotion,0
SST-2,sst2,sst2_00469,positive,contains_criticism,0
SST-2,sst2,sst2_00469,positive,mentions_disappointment,0
SST-2,sst2,sst2_00469,positive,describes_low_quality,0
SST-2,sst2,sst2_00469,positive,mentions_good_acting_or_writing,0
SST-2,sst2,sst2_00469,positive,mentions_bad_acting_or_writing,0
SST-2,sst2,sst2_00469,positive,contains_comparison,0
SST-2,sst2,sst2_00469,positive,uses_strong_opinion,0
SST-2,sst2,sst2_00469,positive,contains_irony_or_sarcasm,0
SST-2,sst2,sst2_00469,positive,contains_mixed_sentiment,0
SST-2,sst2,sst2_00469,positive,sounds_uncertain,0
SST-2,sst2,sst2_00469,positive,uses_emotional_language,0
SST-2,sst2,sst2_00469,positive,contains_recommendation,0
SST-2,sst2,sst2_00469,positive,mentions_exciting_content,0
SST-2,sst2,sst2_00469,positive,mentions_boredom,0
SST-2,sst2,sst2_00469,positive,sounds_confident,0
SST-2,sst2,sst2_01311,negative,expresses_positive_emotion,0
SST-2,sst2,sst2_01311,negative,contains_praise,0
SST-2,sst2,sst2_01311,negative,mentions_enjoyment,0
SST-2,sst2,sst2_01311,negative,describes_high_quality,0
SST-2,sst2,sst2_01311,negative,expresses_negative_emotion,1
SST-2,sst2,sst2_01311,negative,contains_criticism,1
SST-2,sst2,sst2_01311,negative,mentions_disappointment,0
SST-2,sst2,sst2_01311,negative,describes_low_quality,1
SST-2,sst2,sst2_01311,negative,mentions_good_acting_or_writing,0
SST-2,sst2,sst2_01311,negative,mentions_bad_acting_or_writing,0
SST-2,sst2,sst2_01311,negative,contains_comparison,0
SST-2,sst2,sst2_01311,negative,uses_strong_opinion,1
SST-2,sst2,sst2_01311,negative,contains_irony_or_sarcasm,0
SST-2,sst2,sst2_01311,negative,contains_mixed_sentiment,0
SST-2,sst2,sst2_01311,negative,sounds_uncertain,0
SST-2,sst2,sst2_01311,negative,uses_emotional_language,0
SST-2,sst2,sst2_01311,negative,contains_recommendation,0
SST-2,sst2,sst2_01311,negative,mentions_exciting_content,0
SST-2,sst2,sst2_01311,negative,mentions_boredom,0
SST-2,sst2,sst2_01311,negative,sounds_confident,1
SST-2,sst2,sst2_02956,positive,expresses_positive_emotion,1
SST-2,sst2,sst2_02956,positive,contains_praise,1
SST-2,sst2,sst2_02956,positive,mentions_enjoyment,0
SST-2,sst2,sst2_02956,positive,describes_high_quality,1
SST-2,sst2,sst2_02956,positive,expresses_negative_emotion,0
SST-2,sst2,sst2_02956,positive,contains_criticism,0
SST-2,sst2,sst2_02956,positive,mentions_disappointment,0
SST-2,sst2,sst2_02956,positive,describes_low_quality,0
SST-2,sst2,sst2_02956,positive,mentions_good_acting_or_writing,1
SST-2,sst2,sst2_02956,positive,mentions_bad_acting_or_writing,0
SST-2,sst2,sst2_02956,positive,contains_comparison,0
SST-2,sst2,sst2_02956,positive,uses_strong_opinion,1
SST-2,sst2,sst2_02956,positive,contains_irony_or_sarcasm,0
SST-2,sst2,sst2_02956,positive,contains_mixed_sentiment,0
SST-2,sst2,sst2_02956,positive,sounds_uncertain,0
SST-2,sst2,sst2_02956,positive,uses_emotional_language,0
SST-2,sst2,sst2_02956,positive,contains_recommendation,0
SST-2,sst2,sst2_02956,positive,mentions_exciting_content,0
SST-2,sst2,sst2_02956,positive,mentions_boredom,0
SST-2,sst2,sst2_02956,positive,sounds_confident,1
SST-2,sst2,sst2_04347,negative,expresses_positive_emotion,1
SST-2,sst2,sst2_04347,negative,contains_praise,1
SST-2,sst2,sst2_04347,negative,mentions_enjoyment,1
SST-2,sst2,sst2_04347,negative,describes_high_quality,0
SST-2,sst2,sst2_04347,negative,expresses_negative_emotion,0
SST-2,sst2,sst2_04347,negative,contains_criticism,0
SST-2,sst2,sst2_04347,negative,mentions_disappointment,0
SST-2,sst2,sst2_04347,negative,describes_low_quality,0
SST-2,sst2,sst2_04347,negative,mentions_good_acting_or_writing,0
SST-2,sst2,sst2_04347,negative,mentions_bad_acting_or_writing,0
SST-2,sst2,sst2_04347,negative,contains_comparison,0
SST-2,sst2,sst2_04347,negative,uses_strong_opinion,1
SST-2,sst2,sst2_04347,negative,contains_irony_or_sarcasm,0
SST-2,sst2,sst2_04347,negative,contains_mixed_sentiment,0
SST-2,sst2,sst2_04347,negative,sounds_uncertain,0
SST-2,sst2,sst2_04347,negative,uses_emotional_language,1
SST-2,sst2,sst2_04347,negative,contains_recommendation,0
SST-2,sst2,sst2_04347,negative,mentions_exciting_content,1
SST-2,sst2,sst2_04347,negative,mentions_boredom,0
SST-2,sst2,sst2_04347,negative,sounds_confident,1
SST-2,sst2,sst2_02118,positive,expresses_positive_emotion,1
SST-2,sst2,sst2_02118,positive,contains_praise,1
SST-2,sst2,sst2_02118,positive,mentions_enjoyment,0
SST-2,sst2,sst2_02118,positive,describes_high_quality,1
SST-2,sst2,sst2_02118,positive,expresses_negative_emotion,0
SST-2,sst2,sst2_02118,positive,contains_criticism,0
SST-2,sst2,sst2_02118,positive,mentions_disappointment,0
SST-2,sst2,sst2_02118,positive,describes_low_quality,0
SST-2,sst2,sst2_02118,positive,mentions_good_acting_or_writing,0
SST-2,sst2,sst2_02118,positive,mentions_bad_acting_or_writing,0
SST-2,sst2,sst2_02118,positive,contains_comparison,0
SST-2,sst2,sst2_02118,positive,uses_strong_opinion,1
SST-2,sst2,sst2_02118,positive,contains_irony_or_sarcasm,0
SST-2,sst2,sst2_02118,positive,contains_mixed_sentiment,0
SST-2,sst2,sst2_02118,positive,sounds_uncertain,0
SST-2,sst2,sst2_02118,positive,uses_emotional_language,1
SST-2,sst2,sst2_02118,positive,contains_recommendation,0
SST-2,sst2,sst2_02118,positive,mentions_exciting_content,0
SST-2,sst2,sst2_02118,positive,mentions_boredom,0
SST-2,sst2,sst2_02118,positive,sounds_confident,1
SST-2,sst2,sst2_00811,positive,expresses_positive_emotion,1
SST-2,sst2,sst2_00811,positive,contains_praise,1
SST-2,sst2,sst2_00811,positive,mentions_enjoyment,0
SST-2,sst2,sst2_00811,positive,describes_high_quality,1
SST-2,sst2,sst2_00811,positive,expresses_negative_emotion,0
SST-2,sst2,sst2_00811,positive,contains_criticism,0
SST-2,sst2,sst2_00811,positive,mentions_disappointment,0
SST-2,sst2,sst2_00811,positive,describes_low_quality,0
SST-2,sst2,sst2_00811,positive,mentions_good_acting_or_writing,0
SST-2,sst2,sst2_00811,positive,mentions_bad_acting_or_writing,0
SST-2,sst2,sst2_00811,positive,contains_comparison,0
SST-2,sst2,sst2_00811,positive,uses_strong_opinion,0
SST-2,sst2,sst2_00811,positive,contains_irony_or_sarcasm,0
SST-2,sst2,sst2_00811,positive,contains_mixed_sentiment,0
SST-2,sst2,sst2_00811,positive,sounds_uncertain,0
SST-2,sst2,sst2_00811,positive,uses_emotional_language,0
SST-2,sst2,sst2_00811,positive,contains_recommendation,0
SST-2,sst2,sst2_00811,positive,mentions_exciting_content,0
SST-2,sst2,sst2_00811,positive,mentions_boredom,0
SST-2,sst2,sst2_00811,positive,sounds_confident,1
SST-2,sst2,sst2_00715,negative,expresses_positive_emotion,0
SST-2,sst2,sst2_00715,negative,contains_praise,0
SST-2,sst2,sst2_00715,negative,mentions_enjoyment,0
SST-2,sst2,sst2_00715,negative,describes_high_quality,0
SST-2,sst2,sst2_00715,negative,expresses_negative_emotion,1
SST-2,sst2,sst2_00715,negative,contains_criticism,1
SST-2,sst2,sst2_00715,negative,mentions_disappointment,1
SST-2,sst2,sst2_00715,negative,describes_low_quality,1
SST-2,sst2,sst2_00715,negative,mentions_good_acting_or_writing,0
SST-2,sst2,sst2_00715,negative,mentions_bad_acting_or_writing,0
SST-2,sst2,sst2_00715,negative,contains_comparison,0
SST-2,sst2,sst2_00715,negative,uses_strong_opinion,1
SST-2,sst2,sst2_00715,negative,contains_irony_or_sarcasm,0
SST-2,sst2,sst2_00715,negative,contains_mixed_sentiment,0
SST-2,sst2,sst2_00715,negative,sounds_uncertain,0
SST-2,sst2,sst2_00715,negative,uses_emotional_language,1
SST-2,sst2,sst2_00715,negative,contains_recommendation,0
SST-2,sst2,sst2_00715,negative,mentions_exciting_content,0
SST-2,sst2,sst2_00715,negative,mentions_boredom,0
SST-2,sst2,sst2_00715,negative,sounds_confident,1
SST-2,sst2,sst2_00816,negative,expresses_positive_emotion,0
SST-2,sst2,sst2_00816,negative,contains_praise,0
SST-2,sst2,sst2_00816,negative,mentions_enjoyment,0
SST-2,sst2,sst2_00816,negative,describes_high_quality,0
SST-2,sst2,sst2_00816,negative,expresses_negative_emotion,1
SST-2,sst2,sst2_00816,negative,contains_criticism,1
SST-2,sst2,sst2_00816,negative,mentions_disappointment,0
SST-2,sst2,sst2_00816,negative,describes_low_quality,1
SST-2,sst2,sst2_00816,negative,mentions_good_acting_or_writing,0
SST-2,sst2,sst2_00816,negative,mentions_bad_acting_or_writing,0
SST-2,sst2,sst2_00816,negative,contains_comparison,0
SST-2,sst2,sst2_00816,negative,uses_strong_opinion,1
SST-2,sst2,sst2_00816,negative,contains_irony_or_sarcasm,0
SST-2,sst2,sst2_00816,negative,contains_mixed_sentiment,0
SST-2,sst2,sst2_00816,negative,sounds_uncertain,0
SST-2,sst2,sst2_00816,negative,uses_emotional_language,0
SST-2,sst2,sst2_00816,negative,contains_recommendation,0
SST-2,sst2,sst2_00816,negative,mentions_exciting_content,0
SST-2,sst2,sst2_00816,negative,mentions_boredom,0
SST-2,sst2,sst2_00816,negative,sounds_confident,1
SST-2,sst2,sst2_04338,positive,expresses_positive_emotion,1
SST-2,sst2,sst2_04338,positive,contains_praise,1
SST-2,sst2,sst2_04338,positive,mentions_enjoyment,0
SST-2,sst2,sst2_04338,positive,describes_high_quality,1
SST-2,sst2,sst2_04338,positive,expresses_negative_emotion,0
SST-2,sst2,sst2_04338,positive,contains_criticism,0
SST-2,sst2,sst2_04338,positive,mentions_disappointment,0
SST-2,sst2,sst2_04338,positive,describes_low_quality,0
SST-2,sst2,sst2_04338,positive,mentions_good_acting_or_writing,0
SST-2,sst2,sst2_04338,positive,mentions_bad_acting_or_writing,0
SST-2,sst2,sst2_04338,positive,contains_comparison,0
SST-2,sst2,sst2_04338,positive,uses_strong_opinion,0
SST-2,sst2,sst2_04338,positive,contains_irony_or_sarcasm,0
SST-2,sst2,sst2_04338,positive,contains_mixed_sentiment,0
SST-2,sst2,sst2_04338,positive,sounds_uncertain,0
SST-2,sst2,sst2_04338,positive,uses_emotional_language,0
SST-2,sst2,sst2_04338,positive,contains_recommendation,0
SST-2,sst2,sst2_04338,positive,mentions_exciting_content,0
SST-2,sst2,sst2_04338,positive,mentions_boredom,0
SST-2,sst2,sst2_04338,positive,sounds_confident,1
SST-2,sst2,sst2_04574,negative,expresses_positive_emotion,0
SST-2,sst2,sst2_04574,negative,contains_praise,0
SST-2,sst2,sst2_04574,negative,mentions_enjoyment,0
SST-2,sst2,sst2_04574,negative,describes_high_quality,0
SST-2,sst2,sst2_04574,negative,expresses_negative_emotion,1
SST-2,sst2,sst2_04574,negative,contains_criticism,1
SST-2,sst2,sst2_04574,negative,mentions_disappointment,0
SST-2,sst2,sst2_04574,negative,describes_low_quality,1
SST-2,sst2,sst2_04574,negative,mentions_good_acting_or_writing,0
SST-2,sst2,sst2_04574,negative,mentions_bad_acting_or_writing,1
SST-2,sst2,sst2_04574,negative,contains_comparison,0
SST-2,sst2,sst2_04574,negative,uses_strong_opinion,1
SST-2,sst2,sst2_04574,negative,contains_irony_or_sarcasm,0
SST-2,sst2,sst2_04574,negative,contains_mixed_sentiment,0
SST-2,sst2,sst2_04574,negative,sounds_uncertain,0
SST-2,sst2,sst2_04574,negative,uses_emotional_language,1
SST-2,sst2,sst2_04574,negative,contains_recommendation,0
SST-2,sst2,sst2_04574,negative,mentions_exciting_content,0
SST-2,sst2,sst2_04574,negative,mentions_boredom,0
SST-2,sst2,sst2_04574,negative,sounds_confident,1
SST-2,sst2,sst2_00569,positive,expresses_positive_emotion,1
SST-2,sst2,sst2_00569,positive,contains_praise,1
SST-2,sst2,sst2_00569,positive,mentions_enjoyment,0
SST-2,sst2,sst2_00569,positive,describes_high_quality,0
SST-2,sst2,sst2_00569,positive,expresses_negative_emotion,0
SST-2,sst2,sst2_00569,positive,contains_criticism,0
SST-2,sst2,sst2_00569,positive,mentions_disappointment,0
SST-2,sst2,sst2_00569,positive,describes_low_quality,0
SST-2,sst2,sst2_00569,positive,mentions_good_acting_or_writing,1
SST-2,sst2,sst2_00569,positive,mentions_bad_acting_or_writing,0
SST-2,sst2,sst2_00569,positive,contains_comparison,0
SST-2,sst2,sst2_00569,positive,uses_strong_opinion,0
SST-2,sst2,sst2_00569,positive,contains_irony_or_sarcasm,0
SST-2,sst2,sst2_00569,positive,contains_mixed_sentiment,0
SST-2,sst2,sst2_00569,positive,sounds_uncertain,0
SST-2,sst2,sst2_00569,positive,uses_emotional_language,1
SST-2,sst2,sst2_00569,positive,contains_recommendation,0
SST-2,sst2,sst2_00569,positive,mentions_exciting_content,0
SST-2,sst2,sst2_00569,positive,mentions_boredom,0
SST-2,sst2,sst2_00569,positive,sounds_confident,1
SST-2,sst2,sst2_04350,positive,expresses_positive_emotion,1
SST-2,sst2,sst2_04350,positive,contains_praise,1
SST-2,sst2,sst2_04350,positive,mentions_enjoyment,1
SST-2,sst2,sst2_04350,positive,describes_high_quality,0
SST-2,sst2,sst2_04350,positive,expresses_negative_emotion,0
SST-2,sst2,sst2_04350,positive,contains_criticism,0
SST-2,sst2,sst2_04350,positive,mentions_disappointment,0
SST-2,sst2,sst2_04350,positive,describes_low_quality,0
SST-2,sst2,sst2_04350,positive,mentions_good_acting_or_writing,0
SST-2,sst2,sst2_04350,positive,mentions_bad_acting_or_writing,0
SST-2,sst2,sst2_04350,positive,contains_comparison,0
SST-2,sst2,sst2_04350,positive,uses_strong_opinion,0
SST-2,sst2,sst2_04350,positive,contains_irony_or_sarcasm,0
SST-2,sst2,sst2_04350,positive,contains_mixed_sentiment,0
SST-2,sst2,sst2_04350,positive,sounds_uncertain,0
SST-2,sst2,sst2_04350,positive,uses_emotional_language,0
SST-2,sst2,sst2_04350,positive,contains_recommendation,0
SST-2,sst2,sst2_04350,positive,mentions_exciting_content,0
SST-2,sst2,sst2_04350,positive,mentions_boredom,0
SST-2,sst2,sst2_04350,positive,sounds_confident,1
SST-2,sst2,sst2_01379,negative,expresses_positive_emotion,0
SST-2,sst2,sst2_01379,negative,contains_praise,0
SST-2,sst2,sst2_01379,negative,mentions_enjoyment,0
SST-2,sst2,sst2_01379,negative,describes_high_quality,0
SST-2,sst2,sst2_01379,negative,expresses_negative_emotion,1
SST-2,sst2,sst2_01379,negative,contains_criticism,1
SST-2,sst2,sst2_01379,negative,mentions_disappointment,0
SST-2,sst2,sst2_01379,negative,describes_low_quality,0
SST-2,sst2,sst2_01379,negative,mentions_good_acting_or_writing,0
SST-2,sst2,sst2_01379,negative,mentions_bad_acting_or_writing,0
SST-2,sst2,sst2_01379,negative,contains_comparison,0
SST-2,sst2,sst2_01379,negative,uses_strong_opinion,0
SST-2,sst2,sst2_01379,negative,contains_irony_or_sarcasm,0
SST-2,sst2,sst2_01379,negative,contains_mixed_sentiment,0
SST-2,sst2,sst2_01379,negative,sounds_uncertain,0
SST-2,sst2,sst2_01379,negative,uses_emotional_language,0
SST-2,sst2,sst2_01379,negative,contains_recommendation,0
SST-2,sst2,sst2_01379,negative,mentions_exciting_content,0
SST-2,sst2,sst2_01379,negative,mentions_boredom,0
SST-2,sst2,sst2_01379,negative,sounds_confident,0
SST-2,sst2,sst2_02054,positive,expresses_positive_emotion,1
SST-2,sst2,sst2_02054,positive,contains_praise,1
SST-2,sst2,sst2_02054,positive,mentions_enjoyment,0
SST-2,sst2,sst2_02054,positive,describes_high_quality,1
SST-2,sst2,sst2_02054,positive,expresses_negative_emotion,0
SST-2,sst2,sst2_02054,positive,contains_criticism,0
SST-2,sst2,sst2_02054,positive,mentions_disappointment,0
SST-2,sst2,sst2_02054,positive,describes_low_quality,0
SST-2,sst2,sst2_02054,positive,mentions_good_acting_or_writing,0
SST-2,sst2,sst2_02054,positive,mentions_bad_acting_or_writing,0
SST-2,sst2,sst2_02054,positive,contains_comparison,0
SST-2,sst2,sst2_02054,positive,uses_strong_opinion,1
SST-2,sst2,sst2_02054,positive,contains_irony_or_sarcasm,0
SST-2,sst2,sst2_02054,positive,contains_mixed_sentiment,0
SST-2,sst2,sst2_02054,positive,sounds_uncertain,0
SST-2,sst2,sst2_02054,positive,uses_emotional_language,0
SST-2,sst2,sst2_02054,positive,contains_recommendation,0
SST-2,sst2,sst2_02054,positive,mentions_exciting_content,0
SST-2,sst2,sst2_02054,positive,mentions_boredom,0
SST-2,sst2,sst2_02054,positive,sounds_confident,1
SST-2,sst2,sst2_02473,negative,expresses_positive_emotion,0
SST-2,sst2,sst2_02473,negative,contains_praise,0
SST-2,sst2,sst2_02473,negative,mentions_enjoyment,0
SST-2,sst2,sst2_02473,negative,describes_high_quality,0
SST-2,sst2,sst2_02473,negative,expresses_negative_emotion,1
SST-2,sst2,sst2_02473,negative,contains_criticism,1
SST-2,sst2,sst2_02473,negative,mentions_disappointment,0
SST-2,sst2,sst2_02473,negative,describes_low_quality,1
SST-2,sst2,sst2_02473,negative,mentions_good_acting_or_writing,0
SST-2,sst2,sst2_02473,negative,mentions_bad_acting_or_writing,0
SST-2,sst2,sst2_02473,negative,contains_comparison,0
SST-2,sst2,sst2_02473,negative,uses_strong_opinion,1
SST-2,sst2,sst2_02473,negative,contains_irony_or_sarcasm,0
SST-2,sst2,sst2_02473,negative,contains_mixed_sentiment,0
SST-2,sst2,sst2_02473,negative,sounds_uncertain,0
SST-2,sst2,sst2_02473,negative,uses_emotional_language,1
SST-2,sst2,sst2_02473,negative,contains_recommendation,0
SST-2,sst2,sst2_02473,negative,mentions_exciting_content,0
SST-2,sst2,sst2_02473,negative,mentions_boredom,0
SST-2,sst2,sst2_02473,negative,sounds_confident,1
SST-2,sst2,sst2_03630,positive,expresses_positive_emotion,0
SST-2,sst2,sst2_03630,positive,contains_praise,0
SST-2,sst2,sst2_03630,positive,mentions_enjoyment,0
SST-2,sst2,sst2_03630,positive,describes_high_quality,0
SST-2,sst2,sst2_03630,positive,expresses_negative_emotion,0
SST-2,sst2,sst2_03630,positive,contains_criticism,0
SST-2,sst2,sst2_03630,positive,mentions_disappointment,0
SST-2,sst2,sst2_03630,positive,describes_low_quality,0
SST-2,sst2,sst2_03630,positive,mentions_good_acting_or_writing,0
SST-2,sst2,sst2_03630,positive,mentions_bad_acting_or_writing,0
SST-2,sst2,sst2_03630,positive,contains_comparison,0
SST-2,sst2,sst2_03630,positive,uses_strong_opinion,0
SST-2,sst2,sst2_03630,positive,contains_irony_or_sarcasm,0
SST-2,sst2,sst2_03630,positive,contains_mixed_sentiment,0
SST-2,sst2,sst2_03630,positive,sounds_uncertain,0
SST-2,sst2,sst2_03630,positive,uses_emotional_language,0
SST-2,sst2,sst2_03630,positive,contains_recommendation,0
SST-2,sst2,sst2_03630,positive,mentions_exciting_content,0
SST-2,sst2,sst2_03630,positive,mentions_boredom,0
SST-2,sst2,sst2_03630,positive,sounds_confident,0
SST-2,sst2,sst2_02523,negative,expresses_positive_emotion,0
SST-2,sst2,sst2_02523,negative,contains_praise,0
SST-2,sst2,sst2_02523,negative,mentions_enjoyment,0
SST-2,sst2,sst2_02523,negative,describes_high_quality,0
SST-2,sst2,sst2_02523,negative,expresses_negative_emotion,1
SST-2,sst2,sst2_02523,negative,contains_criticism,1
SST-2,sst2,sst2_02523,negative,mentions_disappointment,1
SST-2,sst2,sst2_02523,negative,describes_low_quality,1
SST-2,sst2,sst2_02523,negative,mentions_good_acting_or_writing,0
SST-2,sst2,sst2_02523,negative,mentions_bad_acting_or_writing,0
SST-2,sst2,sst2_02523,negative,contains_comparison,1
SST-2,sst2,sst2_02523,negative,uses_strong_opinion,1
SST-2,sst2,sst2_02523,negative,contains_irony_or_sarcasm,0
SST-2,sst2,sst2_02523,negative,contains_mixed_sentiment,0
SST-2,sst2,sst2_02523,negative,sounds_uncertain,0
SST-2,sst2,sst2_02523,negative,uses_emotional_language,1
SST-2,sst2,sst2_02523,negative,contains_recommendation,0
SST-2,sst2,sst2_02523,negative,mentions_exciting_content,0
SST-2,sst2,sst2_02523,negative,mentions_boredom,0
SST-2,sst2,sst2_02523,negative,sounds_confident,1
SST-2,sst2,sst2_02830,negative,expresses_positive_emotion,0
SST-2,sst2,sst2_02830,negative,contains_praise,0
SST-2,sst2,sst2_02830,negative,mentions_enjoyment,0
SST-2,sst2,sst2_02830,negative,describes_high_quality,0
SST-2,sst2,sst2_02830,negative,expresses_negative_emotion,1
SST-2,sst2,sst2_02830,negative,contains_criticism,1
SST-2,sst2,sst2_02830,negative,mentions_disappointment,0
SST-2,sst2,sst2_02830,negative,describes_low_quality,1
SST-2,sst2,sst2_02830,negative,mentions_good_acting_or_writing,0
SST-2,sst2,sst2_02830,negative,mentions_bad_acting_or_writing,0
SST-2,sst2,sst2_02830,negative,contains_comparison,0
SST-2,sst2,sst2_02830,negative,uses_strong_opinion,1
SST-2,sst2,sst2_02830,negative,contains_irony_or_sarcasm,0
SST-2,sst2,sst2_02830,negative,contains_mixed_sentiment,0
SST-2,sst2,sst2_02830,negative,sounds_uncertain,0
SST-2,sst2,sst2_02830,negative,uses_emotional_language,1
SST-2,sst2,sst2_02830,negative,contains_recommendation,0
SST-2,sst2,sst2_02830,negative,mentions_exciting_content,0
SST-2,sst2,sst2_02830,negative,mentions_boredom,0
SST-2,sst2,sst2_02830,negative,sounds_confident,1
SST-2,sst2,sst2_01981,positive,expresses_positive_emotion,0
SST-2,sst2,sst2_01981,positive,contains_praise,0
SST-2,sst2,sst2_01981,positive,mentions_enjoyment,0
SST-2,sst2,sst2_01981,positive,describes_high_quality,0
SST-2,sst2,sst2_01981,positive,expresses_negative_emotion,0
SST-2,sst2,sst2_01981,positive,contains_criticism,0
SST-2,sst2,sst2_01981,positive,mentions_disappointment,0
SST-2,sst2,sst2_01981,positive,describes_low_quality,0
SST-2,sst2,sst2_01981,positive,mentions_good_acting_or_writing,0
SST-2,sst2,sst2_01981,positive,mentions_bad_acting_or_writing,0
SST-2,sst2,sst2_01981,positive,contains_comparison,0
SST-2,sst2,sst2_01981,positive,uses_strong_opinion,0
SST-2,sst2,sst2_01981,positive,contains_irony_or_sarcasm,0
SST-2,sst2,sst2_01981,positive,contains_mixed_sentiment,0
SST-2,sst2,sst2_01981,positive,sounds_uncertain,0
SST-2,sst2,sst2_01981,positive,uses_emotional_language,0
SST-2,sst2,sst2_01981,positive,contains_recommendation,0
SST-2,sst2,sst2_01981,positive,mentions_exciting_content,0
SST-2,sst2,sst2_01981,positive,mentions_boredom,0
SST-2,sst2,sst2_01981,positive,sounds_confident,0
SST-2,sst2,sst2_02229,negative,expresses_positive_emotion,0
SST-2,sst2,sst2_02229,negative,contains_praise,0
SST-2,sst2,sst2_02229,negative,mentions_enjoyment,0
SST-2,sst2,sst2_02229,negative,describes_high_quality,0
SST-2,sst2,sst2_02229,negative,expresses_negative_emotion,1
SST-2,sst2,sst2_02229,negative,contains_criticism,1
SST-2,sst2,sst2_02229,negative,mentions_disappointment,0
SST-2,sst2,sst2_02229,negative,describes_low_quality,1
SST-2,sst2,sst2_02229,negative,mentions_good_acting_or_writing,0
SST-2,sst2,sst2_02229,negative,mentions_bad_acting_or_writing,0
SST-2,sst2,sst2_02229,negative,contains_comparison,0
SST-2,sst2,sst2_02229,negative,uses_strong_opinion,1
SST-2,sst2,sst2_02229,negative,contains_irony_or_sarcasm,0
SST-2,sst2,sst2_02229,negative,contains_mixed_sentiment,0
SST-2,sst2,sst2_02229,negative,sounds_uncertain,0
SST-2,sst2,sst2_02229,negative,uses_emotional_language,0
SST-2,sst2,sst2_02229,negative,contains_recommendation,0
SST-2,sst2,sst2_02229,negative,mentions_exciting_content,0
SST-2,sst2,sst2_02229,negative,mentions_boredom,0
SST-2,sst2,sst2_02229,negative,sounds_confident,1
SST-2,sst2,sst2_04020,negative,expresses_positive_emotion,0
SST-2,sst2,sst2_04020,negative,contains_praise,0
SST-2,sst2,sst2_04020,negative,mentions_enjoyment,0
SST-2,sst2,sst2_04020,negative,describes_high_quality,0
SST-2,sst2,sst2_04020,negative,expresses_negative_emotion,1
SST-2,sst2,sst2_04020,negative,contains_criticism,1
SST-2,sst2,sst2_04020,negative,mentions_disappointment,0
SST-2,sst2,sst2_04020,negative,describes_low_quality,1
SST-2,sst2,sst2_04020,negative,mentions_good_acting_or_writing,0
SST-2,sst2,sst2_04020,negative,mentions_bad_acting_or_writing,1
SST-2,sst2,sst2_04020,negative,contains_comparison,0
SST-2,sst2,sst2_04020,negative,uses_strong_opinion,0
SST-2,sst2,sst2_04020,negative,contains_irony_or_sarcasm,0
SST-2,sst2,sst2_04020,negative,contains_mixed_sentiment,0
SST-2,sst2,sst2_04020,negative,sounds_uncertain,0
SST-2,sst2,sst2_04020,negative,uses_emotional_language,0
SST-2,sst2,sst2_04020,negative,contains_recommendation,0
SST-2,sst2,sst2_04020,negative,mentions_exciting_content,0
SST-2,sst2,sst2_04020,negative,mentions_boredom,0
SST-2,sst2,sst2_04020,negative,sounds_confident,1
SST-2,sst2,sst2_04644,negative,expresses_positive_emotion,0
SST-2,sst2,sst2_04644,negative,contains_praise,0
SST-2,sst2,sst2_04644,negative,mentions_enjoyment,0
SST-2,sst2,sst2_04644,negative,describes_high_quality,0
SST-2,sst2,sst2_04644,negative,expresses_negative_emotion,1
SST-2,sst2,sst2_04644,negative,contains_criticism,1
SST-2,sst2,sst2_04644,negative,mentions_disappointment,1
SST-2,sst2,sst2_04644,negative,describes_low_quality,1
SST-2,sst2,sst2_04644,negative,mentions_good_acting_or_writing,0
SST-2,sst2,sst2_04644,negative,mentions_bad_acting_or_writing,0
SST-2,sst2,sst2_04644,negative,contains_comparison,0
SST-2,sst2,sst2_04644,negative,uses_strong_opinion,1
SST-2,sst2,sst2_04644,negative,contains_irony_or_sarcasm,0
SST-2,sst2,sst2_04644,negative,contains_mixed_sentiment,0
SST-2,sst2,sst2_04644,negative,sounds_uncertain,0
SST-2,sst2,sst2_04644,negative,uses_emotional_language,1
SST-2,sst2,sst2_04644,negative,contains_recommendation,1
SST-2,sst2,sst2_04644,negative,mentions_exciting_content,0
SST-2,sst2,sst2_04644,negative,mentions_boredom,0
SST-2,sst2,sst2_04644,negative,sounds_confident,1
SST-2,sst2,sst2_03826,positive,expresses_positive_emotion,1
SST-2,sst2,sst2_03826,positive,contains_praise,1
SST-2,sst2,sst2_03826,positive,mentions_enjoyment,0
SST-2,sst2,sst2_03826,positive,describes_high_quality,1
SST-2,sst2,sst2_03826,positive,expresses_negative_emotion,0
SST-2,sst2,sst2_03826,positive,contains_criticism,0
SST-2,sst2,sst2_03826,positive,mentions_disappointment,0
SST-2,sst2,sst2_03826,positive,describes_low_quality,0
SST-2,sst2,sst2_03826,positive,mentions_good_acting_or_writing,0
SST-2,sst2,sst2_03826,positive,mentions_bad_acting_or_writing,0
SST-2,sst2,sst2_03826,positive,contains_comparison,0
SST-2,sst2,sst2_03826,positive,uses_strong_opinion,1
SST-2,sst2,sst2_03826,positive,contains_irony_or_sarcasm,0
SST-2,sst2,sst2_03826,positive,contains_mixed_sentiment,0
SST-2,sst2,sst2_03826,positive,sounds_uncertain,0
SST-2,sst2,sst2_03826,positive,uses_emotional_language,1
SST-2,sst2,sst2_03826,positive,contains_recommendation,0
SST-2,sst2,sst2_03826,positive,mentions_exciting_content,0
SST-2,sst2,sst2_03826,positive,mentions_boredom,0
SST-2,sst2,sst2_03826,positive,sounds_confident,1
SST-2,sst2,sst2_00523,negative,expresses_positive_emotion,0
SST-2,sst2,sst2_00523,negative,contains_praise,0
SST-2,sst2,sst2_00523,negative,mentions_enjoyment,0
SST-2,sst2,sst2_00523,negative,describes_high_quality,0
SST-2,sst2,sst2_00523,negative,expresses_negative_emotion,1
SST-2,sst2,sst2_00523,negative,contains_criticism,1
SST-2,sst2,sst2_00523,negative,mentions_disappointment,0
SST-2,sst2,sst2_00523,negative,describes_low_quality,1
SST-2,sst2,sst2_00523,negative,mentions_good_acting_or_writing,0
SST-2,sst2,sst2_00523,negative,mentions_bad_acting_or_writing,0
SST-2,sst2,sst2_00523,negative,contains_comparison,0
SST-2,sst2,sst2_00523,negative,uses_strong_opinion,1
SST-2,sst2,sst2_00523,negative,contains_irony_or_sarcasm,0
SST-2,sst2,sst2_00523,negative,contains_mixed_sentiment,0
SST-2,sst2,sst2_00523,negative,sounds_uncertain,0
SST-2,sst2,sst2_00523,negative,uses_emotional_language,1
SST-2,sst2,sst2_00523,negative,contains_recommendation,0
SST-2,sst2,sst2_00523,negative,mentions_exciting_content,0
SST-2,sst2,sst2_00523,negative,mentions_boredom,0
SST-2,sst2,sst2_00523,negative,sounds_confident,1
SST-2,sst2,sst2_03558,positive,expresses_positive_emotion,0
SST-2,sst2,sst2_03558,positive,contains_praise,0
SST-2,sst2,sst2_03558,positive,mentions_enjoyment,0
SST-2,sst2,sst2_03558,positive,describes_high_quality,0
SST-2,sst2,sst2_03558,positive,expresses_negative_emotion,0
SST-2,sst2,sst2_03558,positive,contains_criticism,0
SST-2,sst2,sst2_03558,positive,mentions_disappointment,0
SST-2,sst2,sst2_03558,positive,describes_low_quality,0
SST-2,sst2,sst2_03558,positive,mentions_good_acting_or_writing,0
SST-2,sst2,sst2_03558,positive,mentions_bad_acting_or_writing,0
SST-2,sst2,sst2_03558,positive,contains_comparison,0
SST-2,sst2,sst2_03558,positive,uses_strong_opinion,0
SST-2,sst2,sst2_03558,positive,contains_irony_or_sarcasm,0
SST-2,sst2,sst2_03558,positive,contains_mixed_sentiment,0
SST-2,sst2,sst2_03558,positive,sounds_uncertain,0
SST-2,sst2,sst2_03558,positive,uses_emotional_language,0
SST-2,sst2,sst2_03558,positive,contains_recommendation,0
SST-2,sst2,sst2_03558,positive,mentions_exciting_content,0
SST-2,sst2,sst2_03558,positive,mentions_boredom,0
SST-2,sst2,sst2_03558,positive,sounds_confident,0
SST-2,sst2,sst2_04802,positive,expresses_positive_emotion,1
SST-2,sst2,sst2_04802,positive,contains_praise,1
SST-2,sst2,sst2_04802,positive,mentions_enjoyment,0
SST-2,sst2,sst2_04802,positive,describes_high_quality,1
SST-2,sst2,sst2_04802,positive,expresses_negative_emotion,0
SST-2,sst2,sst2_04802,positive,contains_criticism,0
SST-2,sst2,sst2_04802,positive,mentions_disappointment,0
SST-2,sst2,sst2_04802,positive,describes_low_quality,0
SST-2,sst2,sst2_04802,positive,mentions_good_acting_or_writing,1
SST-2,sst2,sst2_04802,positive,mentions_bad_acting_or_writing,0
SST-2,sst2,sst2_04802,positive,contains_comparison,1
SST-2,sst2,sst2_04802,positive,uses_strong_opinion,1
SST-2,sst2,sst2_04802,positive,contains_irony_or_sarcasm,0
SST-2,sst2,sst2_04802,positive,contains_mixed_sentiment,0
SST-2,sst2,sst2_04802,positive,sounds_uncertain,0
SST-2,sst2,sst2_04802,positive,uses_emotional_language,0
SST-2,sst2,sst2_04802,positive,contains_recommendation,0
SST-2,sst2,sst2_04802,positive,mentions_exciting_content,0
SST-2,sst2,sst2_04802,positive,mentions_boredom,0
SST-2,sst2,sst2_04802,positive,sounds_confident,1
SST-2,sst2,sst2_00368,negative,expresses_positive_emotion,0
SST-2,sst2,sst2_00368,negative,contains_praise,0
SST-2,sst2,sst2_00368,negative,mentions_enjoyment,0
SST-2,sst2,sst2_00368,negative,describes_high_quality,0
SST-2,sst2,sst2_00368,negative,expresses_negative_emotion,1
SST-2,sst2,sst2_00368,negative,contains_criticism,1
SST-2,sst2,sst2_00368,negative,mentions_disappointment,0
SST-2,sst2,sst2_00368,negative,describes_low_quality,1
SST-2,sst2,sst2_00368,negative,mentions_good_acting_or_writing,0
SST-2,sst2,sst2_00368,negative,mentions_bad_acting_or_writing,0
SST-2,sst2,sst2_00368,negative,contains_comparison,0
SST-2,sst2,sst2_00368,negative,uses_strong_opinion,1
SST-2,sst2,sst2_00368,negative,contains_irony_or_sarcasm,0
SST-2,sst2,sst2_00368,negative,contains_mixed_sentiment,0
SST-2,sst2,sst2_00368,negative,sounds_uncertain,0
SST-2,sst2,sst2_00368,negative,uses_emotional_language,1
SST-2,sst2,sst2_00368,negative,contains_recommendation,0
SST-2,sst2,sst2_00368,negative,mentions_exciting_content,0
SST-2,sst2,sst2_00368,negative,mentions_boredom,1
SST-2,sst2,sst2_00368,negative,sounds_confident,1
SST-2,sst2,sst2_04768,positive,expresses_positive_emotion,1
SST-2,sst2,sst2_04768,positive,contains_praise,1
SST-2,sst2,sst2_04768,positive,mentions_enjoyment,1
SST-2,sst2,sst2_04768,positive,describes_high_quality,0
SST-2,sst2,sst2_04768,positive,expresses_negative_emotion,0
SST-2,sst2,sst2_04768,positive,contains_criticism,0
SST-2,sst2,sst2_04768,positive,mentions_disappointment,0
SST-2,sst2,sst2_04768,positive,describes_low_quality,0
SST-2,sst2,sst2_04768,positive,mentions_good_acting_or_writing,0
SST-2,sst2,sst2_04768,positive,mentions_bad_acting_or_writing,0
SST-2,sst2,sst2_04768,positive,contains_comparison,0
SST-2,sst2,sst2_04768,positive,uses_strong_opinion,0
SST-2,sst2,sst2_04768,positive,contains_irony_or_sarcasm,0
SST-2,sst2,sst2_04768,positive,contains_mixed_sentiment,0
SST-2,sst2,sst2_04768,positive,sounds_uncertain,0
SST-2,sst2,sst2_04768,positive,uses_emotional_language,1
SST-2,sst2,sst2_04768,positive,contains_recommendation,0
SST-2,sst2,sst2_04768,positive,mentions_exciting_content,0
SST-2,sst2,sst2_04768,positive,mentions_boredom,0
SST-2,sst2,sst2_04768,positive,sounds_confident,1
SST-2,sst2,sst2_02809,negative,expresses_positive_emotion,0
SST-2,sst2,sst2_02809,negative,contains_praise,0
SST-2,sst2,sst2_02809,negative,mentions_enjoyment,0
SST-2,sst2,sst2_02809,negative,describes_high_quality,0
SST-2,sst2,sst2_02809,negative,expresses_negative_emotion,1
SST-2,sst2,sst2_02809,negative,contains_criticism,1
SST-2,sst2,sst2_02809,negative,mentions_disappointment,1
SST-2,sst2,sst2_02809,negative,describes_low_quality,0
SST-2,sst2,sst2_02809,negative,mentions_good_acting_or_writing,0
SST-2,sst2,sst2_02809,negative,mentions_bad_acting_or_writing,0
SST-2,sst2,sst2_02809,negative,contains_comparison,1
SST-2,sst2,sst2_02809,negative,uses_strong_opinion,0
SST-2,sst2,sst2_02809,negative,contains_irony_or_sarcasm,0
SST-2,sst2,sst2_02809,negative,contains_mixed_sentiment,1
SST-2,sst2,sst2_02809,negative,sounds_uncertain,0
SST-2,sst2,sst2_02809,negative,uses_emotional_language,0
SST-2,sst2,sst2_02809,negative,contains_recommendation,0
SST-2,sst2,sst2_02809,negative,mentions_exciting_content,0
SST-2,sst2,sst2_02809,negative,mentions_boredom,0
SST-2,sst2,sst2_02809,negative,sounds_confident,0
SST-2,sst2,sst2_01845,negative,expresses_positive_emotion,0
SST-2,sst2,sst2_01845,negative,contains_praise,0
SST-2,sst2,sst2_01845,negative,mentions_enjoyment,0
SST-2,sst2,sst2_01845,negative,describes_high_quality,0
SST-2,sst2,sst2_01845,negative,expresses_negative_emotion,1
SST-2,sst2,sst2_01845,negative,contains_criticism,1
SST-2,sst2,sst2_01845,negative,mentions_disappointment,0
SST-2,sst2,sst2_01845,negative,describes_low_quality,0
SST-2,sst2,sst2_01845,negative,mentions_good_acting_or_writing,0
SST-2,sst2,sst2_01845,negative,mentions_bad_acting_or_writing,0
SST-2,sst2,sst2_01845,negative,contains_comparison,0
SST-2,sst2,sst2_01845,negative,uses_strong_opinion,0
SST-2,sst2,sst2_01845,negative,contains_irony_or_sarcasm,0
SST-2,sst2,sst2_01845,negative,contains_mixed_sentiment,0
SST-2,sst2,sst2_01845,negative,sounds_uncertain,0
SST-2,sst2,sst2_01845,negative,uses_emotional_language,0
SST-2,sst2,sst2_01845,negative,contains_recommendation,0
SST-2,sst2,sst2_01845,negative,mentions_exciting_content,0
SST-2,sst2,sst2_01845,negative,mentions_boredom,0
SST-2,sst2,sst2_01845,negative,sounds_confident,0
SST-2,sst2,sst2_01696,positive,expresses_positive_emotion,1
SST-2,sst2,sst2_01696,positive,contains_praise,0
SST-2,sst2,sst2_01696,positive,mentions_enjoyment,0
SST-2,sst2,sst2_01696,positive,describes_high_quality,0
SST-2,sst2,sst2_01696,positive,expresses_negative_emotion,0
SST-2,sst2,sst2_01696,positive,contains_criticism,0
SST-2,sst2,sst2_01696,positive,mentions_disappointment,0
SST-2,sst2,sst2_01696,positive,describes_low_quality,0
SST-2,sst2,sst2_01696,positive,mentions_good_acting_or_writing,0
SST-2,sst2,sst2_01696,positive,mentions_bad_acting_or_writing,0
SST-2,sst2,sst2_01696,positive,contains_comparison,0
SST-2,sst2,sst2_01696,positive,uses_strong_opinion,0
SST-2,sst2,sst2_01696,positive,contains_irony_or_sarcasm,0
SST-2,sst2,sst2_01696,positive,contains_mixed_sentiment,0
SST-2,sst2,sst2_01696,positive,sounds_uncertain,0
SST-2,sst2,sst2_01696,positive,uses_emotional_language,1
SST-2,sst2,sst2_01696,positive,contains_recommendation,0
SST-2,sst2,sst2_01696,positive,mentions_exciting_content,0
SST-2,sst2,sst2_01696,positive,mentions_boredom,0
SST-2,sst2,sst2_01696,positive,sounds_confident,0
SST-2,sst2,sst2_00790,negative,expresses_positive_emotion,0
SST-2,sst2,sst2_00790,negative,contains_praise,0
SST-2,sst2,sst2_00790,negative,mentions_enjoyment,0
SST-2,sst2,sst2_00790,negative,describes_high_quality,0
SST-2,sst2,sst2_00790,negative,expresses_negative_emotion,1
SST-2,sst2,sst2_00790,negative,contains_criticism,1
SST-2,sst2,sst2_00790,negative,mentions_disappointment,0
SST-2,sst2,sst2_00790,negative,describes_low_quality,0
SST-2,sst2,sst2_00790,negative,mentions_good_acting_or_writing,0
SST-2,sst2,sst2_00790,negative,mentions_bad_acting_or_writing,0
SST-2,sst2,sst2_00790,negative,contains_comparison,0
SST-2,sst2,sst2_00790,negative,uses_strong_opinion,0
SST-2,sst2,sst2_00790,negative,contains_irony_or_sarcasm,0
SST-2,sst2,sst2_00790,negative,contains_mixed_sentiment,0
SST-2,sst2,sst2_00790,negative,sounds_uncertain,0
SST-2,sst2,sst2_00790,negative,uses_emotional_language,0
SST-2,sst2,sst2_00790,negative,contains_recommendation,0
SST-2,sst2,sst2_00790,negative,mentions_exciting_content,0
SST-2,sst2,sst2_00790,negative,mentions_boredom,0
SST-2,sst2,sst2_00790,negative,sounds_confident,0
SST-2,sst2,sst2_04678,negative,expresses_positive_emotion,0
SST-2,sst2,sst2_04678,negative,contains_praise,0
SST-2,sst2,sst2_04678,negative,mentions_enjoyment,0
SST-2,sst2,sst2_04678,negative,describes_high_quality,0
SST-2,sst2,sst2_04678,negative,expresses_negative_emotion,1
SST-2,sst2,sst2_04678,negative,contains_criticism,1
SST-2,sst2,sst2_04678,negative,mentions_disappointment,0
SST-2,sst2,sst2_04678,negative,describes_low_quality,1
SST-2,sst2,sst2_04678,negative,mentions_good_acting_or_writing,0
SST-2,sst2,sst2_04678,negative,mentions_bad_acting_or_writing,0
SST-2,sst2,sst2_04678,negative,contains_comparison,0
SST-2,sst2,sst2_04678,negative,uses_strong_opinion,0
SST-2,sst2,sst2_04678,negative,contains_irony_or_sarcasm,0
SST-2,sst2,sst2_04678,negative,contains_mixed_sentiment,0
SST-2,sst2,sst2_04678,negative,sounds_uncertain,0
SST-2,sst2,sst2_04678,negative,uses_emotional_language,0
SST-2,sst2,sst2_04678,negative,contains_recommendation,0
SST-2,sst2,sst2_04678,negative,mentions_exciting_content,0
SST-2,sst2,sst2_04678,negative,mentions_boredom,0
SST-2,sst2,sst2_04678,negative,sounds_confident,1
SST-2,sst2,sst2_01433,positive,expresses_positive_emotion,1
SST-2,sst2,sst2_01433,positive,contains_praise,1
SST-2,sst2,sst2_01433,positive,mentions_enjoyment,0
SST-2,sst2,sst2_01433,positive,describes_high_quality,1
SST-2,sst2,sst2_01433,positive,expresses_negative_emotion,0
SST-2,sst2,sst2_01433,positive,contains_criticism,0
SST-2,sst2,sst2_01433,positive,mentions_disappointment,0
SST-2,sst2,sst2_01433,positive,describes_low_quality,0
SST-2,sst2,sst2_01433,positive,mentions_good_acting_or_writing,0
SST-2,sst2,sst2_01433,positive,mentions_bad_acting_or_writing,0
SST-2,sst2,sst2_01433,positive,contains_comparison,0
SST-2,sst2,sst2_01433,positive,uses_strong_opinion,1
SST-2,sst2,sst2_01433,positive,contains_irony_or_sarcasm,0
SST-2,sst2,sst2_01433,positive,contains_mixed_sentiment,0
SST-2,sst2,sst2_01433,positive,sounds_uncertain,0
SST-2,sst2,sst2_01433,positive,uses_emotional_language,0
SST-2,sst2,sst2_01433,positive,contains_recommendation,0
SST-2,sst2,sst2_01433,positive,mentions_exciting_content,0
SST-2,sst2,sst2_01433,positive,mentions_boredom,0
SST-2,sst2,sst2_01433,positive,sounds_confident,1
SST-2,sst2,sst2_00252,positive,expresses_positive_emotion,1
SST-2,sst2,sst2_00252,positive,contains_praise,1
SST-2,sst2,sst2_00252,positive,mentions_enjoyment,1
SST-2,sst2,sst2_00252,positive,describes_high_quality,0
SST-2,sst2,sst2_00252,positive,expresses_negative_emotion,0
SST-2,sst2,sst2_00252,positive,contains_criticism,0
SST-2,sst2,sst2_00252,positive,mentions_disappointment,0
SST-2,sst2,sst2_00252,positive,describes_low_quality,0
SST-2,sst2,sst2_00252,positive,mentions_good_acting_or_writing,0
SST-2,sst2,sst2_00252,positive,mentions_bad_acting_or_writing,0
SST-2,sst2,sst2_00252,positive,contains_comparison,0
SST-2,sst2,sst2_00252,positive,uses_strong_opinion,0
SST-2,sst2,sst2_00252,positive,contains_irony_or_sarcasm,0
SST-2,sst2,sst2_00252,positive,contains_mixed_sentiment,1
SST-2,sst2,sst2_00252,positive,sounds_uncertain,0
SST-2,sst2,sst2_00252,positive,uses_emotional_language,0
SST-2,sst2,sst2_00252,positive,contains_recommendation,0
SST-2,sst2,sst2_00252,positive,mentions_exciting_content,0
SST-2,sst2,sst2_00252,positive,mentions_boredom,0
SST-2,sst2,sst2_00252,positive,sounds_confident,0
SST-2,sst2,sst2_03878,positive,expresses_positive_emotion,1
SST-2,sst2,sst2_03878,positive,contains_praise,1
SST-2,sst2,sst2_03878,positive,mentions_enjoyment,0
SST-2,sst2,sst2_03878,positive,describes_high_quality,1
SST-2,sst2,sst2_03878,positive,expresses_negative_emotion,0
SST-2,sst2,sst2_03878,positive,contains_criticism,0
SST-2,sst2,sst2_03878,positive,mentions_disappointment,0
SST-2,sst2,sst2_03878,positive,describes_low_quality,0
SST-2,sst2,sst2_03878,positive,mentions_good_acting_or_writing,0
SST-2,sst2,sst2_03878,positive,mentions_bad_acting_or_writing,0
SST-2,sst2,sst2_03878,positive,contains_comparison,0
SST-2,sst2,sst2_03878,positive,uses_strong_opinion,1
SST-2,sst2,sst2_03878,positive,contains_irony_or_sarcasm,0
SST-2,sst2,sst2_03878,positive,contains_mixed_sentiment,0
SST-2,sst2,sst2_03878,positive,sounds_uncertain,0
SST-2,sst2,sst2_03878,positive,uses_emotional_language,1
SST-2,sst2,sst2_03878,positive,contains_recommendation,0
SST-2,sst2,sst2_03878,positive,mentions_exciting_content,0
SST-2,sst2,sst2_03878,positive,mentions_boredom,0
SST-2,sst2,sst2_03878,positive,sounds_confident,1
SST-2,sst2,sst2_04034,negative,expresses_positive_emotion,0
SST-2,sst2,sst2_04034,negative,contains_praise,0
SST-2,sst2,sst2_04034,negative,mentions_enjoyment,0
SST-2,sst2,sst2_04034,negative,describes_high_quality,0
SST-2,sst2,sst2_04034,negative,expresses_negative_emotion,1
SST-2,sst2,sst2_04034,negative,contains_criticism,1
SST-2,sst2,sst2_04034,negative,mentions_disappointment,0
SST-2,sst2,sst2_04034,negative,describes_low_quality,1
SST-2,sst2,sst2_04034,negative,mentions_good_acting_or_writing,0
SST-2,sst2,sst2_04034,negative,mentions_bad_acting_or_writing,0
SST-2,sst2,sst2_04034,negative,contains_comparison,0
SST-2,sst2,sst2_04034,negative,uses_strong_opinion,1
SST-2,sst2,sst2_04034,negative,contains_irony_or_sarcasm,0
SST-2,sst2,sst2_04034,negative,contains_mixed_sentiment,0
SST-2,sst2,sst2_04034,negative,sounds_uncertain,0
SST-2,sst2,sst2_04034,negative,uses_emotional_language,0
SST-2,sst2,sst2_04034,negative,contains_recommendation,0
SST-2,sst2,sst2_04034,negative,mentions_exciting_content,0
SST-2,sst2,sst2_04034,negative,mentions_boredom,0
SST-2,sst2,sst2_04034,negative,sounds_confident,1
SST-2,sst2,sst2_00564,positive,expresses_positive_emotion,1
SST-2,sst2,sst2_00564,positive,contains_praise,1
SST-2,sst2,sst2_00564,positive,mentions_enjoyment,1
SST-2,sst2,sst2_00564,positive,describes_high_quality,0
SST-2,sst2,sst2_00564,positive,expresses_negative_emotion,0
SST-2,sst2,sst2_00564,positive,contains_criticism,0
SST-2,sst2,sst2_00564,positive,mentions_disappointment,0
SST-2,sst2,sst2_00564,positive,describes_low_quality,0
SST-2,sst2,sst2_00564,positive,mentions_good_acting_or_writing,0
SST-2,sst2,sst2_00564,positive,mentions_bad_acting_or_writing,0
SST-2,sst2,sst2_00564,positive,contains_comparison,0
SST-2,sst2,sst2_00564,positive,uses_strong_opinion,1
SST-2,sst2,sst2_00564,positive,contains_irony_or_sarcasm,0
SST-2,sst2,sst2_00564,positive,contains_mixed_sentiment,0
SST-2,sst2,sst2_00564,positive,sounds_uncertain,0
SST-2,sst2,sst2_00564,positive,uses_emotional_language,1
SST-2,sst2,sst2_00564,positive,contains_recommendation,0
SST-2,sst2,sst2_00564,positive,mentions_exciting_content,0
SST-2,sst2,sst2_00564,positive,mentions_boredom,0
SST-2,sst2,sst2_00564,positive,sounds_confident,1
SST-2,sst2,sst2_00082,negative,expresses_positive_emotion,0
SST-2,sst2,sst2_00082,negative,contains_praise,0
SST-2,sst2,sst2_00082,negative,mentions_enjoyment,0
SST-2,sst2,sst2_00082,negative,describes_high_quality,0
SST-2,sst2,sst2_00082,negative,expresses_negative_emotion,1
SST-2,sst2,sst2_00082,negative,contains_criticism,1
SST-2,sst2,sst2_00082,negative,mentions_disappointment,0
SST-2,sst2,sst2_00082,negative,describes_low_quality,0
SST-2,sst2,sst2_00082,negative,mentions_good_acting_or_writing,0
SST-2,sst2,sst2_00082,negative,mentions_bad_acting_or_writing,0
SST-2,sst2,sst2_00082,negative,contains_comparison,0
SST-2,sst2,sst2_00082,negative,uses_strong_opinion,0
SST-2,sst2,sst2_00082,negative,contains_irony_or_sarcasm,0
SST-2,sst2,sst2_00082,negative,contains_mixed_sentiment,0
SST-2,sst2,sst2_00082,negative,sounds_uncertain,0
SST-2,sst2,sst2_00082,negative,uses_emotional_language,1
SST-2,sst2,sst2_00082,negative,contains_recommendation,0
SST-2,sst2,sst2_00082,negative,mentions_exciting_content,0
SST-2,sst2,sst2_00082,negative,mentions_boredom,0
SST-2,sst2,sst2_00082,negative,sounds_confident,0
SST-2,sst2,sst2_03779,positive,expresses_positive_emotion,1
SST-2,sst2,sst2_03779,positive,contains_praise,1
SST-2,sst2,sst2_03779,positive,mentions_enjoyment,0
SST-2,sst2,sst2_03779,positive,describes_high_quality,1
SST-2,sst2,sst2_03779,positive,expresses_negative_emotion,0
SST-2,sst2,sst2_03779,positive,contains_criticism,0
SST-2,sst2,sst2_03779,positive,mentions_disappointment,0
SST-2,sst2,sst2_03779,positive,describes_low_quality,0
SST-2,sst2,sst2_03779,positive,mentions_good_acting_or_writing,0
SST-2,sst2,sst2_03779,positive,mentions_bad_acting_or_writing,0
SST-2,sst2,sst2_03779,positive,contains_comparison,0
SST-2,sst2,sst2_03779,positive,uses_strong_opinion,1
SST-2,sst2,sst2_03779,positive,contains_irony_or_sarcasm,0
SST-2,sst2,sst2_03779,positive,contains_mixed_sentiment,0
SST-2,sst2,sst2_03779,positive,sounds_uncertain,0
SST-2,sst2,sst2_03779,positive,uses_emotional_language,0
SST-2,sst2,sst2_03779,positive,contains_recommendation,0
SST-2,sst2,sst2_03779,positive,mentions_exciting_content,0
SST-2,sst2,sst2_03779,positive,mentions_boredom,0
SST-2,sst2,sst2_03779,positive,sounds_confident,1
SST-2,sst2,sst2_00160,positive,expresses_positive_emotion,0
SST-2,sst2,sst2_00160,positive,contains_praise,0
SST-2,sst2,sst2_00160,positive,mentions_enjoyment,0
SST-2,sst2,sst2_00160,positive,describes_high_quality,0
SST-2,sst2,sst2_00160,positive,expresses_negative_emotion,0
SST-2,sst2,sst2_00160,positive,contains_criticism,0
SST-2,sst2,sst2_00160,positive,mentions_disappointment,0
SST-2,sst2,sst2_00160,positive,describes_low_quality,0
SST-2,sst2,sst2_00160,positive,mentions_good_acting_or_writing,0
SST-2,sst2,sst2_00160,positive,mentions_bad_acting_or_writing,0
SST-2,sst2,sst2_00160,positive,contains_comparison,0
SST-2,sst2,sst2_00160,positive,uses_strong_opinion,0
SST-2,sst2,sst2_00160,positive,contains_irony_or_sarcasm,0
SST-2,sst2,sst2_00160,positive,contains_mixed_sentiment,0
SST-2,sst2,sst2_00160,positive,sounds_uncertain,0
SST-2,sst2,sst2_00160,positive,uses_emotional_language,0
SST-2,sst2,sst2_00160,positive,contains_recommendation,0
SST-2,sst2,sst2_00160,positive,mentions_exciting_content,0
SST-2,sst2,sst2_00160,positive,mentions_boredom,0
SST-2,sst2,sst2_00160,positive,sounds_confident,0
SST-2,sst2,sst2_04977,positive,expresses_positive_emotion,1
SST-2,sst2,sst2_04977,positive,contains_praise,1
SST-2,sst2,sst2_04977,positive,mentions_enjoyment,0
SST-2,sst2,sst2_04977,positive,describes_high_quality,1
SST-2,sst2,sst2_04977,positive,expresses_negative_emotion,0
SST-2,sst2,sst2_04977,positive,contains_criticism,0
SST-2,sst2,sst2_04977,positive,mentions_disappointment,0
SST-2,sst2,sst2_04977,positive,describes_low_quality,0
SST-2,sst2,sst2_04977,positive,mentions_good_acting_or_writing,1
SST-2,sst2,sst2_04977,positive,mentions_bad_acting_or_writing,0
SST-2,sst2,sst2_04977,positive,contains_comparison,0
SST-2,sst2,sst2_04977,positive,uses_strong_opinion,0
SST-2,sst2,sst2_04977,positive,contains_irony_or_sarcasm,0
SST-2,sst2,sst2_04977,positive,contains_mixed_sentiment,0
SST-2,sst2,sst2_04977,positive,sounds_uncertain,0
SST-2,sst2,sst2_04977,positive,uses_emotional_language,0
SST-2,sst2,sst2_04977,positive,contains_recommendation,0
SST-2,sst2,sst2_04977,positive,mentions_exciting_content,0
SST-2,sst2,sst2_04977,positive,mentions_boredom,0
SST-2,sst2,sst2_04977,positive,sounds_confident,1
SST-2,sst2,sst2_02762,negative,expresses_positive_emotion,0
SST-2,sst2,sst2_02762,negative,contains_praise,0
SST-2,sst2,sst2_02762,negative,mentions_enjoyment,0
SST-2,sst2,sst2_02762,negative,describes_high_quality,0
SST-2,sst2,sst2_02762,negative,expresses_negative_emotion,1
SST-2,sst2,sst2_02762,negative,contains_criticism,1
SST-2,sst2,sst2_02762,negative,mentions_disappointment,0
SST-2,sst2,sst2_02762,negative,describes_low_quality,1
SST-2,sst2,sst2_02762,negative,mentions_good_acting_or_writing,0
SST-2,sst2,sst2_02762,negative,mentions_bad_acting_or_writing,0
SST-2,sst2,sst2_02762,negative,contains_comparison,0
SST-2,sst2,sst2_02762,negative,uses_strong_opinion,1
SST-2,sst2,sst2_02762,negative,contains_irony_or_sarcasm,0
SST-2,sst2,sst2_02762,negative,contains_mixed_sentiment,0
SST-2,sst2,sst2_02762,negative,sounds_uncertain,0
SST-2,sst2,sst2_02762,negative,uses_emotional_language,1
SST-2,sst2,sst2_02762,negative,contains_recommendation,0
SST-2,sst2,sst2_02762,negative,mentions_exciting_content,0
SST-2,sst2,sst2_02762,negative,mentions_boredom,0
SST-2,sst2,sst2_02762,negative,sounds_confident,1
SST-2,sst2,sst2_04434,negative,expresses_positive_emotion,0
SST-2,sst2,sst2_04434,negative,contains_praise,0
SST-2,sst2,sst2_04434,negative,mentions_enjoyment,0
SST-2,sst2,sst2_04434,negative,describes_high_quality,0
SST-2,sst2,sst2_04434,negative,expresses_negative_emotion,1
SST-2,sst2,sst2_04434,negative,contains_criticism,1
SST-2,sst2,sst2_04434,negative,mentions_disappointment,0
SST-2,sst2,sst2_04434,negative,describes_low_quality,0
SST-2,sst2,sst2_04434,negative,mentions_good_acting_or_writing,0
SST-2,sst2,sst2_04434,negative,mentions_bad_acting_or_writing,0
SST-2,sst2,sst2_04434,negative,contains_comparison,0
SST-2,sst2,sst2_04434,negative,uses_strong_opinion,0
SST-2,sst2,sst2_04434,negative,contains_irony_or_sarcasm,0
SST-2,sst2,sst2_04434,negative,contains_mixed_sentiment,0
SST-2,sst2,sst2_04434,negative,sounds_uncertain,0
SST-2,sst2,sst2_04434,negative,uses_emotional_language,1
SST-2,sst2,sst2_04434,negative,contains_recommendation,0
SST-2,sst2,sst2_04434,negative,mentions_exciting_content,0
SST-2,sst2,sst2_04434,negative,mentions_boredom,1
SST-2,sst2,sst2_04434,negative,sounds_confident,1
SST-2,sst2,sst2_02015,positive,expresses_positive_emotion,1
SST-2,sst2,sst2_02015,positive,contains_praise,1
SST-2,sst2,sst2_02015,positive,mentions_enjoyment,1
SST-2,sst2,sst2_02015,positive,describes_high_quality,1
SST-2,sst2,sst2_02015,positive,expresses_negative_emotion,0
SST-2,sst2,sst2_02015,positive,contains_criticism,0
SST-2,sst2,sst2_02015,positive,mentions_disappointment,0
SST-2,sst2,sst2_02015,positive,describes_low_quality,0
SST-2,sst2,sst2_02015,positive,mentions_good_acting_or_writing,1
SST-2,sst2,sst2_02015,positive,mentions_bad_acting_or_writing,0
SST-2,sst2,sst2_02015,positive,contains_comparison,0
SST-2,sst2,sst2_02015,positive,uses_strong_opinion,1
SST-2,sst2,sst2_02015,positive,contains_irony_or_sarcasm,0
SST-2,sst2,sst2_02015,positive,contains_mixed_sentiment,0
SST-2,sst2,sst2_02015,positive,sounds_uncertain,0
SST-2,sst2,sst2_02015,positive,uses_emotional_language,1
SST-2,sst2,sst2_02015,positive,contains_recommendation,0
SST-2,sst2,sst2_02015,positive,mentions_exciting_content,1
SST-2,sst2,sst2_02015,positive,mentions_boredom,0
SST-2,sst2,sst2_02015,positive,sounds_confident,1
SST-2,sst2,sst2_02636,negative,expresses_positive_emotion,0
SST-2,sst2,sst2_02636,negative,contains_praise,0
SST-2,sst2,sst2_02636,negative,mentions_enjoyment,0
SST-2,sst2,sst2_02636,negative,describes_high_quality,0
SST-2,sst2,sst2_02636,negative,expresses_negative_emotion,1
SST-2,sst2,sst2_02636,negative,contains_criticism,1
SST-2,sst2,sst2_02636,negative,mentions_disappointment,0
SST-2,sst2,sst2_02636,negative,describes_low_quality,1
SST-2,sst2,sst2_02636,negative,mentions_good_acting_or_writing,0
SST-2,sst2,sst2_02636,negative,mentions_bad_acting_or_writing,0
SST-2,sst2,sst2_02636,negative,contains_comparison,1
SST-2,sst2,sst2_02636,negative,uses_strong_opinion,1
SST-2,sst2,sst2_02636,negative,contains_irony_or_sarcasm,0
SST-2,sst2,sst2_02636,negative,contains_mixed_sentiment,0
SST-2,sst2,sst2_02636,negative,sounds_uncertain,0
SST-2,sst2,sst2_02636,negative,uses_emotional_language,0
SST-2,sst2,sst2_02636,negative,contains_recommendation,0
SST-2,sst2,sst2_02636,negative,mentions_exciting_content,0
SST-2,sst2,sst2_02636,negative,mentions_boredom,0
SST-2,sst2,sst2_02636,negative,sounds_confident,1
SST-2,sst2,sst2_03211,negative,expresses_positive_emotion,0
SST-2,sst2,sst2_03211,negative,contains_praise,0
SST-2,sst2,sst2_03211,negative,mentions_enjoyment,0
SST-2,sst2,sst2_03211,negative,describes_high_quality,0
SST-2,sst2,sst2_03211,negative,expresses_negative_emotion,1
SST-2,sst2,sst2_03211,negative,contains_criticism,1
SST-2,sst2,sst2_03211,negative,mentions_disappointment,1
SST-2,sst2,sst2_03211,negative,describes_low_quality,1
SST-2,sst2,sst2_03211,negative,mentions_good_acting_or_writing,0
SST-2,sst2,sst2_03211,negative,mentions_bad_acting_or_writing,0
SST-2,sst2,sst2_03211,negative,contains_comparison,0
SST-2,sst2,sst2_03211,negative,uses_strong_opinion,1
SST-2,sst2,sst2_03211,negative,contains_irony_or_sarcasm,0
SST-2,sst2,sst2_03211,negative,contains_mixed_sentiment,0
SST-2,sst2,sst2_03211,negative,sounds_uncertain,0
SST-2,sst2,sst2_03211,negative,uses_emotional_language,0
SST-2,sst2,sst2_03211,negative,contains_recommendation,0
SST-2,sst2,sst2_03211,negative,mentions_exciting_content,0
SST-2,sst2,sst2_03211,negative,mentions_boredom,0
SST-2,sst2,sst2_03211,negative,sounds_confident,1
SST-2,sst2,sst2_01730,negative,expresses_positive_emotion,0
SST-2,sst2,sst2_01730,negative,contains_praise,0
SST-2,sst2,sst2_01730,negative,mentions_enjoyment,0
SST-2,sst2,sst2_01730,negative,describes_high_quality,0
SST-2,sst2,sst2_01730,negative,expresses_negative_emotion,1
SST-2,sst2,sst2_01730,negative,contains_criticism,1
SST-2,sst2,sst2_01730,negative,mentions_disappointment,1
SST-2,sst2,sst2_01730,negative,describes_low_quality,0
SST-2,sst2,sst2_01730,negative,mentions_good_acting_or_writing,0
SST-2,sst2,sst2_01730,negative,mentions_bad_acting_or_writing,0
SST-2,sst2,sst2_01730,negative,contains_comparison,0
SST-2,sst2,sst2_01730,negative,uses_strong_opinion,1
SST-2,sst2,sst2_01730,negative,contains_irony_or_sarcasm,0
SST-2,sst2,sst2_01730,negative,contains_mixed_sentiment,0
SST-2,sst2,sst2_01730,negative,sounds_uncertain,0
SST-2,sst2,sst2_01730,negative,uses_emotional_language,0
SST-2,sst2,sst2_01730,negative,contains_recommendation,0
SST-2,sst2,sst2_01730,negative,mentions_exciting_content,0
SST-2,sst2,sst2_01730,negative,mentions_boredom,1
SST-2,sst2,sst2_01730,negative,sounds_confident,1
SST-2,sst2,sst2_02546,negative,expresses_positive_emotion,0
SST-2,sst2,sst2_02546,negative,contains_praise,0
SST-2,sst2,sst2_02546,negative,mentions_enjoyment,0
SST-2,sst2,sst2_02546,negative,describes_high_quality,0
SST-2,sst2,sst2_02546,negative,expresses_negative_emotion,1
SST-2,sst2,sst2_02546,negative,contains_criticism,1
SST-2,sst2,sst2_02546,negative,mentions_disappointment,0
SST-2,sst2,sst2_02546,negative,describes_low_quality,1
SST-2,sst2,sst2_02546,negative,mentions_good_acting_or_writing,0
SST-2,sst2,sst2_02546,negative,mentions_bad_acting_or_writing,1
SST-2,sst2,sst2_02546,negative,contains_comparison,0
SST-2,sst2,sst2_02546,negative,uses_strong_opinion,1
SST-2,sst2,sst2_02546,negative,contains_irony_or_sarcasm,0
SST-2,sst2,sst2_02546,negative,contains_mixed_sentiment,0
SST-2,sst2,sst2_02546,negative,sounds_uncertain,0
SST-2,sst2,sst2_02546,negative,uses_emotional_language,1
SST-2,sst2,sst2_02546,negative,contains_recommendation,0
SST-2,sst2,sst2_02546,negative,mentions_exciting_content,0
SST-2,sst2,sst2_02546,negative,mentions_boredom,0
SST-2,sst2,sst2_02546,negative,sounds_confident,1
SST-2,sst2,sst2_02389,positive,expresses_positive_emotion,1
SST-2,sst2,sst2_02389,positive,contains_praise,1
SST-2,sst2,sst2_02389,positive,mentions_enjoyment,1
SST-2,sst2,sst2_02389,positive,describes_high_quality,0
SST-2,sst2,sst2_02389,positive,expresses_negative_emotion,0
SST-2,sst2,sst2_02389,positive,contains_criticism,0
SST-2,sst2,sst2_02389,positive,mentions_disappointment,0
SST-2,sst2,sst2_02389,positive,describes_low_quality,0
SST-2,sst2,sst2_02389,positive,mentions_good_acting_or_writing,0
SST-2,sst2,sst2_02389,positive,mentions_bad_acting_or_writing,0
SST-2,sst2,sst2_02389,positive,contains_comparison,0
SST-2,sst2,sst2_02389,positive,uses_strong_opinion,1
SST-2,sst2,sst2_02389,positive,contains_irony_or_sarcasm,0
SST-2,sst2,sst2_02389,positive,contains_mixed_sentiment,0
SST-2,sst2,sst2_02389,positive,sounds_uncertain,0
SST-2,sst2,sst2_02389,positive,uses_emotional_language,1
SST-2,sst2,sst2_02389,positive,contains_recommendation,0
SST-2,sst2,sst2_02389,positive,mentions_exciting_content,1
SST-2,sst2,sst2_02389,positive,mentions_boredom,0
SST-2,sst2,sst2_02389,positive,sounds_confident,1
SST-2,sst2,sst2_02431,negative,expresses_positive_emotion,0
SST-2,sst2,sst2_02431,negative,contains_praise,0
SST-2,sst2,sst2_02431,negative,mentions_enjoyment,0
SST-2,sst2,sst2_02431,negative,describes_high_quality,0
SST-2,sst2,sst2_02431,negative,expresses_negative_emotion,1
SST-2,sst2,sst2_02431,negative,contains_criticism,1
SST-2,sst2,sst2_02431,negative,mentions_disappointment,0
SST-2,sst2,sst2_02431,negative,describes_low_quality,1
SST-2,sst2,sst2_02431,negative,mentions_good_acting_or_writing,0
SST-2,sst2,sst2_02431,negative,mentions_bad_acting_or_writing,0
SST-2,sst2,sst2_02431,negative,contains_comparison,1
SST-2,sst2,sst2_02431,negative,uses_strong_opinion,1
SST-2,sst2,sst2_02431,negative,contains_irony_or_sarcasm,1
SST-2,sst2,sst2_02431,negative,contains_mixed_sentiment,0
SST-2,sst2,sst2_02431,negative,sounds_uncertain,0
SST-2,sst2,sst2_02431,negative,uses_emotional_language,0
SST-2,sst2,sst2_02431,negative,contains_recommendation,0
SST-2,sst2,sst2_02431,negative,mentions_exciting_content,0
SST-2,sst2,sst2_02431,negative,mentions_boredom,0
SST-2,sst2,sst2_02431,negative,sounds_confident,1
SST-2,sst2,sst2_02149,positive,expresses_positive_emotion,1
SST-2,sst2,sst2_02149,positive,contains_praise,1
SST-2,sst2,sst2_02149,positive,mentions_enjoyment,0
SST-2,sst2,sst2_02149,positive,describes_high_quality,1
SST-2,sst2,sst2_02149,positive,expresses_negative_emotion,0
SST-2,sst2,sst2_02149,positive,contains_criticism,0
SST-2,sst2,sst2_02149,positive,mentions_disappointment,0
SST-2,sst2,sst2_02149,positive,describes_low_quality,0
SST-2,sst2,sst2_02149,positive,mentions_good_acting_or_writing,1
SST-2,sst2,sst2_02149,positive,mentions_bad_acting_or_writing,0
SST-2,sst2,sst2_02149,positive,contains_comparison,0
SST-2,sst2,sst2_02149,positive,uses_strong_opinion,0
SST-2,sst2,sst2_02149,positive,contains_irony_or_sarcasm,0
SST-2,sst2,sst2_02149,positive,contains_mixed_sentiment,0
SST-2,sst2,sst2_02149,positive,sounds_uncertain,0
SST-2,sst2,sst2_02149,positive,uses_emotional_language,0
SST-2,sst2,sst2_02149,positive,contains_recommendation,0
SST-2,sst2,sst2_02149,positive,mentions_exciting_content,0
SST-2,sst2,sst2_02149,positive,mentions_boredom,0
SST-2,sst2,sst2_02149,positive,sounds_confident,1
SST-2,sst2,sst2_02928,negative,expresses_positive_emotion,0
SST-2,sst2,sst2_02928,negative,contains_praise,0
SST-2,sst2,sst2_02928,negative,mentions_enjoyment,0
SST-2,sst2,sst2_02928,negative,describes_high_quality,0
SST-2,sst2,sst2_02928,negative,expresses_negative_emotion,1
SST-2,sst2,sst2_02928,negative,contains_criticism,1
SST-2,sst2,sst2_02928,negative,mentions_disappointment,0
SST-2,sst2,sst2_02928,negative,describes_low_quality,1
SST-2,sst2,sst2_02928,negative,mentions_good_acting_or_writing,0
SST-2,sst2,sst2_02928,negative,mentions_bad_acting_or_writing,0
SST-2,sst2,sst2_02928,negative,contains_comparison,0
SST-2,sst2,sst2_02928,negative,uses_strong_opinion,0
SST-2,sst2,sst2_02928,negative,contains_irony_or_sarcasm,0
SST-2,sst2,sst2_02928,negative,contains_mixed_sentiment,0
SST-2,sst2,sst2_02928,negative,sounds_uncertain,1
SST-2,sst2,sst2_02928,negative,uses_emotional_language,0
SST-2,sst2,sst2_02928,negative,contains_recommendation,0
SST-2,sst2,sst2_02928,negative,mentions_exciting_content,0
SST-2,sst2,sst2_02928,negative,mentions_boredom,0
SST-2,sst2,sst2_02928,negative,sounds_confident,0
SST-2,sst2,sst2_01911,negative,expresses_positive_emotion,0
SST-2,sst2,sst2_01911,negative,contains_praise,0
SST-2,sst2,sst2_01911,negative,mentions_enjoyment,0
SST-2,sst2,sst2_01911,negative,describes_high_quality,0
SST-2,sst2,sst2_01911,negative,expresses_negative_emotion,1
SST-2,sst2,sst2_01911,negative,contains_criticism,1
SST-2,sst2,sst2_01911,negative,mentions_disappointment,1
SST-2,sst2,sst2_01911,negative,describes_low_quality,1
SST-2,sst2,sst2_01911,negative,mentions_good_acting_or_writing,0
SST-2,sst2,sst2_01911,negative,mentions_bad_acting_or_writing,1
SST-2,sst2,sst2_01911,negative,contains_comparison,1
SST-2,sst2,sst2_01911,negative,uses_strong_opinion,1
SST-2,sst2,sst2_01911,negative,contains_irony_or_sarcasm,0
SST-2,sst2,sst2_01911,negative,contains_mixed_sentiment,0
SST-2,sst2,sst2_01911,negative,sounds_uncertain,0
SST-2,sst2,sst2_01911,negative,uses_emotional_language,1
SST-2,sst2,sst2_01911,negative,contains_recommendation,0
SST-2,sst2,sst2_01911,negative,mentions_exciting_content,0
SST-2,sst2,sst2_01911,negative,mentions_boredom,0
SST-2,sst2,sst2_01911,negative,sounds_confident,1
SST-2,sst2,sst2_04954,negative,expresses_positive_emotion,0
SST-2,sst2,sst2_04954,negative,contains_praise,0
SST-2,sst2,sst2_04954,negative,mentions_enjoyment,0
SST-2,sst2,sst2_04954,negative,describes_high_quality,0
SST-2,sst2,sst2_04954,negative,expresses_negative_emotion,1
SST-2,sst2,sst2_04954,negative,contains_criticism,1
SST-2,sst2,sst2_04954,negative,mentions_disappointment,0
SST-2,sst2,sst2_04954,negative,describes_low_quality,0
SST-2,sst2,sst2_04954,negative,mentions_good_acting_or_writing,0
SST-2,sst2,sst2_04954,negative,mentions_bad_acting_or_writing,0
SST-2,sst2,sst2_04954,negative,contains_comparison,0
SST-2,sst2,sst2_04954,negative,uses_strong_opinion,1
SST-2,sst2,sst2_04954,negative,contains_irony_or_sarcasm,0
SST-2,sst2,sst2_04954,negative,contains_mixed_sentiment,0
SST-2,sst2,sst2_04954,negative,sounds_uncertain,0
SST-2,sst2,sst2_04954,negative,uses_emotional_language,0
SST-2,sst2,sst2_04954,negative,contains_recommendation,0
SST-2,sst2,sst2_04954,negative,mentions_exciting_content,0
SST-2,sst2,sst2_04954,negative,mentions_boredom,0
SST-2,sst2,sst2_04954,negative,sounds_confident,1
SST-2,sst2,sst2_04855,positive,expresses_positive_emotion,1
SST-2,sst2,sst2_04855,positive,contains_praise,1
SST-2,sst2,sst2_04855,positive,mentions_enjoyment,0
SST-2,sst2,sst2_04855,positive,describes_high_quality,1
SST-2,sst2,sst2_04855,positive,expresses_negative_emotion,0
SST-2,sst2,sst2_04855,positive,contains_criticism,0
SST-2,sst2,sst2_04855,positive,mentions_disappointment,0
SST-2,sst2,sst2_04855,positive,describes_low_quality,0
SST-2,sst2,sst2_04855,positive,mentions_good_acting_or_writing,0
SST-2,sst2,sst2_04855,positive,mentions_bad_acting_or_writing,0
SST-2,sst2,sst2_04855,positive,contains_comparison,0
SST-2,sst2,sst2_04855,positive,uses_strong_opinion,1
SST-2,sst2,sst2_04855,positive,contains_irony_or_sarcasm,0
SST-2,sst2,sst2_04855,positive,contains_mixed_sentiment,0
SST-2,sst2,sst2_04855,positive,sounds_uncertain,0
SST-2,sst2,sst2_04855,positive,uses_emotional_language,1
SST-2,sst2,sst2_04855,positive,contains_recommendation,0
SST-2,sst2,sst2_04855,positive,mentions_exciting_content,0
SST-2,sst2,sst2_04855,positive,mentions_boredom,0
SST-2,sst2,sst2_04855,positive,sounds_confident,1
SST-2,sst2,sst2_00577,positive,expresses_positive_emotion,1
SST-2,sst2,sst2_00577,positive,contains_praise,1
SST-2,sst2,sst2_00577,positive,mentions_enjoyment,1
SST-2,sst2,sst2_00577,positive,describes_high_quality,1
SST-2,sst2,sst2_00577,positive,expresses_negative_emotion,0
SST-2,sst2,sst2_00577,positive,contains_criticism,0
SST-2,sst2,sst2_00577,positive,mentions_disappointment,0
SST-2,sst2,sst2_00577,positive,describes_low_quality,0
SST-2,sst2,sst2_00577,positive,mentions_good_acting_or_writing,1
SST-2,sst2,sst2_00577,positive,mentions_bad_acting_or_writing,0
SST-2,sst2,sst2_00577,positive,contains_comparison,0
SST-2,sst2,sst2_00577,positive,uses_strong_opinion,1
SST-2,sst2,sst2_00577,positive,contains_irony_or_sarcasm,0
SST-2,sst2,sst2_00577,positive,contains_mixed_sentiment,0
SST-2,sst2,sst2_00577,positive,sounds_uncertain,0
SST-2,sst2,sst2_00577,positive,uses_emotional_language,1
SST-2,sst2,sst2_00577,positive,contains_recommendation,0
SST-2,sst2,sst2_00577,positive,mentions_exciting_content,1
SST-2,sst2,sst2_00577,positive,mentions_boredom,0
SST-2,sst2,sst2_00577,positive,sounds_confident,1
SST-2,sst2,sst2_01924,positive,expresses_positive_emotion,1
SST-2,sst2,sst2_01924,positive,contains_praise,1
SST-2,sst2,sst2_01924,positive,mentions_enjoyment,1
SST-2,sst2,sst2_01924,positive,describes_high_quality,0
SST-2,sst2,sst2_01924,positive,expresses_negative_emotion,0
SST-2,sst2,sst2_01924,positive,contains_criticism,0
SST-2,sst2,sst2_01924,positive,mentions_disappointment,0
SST-2,sst2,sst2_01924,positive,describes_low_quality,0
SST-2,sst2,sst2_01924,positive,mentions_good_acting_or_writing,0
SST-2,sst2,sst2_01924,positive,mentions_bad_acting_or_writing,0
SST-2,sst2,sst2_01924,positive,contains_comparison,0
SST-2,sst2,sst2_01924,positive,uses_strong_opinion,1
SST-2,sst2,sst2_01924,positive,contains_irony_or_sarcasm,0
SST-2,sst2,sst2_01924,positive,contains_mixed_sentiment,0
SST-2,sst2,sst2_01924,positive,sounds_uncertain,0
SST-2,sst2,sst2_01924,positive,uses_emotional_language,1
SST-2,sst2,sst2_01924,positive,contains_recommendation,0
SST-2,sst2,sst2_01924,positive,mentions_exciting_content,0
SST-2,sst2,sst2_01924,positive,mentions_boredom,0
SST-2,sst2,sst2_01924,positive,sounds_confident,1
SST-2,sst2,sst2_02062,positive,expresses_positive_emotion,1
SST-2,sst2,sst2_02062,positive,contains_praise,1
SST-2,sst2,sst2_02062,positive,mentions_enjoyment,0
SST-2,sst2,sst2_02062,positive,describes_high_quality,1
SST-2,sst2,sst2_02062,positive,expresses_negative_emotion,0
SST-2,sst2,sst2_02062,positive,contains_criticism,0
SST-2,sst2,sst2_02062,positive,mentions_disappointment,0
SST-2,sst2,sst2_02062,positive,describes_low_quality,0
SST-2,sst2,sst2_02062,positive,mentions_good_acting_or_writing,0
SST-2,sst2,sst2_02062,positive,mentions_bad_acting_or_writing,0
SST-2,sst2,sst2_02062,positive,contains_comparison,0
SST-2,sst2,sst2_02062,positive,uses_strong_opinion,1
SST-2,sst2,sst2_02062,positive,contains_irony_or_sarcasm,0
SST-2,sst2,sst2_02062,positive,contains_mixed_sentiment,0
SST-2,sst2,sst2_02062,positive,sounds_uncertain,0
SST-2,sst2,sst2_02062,positive,uses_emotional_language,0
SST-2,sst2,sst2_02062,positive,contains_recommendation,0
SST-2,sst2,sst2_02062,positive,mentions_exciting_content,0
SST-2,sst2,sst2_02062,positive,mentions_boredom,0
SST-2,sst2,sst2_02062,positive,sounds_confident,1
SST-2,sst2,sst2_02165,positive,expresses_positive_emotion,0
SST-2,sst2,sst2_02165,positive,contains_praise,0
SST-2,sst2,sst2_02165,positive,mentions_enjoyment,0
SST-2,sst2,sst2_02165,positive,describes_high_quality,0
SST-2,sst2,sst2_02165,positive,expresses_negative_emotion,0
SST-2,sst2,sst2_02165,positive,contains_criticism,0
SST-2,sst2,sst2_02165,positive,mentions_disappointment,0
SST-2,sst2,sst2_02165,positive,describes_low_quality,0
SST-2,sst2,sst2_02165,positive,mentions_good_acting_or_writing,0
SST-2,sst2,sst2_02165,positive,mentions_bad_acting_or_writing,0
SST-2,sst2,sst2_02165,positive,contains_comparison,0
SST-2,sst2,sst2_02165,positive,uses_strong_opinion,0
SST-2,sst2,sst2_02165,positive,contains_irony_or_sarcasm,0
SST-2,sst2,sst2_02165,positive,contains_mixed_sentiment,0
SST-2,sst2,sst2_02165,positive,sounds_uncertain,0
SST-2,sst2,sst2_02165,positive,uses_emotional_language,0
SST-2,sst2,sst2_02165,positive,contains_recommendation,0
SST-2,sst2,sst2_02165,positive,mentions_exciting_content,0
SST-2,sst2,sst2_02165,positive,mentions_boredom,0
SST-2,sst2,sst2_02165,positive,sounds_confident,0
SST-2,sst2,sst2_01426,negative,expresses_positive_emotion,0
SST-2,sst2,sst2_01426,negative,contains_praise,0
SST-2,sst2,sst2_01426,negative,mentions_enjoyment,0
SST-2,sst2,sst2_01426,negative,describes_high_quality,0
SST-2,sst2,sst2_01426,negative,expresses_negative_emotion,1
SST-2,sst2,sst2_01426,negative,contains_criticism,1
SST-2,sst2,sst2_01426,negative,mentions_disappointment,0
SST-2,sst2,sst2_01426,negative,describes_low_quality,1
SST-2,sst2,sst2_01426,negative,mentions_good_acting_or_writing,0
SST-2,sst2,sst2_01426,negative,mentions_bad_acting_or_writing,0
SST-2,sst2,sst2_01426,negative,contains_comparison,0
SST-2,sst2,sst2_01426,negative,uses_strong_opinion,1
SST-2,sst2,sst2_01426,negative,contains_irony_or_sarcasm,0
SST-2,sst2,sst2_01426,negative,contains_mixed_sentiment,0
SST-2,sst2,sst2_01426,negative,sounds_uncertain,0
SST-2,sst2,sst2_01426,negative,uses_emotional_language,0
SST-2,sst2,sst2_01426,negative,contains_recommendation,0
SST-2,sst2,sst2_01426,negative,mentions_exciting_content,0
SST-2,sst2,sst2_01426,negative,mentions_boredom,0
SST-2,sst2,sst2_01426,negative,sounds_confident,1
SST-2,sst2,sst2_02493,negative,expresses_positive_emotion,0
SST-2,sst2,sst2_02493,negative,contains_praise,0
SST-2,sst2,sst2_02493,negative,mentions_enjoyment,0
SST-2,sst2,sst2_02493,negative,describes_high_quality,0
SST-2,sst2,sst2_02493,negative,expresses_negative_emotion,1
SST-2,sst2,sst2_02493,negative,contains_criticism,1
SST-2,sst2,sst2_02493,negative,mentions_disappointment,1
SST-2,sst2,sst2_02493,negative,describes_low_quality,1
SST-2,sst2,sst2_02493,negative,mentions_good_acting_or_writing,0
SST-2,sst2,sst2_02493,negative,mentions_bad_acting_or_writing,1
SST-2,sst2,sst2_02493,negative,contains_comparison,0
SST-2,sst2,sst2_02493,negative,uses_strong_opinion,1
SST-2,sst2,sst2_02493,negative,contains_irony_or_sarcasm,0
SST-2,sst2,sst2_02493,negative,contains_mixed_sentiment,0
SST-2,sst2,sst2_02493,negative,sounds_uncertain,0
SST-2,sst2,sst2_02493,negative,uses_emotional_language,1
SST-2,sst2,sst2_02493,negative,contains_recommendation,0
SST-2,sst2,sst2_02493,negative,mentions_exciting_content,0
SST-2,sst2,sst2_02493,negative,mentions_boredom,0
SST-2,sst2,sst2_02493,negative,sounds_confident,1
SST-2,sst2,sst2_01636,negative,expresses_positive_emotion,0
SST-2,sst2,sst2_01636,negative,contains_praise,0
SST-2,sst2,sst2_01636,negative,mentions_enjoyment,0
SST-2,sst2,sst2_01636,negative,describes_high_quality,0
SST-2,sst2,sst2_01636,negative,expresses_negative_emotion,1
SST-2,sst2,sst2_01636,negative,contains_criticism,1
SST-2,sst2,sst2_01636,negative,mentions_disappointment,0
SST-2,sst2,sst2_01636,negative,describes_low_quality,1
SST-2,sst2,sst2_01636,negative,mentions_good_acting_or_writing,0
SST-2,sst2,sst2_01636,negative,mentions_bad_acting_or_writing,0
SST-2,sst2,sst2_01636,negative,contains_comparison,0
SST-2,sst2,sst2_01636,negative,uses_strong_opinion,1
SST-2,sst2,sst2_01636,negative,contains_irony_or_sarcasm,0
SST-2,sst2,sst2_01636,negative,contains_mixed_sentiment,0
SST-2,sst2,sst2_01636,negative,sounds_uncertain,0
SST-2,sst2,sst2_01636,negative,uses_emotional_language,1
SST-2,sst2,sst2_01636,negative,contains_recommendation,0
SST-2,sst2,sst2_01636,negative,mentions_exciting_content,0
SST-2,sst2,sst2_01636,negative,mentions_boredom,0
SST-2,sst2,sst2_01636,negative,sounds_confident,1
SST-2,sst2,sst2_00616,negative,expresses_positive_emotion,0
SST-2,sst2,sst2_00616,negative,contains_praise,0
SST-2,sst2,sst2_00616,negative,mentions_enjoyment,0
SST-2,sst2,sst2_00616,negative,describes_high_quality,0
SST-2,sst2,sst2_00616,negative,expresses_negative_emotion,1
SST-2,sst2,sst2_00616,negative,contains_criticism,0
SST-2,sst2,sst2_00616,negative,mentions_disappointment,0
SST-2,sst2,sst2_00616,negative,describes_low_quality,0
SST-2,sst2,sst2_00616,negative,mentions_good_acting_or_writing,0
SST-2,sst2,sst2_00616,negative,mentions_bad_acting_or_writing,0
SST-2,sst2,sst2_00616,negative,contains_comparison,0
SST-2,sst2,sst2_00616,negative,uses_strong_opinion,0
SST-2,sst2,sst2_00616,negative,contains_irony_or_sarcasm,0
SST-2,sst2,sst2_00616,negative,contains_mixed_sentiment,0
SST-2,sst2,sst2_00616,negative,sounds_uncertain,0
SST-2,sst2,sst2_00616,negative,uses_emotional_language,1
SST-2,sst2,sst2_00616,negative,contains_recommendation,0
SST-2,sst2,sst2_00616,negative,mentions_exciting_content,0
SST-2,sst2,sst2_00616,negative,mentions_boredom,0
SST-2,sst2,sst2_00616,negative,sounds_confident,0
SST-2,sst2,sst2_01222,negative,expresses_positive_emotion,0
SST-2,sst2,sst2_01222,negative,contains_praise,0
SST-2,sst2,sst2_01222,negative,mentions_enjoyment,0
SST-2,sst2,sst2_01222,negative,describes_high_quality,0
SST-2,sst2,sst2_01222,negative,expresses_negative_emotion,1
SST-2,sst2,sst2_01222,negative,contains_criticism,1
SST-2,sst2,sst2_01222,negative,mentions_disappointment,0
SST-2,sst2,sst2_01222,negative,describes_low_quality,1
SST-2,sst2,sst2_01222,negative,mentions_good_acting_or_writing,0
SST-2,sst2,sst2_01222,negative,mentions_bad_acting_or_writing,0
SST-2,sst2,sst2_01222,negative,contains_comparison,0
SST-2,sst2,sst2_01222,negative,uses_strong_opinion,1
SST-2,sst2,sst2_01222,negative,contains_irony_or_sarcasm,0
SST-2,sst2,sst2_01222,negative,contains_mixed_sentiment,0
SST-2,sst2,sst2_01222,negative,sounds_uncertain,0
SST-2,sst2,sst2_01222,negative,uses_emotional_language,0
SST-2,sst2,sst2_01222,negative,contains_recommendation,0
SST-2,sst2,sst2_01222,negative,mentions_exciting_content,0
SST-2,sst2,sst2_01222,negative,mentions_boredom,0
SST-2,sst2,sst2_01222,negative,sounds_confident,1
SST-2,sst2,sst2_01539,negative,expresses_positive_emotion,0
SST-2,sst2,sst2_01539,negative,contains_praise,0
SST-2,sst2,sst2_01539,negative,mentions_enjoyment,0
SST-2,sst2,sst2_01539,negative,describes_high_quality,0
SST-2,sst2,sst2_01539,negative,expresses_negative_emotion,1
SST-2,sst2,sst2_01539,negative,contains_criticism,1
SST-2,sst2,sst2_01539,negative,mentions_disappointment,1
SST-2,sst2,sst2_01539,negative,describes_low_quality,1
SST-2,sst2,sst2_01539,negative,mentions_good_acting_or_writing,0
SST-2,sst2,sst2_01539,negative,mentions_bad_acting_or_writing,1
SST-2,sst2,sst2_01539,negative,contains_comparison,0
SST-2,sst2,sst2_01539,negative,uses_strong_opinion,1
SST-2,sst2,sst2_01539,negative,contains_irony_or_sarcasm,1
SST-2,sst2,sst2_01539,negative,contains_mixed_sentiment,0
SST-2,sst2,sst2_01539,negative,sounds_uncertain,0
SST-2,sst2,sst2_01539,negative,uses_emotional_language,1
SST-2,sst2,sst2_01539,negative,contains_recommendation,0
SST-2,sst2,sst2_01539,negative,mentions_exciting_content,0
SST-2,sst2,sst2_01539,negative,mentions_boredom,0
SST-2,sst2,sst2_01539,negative,sounds_confident,1
SST-2,sst2,sst2_00537,negative,expresses_positive_emotion,0
SST-2,sst2,sst2_00537,negative,contains_praise,0
SST-2,sst2,sst2_00537,negative,mentions_enjoyment,0
SST-2,sst2,sst2_00537,negative,describes_high_quality,0
SST-2,sst2,sst2_00537,negative,expresses_negative_emotion,0
SST-2,sst2,sst2_00537,negative,contains_criticism,0
SST-2,sst2,sst2_00537,negative,mentions_disappointment,0
SST-2,sst2,sst2_00537,negative,describes_low_quality,0
SST-2,sst2,sst2_00537,negative,mentions_good_acting_or_writing,0
SST-2,sst2,sst2_00537,negative,mentions_bad_acting_or_writing,0
SST-2,sst2,sst2_00537,negative,contains_comparison,0
SST-2,sst2,sst2_00537,negative,uses_strong_opinion,0
SST-2,sst2,sst2_00537,negative,contains_irony_or_sarcasm,0
SST-2,sst2,sst2_00537,negative,contains_mixed_sentiment,0
SST-2,sst2,sst2_00537,negative,sounds_uncertain,0
SST-2,sst2,sst2_00537,negative,uses_emotional_language,0
SST-2,sst2,sst2_00537,negative,contains_recommendation,0
SST-2,sst2,sst2_00537,negative,mentions_exciting_content,0
SST-2,sst2,sst2_00537,negative,mentions_boredom,0
SST-2,sst2,sst2_00537,negative,sounds_confident,0
SST-2,sst2,sst2_04431,positive,expresses_positive_emotion,1
SST-2,sst2,sst2_04431,positive,contains_praise,1
SST-2,sst2,sst2_04431,positive,mentions_enjoyment,0
SST-2,sst2,sst2_04431,positive,describes_high_quality,1
SST-2,sst2,sst2_04431,positive,expresses_negative_emotion,0
SST-2,sst2,sst2_04431,positive,contains_criticism,0
SST-2,sst2,sst2_04431,positive,mentions_disappointment,0
SST-2,sst2,sst2_04431,positive,describes_low_quality,0
SST-2,sst2,sst2_04431,positive,mentions_good_acting_or_writing,0
SST-2,sst2,sst2_04431,positive,mentions_bad_acting_or_writing,0
SST-2,sst2,sst2_04431,positive,contains_comparison,0
SST-2,sst2,sst2_04431,positive,uses_strong_opinion,0
SST-2,sst2,sst2_04431,positive,contains_irony_or_sarcasm,0
SST-2,sst2,sst2_04431,positive,contains_mixed_sentiment,0
SST-2,sst2,sst2_04431,positive,sounds_uncertain,0
SST-2,sst2,sst2_04431,positive,uses_emotional_language,0
SST-2,sst2,sst2_04431,positive,contains_recommendation,0
SST-2,sst2,sst2_04431,positive,mentions_exciting_content,0
SST-2,sst2,sst2_04431,positive,mentions_boredom,0
SST-2,sst2,sst2_04431,positive,sounds_confident,1
ADE,ade,ade_03243,non_ade,mentions_medication_or_drug,0
ADE,ade,ade_03243,non_ade,mentions_dose_or_frequency,0
ADE,ade,ade_03243,non_ade,mentions_drug_discontinuation,0
ADE,ade,ade_03243,non_ade,mentions_drug_interaction,0
ADE,ade,ade_03243,non_ade,mentions_symptom_or_condition,1
ADE,ade,ade_03243,non_ade,mentions_adverse_reaction,0
ADE,ade,ade_03243,non_ade,mentions_severity,0
ADE,ade,ade_03243,non_ade,mentions_lab_or_diagnostic_abnormality,1
ADE,ade,ade_03243,non_ade,links_event_to_medication,0
ADE,ade,ade_03243,non_ade,mentions_temporal_after_use,0
ADE,ade,ade_03243,non_ade,mentions_rechallenge_or_recovery,0
ADE,ade,ade_03243,non_ade,mentions_onset_or_duration,0
ADE,ade,ade_03243,non_ade,contains_negation_no_event,1
ADE,ade,ade_03243,non_ade,contains_uncertainty_or_possible,0
ADE,ade,ade_03243,non_ade,states_alternative_cause,0
ADE,ade,ade_03243,non_ade,reports_no_drug_link,0
ADE,ade,ade_03243,non_ade,mentions_study_or_trial_context,0
ADE,ade,ade_03243,non_ade,mentions_expected_therapeutic_effect,0
ADE,ade,ade_03243,non_ade,describes_indication_or_background,0
ADE,ade,ade_03243,non_ade,discusses_general_pharmacology,0
ADE,ade,ade_02466,non_ade,mentions_medication_or_drug,0
ADE,ade,ade_02466,non_ade,mentions_dose_or_frequency,0
ADE,ade,ade_02466,non_ade,mentions_drug_discontinuation,0
ADE,ade,ade_02466,non_ade,mentions_drug_interaction,0
ADE,ade,ade_02466,non_ade,mentions_symptom_or_condition,1
ADE,ade,ade_02466,non_ade,mentions_adverse_reaction,1
ADE,ade,ade_02466,non_ade,mentions_severity,0
ADE,ade,ade_02466,non_ade,mentions_lab_or_diagnostic_abnormality,0
ADE,ade,ade_02466,non_ade,links_event_to_medication,0
ADE,ade,ade_02466,non_ade,mentions_temporal_after_use,0
ADE,ade,ade_02466,non_ade,mentions_rechallenge_or_recovery,0
ADE,ade,ade_02466,non_ade,mentions_onset_or_duration,0
ADE,ade,ade_02466,non_ade,contains_negation_no_event,0
ADE,ade,ade_02466,non_ade,contains_uncertainty_or_possible,0
ADE,ade,ade_02466,non_ade,states_alternative_cause,0
ADE,ade,ade_02466,non_ade,reports_no_drug_link,0
ADE,ade,ade_02466,non_ade,mentions_study_or_trial_context,0
ADE,ade,ade_02466,non_ade,mentions_expected_therapeutic_effect,0
ADE,ade,ade_02466,non_ade,describes_indication_or_background,0
ADE,ade,ade_02466,non_ade,discusses_general_pharmacology,0
ADE,ade,ade_02550,non_ade,mentions_medication_or_drug,1
ADE,ade,ade_02550,non_ade,mentions_dose_or_frequency,1
ADE,ade,ade_02550,non_ade,mentions_drug_discontinuation,0
ADE,ade,ade_02550,non_ade,mentions_drug_interaction,0
ADE,ade,ade_02550,non_ade,mentions_symptom_or_condition,1
ADE,ade,ade_02550,non_ade,mentions_adverse_reaction,1
ADE,ade,ade_02550,non_ade,mentions_severity,0
ADE,ade,ade_02550,non_ade,mentions_lab_or_diagnostic_abnormality,0
ADE,ade,ade_02550,non_ade,links_event_to_medication,1
ADE,ade,ade_02550,non_ade,mentions_temporal_after_use,1
ADE,ade,ade_02550,non_ade,mentions_rechallenge_or_recovery,0
ADE,ade,ade_02550,non_ade,mentions_onset_or_duration,0
ADE,ade,ade_02550,non_ade,contains_negation_no_event,0
ADE,ade,ade_02550,non_ade,contains_uncertainty_or_possible,0
ADE,ade,ade_02550,non_ade,states_alternative_cause,0
ADE,ade,ade_02550,non_ade,reports_no_drug_link,0
ADE,ade,ade_02550,non_ade,mentions_study_or_trial_context,0
ADE,ade,ade_02550,non_ade,mentions_expected_therapeutic_effect,1
ADE,ade,ade_02550,non_ade,describes_indication_or_background,0
ADE,ade,ade_02550,non_ade,discusses_general_pharmacology,0
ADE,ade,ade_00260,ade,mentions_medication_or_drug,1
ADE,ade,ade_00260,ade,mentions_dose_or_frequency,0
ADE,ade,ade_00260,ade,mentions_drug_discontinuation,0
ADE,ade,ade_00260,ade,mentions_drug_interaction,0
ADE,ade,ade_00260,ade,mentions_symptom_or_condition,1
ADE,ade,ade_00260,ade,mentions_adverse_reaction,1
ADE,ade,ade_00260,ade,mentions_severity,0
ADE,ade,ade_00260,ade,mentions_lab_or_diagnostic_abnormality,0
ADE,ade,ade_00260,ade,links_event_to_medication,1
ADE,ade,ade_00260,ade,mentions_temporal_after_use,1
ADE,ade,ade_00260,ade,mentions_rechallenge_or_recovery,0
ADE,ade,ade_00260,ade,mentions_onset_or_duration,1
ADE,ade,ade_00260,ade,contains_negation_no_event,0
ADE,ade,ade_00260,ade,contains_uncertainty_or_possible,0
ADE,ade,ade_00260,ade,states_alternative_cause,0
ADE,ade,ade_00260,ade,reports_no_drug_link,0
ADE,ade,ade_00260,ade,mentions_study_or_trial_context,1
ADE,ade,ade_00260,ade,mentions_expected_therapeutic_effect,0
ADE,ade,ade_00260,ade,describes_indication_or_background,0
ADE,ade,ade_00260,ade,discusses_general_pharmacology,0
ADE,ade,ade_04372,ade,mentions_medication_or_drug,1
ADE,ade,ade_04372,ade,mentions_dose_or_frequency,0
ADE,ade,ade_04372,ade,mentions_drug_discontinuation,0
ADE,ade,ade_04372,ade,mentions_drug_interaction,0
ADE,ade,ade_04372,ade,mentions_symptom_or_condition,1
ADE,ade,ade_04372,ade,mentions_adverse_reaction,1
ADE,ade,ade_04372,ade,mentions_severity,0
ADE,ade,ade_04372,ade,mentions_lab_or_diagnostic_abnormality,0
ADE,ade,ade_04372,ade,links_event_to_medication,1
ADE,ade,ade_04372,ade,mentions_temporal_after_use,0
ADE,ade,ade_04372,ade,mentions_rechallenge_or_recovery,0
ADE,ade,ade_04372,ade,mentions_onset_or_duration,0
ADE,ade,ade_04372,ade,contains_negation_no_event,0
ADE,ade,ade_04372,ade,contains_uncertainty_or_possible,0
ADE,ade,ade_04372,ade,states_alternative_cause,0
ADE,ade,ade_04372,ade,reports_no_drug_link,0
ADE,ade,ade_04372,ade,mentions_study_or_trial_context,0
ADE,ade,ade_04372,ade,mentions_expected_therapeutic_effect,0
ADE,ade,ade_04372,ade,describes_indication_or_background,0
ADE,ade,ade_04372,ade,discusses_general_pharmacology,0
ADE,ade,ade_00612,non_ade,mentions_medication_or_drug,0
ADE,ade,ade_00612,non_ade,mentions_dose_or_frequency,0
ADE,ade,ade_00612,non_ade,mentions_drug_discontinuation,0
ADE,ade,ade_00612,non_ade,mentions_drug_interaction,0
ADE,ade,ade_00612,non_ade,mentions_symptom_or_condition,1
ADE,ade,ade_00612,non_ade,mentions_adverse_reaction,0
ADE,ade,ade_00612,non_ade,mentions_severity,0
ADE,ade,ade_00612,non_ade,mentions_lab_or_diagnostic_abnormality,1
ADE,ade,ade_00612,non_ade,links_event_to_medication,0
ADE,ade,ade_00612,non_ade,mentions_temporal_after_use,0
ADE,ade,ade_00612,non_ade,mentions_rechallenge_or_recovery,0
ADE,ade,ade_00612,non_ade,mentions_onset_or_duration,0
ADE,ade,ade_00612,non_ade,contains_negation_no_event,0
ADE,ade,ade_00612,non_ade,contains_uncertainty_or_possible,0
ADE,ade,ade_00612,non_ade,states_alternative_cause,0
ADE,ade,ade_00612,non_ade,reports_no_drug_link,0
ADE,ade,ade_00612,non_ade,mentions_study_or_trial_context,0
ADE,ade,ade_00612,non_ade,mentions_expected_therapeutic_effect,0
ADE,ade,ade_00612,non_ade,describes_indication_or_background,1
ADE,ade,ade_00612,non_ade,discusses_general_pharmacology,0
ADE,ade,ade_04436,ade,mentions_medication_or_drug,1
ADE,ade,ade_04436,ade,mentions_dose_or_frequency,0
ADE,ade,ade_04436,ade,mentions_drug_discontinuation,0
ADE,ade,ade_04436,ade,mentions_drug_interaction,0
ADE,ade,ade_04436,ade,mentions_symptom_or_condition,1
ADE,ade,ade_04436,ade,mentions_adverse_reaction,1
ADE,ade,ade_04436,ade,mentions_severity,0
ADE,ade,ade_04436,ade,mentions_lab_or_diagnostic_abnormality,0
ADE,ade,ade_04436,ade,links_event_to_medication,1
ADE,ade,ade_04436,ade,mentions_temporal_after_use,1
ADE,ade,ade_04436,ade,mentions_rechallenge_or_recovery,0
ADE,ade,ade_04436,ade,mentions_onset_or_duration,0
ADE,ade,ade_04436,ade,contains_negation_no_event,0
ADE,ade,ade_04436,ade,contains_uncertainty_or_possible,0
ADE,ade,ade_04436,ade,states_alternative_cause,0
ADE,ade,ade_04436,ade,reports_no_drug_link,0
ADE,ade,ade_04436,ade,mentions_study_or_trial_context,0
ADE,ade,ade_04436,ade,mentions_expected_therapeutic_effect,0
ADE,ade,ade_04436,ade,describes_indication_or_background,0
ADE,ade,ade_04436,ade,discusses_general_pharmacology,0
ADE,ade,ade_01808,non_ade,mentions_medication_or_drug,1
ADE,ade,ade_01808,non_ade,mentions_dose_or_frequency,0
ADE,ade,ade_01808,non_ade,mentions_drug_discontinuation,0
ADE,ade,ade_01808,non_ade,mentions_drug_interaction,0
ADE,ade,ade_01808,non_ade,mentions_symptom_or_condition,1
ADE,ade,ade_01808,non_ade,mentions_adverse_reaction,0
ADE,ade,ade_01808,non_ade,mentions_severity,0
ADE,ade,ade_01808,non_ade,mentions_lab_or_diagnostic_abnormality,0
ADE,ade,ade_01808,non_ade,links_event_to_medication,0
ADE,ade,ade_01808,non_ade,mentions_temporal_after_use,0
ADE,ade,ade_01808,non_ade,mentions_rechallenge_or_recovery,0
ADE,ade,ade_01808,non_ade,mentions_onset_or_duration,0
ADE,ade,ade_01808,non_ade,contains_negation_no_event,0
ADE,ade,ade_01808,non_ade,contains_uncertainty_or_possible,0
ADE,ade,ade_01808,non_ade,states_alternative_cause,0
ADE,ade,ade_01808,non_ade,reports_no_drug_link,0
ADE,ade,ade_01808,non_ade,mentions_study_or_trial_context,0
ADE,ade,ade_01808,non_ade,mentions_expected_therapeutic_effect,1
ADE,ade,ade_01808,non_ade,describes_indication_or_background,1
ADE,ade,ade_01808,non_ade,discusses_general_pharmacology,0
ADE,ade,ade_01971,non_ade,mentions_medication_or_drug,0
ADE,ade,ade_01971,non_ade,mentions_dose_or_frequency,0
ADE,ade,ade_01971,non_ade,mentions_drug_discontinuation,0
ADE,ade,ade_01971,non_ade,mentions_drug_interaction,0
ADE,ade,ade_01971,non_ade,mentions_symptom_or_condition,1
ADE,ade,ade_01971,non_ade,mentions_adverse_reaction,1
ADE,ade,ade_01971,non_ade,mentions_severity,0
ADE,ade,ade_01971,non_ade,mentions_lab_or_diagnostic_abnormality,0
ADE,ade,ade_01971,non_ade,links_event_to_medication,1
ADE,ade,ade_01971,non_ade,mentions_temporal_after_use,1
ADE,ade,ade_01971,non_ade,mentions_rechallenge_or_recovery,0
ADE,ade,ade_01971,non_ade,mentions_onset_or_duration,0
ADE,ade,ade_01971,non_ade,contains_negation_no_event,0
ADE,ade,ade_01971,non_ade,contains_uncertainty_or_possible,0
ADE,ade,ade_01971,non_ade,states_alternative_cause,0
ADE,ade,ade_01971,non_ade,reports_no_drug_link,0
ADE,ade,ade_01971,non_ade,mentions_study_or_trial_context,0
ADE,ade,ade_01971,non_ade,mentions_expected_therapeutic_effect,0
ADE,ade,ade_01971,non_ade,describes_indication_or_background,0
ADE,ade,ade_01971,non_ade,discusses_general_pharmacology,0
ADE,ade,ade_00376,ade,mentions_medication_or_drug,1
ADE,ade,ade_00376,ade,mentions_dose_or_frequency,0
ADE,ade,ade_00376,ade,mentions_drug_discontinuation,0
ADE,ade,ade_00376,ade,mentions_drug_interaction,0
ADE,ade,ade_00376,ade,mentions_symptom_or_condition,1
ADE,ade,ade_00376,ade,mentions_adverse_reaction,1
ADE,ade,ade_00376,ade,mentions_severity,0
ADE,ade,ade_00376,ade,mentions_lab_or_diagnostic_abnormality,0
ADE,ade,ade_00376,ade,links_event_to_medication,1
ADE,ade,ade_00376,ade,mentions_temporal_after_use,1
ADE,ade,ade_00376,ade,mentions_rechallenge_or_recovery,0
ADE,ade,ade_00376,ade,mentions_onset_or_duration,0
ADE,ade,ade_00376,ade,contains_negation_no_event,0
ADE,ade,ade_00376,ade,contains_uncertainty_or_possible,0
ADE,ade,ade_00376,ade,states_alternative_cause,0
ADE,ade,ade_00376,ade,reports_no_drug_link,0
ADE,ade,ade_00376,ade,mentions_study_or_trial_context,0
ADE,ade,ade_00376,ade,mentions_expected_therapeutic_effect,0
ADE,ade,ade_00376,ade,describes_indication_or_background,1
ADE,ade,ade_00376,ade,discusses_general_pharmacology,0
ADE,ade,ade_01867,non_ade,mentions_medication_or_drug,1
ADE,ade,ade_01867,non_ade,mentions_dose_or_frequency,0
ADE,ade,ade_01867,non_ade,mentions_drug_discontinuation,0
ADE,ade,ade_01867,non_ade,mentions_drug_interaction,0
ADE,ade,ade_01867,non_ade,mentions_symptom_or_condition,1
ADE,ade,ade_01867,non_ade,mentions_adverse_reaction,1
ADE,ade,ade_01867,non_ade,mentions_severity,0
ADE,ade,ade_01867,non_ade,mentions_lab_or_diagnostic_abnormality,1
ADE,ade,ade_01867,non_ade,links_event_to_medication,1
ADE,ade,ade_01867,non_ade,mentions_temporal_after_use,0
ADE,ade,ade_01867,non_ade,mentions_rechallenge_or_recovery,0
ADE,ade,ade_01867,non_ade,mentions_onset_or_duration,0
ADE,ade,ade_01867,non_ade,contains_negation_no_event,0
ADE,ade,ade_01867,non_ade,contains_uncertainty_or_possible,0
ADE,ade,ade_01867,non_ade,states_alternative_cause,0
ADE,ade,ade_01867,non_ade,reports_no_drug_link,0
ADE,ade,ade_01867,non_ade,mentions_study_or_trial_context,1
ADE,ade,ade_01867,non_ade,mentions_expected_therapeutic_effect,0
ADE,ade,ade_01867,non_ade,describes_indication_or_background,1
ADE,ade,ade_01867,non_ade,discusses_general_pharmacology,0
ADE,ade,ade_03858,ade,mentions_medication_or_drug,1
ADE,ade,ade_03858,ade,mentions_dose_or_frequency,0
ADE,ade,ade_03858,ade,mentions_drug_discontinuation,0
ADE,ade,ade_03858,ade,mentions_drug_interaction,0
ADE,ade,ade_03858,ade,mentions_symptom_or_condition,1
ADE,ade,ade_03858,ade,mentions_adverse_reaction,1
ADE,ade,ade_03858,ade,mentions_severity,0
ADE,ade,ade_03858,ade,mentions_lab_or_diagnostic_abnormality,0
ADE,ade,ade_03858,ade,links_event_to_medication,1
ADE,ade,ade_03858,ade,mentions_temporal_after_use,0
ADE,ade,ade_03858,ade,mentions_rechallenge_or_recovery,0
ADE,ade,ade_03858,ade,mentions_onset_or_duration,0
ADE,ade,ade_03858,ade,contains_negation_no_event,0
ADE,ade,ade_03858,ade,contains_uncertainty_or_possible,1
ADE,ade,ade_03858,ade,states_alternative_cause,0
ADE,ade,ade_03858,ade,reports_no_drug_link,0
ADE,ade,ade_03858,ade,mentions_study_or_trial_context,0
ADE,ade,ade_03858,ade,mentions_expected_therapeutic_effect,0
ADE,ade,ade_03858,ade,describes_indication_or_background,0
ADE,ade,ade_03858,ade,discusses_general_pharmacology,0
ADE,ade,ade_04588,non_ade,mentions_medication_or_drug,0
ADE,ade,ade_04588,non_ade,mentions_dose_or_frequency,0
ADE,ade,ade_04588,non_ade,mentions_drug_discontinuation,0
ADE,ade,ade_04588,non_ade,mentions_drug_interaction,0
ADE,ade,ade_04588,non_ade,mentions_symptom_or_condition,1
ADE,ade,ade_04588,non_ade,mentions_adverse_reaction,1
ADE,ade,ade_04588,non_ade,mentions_severity,0
ADE,ade,ade_04588,non_ade,mentions_lab_or_diagnostic_abnormality,0
ADE,ade,ade_04588,non_ade,links_event_to_medication,0
ADE,ade,ade_04588,non_ade,mentions_temporal_after_use,0
ADE,ade,ade_04588,non_ade,mentions_rechallenge_or_recovery,0
ADE,ade,ade_04588,non_ade,mentions_onset_or_duration,0
ADE,ade,ade_04588,non_ade,contains_negation_no_event,0
ADE,ade,ade_04588,non_ade,contains_uncertainty_or_possible,0
ADE,ade,ade_04588,non_ade,states_alternative_cause,0
ADE,ade,ade_04588,non_ade,reports_no_drug_link,0
ADE,ade,ade_04588,non_ade,mentions_study_or_trial_context,0
ADE,ade,ade_04588,non_ade,mentions_expected_therapeutic_effect,0
ADE,ade,ade_04588,non_ade,describes_indication_or_background,0
ADE,ade,ade_04588,non_ade,discusses_general_pharmacology,0
ADE,ade,ade_00877,ade,mentions_medication_or_drug,1
ADE,ade,ade_00877,ade,mentions_dose_or_frequency,0
ADE,ade,ade_00877,ade,mentions_drug_discontinuation,1
ADE,ade,ade_00877,ade,mentions_drug_interaction,0
ADE,ade,ade_00877,ade,mentions_symptom_or_condition,1
ADE,ade,ade_00877,ade,mentions_adverse_reaction,1
ADE,ade,ade_00877,ade,mentions_severity,0
ADE,ade,ade_00877,ade,mentions_lab_or_diagnostic_abnormality,0
ADE,ade,ade_00877,ade,links_event_to_medication,1
ADE,ade,ade_00877,ade,mentions_temporal_after_use,1
ADE,ade,ade_00877,ade,mentions_rechallenge_or_recovery,1
ADE,ade,ade_00877,ade,mentions_onset_or_duration,0
ADE,ade,ade_00877,ade,contains_negation_no_event,0
ADE,ade,ade_00877,ade,contains_uncertainty_or_possible,0
ADE,ade,ade_00877,ade,states_alternative_cause,0
ADE,ade,ade_00877,ade,reports_no_drug_link,0
ADE,ade,ade_00877,ade,mentions_study_or_trial_context,0
ADE,ade,ade_00877,ade,mentions_expected_therapeutic_effect,0
ADE,ade,ade_00877,ade,describes_indication_or_background,0
ADE,ade,ade_00877,ade,discusses_general_pharmacology,0
ADE,ade,ade_04746,ade,mentions_medication_or_drug,1
ADE,ade,ade_04746,ade,mentions_dose_or_frequency,0
ADE,ade,ade_04746,ade,mentions_drug_discontinuation,0
ADE,ade,ade_04746,ade,mentions_drug_interaction,0
ADE,ade,ade_04746,ade,mentions_symptom_or_condition,1
ADE,ade,ade_04746,ade,mentions_adverse_reaction,1
ADE,ade,ade_04746,ade,mentions_severity,0
ADE,ade,ade_04746,ade,mentions_lab_or_diagnostic_abnormality,0
ADE,ade,ade_04746,ade,links_event_to_medication,1
ADE,ade,ade_04746,ade,mentions_temporal_after_use,0
ADE,ade,ade_04746,ade,mentions_rechallenge_or_recovery,0
ADE,ade,ade_04746,ade,mentions_onset_or_duration,0
ADE,ade,ade_04746,ade,contains_negation_no_event,0
ADE,ade,ade_04746,ade,contains_uncertainty_or_possible,0
ADE,ade,ade_04746,ade,states_alternative_cause,0
ADE,ade,ade_04746,ade,reports_no_drug_link,0
ADE,ade,ade_04746,ade,mentions_study_or_trial_context,0
ADE,ade,ade_04746,ade,mentions_expected_therapeutic_effect,0
ADE,ade,ade_04746,ade,describes_indication_or_background,1
ADE,ade,ade_04746,ade,discusses_general_pharmacology,0
ADE,ade,ade_00655,ade,mentions_medication_or_drug,1
ADE,ade,ade_00655,ade,mentions_dose_or_frequency,0
ADE,ade,ade_00655,ade,mentions_drug_discontinuation,0
ADE,ade,ade_00655,ade,mentions_drug_interaction,0
ADE,ade,ade_00655,ade,mentions_symptom_or_condition,1
ADE,ade,ade_00655,ade,mentions_adverse_reaction,1
ADE,ade,ade_00655,ade,mentions_severity,0
ADE,ade,ade_00655,ade,mentions_lab_or_diagnostic_abnormality,0
ADE,ade,ade_00655,ade,links_event_to_medication,1
ADE,ade,ade_00655,ade,mentions_temporal_after_use,0
ADE,ade,ade_00655,ade,mentions_rechallenge_or_recovery,0
ADE,ade,ade_00655,ade,mentions_onset_or_duration,0
ADE,ade,ade_00655,ade,contains_negation_no_event,0
ADE,ade,ade_00655,ade,contains_uncertainty_or_possible,0
ADE,ade,ade_00655,ade,states_alternative_cause,0
ADE,ade,ade_00655,ade,reports_no_drug_link,0
ADE,ade,ade_00655,ade,mentions_study_or_trial_context,0
ADE,ade,ade_00655,ade,mentions_expected_therapeutic_effect,0
ADE,ade,ade_00655,ade,describes_indication_or_background,0
ADE,ade,ade_00655,ade,discusses_general_pharmacology,0
ADE,ade,ade_02469,non_ade,mentions_medication_or_drug,0
ADE,ade,ade_02469,non_ade,mentions_dose_or_frequency,0
ADE,ade,ade_02469,non_ade,mentions_drug_discontinuation,0
ADE,ade,ade_02469,non_ade,mentions_drug_interaction,0
ADE,ade,ade_02469,non_ade,mentions_symptom_or_condition,0
ADE,ade,ade_02469,non_ade,mentions_adverse_reaction,0
ADE,ade,ade_02469,non_ade,mentions_severity,0
ADE,ade,ade_02469,non_ade,mentions_lab_or_diagnostic_abnormality,0
ADE,ade,ade_02469,non_ade,links_event_to_medication,0
ADE,ade,ade_02469,non_ade,mentions_temporal_after_use,0
ADE,ade,ade_02469,non_ade,mentions_rechallenge_or_recovery,0
ADE,ade,ade_02469,non_ade,mentions_onset_or_duration,0
ADE,ade,ade_02469,non_ade,contains_negation_no_event,0
ADE,ade,ade_02469,non_ade,contains_uncertainty_or_possible,0
ADE,ade,ade_02469,non_ade,states_alternative_cause,0
ADE,ade,ade_02469,non_ade,reports_no_drug_link,0
ADE,ade,ade_02469,non_ade,mentions_study_or_trial_context,0
ADE,ade,ade_02469,non_ade,mentions_expected_therapeutic_effect,0
ADE,ade,ade_02469,non_ade,describes_indication_or_background,0
ADE,ade,ade_02469,non_ade,discusses_general_pharmacology,0
ADE,ade,ade_04768,non_ade,mentions_medication_or_drug,0
ADE,ade,ade_04768,non_ade,mentions_dose_or_frequency,0
ADE,ade,ade_04768,non_ade,mentions_drug_discontinuation,0
ADE,ade,ade_04768,non_ade,mentions_drug_interaction,0
ADE,ade,ade_04768,non_ade,mentions_symptom_or_condition,1
ADE,ade,ade_04768,non_ade,mentions_adverse_reaction,0
ADE,ade,ade_04768,non_ade,mentions_severity,0
ADE,ade,ade_04768,non_ade,mentions_lab_or_diagnostic_abnormality,0
ADE,ade,ade_04768,non_ade,links_event_to_medication,0
ADE,ade,ade_04768,non_ade,mentions_temporal_after_use,0
ADE,ade,ade_04768,non_ade,mentions_rechallenge_or_recovery,0
ADE,ade,ade_04768,non_ade,mentions_onset_or_duration,0
ADE,ade,ade_04768,non_ade,contains_negation_no_event,0
ADE,ade,ade_04768,non_ade,contains_uncertainty_or_possible,0
ADE,ade,ade_04768,non_ade,states_alternative_cause,0
ADE,ade,ade_04768,non_ade,reports_no_drug_link,0
ADE,ade,ade_04768,non_ade,mentions_study_or_trial_context,1
ADE,ade,ade_04768,non_ade,mentions_expected_therapeutic_effect,0
ADE,ade,ade_04768,non_ade,describes_indication_or_background,1
ADE,ade,ade_04768,non_ade,discusses_general_pharmacology,0
ADE,ade,ade_00672,non_ade,mentions_medication_or_drug,0
ADE,ade,ade_00672,non_ade,mentions_dose_or_frequency,0
ADE,ade,ade_00672,non_ade,mentions_drug_discontinuation,0
ADE,ade,ade_00672,non_ade,mentions_drug_interaction,0
ADE,ade,ade_00672,non_ade,mentions_symptom_or_condition,1
ADE,ade,ade_00672,non_ade,mentions_adverse_reaction,0
ADE,ade,ade_00672,non_ade,mentions_severity,0
ADE,ade,ade_00672,non_ade,mentions_lab_or_diagnostic_abnormality,0
ADE,ade,ade_00672,non_ade,links_event_to_medication,0
ADE,ade,ade_00672,non_ade,mentions_temporal_after_use,0
ADE,ade,ade_00672,non_ade,mentions_rechallenge_or_recovery,0
ADE,ade,ade_00672,non_ade,mentions_onset_or_duration,0
ADE,ade,ade_00672,non_ade,contains_negation_no_event,0
ADE,ade,ade_00672,non_ade,contains_uncertainty_or_possible,0
ADE,ade,ade_00672,non_ade,states_alternative_cause,0
ADE,ade,ade_00672,non_ade,reports_no_drug_link,0
ADE,ade,ade_00672,non_ade,mentions_study_or_trial_context,0
ADE,ade,ade_00672,non_ade,mentions_expected_therapeutic_effect,0
ADE,ade,ade_00672,non_ade,describes_indication_or_background,0
ADE,ade,ade_00672,non_ade,discusses_general_pharmacology,0
ADE,ade,ade_00284,ade,mentions_medication_or_drug,1
ADE,ade,ade_00284,ade,mentions_dose_or_frequency,0
ADE,ade,ade_00284,ade,mentions_drug_discontinuation,0
ADE,ade,ade_00284,ade,mentions_drug_interaction,0
ADE,ade,ade_00284,ade,mentions_symptom_or_condition,1
ADE,ade,ade_00284,ade,mentions_adverse_reaction,1
ADE,ade,ade_00284,ade,mentions_severity,0
ADE,ade,ade_00284,ade,mentions_lab_or_diagnostic_abnormality,0
ADE,ade,ade_00284,ade,links_event_to_medication,1
ADE,ade,ade_00284,ade,mentions_temporal_after_use,0
ADE,ade,ade_00284,ade,mentions_rechallenge_or_recovery,0
ADE,ade,ade_00284,ade,mentions_onset_or_duration,0
ADE,ade,ade_00284,ade,contains_negation_no_event,0
ADE,ade,ade_00284,ade,contains_uncertainty_or_possible,0
ADE,ade,ade_00284,ade,states_alternative_cause,0
ADE,ade,ade_00284,ade,reports_no_drug_link,0
ADE,ade,ade_00284,ade,mentions_study_or_trial_context,0
ADE,ade,ade_00284,ade,mentions_expected_therapeutic_effect,0
ADE,ade,ade_00284,ade,describes_indication_or_background,0
ADE,ade,ade_00284,ade,discusses_general_pharmacology,0
ADE,ade,ade_02581,ade,mentions_medication_or_drug,1
ADE,ade,ade_02581,ade,mentions_dose_or_frequency,0
ADE,ade,ade_02581,ade,mentions_drug_discontinuation,0
ADE,ade,ade_02581,ade,mentions_drug_interaction,0
ADE,ade,ade_02581,ade,mentions_symptom_or_condition,1
ADE,ade,ade_02581,ade,mentions_adverse_reaction,1
ADE,ade,ade_02581,ade,mentions_severity,0
ADE,ade,ade_02581,ade,mentions_lab_or_diagnostic_abnormality,0
ADE,ade,ade_02581,ade,links_event_to_medication,1
ADE,ade,ade_02581,ade,mentions_temporal_after_use,0
ADE,ade,ade_02581,ade,mentions_rechallenge_or_recovery,0
ADE,ade,ade_02581,ade,mentions_onset_or_duration,0
ADE,ade,ade_02581,ade,contains_negation_no_event,0
ADE,ade,ade_02581,ade,contains_uncertainty_or_possible,0
ADE,ade,ade_02581,ade,states_alternative_cause,0
ADE,ade,ade_02581,ade,reports_no_drug_link,0
ADE,ade,ade_02581,ade,mentions_study_or_trial_context,0
ADE,ade,ade_02581,ade,mentions_expected_therapeutic_effect,0
ADE,ade,ade_02581,ade,describes_indication_or_background,0
ADE,ade,ade_02581,ade,discusses_general_pharmacology,0
ADE,ade,ade_02110,non_ade,mentions_medication_or_drug,0
ADE,ade,ade_02110,non_ade,mentions_dose_or_frequency,0
ADE,ade,ade_02110,non_ade,mentions_drug_discontinuation,0
ADE,ade,ade_02110,non_ade,mentions_drug_interaction,0
ADE,ade,ade_02110,non_ade,mentions_symptom_or_condition,1
ADE,ade,ade_02110,non_ade,mentions_adverse_reaction,1
ADE,ade,ade_02110,non_ade,mentions_severity,0
ADE,ade,ade_02110,non_ade,mentions_lab_or_diagnostic_abnormality,0
ADE,ade,ade_02110,non_ade,links_event_to_medication,1
ADE,ade,ade_02110,non_ade,mentions_temporal_after_use,1
ADE,ade,ade_02110,non_ade,mentions_rechallenge_or_recovery,0
ADE,ade,ade_02110,non_ade,mentions_onset_or_duration,0
ADE,ade,ade_02110,non_ade,contains_negation_no_event,0
ADE,ade,ade_02110,non_ade,contains_uncertainty_or_possible,1
ADE,ade,ade_02110,non_ade,states_alternative_cause,0
ADE,ade,ade_02110,non_ade,reports_no_drug_link,0
ADE,ade,ade_02110,non_ade,mentions_study_or_trial_context,0
ADE,ade,ade_02110,non_ade,mentions_expected_therapeutic_effect,0
ADE,ade,ade_02110,non_ade,describes_indication_or_background,0
ADE,ade,ade_02110,non_ade,discusses_general_pharmacology,0
ADE,ade,ade_00192,non_ade,mentions_medication_or_drug,0
ADE,ade,ade_00192,non_ade,mentions_dose_or_frequency,0
ADE,ade,ade_00192,non_ade,mentions_drug_discontinuation,0
ADE,ade,ade_00192,non_ade,mentions_drug_interaction,0
ADE,ade,ade_00192,non_ade,mentions_symptom_or_condition,1
ADE,ade,ade_00192,non_ade,mentions_adverse_reaction,1
ADE,ade,ade_00192,non_ade,mentions_severity,1
ADE,ade,ade_00192,non_ade,mentions_lab_or_diagnostic_abnormality,0
ADE,ade,ade_00192,non_ade,links_event_to_medication,0
ADE,ade,ade_00192,non_ade,mentions_temporal_after_use,0
ADE,ade,ade_00192,non_ade,mentions_rechallenge_or_recovery,0
ADE,ade,ade_00192,non_ade,mentions_onset_or_duration,1
ADE,ade,ade_00192,non_ade,contains_negation_no_event,0
ADE,ade,ade_00192,non_ade,contains_uncertainty_or_possible,0
ADE,ade,ade_00192,non_ade,states_alternative_cause,0
ADE,ade,ade_00192,non_ade,reports_no_drug_link,0
ADE,ade,ade_00192,non_ade,mentions_study_or_trial_context,0
ADE,ade,ade_00192,non_ade,mentions_expected_therapeutic_effect,0
ADE,ade,ade_00192,non_ade,describes_indication_or_background,0
ADE,ade,ade_00192,non_ade,discusses_general_pharmacology,0
ADE,ade,ade_04429,non_ade,mentions_medication_or_drug,0
ADE,ade,ade_04429,non_ade,mentions_dose_or_frequency,0
ADE,ade,ade_04429,non_ade,mentions_drug_discontinuation,0
ADE,ade,ade_04429,non_ade,mentions_drug_interaction,0
ADE,ade,ade_04429,non_ade,mentions_symptom_or_condition,1
ADE,ade,ade_04429,non_ade,mentions_adverse_reaction,1
ADE,ade,ade_04429,non_ade,mentions_severity,0
ADE,ade,ade_04429,non_ade,mentions_lab_or_diagnostic_abnormality,1
ADE,ade,ade_04429,non_ade,links_event_to_medication,0
ADE,ade,ade_04429,non_ade,mentions_temporal_after_use,0
ADE,ade,ade_04429,non_ade,mentions_rechallenge_or_recovery,0
ADE,ade,ade_04429,non_ade,mentions_onset_or_duration,1
ADE,ade,ade_04429,non_ade,contains_negation_no_event,0
ADE,ade,ade_04429,non_ade,contains_uncertainty_or_possible,1
ADE,ade,ade_04429,non_ade,states_alternative_cause,0
ADE,ade,ade_04429,non_ade,reports_no_drug_link,0
ADE,ade,ade_04429,non_ade,mentions_study_or_trial_context,0
ADE,ade,ade_04429,non_ade,mentions_expected_therapeutic_effect,0
ADE,ade,ade_04429,non_ade,describes_indication_or_background,0
ADE,ade,ade_04429,non_ade,discusses_general_pharmacology,0
ADE,ade,ade_01868,ade,mentions_medication_or_drug,1
ADE,ade,ade_01868,ade,mentions_dose_or_frequency,0
ADE,ade,ade_01868,ade,mentions_drug_discontinuation,0
ADE,ade,ade_01868,ade,mentions_drug_interaction,0
ADE,ade,ade_01868,ade,mentions_symptom_or_condition,1
ADE,ade,ade_01868,ade,mentions_adverse_reaction,1
ADE,ade,ade_01868,ade,mentions_severity,0
ADE,ade,ade_01868,ade,mentions_lab_or_diagnostic_abnormality,0
ADE,ade,ade_01868,ade,links_event_to_medication,1
ADE,ade,ade_01868,ade,mentions_temporal_after_use,0
ADE,ade,ade_01868,ade,mentions_rechallenge_or_recovery,0
ADE,ade,ade_01868,ade,mentions_onset_or_duration,0
ADE,ade,ade_01868,ade,contains_negation_no_event,0
ADE,ade,ade_01868,ade,contains_uncertainty_or_possible,0
ADE,ade,ade_01868,ade,states_alternative_cause,0
ADE,ade,ade_01868,ade,reports_no_drug_link,0
ADE,ade,ade_01868,ade,mentions_study_or_trial_context,0
ADE,ade,ade_01868,ade,mentions_expected_therapeutic_effect,0
ADE,ade,ade_01868,ade,describes_indication_or_background,0
ADE,ade,ade_01868,ade,discusses_general_pharmacology,0
ADE,ade,ade_01634,ade,mentions_medication_or_drug,1
ADE,ade,ade_01634,ade,mentions_dose_or_frequency,1
ADE,ade,ade_01634,ade,mentions_drug_discontinuation,0
ADE,ade,ade_01634,ade,mentions_drug_interaction,0
ADE,ade,ade_01634,ade,mentions_symptom_or_condition,1
ADE,ade,ade_01634,ade,mentions_adverse_reaction,0
ADE,ade,ade_01634,ade,mentions_severity,0
ADE,ade,ade_01634,ade,mentions_lab_or_diagnostic_abnormality,0
ADE,ade,ade_01634,ade,links_event_to_medication,0
ADE,ade,ade_01634,ade,mentions_temporal_after_use,0
ADE,ade,ade_01634,ade,mentions_rechallenge_or_recovery,0
ADE,ade,ade_01634,ade,mentions_onset_or_duration,0
ADE,ade,ade_01634,ade,contains_negation_no_event,1
ADE,ade,ade_01634,ade,contains_uncertainty_or_possible,0
ADE,ade,ade_01634,ade,states_alternative_cause,0
ADE,ade,ade_01634,ade,reports_no_drug_link,0
ADE,ade,ade_01634,ade,mentions_study_or_trial_context,0
ADE,ade,ade_01634,ade,mentions_expected_therapeutic_effect,0
ADE,ade,ade_01634,ade,describes_indication_or_background,1
ADE,ade,ade_01634,ade,discusses_general_pharmacology,0
ADE,ade,ade_00131,non_ade,mentions_medication_or_drug,0
ADE,ade,ade_00131,non_ade,mentions_dose_or_frequency,0
ADE,ade,ade_00131,non_ade,mentions_drug_discontinuation,0
ADE,ade,ade_00131,non_ade,mentions_drug_interaction,0
ADE,ade,ade_00131,non_ade,mentions_symptom_or_condition,1
ADE,ade,ade_00131,non_ade,mentions_adverse_reaction,0
ADE,ade,ade_00131,non_ade,mentions_severity,0
ADE,ade,ade_00131,non_ade,mentions_lab_or_diagnostic_abnormality,1
ADE,ade,ade_00131,non_ade,links_event_to_medication,0
ADE,ade,ade_00131,non_ade,mentions_temporal_after_use,0
ADE,ade,ade_00131,non_ade,mentions_rechallenge_or_recovery,0
ADE,ade,ade_00131,non_ade,mentions_onset_or_duration,0
ADE,ade,ade_00131,non_ade,contains_negation_no_event,0
ADE,ade,ade_00131,non_ade,contains_uncertainty_or_possible,0
ADE,ade,ade_00131,non_ade,states_alternative_cause,0
ADE,ade,ade_00131,non_ade,reports_no_drug_link,0
ADE,ade,ade_00131,non_ade,mentions_study_or_trial_context,0
ADE,ade,ade_00131,non_ade,mentions_expected_therapeutic_effect,0
ADE,ade,ade_00131,non_ade,describes_indication_or_background,0
ADE,ade,ade_00131,non_ade,discusses_general_pharmacology,0
ADE,ade,ade_02323,non_ade,mentions_medication_or_drug,1
ADE,ade,ade_02323,non_ade,mentions_dose_or_frequency,0
ADE,ade,ade_02323,non_ade,mentions_drug_discontinuation,0
ADE,ade,ade_02323,non_ade,mentions_drug_interaction,0
ADE,ade,ade_02323,non_ade,mentions_symptom_or_condition,1
ADE,ade,ade_02323,non_ade,mentions_adverse_reaction,0
ADE,ade,ade_02323,non_ade,mentions_severity,0
ADE,ade,ade_02323,non_ade,mentions_lab_or_diagnostic_abnormality,0
ADE,ade,ade_02323,non_ade,links_event_to_medication,1
ADE,ade,ade_02323,non_ade,mentions_temporal_after_use,0
ADE,ade,ade_02323,non_ade,mentions_rechallenge_or_recovery,0
ADE,ade,ade_02323,non_ade,mentions_onset_or_duration,0
ADE,ade,ade_02323,non_ade,contains_negation_no_event,0
ADE,ade,ade_02323,non_ade,contains_uncertainty_or_possible,0
ADE,ade,ade_02323,non_ade,states_alternative_cause,0
ADE,ade,ade_02323,non_ade,reports_no_drug_link,0
ADE,ade,ade_02323,non_ade,mentions_study_or_trial_context,0
ADE,ade,ade_02323,non_ade,mentions_expected_therapeutic_effect,1
ADE,ade,ade_02323,non_ade,describes_indication_or_background,0
ADE,ade,ade_02323,non_ade,discusses_general_pharmacology,0
ADE,ade,ade_04192,ade,mentions_medication_or_drug,1
ADE,ade,ade_04192,ade,mentions_dose_or_frequency,1
ADE,ade,ade_04192,ade,mentions_drug_discontinuation,1
ADE,ade,ade_04192,ade,mentions_drug_interaction,0
ADE,ade,ade_04192,ade,mentions_symptom_or_condition,1
ADE,ade,ade_04192,ade,mentions_adverse_reaction,1
ADE,ade,ade_04192,ade,mentions_severity,0
ADE,ade,ade_04192,ade,mentions_lab_or_diagnostic_abnormality,0
ADE,ade,ade_04192,ade,links_event_to_medication,1
ADE,ade,ade_04192,ade,mentions_temporal_after_use,1
ADE,ade,ade_04192,ade,mentions_rechallenge_or_recovery,1
ADE,ade,ade_04192,ade,mentions_onset_or_duration,1
ADE,ade,ade_04192,ade,contains_negation_no_event,0
ADE,ade,ade_04192,ade,contains_uncertainty_or_possible,0
ADE,ade,ade_04192,ade,states_alternative_cause,0
ADE,ade,ade_04192,ade,reports_no_drug_link,0
ADE,ade,ade_04192,ade,mentions_study_or_trial_context,0
ADE,ade,ade_04192,ade,mentions_expected_therapeutic_effect,0
ADE,ade,ade_04192,ade,describes_indication_or_background,0
ADE,ade,ade_04192,ade,discusses_general_pharmacology,0
ADE,ade,ade_01733,ade,mentions_medication_or_drug,1
ADE,ade,ade_01733,ade,mentions_dose_or_frequency,0
ADE,ade,ade_01733,ade,mentions_drug_discontinuation,0
ADE,ade,ade_01733,ade,mentions_drug_interaction,0
ADE,ade,ade_01733,ade,mentions_symptom_or_condition,1
ADE,ade,ade_01733,ade,mentions_adverse_reaction,1
ADE,ade,ade_01733,ade,mentions_severity,0
ADE,ade,ade_01733,ade,mentions_lab_or_diagnostic_abnormality,0
ADE,ade,ade_01733,ade,links_event_to_medication,1
ADE,ade,ade_01733,ade,mentions_temporal_after_use,0
ADE,ade,ade_01733,ade,mentions_rechallenge_or_recovery,0
ADE,ade,ade_01733,ade,mentions_onset_or_duration,0
ADE,ade,ade_01733,ade,contains_negation_no_event,0
ADE,ade,ade_01733,ade,contains_uncertainty_or_possible,0
ADE,ade,ade_01733,ade,states_alternative_cause,0
ADE,ade,ade_01733,ade,reports_no_drug_link,0
ADE,ade,ade_01733,ade,mentions_study_or_trial_context,1
ADE,ade,ade_01733,ade,mentions_expected_therapeutic_effect,0
ADE,ade,ade_01733,ade,describes_indication_or_background,1
ADE,ade,ade_01733,ade,discusses_general_pharmacology,0
ADE,ade,ade_02653,ade,mentions_medication_or_drug,1
ADE,ade,ade_02653,ade,mentions_dose_or_frequency,0
ADE,ade,ade_02653,ade,mentions_drug_discontinuation,0
ADE,ade,ade_02653,ade,mentions_drug_interaction,0
ADE,ade,ade_02653,ade,mentions_symptom_or_condition,1
ADE,ade,ade_02653,ade,mentions_adverse_reaction,1
ADE,ade,ade_02653,ade,mentions_severity,0
ADE,ade,ade_02653,ade,mentions_lab_or_diagnostic_abnormality,0
ADE,ade,ade_02653,ade,links_event_to_medication,1
ADE,ade,ade_02653,ade,mentions_temporal_after_use,0
ADE,ade,ade_02653,ade,mentions_rechallenge_or_recovery,0
ADE,ade,ade_02653,ade,mentions_onset_or_duration,0
ADE,ade,ade_02653,ade,contains_negation_no_event,0
ADE,ade,ade_02653,ade,contains_uncertainty_or_possible,0
ADE,ade,ade_02653,ade,states_alternative_cause,0
ADE,ade,ade_02653,ade,reports_no_drug_link,0
ADE,ade,ade_02653,ade,mentions_study_or_trial_context,0
ADE,ade,ade_02653,ade,mentions_expected_therapeutic_effect,0
ADE,ade,ade_02653,ade,describes_indication_or_background,1
ADE,ade,ade_02653,ade,discusses_general_pharmacology,0
ADE,ade,ade_03167,ade,mentions_medication_or_drug,1
ADE,ade,ade_03167,ade,mentions_dose_or_frequency,0
ADE,ade,ade_03167,ade,mentions_drug_discontinuation,0
ADE,ade,ade_03167,ade,mentions_drug_interaction,0
ADE,ade,ade_03167,ade,mentions_symptom_or_condition,1
ADE,ade,ade_03167,ade,mentions_adverse_reaction,1
ADE,ade,ade_03167,ade,mentions_severity,1
ADE,ade,ade_03167,ade,mentions_lab_or_diagnostic_abnormality,0
ADE,ade,ade_03167,ade,links_event_to_medication,1
ADE,ade,ade_03167,ade,mentions_temporal_after_use,0
ADE,ade,ade_03167,ade,mentions_rechallenge_or_recovery,0
ADE,ade,ade_03167,ade,mentions_onset_or_duration,0
ADE,ade,ade_03167,ade,contains_negation_no_event,0
ADE,ade,ade_03167,ade,contains_uncertainty_or_possible,1
ADE,ade,ade_03167,ade,states_alternative_cause,0
ADE,ade,ade_03167,ade,reports_no_drug_link,0
ADE,ade,ade_03167,ade,mentions_study_or_trial_context,0
ADE,ade,ade_03167,ade,mentions_expected_therapeutic_effect,0
ADE,ade,ade_03167,ade,describes_indication_or_background,0
ADE,ade,ade_03167,ade,discusses_general_pharmacology,0
ADE,ade,ade_00045,ade,mentions_medication_or_drug,1
ADE,ade,ade_00045,ade,mentions_dose_or_frequency,0
ADE,ade,ade_00045,ade,mentions_drug_discontinuation,0
ADE,ade,ade_00045,ade,mentions_drug_interaction,0
ADE,ade,ade_00045,ade,mentions_symptom_or_condition,1
ADE,ade,ade_00045,ade,mentions_adverse_reaction,1
ADE,ade,ade_00045,ade,mentions_severity,0
ADE,ade,ade_00045,ade,mentions_lab_or_diagnostic_abnormality,0
ADE,ade,ade_00045,ade,links_event_to_medication,1
ADE,ade,ade_00045,ade,mentions_temporal_after_use,1
ADE,ade,ade_00045,ade,mentions_rechallenge_or_recovery,0
ADE,ade,ade_00045,ade,mentions_onset_or_duration,0
ADE,ade,ade_00045,ade,contains_negation_no_event,0
ADE,ade,ade_00045,ade,contains_uncertainty_or_possible,0
ADE,ade,ade_00045,ade,states_alternative_cause,0
ADE,ade,ade_00045,ade,reports_no_drug_link,0
ADE,ade,ade_00045,ade,mentions_study_or_trial_context,0
ADE,ade,ade_00045,ade,mentions_expected_therapeutic_effect,1
ADE,ade,ade_00045,ade,describes_indication_or_background,1
ADE,ade,ade_00045,ade,discusses_general_pharmacology,0
ADE,ade,ade_03942,ade,mentions_medication_or_drug,1
ADE,ade,ade_03942,ade,mentions_dose_or_frequency,0
ADE,ade,ade_03942,ade,mentions_drug_discontinuation,0
ADE,ade,ade_03942,ade,mentions_drug_interaction,0
ADE,ade,ade_03942,ade,mentions_symptom_or_condition,1
ADE,ade,ade_03942,ade,mentions_adverse_reaction,1
ADE,ade,ade_03942,ade,mentions_severity,1
ADE,ade,ade_03942,ade,mentions_lab_or_diagnostic_abnormality,0
ADE,ade,ade_03942,ade,links_event_to_medication,1
ADE,ade,ade_03942,ade,mentions_temporal_after_use,1
ADE,ade,ade_03942,ade,mentions_rechallenge_or_recovery,0
ADE,ade,ade_03942,ade,mentions_onset_or_duration,0
ADE,ade,ade_03942,ade,contains_negation_no_event,0
ADE,ade,ade_03942,ade,contains_uncertainty_or_possible,0
ADE,ade,ade_03942,ade,states_alternative_cause,0
ADE,ade,ade_03942,ade,reports_no_drug_link,0
ADE,ade,ade_03942,ade,mentions_study_or_trial_context,0
ADE,ade,ade_03942,ade,mentions_expected_therapeutic_effect,0
ADE,ade,ade_03942,ade,describes_indication_or_background,0
ADE,ade,ade_03942,ade,discusses_general_pharmacology,0
ADE,ade,ade_04736,non_ade,mentions_medication_or_drug,0
ADE,ade,ade_04736,non_ade,mentions_dose_or_frequency,0
ADE,ade,ade_04736,non_ade,mentions_drug_discontinuation,0
ADE,ade,ade_04736,non_ade,mentions_drug_interaction,0
ADE,ade,ade_04736,non_ade,mentions_symptom_or_condition,1
ADE,ade,ade_04736,non_ade,mentions_adverse_reaction,0
ADE,ade,ade_04736,non_ade,mentions_severity,0
ADE,ade,ade_04736,non_ade,mentions_lab_or_diagnostic_abnormality,0
ADE,ade,ade_04736,non_ade,links_event_to_medication,0
ADE,ade,ade_04736,non_ade,mentions_temporal_after_use,0
ADE,ade,ade_04736,non_ade,mentions_rechallenge_or_recovery,0
ADE,ade,ade_04736,non_ade,mentions_onset_or_duration,0
ADE,ade,ade_04736,non_ade,contains_negation_no_event,0
ADE,ade,ade_04736,non_ade,contains_uncertainty_or_possible,0
ADE,ade,ade_04736,non_ade,states_alternative_cause,0
ADE,ade,ade_04736,non_ade,reports_no_drug_link,0
ADE,ade,ade_04736,non_ade,mentions_study_or_trial_context,0
ADE,ade,ade_04736,non_ade,mentions_expected_therapeutic_effect,0
ADE,ade,ade_04736,non_ade,describes_indication_or_background,1
ADE,ade,ade_04736,non_ade,discusses_general_pharmacology,0
ADE,ade,ade_00960,non_ade,mentions_medication_or_drug,0
ADE,ade,ade_00960,non_ade,mentions_dose_or_frequency,0
ADE,ade,ade_00960,non_ade,mentions_drug_discontinuation,0
ADE,ade,ade_00960,non_ade,mentions_drug_interaction,0
ADE,ade,ade_00960,non_ade,mentions_symptom_or_condition,1
ADE,ade,ade_00960,non_ade,mentions_adverse_reaction,0
ADE,ade,ade_00960,non_ade,mentions_severity,0
ADE,ade,ade_00960,non_ade,mentions_lab_or_diagnostic_abnormality,1
ADE,ade,ade_00960,non_ade,links_event_to_medication,0
ADE,ade,ade_00960,non_ade,mentions_temporal_after_use,0
ADE,ade,ade_00960,non_ade,mentions_rechallenge_or_recovery,0
ADE,ade,ade_00960,non_ade,mentions_onset_or_duration,0
ADE,ade,ade_00960,non_ade,contains_negation_no_event,0
ADE,ade,ade_00960,non_ade,contains_uncertainty_or_possible,0
ADE,ade,ade_00960,non_ade,states_alternative_cause,0
ADE,ade,ade_00960,non_ade,reports_no_drug_link,0
ADE,ade,ade_00960,non_ade,mentions_study_or_trial_context,0
ADE,ade,ade_00960,non_ade,mentions_expected_therapeutic_effect,0
ADE,ade,ade_00960,non_ade,describes_indication_or_background,1
ADE,ade,ade_00960,non_ade,discusses_general_pharmacology,0
ADE,ade,ade_00384,non_ade,mentions_medication_or_drug,0
ADE,ade,ade_00384,non_ade,mentions_dose_or_frequency,0
ADE,ade,ade_00384,non_ade,mentions_drug_discontinuation,0
ADE,ade,ade_00384,non_ade,mentions_drug_interaction,0
ADE,ade,ade_00384,non_ade,mentions_symptom_or_condition,1
ADE,ade,ade_00384,non_ade,mentions_adverse_reaction,0
ADE,ade,ade_00384,non_ade,mentions_severity,1
ADE,ade,ade_00384,non_ade,mentions_lab_or_diagnostic_abnormality,0
ADE,ade,ade_00384,non_ade,links_event_to_medication,0
ADE,ade,ade_00384,non_ade,mentions_temporal_after_use,0
ADE,ade,ade_00384,non_ade,mentions_rechallenge_or_recovery,0
ADE,ade,ade_00384,non_ade,mentions_onset_or_duration,0
ADE,ade,ade_00384,non_ade,contains_negation_no_event,0
ADE,ade,ade_00384,non_ade,contains_uncertainty_or_possible,0
ADE,ade,ade_00384,non_ade,states_alternative_cause,0
ADE,ade,ade_00384,non_ade,reports_no_drug_link,0
ADE,ade,ade_00384,non_ade,mentions_study_or_trial_context,0
ADE,ade,ade_00384,non_ade,mentions_expected_therapeutic_effect,0
ADE,ade,ade_00384,non_ade,describes_indication_or_background,1
ADE,ade,ade_00384,non_ade,discusses_general_pharmacology,0
ADE,ade,ade_01183,non_ade,mentions_medication_or_drug,1
ADE,ade,ade_01183,non_ade,mentions_dose_or_frequency,0
ADE,ade,ade_01183,non_ade,mentions_drug_discontinuation,0
ADE,ade,ade_01183,non_ade,mentions_drug_interaction,0
ADE,ade,ade_01183,non_ade,mentions_symptom_or_condition,0
ADE,ade,ade_01183,non_ade,mentions_adverse_reaction,0
ADE,ade,ade_01183,non_ade,mentions_severity,0
ADE,ade,ade_01183,non_ade,mentions_lab_or_diagnostic_abnormality,0
ADE,ade,ade_01183,non_ade,links_event_to_medication,0
ADE,ade,ade_01183,non_ade,mentions_temporal_after_use,0
ADE,ade,ade_01183,non_ade,mentions_rechallenge_or_recovery,0
ADE,ade,ade_01183,non_ade,mentions_onset_or_duration,0
ADE,ade,ade_01183,non_ade,contains_negation_no_event,0
ADE,ade,ade_01183,non_ade,contains_uncertainty_or_possible,0
ADE,ade,ade_01183,non_ade,states_alternative_cause,0
ADE,ade,ade_01183,non_ade,reports_no_drug_link,0
ADE,ade,ade_01183,non_ade,mentions_study_or_trial_context,0
ADE,ade,ade_01183,non_ade,mentions_expected_therapeutic_effect,0
ADE,ade,ade_01183,non_ade,describes_indication_or_background,0
ADE,ade,ade_01183,non_ade,discusses_general_pharmacology,0
ADE,ade,ade_00752,ade,mentions_medication_or_drug,1
ADE,ade,ade_00752,ade,mentions_dose_or_frequency,0
ADE,ade,ade_00752,ade,mentions_drug_discontinuation,0
ADE,ade,ade_00752,ade,mentions_drug_interaction,0
ADE,ade,ade_00752,ade,mentions_symptom_or_condition,1
ADE,ade,ade_00752,ade,mentions_adverse_reaction,1
ADE,ade,ade_00752,ade,mentions_severity,0
ADE,ade,ade_00752,ade,mentions_lab_or_diagnostic_abnormality,1
ADE,ade,ade_00752,ade,links_event_to_medication,1
ADE,ade,ade_00752,ade,mentions_temporal_after_use,1
ADE,ade,ade_00752,ade,mentions_rechallenge_or_recovery,0
ADE,ade,ade_00752,ade,mentions_onset_or_duration,0
ADE,ade,ade_00752,ade,contains_negation_no_event,0
ADE,ade,ade_00752,ade,contains_uncertainty_or_possible,0
ADE,ade,ade_00752,ade,states_alternative_cause,0
ADE,ade,ade_00752,ade,reports_no_drug_link,0
ADE,ade,ade_00752,ade,mentions_study_or_trial_context,0
ADE,ade,ade_00752,ade,mentions_expected_therapeutic_effect,0
ADE,ade,ade_00752,ade,describes_indication_or_background,0
ADE,ade,ade_00752,ade,discusses_general_pharmacology,0
ADE,ade,ade_00936,ade,mentions_medication_or_drug,1
ADE,ade,ade_00936,ade,mentions_dose_or_frequency,0
ADE,ade,ade_00936,ade,mentions_drug_discontinuation,0
ADE,ade,ade_00936,ade,mentions_drug_interaction,0
ADE,ade,ade_00936,ade,mentions_symptom_or_condition,1
ADE,ade,ade_00936,ade,mentions_adverse_reaction,1
ADE,ade,ade_00936,ade,mentions_severity,0
ADE,ade,ade_00936,ade,mentions_lab_or_diagnostic_abnormality,1
ADE,ade,ade_00936,ade,links_event_to_medication,1
ADE,ade,ade_00936,ade,mentions_temporal_after_use,0
ADE,ade,ade_00936,ade,mentions_rechallenge_or_recovery,0
ADE,ade,ade_00936,ade,mentions_onset_or_duration,0
ADE,ade,ade_00936,ade,contains_negation_no_event,0
ADE,ade,ade_00936,ade,contains_uncertainty_or_possible,0
ADE,ade,ade_00936,ade,states_alternative_cause,0
ADE,ade,ade_00936,ade,reports_no_drug_link,0
ADE,ade,ade_00936,ade,mentions_study_or_trial_context,0
ADE,ade,ade_00936,ade,mentions_expected_therapeutic_effect,0
ADE,ade,ade_00936,ade,describes_indication_or_background,0
ADE,ade,ade_00936,ade,discusses_general_pharmacology,0
ADE,ade,ade_01599,non_ade,mentions_medication_or_drug,1
ADE,ade,ade_01599,non_ade,mentions_dose_or_frequency,1
ADE,ade,ade_01599,non_ade,mentions_drug_discontinuation,0
ADE,ade,ade_01599,non_ade,mentions_drug_interaction,0
ADE,ade,ade_01599,non_ade,mentions_symptom_or_condition,1
ADE,ade,ade_01599,non_ade,mentions_adverse_reaction,1
ADE,ade,ade_01599,non_ade,mentions_severity,0
ADE,ade,ade_01599,non_ade,mentions_lab_or_diagnostic_abnormality,1
ADE,ade,ade_01599,non_ade,links_event_to_medication,1
ADE,ade,ade_01599,non_ade,mentions_temporal_after_use,1
ADE,ade,ade_01599,non_ade,mentions_rechallenge_or_recovery,0
ADE,ade,ade_01599,non_ade,mentions_onset_or_duration,0
ADE,ade,ade_01599,non_ade,contains_negation_no_event,0
ADE,ade,ade_01599,non_ade,contains_uncertainty_or_possible,0
ADE,ade,ade_01599,non_ade,states_alternative_cause,0
ADE,ade,ade_01599,non_ade,reports_no_drug_link,0
ADE,ade,ade_01599,non_ade,mentions_study_or_trial_context,0
ADE,ade,ade_01599,non_ade,mentions_expected_therapeutic_effect,0
ADE,ade,ade_01599,non_ade,describes_indication_or_background,0
ADE,ade,ade_01599,non_ade,discusses_general_pharmacology,0
ADE,ade,ade_01592,non_ade,mentions_medication_or_drug,1
ADE,ade,ade_01592,non_ade,mentions_dose_or_frequency,0
ADE,ade,ade_01592,non_ade,mentions_drug_discontinuation,0
ADE,ade,ade_01592,non_ade,mentions_drug_interaction,0
ADE,ade,ade_01592,non_ade,mentions_symptom_or_condition,1
ADE,ade,ade_01592,non_ade,mentions_adverse_reaction,0
ADE,ade,ade_01592,non_ade,mentions_severity,0
ADE,ade,ade_01592,non_ade,mentions_lab_or_diagnostic_abnormality,0
ADE,ade,ade_01592,non_ade,links_event_to_medication,0
ADE,ade,ade_01592,non_ade,mentions_temporal_after_use,0
ADE,ade,ade_01592,non_ade,mentions_rechallenge_or_recovery,0
ADE,ade,ade_01592,non_ade,mentions_onset_or_duration,0
ADE,ade,ade_01592,non_ade,contains_negation_no_event,0
ADE,ade,ade_01592,non_ade,contains_uncertainty_or_possible,0
ADE,ade,ade_01592,non_ade,states_alternative_cause,0
ADE,ade,ade_01592,non_ade,reports_no_drug_link,0
ADE,ade,ade_01592,non_ade,mentions_study_or_trial_context,0
ADE,ade,ade_01592,non_ade,mentions_expected_therapeutic_effect,1
ADE,ade,ade_01592,non_ade,describes_indication_or_background,1
ADE,ade,ade_01592,non_ade,discusses_general_pharmacology,0
ADE,ade,ade_04198,non_ade,mentions_medication_or_drug,1
ADE,ade,ade_04198,non_ade,mentions_dose_or_frequency,0
ADE,ade,ade_04198,non_ade,mentions_drug_discontinuation,0
ADE,ade,ade_04198,non_ade,mentions_drug_interaction,0
ADE,ade,ade_04198,non_ade,mentions_symptom_or_condition,0
ADE,ade,ade_04198,non_ade,mentions_adverse_reaction,0
ADE,ade,ade_04198,non_ade,mentions_severity,0
ADE,ade,ade_04198,non_ade,mentions_lab_or_diagnostic_abnormality,1
ADE,ade,ade_04198,non_ade,links_event_to_medication,0
ADE,ade,ade_04198,non_ade,mentions_temporal_after_use,0
ADE,ade,ade_04198,non_ade,mentions_rechallenge_or_recovery,0
ADE,ade,ade_04198,non_ade,mentions_onset_or_duration,0
ADE,ade,ade_04198,non_ade,contains_negation_no_event,0
ADE,ade,ade_04198,non_ade,contains_uncertainty_or_possible,0
ADE,ade,ade_04198,non_ade,states_alternative_cause,0
ADE,ade,ade_04198,non_ade,reports_no_drug_link,0
ADE,ade,ade_04198,non_ade,mentions_study_or_trial_context,0
ADE,ade,ade_04198,non_ade,mentions_expected_therapeutic_effect,0
ADE,ade,ade_04198,non_ade,describes_indication_or_background,0
ADE,ade,ade_04198,non_ade,discusses_general_pharmacology,0
ADE,ade,ade_02065,ade,mentions_medication_or_drug,1
ADE,ade,ade_02065,ade,mentions_dose_or_frequency,0
ADE,ade,ade_02065,ade,mentions_drug_discontinuation,0
ADE,ade,ade_02065,ade,mentions_drug_interaction,0
ADE,ade,ade_02065,ade,mentions_symptom_or_condition,1
ADE,ade,ade_02065,ade,mentions_adverse_reaction,1
ADE,ade,ade_02065,ade,mentions_severity,0
ADE,ade,ade_02065,ade,mentions_lab_or_diagnostic_abnormality,0
ADE,ade,ade_02065,ade,links_event_to_medication,1
ADE,ade,ade_02065,ade,mentions_temporal_after_use,1
ADE,ade,ade_02065,ade,mentions_rechallenge_or_recovery,0
ADE,ade,ade_02065,ade,mentions_onset_or_duration,0
ADE,ade,ade_02065,ade,contains_negation_no_event,0
ADE,ade,ade_02065,ade,contains_uncertainty_or_possible,0
ADE,ade,ade_02065,ade,states_alternative_cause,0
ADE,ade,ade_02065,ade,reports_no_drug_link,0
ADE,ade,ade_02065,ade,mentions_study_or_trial_context,0
ADE,ade,ade_02065,ade,mentions_expected_therapeutic_effect,0
ADE,ade,ade_02065,ade,describes_indication_or_background,1
ADE,ade,ade_02065,ade,discusses_general_pharmacology,0
ADE,ade,ade_00913,ade,mentions_medication_or_drug,1
ADE,ade,ade_00913,ade,mentions_dose_or_frequency,0
ADE,ade,ade_00913,ade,mentions_drug_discontinuation,0
ADE,ade,ade_00913,ade,mentions_drug_interaction,0
ADE,ade,ade_00913,ade,mentions_symptom_or_condition,1
ADE,ade,ade_00913,ade,mentions_adverse_reaction,1
ADE,ade,ade_00913,ade,mentions_severity,0
ADE,ade,ade_00913,ade,mentions_lab_or_diagnostic_abnormality,0
ADE,ade,ade_00913,ade,links_event_to_medication,1
ADE,ade,ade_00913,ade,mentions_temporal_after_use,0
ADE,ade,ade_00913,ade,mentions_rechallenge_or_recovery,0
ADE,ade,ade_00913,ade,mentions_onset_or_duration,0
ADE,ade,ade_00913,ade,contains_negation_no_event,0
ADE,ade,ade_00913,ade,contains_uncertainty_or_possible,1
ADE,ade,ade_00913,ade,states_alternative_cause,0
ADE,ade,ade_00913,ade,reports_no_drug_link,0
ADE,ade,ade_00913,ade,mentions_study_or_trial_context,0
ADE,ade,ade_00913,ade,mentions_expected_therapeutic_effect,0
ADE,ade,ade_00913,ade,describes_indication_or_background,0
ADE,ade,ade_00913,ade,discusses_general_pharmacology,0
ADE,ade,ade_00621,non_ade,mentions_medication_or_drug,1
ADE,ade,ade_00621,non_ade,mentions_dose_or_frequency,0
ADE,ade,ade_00621,non_ade,mentions_drug_discontinuation,0
ADE,ade,ade_00621,non_ade,mentions_drug_interaction,0
ADE,ade,ade_00621,non_ade,mentions_symptom_or_condition,1
ADE,ade,ade_00621,non_ade,mentions_adverse_reaction,0
ADE,ade,ade_00621,non_ade,mentions_severity,0
ADE,ade,ade_00621,non_ade,mentions_lab_or_diagnostic_abnormality,0
ADE,ade,ade_00621,non_ade,links_event_to_medication,0
ADE,ade,ade_00621,non_ade,mentions_temporal_after_use,0
ADE,ade,ade_00621,non_ade,mentions_rechallenge_or_recovery,0
ADE,ade,ade_00621,non_ade,mentions_onset_or_duration,0
ADE,ade,ade_00621,non_ade,contains_negation_no_event,0
ADE,ade,ade_00621,non_ade,contains_uncertainty_or_possible,0
ADE,ade,ade_00621,non_ade,states_alternative_cause,0
ADE,ade,ade_00621,non_ade,reports_no_drug_link,0
ADE,ade,ade_00621,non_ade,mentions_study_or_trial_context,0
ADE,ade,ade_00621,non_ade,mentions_expected_therapeutic_effect,1
ADE,ade,ade_00621,non_ade,describes_indication_or_background,1
ADE,ade,ade_00621,non_ade,discusses_general_pharmacology,0
ADE,ade,ade_01503,non_ade,mentions_medication_or_drug,1
ADE,ade,ade_01503,non_ade,mentions_dose_or_frequency,0
ADE,ade,ade_01503,non_ade,mentions_drug_discontinuation,0
ADE,ade,ade_01503,non_ade,mentions_drug_interaction,0
ADE,ade,ade_01503,non_ade,mentions_symptom_or_condition,0
ADE,ade,ade_01503,non_ade,mentions_adverse_reaction,0
ADE,ade,ade_01503,non_ade,mentions_severity,0
ADE,ade,ade_01503,non_ade,mentions_lab_or_diagnostic_abnormality,0
ADE,ade,ade_01503,non_ade,links_event_to_medication,0
ADE,ade,ade_01503,non_ade,mentions_temporal_after_use,0
ADE,ade,ade_01503,non_ade,mentions_rechallenge_or_recovery,0
ADE,ade,ade_01503,non_ade,mentions_onset_or_duration,0
ADE,ade,ade_01503,non_ade,contains_negation_no_event,0
ADE,ade,ade_01503,non_ade,contains_uncertainty_or_possible,0
ADE,ade,ade_01503,non_ade,states_alternative_cause,0
ADE,ade,ade_01503,non_ade,reports_no_drug_link,0
ADE,ade,ade_01503,non_ade,mentions_study_or_trial_context,0
ADE,ade,ade_01503,non_ade,mentions_expected_therapeutic_effect,1
ADE,ade,ade_01503,non_ade,describes_indication_or_background,1
ADE,ade,ade_01503,non_ade,discusses_general_pharmacology,0
ADE,ade,ade_02433,ade,mentions_medication_or_drug,1
ADE,ade,ade_02433,ade,mentions_dose_or_frequency,0
ADE,ade,ade_02433,ade,mentions_drug_discontinuation,0
ADE,ade,ade_02433,ade,mentions_drug_interaction,0
ADE,ade,ade_02433,ade,mentions_symptom_or_condition,1
ADE,ade,ade_02433,ade,mentions_adverse_reaction,1
ADE,ade,ade_02433,ade,mentions_severity,0
ADE,ade,ade_02433,ade,mentions_lab_or_diagnostic_abnormality,0
ADE,ade,ade_02433,ade,links_event_to_medication,1
ADE,ade,ade_02433,ade,mentions_temporal_after_use,0
ADE,ade,ade_02433,ade,mentions_rechallenge_or_recovery,0
ADE,ade,ade_02433,ade,mentions_onset_or_duration,0
ADE,ade,ade_02433,ade,contains_negation_no_event,0
ADE,ade,ade_02433,ade,contains_uncertainty_or_possible,0
ADE,ade,ade_02433,ade,states_alternative_cause,0
ADE,ade,ade_02433,ade,reports_no_drug_link,0
ADE,ade,ade_02433,ade,mentions_study_or_trial_context,0
ADE,ade,ade_02433,ade,mentions_expected_therapeutic_effect,0
ADE,ade,ade_02433,ade,describes_indication_or_background,0
ADE,ade,ade_02433,ade,discusses_general_pharmacology,0
ADE,ade,ade_02084,non_ade,mentions_medication_or_drug,0
ADE,ade,ade_02084,non_ade,mentions_dose_or_frequency,0
ADE,ade,ade_02084,non_ade,mentions_drug_discontinuation,0
ADE,ade,ade_02084,non_ade,mentions_drug_interaction,0
ADE,ade,ade_02084,non_ade,mentions_symptom_or_condition,1
ADE,ade,ade_02084,non_ade,mentions_adverse_reaction,0
ADE,ade,ade_02084,non_ade,mentions_severity,0
ADE,ade,ade_02084,non_ade,mentions_lab_or_diagnostic_abnormality,1
ADE,ade,ade_02084,non_ade,links_event_to_medication,0
ADE,ade,ade_02084,non_ade,mentions_temporal_after_use,0
ADE,ade,ade_02084,non_ade,mentions_rechallenge_or_recovery,0
ADE,ade,ade_02084,non_ade,mentions_onset_or_duration,0
ADE,ade,ade_02084,non_ade,contains_negation_no_event,0
ADE,ade,ade_02084,non_ade,contains_uncertainty_or_possible,0
ADE,ade,ade_02084,non_ade,states_alternative_cause,0
ADE,ade,ade_02084,non_ade,reports_no_drug_link,0
ADE,ade,ade_02084,non_ade,mentions_study_or_trial_context,0
ADE,ade,ade_02084,non_ade,mentions_expected_therapeutic_effect,0
ADE,ade,ade_02084,non_ade,describes_indication_or_background,0
ADE,ade,ade_02084,non_ade,discusses_general_pharmacology,0
ADE,ade,ade_03598,ade,mentions_medication_or_drug,1
ADE,ade,ade_03598,ade,mentions_dose_or_frequency,0
ADE,ade,ade_03598,ade,mentions_drug_discontinuation,0
ADE,ade,ade_03598,ade,mentions_drug_interaction,0
ADE,ade,ade_03598,ade,mentions_symptom_or_condition,1
ADE,ade,ade_03598,ade,mentions_adverse_reaction,1
ADE,ade,ade_03598,ade,mentions_severity,0
ADE,ade,ade_03598,ade,mentions_lab_or_diagnostic_abnormality,1
ADE,ade,ade_03598,ade,links_event_to_medication,1
ADE,ade,ade_03598,ade,mentions_temporal_after_use,1
ADE,ade,ade_03598,ade,mentions_rechallenge_or_recovery,0
ADE,ade,ade_03598,ade,mentions_onset_or_duration,1
ADE,ade,ade_03598,ade,contains_negation_no_event,0
ADE,ade,ade_03598,ade,contains_uncertainty_or_possible,0
ADE,ade,ade_03598,ade,states_alternative_cause,0
ADE,ade,ade_03598,ade,reports_no_drug_link,0
ADE,ade,ade_03598,ade,mentions_study_or_trial_context,0
ADE,ade,ade_03598,ade,mentions_expected_therapeutic_effect,0
ADE,ade,ade_03598,ade,describes_indication_or_background,1
ADE,ade,ade_03598,ade,discusses_general_pharmacology,0
ADE,ade,ade_04692,ade,mentions_medication_or_drug,1
ADE,ade,ade_04692,ade,mentions_dose_or_frequency,0
ADE,ade,ade_04692,ade,mentions_drug_discontinuation,0
ADE,ade,ade_04692,ade,mentions_drug_interaction,0
ADE,ade,ade_04692,ade,mentions_symptom_or_condition,1
ADE,ade,ade_04692,ade,mentions_adverse_reaction,1
ADE,ade,ade_04692,ade,mentions_severity,0
ADE,ade,ade_04692,ade,mentions_lab_or_diagnostic_abnormality,0
ADE,ade,ade_04692,ade,links_event_to_medication,1
ADE,ade,ade_04692,ade,mentions_temporal_after_use,1
ADE,ade,ade_04692,ade,mentions_rechallenge_or_recovery,0
ADE,ade,ade_04692,ade,mentions_onset_or_duration,1
ADE,ade,ade_04692,ade,contains_negation_no_event,0
ADE,ade,ade_04692,ade,contains_uncertainty_or_possible,0
ADE,ade,ade_04692,ade,states_alternative_cause,0
ADE,ade,ade_04692,ade,reports_no_drug_link,0
ADE,ade,ade_04692,ade,mentions_study_or_trial_context,0
ADE,ade,ade_04692,ade,mentions_expected_therapeutic_effect,0
ADE,ade,ade_04692,ade,describes_indication_or_background,0
ADE,ade,ade_04692,ade,discusses_general_pharmacology,0
ADE,ade,ade_00102,ade,mentions_medication_or_drug,1
ADE,ade,ade_00102,ade,mentions_dose_or_frequency,0
ADE,ade,ade_00102,ade,mentions_drug_discontinuation,0
ADE,ade,ade_00102,ade,mentions_drug_interaction,0
ADE,ade,ade_00102,ade,mentions_symptom_or_condition,1
ADE,ade,ade_00102,ade,mentions_adverse_reaction,1
ADE,ade,ade_00102,ade,mentions_severity,1
ADE,ade,ade_00102,ade,mentions_lab_or_diagnostic_abnormality,0
ADE,ade,ade_00102,ade,links_event_to_medication,1
ADE,ade,ade_00102,ade,mentions_temporal_after_use,1
ADE,ade,ade_00102,ade,mentions_rechallenge_or_recovery,0
ADE,ade,ade_00102,ade,mentions_onset_or_duration,0
ADE,ade,ade_00102,ade,contains_negation_no_event,0
ADE,ade,ade_00102,ade,contains_uncertainty_or_possible,0
ADE,ade,ade_00102,ade,states_alternative_cause,0
ADE,ade,ade_00102,ade,reports_no_drug_link,0
ADE,ade,ade_00102,ade,mentions_study_or_trial_context,0
ADE,ade,ade_00102,ade,mentions_expected_therapeutic_effect,0
ADE,ade,ade_00102,ade,describes_indication_or_background,1
ADE,ade,ade_00102,ade,discusses_general_pharmacology,0
ADE,ade,ade_02678,non_ade,mentions_medication_or_drug,1
ADE,ade,ade_02678,non_ade,mentions_dose_or_frequency,0
ADE,ade,ade_02678,non_ade,mentions_drug_discontinuation,0
ADE,ade,ade_02678,non_ade,mentions_drug_interaction,0
ADE,ade,ade_02678,non_ade,mentions_symptom_or_condition,1
ADE,ade,ade_02678,non_ade,mentions_adverse_reaction,1
ADE,ade,ade_02678,non_ade,mentions_severity,0
ADE,ade,ade_02678,non_ade,mentions_lab_or_diagnostic_abnormality,0
ADE,ade,ade_02678,non_ade,links_event_to_medication,1
ADE,ade,ade_02678,non_ade,mentions_temporal_after_use,1
ADE,ade,ade_02678,non_ade,mentions_rechallenge_or_recovery,0
ADE,ade,ade_02678,non_ade,mentions_onset_or_duration,0
ADE,ade,ade_02678,non_ade,contains_negation_no_event,0
ADE,ade,ade_02678,non_ade,contains_uncertainty_or_possible,0
ADE,ade,ade_02678,non_ade,states_alternative_cause,0
ADE,ade,ade_02678,non_ade,reports_no_drug_link,0
ADE,ade,ade_02678,non_ade,mentions_study_or_trial_context,0
ADE,ade,ade_02678,non_ade,mentions_expected_therapeutic_effect,0
ADE,ade,ade_02678,non_ade,describes_indication_or_background,1
ADE,ade,ade_02678,non_ade,discusses_general_pharmacology,0
ADE,ade,ade_01942,non_ade,mentions_medication_or_drug,1
ADE,ade,ade_01942,non_ade,mentions_dose_or_frequency,1
ADE,ade,ade_01942,non_ade,mentions_drug_discontinuation,0
ADE,ade,ade_01942,non_ade,mentions_drug_interaction,0
ADE,ade,ade_01942,non_ade,mentions_symptom_or_condition,0
ADE,ade,ade_01942,non_ade,mentions_adverse_reaction,0
ADE,ade,ade_01942,non_ade,mentions_severity,0
ADE,ade,ade_01942,non_ade,mentions_lab_or_diagnostic_abnormality,0
ADE,ade,ade_01942,non_ade,links_event_to_medication,0
ADE,ade,ade_01942,non_ade,mentions_temporal_after_use,0
ADE,ade,ade_01942,non_ade,mentions_rechallenge_or_recovery,0
ADE,ade,ade_01942,non_ade,mentions_onset_or_duration,0
ADE,ade,ade_01942,non_ade,contains_negation_no_event,0
ADE,ade,ade_01942,non_ade,contains_uncertainty_or_possible,0
ADE,ade,ade_01942,non_ade,states_alternative_cause,0
ADE,ade,ade_01942,non_ade,reports_no_drug_link,0
ADE,ade,ade_01942,non_ade,mentions_study_or_trial_context,0
ADE,ade,ade_01942,non_ade,mentions_expected_therapeutic_effect,0
ADE,ade,ade_01942,non_ade,describes_indication_or_background,0
ADE,ade,ade_01942,non_ade,discusses_general_pharmacology,0
ADE,ade,ade_01342,non_ade,mentions_medication_or_drug,1
ADE,ade,ade_01342,non_ade,mentions_dose_or_frequency,0
ADE,ade,ade_01342,non_ade,mentions_drug_discontinuation,0
ADE,ade,ade_01342,non_ade,mentions_drug_interaction,0
ADE,ade,ade_01342,non_ade,mentions_symptom_or_condition,1
ADE,ade,ade_01342,non_ade,mentions_adverse_reaction,1
ADE,ade,ade_01342,non_ade,mentions_severity,0
ADE,ade,ade_01342,non_ade,mentions_lab_or_diagnostic_abnormality,1
ADE,ade,ade_01342,non_ade,links_event_to_medication,1
ADE,ade,ade_01342,non_ade,mentions_temporal_after_use,0
ADE,ade,ade_01342,non_ade,mentions_rechallenge_or_recovery,0
ADE,ade,ade_01342,non_ade,mentions_onset_or_duration,0
ADE,ade,ade_01342,non_ade,contains_negation_no_event,0
ADE,ade,ade_01342,non_ade,contains_uncertainty_or_possible,0
ADE,ade,ade_01342,non_ade,states_alternative_cause,0
ADE,ade,ade_01342,non_ade,reports_no_drug_link,0
ADE,ade,ade_01342,non_ade,mentions_study_or_trial_context,0
ADE,ade,ade_01342,non_ade,mentions_expected_therapeutic_effect,0
ADE,ade,ade_01342,non_ade,describes_indication_or_background,0
ADE,ade,ade_01342,non_ade,discusses_general_pharmacology,0
ADE,ade,ade_00122,non_ade,mentions_medication_or_drug,1
ADE,ade,ade_00122,non_ade,mentions_dose_or_frequency,1
ADE,ade,ade_00122,non_ade,mentions_drug_discontinuation,1
ADE,ade,ade_00122,non_ade,mentions_drug_interaction,0
ADE,ade,ade_00122,non_ade,mentions_symptom_or_condition,0
ADE,ade,ade_00122,non_ade,mentions_adverse_reaction,0
ADE,ade,ade_00122,non_ade,mentions_severity,0
ADE,ade,ade_00122,non_ade,mentions_lab_or_diagnostic_abnormality,0
ADE,ade,ade_00122,non_ade,links_event_to_medication,0
ADE,ade,ade_00122,non_ade,mentions_temporal_after_use,0
ADE,ade,ade_00122,non_ade,mentions_rechallenge_or_recovery,0
ADE,ade,ade_00122,non_ade,mentions_onset_or_duration,0
ADE,ade,ade_00122,non_ade,contains_negation_no_event,0
ADE,ade,ade_00122,non_ade,contains_uncertainty_or_possible,0
ADE,ade,ade_00122,non_ade,states_alternative_cause,0
ADE,ade,ade_00122,non_ade,reports_no_drug_link,0
ADE,ade,ade_00122,non_ade,mentions_study_or_trial_context,0
ADE,ade,ade_00122,non_ade,mentions_expected_therapeutic_effect,0
ADE,ade,ade_00122,non_ade,describes_indication_or_background,0
ADE,ade,ade_00122,non_ade,discusses_general_pharmacology,0
ADE,ade,ade_02178,ade,mentions_medication_or_drug,1
ADE,ade,ade_02178,ade,mentions_dose_or_frequency,0
ADE,ade,ade_02178,ade,mentions_drug_discontinuation,0
ADE,ade,ade_02178,ade,mentions_drug_interaction,0
ADE,ade,ade_02178,ade,mentions_symptom_or_condition,1
ADE,ade,ade_02178,ade,mentions_adverse_reaction,1
ADE,ade,ade_02178,ade,mentions_severity,1
ADE,ade,ade_02178,ade,mentions_lab_or_diagnostic_abnormality,0
ADE,ade,ade_02178,ade,links_event_to_medication,1
ADE,ade,ade_02178,ade,mentions_temporal_after_use,0
ADE,ade,ade_02178,ade,mentions_rechallenge_or_recovery,0
ADE,ade,ade_02178,ade,mentions_onset_or_duration,0
ADE,ade,ade_02178,ade,contains_negation_no_event,0
ADE,ade,ade_02178,ade,contains_uncertainty_or_possible,0
ADE,ade,ade_02178,ade,states_alternative_cause,0
ADE,ade,ade_02178,ade,reports_no_drug_link,0
ADE,ade,ade_02178,ade,mentions_study_or_trial_context,0
ADE,ade,ade_02178,ade,mentions_expected_therapeutic_effect,0
ADE,ade,ade_02178,ade,describes_indication_or_background,0
ADE,ade,ade_02178,ade,discusses_general_pharmacology,0
ADE,ade,ade_01679,ade,mentions_medication_or_drug,1
ADE,ade,ade_01679,ade,mentions_dose_or_frequency,0
ADE,ade,ade_01679,ade,mentions_drug_discontinuation,0
ADE,ade,ade_01679,ade,mentions_drug_interaction,0
ADE,ade,ade_01679,ade,mentions_symptom_or_condition,1
ADE,ade,ade_01679,ade,mentions_adverse_reaction,1
ADE,ade,ade_01679,ade,mentions_severity,1
ADE,ade,ade_01679,ade,mentions_lab_or_diagnostic_abnormality,0
ADE,ade,ade_01679,ade,links_event_to_medication,1
ADE,ade,ade_01679,ade,mentions_temporal_after_use,0
ADE,ade,ade_01679,ade,mentions_rechallenge_or_recovery,0
ADE,ade,ade_01679,ade,mentions_onset_or_duration,0
ADE,ade,ade_01679,ade,contains_negation_no_event,0
ADE,ade,ade_01679,ade,contains_uncertainty_or_possible,0
ADE,ade,ade_01679,ade,states_alternative_cause,0
ADE,ade,ade_01679,ade,reports_no_drug_link,0
ADE,ade,ade_01679,ade,mentions_study_or_trial_context,0
ADE,ade,ade_01679,ade,mentions_expected_therapeutic_effect,0
ADE,ade,ade_01679,ade,describes_indication_or_background,0
ADE,ade,ade_01679,ade,discusses_general_pharmacology,0
ADE,ade,ade_02606,ade,mentions_medication_or_drug,1
ADE,ade,ade_02606,ade,mentions_dose_or_frequency,0
ADE,ade,ade_02606,ade,mentions_drug_discontinuation,0
ADE,ade,ade_02606,ade,mentions_drug_interaction,0
ADE,ade,ade_02606,ade,mentions_symptom_or_condition,1
ADE,ade,ade_02606,ade,mentions_adverse_reaction,1
ADE,ade,ade_02606,ade,mentions_severity,0
ADE,ade,ade_02606,ade,mentions_lab_or_diagnostic_abnormality,0
ADE,ade,ade_02606,ade,links_event_to_medication,1
ADE,ade,ade_02606,ade,mentions_temporal_after_use,0
ADE,ade,ade_02606,ade,mentions_rechallenge_or_recovery,0
ADE,ade,ade_02606,ade,mentions_onset_or_duration,0
ADE,ade,ade_02606,ade,contains_negation_no_event,0
ADE,ade,ade_02606,ade,contains_uncertainty_or_possible,0
ADE,ade,ade_02606,ade,states_alternative_cause,0
ADE,ade,ade_02606,ade,reports_no_drug_link,0
ADE,ade,ade_02606,ade,mentions_study_or_trial_context,0
ADE,ade,ade_02606,ade,mentions_expected_therapeutic_effect,0
ADE,ade,ade_02606,ade,describes_indication_or_background,0
ADE,ade,ade_02606,ade,discusses_general_pharmacology,0
ADE,ade,ade_03436,ade,mentions_medication_or_drug,1
ADE,ade,ade_03436,ade,mentions_dose_or_frequency,0
ADE,ade,ade_03436,ade,mentions_drug_discontinuation,0
ADE,ade,ade_03436,ade,mentions_drug_interaction,0
ADE,ade,ade_03436,ade,mentions_symptom_or_condition,1
ADE,ade,ade_03436,ade,mentions_adverse_reaction,1
ADE,ade,ade_03436,ade,mentions_severity,0
ADE,ade,ade_03436,ade,mentions_lab_or_diagnostic_abnormality,0
ADE,ade,ade_03436,ade,links_event_to_medication,1
ADE,ade,ade_03436,ade,mentions_temporal_after_use,1
ADE,ade,ade_03436,ade,mentions_rechallenge_or_recovery,0
ADE,ade,ade_03436,ade,mentions_onset_or_duration,1
ADE,ade,ade_03436,ade,contains_negation_no_event,0
ADE,ade,ade_03436,ade,contains_uncertainty_or_possible,0
ADE,ade,ade_03436,ade,states_alternative_cause,0
ADE,ade,ade_03436,ade,reports_no_drug_link,0
ADE,ade,ade_03436,ade,mentions_study_or_trial_context,0
ADE,ade,ade_03436,ade,mentions_expected_therapeutic_effect,0
ADE,ade,ade_03436,ade,describes_indication_or_background,1
ADE,ade,ade_03436,ade,discusses_general_pharmacology,0
ADE,ade,ade_01577,non_ade,mentions_medication_or_drug,1
ADE,ade,ade_01577,non_ade,mentions_dose_or_frequency,0
ADE,ade,ade_01577,non_ade,mentions_drug_discontinuation,0
ADE,ade,ade_01577,non_ade,mentions_drug_interaction,0
ADE,ade,ade_01577,non_ade,mentions_symptom_or_condition,1
ADE,ade,ade_01577,non_ade,mentions_adverse_reaction,1
ADE,ade,ade_01577,non_ade,mentions_severity,0
ADE,ade,ade_01577,non_ade,mentions_lab_or_diagnostic_abnormality,0
ADE,ade,ade_01577,non_ade,links_event_to_medication,1
ADE,ade,ade_01577,non_ade,mentions_temporal_after_use,0
ADE,ade,ade_01577,non_ade,mentions_rechallenge_or_recovery,0
ADE,ade,ade_01577,non_ade,mentions_onset_or_duration,0
ADE,ade,ade_01577,non_ade,contains_negation_no_event,0
ADE,ade,ade_01577,non_ade,contains_uncertainty_or_possible,0
ADE,ade,ade_01577,non_ade,states_alternative_cause,0
ADE,ade,ade_01577,non_ade,reports_no_drug_link,0
ADE,ade,ade_01577,non_ade,mentions_study_or_trial_context,1
ADE,ade,ade_01577,non_ade,mentions_expected_therapeutic_effect,0
ADE,ade,ade_01577,non_ade,describes_indication_or_background,0
ADE,ade,ade_01577,non_ade,discusses_general_pharmacology,0
ADE,ade,ade_02901,non_ade,mentions_medication_or_drug,1
ADE,ade,ade_02901,non_ade,mentions_dose_or_frequency,0
ADE,ade,ade_02901,non_ade,mentions_drug_discontinuation,0
ADE,ade,ade_02901,non_ade,mentions_drug_interaction,0
ADE,ade,ade_02901,non_ade,mentions_symptom_or_condition,1
ADE,ade,ade_02901,non_ade,mentions_adverse_reaction,1
ADE,ade,ade_02901,non_ade,mentions_severity,0
ADE,ade,ade_02901,non_ade,mentions_lab_or_diagnostic_abnormality,0
ADE,ade,ade_02901,non_ade,links_event_to_medication,1
ADE,ade,ade_02901,non_ade,mentions_temporal_after_use,0
ADE,ade,ade_02901,non_ade,mentions_rechallenge_or_recovery,0
ADE,ade,ade_02901,non_ade,mentions_onset_or_duration,0
ADE,ade,ade_02901,non_ade,contains_negation_no_event,0
ADE,ade,ade_02901,non_ade,contains_uncertainty_or_possible,0
ADE,ade,ade_02901,non_ade,states_alternative_cause,0
ADE,ade,ade_02901,non_ade,reports_no_drug_link,0
ADE,ade,ade_02901,non_ade,mentions_study_or_trial_context,0
ADE,ade,ade_02901,non_ade,mentions_expected_therapeutic_effect,0
ADE,ade,ade_02901,non_ade,describes_indication_or_background,0
ADE,ade,ade_02901,non_ade,discusses_general_pharmacology,0
ADE,ade,ade_02172,ade,mentions_medication_or_drug,1
ADE,ade,ade_02172,ade,mentions_dose_or_frequency,0
ADE,ade,ade_02172,ade,mentions_drug_discontinuation,0
ADE,ade,ade_02172,ade,mentions_drug_interaction,0
ADE,ade,ade_02172,ade,mentions_symptom_or_condition,1
ADE,ade,ade_02172,ade,mentions_adverse_reaction,1
ADE,ade,ade_02172,ade,mentions_severity,0
ADE,ade,ade_02172,ade,mentions_lab_or_diagnostic_abnormality,0
ADE,ade,ade_02172,ade,links_event_to_medication,1
ADE,ade,ade_02172,ade,mentions_temporal_after_use,0
ADE,ade,ade_02172,ade,mentions_rechallenge_or_recovery,0
ADE,ade,ade_02172,ade,mentions_onset_or_duration,0
ADE,ade,ade_02172,ade,contains_negation_no_event,0
ADE,ade,ade_02172,ade,contains_uncertainty_or_possible,0
ADE,ade,ade_02172,ade,states_alternative_cause,0
ADE,ade,ade_02172,ade,reports_no_drug_link,0
ADE,ade,ade_02172,ade,mentions_study_or_trial_context,0
ADE,ade,ade_02172,ade,mentions_expected_therapeutic_effect,0
ADE,ade,ade_02172,ade,describes_indication_or_background,0
ADE,ade,ade_02172,ade,discusses_general_pharmacology,0
ADE,ade,ade_00116,non_ade,mentions_medication_or_drug,0
ADE,ade,ade_00116,non_ade,mentions_dose_or_frequency,0
ADE,ade,ade_00116,non_ade,mentions_drug_discontinuation,0
ADE,ade,ade_00116,non_ade,mentions_drug_interaction,0
ADE,ade,ade_00116,non_ade,mentions_symptom_or_condition,1
ADE,ade,ade_00116,non_ade,mentions_adverse_reaction,1
ADE,ade,ade_00116,non_ade,mentions_severity,0
ADE,ade,ade_00116,non_ade,mentions_lab_or_diagnostic_abnormality,1
ADE,ade,ade_00116,non_ade,links_event_to_medication,0
ADE,ade,ade_00116,non_ade,mentions_temporal_after_use,0
ADE,ade,ade_00116,non_ade,mentions_rechallenge_or_recovery,1
ADE,ade,ade_00116,non_ade,mentions_onset_or_duration,1
ADE,ade,ade_00116,non_ade,contains_negation_no_event,0
ADE,ade,ade_00116,non_ade,contains_uncertainty_or_possible,0
ADE,ade,ade_00116,non_ade,states_alternative_cause,0
ADE,ade,ade_00116,non_ade,reports_no_drug_link,0
ADE,ade,ade_00116,non_ade,mentions_study_or_trial_context,0
ADE,ade,ade_00116,non_ade,mentions_expected_therapeutic_effect,0
ADE,ade,ade_00116,non_ade,describes_indication_or_background,0
ADE,ade,ade_00116,non_ade,discusses_general_pharmacology,0
ADE,ade,ade_02690,non_ade,mentions_medication_or_drug,1
ADE,ade,ade_02690,non_ade,mentions_dose_or_frequency,0
ADE,ade,ade_02690,non_ade,mentions_drug_discontinuation,1
ADE,ade,ade_02690,non_ade,mentions_drug_interaction,0
ADE,ade,ade_02690,non_ade,mentions_symptom_or_condition,1
ADE,ade,ade_02690,non_ade,mentions_adverse_reaction,0
ADE,ade,ade_02690,non_ade,mentions_severity,0
ADE,ade,ade_02690,non_ade,mentions_lab_or_diagnostic_abnormality,1
ADE,ade,ade_02690,non_ade,links_event_to_medication,0
ADE,ade,ade_02690,non_ade,mentions_temporal_after_use,1
ADE,ade,ade_02690,non_ade,mentions_rechallenge_or_recovery,0
ADE,ade,ade_02690,non_ade,mentions_onset_or_duration,1
ADE,ade,ade_02690,non_ade,contains_negation_no_event,0
ADE,ade,ade_02690,non_ade,contains_uncertainty_or_possible,1
ADE,ade,ade_02690,non_ade,states_alternative_cause,0
ADE,ade,ade_02690,non_ade,reports_no_drug_link,0
ADE,ade,ade_02690,non_ade,mentions_study_or_trial_context,0
ADE,ade,ade_02690,non_ade,mentions_expected_therapeutic_effect,0
ADE,ade,ade_02690,non_ade,describes_indication_or_background,0
ADE,ade,ade_02690,non_ade,discusses_general_pharmacology,0
ADE,ade,ade_00563,ade,mentions_medication_or_drug,1
ADE,ade,ade_00563,ade,mentions_dose_or_frequency,0
ADE,ade,ade_00563,ade,mentions_drug_discontinuation,0
ADE,ade,ade_00563,ade,mentions_drug_interaction,0
ADE,ade,ade_00563,ade,mentions_symptom_or_condition,1
ADE,ade,ade_00563,ade,mentions_adverse_reaction,1
ADE,ade,ade_00563,ade,mentions_severity,0
ADE,ade,ade_00563,ade,mentions_lab_or_diagnostic_abnormality,0
ADE,ade,ade_00563,ade,links_event_to_medication,1
ADE,ade,ade_00563,ade,mentions_temporal_after_use,1
ADE,ade,ade_00563,ade,mentions_rechallenge_or_recovery,0
ADE,ade,ade_00563,ade,mentions_onset_or_duration,1
ADE,ade,ade_00563,ade,contains_negation_no_event,0
ADE,ade,ade_00563,ade,contains_uncertainty_or_possible,0
ADE,ade,ade_00563,ade,states_alternative_cause,0
ADE,ade,ade_00563,ade,reports_no_drug_link,0
ADE,ade,ade_00563,ade,mentions_study_or_trial_context,0
ADE,ade,ade_00563,ade,mentions_expected_therapeutic_effect,0
ADE,ade,ade_00563,ade,describes_indication_or_background,0
ADE,ade,ade_00563,ade,discusses_general_pharmacology,0
ADE,ade,ade_01176,ade,mentions_medication_or_drug,1
ADE,ade,ade_01176,ade,mentions_dose_or_frequency,0
ADE,ade,ade_01176,ade,mentions_drug_discontinuation,0
ADE,ade,ade_01176,ade,mentions_drug_interaction,0
ADE,ade,ade_01176,ade,mentions_symptom_or_condition,1
ADE,ade,ade_01176,ade,mentions_adverse_reaction,1
ADE,ade,ade_01176,ade,mentions_severity,0
ADE,ade,ade_01176,ade,mentions_lab_or_diagnostic_abnormality,0
ADE,ade,ade_01176,ade,links_event_to_medication,1
ADE,ade,ade_01176,ade,mentions_temporal_after_use,0
ADE,ade,ade_01176,ade,mentions_rechallenge_or_recovery,0
ADE,ade,ade_01176,ade,mentions_onset_or_duration,0
ADE,ade,ade_01176,ade,contains_negation_no_event,0
ADE,ade,ade_01176,ade,contains_uncertainty_or_possible,0
ADE,ade,ade_01176,ade,states_alternative_cause,0
ADE,ade,ade_01176,ade,reports_no_drug_link,0
ADE,ade,ade_01176,ade,mentions_study_or_trial_context,0
ADE,ade,ade_01176,ade,mentions_expected_therapeutic_effect,0
ADE,ade,ade_01176,ade,describes_indication_or_background,0
ADE,ade,ade_01176,ade,discusses_general_pharmacology,0
ADE,ade,ade_01993,non_ade,mentions_medication_or_drug,1
ADE,ade,ade_01993,non_ade,mentions_dose_or_frequency,0
ADE,ade,ade_01993,non_ade,mentions_drug_discontinuation,0
ADE,ade,ade_01993,non_ade,mentions_drug_interaction,0
ADE,ade,ade_01993,non_ade,mentions_symptom_or_condition,1
ADE,ade,ade_01993,non_ade,mentions_adverse_reaction,1
ADE,ade,ade_01993,non_ade,mentions_severity,0
ADE,ade,ade_01993,non_ade,mentions_lab_or_diagnostic_abnormality,0
ADE,ade,ade_01993,non_ade,links_event_to_medication,1
ADE,ade,ade_01993,non_ade,mentions_temporal_after_use,1
ADE,ade,ade_01993,non_ade,mentions_rechallenge_or_recovery,0
ADE,ade,ade_01993,non_ade,mentions_onset_or_duration,0
ADE,ade,ade_01993,non_ade,contains_negation_no_event,0
ADE,ade,ade_01993,non_ade,contains_uncertainty_or_possible,0
ADE,ade,ade_01993,non_ade,states_alternative_cause,0
ADE,ade,ade_01993,non_ade,reports_no_drug_link,0
ADE,ade,ade_01993,non_ade,mentions_study_or_trial_context,0
ADE,ade,ade_01993,non_ade,mentions_expected_therapeutic_effect,0
ADE,ade,ade_01993,non_ade,describes_indication_or_background,1
ADE,ade,ade_01993,non_ade,discusses_general_pharmacology,0
ADE,ade,ade_03888,non_ade,mentions_medication_or_drug,1
ADE,ade,ade_03888,non_ade,mentions_dose_or_frequency,0
ADE,ade,ade_03888,non_ade,mentions_drug_discontinuation,0
ADE,ade,ade_03888,non_ade,mentions_drug_interaction,0
ADE,ade,ade_03888,non_ade,mentions_symptom_or_condition,1
ADE,ade,ade_03888,non_ade,mentions_adverse_reaction,1
ADE,ade,ade_03888,non_ade,mentions_severity,0
ADE,ade,ade_03888,non_ade,mentions_lab_or_diagnostic_abnormality,1
ADE,ade,ade_03888,non_ade,links_event_to_medication,1
ADE,ade,ade_03888,non_ade,mentions_temporal_after_use,1
ADE,ade,ade_03888,non_ade,mentions_rechallenge_or_recovery,0
ADE,ade,ade_03888,non_ade,mentions_onset_or_duration,1
ADE,ade,ade_03888,non_ade,contains_negation_no_event,0
ADE,ade,ade_03888,non_ade,contains_uncertainty_or_possible,0
ADE,ade,ade_03888,non_ade,states_alternative_cause,1
ADE,ade,ade_03888,non_ade,reports_no_drug_link,0
ADE,ade,ade_03888,non_ade,mentions_study_or_trial_context,0
ADE,ade,ade_03888,non_ade,mentions_expected_therapeutic_effect,0
ADE,ade,ade_03888,non_ade,describes_indication_or_background,0
ADE,ade,ade_03888,non_ade,discusses_general_pharmacology,0
ADE,ade,ade_03401,ade,mentions_medication_or_drug,1
ADE,ade,ade_03401,ade,mentions_dose_or_frequency,0
ADE,ade,ade_03401,ade,mentions_drug_discontinuation,0
ADE,ade,ade_03401,ade,mentions_drug_interaction,0
ADE,ade,ade_03401,ade,mentions_symptom_or_condition,1
ADE,ade,ade_03401,ade,mentions_adverse_reaction,1
ADE,ade,ade_03401,ade,mentions_severity,1
ADE,ade,ade_03401,ade,mentions_lab_or_diagnostic_abnormality,1
ADE,ade,ade_03401,ade,links_event_to_medication,1
ADE,ade,ade_03401,ade,mentions_temporal_after_use,0
ADE,ade,ade_03401,ade,mentions_rechallenge_or_recovery,0
ADE,ade,ade_03401,ade,mentions_onset_or_duration,0
ADE,ade,ade_03401,ade,contains_negation_no_event,0
ADE,ade,ade_03401,ade,contains_uncertainty_or_possible,0
ADE,ade,ade_03401,ade,states_alternative_cause,0
ADE,ade,ade_03401,ade,reports_no_drug_link,0
ADE,ade,ade_03401,ade,mentions_study_or_trial_context,0
ADE,ade,ade_03401,ade,mentions_expected_therapeutic_effect,0
ADE,ade,ade_03401,ade,describes_indication_or_background,0
ADE,ade,ade_03401,ade,discusses_general_pharmacology,0
ADE,ade,ade_01372,non_ade,mentions_medication_or_drug,0
ADE,ade,ade_01372,non_ade,mentions_dose_or_frequency,0
ADE,ade,ade_01372,non_ade,mentions_drug_discontinuation,0
ADE,ade,ade_01372,non_ade,mentions_drug_interaction,0
ADE,ade,ade_01372,non_ade,mentions_symptom_or_condition,1
ADE,ade,ade_01372,non_ade,mentions_adverse_reaction,1
ADE,ade,ade_01372,non_ade,mentions_severity,0
ADE,ade,ade_01372,non_ade,mentions_lab_or_diagnostic_abnormality,0
ADE,ade,ade_01372,non_ade,links_event_to_medication,1
ADE,ade,ade_01372,non_ade,mentions_temporal_after_use,1
ADE,ade,ade_01372,non_ade,mentions_rechallenge_or_recovery,0
ADE,ade,ade_01372,non_ade,mentions_onset_or_duration,0
ADE,ade,ade_01372,non_ade,contains_negation_no_event,0
ADE,ade,ade_01372,non_ade,contains_uncertainty_or_possible,0
ADE,ade,ade_01372,non_ade,states_alternative_cause,0
ADE,ade,ade_01372,non_ade,reports_no_drug_link,0
ADE,ade,ade_01372,non_ade,mentions_study_or_trial_context,0
ADE,ade,ade_01372,non_ade,mentions_expected_therapeutic_effect,0
ADE,ade,ade_01372,non_ade,describes_indication_or_background,0
ADE,ade,ade_01372,non_ade,discusses_general_pharmacology,0
ADE,ade,ade_02119,ade,mentions_medication_or_drug,1
ADE,ade,ade_02119,ade,mentions_dose_or_frequency,0
ADE,ade,ade_02119,ade,mentions_drug_discontinuation,0
ADE,ade,ade_02119,ade,mentions_drug_interaction,0
ADE,ade,ade_02119,ade,mentions_symptom_or_condition,1
ADE,ade,ade_02119,ade,mentions_adverse_reaction,1
ADE,ade,ade_02119,ade,mentions_severity,0
ADE,ade,ade_02119,ade,mentions_lab_or_diagnostic_abnormality,1
ADE,ade,ade_02119,ade,links_event_to_medication,1
ADE,ade,ade_02119,ade,mentions_temporal_after_use,0
ADE,ade,ade_02119,ade,mentions_rechallenge_or_recovery,0
ADE,ade,ade_02119,ade,mentions_onset_or_duration,0
ADE,ade,ade_02119,ade,contains_negation_no_event,0
ADE,ade,ade_02119,ade,contains_uncertainty_or_possible,0
ADE,ade,ade_02119,ade,states_alternative_cause,0
ADE,ade,ade_02119,ade,reports_no_drug_link,0
ADE,ade,ade_02119,ade,mentions_study_or_trial_context,1
ADE,ade,ade_02119,ade,mentions_expected_therapeutic_effect,0
ADE,ade,ade_02119,ade,describes_indication_or_background,0
ADE,ade,ade_02119,ade,discusses_general_pharmacology,0
ADE,ade,ade_01095,non_ade,mentions_medication_or_drug,1
ADE,ade,ade_01095,non_ade,mentions_dose_or_frequency,0
ADE,ade,ade_01095,non_ade,mentions_drug_discontinuation,0
ADE,ade,ade_01095,non_ade,mentions_drug_interaction,0
ADE,ade,ade_01095,non_ade,mentions_symptom_or_condition,1
ADE,ade,ade_01095,non_ade,mentions_adverse_reaction,1
ADE,ade,ade_01095,non_ade,mentions_severity,0
ADE,ade,ade_01095,non_ade,mentions_lab_or_diagnostic_abnormality,0
ADE,ade,ade_01095,non_ade,links_event_to_medication,1
ADE,ade,ade_01095,non_ade,mentions_temporal_after_use,0
ADE,ade,ade_01095,non_ade,mentions_rechallenge_or_recovery,0
ADE,ade,ade_01095,non_ade,mentions_onset_or_duration,0
ADE,ade,ade_01095,non_ade,contains_negation_no_event,0
ADE,ade,ade_01095,non_ade,contains_uncertainty_or_possible,0
ADE,ade,ade_01095,non_ade,states_alternative_cause,0
ADE,ade,ade_01095,non_ade,reports_no_drug_link,0
ADE,ade,ade_01095,non_ade,mentions_study_or_trial_context,0
ADE,ade,ade_01095,non_ade,mentions_expected_therapeutic_effect,0
ADE,ade,ade_01095,non_ade,describes_indication_or_background,0
ADE,ade,ade_01095,non_ade,discusses_general_pharmacology,0
ADE,ade,ade_02116,ade,mentions_medication_or_drug,1
ADE,ade,ade_02116,ade,mentions_dose_or_frequency,0
ADE,ade,ade_02116,ade,mentions_drug_discontinuation,0
ADE,ade,ade_02116,ade,mentions_drug_interaction,0
ADE,ade,ade_02116,ade,mentions_symptom_or_condition,1
ADE,ade,ade_02116,ade,mentions_adverse_reaction,0
ADE,ade,ade_02116,ade,mentions_severity,0
ADE,ade,ade_02116,ade,mentions_lab_or_diagnostic_abnormality,0
ADE,ade,ade_02116,ade,links_event_to_medication,0
ADE,ade,ade_02116,ade,mentions_temporal_after_use,0
ADE,ade,ade_02116,ade,mentions_rechallenge_or_recovery,0
ADE,ade,ade_02116,ade,mentions_onset_or_duration,0
ADE,ade,ade_02116,ade,contains_negation_no_event,0
ADE,ade,ade_02116,ade,contains_uncertainty_or_possible,0
ADE,ade,ade_02116,ade,states_alternative_cause,0
ADE,ade,ade_02116,ade,reports_no_drug_link,0
ADE,ade,ade_02116,ade,mentions_study_or_trial_context,1
ADE,ade,ade_02116,ade,mentions_expected_therapeutic_effect,0
ADE,ade,ade_02116,ade,describes_indication_or_background,1
ADE,ade,ade_02116,ade,discusses_general_pharmacology,1
ADE,ade,ade_04770,non_ade,mentions_medication_or_drug,1
ADE,ade,ade_04770,non_ade,mentions_dose_or_frequency,0
ADE,ade,ade_04770,non_ade,mentions_drug_discontinuation,0
ADE,ade,ade_04770,non_ade,mentions_drug_interaction,0
ADE,ade,ade_04770,non_ade,mentions_symptom_or_condition,1
ADE,ade,ade_04770,non_ade,mentions_adverse_reaction,1
ADE,ade,ade_04770,non_ade,mentions_severity,0
ADE,ade,ade_04770,non_ade,mentions_lab_or_diagnostic_abnormality,0
ADE,ade,ade_04770,non_ade,links_event_to_medication,1
ADE,ade,ade_04770,non_ade,mentions_temporal_after_use,0
ADE,ade,ade_04770,non_ade,mentions_rechallenge_or_recovery,0
ADE,ade,ade_04770,non_ade,mentions_onset_or_duration,0
ADE,ade,ade_04770,non_ade,contains_negation_no_event,0
ADE,ade,ade_04770,non_ade,contains_uncertainty_or_possible,0
ADE,ade,ade_04770,non_ade,states_alternative_cause,0
ADE,ade,ade_04770,non_ade,reports_no_drug_link,0
ADE,ade,ade_04770,non_ade,mentions_study_or_trial_context,0
ADE,ade,ade_04770,non_ade,mentions_expected_therapeutic_effect,0
ADE,ade,ade_04770,non_ade,describes_indication_or_background,0
ADE,ade,ade_04770,non_ade,discusses_general_pharmacology,0
ADE,ade,ade_01614,ade,mentions_medication_or_drug,1
ADE,ade,ade_01614,ade,mentions_dose_or_frequency,0
ADE,ade,ade_01614,ade,mentions_drug_discontinuation,0
ADE,ade,ade_01614,ade,mentions_drug_interaction,0
ADE,ade,ade_01614,ade,mentions_symptom_or_condition,1
ADE,ade,ade_01614,ade,mentions_adverse_reaction,1
ADE,ade,ade_01614,ade,mentions_severity,0
ADE,ade,ade_01614,ade,mentions_lab_or_diagnostic_abnormality,0
ADE,ade,ade_01614,ade,links_event_to_medication,1
ADE,ade,ade_01614,ade,mentions_temporal_after_use,0
ADE,ade,ade_01614,ade,mentions_rechallenge_or_recovery,0
ADE,ade,ade_01614,ade,mentions_onset_or_duration,0
ADE,ade,ade_01614,ade,contains_negation_no_event,0
ADE,ade,ade_01614,ade,contains_uncertainty_or_possible,0
ADE,ade,ade_01614,ade,states_alternative_cause,0
ADE,ade,ade_01614,ade,reports_no_drug_link,0
ADE,ade,ade_01614,ade,mentions_study_or_trial_context,0
ADE,ade,ade_01614,ade,mentions_expected_therapeutic_effect,0
ADE,ade,ade_01614,ade,describes_indication_or_background,0
ADE,ade,ade_01614,ade,discusses_general_pharmacology,0
ADE,ade,ade_03010,non_ade,mentions_medication_or_drug,1
ADE,ade,ade_03010,non_ade,mentions_dose_or_frequency,0
ADE,ade,ade_03010,non_ade,mentions_drug_discontinuation,0
ADE,ade,ade_03010,non_ade,mentions_drug_interaction,0
ADE,ade,ade_03010,non_ade,mentions_symptom_or_condition,0
ADE,ade,ade_03010,non_ade,mentions_adverse_reaction,1
ADE,ade,ade_03010,non_ade,mentions_severity,0
ADE,ade,ade_03010,non_ade,mentions_lab_or_diagnostic_abnormality,1
ADE,ade,ade_03010,non_ade,links_event_to_medication,1
ADE,ade,ade_03010,non_ade,mentions_temporal_after_use,0
ADE,ade,ade_03010,non_ade,mentions_rechallenge_or_recovery,0
ADE,ade,ade_03010,non_ade,mentions_onset_or_duration,0
ADE,ade,ade_03010,non_ade,contains_negation_no_event,0
ADE,ade,ade_03010,non_ade,contains_uncertainty_or_possible,0
ADE,ade,ade_03010,non_ade,states_alternative_cause,0
ADE,ade,ade_03010,non_ade,reports_no_drug_link,0
ADE,ade,ade_03010,non_ade,mentions_study_or_trial_context,1
ADE,ade,ade_03010,non_ade,mentions_expected_therapeutic_effect,0
ADE,ade,ade_03010,non_ade,describes_indication_or_background,0
ADE,ade,ade_03010,non_ade,discusses_general_pharmacology,0
ADE,ade,ade_01297,ade,mentions_medication_or_drug,1
ADE,ade,ade_01297,ade,mentions_dose_or_frequency,0
ADE,ade,ade_01297,ade,mentions_drug_discontinuation,0
ADE,ade,ade_01297,ade,mentions_drug_interaction,0
ADE,ade,ade_01297,ade,mentions_symptom_or_condition,1
ADE,ade,ade_01297,ade,mentions_adverse_reaction,1
ADE,ade,ade_01297,ade,mentions_severity,1
ADE,ade,ade_01297,ade,mentions_lab_or_diagnostic_abnormality,1
ADE,ade,ade_01297,ade,links_event_to_medication,1
ADE,ade,ade_01297,ade,mentions_temporal_after_use,1
ADE,ade,ade_01297,ade,mentions_rechallenge_or_recovery,0
ADE,ade,ade_01297,ade,mentions_onset_or_duration,0
ADE,ade,ade_01297,ade,contains_negation_no_event,0
ADE,ade,ade_01297,ade,contains_uncertainty_or_possible,0
ADE,ade,ade_01297,ade,states_alternative_cause,0
ADE,ade,ade_01297,ade,reports_no_drug_link,0
ADE,ade,ade_01297,ade,mentions_study_or_trial_context,1
ADE,ade,ade_01297,ade,mentions_expected_therapeutic_effect,0
ADE,ade,ade_01297,ade,describes_indication_or_background,0
ADE,ade,ade_01297,ade,discusses_general_pharmacology,0
ADE,ade,ade_02701,ade,mentions_medication_or_drug,1
ADE,ade,ade_02701,ade,mentions_dose_or_frequency,1
ADE,ade,ade_02701,ade,mentions_drug_discontinuation,0
ADE,ade,ade_02701,ade,mentions_drug_interaction,0
ADE,ade,ade_02701,ade,mentions_symptom_or_condition,1
ADE,ade,ade_02701,ade,mentions_adverse_reaction,1
ADE,ade,ade_02701,ade,mentions_severity,1
ADE,ade,ade_02701,ade,mentions_lab_or_diagnostic_abnormality,1
ADE,ade,ade_02701,ade,links_event_to_medication,1
ADE,ade,ade_02701,ade,mentions_temporal_after_use,1
ADE,ade,ade_02701,ade,mentions_rechallenge_or_recovery,0
ADE,ade,ade_02701,ade,mentions_onset_or_duration,1
ADE,ade,ade_02701,ade,contains_negation_no_event,0
ADE,ade,ade_02701,ade,contains_uncertainty_or_possible,0
ADE,ade,ade_02701,ade,states_alternative_cause,0
ADE,ade,ade_02701,ade,reports_no_drug_link,0
ADE,ade,ade_02701,ade,mentions_study_or_trial_context,0
ADE,ade,ade_02701,ade,mentions_expected_therapeutic_effect,0
ADE,ade,ade_02701,ade,describes_indication_or_background,0
ADE,ade,ade_02701,ade,discusses_general_pharmacology,0
ADE,ade,ade_00740,ade,mentions_medication_or_drug,1
ADE,ade,ade_00740,ade,mentions_dose_or_frequency,0
ADE,ade,ade_00740,ade,mentions_drug_discontinuation,0
ADE,ade,ade_00740,ade,mentions_drug_interaction,0
ADE,ade,ade_00740,ade,mentions_symptom_or_condition,1
ADE,ade,ade_00740,ade,mentions_adverse_reaction,1
ADE,ade,ade_00740,ade,mentions_severity,0
ADE,ade,ade_00740,ade,mentions_lab_or_diagnostic_abnormality,0
ADE,ade,ade_00740,ade,links_event_to_medication,1
ADE,ade,ade_00740,ade,mentions_temporal_after_use,0
ADE,ade,ade_00740,ade,mentions_rechallenge_or_recovery,0
ADE,ade,ade_00740,ade,mentions_onset_or_duration,0
ADE,ade,ade_00740,ade,contains_negation_no_event,0
ADE,ade,ade_00740,ade,contains_uncertainty_or_possible,0
ADE,ade,ade_00740,ade,states_alternative_cause,0
ADE,ade,ade_00740,ade,reports_no_drug_link,0
ADE,ade,ade_00740,ade,mentions_study_or_trial_context,0
ADE,ade,ade_00740,ade,mentions_expected_therapeutic_effect,0
ADE,ade,ade_00740,ade,describes_indication_or_background,0
ADE,ade,ade_00740,ade,discusses_general_pharmacology,0
ADE,ade,ade_04962,non_ade,mentions_medication_or_drug,0
ADE,ade,ade_04962,non_ade,mentions_dose_or_frequency,0
ADE,ade,ade_04962,non_ade,mentions_drug_discontinuation,0
ADE,ade,ade_04962,non_ade,mentions_drug_interaction,0
ADE,ade,ade_04962,non_ade,mentions_symptom_or_condition,1
ADE,ade,ade_04962,non_ade,mentions_adverse_reaction,0
ADE,ade,ade_04962,non_ade,mentions_severity,0
ADE,ade,ade_04962,non_ade,mentions_lab_or_diagnostic_abnormality,1
ADE,ade,ade_04962,non_ade,links_event_to_medication,0
ADE,ade,ade_04962,non_ade,mentions_temporal_after_use,0
ADE,ade,ade_04962,non_ade,mentions_rechallenge_or_recovery,0
ADE,ade,ade_04962,non_ade,mentions_onset_or_duration,0
ADE,ade,ade_04962,non_ade,contains_negation_no_event,0
ADE,ade,ade_04962,non_ade,contains_uncertainty_or_possible,0
ADE,ade,ade_04962,non_ade,states_alternative_cause,0
ADE,ade,ade_04962,non_ade,reports_no_drug_link,0
ADE,ade,ade_04962,non_ade,mentions_study_or_trial_context,0
ADE,ade,ade_04962,non_ade,mentions_expected_therapeutic_effect,0
ADE,ade,ade_04962,non_ade,describes_indication_or_background,0
ADE,ade,ade_04962,non_ade,discusses_general_pharmacology,0
ADE,ade,ade_04624,ade,mentions_medication_or_drug,1
ADE,ade,ade_04624,ade,mentions_dose_or_frequency,0
ADE,ade,ade_04624,ade,mentions_drug_discontinuation,0
ADE,ade,ade_04624,ade,mentions_drug_interaction,0
ADE,ade,ade_04624,ade,mentions_symptom_or_condition,1
ADE,ade,ade_04624,ade,mentions_adverse_reaction,1
ADE,ade,ade_04624,ade,mentions_severity,0
ADE,ade,ade_04624,ade,mentions_lab_or_diagnostic_abnormality,0
ADE,ade,ade_04624,ade,links_event_to_medication,1
ADE,ade,ade_04624,ade,mentions_temporal_after_use,1
ADE,ade,ade_04624,ade,mentions_rechallenge_or_recovery,0
ADE,ade,ade_04624,ade,mentions_onset_or_duration,0
ADE,ade,ade_04624,ade,contains_negation_no_event,0
ADE,ade,ade_04624,ade,contains_uncertainty_or_possible,0
ADE,ade,ade_04624,ade,states_alternative_cause,0
ADE,ade,ade_04624,ade,reports_no_drug_link,0
ADE,ade,ade_04624,ade,mentions_study_or_trial_context,0
ADE,ade,ade_04624,ade,mentions_expected_therapeutic_effect,0
ADE,ade,ade_04624,ade,describes_indication_or_background,0
ADE,ade,ade_04624,ade,discusses_general_pharmacology,0
ADE,ade,ade_00322,ade,mentions_medication_or_drug,1
ADE,ade,ade_00322,ade,mentions_dose_or_frequency,0
ADE,ade,ade_00322,ade,mentions_drug_discontinuation,0
ADE,ade,ade_00322,ade,mentions_drug_interaction,0
ADE,ade,ade_00322,ade,mentions_symptom_or_condition,1
ADE,ade,ade_00322,ade,mentions_adverse_reaction,1
ADE,ade,ade_00322,ade,mentions_severity,0
ADE,ade,ade_00322,ade,mentions_lab_or_diagnostic_abnormality,0
ADE,ade,ade_00322,ade,links_event_to_medication,1
ADE,ade,ade_00322,ade,mentions_temporal_after_use,0
ADE,ade,ade_00322,ade,mentions_rechallenge_or_recovery,0
ADE,ade,ade_00322,ade,mentions_onset_or_duration,0
ADE,ade,ade_00322,ade,contains_negation_no_event,0
ADE,ade,ade_00322,ade,contains_uncertainty_or_possible,0
ADE,ade,ade_00322,ade,states_alternative_cause,0
ADE,ade,ade_00322,ade,reports_no_drug_link,0
ADE,ade,ade_00322,ade,mentions_study_or_trial_context,0
ADE,ade,ade_00322,ade,mentions_expected_therapeutic_effect,0
ADE,ade,ade_00322,ade,describes_indication_or_background,1
ADE,ade,ade_00322,ade,discusses_general_pharmacology,0
ADE,ade,ade_03771,non_ade,mentions_medication_or_drug,0
ADE,ade,ade_03771,non_ade,mentions_dose_or_frequency,0
ADE,ade,ade_03771,non_ade,mentions_drug_discontinuation,0
ADE,ade,ade_03771,non_ade,mentions_drug_interaction,0
ADE,ade,ade_03771,non_ade,mentions_symptom_or_condition,1
ADE,ade,ade_03771,non_ade,mentions_adverse_reaction,0
ADE,ade,ade_03771,non_ade,mentions_severity,0
ADE,ade,ade_03771,non_ade,mentions_lab_or_diagnostic_abnormality,0
ADE,ade,ade_03771,non_ade,links_event_to_medication,0
ADE,ade,ade_03771,non_ade,mentions_temporal_after_use,0
ADE,ade,ade_03771,non_ade,mentions_rechallenge_or_recovery,0
ADE,ade,ade_03771,non_ade,mentions_onset_or_duration,0
ADE,ade,ade_03771,non_ade,contains_negation_no_event,0
ADE,ade,ade_03771,non_ade,contains_uncertainty_or_possible,0
ADE,ade,ade_03771,non_ade,states_alternative_cause,0
ADE,ade,ade_03771,non_ade,reports_no_drug_link,0
ADE,ade,ade_03771,non_ade,mentions_study_or_trial_context,1
ADE,ade,ade_03771,non_ade,mentions_expected_therapeutic_effect,0
ADE,ade,ade_03771,non_ade,describes_indication_or_background,1
ADE,ade,ade_03771,non_ade,discusses_general_pharmacology,0
ADE,ade,ade_01515,ade,mentions_medication_or_drug,1
ADE,ade,ade_01515,ade,mentions_dose_or_frequency,0
ADE,ade,ade_01515,ade,mentions_drug_discontinuation,0
ADE,ade,ade_01515,ade,mentions_drug_interaction,0
ADE,ade,ade_01515,ade,mentions_symptom_or_condition,1
ADE,ade,ade_01515,ade,mentions_adverse_reaction,1
ADE,ade,ade_01515,ade,mentions_severity,0
ADE,ade,ade_01515,ade,mentions_lab_or_diagnostic_abnormality,0
ADE,ade,ade_01515,ade,links_event_to_medication,1
ADE,ade,ade_01515,ade,mentions_temporal_after_use,0
ADE,ade,ade_01515,ade,mentions_rechallenge_or_recovery,0
ADE,ade,ade_01515,ade,mentions_onset_or_duration,0
ADE,ade,ade_01515,ade,contains_negation_no_event,0
ADE,ade,ade_01515,ade,contains_uncertainty_or_possible,0
ADE,ade,ade_01515,ade,states_alternative_cause,0
ADE,ade,ade_01515,ade,reports_no_drug_link,0
ADE,ade,ade_01515,ade,mentions_study_or_trial_context,0
ADE,ade,ade_01515,ade,mentions_expected_therapeutic_effect,0
ADE,ade,ade_01515,ade,describes_indication_or_background,1
ADE,ade,ade_01515,ade,discusses_general_pharmacology,0
ADE,ade,ade_03372,ade,mentions_medication_or_drug,1
ADE,ade,ade_03372,ade,mentions_dose_or_frequency,0
ADE,ade,ade_03372,ade,mentions_drug_discontinuation,0
ADE,ade,ade_03372,ade,mentions_drug_interaction,0
ADE,ade,ade_03372,ade,mentions_symptom_or_condition,1
ADE,ade,ade_03372,ade,mentions_adverse_reaction,1
ADE,ade,ade_03372,ade,mentions_severity,1
ADE,ade,ade_03372,ade,mentions_lab_or_diagnostic_abnormality,0
ADE,ade,ade_03372,ade,links_event_to_medication,1
ADE,ade,ade_03372,ade,mentions_temporal_after_use,1
ADE,ade,ade_03372,ade,mentions_rechallenge_or_recovery,0
ADE,ade,ade_03372,ade,mentions_onset_or_duration,0
ADE,ade,ade_03372,ade,contains_negation_no_event,0
ADE,ade,ade_03372,ade,contains_uncertainty_or_possible,0
ADE,ade,ade_03372,ade,states_alternative_cause,0
ADE,ade,ade_03372,ade,reports_no_drug_link,0
ADE,ade,ade_03372,ade,mentions_study_or_trial_context,0
ADE,ade,ade_03372,ade,mentions_expected_therapeutic_effect,0
ADE,ade,ade_03372,ade,describes_indication_or_background,1
ADE,ade,ade_03372,ade,discusses_general_pharmacology,0
ADE,ade,ade_03485,non_ade,mentions_medication_or_drug,1
ADE,ade,ade_03485,non_ade,mentions_dose_or_frequency,0
ADE,ade,ade_03485,non_ade,mentions_drug_discontinuation,0
ADE,ade,ade_03485,non_ade,mentions_drug_interaction,0
ADE,ade,ade_03485,non_ade,mentions_symptom_or_condition,1
ADE,ade,ade_03485,non_ade,mentions_adverse_reaction,1
ADE,ade,ade_03485,non_ade,mentions_severity,0
ADE,ade,ade_03485,non_ade,mentions_lab_or_diagnostic_abnormality,0
ADE,ade,ade_03485,non_ade,links_event_to_medication,0
ADE,ade,ade_03485,non_ade,mentions_temporal_after_use,0
ADE,ade,ade_03485,non_ade,mentions_rechallenge_or_recovery,0
ADE,ade,ade_03485,non_ade,mentions_onset_or_duration,0
ADE,ade,ade_03485,non_ade,contains_negation_no_event,1
ADE,ade,ade_03485,non_ade,contains_uncertainty_or_possible,0
ADE,ade,ade_03485,non_ade,states_alternative_cause,0
ADE,ade,ade_03485,non_ade,reports_no_drug_link,0
ADE,ade,ade_03485,non_ade,mentions_study_or_trial_context,0
ADE,ade,ade_03485,non_ade,mentions_expected_therapeutic_effect,0
ADE,ade,ade_03485,non_ade,describes_indication_or_background,0
ADE,ade,ade_03485,non_ade,discusses_general_pharmacology,0
ADE,ade,ade_02112,non_ade,mentions_medication_or_drug,0
ADE,ade,ade_02112,non_ade,mentions_dose_or_frequency,0
ADE,ade,ade_02112,non_ade,mentions_drug_discontinuation,0
ADE,ade,ade_02112,non_ade,mentions_drug_interaction,0
ADE,ade,ade_02112,non_ade,mentions_symptom_or_condition,0
ADE,ade,ade_02112,non_ade,mentions_adverse_reaction,0
ADE,ade,ade_02112,non_ade,mentions_severity,0
ADE,ade,ade_02112,non_ade,mentions_lab_or_diagnostic_abnormality,0
ADE,ade,ade_02112,non_ade,links_event_to_medication,0
ADE,ade,ade_02112,non_ade,mentions_temporal_after_use,0
ADE,ade,ade_02112,non_ade,mentions_rechallenge_or_recovery,0
ADE,ade,ade_02112,non_ade,mentions_onset_or_duration,0
ADE,ade,ade_02112,non_ade,contains_negation_no_event,0
ADE,ade,ade_02112,non_ade,contains_uncertainty_or_possible,0
ADE,ade,ade_02112,non_ade,states_alternative_cause,0
ADE,ade,ade_02112,non_ade,reports_no_drug_link,0
ADE,ade,ade_02112,non_ade,mentions_study_or_trial_context,0
ADE,ade,ade_02112,non_ade,mentions_expected_therapeutic_effect,0
ADE,ade,ade_02112,non_ade,describes_indication_or_background,0
ADE,ade,ade_02112,non_ade,discusses_general_pharmacology,0
ADE,ade,ade_01199,non_ade,mentions_medication_or_drug,1
ADE,ade,ade_01199,non_ade,mentions_dose_or_frequency,0
ADE,ade,ade_01199,non_ade,mentions_drug_discontinuation,0
ADE,ade,ade_01199,non_ade,mentions_drug_interaction,0
ADE,ade,ade_01199,non_ade,mentions_symptom_or_condition,1
ADE,ade,ade_01199,non_ade,mentions_adverse_reaction,0
ADE,ade,ade_01199,non_ade,mentions_severity,0
ADE,ade,ade_01199,non_ade,mentions_lab_or_diagnostic_abnormality,0
ADE,ade,ade_01199,non_ade,links_event_to_medication,0
ADE,ade,ade_01199,non_ade,mentions_temporal_after_use,0
ADE,ade,ade_01199,non_ade,mentions_rechallenge_or_recovery,0
ADE,ade,ade_01199,non_ade,mentions_onset_or_duration,0
ADE,ade,ade_01199,non_ade,contains_negation_no_event,0
ADE,ade,ade_01199,non_ade,contains_uncertainty_or_possible,0
ADE,ade,ade_01199,non_ade,states_alternative_cause,0
ADE,ade,ade_01199,non_ade,reports_no_drug_link,0
ADE,ade,ade_01199,non_ade,mentions_study_or_trial_context,0
ADE,ade,ade_01199,non_ade,mentions_expected_therapeutic_effect,0
ADE,ade,ade_01199,non_ade,describes_indication_or_background,1
ADE,ade,ade_01199,non_ade,discusses_general_pharmacology,0
ADE,ade,ade_03202,ade,mentions_medication_or_drug,1
ADE,ade,ade_03202,ade,mentions_dose_or_frequency,0
ADE,ade,ade_03202,ade,mentions_drug_discontinuation,0
ADE,ade,ade_03202,ade,mentions_drug_interaction,0
ADE,ade,ade_03202,ade,mentions_symptom_or_condition,1
ADE,ade,ade_03202,ade,mentions_adverse_reaction,1
ADE,ade,ade_03202,ade,mentions_severity,1
ADE,ade,ade_03202,ade,mentions_lab_or_diagnostic_abnormality,1
ADE,ade,ade_03202,ade,links_event_to_medication,1
ADE,ade,ade_03202,ade,mentions_temporal_after_use,1
ADE,ade,ade_03202,ade,mentions_rechallenge_or_recovery,0
ADE,ade,ade_03202,ade,mentions_onset_or_duration,1
ADE,ade,ade_03202,ade,contains_negation_no_event,0
ADE,ade,ade_03202,ade,contains_uncertainty_or_possible,0
ADE,ade,ade_03202,ade,states_alternative_cause,0
ADE,ade,ade_03202,ade,reports_no_drug_link,0
ADE,ade,ade_03202,ade,mentions_study_or_trial_context,0
ADE,ade,ade_03202,ade,mentions_expected_therapeutic_effect,0
ADE,ade,ade_03202,ade,describes_indication_or_background,1
ADE,ade,ade_03202,ade,discusses_general_pharmacology,0
ADE,ade,ade_04375,non_ade,mentions_medication_or_drug,1
ADE,ade,ade_04375,non_ade,mentions_dose_or_frequency,0
ADE,ade,ade_04375,non_ade,mentions_drug_discontinuation,0
ADE,ade,ade_04375,non_ade,mentions_drug_interaction,0
ADE,ade,ade_04375,non_ade,mentions_symptom_or_condition,1
ADE,ade,ade_04375,non_ade,mentions_adverse_reaction,0
ADE,ade,ade_04375,non_ade,mentions_severity,0
ADE,ade,ade_04375,non_ade,mentions_lab_or_diagnostic_abnormality,0
ADE,ade,ade_04375,non_ade,links_event_to_medication,0
ADE,ade,ade_04375,non_ade,mentions_temporal_after_use,0
ADE,ade,ade_04375,non_ade,mentions_rechallenge_or_recovery,0
ADE,ade,ade_04375,non_ade,mentions_onset_or_duration,0
ADE,ade,ade_04375,non_ade,contains_negation_no_event,0
ADE,ade,ade_04375,non_ade,contains_uncertainty_or_possible,0
ADE,ade,ade_04375,non_ade,states_alternative_cause,0
ADE,ade,ade_04375,non_ade,reports_no_drug_link,0
ADE,ade,ade_04375,non_ade,mentions_study_or_trial_context,0
ADE,ade,ade_04375,non_ade,mentions_expected_therapeutic_effect,1
ADE,ade,ade_04375,non_ade,describes_indication_or_background,1
ADE,ade,ade_04375,non_ade,discusses_general_pharmacology,0
ADE,ade,ade_01094,non_ade,mentions_medication_or_drug,1
ADE,ade,ade_01094,non_ade,mentions_dose_or_frequency,0
ADE,ade,ade_01094,non_ade,mentions_drug_discontinuation,0
ADE,ade,ade_01094,non_ade,mentions_drug_interaction,0
ADE,ade,ade_01094,non_ade,mentions_symptom_or_condition,1
ADE,ade,ade_01094,non_ade,mentions_adverse_reaction,0
ADE,ade,ade_01094,non_ade,mentions_severity,0
ADE,ade,ade_01094,non_ade,mentions_lab_or_diagnostic_abnormality,0
ADE,ade,ade_01094,non_ade,links_event_to_medication,0
ADE,ade,ade_01094,non_ade,mentions_temporal_after_use,0
ADE,ade,ade_01094,non_ade,mentions_rechallenge_or_recovery,0
ADE,ade,ade_01094,non_ade,mentions_onset_or_duration,0
ADE,ade,ade_01094,non_ade,contains_negation_no_event,0
ADE,ade,ade_01094,non_ade,contains_uncertainty_or_possible,0
ADE,ade,ade_01094,non_ade,states_alternative_cause,0
ADE,ade,ade_01094,non_ade,reports_no_drug_link,0
ADE,ade,ade_01094,non_ade,mentions_study_or_trial_context,0
ADE,ade,ade_01094,non_ade,mentions_expected_therapeutic_effect,1
ADE,ade,ade_01094,non_ade,describes_indication_or_background,1
ADE,ade,ade_01094,non_ade,discusses_general_pharmacology,1
ADE,ade,ade_03900,ade,mentions_medication_or_drug,1
ADE,ade,ade_03900,ade,mentions_dose_or_frequency,0
ADE,ade,ade_03900,ade,mentions_drug_discontinuation,0
ADE,ade,ade_03900,ade,mentions_drug_interaction,0
ADE,ade,ade_03900,ade,mentions_symptom_or_condition,1
ADE,ade,ade_03900,ade,mentions_adverse_reaction,1
ADE,ade,ade_03900,ade,mentions_severity,0
ADE,ade,ade_03900,ade,mentions_lab_or_diagnostic_abnormality,0
ADE,ade,ade_03900,ade,links_event_to_medication,1
ADE,ade,ade_03900,ade,mentions_temporal_after_use,0
ADE,ade,ade_03900,ade,mentions_rechallenge_or_recovery,0
ADE,ade,ade_03900,ade,mentions_onset_or_duration,0
ADE,ade,ade_03900,ade,contains_negation_no_event,0
ADE,ade,ade_03900,ade,contains_uncertainty_or_possible,0
ADE,ade,ade_03900,ade,states_alternative_cause,0
ADE,ade,ade_03900,ade,reports_no_drug_link,0
ADE,ade,ade_03900,ade,mentions_study_or_trial_context,0
ADE,ade,ade_03900,ade,mentions_expected_therapeutic_effect,0
ADE,ade,ade_03900,ade,describes_indication_or_background,0
ADE,ade,ade_03900,ade,discusses_general_pharmacology,0
ADE,ade,ade_00866,ade,mentions_medication_or_drug,1
ADE,ade,ade_00866,ade,mentions_dose_or_frequency,1
ADE,ade,ade_00866,ade,mentions_drug_discontinuation,0
ADE,ade,ade_00866,ade,mentions_drug_interaction,0
ADE,ade,ade_00866,ade,mentions_symptom_or_condition,1
ADE,ade,ade_00866,ade,mentions_adverse_reaction,1
ADE,ade,ade_00866,ade,mentions_severity,0
ADE,ade,ade_00866,ade,mentions_lab_or_diagnostic_abnormality,0
ADE,ade,ade_00866,ade,links_event_to_medication,1
ADE,ade,ade_00866,ade,mentions_temporal_after_use,0
ADE,ade,ade_00866,ade,mentions_rechallenge_or_recovery,0
ADE,ade,ade_00866,ade,mentions_onset_or_duration,0
ADE,ade,ade_00866,ade,contains_negation_no_event,0
ADE,ade,ade_00866,ade,contains_uncertainty_or_possible,0
ADE,ade,ade_00866,ade,states_alternative_cause,0
ADE,ade,ade_00866,ade,reports_no_drug_link,0
ADE,ade,ade_00866,ade,mentions_study_or_trial_context,0
ADE,ade,ade_00866,ade,mentions_expected_therapeutic_effect,0
ADE,ade,ade_00866,ade,describes_indication_or_background,0
ADE,ade,ade_00866,ade,discusses_general_pharmacology,0
ADE,ade,ade_00930,ade,mentions_medication_or_drug,1
ADE,ade,ade_00930,ade,mentions_dose_or_frequency,0
ADE,ade,ade_00930,ade,mentions_drug_discontinuation,0
ADE,ade,ade_00930,ade,mentions_drug_interaction,0
ADE,ade,ade_00930,ade,mentions_symptom_or_condition,1
ADE,ade,ade_00930,ade,mentions_adverse_reaction,1
ADE,ade,ade_00930,ade,mentions_severity,0
ADE,ade,ade_00930,ade,mentions_lab_or_diagnostic_abnormality,0
ADE,ade,ade_00930,ade,links_event_to_medication,1
ADE,ade,ade_00930,ade,mentions_temporal_after_use,0
ADE,ade,ade_00930,ade,mentions_rechallenge_or_recovery,0
ADE,ade,ade_00930,ade,mentions_onset_or_duration,0
ADE,ade,ade_00930,ade,contains_negation_no_event,0
ADE,ade,ade_00930,ade,contains_uncertainty_or_possible,0
ADE,ade,ade_00930,ade,states_alternative_cause,0
ADE,ade,ade_00930,ade,reports_no_drug_link,0
ADE,ade,ade_00930,ade,mentions_study_or_trial_context,0
ADE,ade,ade_00930,ade,mentions_expected_therapeutic_effect,0
ADE,ade,ade_00930,ade,describes_indication_or_background,1
ADE,ade,ade_00930,ade,discusses_general_pharmacology,0
ADE,ade,ade_04322,non_ade,mentions_medication_or_drug,0
ADE,ade,ade_04322,non_ade,mentions_dose_or_frequency,0
ADE,ade,ade_04322,non_ade,mentions_drug_discontinuation,0
ADE,ade,ade_04322,non_ade,mentions_drug_interaction,0
ADE,ade,ade_04322,non_ade,mentions_symptom_or_condition,1
ADE,ade,ade_04322,non_ade,mentions_adverse_reaction,0
ADE,ade,ade_04322,non_ade,mentions_severity,0
ADE,ade,ade_04322,non_ade,mentions_lab_or_diagnostic_abnormality,0
ADE,ade,ade_04322,non_ade,links_event_to_medication,0
ADE,ade,ade_04322,non_ade,mentions_temporal_after_use,0
ADE,ade,ade_04322,non_ade,mentions_rechallenge_or_recovery,0
ADE,ade,ade_04322,non_ade,mentions_onset_or_duration,0
ADE,ade,ade_04322,non_ade,contains_negation_no_event,0
ADE,ade,ade_04322,non_ade,contains_uncertainty_or_possible,0
ADE,ade,ade_04322,non_ade,states_alternative_cause,0
ADE,ade,ade_04322,non_ade,reports_no_drug_link,0
ADE,ade,ade_04322,non_ade,mentions_study_or_trial_context,1
ADE,ade,ade_04322,non_ade,mentions_expected_therapeutic_effect,0
ADE,ade,ade_04322,non_ade,describes_indication_or_background,1
ADE,ade,ade_04322,non_ade,discusses_general_pharmacology,0
ADE,ade,ade_02504,ade,mentions_medication_or_drug,1
ADE,ade,ade_02504,ade,mentions_dose_or_frequency,0
ADE,ade,ade_02504,ade,mentions_drug_discontinuation,0
ADE,ade,ade_02504,ade,mentions_drug_interaction,0
ADE,ade,ade_02504,ade,mentions_symptom_or_condition,1
ADE,ade,ade_02504,ade,mentions_adverse_reaction,1
ADE,ade,ade_02504,ade,mentions_severity,1
ADE,ade,ade_02504,ade,mentions_lab_or_diagnostic_abnormality,1
ADE,ade,ade_02504,ade,links_event_to_medication,1
ADE,ade,ade_02504,ade,mentions_temporal_after_use,0
ADE,ade,ade_02504,ade,mentions_rechallenge_or_recovery,0
ADE,ade,ade_02504,ade,mentions_onset_or_duration,0
ADE,ade,ade_02504,ade,contains_negation_no_event,0
ADE,ade,ade_02504,ade,contains_uncertainty_or_possible,0
ADE,ade,ade_02504,ade,states_alternative_cause,0
ADE,ade,ade_02504,ade,reports_no_drug_link,0
ADE,ade,ade_02504,ade,mentions_study_or_trial_context,0
ADE,ade,ade_02504,ade,mentions_expected_therapeutic_effect,0
ADE,ade,ade_02504,ade,describes_indication_or_background,0
ADE,ade,ade_02504,ade,discusses_general_pharmacology,0
ADE,ade,ade_01028,ade,mentions_medication_or_drug,1
ADE,ade,ade_01028,ade,mentions_dose_or_frequency,0
ADE,ade,ade_01028,ade,mentions_drug_discontinuation,0
ADE,ade,ade_01028,ade,mentions_drug_interaction,0
ADE,ade,ade_01028,ade,mentions_symptom_or_condition,1
ADE,ade,ade_01028,ade,mentions_adverse_reaction,1
ADE,ade,ade_01028,ade,mentions_severity,1
ADE,ade,ade_01028,ade,mentions_lab_or_diagnostic_abnormality,0
ADE,ade,ade_01028,ade,links_event_to_medication,1
ADE,ade,ade_01028,ade,mentions_temporal_after_use,0
ADE,ade,ade_01028,ade,mentions_rechallenge_or_recovery,0
ADE,ade,ade_01028,ade,mentions_onset_or_duration,0
ADE,ade,ade_01028,ade,contains_negation_no_event,0
ADE,ade,ade_01028,ade,contains_uncertainty_or_possible,0
ADE,ade,ade_01028,ade,states_alternative_cause,0
ADE,ade,ade_01028,ade,reports_no_drug_link,0
ADE,ade,ade_01028,ade,mentions_study_or_trial_context,0
ADE,ade,ade_01028,ade,mentions_expected_therapeutic_effect,0
ADE,ade,ade_01028,ade,describes_indication_or_background,1
ADE,ade,ade_01028,ade,discusses_general_pharmacology,0
ADE,ade,ade_01339,non_ade,mentions_medication_or_drug,1
ADE,ade,ade_01339,non_ade,mentions_dose_or_frequency,0
ADE,ade,ade_01339,non_ade,mentions_drug_discontinuation,0
ADE,ade,ade_01339,non_ade,mentions_drug_interaction,0
ADE,ade,ade_01339,non_ade,mentions_symptom_or_condition,1
ADE,ade,ade_01339,non_ade,mentions_adverse_reaction,0
ADE,ade,ade_01339,non_ade,mentions_severity,0
ADE,ade,ade_01339,non_ade,mentions_lab_or_diagnostic_abnormality,1
ADE,ade,ade_01339,non_ade,links_event_to_medication,0
ADE,ade,ade_01339,non_ade,mentions_temporal_after_use,0
ADE,ade,ade_01339,non_ade,mentions_rechallenge_or_recovery,0
ADE,ade,ade_01339,non_ade,mentions_onset_or_duration,0
ADE,ade,ade_01339,non_ade,contains_negation_no_event,1
ADE,ade,ade_01339,non_ade,contains_uncertainty_or_possible,0
ADE,ade,ade_01339,non_ade,states_alternative_cause,0
ADE,ade,ade_01339,non_ade,reports_no_drug_link,1
ADE,ade,ade_01339,non_ade,mentions_study_or_trial_context,0
ADE,ade,ade_01339,non_ade,mentions_expected_therapeutic_effect,0
ADE,ade,ade_01339,non_ade,describes_indication_or_background,0
ADE,ade,ade_01339,non_ade,discusses_general_pharmacology,0
ADE,ade,ade_01659,non_ade,mentions_medication_or_drug,1
ADE,ade,ade_01659,non_ade,mentions_dose_or_frequency,0
ADE,ade,ade_01659,non_ade,mentions_drug_discontinuation,1
ADE,ade,ade_01659,non_ade,mentions_drug_interaction,0
ADE,ade,ade_01659,non_ade,mentions_symptom_or_condition,1
ADE,ade,ade_01659,non_ade,mentions_adverse_reaction,1
ADE,ade,ade_01659,non_ade,mentions_severity,0
ADE,ade,ade_01659,non_ade,mentions_lab_or_diagnostic_abnormality,0
ADE,ade,ade_01659,non_ade,links_event_to_medication,1
ADE,ade,ade_01659,non_ade,mentions_temporal_after_use,1
ADE,ade,ade_01659,non_ade,mentions_rechallenge_or_recovery,1
ADE,ade,ade_01659,non_ade,mentions_onset_or_duration,1
ADE,ade,ade_01659,non_ade,contains_negation_no_event,0
ADE,ade,ade_01659,non_ade,contains_uncertainty_or_possible,0
ADE,ade,ade_01659,non_ade,states_alternative_cause,0
ADE,ade,ade_01659,non_ade,reports_no_drug_link,0
ADE,ade,ade_01659,non_ade,mentions_study_or_trial_context,1
ADE,ade,ade_01659,non_ade,mentions_expected_therapeutic_effect,0
ADE,ade,ade_01659,non_ade,describes_indication_or_background,1
ADE,ade,ade_01659,non_ade,discusses_general_pharmacology,0
Disaster Tweets,disaster_tweets,disaster_03226,real disaster,mentions_disaster_type,1
Disaster Tweets,disaster_tweets,disaster_03226,real disaster,reports_event_occurrence,1
Disaster Tweets,disaster_tweets,disaster_03226,real disaster,describes_threat_or_danger,1
Disaster Tweets,disaster_tweets,disaster_03226,real disaster,mentions_cause_or_trigger,0
Disaster Tweets,disaster_tweets,disaster_03226,real disaster,mentions_location,1
Disaster Tweets,disaster_tweets,disaster_03226,real disaster,mentions_time_or_recency,0
Disaster Tweets,disaster_tweets,disaster_03226,real disaster,includes_source_or_report,0
Disaster Tweets,disaster_tweets,disaster_03226,real disaster,first_person_witnessing,0
Disaster Tweets,disaster_tweets,disaster_03226,real disaster,mentions_casualties_or_injuries,0
Disaster Tweets,disaster_tweets,disaster_03226,real disaster,mentions_property_damage,0
Disaster Tweets,disaster_tweets,disaster_03226,real disaster,mentions_infrastructure_disruption,1
Disaster Tweets,disaster_tweets,disaster_03226,real disaster,mentions_scale_or_intensity,0
Disaster Tweets,disaster_tweets,disaster_03226,real disaster,calls_for_help,0
Disaster Tweets,disaster_tweets,disaster_03226,real disaster,mentions_rescue_or_emergency_services,0
Disaster Tweets,disaster_tweets,disaster_03226,real disaster,mentions_evacuation_or_shelter,0
Disaster Tweets,disaster_tweets,disaster_03226,real disaster,gives_safety_instruction,1
Disaster Tweets,disaster_tweets,disaster_03226,real disaster,uses_metaphor_or_idiom,0
Disaster Tweets,disaster_tweets,disaster_03226,real disaster,refers_to_entertainment_or_sports,0
Disaster Tweets,disaster_tweets,disaster_03226,real disaster,expresses_joke_or_sarcasm,0
Disaster Tweets,disaster_tweets,disaster_03226,real disaster,discusses_non_event_context,0
Disaster Tweets,disaster_tweets,disaster_02598,real disaster,mentions_disaster_type,1
Disaster Tweets,disaster_tweets,disaster_02598,real disaster,reports_event_occurrence,0
Disaster Tweets,disaster_tweets,disaster_02598,real disaster,describes_threat_or_danger,1
Disaster Tweets,disaster_tweets,disaster_02598,real disaster,mentions_cause_or_trigger,1
Disaster Tweets,disaster_tweets,disaster_02598,real disaster,mentions_location,1
Disaster Tweets,disaster_tweets,disaster_02598,real disaster,mentions_time_or_recency,0
Disaster Tweets,disaster_tweets,disaster_02598,real disaster,includes_source_or_report,1
Disaster Tweets,disaster_tweets,disaster_02598,real disaster,first_person_witnessing,0
Disaster Tweets,disaster_tweets,disaster_02598,real disaster,mentions_casualties_or_injuries,0
Disaster Tweets,disaster_tweets,disaster_02598,real disaster,mentions_property_damage,0
Disaster Tweets,disaster_tweets,disaster_02598,real disaster,mentions_infrastructure_disruption,0
Disaster Tweets,disaster_tweets,disaster_02598,real disaster,mentions_scale_or_intensity,0
Disaster Tweets,disaster_tweets,disaster_02598,real disaster,calls_for_help,0
Disaster Tweets,disaster_tweets,disaster_02598,real disaster,mentions_rescue_or_emergency_services,0
Disaster Tweets,disaster_tweets,disaster_02598,real disaster,mentions_evacuation_or_shelter,0
Disaster Tweets,disaster_tweets,disaster_02598,real disaster,gives_safety_instruction,0
Disaster Tweets,disaster_tweets,disaster_02598,real disaster,uses_metaphor_or_idiom,0
Disaster Tweets,disaster_tweets,disaster_02598,real disaster,refers_to_entertainment_or_sports,0
Disaster Tweets,disaster_tweets,disaster_02598,real disaster,expresses_joke_or_sarcasm,0
Disaster Tweets,disaster_tweets,disaster_02598,real disaster,discusses_non_event_context,0
Disaster Tweets,disaster_tweets,disaster_02341,not disaster,mentions_disaster_type,0
Disaster Tweets,disaster_tweets,disaster_02341,not disaster,reports_event_occurrence,0
Disaster Tweets,disaster_tweets,disaster_02341,not disaster,describes_threat_or_danger,1
Disaster Tweets,disaster_tweets,disaster_02341,not disaster,mentions_cause_or_trigger,0
Disaster Tweets,disaster_tweets,disaster_02341,not disaster,mentions_location,0
Disaster Tweets,disaster_tweets,disaster_02341,not disaster,mentions_time_or_recency,0
Disaster Tweets,disaster_tweets,disaster_02341,not disaster,includes_source_or_report,1
Disaster Tweets,disaster_tweets,disaster_02341,not disaster,first_person_witnessing,0
Disaster Tweets,disaster_tweets,disaster_02341,not disaster,mentions_casualties_or_injuries,0
Disaster Tweets,disaster_tweets,disaster_02341,not disaster,mentions_property_damage,0
Disaster Tweets,disaster_tweets,disaster_02341,not disaster,mentions_infrastructure_disruption,0
Disaster Tweets,disaster_tweets,disaster_02341,not disaster,mentions_scale_or_intensity,0
Disaster Tweets,disaster_tweets,disaster_02341,not disaster,calls_for_help,0
Disaster Tweets,disaster_tweets,disaster_02341,not disaster,mentions_rescue_or_emergency_services,1
Disaster Tweets,disaster_tweets,disaster_02341,not disaster,mentions_evacuation_or_shelter,0
Disaster Tweets,disaster_tweets,disaster_02341,not disaster,gives_safety_instruction,0
Disaster Tweets,disaster_tweets,disaster_02341,not disaster,uses_metaphor_or_idiom,0
Disaster Tweets,disaster_tweets,disaster_02341,not disaster,refers_to_entertainment_or_sports,0
Disaster Tweets,disaster_tweets,disaster_02341,not disaster,expresses_joke_or_sarcasm,0
Disaster Tweets,disaster_tweets,disaster_02341,not disaster,discusses_non_event_context,0
Disaster Tweets,disaster_tweets,disaster_04861,not disaster,mentions_disaster_type,0
Disaster Tweets,disaster_tweets,disaster_04861,not disaster,reports_event_occurrence,0
Disaster Tweets,disaster_tweets,disaster_04861,not disaster,describes_threat_or_danger,0
Disaster Tweets,disaster_tweets,disaster_04861,not disaster,mentions_cause_or_trigger,0
Disaster Tweets,disaster_tweets,disaster_04861,not disaster,mentions_location,1
Disaster Tweets,disaster_tweets,disaster_04861,not disaster,mentions_time_or_recency,1
Disaster Tweets,disaster_tweets,disaster_04861,not disaster,includes_source_or_report,0
Disaster Tweets,disaster_tweets,disaster_04861,not disaster,first_person_witnessing,0
Disaster Tweets,disaster_tweets,disaster_04861,not disaster,mentions_casualties_or_injuries,0
Disaster Tweets,disaster_tweets,disaster_04861,not disaster,mentions_property_damage,0
Disaster Tweets,disaster_tweets,disaster_04861,not disaster,mentions_infrastructure_disruption,0
Disaster Tweets,disaster_tweets,disaster_04861,not disaster,mentions_scale_or_intensity,0
Disaster Tweets,disaster_tweets,disaster_04861,not disaster,calls_for_help,0
Disaster Tweets,disaster_tweets,disaster_04861,not disaster,mentions_rescue_or_emergency_services,0
Disaster Tweets,disaster_tweets,disaster_04861,not disaster,mentions_evacuation_or_shelter,0
Disaster Tweets,disaster_tweets,disaster_04861,not disaster,gives_safety_instruction,0
Disaster Tweets,disaster_tweets,disaster_04861,not disaster,uses_metaphor_or_idiom,0
Disaster Tweets,disaster_tweets,disaster_04861,not disaster,refers_to_entertainment_or_sports,0
Disaster Tweets,disaster_tweets,disaster_04861,not disaster,expresses_joke_or_sarcasm,0
Disaster Tweets,disaster_tweets,disaster_04861,not disaster,discusses_non_event_context,0
Disaster Tweets,disaster_tweets,disaster_02935,not disaster,mentions_disaster_type,0
Disaster Tweets,disaster_tweets,disaster_02935,not disaster,reports_event_occurrence,0
Disaster Tweets,disaster_tweets,disaster_02935,not disaster,describes_threat_or_danger,0
Disaster Tweets,disaster_tweets,disaster_02935,not disaster,mentions_cause_or_trigger,0
Disaster Tweets,disaster_tweets,disaster_02935,not disaster,mentions_location,0
Disaster Tweets,disaster_tweets,disaster_02935,not disaster,mentions_time_or_recency,1
Disaster Tweets,disaster_tweets,disaster_02935,not disaster,includes_source_or_report,0
Disaster Tweets,disaster_tweets,disaster_02935,not disaster,first_person_witnessing,0
Disaster Tweets,disaster_tweets,disaster_02935,not disaster,mentions_casualties_or_injuries,0
Disaster Tweets,disaster_tweets,disaster_02935,not disaster,mentions_property_damage,0
Disaster Tweets,disaster_tweets,disaster_02935,not disaster,mentions_infrastructure_disruption,0
Disaster Tweets,disaster_tweets,disaster_02935,not disaster,mentions_scale_or_intensity,0
Disaster Tweets,disaster_tweets,disaster_02935,not disaster,calls_for_help,0
Disaster Tweets,disaster_tweets,disaster_02935,not disaster,mentions_rescue_or_emergency_services,0
Disaster Tweets,disaster_tweets,disaster_02935,not disaster,mentions_evacuation_or_shelter,0
Disaster Tweets,disaster_tweets,disaster_02935,not disaster,gives_safety_instruction,0
Disaster Tweets,disaster_tweets,disaster_02935,not disaster,uses_metaphor_or_idiom,0
Disaster Tweets,disaster_tweets,disaster_02935,not disaster,refers_to_entertainment_or_sports,1
Disaster Tweets,disaster_tweets,disaster_02935,not disaster,expresses_joke_or_sarcasm,0
Disaster Tweets,disaster_tweets,disaster_02935,not disaster,discusses_non_event_context,1
Disaster Tweets,disaster_tweets,disaster_02157,real disaster,mentions_disaster_type,1
Disaster Tweets,disaster_tweets,disaster_02157,real disaster,reports_event_occurrence,1
Disaster Tweets,disaster_tweets,disaster_02157,real disaster,describes_threat_or_danger,1
Disaster Tweets,disaster_tweets,disaster_02157,real disaster,mentions_cause_or_trigger,1
Disaster Tweets,disaster_tweets,disaster_02157,real disaster,mentions_location,1
Disaster Tweets,disaster_tweets,disaster_02157,real disaster,mentions_time_or_recency,0
Disaster Tweets,disaster_tweets,disaster_02157,real disaster,includes_source_or_report,1
Disaster Tweets,disaster_tweets,disaster_02157,real disaster,first_person_witnessing,0
Disaster Tweets,disaster_tweets,disaster_02157,real disaster,mentions_casualties_or_injuries,0
Disaster Tweets,disaster_tweets,disaster_02157,real disaster,mentions_property_damage,0
Disaster Tweets,disaster_tweets,disaster_02157,real disaster,mentions_infrastructure_disruption,0
Disaster Tweets,disaster_tweets,disaster_02157,real disaster,mentions_scale_or_intensity,1
Disaster Tweets,disaster_tweets,disaster_02157,real disaster,calls_for_help,0
Disaster Tweets,disaster_tweets,disaster_02157,real disaster,mentions_rescue_or_emergency_services,0
Disaster Tweets,disaster_tweets,disaster_02157,real disaster,mentions_evacuation_or_shelter,0
Disaster Tweets,disaster_tweets,disaster_02157,real disaster,gives_safety_instruction,0
Disaster Tweets,disaster_tweets,disaster_02157,real disaster,uses_metaphor_or_idiom,0
Disaster Tweets,disaster_tweets,disaster_02157,real disaster,refers_to_entertainment_or_sports,0
Disaster Tweets,disaster_tweets,disaster_02157,real disaster,expresses_joke_or_sarcasm,0
Disaster Tweets,disaster_tweets,disaster_02157,real disaster,discusses_non_event_context,0
Disaster Tweets,disaster_tweets,disaster_03011,not disaster,mentions_disaster_type,0
Disaster Tweets,disaster_tweets,disaster_03011,not disaster,reports_event_occurrence,0
Disaster Tweets,disaster_tweets,disaster_03011,not disaster,describes_threat_or_danger,0
Disaster Tweets,disaster_tweets,disaster_03011,not disaster,mentions_cause_or_trigger,0
Disaster Tweets,disaster_tweets,disaster_03011,not disaster,mentions_location,0
Disaster Tweets,disaster_tweets,disaster_03011,not disaster,mentions_time_or_recency,0
Disaster Tweets,disaster_tweets,disaster_03011,not disaster,includes_source_or_report,0
Disaster Tweets,disaster_tweets,disaster_03011,not disaster,first_person_witnessing,0
Disaster Tweets,disaster_tweets,disaster_03011,not disaster,mentions_casualties_or_injuries,0
Disaster Tweets,disaster_tweets,disaster_03011,not disaster,mentions_property_damage,0
Disaster Tweets,disaster_tweets,disaster_03011,not disaster,mentions_infrastructure_disruption,0
Disaster Tweets,disaster_tweets,disaster_03011,not disaster,mentions_scale_or_intensity,0
Disaster Tweets,disaster_tweets,disaster_03011,not disaster,calls_for_help,0
Disaster Tweets,disaster_tweets,disaster_03011,not disaster,mentions_rescue_or_emergency_services,0
Disaster Tweets,disaster_tweets,disaster_03011,not disaster,mentions_evacuation_or_shelter,0
Disaster Tweets,disaster_tweets,disaster_03011,not disaster,gives_safety_instruction,0
Disaster Tweets,disaster_tweets,disaster_03011,not disaster,uses_metaphor_or_idiom,1
Disaster Tweets,disaster_tweets,disaster_03011,not disaster,refers_to_entertainment_or_sports,0
Disaster Tweets,disaster_tweets,disaster_03011,not disaster,expresses_joke_or_sarcasm,0
Disaster Tweets,disaster_tweets,disaster_03011,not disaster,discusses_non_event_context,1
Disaster Tweets,disaster_tweets,disaster_04027,not disaster,mentions_disaster_type,0
Disaster Tweets,disaster_tweets,disaster_04027,not disaster,reports_event_occurrence,0
Disaster Tweets,disaster_tweets,disaster_04027,not disaster,describes_threat_or_danger,0
Disaster Tweets,disaster_tweets,disaster_04027,not disaster,mentions_cause_or_trigger,0
Disaster Tweets,disaster_tweets,disaster_04027,not disaster,mentions_location,0
Disaster Tweets,disaster_tweets,disaster_04027,not disaster,mentions_time_or_recency,0
Disaster Tweets,disaster_tweets,disaster_04027,not disaster,includes_source_or_report,0
Disaster Tweets,disaster_tweets,disaster_04027,not disaster,first_person_witnessing,1
Disaster Tweets,disaster_tweets,disaster_04027,not disaster,mentions_casualties_or_injuries,0
Disaster Tweets,disaster_tweets,disaster_04027,not disaster,mentions_property_damage,0
Disaster Tweets,disaster_tweets,disaster_04027,not disaster,mentions_infrastructure_disruption,0
Disaster Tweets,disaster_tweets,disaster_04027,not disaster,mentions_scale_or_intensity,0
Disaster Tweets,disaster_tweets,disaster_04027,not disaster,calls_for_help,0
Disaster Tweets,disaster_tweets,disaster_04027,not disaster,mentions_rescue_or_emergency_services,0
Disaster Tweets,disaster_tweets,disaster_04027,not disaster,mentions_evacuation_or_shelter,0
Disaster Tweets,disaster_tweets,disaster_04027,not disaster,gives_safety_instruction,0
Disaster Tweets,disaster_tweets,disaster_04027,not disaster,uses_metaphor_or_idiom,1
Disaster Tweets,disaster_tweets,disaster_04027,not disaster,refers_to_entertainment_or_sports,0
Disaster Tweets,disaster_tweets,disaster_04027,not disaster,expresses_joke_or_sarcasm,0
Disaster Tweets,disaster_tweets,disaster_04027,not disaster,discusses_non_event_context,0
Disaster Tweets,disaster_tweets,disaster_02735,real disaster,mentions_disaster_type,1
Disaster Tweets,disaster_tweets,disaster_02735,real disaster,reports_event_occurrence,1
Disaster Tweets,disaster_tweets,disaster_02735,real disaster,describes_threat_or_danger,1
Disaster Tweets,disaster_tweets,disaster_02735,real disaster,mentions_cause_or_trigger,0
Disaster Tweets,disaster_tweets,disaster_02735,real disaster,mentions_location,1
Disaster Tweets,disaster_tweets,disaster_02735,real disaster,mentions_time_or_recency,1
Disaster Tweets,disaster_tweets,disaster_02735,real disaster,includes_source_or_report,0
Disaster Tweets,disaster_tweets,disaster_02735,real disaster,first_person_witnessing,1
Disaster Tweets,disaster_tweets,disaster_02735,real disaster,mentions_casualties_or_injuries,0
Disaster Tweets,disaster_tweets,disaster_02735,real disaster,mentions_property_damage,1
Disaster Tweets,disaster_tweets,disaster_02735,real disaster,mentions_infrastructure_disruption,1
Disaster Tweets,disaster_tweets,disaster_02735,real disaster,mentions_scale_or_intensity,1
Disaster Tweets,disaster_tweets,disaster_02735,real disaster,calls_for_help,0
Disaster Tweets,disaster_tweets,disaster_02735,real disaster,mentions_rescue_or_emergency_services,0
Disaster Tweets,disaster_tweets,disaster_02735,real disaster,mentions_evacuation_or_shelter,0
Disaster Tweets,disaster_tweets,disaster_02735,real disaster,gives_safety_instruction,0
Disaster Tweets,disaster_tweets,disaster_02735,real disaster,uses_metaphor_or_idiom,0
Disaster Tweets,disaster_tweets,disaster_02735,real disaster,refers_to_entertainment_or_sports,0
Disaster Tweets,disaster_tweets,disaster_02735,real disaster,expresses_joke_or_sarcasm,0
Disaster Tweets,disaster_tweets,disaster_02735,real disaster,discusses_non_event_context,0
Disaster Tweets,disaster_tweets,disaster_04212,not disaster,mentions_disaster_type,0
Disaster Tweets,disaster_tweets,disaster_04212,not disaster,reports_event_occurrence,0
Disaster Tweets,disaster_tweets,disaster_04212,not disaster,describes_threat_or_danger,0
Disaster Tweets,disaster_tweets,disaster_04212,not disaster,mentions_cause_or_trigger,0
Disaster Tweets,disaster_tweets,disaster_04212,not disaster,mentions_location,0
Disaster Tweets,disaster_tweets,disaster_04212,not disaster,mentions_time_or_recency,0
Disaster Tweets,disaster_tweets,disaster_04212,not disaster,includes_source_or_report,0
Disaster Tweets,disaster_tweets,disaster_04212,not disaster,first_person_witnessing,0
Disaster Tweets,disaster_tweets,disaster_04212,not disaster,mentions_casualties_or_injuries,0
Disaster Tweets,disaster_tweets,disaster_04212,not disaster,mentions_property_damage,0
Disaster Tweets,disaster_tweets,disaster_04212,not disaster,mentions_infrastructure_disruption,0
Disaster Tweets,disaster_tweets,disaster_04212,not disaster,mentions_scale_or_intensity,0
Disaster Tweets,disaster_tweets,disaster_04212,not disaster,calls_for_help,0
Disaster Tweets,disaster_tweets,disaster_04212,not disaster,mentions_rescue_or_emergency_services,0
Disaster Tweets,disaster_tweets,disaster_04212,not disaster,mentions_evacuation_or_shelter,0
Disaster Tweets,disaster_tweets,disaster_04212,not disaster,gives_safety_instruction,0
Disaster Tweets,disaster_tweets,disaster_04212,not disaster,uses_metaphor_or_idiom,1
Disaster Tweets,disaster_tweets,disaster_04212,not disaster,refers_to_entertainment_or_sports,0
Disaster Tweets,disaster_tweets,disaster_04212,not disaster,expresses_joke_or_sarcasm,0
Disaster Tweets,disaster_tweets,disaster_04212,not disaster,discusses_non_event_context,1
Disaster Tweets,disaster_tweets,disaster_00081,not disaster,mentions_disaster_type,0
Disaster Tweets,disaster_tweets,disaster_00081,not disaster,reports_event_occurrence,0
Disaster Tweets,disaster_tweets,disaster_00081,not disaster,describes_threat_or_danger,0
Disaster Tweets,disaster_tweets,disaster_00081,not disaster,mentions_cause_or_trigger,0
Disaster Tweets,disaster_tweets,disaster_00081,not disaster,mentions_location,1
Disaster Tweets,disaster_tweets,disaster_00081,not disaster,mentions_time_or_recency,0
Disaster Tweets,disaster_tweets,disaster_00081,not disaster,includes_source_or_report,1
Disaster Tweets,disaster_tweets,disaster_00081,not disaster,first_person_witnessing,1
Disaster Tweets,disaster_tweets,disaster_00081,not disaster,mentions_casualties_or_injuries,0
Disaster Tweets,disaster_tweets,disaster_00081,not disaster,mentions_property_damage,0
Disaster Tweets,disaster_tweets,disaster_00081,not disaster,mentions_infrastructure_disruption,0
Disaster Tweets,disaster_tweets,disaster_00081,not disaster,mentions_scale_or_intensity,0
Disaster Tweets,disaster_tweets,disaster_00081,not disaster,calls_for_help,0
Disaster Tweets,disaster_tweets,disaster_00081,not disaster,mentions_rescue_or_emergency_services,0
Disaster Tweets,disaster_tweets,disaster_00081,not disaster,mentions_evacuation_or_shelter,0
Disaster Tweets,disaster_tweets,disaster_00081,not disaster,gives_safety_instruction,0
Disaster Tweets,disaster_tweets,disaster_00081,not disaster,uses_metaphor_or_idiom,1
Disaster Tweets,disaster_tweets,disaster_00081,not disaster,refers_to_entertainment_or_sports,0
Disaster Tweets,disaster_tweets,disaster_00081,not disaster,expresses_joke_or_sarcasm,1
Disaster Tweets,disaster_tweets,disaster_00081,not disaster,discusses_non_event_context,0
Disaster Tweets,disaster_tweets,disaster_03662,not disaster,mentions_disaster_type,0
Disaster Tweets,disaster_tweets,disaster_03662,not disaster,reports_event_occurrence,0
Disaster Tweets,disaster_tweets,disaster_03662,not disaster,describes_threat_or_danger,1
Disaster Tweets,disaster_tweets,disaster_03662,not disaster,mentions_cause_or_trigger,0
Disaster Tweets,disaster_tweets,disaster_03662,not disaster,mentions_location,0
Disaster Tweets,disaster_tweets,disaster_03662,not disaster,mentions_time_or_recency,0
Disaster Tweets,disaster_tweets,disaster_03662,not disaster,includes_source_or_report,0
Disaster Tweets,disaster_tweets,disaster_03662,not disaster,first_person_witnessing,1
Disaster Tweets,disaster_tweets,disaster_03662,not disaster,mentions_casualties_or_injuries,0
Disaster Tweets,disaster_tweets,disaster_03662,not disaster,mentions_property_damage,0
Disaster Tweets,disaster_tweets,disaster_03662,not disaster,mentions_infrastructure_disruption,0
Disaster Tweets,disaster_tweets,disaster_03662,not disaster,mentions_scale_or_intensity,0
Disaster Tweets,disaster_tweets,disaster_03662,not disaster,calls_for_help,0
Disaster Tweets,disaster_tweets,disaster_03662,not disaster,mentions_rescue_or_emergency_services,0
Disaster Tweets,disaster_tweets,disaster_03662,not disaster,mentions_evacuation_or_shelter,0
Disaster Tweets,disaster_tweets,disaster_03662,not disaster,gives_safety_instruction,0
Disaster Tweets,disaster_tweets,disaster_03662,not disaster,uses_metaphor_or_idiom,0
Disaster Tweets,disaster_tweets,disaster_03662,not disaster,refers_to_entertainment_or_sports,0
Disaster Tweets,disaster_tweets,disaster_03662,not disaster,expresses_joke_or_sarcasm,0
Disaster Tweets,disaster_tweets,disaster_03662,not disaster,discusses_non_event_context,0
Disaster Tweets,disaster_tweets,disaster_03643,real disaster,mentions_disaster_type,0
Disaster Tweets,disaster_tweets,disaster_03643,real disaster,reports_event_occurrence,0
Disaster Tweets,disaster_tweets,disaster_03643,real disaster,describes_threat_or_danger,0
Disaster Tweets,disaster_tweets,disaster_03643,real disaster,mentions_cause_or_trigger,0
Disaster Tweets,disaster_tweets,disaster_03643,real disaster,mentions_location,1
Disaster Tweets,disaster_tweets,disaster_03643,real disaster,mentions_time_or_recency,0
Disaster Tweets,disaster_tweets,disaster_03643,real disaster,includes_source_or_report,0
Disaster Tweets,disaster_tweets,disaster_03643,real disaster,first_person_witnessing,0
Disaster Tweets,disaster_tweets,disaster_03643,real disaster,mentions_casualties_or_injuries,1
Disaster Tweets,disaster_tweets,disaster_03643,real disaster,mentions_property_damage,0
Disaster Tweets,disaster_tweets,disaster_03643,real disaster,mentions_infrastructure_disruption,0
Disaster Tweets,disaster_tweets,disaster_03643,real disaster,mentions_scale_or_intensity,0
Disaster Tweets,disaster_tweets,disaster_03643,real disaster,calls_for_help,0
Disaster Tweets,disaster_tweets,disaster_03643,real disaster,mentions_rescue_or_emergency_services,0
Disaster Tweets,disaster_tweets,disaster_03643,real disaster,mentions_evacuation_or_shelter,0
Disaster Tweets,disaster_tweets,disaster_03643,real disaster,gives_safety_instruction,0
Disaster Tweets,disaster_tweets,disaster_03643,real disaster,uses_metaphor_or_idiom,0
Disaster Tweets,disaster_tweets,disaster_03643,real disaster,refers_to_entertainment_or_sports,1
Disaster Tweets,disaster_tweets,disaster_03643,real disaster,expresses_joke_or_sarcasm,0
Disaster Tweets,disaster_tweets,disaster_03643,real disaster,discusses_non_event_context,0
Disaster Tweets,disaster_tweets,disaster_00785,not disaster,mentions_disaster_type,0
Disaster Tweets,disaster_tweets,disaster_00785,not disaster,reports_event_occurrence,0
Disaster Tweets,disaster_tweets,disaster_00785,not disaster,describes_threat_or_danger,0
Disaster Tweets,disaster_tweets,disaster_00785,not disaster,mentions_cause_or_trigger,0
Disaster Tweets,disaster_tweets,disaster_00785,not disaster,mentions_location,0
Disaster Tweets,disaster_tweets,disaster_00785,not disaster,mentions_time_or_recency,0
Disaster Tweets,disaster_tweets,disaster_00785,not disaster,includes_source_or_report,0
Disaster Tweets,disaster_tweets,disaster_00785,not disaster,first_person_witnessing,0
Disaster Tweets,disaster_tweets,disaster_00785,not disaster,mentions_casualties_or_injuries,0
Disaster Tweets,disaster_tweets,disaster_00785,not disaster,mentions_property_damage,0
Disaster Tweets,disaster_tweets,disaster_00785,not disaster,mentions_infrastructure_disruption,0
Disaster Tweets,disaster_tweets,disaster_00785,not disaster,mentions_scale_or_intensity,0
Disaster Tweets,disaster_tweets,disaster_00785,not disaster,calls_for_help,0
Disaster Tweets,disaster_tweets,disaster_00785,not disaster,mentions_rescue_or_emergency_services,0
Disaster Tweets,disaster_tweets,disaster_00785,not disaster,mentions_evacuation_or_shelter,0
Disaster Tweets,disaster_tweets,disaster_00785,not disaster,gives_safety_instruction,0
Disaster Tweets,disaster_tweets,disaster_00785,not disaster,uses_metaphor_or_idiom,1
Disaster Tweets,disaster_tweets,disaster_00785,not disaster,refers_to_entertainment_or_sports,0
Disaster Tweets,disaster_tweets,disaster_00785,not disaster,expresses_joke_or_sarcasm,0
Disaster Tweets,disaster_tweets,disaster_00785,not disaster,discusses_non_event_context,1
Disaster Tweets,disaster_tweets,disaster_04462,real disaster,mentions_disaster_type,1
Disaster Tweets,disaster_tweets,disaster_04462,real disaster,reports_event_occurrence,0
Disaster Tweets,disaster_tweets,disaster_04462,real disaster,describes_threat_or_danger,0
Disaster Tweets,disaster_tweets,disaster_04462,real disaster,mentions_cause_or_trigger,0
Disaster Tweets,disaster_tweets,disaster_04462,real disaster,mentions_location,1
Disaster Tweets,disaster_tweets,disaster_04462,real disaster,mentions_time_or_recency,0
Disaster Tweets,disaster_tweets,disaster_04462,real disaster,includes_source_or_report,0
Disaster Tweets,disaster_tweets,disaster_04462,real disaster,first_person_witnessing,0
Disaster Tweets,disaster_tweets,disaster_04462,real disaster,mentions_casualties_or_injuries,0
Disaster Tweets,disaster_tweets,disaster_04462,real disaster,mentions_property_damage,0
Disaster Tweets,disaster_tweets,disaster_04462,real disaster,mentions_infrastructure_disruption,0
Disaster Tweets,disaster_tweets,disaster_04462,real disaster,mentions_scale_or_intensity,0
Disaster Tweets,disaster_tweets,disaster_04462,real disaster,calls_for_help,0
Disaster Tweets,disaster_tweets,disaster_04462,real disaster,mentions_rescue_or_emergency_services,0
Disaster Tweets,disaster_tweets,disaster_04462,real disaster,mentions_evacuation_or_shelter,0
Disaster Tweets,disaster_tweets,disaster_04462,real disaster,gives_safety_instruction,0
Disaster Tweets,disaster_tweets,disaster_04462,real disaster,uses_metaphor_or_idiom,0
Disaster Tweets,disaster_tweets,disaster_04462,real disaster,refers_to_entertainment_or_sports,0
Disaster Tweets,disaster_tweets,disaster_04462,real disaster,expresses_joke_or_sarcasm,0
Disaster Tweets,disaster_tweets,disaster_04462,real disaster,discusses_non_event_context,1
Disaster Tweets,disaster_tweets,disaster_03667,not disaster,mentions_disaster_type,0
Disaster Tweets,disaster_tweets,disaster_03667,not disaster,reports_event_occurrence,0
Disaster Tweets,disaster_tweets,disaster_03667,not disaster,describes_threat_or_danger,0
Disaster Tweets,disaster_tweets,disaster_03667,not disaster,mentions_cause_or_trigger,0
Disaster Tweets,disaster_tweets,disaster_03667,not disaster,mentions_location,1
Disaster Tweets,disaster_tweets,disaster_03667,not disaster,mentions_time_or_recency,0
Disaster Tweets,disaster_tweets,disaster_03667,not disaster,includes_source_or_report,1
Disaster Tweets,disaster_tweets,disaster_03667,not disaster,first_person_witnessing,0
Disaster Tweets,disaster_tweets,disaster_03667,not disaster,mentions_casualties_or_injuries,0
Disaster Tweets,disaster_tweets,disaster_03667,not disaster,mentions_property_damage,0
Disaster Tweets,disaster_tweets,disaster_03667,not disaster,mentions_infrastructure_disruption,0
Disaster Tweets,disaster_tweets,disaster_03667,not disaster,mentions_scale_or_intensity,0
Disaster Tweets,disaster_tweets,disaster_03667,not disaster,calls_for_help,0
Disaster Tweets,disaster_tweets,disaster_03667,not disaster,mentions_rescue_or_emergency_services,0
Disaster Tweets,disaster_tweets,disaster_03667,not disaster,mentions_evacuation_or_shelter,0
Disaster Tweets,disaster_tweets,disaster_03667,not disaster,gives_safety_instruction,0
Disaster Tweets,disaster_tweets,disaster_03667,not disaster,uses_metaphor_or_idiom,0
Disaster Tweets,disaster_tweets,disaster_03667,not disaster,refers_to_entertainment_or_sports,0
Disaster Tweets,disaster_tweets,disaster_03667,not disaster,expresses_joke_or_sarcasm,0
Disaster Tweets,disaster_tweets,disaster_03667,not disaster,discusses_non_event_context,1
Disaster Tweets,disaster_tweets,disaster_04056,not disaster,mentions_disaster_type,0
Disaster Tweets,disaster_tweets,disaster_04056,not disaster,reports_event_occurrence,0
Disaster Tweets,disaster_tweets,disaster_04056,not disaster,describes_threat_or_danger,0
Disaster Tweets,disaster_tweets,disaster_04056,not disaster,mentions_cause_or_trigger,0
Disaster Tweets,disaster_tweets,disaster_04056,not disaster,mentions_location,0
Disaster Tweets,disaster_tweets,disaster_04056,not disaster,mentions_time_or_recency,0
Disaster Tweets,disaster_tweets,disaster_04056,not disaster,includes_source_or_report,0
Disaster Tweets,disaster_tweets,disaster_04056,not disaster,first_person_witnessing,0
Disaster Tweets,disaster_tweets,disaster_04056,not disaster,mentions_casualties_or_injuries,0
Disaster Tweets,disaster_tweets,disaster_04056,not disaster,mentions_property_damage,0
Disaster Tweets,disaster_tweets,disaster_04056,not disaster,mentions_infrastructure_disruption,0
Disaster Tweets,disaster_tweets,disaster_04056,not disaster,mentions_scale_or_intensity,0
Disaster Tweets,disaster_tweets,disaster_04056,not disaster,calls_for_help,0
Disaster Tweets,disaster_tweets,disaster_04056,not disaster,mentions_rescue_or_emergency_services,0
Disaster Tweets,disaster_tweets,disaster_04056,not disaster,mentions_evacuation_or_shelter,0
Disaster Tweets,disaster_tweets,disaster_04056,not disaster,gives_safety_instruction,0
Disaster Tweets,disaster_tweets,disaster_04056,not disaster,uses_metaphor_or_idiom,0
Disaster Tweets,disaster_tweets,disaster_04056,not disaster,refers_to_entertainment_or_sports,0
Disaster Tweets,disaster_tweets,disaster_04056,not disaster,expresses_joke_or_sarcasm,0
Disaster Tweets,disaster_tweets,disaster_04056,not disaster,discusses_non_event_context,0
Disaster Tweets,disaster_tweets,disaster_04193,real disaster,mentions_disaster_type,0
Disaster Tweets,disaster_tweets,disaster_04193,real disaster,reports_event_occurrence,0
Disaster Tweets,disaster_tweets,disaster_04193,real disaster,describes_threat_or_danger,0
Disaster Tweets,disaster_tweets,disaster_04193,real disaster,mentions_cause_or_trigger,0
Disaster Tweets,disaster_tweets,disaster_04193,real disaster,mentions_location,0
Disaster Tweets,disaster_tweets,disaster_04193,real disaster,mentions_time_or_recency,0
Disaster Tweets,disaster_tweets,disaster_04193,real disaster,includes_source_or_report,0
Disaster Tweets,disaster_tweets,disaster_04193,real disaster,first_person_witnessing,0
Disaster Tweets,disaster_tweets,disaster_04193,real disaster,mentions_casualties_or_injuries,0
Disaster Tweets,disaster_tweets,disaster_04193,real disaster,mentions_property_damage,0
Disaster Tweets,disaster_tweets,disaster_04193,real disaster,mentions_infrastructure_disruption,0
Disaster Tweets,disaster_tweets,disaster_04193,real disaster,mentions_scale_or_intensity,0
Disaster Tweets,disaster_tweets,disaster_04193,real disaster,calls_for_help,0
Disaster Tweets,disaster_tweets,disaster_04193,real disaster,mentions_rescue_or_emergency_services,1
Disaster Tweets,disaster_tweets,disaster_04193,real disaster,mentions_evacuation_or_shelter,0
Disaster Tweets,disaster_tweets,disaster_04193,real disaster,gives_safety_instruction,0
Disaster Tweets,disaster_tweets,disaster_04193,real disaster,uses_metaphor_or_idiom,0
Disaster Tweets,disaster_tweets,disaster_04193,real disaster,refers_to_entertainment_or_sports,0
Disaster Tweets,disaster_tweets,disaster_04193,real disaster,expresses_joke_or_sarcasm,0
Disaster Tweets,disaster_tweets,disaster_04193,real disaster,discusses_non_event_context,1
Disaster Tweets,disaster_tweets,disaster_00926,real disaster,mentions_disaster_type,1
Disaster Tweets,disaster_tweets,disaster_00926,real disaster,reports_event_occurrence,1
Disaster Tweets,disaster_tweets,disaster_00926,real disaster,describes_threat_or_danger,1
Disaster Tweets,disaster_tweets,disaster_00926,real disaster,mentions_cause_or_trigger,0
Disaster Tweets,disaster_tweets,disaster_00926,real disaster,mentions_location,1
Disaster Tweets,disaster_tweets,disaster_00926,real disaster,mentions_time_or_recency,0
Disaster Tweets,disaster_tweets,disaster_00926,real disaster,includes_source_or_report,1
Disaster Tweets,disaster_tweets,disaster_00926,real disaster,first_person_witnessing,0
Disaster Tweets,disaster_tweets,disaster_00926,real disaster,mentions_casualties_or_injuries,0
Disaster Tweets,disaster_tweets,disaster_00926,real disaster,mentions_property_damage,0
Disaster Tweets,disaster_tweets,disaster_00926,real disaster,mentions_infrastructure_disruption,0
Disaster Tweets,disaster_tweets,disaster_00926,real disaster,mentions_scale_or_intensity,0
Disaster Tweets,disaster_tweets,disaster_00926,real disaster,calls_for_help,0
Disaster Tweets,disaster_tweets,disaster_00926,real disaster,mentions_rescue_or_emergency_services,0
Disaster Tweets,disaster_tweets,disaster_00926,real disaster,mentions_evacuation_or_shelter,0
Disaster Tweets,disaster_tweets,disaster_00926,real disaster,gives_safety_instruction,0
Disaster Tweets,disaster_tweets,disaster_00926,real disaster,uses_metaphor_or_idiom,0
Disaster Tweets,disaster_tweets,disaster_00926,real disaster,refers_to_entertainment_or_sports,0
Disaster Tweets,disaster_tweets,disaster_00926,real disaster,expresses_joke_or_sarcasm,0
Disaster Tweets,disaster_tweets,disaster_00926,real disaster,discusses_non_event_context,0
Disaster Tweets,disaster_tweets,disaster_00268,not disaster,mentions_disaster_type,0
Disaster Tweets,disaster_tweets,disaster_00268,not disaster,reports_event_occurrence,0
Disaster Tweets,disaster_tweets,disaster_00268,not disaster,describes_threat_or_danger,0
Disaster Tweets,disaster_tweets,disaster_00268,not disaster,mentions_cause_or_trigger,0
Disaster Tweets,disaster_tweets,disaster_00268,not disaster,mentions_location,0
Disaster Tweets,disaster_tweets,disaster_00268,not disaster,mentions_time_or_recency,0
Disaster Tweets,disaster_tweets,disaster_00268,not disaster,includes_source_or_report,0
Disaster Tweets,disaster_tweets,disaster_00268,not disaster,first_person_witnessing,0
Disaster Tweets,disaster_tweets,disaster_00268,not disaster,mentions_casualties_or_injuries,0
Disaster Tweets,disaster_tweets,disaster_00268,not disaster,mentions_property_damage,0
Disaster Tweets,disaster_tweets,disaster_00268,not disaster,mentions_infrastructure_disruption,0
Disaster Tweets,disaster_tweets,disaster_00268,not disaster,mentions_scale_or_intensity,0
Disaster Tweets,disaster_tweets,disaster_00268,not disaster,calls_for_help,0
Disaster Tweets,disaster_tweets,disaster_00268,not disaster,mentions_rescue_or_emergency_services,0
Disaster Tweets,disaster_tweets,disaster_00268,not disaster,mentions_evacuation_or_shelter,0
Disaster Tweets,disaster_tweets,disaster_00268,not disaster,gives_safety_instruction,0
Disaster Tweets,disaster_tweets,disaster_00268,not disaster,uses_metaphor_or_idiom,1
Disaster Tweets,disaster_tweets,disaster_00268,not disaster,refers_to_entertainment_or_sports,0
Disaster Tweets,disaster_tweets,disaster_00268,not disaster,expresses_joke_or_sarcasm,0
Disaster Tweets,disaster_tweets,disaster_00268,not disaster,discusses_non_event_context,1
Disaster Tweets,disaster_tweets,disaster_03825,not disaster,mentions_disaster_type,0
Disaster Tweets,disaster_tweets,disaster_03825,not disaster,reports_event_occurrence,0
Disaster Tweets,disaster_tweets,disaster_03825,not disaster,describes_threat_or_danger,0
Disaster Tweets,disaster_tweets,disaster_03825,not disaster,mentions_cause_or_trigger,0
Disaster Tweets,disaster_tweets,disaster_03825,not disaster,mentions_location,1
Disaster Tweets,disaster_tweets,disaster_03825,not disaster,mentions_time_or_recency,0
Disaster Tweets,disaster_tweets,disaster_03825,not disaster,includes_source_or_report,0
Disaster Tweets,disaster_tweets,disaster_03825,not disaster,first_person_witnessing,1
Disaster Tweets,disaster_tweets,disaster_03825,not disaster,mentions_casualties_or_injuries,0
Disaster Tweets,disaster_tweets,disaster_03825,not disaster,mentions_property_damage,0
Disaster Tweets,disaster_tweets,disaster_03825,not disaster,mentions_infrastructure_disruption,0
Disaster Tweets,disaster_tweets,disaster_03825,not disaster,mentions_scale_or_intensity,0
Disaster Tweets,disaster_tweets,disaster_03825,not disaster,calls_for_help,0
Disaster Tweets,disaster_tweets,disaster_03825,not disaster,mentions_rescue_or_emergency_services,0
Disaster Tweets,disaster_tweets,disaster_03825,not disaster,mentions_evacuation_or_shelter,0
Disaster Tweets,disaster_tweets,disaster_03825,not disaster,gives_safety_instruction,0
Disaster Tweets,disaster_tweets,disaster_03825,not disaster,uses_metaphor_or_idiom,0
Disaster Tweets,disaster_tweets,disaster_03825,not disaster,refers_to_entertainment_or_sports,0
Disaster Tweets,disaster_tweets,disaster_03825,not disaster,expresses_joke_or_sarcasm,0
Disaster Tweets,disaster_tweets,disaster_03825,not disaster,discusses_non_event_context,1
Disaster Tweets,disaster_tweets,disaster_04778,not disaster,mentions_disaster_type,0
Disaster Tweets,disaster_tweets,disaster_04778,not disaster,reports_event_occurrence,0
Disaster Tweets,disaster_tweets,disaster_04778,not disaster,describes_threat_or_danger,0
Disaster Tweets,disaster_tweets,disaster_04778,not disaster,mentions_cause_or_trigger,0
Disaster Tweets,disaster_tweets,disaster_04778,not disaster,mentions_location,0
Disaster Tweets,disaster_tweets,disaster_04778,not disaster,mentions_time_or_recency,0
Disaster Tweets,disaster_tweets,disaster_04778,not disaster,includes_source_or_report,0
Disaster Tweets,disaster_tweets,disaster_04778,not disaster,first_person_witnessing,0
Disaster Tweets,disaster_tweets,disaster_04778,not disaster,mentions_casualties_or_injuries,0
Disaster Tweets,disaster_tweets,disaster_04778,not disaster,mentions_property_damage,0
Disaster Tweets,disaster_tweets,disaster_04778,not disaster,mentions_infrastructure_disruption,0
Disaster Tweets,disaster_tweets,disaster_04778,not disaster,mentions_scale_or_intensity,0
Disaster Tweets,disaster_tweets,disaster_04778,not disaster,calls_for_help,0
Disaster Tweets,disaster_tweets,disaster_04778,not disaster,mentions_rescue_or_emergency_services,0
Disaster Tweets,disaster_tweets,disaster_04778,not disaster,mentions_evacuation_or_shelter,0
Disaster Tweets,disaster_tweets,disaster_04778,not disaster,gives_safety_instruction,0
Disaster Tweets,disaster_tweets,disaster_04778,not disaster,uses_metaphor_or_idiom,0
Disaster Tweets,disaster_tweets,disaster_04778,not disaster,refers_to_entertainment_or_sports,0
Disaster Tweets,disaster_tweets,disaster_04778,not disaster,expresses_joke_or_sarcasm,0
Disaster Tweets,disaster_tweets,disaster_04778,not disaster,discusses_non_event_context,1
Disaster Tweets,disaster_tweets,disaster_02823,real disaster,mentions_disaster_type,0
Disaster Tweets,disaster_tweets,disaster_02823,real disaster,reports_event_occurrence,0
Disaster Tweets,disaster_tweets,disaster_02823,real disaster,describes_threat_or_danger,0
Disaster Tweets,disaster_tweets,disaster_02823,real disaster,mentions_cause_or_trigger,0
Disaster Tweets,disaster_tweets,disaster_02823,real disaster,mentions_location,0
Disaster Tweets,disaster_tweets,disaster_02823,real disaster,mentions_time_or_recency,0
Disaster Tweets,disaster_tweets,disaster_02823,real disaster,includes_source_or_report,0
Disaster Tweets,disaster_tweets,disaster_02823,real disaster,first_person_witnessing,0
Disaster Tweets,disaster_tweets,disaster_02823,real disaster,mentions_casualties_or_injuries,0
Disaster Tweets,disaster_tweets,disaster_02823,real disaster,mentions_property_damage,0
Disaster Tweets,disaster_tweets,disaster_02823,real disaster,mentions_infrastructure_disruption,0
Disaster Tweets,disaster_tweets,disaster_02823,real disaster,mentions_scale_or_intensity,0
Disaster Tweets,disaster_tweets,disaster_02823,real disaster,calls_for_help,0
Disaster Tweets,disaster_tweets,disaster_02823,real disaster,mentions_rescue_or_emergency_services,0
Disaster Tweets,disaster_tweets,disaster_02823,real disaster,mentions_evacuation_or_shelter,0
Disaster Tweets,disaster_tweets,disaster_02823,real disaster,gives_safety_instruction,0
Disaster Tweets,disaster_tweets,disaster_02823,real disaster,uses_metaphor_or_idiom,0
Disaster Tweets,disaster_tweets,disaster_02823,real disaster,refers_to_entertainment_or_sports,0
Disaster Tweets,disaster_tweets,disaster_02823,real disaster,expresses_joke_or_sarcasm,0
Disaster Tweets,disaster_tweets,disaster_02823,real disaster,discusses_non_event_context,1
Disaster Tweets,disaster_tweets,disaster_00506,real disaster,mentions_disaster_type,0
Disaster Tweets,disaster_tweets,disaster_00506,real disaster,reports_event_occurrence,0
Disaster Tweets,disaster_tweets,disaster_00506,real disaster,describes_threat_or_danger,0
Disaster Tweets,disaster_tweets,disaster_00506,real disaster,mentions_cause_or_trigger,0
Disaster Tweets,disaster_tweets,disaster_00506,real disaster,mentions_location,0
Disaster Tweets,disaster_tweets,disaster_00506,real disaster,mentions_time_or_recency,0
Disaster Tweets,disaster_tweets,disaster_00506,real disaster,includes_source_or_report,0
Disaster Tweets,disaster_tweets,disaster_00506,real disaster,first_person_witnessing,0
Disaster Tweets,disaster_tweets,disaster_00506,real disaster,mentions_casualties_or_injuries,0
Disaster Tweets,disaster_tweets,disaster_00506,real disaster,mentions_property_damage,0
Disaster Tweets,disaster_tweets,disaster_00506,real disaster,mentions_infrastructure_disruption,0
Disaster Tweets,disaster_tweets,disaster_00506,real disaster,mentions_scale_or_intensity,0
Disaster Tweets,disaster_tweets,disaster_00506,real disaster,calls_for_help,0
Disaster Tweets,disaster_tweets,disaster_00506,real disaster,mentions_rescue_or_emergency_services,0
Disaster Tweets,disaster_tweets,disaster_00506,real disaster,mentions_evacuation_or_shelter,0
Disaster Tweets,disaster_tweets,disaster_00506,real disaster,gives_safety_instruction,0
Disaster Tweets,disaster_tweets,disaster_00506,real disaster,uses_metaphor_or_idiom,1
Disaster Tweets,disaster_tweets,disaster_00506,real disaster,refers_to_entertainment_or_sports,1
Disaster Tweets,disaster_tweets,disaster_00506,real disaster,expresses_joke_or_sarcasm,1
Disaster Tweets,disaster_tweets,disaster_00506,real disaster,discusses_non_event_context,1
Disaster Tweets,disaster_tweets,disaster_01840,not disaster,mentions_disaster_type,0
Disaster Tweets,disaster_tweets,disaster_01840,not disaster,reports_event_occurrence,0
Disaster Tweets,disaster_tweets,disaster_01840,not disaster,describes_threat_or_danger,0
Disaster Tweets,disaster_tweets,disaster_01840,not disaster,mentions_cause_or_trigger,0
Disaster Tweets,disaster_tweets,disaster_01840,not disaster,mentions_location,0
Disaster Tweets,disaster_tweets,disaster_01840,not disaster,mentions_time_or_recency,1
Disaster Tweets,disaster_tweets,disaster_01840,not disaster,includes_source_or_report,0
Disaster Tweets,disaster_tweets,disaster_01840,not disaster,first_person_witnessing,0
Disaster Tweets,disaster_tweets,disaster_01840,not disaster,mentions_casualties_or_injuries,0
Disaster Tweets,disaster_tweets,disaster_01840,not disaster,mentions_property_damage,0
Disaster Tweets,disaster_tweets,disaster_01840,not disaster,mentions_infrastructure_disruption,0
Disaster Tweets,disaster_tweets,disaster_01840,not disaster,mentions_scale_or_intensity,0
Disaster Tweets,disaster_tweets,disaster_01840,not disaster,calls_for_help,0
Disaster Tweets,disaster_tweets,disaster_01840,not disaster,mentions_rescue_or_emergency_services,0
Disaster Tweets,disaster_tweets,disaster_01840,not disaster,mentions_evacuation_or_shelter,0
Disaster Tweets,disaster_tweets,disaster_01840,not disaster,gives_safety_instruction,0
Disaster Tweets,disaster_tweets,disaster_01840,not disaster,uses_metaphor_or_idiom,0
Disaster Tweets,disaster_tweets,disaster_01840,not disaster,refers_to_entertainment_or_sports,0
Disaster Tweets,disaster_tweets,disaster_01840,not disaster,expresses_joke_or_sarcasm,0
Disaster Tweets,disaster_tweets,disaster_01840,not disaster,discusses_non_event_context,1
Disaster Tweets,disaster_tweets,disaster_02686,not disaster,mentions_disaster_type,0
Disaster Tweets,disaster_tweets,disaster_02686,not disaster,reports_event_occurrence,0
Disaster Tweets,disaster_tweets,disaster_02686,not disaster,describes_threat_or_danger,1
Disaster Tweets,disaster_tweets,disaster_02686,not disaster,mentions_cause_or_trigger,0
Disaster Tweets,disaster_tweets,disaster_02686,not disaster,mentions_location,0
Disaster Tweets,disaster_tweets,disaster_02686,not disaster,mentions_time_or_recency,1
Disaster Tweets,disaster_tweets,disaster_02686,not disaster,includes_source_or_report,0
Disaster Tweets,disaster_tweets,disaster_02686,not disaster,first_person_witnessing,0
Disaster Tweets,disaster_tweets,disaster_02686,not disaster,mentions_casualties_or_injuries,0
Disaster Tweets,disaster_tweets,disaster_02686,not disaster,mentions_property_damage,0
Disaster Tweets,disaster_tweets,disaster_02686,not disaster,mentions_infrastructure_disruption,0
Disaster Tweets,disaster_tweets,disaster_02686,not disaster,mentions_scale_or_intensity,0
Disaster Tweets,disaster_tweets,disaster_02686,not disaster,calls_for_help,0
Disaster Tweets,disaster_tweets,disaster_02686,not disaster,mentions_rescue_or_emergency_services,0
Disaster Tweets,disaster_tweets,disaster_02686,not disaster,mentions_evacuation_or_shelter,0
Disaster Tweets,disaster_tweets,disaster_02686,not disaster,gives_safety_instruction,1
Disaster Tweets,disaster_tweets,disaster_02686,not disaster,uses_metaphor_or_idiom,0
Disaster Tweets,disaster_tweets,disaster_02686,not disaster,refers_to_entertainment_or_sports,0
Disaster Tweets,disaster_tweets,disaster_02686,not disaster,expresses_joke_or_sarcasm,0
Disaster Tweets,disaster_tweets,disaster_02686,not disaster,discusses_non_event_context,1
Disaster Tweets,disaster_tweets,disaster_03071,not disaster,mentions_disaster_type,0
Disaster Tweets,disaster_tweets,disaster_03071,not disaster,reports_event_occurrence,0
Disaster Tweets,disaster_tweets,disaster_03071,not disaster,describes_threat_or_danger,1
Disaster Tweets,disaster_tweets,disaster_03071,not disaster,mentions_cause_or_trigger,0
Disaster Tweets,disaster_tweets,disaster_03071,not disaster,mentions_location,0
Disaster Tweets,disaster_tweets,disaster_03071,not disaster,mentions_time_or_recency,0
Disaster Tweets,disaster_tweets,disaster_03071,not disaster,includes_source_or_report,0
Disaster Tweets,disaster_tweets,disaster_03071,not disaster,first_person_witnessing,1
Disaster Tweets,disaster_tweets,disaster_03071,not disaster,mentions_casualties_or_injuries,0
Disaster Tweets,disaster_tweets,disaster_03071,not disaster,mentions_property_damage,0
Disaster Tweets,disaster_tweets,disaster_03071,not disaster,mentions_infrastructure_disruption,0
Disaster Tweets,disaster_tweets,disaster_03071,not disaster,mentions_scale_or_intensity,0
Disaster Tweets,disaster_tweets,disaster_03071,not disaster,calls_for_help,0
Disaster Tweets,disaster_tweets,disaster_03071,not disaster,mentions_rescue_or_emergency_services,0
Disaster Tweets,disaster_tweets,disaster_03071,not disaster,mentions_evacuation_or_shelter,0
Disaster Tweets,disaster_tweets,disaster_03071,not disaster,gives_safety_instruction,0
Disaster Tweets,disaster_tweets,disaster_03071,not disaster,uses_metaphor_or_idiom,1
Disaster Tweets,disaster_tweets,disaster_03071,not disaster,refers_to_entertainment_or_sports,0
Disaster Tweets,disaster_tweets,disaster_03071,not disaster,expresses_joke_or_sarcasm,0
Disaster Tweets,disaster_tweets,disaster_03071,not disaster,discusses_non_event_context,0
Disaster Tweets,disaster_tweets,disaster_03150,not disaster,mentions_disaster_type,0
Disaster Tweets,disaster_tweets,disaster_03150,not disaster,reports_event_occurrence,0
Disaster Tweets,disaster_tweets,disaster_03150,not disaster,describes_threat_or_danger,0
Disaster Tweets,disaster_tweets,disaster_03150,not disaster,mentions_cause_or_trigger,0
Disaster Tweets,disaster_tweets,disaster_03150,not disaster,mentions_location,0
Disaster Tweets,disaster_tweets,disaster_03150,not disaster,mentions_time_or_recency,0
Disaster Tweets,disaster_tweets,disaster_03150,not disaster,includes_source_or_report,0
Disaster Tweets,disaster_tweets,disaster_03150,not disaster,first_person_witnessing,0
Disaster Tweets,disaster_tweets,disaster_03150,not disaster,mentions_casualties_or_injuries,0
Disaster Tweets,disaster_tweets,disaster_03150,not disaster,mentions_property_damage,0
Disaster Tweets,disaster_tweets,disaster_03150,not disaster,mentions_infrastructure_disruption,0
Disaster Tweets,disaster_tweets,disaster_03150,not disaster,mentions_scale_or_intensity,0
Disaster Tweets,disaster_tweets,disaster_03150,not disaster,calls_for_help,0
Disaster Tweets,disaster_tweets,disaster_03150,not disaster,mentions_rescue_or_emergency_services,0
Disaster Tweets,disaster_tweets,disaster_03150,not disaster,mentions_evacuation_or_shelter,0
Disaster Tweets,disaster_tweets,disaster_03150,not disaster,gives_safety_instruction,0
Disaster Tweets,disaster_tweets,disaster_03150,not disaster,uses_metaphor_or_idiom,0
Disaster Tweets,disaster_tweets,disaster_03150,not disaster,refers_to_entertainment_or_sports,0
Disaster Tweets,disaster_tweets,disaster_03150,not disaster,expresses_joke_or_sarcasm,0
Disaster Tweets,disaster_tweets,disaster_03150,not disaster,discusses_non_event_context,0
Disaster Tweets,disaster_tweets,disaster_04305,real disaster,mentions_disaster_type,1
Disaster Tweets,disaster_tweets,disaster_04305,real disaster,reports_event_occurrence,1
Disaster Tweets,disaster_tweets,disaster_04305,real disaster,describes_threat_or_danger,1
Disaster Tweets,disaster_tweets,disaster_04305,real disaster,mentions_cause_or_trigger,0
Disaster Tweets,disaster_tweets,disaster_04305,real disaster,mentions_location,0
Disaster Tweets,disaster_tweets,disaster_04305,real disaster,mentions_time_or_recency,0
Disaster Tweets,disaster_tweets,disaster_04305,real disaster,includes_source_or_report,1
Disaster Tweets,disaster_tweets,disaster_04305,real disaster,first_person_witnessing,0
Disaster Tweets,disaster_tweets,disaster_04305,real disaster,mentions_casualties_or_injuries,1
Disaster Tweets,disaster_tweets,disaster_04305,real disaster,mentions_property_damage,0
Disaster Tweets,disaster_tweets,disaster_04305,real disaster,mentions_infrastructure_disruption,0
Disaster Tweets,disaster_tweets,disaster_04305,real disaster,mentions_scale_or_intensity,0
Disaster Tweets,disaster_tweets,disaster_04305,real disaster,calls_for_help,0
Disaster Tweets,disaster_tweets,disaster_04305,real disaster,mentions_rescue_or_emergency_services,1
Disaster Tweets,disaster_tweets,disaster_04305,real disaster,mentions_evacuation_or_shelter,0
Disaster Tweets,disaster_tweets,disaster_04305,real disaster,gives_safety_instruction,0
Disaster Tweets,disaster_tweets,disaster_04305,real disaster,uses_metaphor_or_idiom,0
Disaster Tweets,disaster_tweets,disaster_04305,real disaster,refers_to_entertainment_or_sports,0
Disaster Tweets,disaster_tweets,disaster_04305,real disaster,expresses_joke_or_sarcasm,0
Disaster Tweets,disaster_tweets,disaster_04305,real disaster,discusses_non_event_context,0
Disaster Tweets,disaster_tweets,disaster_04153,not disaster,mentions_disaster_type,0
Disaster Tweets,disaster_tweets,disaster_04153,not disaster,reports_event_occurrence,0
Disaster Tweets,disaster_tweets,disaster_04153,not disaster,describes_threat_or_danger,0
Disaster Tweets,disaster_tweets,disaster_04153,not disaster,mentions_cause_or_trigger,0
Disaster Tweets,disaster_tweets,disaster_04153,not disaster,mentions_location,0
Disaster Tweets,disaster_tweets,disaster_04153,not disaster,mentions_time_or_recency,0
Disaster Tweets,disaster_tweets,disaster_04153,not disaster,includes_source_or_report,0
Disaster Tweets,disaster_tweets,disaster_04153,not disaster,first_person_witnessing,0
Disaster Tweets,disaster_tweets,disaster_04153,not disaster,mentions_casualties_or_injuries,0
Disaster Tweets,disaster_tweets,disaster_04153,not disaster,mentions_property_damage,0
Disaster Tweets,disaster_tweets,disaster_04153,not disaster,mentions_infrastructure_disruption,0
Disaster Tweets,disaster_tweets,disaster_04153,not disaster,mentions_scale_or_intensity,0
Disaster Tweets,disaster_tweets,disaster_04153,not disaster,calls_for_help,0
Disaster Tweets,disaster_tweets,disaster_04153,not disaster,mentions_rescue_or_emergency_services,0
Disaster Tweets,disaster_tweets,disaster_04153,not disaster,mentions_evacuation_or_shelter,0
Disaster Tweets,disaster_tweets,disaster_04153,not disaster,gives_safety_instruction,0
Disaster Tweets,disaster_tweets,disaster_04153,not disaster,uses_metaphor_or_idiom,0
Disaster Tweets,disaster_tweets,disaster_04153,not disaster,refers_to_entertainment_or_sports,1
Disaster Tweets,disaster_tweets,disaster_04153,not disaster,expresses_joke_or_sarcasm,0
Disaster Tweets,disaster_tweets,disaster_04153,not disaster,discusses_non_event_context,1
Disaster Tweets,disaster_tweets,disaster_03398,not disaster,mentions_disaster_type,0
Disaster Tweets,disaster_tweets,disaster_03398,not disaster,reports_event_occurrence,0
Disaster Tweets,disaster_tweets,disaster_03398,not disaster,describes_threat_or_danger,0
Disaster Tweets,disaster_tweets,disaster_03398,not disaster,mentions_cause_or_trigger,0
Disaster Tweets,disaster_tweets,disaster_03398,not disaster,mentions_location,0
Disaster Tweets,disaster_tweets,disaster_03398,not disaster,mentions_time_or_recency,0
Disaster Tweets,disaster_tweets,disaster_03398,not disaster,includes_source_or_report,0
Disaster Tweets,disaster_tweets,disaster_03398,not disaster,first_person_witnessing,0
Disaster Tweets,disaster_tweets,disaster_03398,not disaster,mentions_casualties_or_injuries,0
Disaster Tweets,disaster_tweets,disaster_03398,not disaster,mentions_property_damage,0
Disaster Tweets,disaster_tweets,disaster_03398,not disaster,mentions_infrastructure_disruption,0
Disaster Tweets,disaster_tweets,disaster_03398,not disaster,mentions_scale_or_intensity,0
Disaster Tweets,disaster_tweets,disaster_03398,not disaster,calls_for_help,0
Disaster Tweets,disaster_tweets,disaster_03398,not disaster,mentions_rescue_or_emergency_services,0
Disaster Tweets,disaster_tweets,disaster_03398,not disaster,mentions_evacuation_or_shelter,0
Disaster Tweets,disaster_tweets,disaster_03398,not disaster,gives_safety_instruction,0
Disaster Tweets,disaster_tweets,disaster_03398,not disaster,uses_metaphor_or_idiom,1
Disaster Tweets,disaster_tweets,disaster_03398,not disaster,refers_to_entertainment_or_sports,0
Disaster Tweets,disaster_tweets,disaster_03398,not disaster,expresses_joke_or_sarcasm,1
Disaster Tweets,disaster_tweets,disaster_03398,not disaster,discusses_non_event_context,1
Disaster Tweets,disaster_tweets,disaster_01401,not disaster,mentions_disaster_type,0
Disaster Tweets,disaster_tweets,disaster_01401,not disaster,reports_event_occurrence,0
Disaster Tweets,disaster_tweets,disaster_01401,not disaster,describes_threat_or_danger,0
Disaster Tweets,disaster_tweets,disaster_01401,not disaster,mentions_cause_or_trigger,0
Disaster Tweets,disaster_tweets,disaster_01401,not disaster,mentions_location,0
Disaster Tweets,disaster_tweets,disaster_01401,not disaster,mentions_time_or_recency,0
Disaster Tweets,disaster_tweets,disaster_01401,not disaster,includes_source_or_report,0
Disaster Tweets,disaster_tweets,disaster_01401,not disaster,first_person_witnessing,0
Disaster Tweets,disaster_tweets,disaster_01401,not disaster,mentions_casualties_or_injuries,0
Disaster Tweets,disaster_tweets,disaster_01401,not disaster,mentions_property_damage,0
Disaster Tweets,disaster_tweets,disaster_01401,not disaster,mentions_infrastructure_disruption,0
Disaster Tweets,disaster_tweets,disaster_01401,not disaster,mentions_scale_or_intensity,0
Disaster Tweets,disaster_tweets,disaster_01401,not disaster,calls_for_help,0
Disaster Tweets,disaster_tweets,disaster_01401,not disaster,mentions_rescue_or_emergency_services,0
Disaster Tweets,disaster_tweets,disaster_01401,not disaster,mentions_evacuation_or_shelter,0
Disaster Tweets,disaster_tweets,disaster_01401,not disaster,gives_safety_instruction,0
Disaster Tweets,disaster_tweets,disaster_01401,not disaster,uses_metaphor_or_idiom,0
Disaster Tweets,disaster_tweets,disaster_01401,not disaster,refers_to_entertainment_or_sports,0
Disaster Tweets,disaster_tweets,disaster_01401,not disaster,expresses_joke_or_sarcasm,1
Disaster Tweets,disaster_tweets,disaster_01401,not disaster,discusses_non_event_context,1
Disaster Tweets,disaster_tweets,disaster_04619,real disaster,mentions_disaster_type,1
Disaster Tweets,disaster_tweets,disaster_04619,real disaster,reports_event_occurrence,1
Disaster Tweets,disaster_tweets,disaster_04619,real disaster,describes_threat_or_danger,1
Disaster Tweets,disaster_tweets,disaster_04619,real disaster,mentions_cause_or_trigger,0
Disaster Tweets,disaster_tweets,disaster_04619,real disaster,mentions_location,1
Disaster Tweets,disaster_tweets,disaster_04619,real disaster,mentions_time_or_recency,1
Disaster Tweets,disaster_tweets,disaster_04619,real disaster,includes_source_or_report,0
Disaster Tweets,disaster_tweets,disaster_04619,real disaster,first_person_witnessing,1
Disaster Tweets,disaster_tweets,disaster_04619,real disaster,mentions_casualties_or_injuries,0
Disaster Tweets,disaster_tweets,disaster_04619,real disaster,mentions_property_damage,1
Disaster Tweets,disaster_tweets,disaster_04619,real disaster,mentions_infrastructure_disruption,1
Disaster Tweets,disaster_tweets,disaster_04619,real disaster,mentions_scale_or_intensity,0
Disaster Tweets,disaster_tweets,disaster_04619,real disaster,calls_for_help,0
Disaster Tweets,disaster_tweets,disaster_04619,real disaster,mentions_rescue_or_emergency_services,0
Disaster Tweets,disaster_tweets,disaster_04619,real disaster,mentions_evacuation_or_shelter,0
Disaster Tweets,disaster_tweets,disaster_04619,real disaster,gives_safety_instruction,0
Disaster Tweets,disaster_tweets,disaster_04619,real disaster,uses_metaphor_or_idiom,0
Disaster Tweets,disaster_tweets,disaster_04619,real disaster,refers_to_entertainment_or_sports,0
Disaster Tweets,disaster_tweets,disaster_04619,real disaster,expresses_joke_or_sarcasm,0
Disaster Tweets,disaster_tweets,disaster_04619,real disaster,discusses_non_event_context,0
Disaster Tweets,disaster_tweets,disaster_04832,real disaster,mentions_disaster_type,1
Disaster Tweets,disaster_tweets,disaster_04832,real disaster,reports_event_occurrence,1
Disaster Tweets,disaster_tweets,disaster_04832,real disaster,describes_threat_or_danger,1
Disaster Tweets,disaster_tweets,disaster_04832,real disaster,mentions_cause_or_trigger,0
Disaster Tweets,disaster_tweets,disaster_04832,real disaster,mentions_location,1
Disaster Tweets,disaster_tweets,disaster_04832,real disaster,mentions_time_or_recency,1
Disaster Tweets,disaster_tweets,disaster_04832,real disaster,includes_source_or_report,1
Disaster Tweets,disaster_tweets,disaster_04832,real disaster,first_person_witnessing,0
Disaster Tweets,disaster_tweets,disaster_04832,real disaster,mentions_casualties_or_injuries,0
Disaster Tweets,disaster_tweets,disaster_04832,real disaster,mentions_property_damage,0
Disaster Tweets,disaster_tweets,disaster_04832,real disaster,mentions_infrastructure_disruption,0
Disaster Tweets,disaster_tweets,disaster_04832,real disaster,mentions_scale_or_intensity,0
Disaster Tweets,disaster_tweets,disaster_04832,real disaster,calls_for_help,0
Disaster Tweets,disaster_tweets,disaster_04832,real disaster,mentions_rescue_or_emergency_services,0
Disaster Tweets,disaster_tweets,disaster_04832,real disaster,mentions_evacuation_or_shelter,0
Disaster Tweets,disaster_tweets,disaster_04832,real disaster,gives_safety_instruction,0
Disaster Tweets,disaster_tweets,disaster_04832,real disaster,uses_metaphor_or_idiom,0
Disaster Tweets,disaster_tweets,disaster_04832,real disaster,refers_to_entertainment_or_sports,0
Disaster Tweets,disaster_tweets,disaster_04832,real disaster,expresses_joke_or_sarcasm,0
Disaster Tweets,disaster_tweets,disaster_04832,real disaster,discusses_non_event_context,0
Disaster Tweets,disaster_tweets,disaster_03480,not disaster,mentions_disaster_type,0
Disaster Tweets,disaster_tweets,disaster_03480,not disaster,reports_event_occurrence,0
Disaster Tweets,disaster_tweets,disaster_03480,not disaster,describes_threat_or_danger,0
Disaster Tweets,disaster_tweets,disaster_03480,not disaster,mentions_cause_or_trigger,0
Disaster Tweets,disaster_tweets,disaster_03480,not disaster,mentions_location,0
Disaster Tweets,disaster_tweets,disaster_03480,not disaster,mentions_time_or_recency,0
Disaster Tweets,disaster_tweets,disaster_03480,not disaster,includes_source_or_report,0
Disaster Tweets,disaster_tweets,disaster_03480,not disaster,first_person_witnessing,0
Disaster Tweets,disaster_tweets,disaster_03480,not disaster,mentions_casualties_or_injuries,0
Disaster Tweets,disaster_tweets,disaster_03480,not disaster,mentions_property_damage,0
Disaster Tweets,disaster_tweets,disaster_03480,not disaster,mentions_infrastructure_disruption,0
Disaster Tweets,disaster_tweets,disaster_03480,not disaster,mentions_scale_or_intensity,0
Disaster Tweets,disaster_tweets,disaster_03480,not disaster,calls_for_help,0
Disaster Tweets,disaster_tweets,disaster_03480,not disaster,mentions_rescue_or_emergency_services,0
Disaster Tweets,disaster_tweets,disaster_03480,not disaster,mentions_evacuation_or_shelter,0
Disaster Tweets,disaster_tweets,disaster_03480,not disaster,gives_safety_instruction,0
Disaster Tweets,disaster_tweets,disaster_03480,not disaster,uses_metaphor_or_idiom,1
Disaster Tweets,disaster_tweets,disaster_03480,not disaster,refers_to_entertainment_or_sports,1
Disaster Tweets,disaster_tweets,disaster_03480,not disaster,expresses_joke_or_sarcasm,0
Disaster Tweets,disaster_tweets,disaster_03480,not disaster,discusses_non_event_context,1
Disaster Tweets,disaster_tweets,disaster_04810,not disaster,mentions_disaster_type,0
Disaster Tweets,disaster_tweets,disaster_04810,not disaster,reports_event_occurrence,0
Disaster Tweets,disaster_tweets,disaster_04810,not disaster,describes_threat_or_danger,0
Disaster Tweets,disaster_tweets,disaster_04810,not disaster,mentions_cause_or_trigger,0
Disaster Tweets,disaster_tweets,disaster_04810,not disaster,mentions_location,1
Disaster Tweets,disaster_tweets,disaster_04810,not disaster,mentions_time_or_recency,0
Disaster Tweets,disaster_tweets,disaster_04810,not disaster,includes_source_or_report,0
Disaster Tweets,disaster_tweets,disaster_04810,not disaster,first_person_witnessing,0
Disaster Tweets,disaster_tweets,disaster_04810,not disaster,mentions_casualties_or_injuries,1
Disaster Tweets,disaster_tweets,disaster_04810,not disaster,mentions_property_damage,0
Disaster Tweets,disaster_tweets,disaster_04810,not disaster,mentions_infrastructure_disruption,0
Disaster Tweets,disaster_tweets,disaster_04810,not disaster,mentions_scale_or_intensity,0
Disaster Tweets,disaster_tweets,disaster_04810,not disaster,calls_for_help,0
Disaster Tweets,disaster_tweets,disaster_04810,not disaster,mentions_rescue_or_emergency_services,1
Disaster Tweets,disaster_tweets,disaster_04810,not disaster,mentions_evacuation_or_shelter,0
Disaster Tweets,disaster_tweets,disaster_04810,not disaster,gives_safety_instruction,0
Disaster Tweets,disaster_tweets,disaster_04810,not disaster,uses_metaphor_or_idiom,0
Disaster Tweets,disaster_tweets,disaster_04810,not disaster,refers_to_entertainment_or_sports,1
Disaster Tweets,disaster_tweets,disaster_04810,not disaster,expresses_joke_or_sarcasm,0
Disaster Tweets,disaster_tweets,disaster_04810,not disaster,discusses_non_event_context,0
Disaster Tweets,disaster_tweets,disaster_02942,not disaster,mentions_disaster_type,0
Disaster Tweets,disaster_tweets,disaster_02942,not disaster,reports_event_occurrence,0
Disaster Tweets,disaster_tweets,disaster_02942,not disaster,describes_threat_or_danger,0
Disaster Tweets,disaster_tweets,disaster_02942,not disaster,mentions_cause_or_trigger,0
Disaster Tweets,disaster_tweets,disaster_02942,not disaster,mentions_location,0
Disaster Tweets,disaster_tweets,disaster_02942,not disaster,mentions_time_or_recency,0
Disaster Tweets,disaster_tweets,disaster_02942,not disaster,includes_source_or_report,0
Disaster Tweets,disaster_tweets,disaster_02942,not disaster,first_person_witnessing,0
Disaster Tweets,disaster_tweets,disaster_02942,not disaster,mentions_casualties_or_injuries,0
Disaster Tweets,disaster_tweets,disaster_02942,not disaster,mentions_property_damage,0
Disaster Tweets,disaster_tweets,disaster_02942,not disaster,mentions_infrastructure_disruption,0
Disaster Tweets,disaster_tweets,disaster_02942,not disaster,mentions_scale_or_intensity,0
Disaster Tweets,disaster_tweets,disaster_02942,not disaster,calls_for_help,0
Disaster Tweets,disaster_tweets,disaster_02942,not disaster,mentions_rescue_or_emergency_services,0
Disaster Tweets,disaster_tweets,disaster_02942,not disaster,mentions_evacuation_or_shelter,0
Disaster Tweets,disaster_tweets,disaster_02942,not disaster,gives_safety_instruction,0
Disaster Tweets,disaster_tweets,disaster_02942,not disaster,uses_metaphor_or_idiom,0
Disaster Tweets,disaster_tweets,disaster_02942,not disaster,refers_to_entertainment_or_sports,1
Disaster Tweets,disaster_tweets,disaster_02942,not disaster,expresses_joke_or_sarcasm,0
Disaster Tweets,disaster_tweets,disaster_02942,not disaster,discusses_non_event_context,1
Disaster Tweets,disaster_tweets,disaster_01423,real disaster,mentions_disaster_type,0
Disaster Tweets,disaster_tweets,disaster_01423,real disaster,reports_event_occurrence,0
Disaster Tweets,disaster_tweets,disaster_01423,real disaster,describes_threat_or_danger,0
Disaster Tweets,disaster_tweets,disaster_01423,real disaster,mentions_cause_or_trigger,0
Disaster Tweets,disaster_tweets,disaster_01423,real disaster,mentions_location,0
Disaster Tweets,disaster_tweets,disaster_01423,real disaster,mentions_time_or_recency,0
Disaster Tweets,disaster_tweets,disaster_01423,real disaster,includes_source_or_report,0
Disaster Tweets,disaster_tweets,disaster_01423,real disaster,first_person_witnessing,0
Disaster Tweets,disaster_tweets,disaster_01423,real disaster,mentions_casualties_or_injuries,0
Disaster Tweets,disaster_tweets,disaster_01423,real disaster,mentions_property_damage,0
Disaster Tweets,disaster_tweets,disaster_01423,real disaster,mentions_infrastructure_disruption,0
Disaster Tweets,disaster_tweets,disaster_01423,real disaster,mentions_scale_or_intensity,0
Disaster Tweets,disaster_tweets,disaster_01423,real disaster,calls_for_help,0
Disaster Tweets,disaster_tweets,disaster_01423,real disaster,mentions_rescue_or_emergency_services,0
Disaster Tweets,disaster_tweets,disaster_01423,real disaster,mentions_evacuation_or_shelter,0
Disaster Tweets,disaster_tweets,disaster_01423,real disaster,gives_safety_instruction,0
Disaster Tweets,disaster_tweets,disaster_01423,real disaster,uses_metaphor_or_idiom,0
Disaster Tweets,disaster_tweets,disaster_01423,real disaster,refers_to_entertainment_or_sports,0
Disaster Tweets,disaster_tweets,disaster_01423,real disaster,expresses_joke_or_sarcasm,0
Disaster Tweets,disaster_tweets,disaster_01423,real disaster,discusses_non_event_context,1
Disaster Tweets,disaster_tweets,disaster_04246,not disaster,mentions_disaster_type,0
Disaster Tweets,disaster_tweets,disaster_04246,not disaster,reports_event_occurrence,0
Disaster Tweets,disaster_tweets,disaster_04246,not disaster,describes_threat_or_danger,0
Disaster Tweets,disaster_tweets,disaster_04246,not disaster,mentions_cause_or_trigger,0
Disaster Tweets,disaster_tweets,disaster_04246,not disaster,mentions_location,0
Disaster Tweets,disaster_tweets,disaster_04246,not disaster,mentions_time_or_recency,0
Disaster Tweets,disaster_tweets,disaster_04246,not disaster,includes_source_or_report,0
Disaster Tweets,disaster_tweets,disaster_04246,not disaster,first_person_witnessing,0
Disaster Tweets,disaster_tweets,disaster_04246,not disaster,mentions_casualties_or_injuries,0
Disaster Tweets,disaster_tweets,disaster_04246,not disaster,mentions_property_damage,0
Disaster Tweets,disaster_tweets,disaster_04246,not disaster,mentions_infrastructure_disruption,0
Disaster Tweets,disaster_tweets,disaster_04246,not disaster,mentions_scale_or_intensity,0
Disaster Tweets,disaster_tweets,disaster_04246,not disaster,calls_for_help,0
Disaster Tweets,disaster_tweets,disaster_04246,not disaster,mentions_rescue_or_emergency_services,0
Disaster Tweets,disaster_tweets,disaster_04246,not disaster,mentions_evacuation_or_shelter,0
Disaster Tweets,disaster_tweets,disaster_04246,not disaster,gives_safety_instruction,0
Disaster Tweets,disaster_tweets,disaster_04246,not disaster,uses_metaphor_or_idiom,0
Disaster Tweets,disaster_tweets,disaster_04246,not disaster,refers_to_entertainment_or_sports,1
Disaster Tweets,disaster_tweets,disaster_04246,not disaster,expresses_joke_or_sarcasm,1
Disaster Tweets,disaster_tweets,disaster_04246,not disaster,discusses_non_event_context,1
Disaster Tweets,disaster_tweets,disaster_00501,real disaster,mentions_disaster_type,1
Disaster Tweets,disaster_tweets,disaster_00501,real disaster,reports_event_occurrence,1
Disaster Tweets,disaster_tweets,disaster_00501,real disaster,describes_threat_or_danger,1
Disaster Tweets,disaster_tweets,disaster_00501,real disaster,mentions_cause_or_trigger,0
Disaster Tweets,disaster_tweets,disaster_00501,real disaster,mentions_location,0
Disaster Tweets,disaster_tweets,disaster_00501,real disaster,mentions_time_or_recency,1
Disaster Tweets,disaster_tweets,disaster_00501,real disaster,includes_source_or_report,0
Disaster Tweets,disaster_tweets,disaster_00501,real disaster,first_person_witnessing,1
Disaster Tweets,disaster_tweets,disaster_00501,real disaster,mentions_casualties_or_injuries,1
Disaster Tweets,disaster_tweets,disaster_00501,real disaster,mentions_property_damage,0
Disaster Tweets,disaster_tweets,disaster_00501,real disaster,mentions_infrastructure_disruption,0
Disaster Tweets,disaster_tweets,disaster_00501,real disaster,mentions_scale_or_intensity,0
Disaster Tweets,disaster_tweets,disaster_00501,real disaster,calls_for_help,1
Disaster Tweets,disaster_tweets,disaster_00501,real disaster,mentions_rescue_or_emergency_services,1
Disaster Tweets,disaster_tweets,disaster_00501,real disaster,mentions_evacuation_or_shelter,0
Disaster Tweets,disaster_tweets,disaster_00501,real disaster,gives_safety_instruction,0
Disaster Tweets,disaster_tweets,disaster_00501,real disaster,uses_metaphor_or_idiom,0
Disaster Tweets,disaster_tweets,disaster_00501,real disaster,refers_to_entertainment_or_sports,0
Disaster Tweets,disaster_tweets,disaster_00501,real disaster,expresses_joke_or_sarcasm,0
Disaster Tweets,disaster_tweets,disaster_00501,real disaster,discusses_non_event_context,0
Disaster Tweets,disaster_tweets,disaster_04539,real disaster,mentions_disaster_type,0
Disaster Tweets,disaster_tweets,disaster_04539,real disaster,reports_event_occurrence,0
Disaster Tweets,disaster_tweets,disaster_04539,real disaster,describes_threat_or_danger,0
Disaster Tweets,disaster_tweets,disaster_04539,real disaster,mentions_cause_or_trigger,0
Disaster Tweets,disaster_tweets,disaster_04539,real disaster,mentions_location,0
Disaster Tweets,disaster_tweets,disaster_04539,real disaster,mentions_time_or_recency,1
Disaster Tweets,disaster_tweets,disaster_04539,real disaster,includes_source_or_report,0
Disaster Tweets,disaster_tweets,disaster_04539,real disaster,first_person_witnessing,0
Disaster Tweets,disaster_tweets,disaster_04539,real disaster,mentions_casualties_or_injuries,0
Disaster Tweets,disaster_tweets,disaster_04539,real disaster,mentions_property_damage,0
Disaster Tweets,disaster_tweets,disaster_04539,real disaster,mentions_infrastructure_disruption,0
Disaster Tweets,disaster_tweets,disaster_04539,real disaster,mentions_scale_or_intensity,0
Disaster Tweets,disaster_tweets,disaster_04539,real disaster,calls_for_help,0
Disaster Tweets,disaster_tweets,disaster_04539,real disaster,mentions_rescue_or_emergency_services,0
Disaster Tweets,disaster_tweets,disaster_04539,real disaster,mentions_evacuation_or_shelter,0
Disaster Tweets,disaster_tweets,disaster_04539,real disaster,gives_safety_instruction,0
Disaster Tweets,disaster_tweets,disaster_04539,real disaster,uses_metaphor_or_idiom,0
Disaster Tweets,disaster_tweets,disaster_04539,real disaster,refers_to_entertainment_or_sports,0
Disaster Tweets,disaster_tweets,disaster_04539,real disaster,expresses_joke_or_sarcasm,0
Disaster Tweets,disaster_tweets,disaster_04539,real disaster,discusses_non_event_context,0
Disaster Tweets,disaster_tweets,disaster_03064,not disaster,mentions_disaster_type,0
Disaster Tweets,disaster_tweets,disaster_03064,not disaster,reports_event_occurrence,0
Disaster Tweets,disaster_tweets,disaster_03064,not disaster,describes_threat_or_danger,0
Disaster Tweets,disaster_tweets,disaster_03064,not disaster,mentions_cause_or_trigger,0
Disaster Tweets,disaster_tweets,disaster_03064,not disaster,mentions_location,0
Disaster Tweets,disaster_tweets,disaster_03064,not disaster,mentions_time_or_recency,0
Disaster Tweets,disaster_tweets,disaster_03064,not disaster,includes_source_or_report,1
Disaster Tweets,disaster_tweets,disaster_03064,not disaster,first_person_witnessing,0
Disaster Tweets,disaster_tweets,disaster_03064,not disaster,mentions_casualties_or_injuries,0
Disaster Tweets,disaster_tweets,disaster_03064,not disaster,mentions_property_damage,0
Disaster Tweets,disaster_tweets,disaster_03064,not disaster,mentions_infrastructure_disruption,0
Disaster Tweets,disaster_tweets,disaster_03064,not disaster,mentions_scale_or_intensity,0
Disaster Tweets,disaster_tweets,disaster_03064,not disaster,calls_for_help,0
Disaster Tweets,disaster_tweets,disaster_03064,not disaster,mentions_rescue_or_emergency_services,0
Disaster Tweets,disaster_tweets,disaster_03064,not disaster,mentions_evacuation_or_shelter,0
Disaster Tweets,disaster_tweets,disaster_03064,not disaster,gives_safety_instruction,0
Disaster Tweets,disaster_tweets,disaster_03064,not disaster,uses_metaphor_or_idiom,0
Disaster Tweets,disaster_tweets,disaster_03064,not disaster,refers_to_entertainment_or_sports,0
Disaster Tweets,disaster_tweets,disaster_03064,not disaster,expresses_joke_or_sarcasm,0
Disaster Tweets,disaster_tweets,disaster_03064,not disaster,discusses_non_event_context,1
Disaster Tweets,disaster_tweets,disaster_02494,not disaster,mentions_disaster_type,0
Disaster Tweets,disaster_tweets,disaster_02494,not disaster,reports_event_occurrence,0
Disaster Tweets,disaster_tweets,disaster_02494,not disaster,describes_threat_or_danger,0
Disaster Tweets,disaster_tweets,disaster_02494,not disaster,mentions_cause_or_trigger,0
Disaster Tweets,disaster_tweets,disaster_02494,not disaster,mentions_location,0
Disaster Tweets,disaster_tweets,disaster_02494,not disaster,mentions_time_or_recency,0
Disaster Tweets,disaster_tweets,disaster_02494,not disaster,includes_source_or_report,0
Disaster Tweets,disaster_tweets,disaster_02494,not disaster,first_person_witnessing,1
Disaster Tweets,disaster_tweets,disaster_02494,not disaster,mentions_casualties_or_injuries,0
Disaster Tweets,disaster_tweets,disaster_02494,not disaster,mentions_property_damage,0
Disaster Tweets,disaster_tweets,disaster_02494,not disaster,mentions_infrastructure_disruption,0
Disaster Tweets,disaster_tweets,disaster_02494,not disaster,mentions_scale_or_intensity,0
Disaster Tweets,disaster_tweets,disaster_02494,not disaster,calls_for_help,0
Disaster Tweets,disaster_tweets,disaster_02494,not disaster,mentions_rescue_or_emergency_services,0
Disaster Tweets,disaster_tweets,disaster_02494,not disaster,mentions_evacuation_or_shelter,0
Disaster Tweets,disaster_tweets,disaster_02494,not disaster,gives_safety_instruction,0
Disaster Tweets,disaster_tweets,disaster_02494,not disaster,uses_metaphor_or_idiom,0
Disaster Tweets,disaster_tweets,disaster_02494,not disaster,refers_to_entertainment_or_sports,0
Disaster Tweets,disaster_tweets,disaster_02494,not disaster,expresses_joke_or_sarcasm,0
Disaster Tweets,disaster_tweets,disaster_02494,not disaster,discusses_non_event_context,0
Disaster Tweets,disaster_tweets,disaster_04563,real disaster,mentions_disaster_type,1
Disaster Tweets,disaster_tweets,disaster_04563,real disaster,reports_event_occurrence,1
Disaster Tweets,disaster_tweets,disaster_04563,real disaster,describes_threat_or_danger,0
Disaster Tweets,disaster_tweets,disaster_04563,real disaster,mentions_cause_or_trigger,0
Disaster Tweets,disaster_tweets,disaster_04563,real disaster,mentions_location,1
Disaster Tweets,disaster_tweets,disaster_04563,real disaster,mentions_time_or_recency,1
Disaster Tweets,disaster_tweets,disaster_04563,real disaster,includes_source_or_report,1
Disaster Tweets,disaster_tweets,disaster_04563,real disaster,first_person_witnessing,0
Disaster Tweets,disaster_tweets,disaster_04563,real disaster,mentions_casualties_or_injuries,0
Disaster Tweets,disaster_tweets,disaster_04563,real disaster,mentions_property_damage,0
Disaster Tweets,disaster_tweets,disaster_04563,real disaster,mentions_infrastructure_disruption,0
Disaster Tweets,disaster_tweets,disaster_04563,real disaster,mentions_scale_or_intensity,0
Disaster Tweets,disaster_tweets,disaster_04563,real disaster,calls_for_help,0
Disaster Tweets,disaster_tweets,disaster_04563,real disaster,mentions_rescue_or_emergency_services,0
Disaster Tweets,disaster_tweets,disaster_04563,real disaster,mentions_evacuation_or_shelter,0
Disaster Tweets,disaster_tweets,disaster_04563,real disaster,gives_safety_instruction,0
Disaster Tweets,disaster_tweets,disaster_04563,real disaster,uses_metaphor_or_idiom,0
Disaster Tweets,disaster_tweets,disaster_04563,real disaster,refers_to_entertainment_or_sports,0
Disaster Tweets,disaster_tweets,disaster_04563,real disaster,expresses_joke_or_sarcasm,0
Disaster Tweets,disaster_tweets,disaster_04563,real disaster,discusses_non_event_context,0
Disaster Tweets,disaster_tweets,disaster_01591,real disaster,mentions_disaster_type,1
Disaster Tweets,disaster_tweets,disaster_01591,real disaster,reports_event_occurrence,1
Disaster Tweets,disaster_tweets,disaster_01591,real disaster,describes_threat_or_danger,1
Disaster Tweets,disaster_tweets,disaster_01591,real disaster,mentions_cause_or_trigger,0
Disaster Tweets,disaster_tweets,disaster_01591,real disaster,mentions_location,1
Disaster Tweets,disaster_tweets,disaster_01591,real disaster,mentions_time_or_recency,0
Disaster Tweets,disaster_tweets,disaster_01591,real disaster,includes_source_or_report,1
Disaster Tweets,disaster_tweets,disaster_01591,real disaster,first_person_witnessing,0
Disaster Tweets,disaster_tweets,disaster_01591,real disaster,mentions_casualties_or_injuries,1
Disaster Tweets,disaster_tweets,disaster_01591,real disaster,mentions_property_damage,0
Disaster Tweets,disaster_tweets,disaster_01591,real disaster,mentions_infrastructure_disruption,1
Disaster Tweets,disaster_tweets,disaster_01591,real disaster,mentions_scale_or_intensity,0
Disaster Tweets,disaster_tweets,disaster_01591,real disaster,calls_for_help,0
Disaster Tweets,disaster_tweets,disaster_01591,real disaster,mentions_rescue_or_emergency_services,1
Disaster Tweets,disaster_tweets,disaster_01591,real disaster,mentions_evacuation_or_shelter,0
Disaster Tweets,disaster_tweets,disaster_01591,real disaster,gives_safety_instruction,0
Disaster Tweets,disaster_tweets,disaster_01591,real disaster,uses_metaphor_or_idiom,0
Disaster Tweets,disaster_tweets,disaster_01591,real disaster,refers_to_entertainment_or_sports,0
Disaster Tweets,disaster_tweets,disaster_01591,real disaster,expresses_joke_or_sarcasm,0
Disaster Tweets,disaster_tweets,disaster_01591,real disaster,discusses_non_event_context,0
Disaster Tweets,disaster_tweets,disaster_00213,not disaster,mentions_disaster_type,0
Disaster Tweets,disaster_tweets,disaster_00213,not disaster,reports_event_occurrence,0
Disaster Tweets,disaster_tweets,disaster_00213,not disaster,describes_threat_or_danger,0
Disaster Tweets,disaster_tweets,disaster_00213,not disaster,mentions_cause_or_trigger,0
Disaster Tweets,disaster_tweets,disaster_00213,not disaster,mentions_location,0
Disaster Tweets,disaster_tweets,disaster_00213,not disaster,mentions_time_or_recency,0
Disaster Tweets,disaster_tweets,disaster_00213,not disaster,includes_source_or_report,0
Disaster Tweets,disaster_tweets,disaster_00213,not disaster,first_person_witnessing,0
Disaster Tweets,disaster_tweets,disaster_00213,not disaster,mentions_casualties_or_injuries,0
Disaster Tweets,disaster_tweets,disaster_00213,not disaster,mentions_property_damage,0
Disaster Tweets,disaster_tweets,disaster_00213,not disaster,mentions_infrastructure_disruption,0
Disaster Tweets,disaster_tweets,disaster_00213,not disaster,mentions_scale_or_intensity,0
Disaster Tweets,disaster_tweets,disaster_00213,not disaster,calls_for_help,0
Disaster Tweets,disaster_tweets,disaster_00213,not disaster,mentions_rescue_or_emergency_services,0
Disaster Tweets,disaster_tweets,disaster_00213,not disaster,mentions_evacuation_or_shelter,0
Disaster Tweets,disaster_tweets,disaster_00213,not disaster,gives_safety_instruction,0
Disaster Tweets,disaster_tweets,disaster_00213,not disaster,uses_metaphor_or_idiom,0
Disaster Tweets,disaster_tweets,disaster_00213,not disaster,refers_to_entertainment_or_sports,1
Disaster Tweets,disaster_tweets,disaster_00213,not disaster,expresses_joke_or_sarcasm,0
Disaster Tweets,disaster_tweets,disaster_00213,not disaster,discusses_non_event_context,1
Disaster Tweets,disaster_tweets,disaster_03470,not disaster,mentions_disaster_type,0
Disaster Tweets,disaster_tweets,disaster_03470,not disaster,reports_event_occurrence,0
Disaster Tweets,disaster_tweets,disaster_03470,not disaster,describes_threat_or_danger,0
Disaster Tweets,disaster_tweets,disaster_03470,not disaster,mentions_cause_or_trigger,0
Disaster Tweets,disaster_tweets,disaster_03470,not disaster,mentions_location,0
Disaster Tweets,disaster_tweets,disaster_03470,not disaster,mentions_time_or_recency,0
Disaster Tweets,disaster_tweets,disaster_03470,not disaster,includes_source_or_report,0
Disaster Tweets,disaster_tweets,disaster_03470,not disaster,first_person_witnessing,0
Disaster Tweets,disaster_tweets,disaster_03470,not disaster,mentions_casualties_or_injuries,0
Disaster Tweets,disaster_tweets,disaster_03470,not disaster,mentions_property_damage,0
Disaster Tweets,disaster_tweets,disaster_03470,not disaster,mentions_infrastructure_disruption,0
Disaster Tweets,disaster_tweets,disaster_03470,not disaster,mentions_scale_or_intensity,0
Disaster Tweets,disaster_tweets,disaster_03470,not disaster,calls_for_help,0
Disaster Tweets,disaster_tweets,disaster_03470,not disaster,mentions_rescue_or_emergency_services,0
Disaster Tweets,disaster_tweets,disaster_03470,not disaster,mentions_evacuation_or_shelter,0
Disaster Tweets,disaster_tweets,disaster_03470,not disaster,gives_safety_instruction,0
Disaster Tweets,disaster_tweets,disaster_03470,not disaster,uses_metaphor_or_idiom,0
Disaster Tweets,disaster_tweets,disaster_03470,not disaster,refers_to_entertainment_or_sports,0
Disaster Tweets,disaster_tweets,disaster_03470,not disaster,expresses_joke_or_sarcasm,0
Disaster Tweets,disaster_tweets,disaster_03470,not disaster,discusses_non_event_context,1
Disaster Tweets,disaster_tweets,disaster_00575,not disaster,mentions_disaster_type,0
Disaster Tweets,disaster_tweets,disaster_00575,not disaster,reports_event_occurrence,0
Disaster Tweets,disaster_tweets,disaster_00575,not disaster,describes_threat_or_danger,0
Disaster Tweets,disaster_tweets,disaster_00575,not disaster,mentions_cause_or_trigger,0
Disaster Tweets,disaster_tweets,disaster_00575,not disaster,mentions_location,0
Disaster Tweets,disaster_tweets,disaster_00575,not disaster,mentions_time_or_recency,0
Disaster Tweets,disaster_tweets,disaster_00575,not disaster,includes_source_or_report,0
Disaster Tweets,disaster_tweets,disaster_00575,not disaster,first_person_witnessing,0
Disaster Tweets,disaster_tweets,disaster_00575,not disaster,mentions_casualties_or_injuries,0
Disaster Tweets,disaster_tweets,disaster_00575,not disaster,mentions_property_damage,0
Disaster Tweets,disaster_tweets,disaster_00575,not disaster,mentions_infrastructure_disruption,0
Disaster Tweets,disaster_tweets,disaster_00575,not disaster,mentions_scale_or_intensity,0
Disaster Tweets,disaster_tweets,disaster_00575,not disaster,calls_for_help,0
Disaster Tweets,disaster_tweets,disaster_00575,not disaster,mentions_rescue_or_emergency_services,0
Disaster Tweets,disaster_tweets,disaster_00575,not disaster,mentions_evacuation_or_shelter,0
Disaster Tweets,disaster_tweets,disaster_00575,not disaster,gives_safety_instruction,0
Disaster Tweets,disaster_tweets,disaster_00575,not disaster,uses_metaphor_or_idiom,0
Disaster Tweets,disaster_tweets,disaster_00575,not disaster,refers_to_entertainment_or_sports,0
Disaster Tweets,disaster_tweets,disaster_00575,not disaster,expresses_joke_or_sarcasm,1
Disaster Tweets,disaster_tweets,disaster_00575,not disaster,discusses_non_event_context,1
Disaster Tweets,disaster_tweets,disaster_01190,not disaster,mentions_disaster_type,0
Disaster Tweets,disaster_tweets,disaster_01190,not disaster,reports_event_occurrence,0
Disaster Tweets,disaster_tweets,disaster_01190,not disaster,describes_threat_or_danger,0
Disaster Tweets,disaster_tweets,disaster_01190,not disaster,mentions_cause_or_trigger,0
Disaster Tweets,disaster_tweets,disaster_01190,not disaster,mentions_location,0
Disaster Tweets,disaster_tweets,disaster_01190,not disaster,mentions_time_or_recency,0
Disaster Tweets,disaster_tweets,disaster_01190,not disaster,includes_source_or_report,0
Disaster Tweets,disaster_tweets,disaster_01190,not disaster,first_person_witnessing,0
Disaster Tweets,disaster_tweets,disaster_01190,not disaster,mentions_casualties_or_injuries,0
Disaster Tweets,disaster_tweets,disaster_01190,not disaster,mentions_property_damage,0
Disaster Tweets,disaster_tweets,disaster_01190,not disaster,mentions_infrastructure_disruption,0
Disaster Tweets,disaster_tweets,disaster_01190,not disaster,mentions_scale_or_intensity,0
Disaster Tweets,disaster_tweets,disaster_01190,not disaster,calls_for_help,0
Disaster Tweets,disaster_tweets,disaster_01190,not disaster,mentions_rescue_or_emergency_services,0
Disaster Tweets,disaster_tweets,disaster_01190,not disaster,mentions_evacuation_or_shelter,0
Disaster Tweets,disaster_tweets,disaster_01190,not disaster,gives_safety_instruction,0
Disaster Tweets,disaster_tweets,disaster_01190,not disaster,uses_metaphor_or_idiom,0
Disaster Tweets,disaster_tweets,disaster_01190,not disaster,refers_to_entertainment_or_sports,0
Disaster Tweets,disaster_tweets,disaster_01190,not disaster,expresses_joke_or_sarcasm,0
Disaster Tweets,disaster_tweets,disaster_01190,not disaster,discusses_non_event_context,1
Disaster Tweets,disaster_tweets,disaster_03277,real disaster,mentions_disaster_type,0
Disaster Tweets,disaster_tweets,disaster_03277,real disaster,reports_event_occurrence,0
Disaster Tweets,disaster_tweets,disaster_03277,real disaster,describes_threat_or_danger,0
Disaster Tweets,disaster_tweets,disaster_03277,real disaster,mentions_cause_or_trigger,0
Disaster Tweets,disaster_tweets,disaster_03277,real disaster,mentions_location,0
Disaster Tweets,disaster_tweets,disaster_03277,real disaster,mentions_time_or_recency,0
Disaster Tweets,disaster_tweets,disaster_03277,real disaster,includes_source_or_report,0
Disaster Tweets,disaster_tweets,disaster_03277,real disaster,first_person_witnessing,1
Disaster Tweets,disaster_tweets,disaster_03277,real disaster,mentions_casualties_or_injuries,0
Disaster Tweets,disaster_tweets,disaster_03277,real disaster,mentions_property_damage,0
Disaster Tweets,disaster_tweets,disaster_03277,real disaster,mentions_infrastructure_disruption,0
Disaster Tweets,disaster_tweets,disaster_03277,real disaster,mentions_scale_or_intensity,0
Disaster Tweets,disaster_tweets,disaster_03277,real disaster,calls_for_help,0
Disaster Tweets,disaster_tweets,disaster_03277,real disaster,mentions_rescue_or_emergency_services,0
Disaster Tweets,disaster_tweets,disaster_03277,real disaster,mentions_evacuation_or_shelter,0
Disaster Tweets,disaster_tweets,disaster_03277,real disaster,gives_safety_instruction,0
Disaster Tweets,disaster_tweets,disaster_03277,real disaster,uses_metaphor_or_idiom,1
Disaster Tweets,disaster_tweets,disaster_03277,real disaster,refers_to_entertainment_or_sports,0
Disaster Tweets,disaster_tweets,disaster_03277,real disaster,expresses_joke_or_sarcasm,0
Disaster Tweets,disaster_tweets,disaster_03277,real disaster,discusses_non_event_context,1
Disaster Tweets,disaster_tweets,disaster_01887,real disaster,mentions_disaster_type,0
Disaster Tweets,disaster_tweets,disaster_01887,real disaster,reports_event_occurrence,0
Disaster Tweets,disaster_tweets,disaster_01887,real disaster,describes_threat_or_danger,0
Disaster Tweets,disaster_tweets,disaster_01887,real disaster,mentions_cause_or_trigger,0
Disaster Tweets,disaster_tweets,disaster_01887,real disaster,mentions_location,0
Disaster Tweets,disaster_tweets,disaster_01887,real disaster,mentions_time_or_recency,1
Disaster Tweets,disaster_tweets,disaster_01887,real disaster,includes_source_or_report,0
Disaster Tweets,disaster_tweets,disaster_01887,real disaster,first_person_witnessing,1
Disaster Tweets,disaster_tweets,disaster_01887,real disaster,mentions_casualties_or_injuries,0
Disaster Tweets,disaster_tweets,disaster_01887,real disaster,mentions_property_damage,0
Disaster Tweets,disaster_tweets,disaster_01887,real disaster,mentions_infrastructure_disruption,0
Disaster Tweets,disaster_tweets,disaster_01887,real disaster,mentions_scale_or_intensity,0
Disaster Tweets,disaster_tweets,disaster_01887,real disaster,calls_for_help,0
Disaster Tweets,disaster_tweets,disaster_01887,real disaster,mentions_rescue_or_emergency_services,0
Disaster Tweets,disaster_tweets,disaster_01887,real disaster,mentions_evacuation_or_shelter,0
Disaster Tweets,disaster_tweets,disaster_01887,real disaster,gives_safety_instruction,0
Disaster Tweets,disaster_tweets,disaster_01887,real disaster,uses_metaphor_or_idiom,1
Disaster Tweets,disaster_tweets,disaster_01887,real disaster,refers_to_entertainment_or_sports,0
Disaster Tweets,disaster_tweets,disaster_01887,real disaster,expresses_joke_or_sarcasm,0
Disaster Tweets,disaster_tweets,disaster_01887,real disaster,discusses_non_event_context,0
Disaster Tweets,disaster_tweets,disaster_03751,not disaster,mentions_disaster_type,0
Disaster Tweets,disaster_tweets,disaster_03751,not disaster,reports_event_occurrence,0
Disaster Tweets,disaster_tweets,disaster_03751,not disaster,describes_threat_or_danger,0
Disaster Tweets,disaster_tweets,disaster_03751,not disaster,mentions_cause_or_trigger,0
Disaster Tweets,disaster_tweets,disaster_03751,not disaster,mentions_location,0
Disaster Tweets,disaster_tweets,disaster_03751,not disaster,mentions_time_or_recency,0
Disaster Tweets,disaster_tweets,disaster_03751,not disaster,includes_source_or_report,0
Disaster Tweets,disaster_tweets,disaster_03751,not disaster,first_person_witnessing,0
Disaster Tweets,disaster_tweets,disaster_03751,not disaster,mentions_casualties_or_injuries,0
Disaster Tweets,disaster_tweets,disaster_03751,not disaster,mentions_property_damage,0
Disaster Tweets,disaster_tweets,disaster_03751,not disaster,mentions_infrastructure_disruption,0
Disaster Tweets,disaster_tweets,disaster_03751,not disaster,mentions_scale_or_intensity,0
Disaster Tweets,disaster_tweets,disaster_03751,not disaster,calls_for_help,0
Disaster Tweets,disaster_tweets,disaster_03751,not disaster,mentions_rescue_or_emergency_services,0
Disaster Tweets,disaster_tweets,disaster_03751,not disaster,mentions_evacuation_or_shelter,0
Disaster Tweets,disaster_tweets,disaster_03751,not disaster,gives_safety_instruction,0
Disaster Tweets,disaster_tweets,disaster_03751,not disaster,uses_metaphor_or_idiom,1
Disaster Tweets,disaster_tweets,disaster_03751,not disaster,refers_to_entertainment_or_sports,1
Disaster Tweets,disaster_tweets,disaster_03751,not disaster,expresses_joke_or_sarcasm,0
Disaster Tweets,disaster_tweets,disaster_03751,not disaster,discusses_non_event_context,1
Disaster Tweets,disaster_tweets,disaster_01330,real disaster,mentions_disaster_type,1
Disaster Tweets,disaster_tweets,disaster_01330,real disaster,reports_event_occurrence,0
Disaster Tweets,disaster_tweets,disaster_01330,real disaster,describes_threat_or_danger,1
Disaster Tweets,disaster_tweets,disaster_01330,real disaster,mentions_cause_or_trigger,1
Disaster Tweets,disaster_tweets,disaster_01330,real disaster,mentions_location,1
Disaster Tweets,disaster_tweets,disaster_01330,real disaster,mentions_time_or_recency,0
Disaster Tweets,disaster_tweets,disaster_01330,real disaster,includes_source_or_report,0
Disaster Tweets,disaster_tweets,disaster_01330,real disaster,first_person_witnessing,0
Disaster Tweets,disaster_tweets,disaster_01330,real disaster,mentions_casualties_or_injuries,1
Disaster Tweets,disaster_tweets,disaster_01330,real disaster,mentions_property_damage,0
Disaster Tweets,disaster_tweets,disaster_01330,real disaster,mentions_infrastructure_disruption,0
Disaster Tweets,disaster_tweets,disaster_01330,real disaster,mentions_scale_or_intensity,0
Disaster Tweets,disaster_tweets,disaster_01330,real disaster,calls_for_help,0
Disaster Tweets,disaster_tweets,disaster_01330,real disaster,mentions_rescue_or_emergency_services,0
Disaster Tweets,disaster_tweets,disaster_01330,real disaster,mentions_evacuation_or_shelter,0
Disaster Tweets,disaster_tweets,disaster_01330,real disaster,gives_safety_instruction,0
Disaster Tweets,disaster_tweets,disaster_01330,real disaster,uses_metaphor_or_idiom,0
Disaster Tweets,disaster_tweets,disaster_01330,real disaster,refers_to_entertainment_or_sports,0
Disaster Tweets,disaster_tweets,disaster_01330,real disaster,expresses_joke_or_sarcasm,0
Disaster Tweets,disaster_tweets,disaster_01330,real disaster,discusses_non_event_context,0
Disaster Tweets,disaster_tweets,disaster_03363,real disaster,mentions_disaster_type,1
Disaster Tweets,disaster_tweets,disaster_03363,real disaster,reports_event_occurrence,0
Disaster Tweets,disaster_tweets,disaster_03363,real disaster,describes_threat_or_danger,1
Disaster Tweets,disaster_tweets,disaster_03363,real disaster,mentions_cause_or_trigger,0
Disaster Tweets,disaster_tweets,disaster_03363,real disaster,mentions_location,0
Disaster Tweets,disaster_tweets,disaster_03363,real disaster,mentions_time_or_recency,0
Disaster Tweets,disaster_tweets,disaster_03363,real disaster,includes_source_or_report,0
Disaster Tweets,disaster_tweets,disaster_03363,real disaster,first_person_witnessing,0
Disaster Tweets,disaster_tweets,disaster_03363,real disaster,mentions_casualties_or_injuries,0
Disaster Tweets,disaster_tweets,disaster_03363,real disaster,mentions_property_damage,0
Disaster Tweets,disaster_tweets,disaster_03363,real disaster,mentions_infrastructure_disruption,0
Disaster Tweets,disaster_tweets,disaster_03363,real disaster,mentions_scale_or_intensity,1
Disaster Tweets,disaster_tweets,disaster_03363,real disaster,calls_for_help,0
Disaster Tweets,disaster_tweets,disaster_03363,real disaster,mentions_rescue_or_emergency_services,0
Disaster Tweets,disaster_tweets,disaster_03363,real disaster,mentions_evacuation_or_shelter,0
Disaster Tweets,disaster_tweets,disaster_03363,real disaster,gives_safety_instruction,0
Disaster Tweets,disaster_tweets,disaster_03363,real disaster,uses_metaphor_or_idiom,0
Disaster Tweets,disaster_tweets,disaster_03363,real disaster,refers_to_entertainment_or_sports,0
Disaster Tweets,disaster_tweets,disaster_03363,real disaster,expresses_joke_or_sarcasm,0
Disaster Tweets,disaster_tweets,disaster_03363,real disaster,discusses_non_event_context,0
Disaster Tweets,disaster_tweets,disaster_02901,real disaster,mentions_disaster_type,1
Disaster Tweets,disaster_tweets,disaster_02901,real disaster,reports_event_occurrence,0
Disaster Tweets,disaster_tweets,disaster_02901,real disaster,describes_threat_or_danger,1
Disaster Tweets,disaster_tweets,disaster_02901,real disaster,mentions_cause_or_trigger,0
Disaster Tweets,disaster_tweets,disaster_02901,real disaster,mentions_location,0
Disaster Tweets,disaster_tweets,disaster_02901,real disaster,mentions_time_or_recency,0
Disaster Tweets,disaster_tweets,disaster_02901,real disaster,includes_source_or_report,1
Disaster Tweets,disaster_tweets,disaster_02901,real disaster,first_person_witnessing,0
Disaster Tweets,disaster_tweets,disaster_02901,real disaster,mentions_casualties_or_injuries,0
Disaster Tweets,disaster_tweets,disaster_02901,real disaster,mentions_property_damage,0
Disaster Tweets,disaster_tweets,disaster_02901,real disaster,mentions_infrastructure_disruption,0
Disaster Tweets,disaster_tweets,disaster_02901,real disaster,mentions_scale_or_intensity,0
Disaster Tweets,disaster_tweets,disaster_02901,real disaster,calls_for_help,0
Disaster Tweets,disaster_tweets,disaster_02901,real disaster,mentions_rescue_or_emergency_services,0
Disaster Tweets,disaster_tweets,disaster_02901,real disaster,mentions_evacuation_or_shelter,0
Disaster Tweets,disaster_tweets,disaster_02901,real disaster,gives_safety_instruction,1
Disaster Tweets,disaster_tweets,disaster_02901,real disaster,uses_metaphor_or_idiom,0
Disaster Tweets,disaster_tweets,disaster_02901,real disaster,refers_to_entertainment_or_sports,0
Disaster Tweets,disaster_tweets,disaster_02901,real disaster,expresses_joke_or_sarcasm,0
Disaster Tweets,disaster_tweets,disaster_02901,real disaster,discusses_non_event_context,0
Disaster Tweets,disaster_tweets,disaster_01312,real disaster,mentions_disaster_type,1
Disaster Tweets,disaster_tweets,disaster_01312,real disaster,reports_event_occurrence,1
Disaster Tweets,disaster_tweets,disaster_01312,real disaster,describes_threat_or_danger,1
Disaster Tweets,disaster_tweets,disaster_01312,real disaster,mentions_cause_or_trigger,1
Disaster Tweets,disaster_tweets,disaster_01312,real disaster,mentions_location,1
Disaster Tweets,disaster_tweets,disaster_01312,real disaster,mentions_time_or_recency,0
Disaster Tweets,disaster_tweets,disaster_01312,real disaster,includes_source_or_report,1
Disaster Tweets,disaster_tweets,disaster_01312,real disaster,first_person_witnessing,0
Disaster Tweets,disaster_tweets,disaster_01312,real disaster,mentions_casualties_or_injuries,1
Disaster Tweets,disaster_tweets,disaster_01312,real disaster,mentions_property_damage,1
Disaster Tweets,disaster_tweets,disaster_01312,real disaster,mentions_infrastructure_disruption,0
Disaster Tweets,disaster_tweets,disaster_01312,real disaster,mentions_scale_or_intensity,0
Disaster Tweets,disaster_tweets,disaster_01312,real disaster,calls_for_help,0
Disaster Tweets,disaster_tweets,disaster_01312,real disaster,mentions_rescue_or_emergency_services,1
Disaster Tweets,disaster_tweets,disaster_01312,real disaster,mentions_evacuation_or_shelter,0
Disaster Tweets,disaster_tweets,disaster_01312,real disaster,gives_safety_instruction,0
Disaster Tweets,disaster_tweets,disaster_01312,real disaster,uses_metaphor_or_idiom,0
Disaster Tweets,disaster_tweets,disaster_01312,real disaster,refers_to_entertainment_or_sports,0
Disaster Tweets,disaster_tweets,disaster_01312,real disaster,expresses_joke_or_sarcasm,0
Disaster Tweets,disaster_tweets,disaster_01312,real disaster,discusses_non_event_context,0
Disaster Tweets,disaster_tweets,disaster_03573,not disaster,mentions_disaster_type,0
Disaster Tweets,disaster_tweets,disaster_03573,not disaster,reports_event_occurrence,0
Disaster Tweets,disaster_tweets,disaster_03573,not disaster,describes_threat_or_danger,1
Disaster Tweets,disaster_tweets,disaster_03573,not disaster,mentions_cause_or_trigger,0
Disaster Tweets,disaster_tweets,disaster_03573,not disaster,mentions_location,1
Disaster Tweets,disaster_tweets,disaster_03573,not disaster,mentions_time_or_recency,0
Disaster Tweets,disaster_tweets,disaster_03573,not disaster,includes_source_or_report,0
Disaster Tweets,disaster_tweets,disaster_03573,not disaster,first_person_witnessing,1
Disaster Tweets,disaster_tweets,disaster_03573,not disaster,mentions_casualties_or_injuries,0
Disaster Tweets,disaster_tweets,disaster_03573,not disaster,mentions_property_damage,0
Disaster Tweets,disaster_tweets,disaster_03573,not disaster,mentions_infrastructure_disruption,0
Disaster Tweets,disaster_tweets,disaster_03573,not disaster,mentions_scale_or_intensity,0
Disaster Tweets,disaster_tweets,disaster_03573,not disaster,calls_for_help,0
Disaster Tweets,disaster_tweets,disaster_03573,not disaster,mentions_rescue_or_emergency_services,0
Disaster Tweets,disaster_tweets,disaster_03573,not disaster,mentions_evacuation_or_shelter,0
Disaster Tweets,disaster_tweets,disaster_03573,not disaster,gives_safety_instruction,0
Disaster Tweets,disaster_tweets,disaster_03573,not disaster,uses_metaphor_or_idiom,1
Disaster Tweets,disaster_tweets,disaster_03573,not disaster,refers_to_entertainment_or_sports,0
Disaster Tweets,disaster_tweets,disaster_03573,not disaster,expresses_joke_or_sarcasm,1
Disaster Tweets,disaster_tweets,disaster_03573,not disaster,discusses_non_event_context,0
Disaster Tweets,disaster_tweets,disaster_03745,real disaster,mentions_disaster_type,1
Disaster Tweets,disaster_tweets,disaster_03745,real disaster,reports_event_occurrence,0
Disaster Tweets,disaster_tweets,disaster_03745,real disaster,describes_threat_or_danger,0
Disaster Tweets,disaster_tweets,disaster_03745,real disaster,mentions_cause_or_trigger,0
Disaster Tweets,disaster_tweets,disaster_03745,real disaster,mentions_location,0
Disaster Tweets,disaster_tweets,disaster_03745,real disaster,mentions_time_or_recency,0
Disaster Tweets,disaster_tweets,disaster_03745,real disaster,includes_source_or_report,0
Disaster Tweets,disaster_tweets,disaster_03745,real disaster,first_person_witnessing,0
Disaster Tweets,disaster_tweets,disaster_03745,real disaster,mentions_casualties_or_injuries,0
Disaster Tweets,disaster_tweets,disaster_03745,real disaster,mentions_property_damage,0
Disaster Tweets,disaster_tweets,disaster_03745,real disaster,mentions_infrastructure_disruption,0
Disaster Tweets,disaster_tweets,disaster_03745,real disaster,mentions_scale_or_intensity,0
Disaster Tweets,disaster_tweets,disaster_03745,real disaster,calls_for_help,0
Disaster Tweets,disaster_tweets,disaster_03745,real disaster,mentions_rescue_or_emergency_services,0
Disaster Tweets,disaster_tweets,disaster_03745,real disaster,mentions_evacuation_or_shelter,0
Disaster Tweets,disaster_tweets,disaster_03745,real disaster,gives_safety_instruction,0
Disaster Tweets,disaster_tweets,disaster_03745,real disaster,uses_metaphor_or_idiom,1
Disaster Tweets,disaster_tweets,disaster_03745,real disaster,refers_to_entertainment_or_sports,0
Disaster Tweets,disaster_tweets,disaster_03745,real disaster,expresses_joke_or_sarcasm,1
Disaster Tweets,disaster_tweets,disaster_03745,real disaster,discusses_non_event_context,1
Disaster Tweets,disaster_tweets,disaster_00553,not disaster,mentions_disaster_type,0
Disaster Tweets,disaster_tweets,disaster_00553,not disaster,reports_event_occurrence,0
Disaster Tweets,disaster_tweets,disaster_00553,not disaster,describes_threat_or_danger,0
Disaster Tweets,disaster_tweets,disaster_00553,not disaster,mentions_cause_or_trigger,0
Disaster Tweets,disaster_tweets,disaster_00553,not disaster,mentions_location,1
Disaster Tweets,disaster_tweets,disaster_00553,not disaster,mentions_time_or_recency,0
Disaster Tweets,disaster_tweets,disaster_00553,not disaster,includes_source_or_report,0
Disaster Tweets,disaster_tweets,disaster_00553,not disaster,first_person_witnessing,0
Disaster Tweets,disaster_tweets,disaster_00553,not disaster,mentions_casualties_or_injuries,0
Disaster Tweets,disaster_tweets,disaster_00553,not disaster,mentions_property_damage,0
Disaster Tweets,disaster_tweets,disaster_00553,not disaster,mentions_infrastructure_disruption,0
Disaster Tweets,disaster_tweets,disaster_00553,not disaster,mentions_scale_or_intensity,0
Disaster Tweets,disaster_tweets,disaster_00553,not disaster,calls_for_help,0
Disaster Tweets,disaster_tweets,disaster_00553,not disaster,mentions_rescue_or_emergency_services,0
Disaster Tweets,disaster_tweets,disaster_00553,not disaster,mentions_evacuation_or_shelter,0
Disaster Tweets,disaster_tweets,disaster_00553,not disaster,gives_safety_instruction,0
Disaster Tweets,disaster_tweets,disaster_00553,not disaster,uses_metaphor_or_idiom,0
Disaster Tweets,disaster_tweets,disaster_00553,not disaster,refers_to_entertainment_or_sports,0
Disaster Tweets,disaster_tweets,disaster_00553,not disaster,expresses_joke_or_sarcasm,0
Disaster Tweets,disaster_tweets,disaster_00553,not disaster,discusses_non_event_context,1
Disaster Tweets,disaster_tweets,disaster_00817,real disaster,mentions_disaster_type,0
Disaster Tweets,disaster_tweets,disaster_00817,real disaster,reports_event_occurrence,0
Disaster Tweets,disaster_tweets,disaster_00817,real disaster,describes_threat_or_danger,1
Disaster Tweets,disaster_tweets,disaster_00817,real disaster,mentions_cause_or_trigger,0
Disaster Tweets,disaster_tweets,disaster_00817,real disaster,mentions_location,1
Disaster Tweets,disaster_tweets,disaster_00817,real disaster,mentions_time_or_recency,0
Disaster Tweets,disaster_tweets,disaster_00817,real disaster,includes_source_or_report,1
Disaster Tweets,disaster_tweets,disaster_00817,real disaster,first_person_witnessing,0
Disaster Tweets,disaster_tweets,disaster_00817,real disaster,mentions_casualties_or_injuries,0
Disaster Tweets,disaster_tweets,disaster_00817,real disaster,mentions_property_damage,0
Disaster Tweets,disaster_tweets,disaster_00817,real disaster,mentions_infrastructure_disruption,0
Disaster Tweets,disaster_tweets,disaster_00817,real disaster,mentions_scale_or_intensity,0
Disaster Tweets,disaster_tweets,disaster_00817,real disaster,calls_for_help,1
Disaster Tweets,disaster_tweets,disaster_00817,real disaster,mentions_rescue_or_emergency_services,0
Disaster Tweets,disaster_tweets,disaster_00817,real disaster,mentions_evacuation_or_shelter,0
Disaster Tweets,disaster_tweets,disaster_00817,real disaster,gives_safety_instruction,0
Disaster Tweets,disaster_tweets,disaster_00817,real disaster,uses_metaphor_or_idiom,0
Disaster Tweets,disaster_tweets,disaster_00817,real disaster,refers_to_entertainment_or_sports,0
Disaster Tweets,disaster_tweets,disaster_00817,real disaster,expresses_joke_or_sarcasm,0
Disaster Tweets,disaster_tweets,disaster_00817,real disaster,discusses_non_event_context,0
Disaster Tweets,disaster_tweets,disaster_01635,real disaster,mentions_disaster_type,0
Disaster Tweets,disaster_tweets,disaster_01635,real disaster,reports_event_occurrence,0
Disaster Tweets,disaster_tweets,disaster_01635,real disaster,describes_threat_or_danger,0
Disaster Tweets,disaster_tweets,disaster_01635,real disaster,mentions_cause_or_trigger,0
Disaster Tweets,disaster_tweets,disaster_01635,real disaster,mentions_location,0
Disaster Tweets,disaster_tweets,disaster_01635,real disaster,mentions_time_or_recency,0
Disaster Tweets,disaster_tweets,disaster_01635,real disaster,includes_source_or_report,0
Disaster Tweets,disaster_tweets,disaster_01635,real disaster,first_person_witnessing,0
Disaster Tweets,disaster_tweets,disaster_01635,real disaster,mentions_casualties_or_injuries,0
Disaster Tweets,disaster_tweets,disaster_01635,real disaster,mentions_property_damage,0
Disaster Tweets,disaster_tweets,disaster_01635,real disaster,mentions_infrastructure_disruption,0
Disaster Tweets,disaster_tweets,disaster_01635,real disaster,mentions_scale_or_intensity,0
Disaster Tweets,disaster_tweets,disaster_01635,real disaster,calls_for_help,0
Disaster Tweets,disaster_tweets,disaster_01635,real disaster,mentions_rescue_or_emergency_services,0
Disaster Tweets,disaster_tweets,disaster_01635,real disaster,mentions_evacuation_or_shelter,0
Disaster Tweets,disaster_tweets,disaster_01635,real disaster,gives_safety_instruction,0
Disaster Tweets,disaster_tweets,disaster_01635,real disaster,uses_metaphor_or_idiom,0
Disaster Tweets,disaster_tweets,disaster_01635,real disaster,refers_to_entertainment_or_sports,0
Disaster Tweets,disaster_tweets,disaster_01635,real disaster,expresses_joke_or_sarcasm,0
Disaster Tweets,disaster_tweets,disaster_01635,real disaster,discusses_non_event_context,1
Disaster Tweets,disaster_tweets,disaster_00295,not disaster,mentions_disaster_type,0
Disaster Tweets,disaster_tweets,disaster_00295,not disaster,reports_event_occurrence,0
Disaster Tweets,disaster_tweets,disaster_00295,not disaster,describes_threat_or_danger,0
Disaster Tweets,disaster_tweets,disaster_00295,not disaster,mentions_cause_or_trigger,0
Disaster Tweets,disaster_tweets,disaster_00295,not disaster,mentions_location,1
Disaster Tweets,disaster_tweets,disaster_00295,not disaster,mentions_time_or_recency,0
Disaster Tweets,disaster_tweets,disaster_00295,not disaster,includes_source_or_report,0
Disaster Tweets,disaster_tweets,disaster_00295,not disaster,first_person_witnessing,0
Disaster Tweets,disaster_tweets,disaster_00295,not disaster,mentions_casualties_or_injuries,0
Disaster Tweets,disaster_tweets,disaster_00295,not disaster,mentions_property_damage,0
Disaster Tweets,disaster_tweets,disaster_00295,not disaster,mentions_infrastructure_disruption,0
Disaster Tweets,disaster_tweets,disaster_00295,not disaster,mentions_scale_or_intensity,0
Disaster Tweets,disaster_tweets,disaster_00295,not disaster,calls_for_help,0
Disaster Tweets,disaster_tweets,disaster_00295,not disaster,mentions_rescue_or_emergency_services,0
Disaster Tweets,disaster_tweets,disaster_00295,not disaster,mentions_evacuation_or_shelter,0
Disaster Tweets,disaster_tweets,disaster_00295,not disaster,gives_safety_instruction,0
Disaster Tweets,disaster_tweets,disaster_00295,not disaster,uses_metaphor_or_idiom,0
Disaster Tweets,disaster_tweets,disaster_00295,not disaster,refers_to_entertainment_or_sports,0
Disaster Tweets,disaster_tweets,disaster_00295,not disaster,expresses_joke_or_sarcasm,0
Disaster Tweets,disaster_tweets,disaster_00295,not disaster,discusses_non_event_context,1
Disaster Tweets,disaster_tweets,disaster_04883,not disaster,mentions_disaster_type,0
Disaster Tweets,disaster_tweets,disaster_04883,not disaster,reports_event_occurrence,0
Disaster Tweets,disaster_tweets,disaster_04883,not disaster,describes_threat_or_danger,0
Disaster Tweets,disaster_tweets,disaster_04883,not disaster,mentions_cause_or_trigger,0
Disaster Tweets,disaster_tweets,disaster_04883,not disaster,mentions_location,0
Disaster Tweets,disaster_tweets,disaster_04883,not disaster,mentions_time_or_recency,0
Disaster Tweets,disaster_tweets,disaster_04883,not disaster,includes_source_or_report,0
Disaster Tweets,disaster_tweets,disaster_04883,not disaster,first_person_witnessing,0
Disaster Tweets,disaster_tweets,disaster_04883,not disaster,mentions_casualties_or_injuries,0
Disaster Tweets,disaster_tweets,disaster_04883,not disaster,mentions_property_damage,0
Disaster Tweets,disaster_tweets,disaster_04883,not disaster,mentions_infrastructure_disruption,0
Disaster Tweets,disaster_tweets,disaster_04883,not disaster,mentions_scale_or_intensity,0
Disaster Tweets,disaster_tweets,disaster_04883,not disaster,calls_for_help,0
Disaster Tweets,disaster_tweets,disaster_04883,not disaster,mentions_rescue_or_emergency_services,0
Disaster Tweets,disaster_tweets,disaster_04883,not disaster,mentions_evacuation_or_shelter,0
Disaster Tweets,disaster_tweets,disaster_04883,not disaster,gives_safety_instruction,0
Disaster Tweets,disaster_tweets,disaster_04883,not disaster,uses_metaphor_or_idiom,1
Disaster Tweets,disaster_tweets,disaster_04883,not disaster,refers_to_entertainment_or_sports,1
Disaster Tweets,disaster_tweets,disaster_04883,not disaster,expresses_joke_or_sarcasm,1
Disaster Tweets,disaster_tweets,disaster_04883,not disaster,discusses_non_event_context,1
Disaster Tweets,disaster_tweets,disaster_04061,not disaster,mentions_disaster_type,1
Disaster Tweets,disaster_tweets,disaster_04061,not disaster,reports_event_occurrence,1
Disaster Tweets,disaster_tweets,disaster_04061,not disaster,describes_threat_or_danger,1
Disaster Tweets,disaster_tweets,disaster_04061,not disaster,mentions_cause_or_trigger,0
Disaster Tweets,disaster_tweets,disaster_04061,not disaster,mentions_location,1
Disaster Tweets,disaster_tweets,disaster_04061,not disaster,mentions_time_or_recency,1
Disaster Tweets,disaster_tweets,disaster_04061,not disaster,includes_source_or_report,1
Disaster Tweets,disaster_tweets,disaster_04061,not disaster,first_person_witnessing,0
Disaster Tweets,disaster_tweets,disaster_04061,not disaster,mentions_casualties_or_injuries,0
Disaster Tweets,disaster_tweets,disaster_04061,not disaster,mentions_property_damage,0
Disaster Tweets,disaster_tweets,disaster_04061,not disaster,mentions_infrastructure_disruption,0
Disaster Tweets,disaster_tweets,disaster_04061,not disaster,mentions_scale_or_intensity,1
Disaster Tweets,disaster_tweets,disaster_04061,not disaster,calls_for_help,0
Disaster Tweets,disaster_tweets,disaster_04061,not disaster,mentions_rescue_or_emergency_services,0
Disaster Tweets,disaster_tweets,disaster_04061,not disaster,mentions_evacuation_or_shelter,0
Disaster Tweets,disaster_tweets,disaster_04061,not disaster,gives_safety_instruction,0
Disaster Tweets,disaster_tweets,disaster_04061,not disaster,uses_metaphor_or_idiom,0
Disaster Tweets,disaster_tweets,disaster_04061,not disaster,refers_to_entertainment_or_sports,0
Disaster Tweets,disaster_tweets,disaster_04061,not disaster,expresses_joke_or_sarcasm,0
Disaster Tweets,disaster_tweets,disaster_04061,not disaster,discusses_non_event_context,0
Disaster Tweets,disaster_tweets,disaster_02480,real disaster,mentions_disaster_type,0
Disaster Tweets,disaster_tweets,disaster_02480,real disaster,reports_event_occurrence,0
Disaster Tweets,disaster_tweets,disaster_02480,real disaster,describes_threat_or_danger,0
Disaster Tweets,disaster_tweets,disaster_02480,real disaster,mentions_cause_or_trigger,0
Disaster Tweets,disaster_tweets,disaster_02480,real disaster,mentions_location,0
Disaster Tweets,disaster_tweets,disaster_02480,real disaster,mentions_time_or_recency,0
Disaster Tweets,disaster_tweets,disaster_02480,real disaster,includes_source_or_report,0
Disaster Tweets,disaster_tweets,disaster_02480,real disaster,first_person_witnessing,0
Disaster Tweets,disaster_tweets,disaster_02480,real disaster,mentions_casualties_or_injuries,0
Disaster Tweets,disaster_tweets,disaster_02480,real disaster,mentions_property_damage,0
Disaster Tweets,disaster_tweets,disaster_02480,real disaster,mentions_infrastructure_disruption,0
Disaster Tweets,disaster_tweets,disaster_02480,real disaster,mentions_scale_or_intensity,0
Disaster Tweets,disaster_tweets,disaster_02480,real disaster,calls_for_help,0
Disaster Tweets,disaster_tweets,disaster_02480,real disaster,mentions_rescue_or_emergency_services,0
Disaster Tweets,disaster_tweets,disaster_02480,real disaster,mentions_evacuation_or_shelter,0
Disaster Tweets,disaster_tweets,disaster_02480,real disaster,gives_safety_instruction,0
Disaster Tweets,disaster_tweets,disaster_02480,real disaster,uses_metaphor_or_idiom,0
Disaster Tweets,disaster_tweets,disaster_02480,real disaster,refers_to_entertainment_or_sports,1
Disaster Tweets,disaster_tweets,disaster_02480,real disaster,expresses_joke_or_sarcasm,0
Disaster Tweets,disaster_tweets,disaster_02480,real disaster,discusses_non_event_context,0
Disaster Tweets,disaster_tweets,disaster_01934,real disaster,mentions_disaster_type,1
Disaster Tweets,disaster_tweets,disaster_01934,real disaster,reports_event_occurrence,0
Disaster Tweets,disaster_tweets,disaster_01934,real disaster,describes_threat_or_danger,0
Disaster Tweets,disaster_tweets,disaster_01934,real disaster,mentions_cause_or_trigger,0
Disaster Tweets,disaster_tweets,disaster_01934,real disaster,mentions_location,1
Disaster Tweets,disaster_tweets,disaster_01934,real disaster,mentions_time_or_recency,0
Disaster Tweets,disaster_tweets,disaster_01934,real disaster,includes_source_or_report,0
Disaster Tweets,disaster_tweets,disaster_01934,real disaster,first_person_witnessing,0
Disaster Tweets,disaster_tweets,disaster_01934,real disaster,mentions_casualties_or_injuries,0
Disaster Tweets,disaster_tweets,disaster_01934,real disaster,mentions_property_damage,0
Disaster Tweets,disaster_tweets,disaster_01934,real disaster,mentions_infrastructure_disruption,0
Disaster Tweets,disaster_tweets,disaster_01934,real disaster,mentions_scale_or_intensity,0
Disaster Tweets,disaster_tweets,disaster_01934,real disaster,calls_for_help,0
Disaster Tweets,disaster_tweets,disaster_01934,real disaster,mentions_rescue_or_emergency_services,0
Disaster Tweets,disaster_tweets,disaster_01934,real disaster,mentions_evacuation_or_shelter,0
Disaster Tweets,disaster_tweets,disaster_01934,real disaster,gives_safety_instruction,0
Disaster Tweets,disaster_tweets,disaster_01934,real disaster,uses_metaphor_or_idiom,0
Disaster Tweets,disaster_tweets,disaster_01934,real disaster,refers_to_entertainment_or_sports,0
Disaster Tweets,disaster_tweets,disaster_01934,real disaster,expresses_joke_or_sarcasm,1
Disaster Tweets,disaster_tweets,disaster_01934,real disaster,discusses_non_event_context,0
Disaster Tweets,disaster_tweets,disaster_02637,real disaster,mentions_disaster_type,1
Disaster Tweets,disaster_tweets,disaster_02637,real disaster,reports_event_occurrence,1
Disaster Tweets,disaster_tweets,disaster_02637,real disaster,describes_threat_or_danger,1
Disaster Tweets,disaster_tweets,disaster_02637,real disaster,mentions_cause_or_trigger,1
Disaster Tweets,disaster_tweets,disaster_02637,real disaster,mentions_location,1
Disaster Tweets,disaster_tweets,disaster_02637,real disaster,mentions_time_or_recency,0
Disaster Tweets,disaster_tweets,disaster_02637,real disaster,includes_source_or_report,1
Disaster Tweets,disaster_tweets,disaster_02637,real disaster,first_person_witnessing,0
Disaster Tweets,disaster_tweets,disaster_02637,real disaster,mentions_casualties_or_injuries,1
Disaster Tweets,disaster_tweets,disaster_02637,real disaster,mentions_property_damage,0
Disaster Tweets,disaster_tweets,disaster_02637,real disaster,mentions_infrastructure_disruption,0
Disaster Tweets,disaster_tweets,disaster_02637,real disaster,mentions_scale_or_intensity,0
Disaster Tweets,disaster_tweets,disaster_02637,real disaster,calls_for_help,0
Disaster Tweets,disaster_tweets,disaster_02637,real disaster,mentions_rescue_or_emergency_services,0
Disaster Tweets,disaster_tweets,disaster_02637,real disaster,mentions_evacuation_or_shelter,0
Disaster Tweets,disaster_tweets,disaster_02637,real disaster,gives_safety_instruction,0
Disaster Tweets,disaster_tweets,disaster_02637,real disaster,uses_metaphor_or_idiom,0
Disaster Tweets,disaster_tweets,disaster_02637,real disaster,refers_to_entertainment_or_sports,0
Disaster Tweets,disaster_tweets,disaster_02637,real disaster,expresses_joke_or_sarcasm,0
Disaster Tweets,disaster_tweets,disaster_02637,real disaster,discusses_non_event_context,0
Disaster Tweets,disaster_tweets,disaster_01860,not disaster,mentions_disaster_type,0
Disaster Tweets,disaster_tweets,disaster_01860,not disaster,reports_event_occurrence,0
Disaster Tweets,disaster_tweets,disaster_01860,not disaster,describes_threat_or_danger,0
Disaster Tweets,disaster_tweets,disaster_01860,not disaster,mentions_cause_or_trigger,0
Disaster Tweets,disaster_tweets,disaster_01860,not disaster,mentions_location,0
Disaster Tweets,disaster_tweets,disaster_01860,not disaster,mentions_time_or_recency,0
Disaster Tweets,disaster_tweets,disaster_01860,not disaster,includes_source_or_report,0
Disaster Tweets,disaster_tweets,disaster_01860,not disaster,first_person_witnessing,0
Disaster Tweets,disaster_tweets,disaster_01860,not disaster,mentions_casualties_or_injuries,0
Disaster Tweets,disaster_tweets,disaster_01860,not disaster,mentions_property_damage,0
Disaster Tweets,disaster_tweets,disaster_01860,not disaster,mentions_infrastructure_disruption,0
Disaster Tweets,disaster_tweets,disaster_01860,not disaster,mentions_scale_or_intensity,0
Disaster Tweets,disaster_tweets,disaster_01860,not disaster,calls_for_help,0
Disaster Tweets,disaster_tweets,disaster_01860,not disaster,mentions_rescue_or_emergency_services,0
Disaster Tweets,disaster_tweets,disaster_01860,not disaster,mentions_evacuation_or_shelter,0
Disaster Tweets,disaster_tweets,disaster_01860,not disaster,gives_safety_instruction,0
Disaster Tweets,disaster_tweets,disaster_01860,not disaster,uses_metaphor_or_idiom,1
Disaster Tweets,disaster_tweets,disaster_01860,not disaster,refers_to_entertainment_or_sports,0
Disaster Tweets,disaster_tweets,disaster_01860,not disaster,expresses_joke_or_sarcasm,1
Disaster Tweets,disaster_tweets,disaster_01860,not disaster,discusses_non_event_context,1
Disaster Tweets,disaster_tweets,disaster_01514,real disaster,mentions_disaster_type,0
Disaster Tweets,disaster_tweets,disaster_01514,real disaster,reports_event_occurrence,0
Disaster Tweets,disaster_tweets,disaster_01514,real disaster,describes_threat_or_danger,0
Disaster Tweets,disaster_tweets,disaster_01514,real disaster,mentions_cause_or_trigger,0
Disaster Tweets,disaster_tweets,disaster_01514,real disaster,mentions_location,0
Disaster Tweets,disaster_tweets,disaster_01514,real disaster,mentions_time_or_recency,0
Disaster Tweets,disaster_tweets,disaster_01514,real disaster,includes_source_or_report,0
Disaster Tweets,disaster_tweets,disaster_01514,real disaster,first_person_witnessing,0
Disaster Tweets,disaster_tweets,disaster_01514,real disaster,mentions_casualties_or_injuries,0
Disaster Tweets,disaster_tweets,disaster_01514,real disaster,mentions_property_damage,0
Disaster Tweets,disaster_tweets,disaster_01514,real disaster,mentions_infrastructure_disruption,0
Disaster Tweets,disaster_tweets,disaster_01514,real disaster,mentions_scale_or_intensity,0
Disaster Tweets,disaster_tweets,disaster_01514,real disaster,calls_for_help,0
Disaster Tweets,disaster_tweets,disaster_01514,real disaster,mentions_rescue_or_emergency_services,0
Disaster Tweets,disaster_tweets,disaster_01514,real disaster,mentions_evacuation_or_shelter,0
Disaster Tweets,disaster_tweets,disaster_01514,real disaster,gives_safety_instruction,0
Disaster Tweets,disaster_tweets,disaster_01514,real disaster,uses_metaphor_or_idiom,1
Disaster Tweets,disaster_tweets,disaster_01514,real disaster,refers_to_entertainment_or_sports,1
Disaster Tweets,disaster_tweets,disaster_01514,real disaster,expresses_joke_or_sarcasm,0
Disaster Tweets,disaster_tweets,disaster_01514,real disaster,discusses_non_event_context,1
Disaster Tweets,disaster_tweets,disaster_04091,real disaster,mentions_disaster_type,0
Disaster Tweets,disaster_tweets,disaster_04091,real disaster,reports_event_occurrence,0
Disaster Tweets,disaster_tweets,disaster_04091,real disaster,describes_threat_or_danger,0
Disaster Tweets,disaster_tweets,disaster_04091,real disaster,mentions_cause_or_trigger,0
Disaster Tweets,disaster_tweets,disaster_04091,real disaster,mentions_location,0
Disaster Tweets,disaster_tweets,disaster_04091,real disaster,mentions_time_or_recency,1
Disaster Tweets,disaster_tweets,disaster_04091,real disaster,includes_source_or_report,0
Disaster Tweets,disaster_tweets,disaster_04091,real disaster,first_person_witnessing,1
Disaster Tweets,disaster_tweets,disaster_04091,real disaster,mentions_casualties_or_injuries,0
Disaster Tweets,disaster_tweets,disaster_04091,real disaster,mentions_property_damage,0
Disaster Tweets,disaster_tweets,disaster_04091,real disaster,mentions_infrastructure_disruption,0
Disaster Tweets,disaster_tweets,disaster_04091,real disaster,mentions_scale_or_intensity,0
Disaster Tweets,disaster_tweets,disaster_04091,real disaster,calls_for_help,0
Disaster Tweets,disaster_tweets,disaster_04091,real disaster,mentions_rescue_or_emergency_services,0
Disaster Tweets,disaster_tweets,disaster_04091,real disaster,mentions_evacuation_or_shelter,0
Disaster Tweets,disaster_tweets,disaster_04091,real disaster,gives_safety_instruction,0
Disaster Tweets,disaster_tweets,disaster_04091,real disaster,uses_metaphor_or_idiom,0
Disaster Tweets,disaster_tweets,disaster_04091,real disaster,refers_to_entertainment_or_sports,0
Disaster Tweets,disaster_tweets,disaster_04091,real disaster,expresses_joke_or_sarcasm,1
Disaster Tweets,disaster_tweets,disaster_04091,real disaster,discusses_non_event_context,1
Disaster Tweets,disaster_tweets,disaster_03387,not disaster,mentions_disaster_type,1
Disaster Tweets,disaster_tweets,disaster_03387,not disaster,reports_event_occurrence,0
Disaster Tweets,disaster_tweets,disaster_03387,not disaster,describes_threat_or_danger,0
Disaster Tweets,disaster_tweets,disaster_03387,not disaster,mentions_cause_or_trigger,0
Disaster Tweets,disaster_tweets,disaster_03387,not disaster,mentions_location,1
Disaster Tweets,disaster_tweets,disaster_03387,not disaster,mentions_time_or_recency,0
Disaster Tweets,disaster_tweets,disaster_03387,not disaster,includes_source_or_report,0
Disaster Tweets,disaster_tweets,disaster_03387,not disaster,first_person_witnessing,0
Disaster Tweets,disaster_tweets,disaster_03387,not disaster,mentions_casualties_or_injuries,0
Disaster Tweets,disaster_tweets,disaster_03387,not disaster,mentions_property_damage,0
Disaster Tweets,disaster_tweets,disaster_03387,not disaster,mentions_infrastructure_disruption,0
Disaster Tweets,disaster_tweets,disaster_03387,not disaster,mentions_scale_or_intensity,0
Disaster Tweets,disaster_tweets,disaster_03387,not disaster,calls_for_help,0
Disaster Tweets,disaster_tweets,disaster_03387,not disaster,mentions_rescue_or_emergency_services,0
Disaster Tweets,disaster_tweets,disaster_03387,not disaster,mentions_evacuation_or_shelter,0
Disaster Tweets,disaster_tweets,disaster_03387,not disaster,gives_safety_instruction,0
Disaster Tweets,disaster_tweets,disaster_03387,not disaster,uses_metaphor_or_idiom,1
Disaster Tweets,disaster_tweets,disaster_03387,not disaster,refers_to_entertainment_or_sports,0
Disaster Tweets,disaster_tweets,disaster_03387,not disaster,expresses_joke_or_sarcasm,0
Disaster Tweets,disaster_tweets,disaster_03387,not disaster,discusses_non_event_context,1
Disaster Tweets,disaster_tweets,disaster_01762,not disaster,mentions_disaster_type,0
Disaster Tweets,disaster_tweets,disaster_01762,not disaster,reports_event_occurrence,0
Disaster Tweets,disaster_tweets,disaster_01762,not disaster,describes_threat_or_danger,0
Disaster Tweets,disaster_tweets,disaster_01762,not disaster,mentions_cause_or_trigger,0
Disaster Tweets,disaster_tweets,disaster_01762,not disaster,mentions_location,1
Disaster Tweets,disaster_tweets,disaster_01762,not disaster,mentions_time_or_recency,1
Disaster Tweets,disaster_tweets,disaster_01762,not disaster,includes_source_or_report,0
Disaster Tweets,disaster_tweets,disaster_01762,not disaster,first_person_witnessing,1
Disaster Tweets,disaster_tweets,disaster_01762,not disaster,mentions_casualties_or_injuries,0
Disaster Tweets,disaster_tweets,disaster_01762,not disaster,mentions_property_damage,0
Disaster Tweets,disaster_tweets,disaster_01762,not disaster,mentions_infrastructure_disruption,0
Disaster Tweets,disaster_tweets,disaster_01762,not disaster,mentions_scale_or_intensity,0
Disaster Tweets,disaster_tweets,disaster_01762,not disaster,calls_for_help,0
Disaster Tweets,disaster_tweets,disaster_01762,not disaster,mentions_rescue_or_emergency_services,0
Disaster Tweets,disaster_tweets,disaster_01762,not disaster,mentions_evacuation_or_shelter,0
Disaster Tweets,disaster_tweets,disaster_01762,not disaster,gives_safety_instruction,0
Disaster Tweets,disaster_tweets,disaster_01762,not disaster,uses_metaphor_or_idiom,1
Disaster Tweets,disaster_tweets,disaster_01762,not disaster,refers_to_entertainment_or_sports,1
Disaster Tweets,disaster_tweets,disaster_01762,not disaster,expresses_joke_or_sarcasm,0
Disaster Tweets,disaster_tweets,disaster_01762,not disaster,discusses_non_event_context,0
Disaster Tweets,disaster_tweets,disaster_04722,real disaster,mentions_disaster_type,0
Disaster Tweets,disaster_tweets,disaster_04722,real disaster,reports_event_occurrence,0
Disaster Tweets,disaster_tweets,disaster_04722,real disaster,describes_threat_or_danger,0
Disaster Tweets,disaster_tweets,disaster_04722,real disaster,mentions_cause_or_trigger,0
Disaster Tweets,disaster_tweets,disaster_04722,real disaster,mentions_location,0
Disaster Tweets,disaster_tweets,disaster_04722,real disaster,mentions_time_or_recency,0
Disaster Tweets,disaster_tweets,disaster_04722,real disaster,includes_source_or_report,0
Disaster Tweets,disaster_tweets,disaster_04722,real disaster,first_person_witnessing,0
Disaster Tweets,disaster_tweets,disaster_04722,real disaster,mentions_casualties_or_injuries,0
Disaster Tweets,disaster_tweets,disaster_04722,real disaster,mentions_property_damage,0
Disaster Tweets,disaster_tweets,disaster_04722,real disaster,mentions_infrastructure_disruption,0
Disaster Tweets,disaster_tweets,disaster_04722,real disaster,mentions_scale_or_intensity,0
Disaster Tweets,disaster_tweets,disaster_04722,real disaster,calls_for_help,0
Disaster Tweets,disaster_tweets,disaster_04722,real disaster,mentions_rescue_or_emergency_services,0
Disaster Tweets,disaster_tweets,disaster_04722,real disaster,mentions_evacuation_or_shelter,0
Disaster Tweets,disaster_tweets,disaster_04722,real disaster,gives_safety_instruction,0
Disaster Tweets,disaster_tweets,disaster_04722,real disaster,uses_metaphor_or_idiom,0
Disaster Tweets,disaster_tweets,disaster_04722,real disaster,refers_to_entertainment_or_sports,0
Disaster Tweets,disaster_tweets,disaster_04722,real disaster,expresses_joke_or_sarcasm,0
Disaster Tweets,disaster_tweets,disaster_04722,real disaster,discusses_non_event_context,0
Disaster Tweets,disaster_tweets,disaster_01861,not disaster,mentions_disaster_type,1
Disaster Tweets,disaster_tweets,disaster_01861,not disaster,reports_event_occurrence,0
Disaster Tweets,disaster_tweets,disaster_01861,not disaster,describes_threat_or_danger,0
Disaster Tweets,disaster_tweets,disaster_01861,not disaster,mentions_cause_or_trigger,0
Disaster Tweets,disaster_tweets,disaster_01861,not disaster,mentions_location,0
Disaster Tweets,disaster_tweets,disaster_01861,not disaster,mentions_time_or_recency,0
Disaster Tweets,disaster_tweets,disaster_01861,not disaster,includes_source_or_report,0
Disaster Tweets,disaster_tweets,disaster_01861,not disaster,first_person_witnessing,0
Disaster Tweets,disaster_tweets,disaster_01861,not disaster,mentions_casualties_or_injuries,0
Disaster Tweets,disaster_tweets,disaster_01861,not disaster,mentions_property_damage,0
Disaster Tweets,disaster_tweets,disaster_01861,not disaster,mentions_infrastructure_disruption,0
Disaster Tweets,disaster_tweets,disaster_01861,not disaster,mentions_scale_or_intensity,0
Disaster Tweets,disaster_tweets,disaster_01861,not disaster,calls_for_help,0
Disaster Tweets,disaster_tweets,disaster_01861,not disaster,mentions_rescue_or_emergency_services,0
Disaster Tweets,disaster_tweets,disaster_01861,not disaster,mentions_evacuation_or_shelter,0
Disaster Tweets,disaster_tweets,disaster_01861,not disaster,gives_safety_instruction,0
Disaster Tweets,disaster_tweets,disaster_01861,not disaster,uses_metaphor_or_idiom,1
Disaster Tweets,disaster_tweets,disaster_01861,not disaster,refers_to_entertainment_or_sports,0
Disaster Tweets,disaster_tweets,disaster_01861,not disaster,expresses_joke_or_sarcasm,1
Disaster Tweets,disaster_tweets,disaster_01861,not disaster,discusses_non_event_context,1
Disaster Tweets,disaster_tweets,disaster_04997,real disaster,mentions_disaster_type,0
Disaster Tweets,disaster_tweets,disaster_04997,real disaster,reports_event_occurrence,0
Disaster Tweets,disaster_tweets,disaster_04997,real disaster,describes_threat_or_danger,0
Disaster Tweets,disaster_tweets,disaster_04997,real disaster,mentions_cause_or_trigger,0
Disaster Tweets,disaster_tweets,disaster_04997,real disaster,mentions_location,0
Disaster Tweets,disaster_tweets,disaster_04997,real disaster,mentions_time_or_recency,0
Disaster Tweets,disaster_tweets,disaster_04997,real disaster,includes_source_or_report,0
Disaster Tweets,disaster_tweets,disaster_04997,real disaster,first_person_witnessing,0
Disaster Tweets,disaster_tweets,disaster_04997,real disaster,mentions_casualties_or_injuries,0
Disaster Tweets,disaster_tweets,disaster_04997,real disaster,mentions_property_damage,0
Disaster Tweets,disaster_tweets,disaster_04997,real disaster,mentions_infrastructure_disruption,0
Disaster Tweets,disaster_tweets,disaster_04997,real disaster,mentions_scale_or_intensity,0
Disaster Tweets,disaster_tweets,disaster_04997,real disaster,calls_for_help,0
Disaster Tweets,disaster_tweets,disaster_04997,real disaster,mentions_rescue_or_emergency_services,0
Disaster Tweets,disaster_tweets,disaster_04997,real disaster,mentions_evacuation_or_shelter,0
Disaster Tweets,disaster_tweets,disaster_04997,real disaster,gives_safety_instruction,0
Disaster Tweets,disaster_tweets,disaster_04997,real disaster,uses_metaphor_or_idiom,1
Disaster Tweets,disaster_tweets,disaster_04997,real disaster,refers_to_entertainment_or_sports,0
Disaster Tweets,disaster_tweets,disaster_04997,real disaster,expresses_joke_or_sarcasm,0
Disaster Tweets,disaster_tweets,disaster_04997,real disaster,discusses_non_event_context,1
Disaster Tweets,disaster_tweets,disaster_00491,not disaster,mentions_disaster_type,0
Disaster Tweets,disaster_tweets,disaster_00491,not disaster,reports_event_occurrence,0
Disaster Tweets,disaster_tweets,disaster_00491,not disaster,describes_threat_or_danger,0
Disaster Tweets,disaster_tweets,disaster_00491,not disaster,mentions_cause_or_trigger,0
Disaster Tweets,disaster_tweets,disaster_00491,not disaster,mentions_location,0
Disaster Tweets,disaster_tweets,disaster_00491,not disaster,mentions_time_or_recency,1
Disaster Tweets,disaster_tweets,disaster_00491,not disaster,includes_source_or_report,0
Disaster Tweets,disaster_tweets,disaster_00491,not disaster,first_person_witnessing,0
Disaster Tweets,disaster_tweets,disaster_00491,not disaster,mentions_casualties_or_injuries,0
Disaster Tweets,disaster_tweets,disaster_00491,not disaster,mentions_property_damage,0
Disaster Tweets,disaster_tweets,disaster_00491,not disaster,mentions_infrastructure_disruption,0
Disaster Tweets,disaster_tweets,disaster_00491,not disaster,mentions_scale_or_intensity,0
Disaster Tweets,disaster_tweets,disaster_00491,not disaster,calls_for_help,0
Disaster Tweets,disaster_tweets,disaster_00491,not disaster,mentions_rescue_or_emergency_services,0
Disaster Tweets,disaster_tweets,disaster_00491,not disaster,mentions_evacuation_or_shelter,0
Disaster Tweets,disaster_tweets,disaster_00491,not disaster,gives_safety_instruction,0
Disaster Tweets,disaster_tweets,disaster_00491,not disaster,uses_metaphor_or_idiom,0
Disaster Tweets,disaster_tweets,disaster_00491,not disaster,refers_to_entertainment_or_sports,0
Disaster Tweets,disaster_tweets,disaster_00491,not disaster,expresses_joke_or_sarcasm,0
Disaster Tweets,disaster_tweets,disaster_00491,not disaster,discusses_non_event_context,0
Disaster Tweets,disaster_tweets,disaster_02632,real disaster,mentions_disaster_type,1
Disaster Tweets,disaster_tweets,disaster_02632,real disaster,reports_event_occurrence,1
Disaster Tweets,disaster_tweets,disaster_02632,real disaster,describes_threat_or_danger,1
Disaster Tweets,disaster_tweets,disaster_02632,real disaster,mentions_cause_or_trigger,1
Disaster Tweets,disaster_tweets,disaster_02632,real disaster,mentions_location,1
Disaster Tweets,disaster_tweets,disaster_02632,real disaster,mentions_time_or_recency,0
Disaster Tweets,disaster_tweets,disaster_02632,real disaster,includes_source_or_report,0
Disaster Tweets,disaster_tweets,disaster_02632,real disaster,first_person_witnessing,0
Disaster Tweets,disaster_tweets,disaster_02632,real disaster,mentions_casualties_or_injuries,1
Disaster Tweets,disaster_tweets,disaster_02632,real disaster,mentions_property_damage,0
Disaster Tweets,disaster_tweets,disaster_02632,real disaster,mentions_infrastructure_disruption,0
Disaster Tweets,disaster_tweets,disaster_02632,real disaster,mentions_scale_or_intensity,0
Disaster Tweets,disaster_tweets,disaster_02632,real disaster,calls_for_help,0
Disaster Tweets,disaster_tweets,disaster_02632,real disaster,mentions_rescue_or_emergency_services,0
Disaster Tweets,disaster_tweets,disaster_02632,real disaster,mentions_evacuation_or_shelter,0
Disaster Tweets,disaster_tweets,disaster_02632,real disaster,gives_safety_instruction,0
Disaster Tweets,disaster_tweets,disaster_02632,real disaster,uses_metaphor_or_idiom,0
Disaster Tweets,disaster_tweets,disaster_02632,real disaster,refers_to_entertainment_or_sports,0
Disaster Tweets,disaster_tweets,disaster_02632,real disaster,expresses_joke_or_sarcasm,0
Disaster Tweets,disaster_tweets,disaster_02632,real disaster,discusses_non_event_context,0
Disaster Tweets,disaster_tweets,disaster_03687,real disaster,mentions_disaster_type,1
Disaster Tweets,disaster_tweets,disaster_03687,real disaster,reports_event_occurrence,1
Disaster Tweets,disaster_tweets,disaster_03687,real disaster,describes_threat_or_danger,0
Disaster Tweets,disaster_tweets,disaster_03687,real disaster,mentions_cause_or_trigger,0
Disaster Tweets,disaster_tweets,disaster_03687,real disaster,mentions_location,1
Disaster Tweets,disaster_tweets,disaster_03687,real disaster,mentions_time_or_recency,0
Disaster Tweets,disaster_tweets,disaster_03687,real disaster,includes_source_or_report,0
Disaster Tweets,disaster_tweets,disaster_03687,real disaster,first_person_witnessing,0
Disaster Tweets,disaster_tweets,disaster_03687,real disaster,mentions_casualties_or_injuries,0
Disaster Tweets,disaster_tweets,disaster_03687,real disaster,mentions_property_damage,0
Disaster Tweets,disaster_tweets,disaster_03687,real disaster,mentions_infrastructure_disruption,0
Disaster Tweets,disaster_tweets,disaster_03687,real disaster,mentions_scale_or_intensity,0
Disaster Tweets,disaster_tweets,disaster_03687,real disaster,calls_for_help,0
Disaster Tweets,disaster_tweets,disaster_03687,real disaster,mentions_rescue_or_emergency_services,1
Disaster Tweets,disaster_tweets,disaster_03687,real disaster,mentions_evacuation_or_shelter,0
Disaster Tweets,disaster_tweets,disaster_03687,real disaster,gives_safety_instruction,0
Disaster Tweets,disaster_tweets,disaster_03687,real disaster,uses_metaphor_or_idiom,0
Disaster Tweets,disaster_tweets,disaster_03687,real disaster,refers_to_entertainment_or_sports,0
Disaster Tweets,disaster_tweets,disaster_03687,real disaster,expresses_joke_or_sarcasm,0
Disaster Tweets,disaster_tweets,disaster_03687,real disaster,discusses_non_event_context,0
Disaster Tweets,disaster_tweets,disaster_02773,real disaster,mentions_disaster_type,1
Disaster Tweets,disaster_tweets,disaster_02773,real disaster,reports_event_occurrence,1
Disaster Tweets,disaster_tweets,disaster_02773,real disaster,describes_threat_or_danger,1
Disaster Tweets,disaster_tweets,disaster_02773,real disaster,mentions_cause_or_trigger,0
Disaster Tweets,disaster_tweets,disaster_02773,real disaster,mentions_location,1
Disaster Tweets,disaster_tweets,disaster_02773,real disaster,mentions_time_or_recency,1
Disaster Tweets,disaster_tweets,disaster_02773,real disaster,includes_source_or_report,1
Disaster Tweets,disaster_tweets,disaster_02773,real disaster,first_person_witnessing,0
Disaster Tweets,disaster_tweets,disaster_02773,real disaster,mentions_casualties_or_injuries,0
Disaster Tweets,disaster_tweets,disaster_02773,real disaster,mentions_property_damage,0
Disaster Tweets,disaster_tweets,disaster_02773,real disaster,mentions_infrastructure_disruption,1
Disaster Tweets,disaster_tweets,disaster_02773,real disaster,mentions_scale_or_intensity,0
Disaster Tweets,disaster_tweets,disaster_02773,real disaster,calls_for_help,0
Disaster Tweets,disaster_tweets,disaster_02773,real disaster,mentions_rescue_or_emergency_services,0
Disaster Tweets,disaster_tweets,disaster_02773,real disaster,mentions_evacuation_or_shelter,0
Disaster Tweets,disaster_tweets,disaster_02773,real disaster,gives_safety_instruction,0
Disaster Tweets,disaster_tweets,disaster_02773,real disaster,uses_metaphor_or_idiom,0
Disaster Tweets,disaster_tweets,disaster_02773,real disaster,refers_to_entertainment_or_sports,0
Disaster Tweets,disaster_tweets,disaster_02773,real disaster,expresses_joke_or_sarcasm,0
Disaster Tweets,disaster_tweets,disaster_02773,real disaster,discusses_non_event_context,0
Disaster Tweets,disaster_tweets,disaster_01518,not disaster,mentions_disaster_type,0
Disaster Tweets,disaster_tweets,disaster_01518,not disaster,reports_event_occurrence,0
Disaster Tweets,disaster_tweets,disaster_01518,not disaster,describes_threat_or_danger,0
Disaster Tweets,disaster_tweets,disaster_01518,not disaster,mentions_cause_or_trigger,0
Disaster Tweets,disaster_tweets,disaster_01518,not disaster,mentions_location,0
Disaster Tweets,disaster_tweets,disaster_01518,not disaster,mentions_time_or_recency,0
Disaster Tweets,disaster_tweets,disaster_01518,not disaster,includes_source_or_report,0
Disaster Tweets,disaster_tweets,disaster_01518,not disaster,first_person_witnessing,0
Disaster Tweets,disaster_tweets,disaster_01518,not disaster,mentions_casualties_or_injuries,0
Disaster Tweets,disaster_tweets,disaster_01518,not disaster,mentions_property_damage,0
Disaster Tweets,disaster_tweets,disaster_01518,not disaster,mentions_infrastructure_disruption,0
Disaster Tweets,disaster_tweets,disaster_01518,not disaster,mentions_scale_or_intensity,0
Disaster Tweets,disaster_tweets,disaster_01518,not disaster,calls_for_help,0
Disaster Tweets,disaster_tweets,disaster_01518,not disaster,mentions_rescue_or_emergency_services,0
Disaster Tweets,disaster_tweets,disaster_01518,not disaster,mentions_evacuation_or_shelter,0
Disaster Tweets,disaster_tweets,disaster_01518,not disaster,gives_safety_instruction,0
Disaster Tweets,disaster_tweets,disaster_01518,not disaster,uses_metaphor_or_idiom,0
Disaster Tweets,disaster_tweets,disaster_01518,not disaster,refers_to_entertainment_or_sports,1
Disaster Tweets,disaster_tweets,disaster_01518,not disaster,expresses_joke_or_sarcasm,1
Disaster Tweets,disaster_tweets,disaster_01518,not disaster,discusses_non_event_context,1
Disaster Tweets,disaster_tweets,disaster_01590,real disaster,mentions_disaster_type,1
Disaster Tweets,disaster_tweets,disaster_01590,real disaster,reports_event_occurrence,1
Disaster Tweets,disaster_tweets,disaster_01590,real disaster,describes_threat_or_danger,0
Disaster Tweets,disaster_tweets,disaster_01590,real disaster,mentions_cause_or_trigger,1
Disaster Tweets,disaster_tweets,disaster_01590,real disaster,mentions_location,0
Disaster Tweets,disaster_tweets,disaster_01590,real disaster,mentions_time_or_recency,0
Disaster Tweets,disaster_tweets,disaster_01590,real disaster,includes_source_or_report,0
Disaster Tweets,disaster_tweets,disaster_01590,real disaster,first_person_witnessing,0
Disaster Tweets,disaster_tweets,disaster_01590,real disaster,mentions_casualties_or_injuries,0
Disaster Tweets,disaster_tweets,disaster_01590,real disaster,mentions_property_damage,0
Disaster Tweets,disaster_tweets,disaster_01590,real disaster,mentions_infrastructure_disruption,0
Disaster Tweets,disaster_tweets,disaster_01590,real disaster,mentions_scale_or_intensity,0
Disaster Tweets,disaster_tweets,disaster_01590,real disaster,calls_for_help,0
Disaster Tweets,disaster_tweets,disaster_01590,real disaster,mentions_rescue_or_emergency_services,0
Disaster Tweets,disaster_tweets,disaster_01590,real disaster,mentions_evacuation_or_shelter,0
Disaster Tweets,disaster_tweets,disaster_01590,real disaster,gives_safety_instruction,0
Disaster Tweets,disaster_tweets,disaster_01590,real disaster,uses_metaphor_or_idiom,0
Disaster Tweets,disaster_tweets,disaster_01590,real disaster,refers_to_entertainment_or_sports,0
Disaster Tweets,disaster_tweets,disaster_01590,real disaster,expresses_joke_or_sarcasm,0
Disaster Tweets,disaster_tweets,disaster_01590,real disaster,discusses_non_event_context,0
Disaster Tweets,disaster_tweets,disaster_01349,real disaster,mentions_disaster_type,1
Disaster Tweets,disaster_tweets,disaster_01349,real disaster,reports_event_occurrence,1
Disaster Tweets,disaster_tweets,disaster_01349,real disaster,describes_threat_or_danger,1
Disaster Tweets,disaster_tweets,disaster_01349,real disaster,mentions_cause_or_trigger,0
Disaster Tweets,disaster_tweets,disaster_01349,real disaster,mentions_location,0
Disaster Tweets,disaster_tweets,disaster_01349,real disaster,mentions_time_or_recency,0
Disaster Tweets,disaster_tweets,disaster_01349,real disaster,includes_source_or_report,1
Disaster Tweets,disaster_tweets,disaster_01349,real disaster,first_person_witnessing,0
Disaster Tweets,disaster_tweets,disaster_01349,real disaster,mentions_casualties_or_injuries,1
Disaster Tweets,disaster_tweets,disaster_01349,real disaster,mentions_property_damage,0
Disaster Tweets,disaster_tweets,disaster_01349,real disaster,mentions_infrastructure_disruption,0
Disaster Tweets,disaster_tweets,disaster_01349,real disaster,mentions_scale_or_intensity,1
Disaster Tweets,disaster_tweets,disaster_01349,real disaster,calls_for_help,0
Disaster Tweets,disaster_tweets,disaster_01349,real disaster,mentions_rescue_or_emergency_services,1
Disaster Tweets,disaster_tweets,disaster_01349,real disaster,mentions_evacuation_or_shelter,0
Disaster Tweets,disaster_tweets,disaster_01349,real disaster,gives_safety_instruction,0
Disaster Tweets,disaster_tweets,disaster_01349,real disaster,uses_metaphor_or_idiom,0
Disaster Tweets,disaster_tweets,disaster_01349,real disaster,refers_to_entertainment_or_sports,0
Disaster Tweets,disaster_tweets,disaster_01349,real disaster,expresses_joke_or_sarcasm,0
Disaster Tweets,disaster_tweets,disaster_01349,real disaster,discusses_non_event_context,0
Disaster Tweets,disaster_tweets,disaster_03151,real disaster,mentions_disaster_type,0
Disaster Tweets,disaster_tweets,disaster_03151,real disaster,reports_event_occurrence,0
Disaster Tweets,disaster_tweets,disaster_03151,real disaster,describes_threat_or_danger,0
Disaster Tweets,disaster_tweets,disaster_03151,real disaster,mentions_cause_or_trigger,0
Disaster Tweets,disaster_tweets,disaster_03151,real disaster,mentions_location,0
Disaster Tweets,disaster_tweets,disaster_03151,real disaster,mentions_time_or_recency,0
Disaster Tweets,disaster_tweets,disaster_03151,real disaster,includes_source_or_report,0
Disaster Tweets,disaster_tweets,disaster_03151,real disaster,first_person_witnessing,0
Disaster Tweets,disaster_tweets,disaster_03151,real disaster,mentions_casualties_or_injuries,0
Disaster Tweets,disaster_tweets,disaster_03151,real disaster,mentions_property_damage,0
Disaster Tweets,disaster_tweets,disaster_03151,real disaster,mentions_infrastructure_disruption,0
Disaster Tweets,disaster_tweets,disaster_03151,real disaster,mentions_scale_or_intensity,0
Disaster Tweets,disaster_tweets,disaster_03151,real disaster,calls_for_help,0
Disaster Tweets,disaster_tweets,disaster_03151,real disaster,mentions_rescue_or_emergency_services,0
Disaster Tweets,disaster_tweets,disaster_03151,real disaster,mentions_evacuation_or_shelter,0
Disaster Tweets,disaster_tweets,disaster_03151,real disaster,gives_safety_instruction,0
Disaster Tweets,disaster_tweets,disaster_03151,real disaster,uses_metaphor_or_idiom,1
Disaster Tweets,disaster_tweets,disaster_03151,real disaster,refers_to_entertainment_or_sports,0
Disaster Tweets,disaster_tweets,disaster_03151,real disaster,expresses_joke_or_sarcasm,0
Disaster Tweets,disaster_tweets,disaster_03151,real disaster,discusses_non_event_context,1
Disaster Tweets,disaster_tweets,disaster_03588,real disaster,mentions_disaster_type,0
Disaster Tweets,disaster_tweets,disaster_03588,real disaster,reports_event_occurrence,0
Disaster Tweets,disaster_tweets,disaster_03588,real disaster,describes_threat_or_danger,0
Disaster Tweets,disaster_tweets,disaster_03588,real disaster,mentions_cause_or_trigger,0
Disaster Tweets,disaster_tweets,disaster_03588,real disaster,mentions_location,1
Disaster Tweets,disaster_tweets,disaster_03588,real disaster,mentions_time_or_recency,1
Disaster Tweets,disaster_tweets,disaster_03588,real disaster,includes_source_or_report,0
Disaster Tweets,disaster_tweets,disaster_03588,real disaster,first_person_witnessing,0
Disaster Tweets,disaster_tweets,disaster_03588,real disaster,mentions_casualties_or_injuries,0
Disaster Tweets,disaster_tweets,disaster_03588,real disaster,mentions_property_damage,0
Disaster Tweets,disaster_tweets,disaster_03588,real disaster,mentions_infrastructure_disruption,0
Disaster Tweets,disaster_tweets,disaster_03588,real disaster,mentions_scale_or_intensity,0
Disaster Tweets,disaster_tweets,disaster_03588,real disaster,calls_for_help,0
Disaster Tweets,disaster_tweets,disaster_03588,real disaster,mentions_rescue_or_emergency_services,1
Disaster Tweets,disaster_tweets,disaster_03588,real disaster,mentions_evacuation_or_shelter,0
Disaster Tweets,disaster_tweets,disaster_03588,real disaster,gives_safety_instruction,0
Disaster Tweets,disaster_tweets,disaster_03588,real disaster,uses_metaphor_or_idiom,0
Disaster Tweets,disaster_tweets,disaster_03588,real disaster,refers_to_entertainment_or_sports,0
Disaster Tweets,disaster_tweets,disaster_03588,real disaster,expresses_joke_or_sarcasm,0
Disaster Tweets,disaster_tweets,disaster_03588,real disaster,discusses_non_event_context,0
Disaster Tweets,disaster_tweets,disaster_03515,not disaster,mentions_disaster_type,0
Disaster Tweets,disaster_tweets,disaster_03515,not disaster,reports_event_occurrence,0
Disaster Tweets,disaster_tweets,disaster_03515,not disaster,describes_threat_or_danger,0
Disaster Tweets,disaster_tweets,disaster_03515,not disaster,mentions_cause_or_trigger,0
Disaster Tweets,disaster_tweets,disaster_03515,not disaster,mentions_location,0
Disaster Tweets,disaster_tweets,disaster_03515,not disaster,mentions_time_or_recency,0
Disaster Tweets,disaster_tweets,disaster_03515,not disaster,includes_source_or_report,0
Disaster Tweets,disaster_tweets,disaster_03515,not disaster,first_person_witnessing,0
Disaster Tweets,disaster_tweets,disaster_03515,not disaster,mentions_casualties_or_injuries,0
Disaster Tweets,disaster_tweets,disaster_03515,not disaster,mentions_property_damage,0
Disaster Tweets,disaster_tweets,disaster_03515,not disaster,mentions_infrastructure_disruption,0
Disaster Tweets,disaster_tweets,disaster_03515,not disaster,mentions_scale_or_intensity,0
Disaster Tweets,disaster_tweets,disaster_03515,not disaster,calls_for_help,0
Disaster Tweets,disaster_tweets,disaster_03515,not disaster,mentions_rescue_or_emergency_services,0
Disaster Tweets,disaster_tweets,disaster_03515,not disaster,mentions_evacuation_or_shelter,0
Disaster Tweets,disaster_tweets,disaster_03515,not disaster,gives_safety_instruction,0
Disaster Tweets,disaster_tweets,disaster_03515,not disaster,uses_metaphor_or_idiom,1
Disaster Tweets,disaster_tweets,disaster_03515,not disaster,refers_to_entertainment_or_sports,0
Disaster Tweets,disaster_tweets,disaster_03515,not disaster,expresses_joke_or_sarcasm,1
Disaster Tweets,disaster_tweets,disaster_03515,not disaster,discusses_non_event_context,1
Disaster Tweets,disaster_tweets,disaster_02600,real disaster,mentions_disaster_type,0
Disaster Tweets,disaster_tweets,disaster_02600,real disaster,reports_event_occurrence,0
Disaster Tweets,disaster_tweets,disaster_02600,real disaster,describes_threat_or_danger,0
Disaster Tweets,disaster_tweets,disaster_02600,real disaster,mentions_cause_or_trigger,0
Disaster Tweets,disaster_tweets,disaster_02600,real disaster,mentions_location,0
Disaster Tweets,disaster_tweets,disaster_02600,real disaster,mentions_time_or_recency,0
Disaster Tweets,disaster_tweets,disaster_02600,real disaster,includes_source_or_report,0
Disaster Tweets,disaster_tweets,disaster_02600,real disaster,first_person_witnessing,0
Disaster Tweets,disaster_tweets,disaster_02600,real disaster,mentions_casualties_or_injuries,0
Disaster Tweets,disaster_tweets,disaster_02600,real disaster,mentions_property_damage,0
Disaster Tweets,disaster_tweets,disaster_02600,real disaster,mentions_infrastructure_disruption,0
Disaster Tweets,disaster_tweets,disaster_02600,real disaster,mentions_scale_or_intensity,0
Disaster Tweets,disaster_tweets,disaster_02600,real disaster,calls_for_help,0
Disaster Tweets,disaster_tweets,disaster_02600,real disaster,mentions_rescue_or_emergency_services,0
Disaster Tweets,disaster_tweets,disaster_02600,real disaster,mentions_evacuation_or_shelter,0
Disaster Tweets,disaster_tweets,disaster_02600,real disaster,gives_safety_instruction,0
Disaster Tweets,disaster_tweets,disaster_02600,real disaster,uses_metaphor_or_idiom,1
Disaster Tweets,disaster_tweets,disaster_02600,real disaster,refers_to_entertainment_or_sports,0
Disaster Tweets,disaster_tweets,disaster_02600,real disaster,expresses_joke_or_sarcasm,0
Disaster Tweets,disaster_tweets,disaster_02600,real disaster,discusses_non_event_context,1
Disaster Tweets,disaster_tweets,disaster_01134,not disaster,mentions_disaster_type,0
Disaster Tweets,disaster_tweets,disaster_01134,not disaster,reports_event_occurrence,0
Disaster Tweets,disaster_tweets,disaster_01134,not disaster,describes_threat_or_danger,1
Disaster Tweets,disaster_tweets,disaster_01134,not disaster,mentions_cause_or_trigger,0
Disaster Tweets,disaster_tweets,disaster_01134,not disaster,mentions_location,0
Disaster Tweets,disaster_tweets,disaster_01134,not disaster,mentions_time_or_recency,0
Disaster Tweets,disaster_tweets,disaster_01134,not disaster,includes_source_or_report,0
Disaster Tweets,disaster_tweets,disaster_01134,not disaster,first_person_witnessing,0
Disaster Tweets,disaster_tweets,disaster_01134,not disaster,mentions_casualties_or_injuries,0
Disaster Tweets,disaster_tweets,disaster_01134,not disaster,mentions_property_damage,0
Disaster Tweets,disaster_tweets,disaster_01134,not disaster,mentions_infrastructure_disruption,0
Disaster Tweets,disaster_tweets,disaster_01134,not disaster,mentions_scale_or_intensity,1
Disaster Tweets,disaster_tweets,disaster_01134,not disaster,calls_for_help,0
Disaster Tweets,disaster_tweets,disaster_01134,not disaster,mentions_rescue_or_emergency_services,0
Disaster Tweets,disaster_tweets,disaster_01134,not disaster,mentions_evacuation_or_shelter,0
Disaster Tweets,disaster_tweets,disaster_01134,not disaster,gives_safety_instruction,0
Disaster Tweets,disaster_tweets,disaster_01134,not disaster,uses_metaphor_or_idiom,1
Disaster Tweets,disaster_tweets,disaster_01134,not disaster,refers_to_entertainment_or_sports,1
Disaster Tweets,disaster_tweets,disaster_01134,not disaster,expresses_joke_or_sarcasm,1
Disaster Tweets,disaster_tweets,disaster_01134,not disaster,discusses_non_event_context,1
Disaster Tweets,disaster_tweets,disaster_03067,real disaster,mentions_disaster_type,1
Disaster Tweets,disaster_tweets,disaster_03067,real disaster,reports_event_occurrence,1
Disaster Tweets,disaster_tweets,disaster_03067,real disaster,describes_threat_or_danger,1
Disaster Tweets,disaster_tweets,disaster_03067,real disaster,mentions_cause_or_trigger,0
Disaster Tweets,disaster_tweets,disaster_03067,real disaster,mentions_location,1
Disaster Tweets,disaster_tweets,disaster_03067,real disaster,mentions_time_or_recency,0
Disaster Tweets,disaster_tweets,disaster_03067,real disaster,includes_source_or_report,1
Disaster Tweets,disaster_tweets,disaster_03067,real disaster,first_person_witnessing,0
Disaster Tweets,disaster_tweets,disaster_03067,real disaster,mentions_casualties_or_injuries,1
Disaster Tweets,disaster_tweets,disaster_03067,real disaster,mentions_property_damage,0
Disaster Tweets,disaster_tweets,disaster_03067,real disaster,mentions_infrastructure_disruption,0
Disaster Tweets,disaster_tweets,disaster_03067,real disaster,mentions_scale_or_intensity,0
Disaster Tweets,disaster_tweets,disaster_03067,real disaster,calls_for_help,0
Disaster Tweets,disaster_tweets,disaster_03067,real disaster,mentions_rescue_or_emergency_services,0
Disaster Tweets,disaster_tweets,disaster_03067,real disaster,mentions_evacuation_or_shelter,0
Disaster Tweets,disaster_tweets,disaster_03067,real disaster,gives_safety_instruction,0
Disaster Tweets,disaster_tweets,disaster_03067,real disaster,uses_metaphor_or_idiom,0
Disaster Tweets,disaster_tweets,disaster_03067,real disaster,refers_to_entertainment_or_sports,0
Disaster Tweets,disaster_tweets,disaster_03067,real disaster,expresses_joke_or_sarcasm,0
Disaster Tweets,disaster_tweets,disaster_03067,real disaster,discusses_non_event_context,0
Disaster Tweets,disaster_tweets,disaster_00891,real disaster,mentions_disaster_type,0
Disaster Tweets,disaster_tweets,disaster_00891,real disaster,reports_event_occurrence,0
Disaster Tweets,disaster_tweets,disaster_00891,real disaster,describes_threat_or_danger,0
Disaster Tweets,disaster_tweets,disaster_00891,real disaster,mentions_cause_or_trigger,0
Disaster Tweets,disaster_tweets,disaster_00891,real disaster,mentions_location,1
Disaster Tweets,disaster_tweets,disaster_00891,real disaster,mentions_time_or_recency,1
Disaster Tweets,disaster_tweets,disaster_00891,real disaster,includes_source_or_report,0
Disaster Tweets,disaster_tweets,disaster_00891,real disaster,first_person_witnessing,1
Disaster Tweets,disaster_tweets,disaster_00891,real disaster,mentions_casualties_or_injuries,0
Disaster Tweets,disaster_tweets,disaster_00891,real disaster,mentions_property_damage,0
Disaster Tweets,disaster_tweets,disaster_00891,real disaster,mentions_infrastructure_disruption,0
Disaster Tweets,disaster_tweets,disaster_00891,real disaster,mentions_scale_or_intensity,0
Disaster Tweets,disaster_tweets,disaster_00891,real disaster,calls_for_help,0
Disaster Tweets,disaster_tweets,disaster_00891,real disaster,mentions_rescue_or_emergency_services,0
Disaster Tweets,disaster_tweets,disaster_00891,real disaster,mentions_evacuation_or_shelter,0
Disaster Tweets,disaster_tweets,disaster_00891,real disaster,gives_safety_instruction,0
Disaster Tweets,disaster_tweets,disaster_00891,real disaster,uses_metaphor_or_idiom,1
Disaster Tweets,disaster_tweets,disaster_00891,real disaster,refers_to_entertainment_or_sports,0
Disaster Tweets,disaster_tweets,disaster_00891,real disaster,expresses_joke_or_sarcasm,1
Disaster Tweets,disaster_tweets,disaster_00891,real disaster,discusses_non_event_context,1
Disaster Tweets,disaster_tweets,disaster_01868,real disaster,mentions_disaster_type,0
Disaster Tweets,disaster_tweets,disaster_01868,real disaster,reports_event_occurrence,0
Disaster Tweets,disaster_tweets,disaster_01868,real disaster,describes_threat_or_danger,1
Disaster Tweets,disaster_tweets,disaster_01868,real disaster,mentions_cause_or_trigger,0
Disaster Tweets,disaster_tweets,disaster_01868,real disaster,mentions_location,1
Disaster Tweets,disaster_tweets,disaster_01868,real disaster,mentions_time_or_recency,0
Disaster Tweets,disaster_tweets,disaster_01868,real disaster,includes_source_or_report,0
Disaster Tweets,disaster_tweets,disaster_01868,real disaster,first_person_witnessing,0
Disaster Tweets,disaster_tweets,disaster_01868,real disaster,mentions_casualties_or_injuries,0
Disaster Tweets,disaster_tweets,disaster_01868,real disaster,mentions_property_damage,0
Disaster Tweets,disaster_tweets,disaster_01868,real disaster,mentions_infrastructure_disruption,0
Disaster Tweets,disaster_tweets,disaster_01868,real disaster,mentions_scale_or_intensity,0
Disaster Tweets,disaster_tweets,disaster_01868,real disaster,calls_for_help,0
Disaster Tweets,disaster_tweets,disaster_01868,real disaster,mentions_rescue_or_emergency_services,0
Disaster Tweets,disaster_tweets,disaster_01868,real disaster,mentions_evacuation_or_shelter,0
Disaster Tweets,disaster_tweets,disaster_01868,real disaster,gives_safety_instruction,0
Disaster Tweets,disaster_tweets,disaster_01868,real disaster,uses_metaphor_or_idiom,0
Disaster Tweets,disaster_tweets,disaster_01868,real disaster,refers_to_entertainment_or_sports,0
Disaster Tweets,disaster_tweets,disaster_01868,real disaster,expresses_joke_or_sarcasm,0
Disaster Tweets,disaster_tweets,disaster_01868,real disaster,discusses_non_event_context,0
Disaster Tweets,disaster_tweets,disaster_03685,not disaster,mentions_disaster_type,0
Disaster Tweets,disaster_tweets,disaster_03685,not disaster,reports_event_occurrence,0
Disaster Tweets,disaster_tweets,disaster_03685,not disaster,describes_threat_or_danger,1
Disaster Tweets,disaster_tweets,disaster_03685,not disaster,mentions_cause_or_trigger,0
Disaster Tweets,disaster_tweets,disaster_03685,not disaster,mentions_location,0
Disaster Tweets,disaster_tweets,disaster_03685,not disaster,mentions_time_or_recency,0
Disaster Tweets,disaster_tweets,disaster_03685,not disaster,includes_source_or_report,0
Disaster Tweets,disaster_tweets,disaster_03685,not disaster,first_person_witnessing,0
Disaster Tweets,disaster_tweets,disaster_03685,not disaster,mentions_casualties_or_injuries,0
Disaster Tweets,disaster_tweets,disaster_03685,not disaster,mentions_property_damage,0
Disaster Tweets,disaster_tweets,disaster_03685,not disaster,mentions_infrastructure_disruption,0
Disaster Tweets,disaster_tweets,disaster_03685,not disaster,mentions_scale_or_intensity,0
Disaster Tweets,disaster_tweets,disaster_03685,not disaster,calls_for_help,0
Disaster Tweets,disaster_tweets,disaster_03685,not disaster,mentions_rescue_or_emergency_services,0
Disaster Tweets,disaster_tweets,disaster_03685,not disaster,mentions_evacuation_or_shelter,0
Disaster Tweets,disaster_tweets,disaster_03685,not disaster,gives_safety_instruction,0
Disaster Tweets,disaster_tweets,disaster_03685,not disaster,uses_metaphor_or_idiom,1
Disaster Tweets,disaster_tweets,disaster_03685,not disaster,refers_to_entertainment_or_sports,0
Disaster Tweets,disaster_tweets,disaster_03685,not disaster,expresses_joke_or_sarcasm,0
Disaster Tweets,disaster_tweets,disaster_03685,not disaster,discusses_non_event_context,1
Disaster Tweets,disaster_tweets,disaster_03892,real disaster,mentions_disaster_type,0
Disaster Tweets,disaster_tweets,disaster_03892,real disaster,reports_event_occurrence,0
Disaster Tweets,disaster_tweets,disaster_03892,real disaster,describes_threat_or_danger,0
Disaster Tweets,disaster_tweets,disaster_03892,real disaster,mentions_cause_or_trigger,0
Disaster Tweets,disaster_tweets,disaster_03892,real disaster,mentions_location,1
Disaster Tweets,disaster_tweets,disaster_03892,real disaster,mentions_time_or_recency,0
Disaster Tweets,disaster_tweets,disaster_03892,real disaster,includes_source_or_report,0
Disaster Tweets,disaster_tweets,disaster_03892,real disaster,first_person_witnessing,0
Disaster Tweets,disaster_tweets,disaster_03892,real disaster,mentions_casualties_or_injuries,0
Disaster Tweets,disaster_tweets,disaster_03892,real disaster,mentions_property_damage,0
Disaster Tweets,disaster_tweets,disaster_03892,real disaster,mentions_infrastructure_disruption,0
Disaster Tweets,disaster_tweets,disaster_03892,real disaster,mentions_scale_or_intensity,0
Disaster Tweets,disaster_tweets,disaster_03892,real disaster,calls_for_help,0
Disaster Tweets,disaster_tweets,disaster_03892,real disaster,mentions_rescue_or_emergency_services,0
Disaster Tweets,disaster_tweets,disaster_03892,real disaster,mentions_evacuation_or_shelter,0
Disaster Tweets,disaster_tweets,disaster_03892,real disaster,gives_safety_instruction,0
Disaster Tweets,disaster_tweets,disaster_03892,real disaster,uses_metaphor_or_idiom,1
Disaster Tweets,disaster_tweets,disaster_03892,real disaster,refers_to_entertainment_or_sports,0
Disaster Tweets,disaster_tweets,disaster_03892,real disaster,expresses_joke_or_sarcasm,1
Disaster Tweets,disaster_tweets,disaster_03892,real disaster,discusses_non_event_context,0
Disaster Tweets,disaster_tweets,disaster_03689,not disaster,mentions_disaster_type,0
Disaster Tweets,disaster_tweets,disaster_03689,not disaster,reports_event_occurrence,0
Disaster Tweets,disaster_tweets,disaster_03689,not disaster,describes_threat_or_danger,0
Disaster Tweets,disaster_tweets,disaster_03689,not disaster,mentions_cause_or_trigger,0
Disaster Tweets,disaster_tweets,disaster_03689,not disaster,mentions_location,0
Disaster Tweets,disaster_tweets,disaster_03689,not disaster,mentions_time_or_recency,1
Disaster Tweets,disaster_tweets,disaster_03689,not disaster,includes_source_or_report,0
Disaster Tweets,disaster_tweets,disaster_03689,not disaster,first_person_witnessing,1
Disaster Tweets,disaster_tweets,disaster_03689,not disaster,mentions_casualties_or_injuries,0
Disaster Tweets,disaster_tweets,disaster_03689,not disaster,mentions_property_damage,0
Disaster Tweets,disaster_tweets,disaster_03689,not disaster,mentions_infrastructure_disruption,0
Disaster Tweets,disaster_tweets,disaster_03689,not disaster,mentions_scale_or_intensity,0
Disaster Tweets,disaster_tweets,disaster_03689,not disaster,calls_for_help,0
Disaster Tweets,disaster_tweets,disaster_03689,not disaster,mentions_rescue_or_emergency_services,0
Disaster Tweets,disaster_tweets,disaster_03689,not disaster,mentions_evacuation_or_shelter,0
Disaster Tweets,disaster_tweets,disaster_03689,not disaster,gives_safety_instruction,0
Disaster Tweets,disaster_tweets,disaster_03689,not disaster,uses_metaphor_or_idiom,0
Disaster Tweets,disaster_tweets,disaster_03689,not disaster,refers_to_entertainment_or_sports,0
Disaster Tweets,disaster_tweets,disaster_03689,not disaster,expresses_joke_or_sarcasm,0
Disaster Tweets,disaster_tweets,disaster_03689,not disaster,discusses_non_event_context,1
Disaster Tweets,disaster_tweets,disaster_04926,real disaster,mentions_disaster_type,1
Disaster Tweets,disaster_tweets,disaster_04926,real disaster,reports_event_occurrence,1
Disaster Tweets,disaster_tweets,disaster_04926,real disaster,describes_threat_or_danger,1
Disaster Tweets,disaster_tweets,disaster_04926,real disaster,mentions_cause_or_trigger,0
Disaster Tweets,disaster_tweets,disaster_04926,real disaster,mentions_location,1
Disaster Tweets,disaster_tweets,disaster_04926,real disaster,mentions_time_or_recency,0
Disaster Tweets,disaster_tweets,disaster_04926,real disaster,includes_source_or_report,0
Disaster Tweets,disaster_tweets,disaster_04926,real disaster,first_person_witnessing,0
Disaster Tweets,disaster_tweets,disaster_04926,real disaster,mentions_casualties_or_injuries,0
Disaster Tweets,disaster_tweets,disaster_04926,real disaster,mentions_property_damage,1
Disaster Tweets,disaster_tweets,disaster_04926,real disaster,mentions_infrastructure_disruption,0
Disaster Tweets,disaster_tweets,disaster_04926,real disaster,mentions_scale_or_intensity,0
Disaster Tweets,disaster_tweets,disaster_04926,real disaster,calls_for_help,0
Disaster Tweets,disaster_tweets,disaster_04926,real disaster,mentions_rescue_or_emergency_services,0
Disaster Tweets,disaster_tweets,disaster_04926,real disaster,mentions_evacuation_or_shelter,0
Disaster Tweets,disaster_tweets,disaster_04926,real disaster,gives_safety_instruction,0
Disaster Tweets,disaster_tweets,disaster_04926,real disaster,uses_metaphor_or_idiom,0
Disaster Tweets,disaster_tweets,disaster_04926,real disaster,refers_to_entertainment_or_sports,0
Disaster Tweets,disaster_tweets,disaster_04926,real disaster,expresses_joke_or_sarcasm,0
Disaster Tweets,disaster_tweets,disaster_04926,real disaster,discusses_non_event_context,0
Disaster Tweets,disaster_tweets,disaster_01593,real disaster,mentions_disaster_type,1
Disaster Tweets,disaster_tweets,disaster_01593,real disaster,reports_event_occurrence,1
Disaster Tweets,disaster_tweets,disaster_01593,real disaster,describes_threat_or_danger,1
Disaster Tweets,disaster_tweets,disaster_01593,real disaster,mentions_cause_or_trigger,0
Disaster Tweets,disaster_tweets,disaster_01593,real disaster,mentions_location,1
Disaster Tweets,disaster_tweets,disaster_01593,real disaster,mentions_time_or_recency,0
Disaster Tweets,disaster_tweets,disaster_01593,real disaster,includes_source_or_report,1
Disaster Tweets,disaster_tweets,disaster_01593,real disaster,first_person_witnessing,0
Disaster Tweets,disaster_tweets,disaster_01593,real disaster,mentions_casualties_or_injuries,1
Disaster Tweets,disaster_tweets,disaster_01593,real disaster,mentions_property_damage,0
Disaster Tweets,disaster_tweets,disaster_01593,real disaster,mentions_infrastructure_disruption,0
Disaster Tweets,disaster_tweets,disaster_01593,real disaster,mentions_scale_or_intensity,1
Disaster Tweets,disaster_tweets,disaster_01593,real disaster,calls_for_help,0
Disaster Tweets,disaster_tweets,disaster_01593,real disaster,mentions_rescue_or_emergency_services,0
Disaster Tweets,disaster_tweets,disaster_01593,real disaster,mentions_evacuation_or_shelter,0
Disaster Tweets,disaster_tweets,disaster_01593,real disaster,gives_safety_instruction,0
Disaster Tweets,disaster_tweets,disaster_01593,real disaster,uses_metaphor_or_idiom,0
Disaster Tweets,disaster_tweets,disaster_01593,real disaster,refers_to_entertainment_or_sports,0
Disaster Tweets,disaster_tweets,disaster_01593,real disaster,expresses_joke_or_sarcasm,0
Disaster Tweets,disaster_tweets,disaster_01593,real disaster,discusses_non_event_context,0
Disaster Tweets,disaster_tweets,disaster_03602,not disaster,mentions_disaster_type,0
Disaster Tweets,disaster_tweets,disaster_03602,not disaster,reports_event_occurrence,0
Disaster Tweets,disaster_tweets,disaster_03602,not disaster,describes_threat_or_danger,0
Disaster Tweets,disaster_tweets,disaster_03602,not disaster,mentions_cause_or_trigger,0
Disaster Tweets,disaster_tweets,disaster_03602,not disaster,mentions_location,0
Disaster Tweets,disaster_tweets,disaster_03602,not disaster,mentions_time_or_recency,0
Disaster Tweets,disaster_tweets,disaster_03602,not disaster,includes_source_or_report,0
Disaster Tweets,disaster_tweets,disaster_03602,not disaster,first_person_witnessing,0
Disaster Tweets,disaster_tweets,disaster_03602,not disaster,mentions_casualties_or_injuries,0
Disaster Tweets,disaster_tweets,disaster_03602,not disaster,mentions_property_damage,0
Disaster Tweets,disaster_tweets,disaster_03602,not disaster,mentions_infrastructure_disruption,0
Disaster Tweets,disaster_tweets,disaster_03602,not disaster,mentions_scale_or_intensity,0
Disaster Tweets,disaster_tweets,disaster_03602,not disaster,calls_for_help,0
Disaster Tweets,disaster_tweets,disaster_03602,not disaster,mentions_rescue_or_emergency_services,0
Disaster Tweets,disaster_tweets,disaster_03602,not disaster,mentions_evacuation_or_shelter,0
Disaster Tweets,disaster_tweets,disaster_03602,not disaster,gives_safety_instruction,0
Disaster Tweets,disaster_tweets,disaster_03602,not disaster,uses_metaphor_or_idiom,1
Disaster Tweets,disaster_tweets,disaster_03602,not disaster,refers_to_entertainment_or_sports,0
Disaster Tweets,disaster_tweets,disaster_03602,not disaster,expresses_joke_or_sarcasm,1
Disaster Tweets,disaster_tweets,disaster_03602,not disaster,discusses_non_event_context,1
Disaster Tweets,disaster_tweets,disaster_01810,not disaster,mentions_disaster_type,1
Disaster Tweets,disaster_tweets,disaster_01810,not disaster,reports_event_occurrence,0
Disaster Tweets,disaster_tweets,disaster_01810,not disaster,describes_threat_or_danger,0
Disaster Tweets,disaster_tweets,disaster_01810,not disaster,mentions_cause_or_trigger,0
Disaster Tweets,disaster_tweets,disaster_01810,not disaster,mentions_location,1
Disaster Tweets,disaster_tweets,disaster_01810,not disaster,mentions_time_or_recency,0
Disaster Tweets,disaster_tweets,disaster_01810,not disaster,includes_source_or_report,1
Disaster Tweets,disaster_tweets,disaster_01810,not disaster,first_person_witnessing,0
Disaster Tweets,disaster_tweets,disaster_01810,not disaster,mentions_casualties_or_injuries,0
Disaster Tweets,disaster_tweets,disaster_01810,not disaster,mentions_property_damage,0
Disaster Tweets,disaster_tweets,disaster_01810,not disaster,mentions_infrastructure_disruption,0
Disaster Tweets,disaster_tweets,disaster_01810,not disaster,mentions_scale_or_intensity,0
Disaster Tweets,disaster_tweets,disaster_01810,not disaster,calls_for_help,0
Disaster Tweets,disaster_tweets,disaster_01810,not disaster,mentions_rescue_or_emergency_services,0
Disaster Tweets,disaster_tweets,disaster_01810,not disaster,mentions_evacuation_or_shelter,0
Disaster Tweets,disaster_tweets,disaster_01810,not disaster,gives_safety_instruction,0
Disaster Tweets,disaster_tweets,disaster_01810,not disaster,uses_metaphor_or_idiom,0
Disaster Tweets,disaster_tweets,disaster_01810,not disaster,refers_to_entertainment_or_sports,0
Disaster Tweets,disaster_tweets,disaster_01810,not disaster,expresses_joke_or_sarcasm,0
Disaster Tweets,disaster_tweets,disaster_01810,not disaster,discusses_non_event_context,1
Disaster Tweets,disaster_tweets,disaster_04224,real disaster,mentions_disaster_type,0
Disaster Tweets,disaster_tweets,disaster_04224,real disaster,reports_event_occurrence,1
Disaster Tweets,disaster_tweets,disaster_04224,real disaster,describes_threat_or_danger,1
Disaster Tweets,disaster_tweets,disaster_04224,real disaster,mentions_cause_or_trigger,0
Disaster Tweets,disaster_tweets,disaster_04224,real disaster,mentions_location,1
Disaster Tweets,disaster_tweets,disaster_04224,real disaster,mentions_time_or_recency,0
Disaster Tweets,disaster_tweets,disaster_04224,real disaster,includes_source_or_report,1
Disaster Tweets,disaster_tweets,disaster_04224,real disaster,first_person_witnessing,0
Disaster Tweets,disaster_tweets,disaster_04224,real disaster,mentions_casualties_or_injuries,0
Disaster Tweets,disaster_tweets,disaster_04224,real disaster,mentions_property_damage,0
Disaster Tweets,disaster_tweets,disaster_04224,real disaster,mentions_infrastructure_disruption,0
Disaster Tweets,disaster_tweets,disaster_04224,real disaster,mentions_scale_or_intensity,0
Disaster Tweets,disaster_tweets,disaster_04224,real disaster,calls_for_help,0
Disaster Tweets,disaster_tweets,disaster_04224,real disaster,mentions_rescue_or_emergency_services,0
Disaster Tweets,disaster_tweets,disaster_04224,real disaster,mentions_evacuation_or_shelter,0
Disaster Tweets,disaster_tweets,disaster_04224,real disaster,gives_safety_instruction,0
Disaster Tweets,disaster_tweets,disaster_04224,real disaster,uses_metaphor_or_idiom,0
Disaster Tweets,disaster_tweets,disaster_04224,real disaster,refers_to_entertainment_or_sports,0
Disaster Tweets,disaster_tweets,disaster_04224,real disaster,expresses_joke_or_sarcasm,0
Disaster Tweets,disaster_tweets,disaster_04224,real disaster,discusses_non_event_context,0
Disaster Tweets,disaster_tweets,disaster_00895,real disaster,mentions_disaster_type,0
Disaster Tweets,disaster_tweets,disaster_00895,real disaster,reports_event_occurrence,0
Disaster Tweets,disaster_tweets,disaster_00895,real disaster,describes_threat_or_danger,0
Disaster Tweets,disaster_tweets,disaster_00895,real disaster,mentions_cause_or_trigger,0
Disaster Tweets,disaster_tweets,disaster_00895,real disaster,mentions_location,0
Disaster Tweets,disaster_tweets,disaster_00895,real disaster,mentions_time_or_recency,0
Disaster Tweets,disaster_tweets,disaster_00895,real disaster,includes_source_or_report,0
Disaster Tweets,disaster_tweets,disaster_00895,real disaster,first_person_witnessing,0
Disaster Tweets,disaster_tweets,disaster_00895,real disaster,mentions_casualties_or_injuries,0
Disaster Tweets,disaster_tweets,disaster_00895,real disaster,mentions_property_damage,0
Disaster Tweets,disaster_tweets,disaster_00895,real disaster,mentions_infrastructure_disruption,0
Disaster Tweets,disaster_tweets,disaster_00895,real disaster,mentions_scale_or_intensity,0
Disaster Tweets,disaster_tweets,disaster_00895,real disaster,calls_for_help,0
Disaster Tweets,disaster_tweets,disaster_00895,real disaster,mentions_rescue_or_emergency_services,0
Disaster Tweets,disaster_tweets,disaster_00895,real disaster,mentions_evacuation_or_shelter,0
Disaster Tweets,disaster_tweets,disaster_00895,real disaster,gives_safety_instruction,0
Disaster Tweets,disaster_tweets,disaster_00895,real disaster,uses_metaphor_or_idiom,0
Disaster Tweets,disaster_tweets,disaster_00895,real disaster,refers_to_entertainment_or_sports,0
Disaster Tweets,disaster_tweets,disaster_00895,real disaster,expresses_joke_or_sarcasm,0
Disaster Tweets,disaster_tweets,disaster_00895,real disaster,discusses_non_event_context,1
Disaster Tweets,disaster_tweets,disaster_03969,not disaster,mentions_disaster_type,0
Disaster Tweets,disaster_tweets,disaster_03969,not disaster,reports_event_occurrence,0
Disaster Tweets,disaster_tweets,disaster_03969,not disaster,describes_threat_or_danger,0
Disaster Tweets,disaster_tweets,disaster_03969,not disaster,mentions_cause_or_trigger,0
Disaster Tweets,disaster_tweets,disaster_03969,not disaster,mentions_location,1
Disaster Tweets,disaster_tweets,disaster_03969,not disaster,mentions_time_or_recency,0
Disaster Tweets,disaster_tweets,disaster_03969,not disaster,includes_source_or_report,0
Disaster Tweets,disaster_tweets,disaster_03969,not disaster,first_person_witnessing,0
Disaster Tweets,disaster_tweets,disaster_03969,not disaster,mentions_casualties_or_injuries,0
Disaster Tweets,disaster_tweets,disaster_03969,not disaster,mentions_property_damage,0
Disaster Tweets,disaster_tweets,disaster_03969,not disaster,mentions_infrastructure_disruption,0
Disaster Tweets,disaster_tweets,disaster_03969,not disaster,mentions_scale_or_intensity,0
Disaster Tweets,disaster_tweets,disaster_03969,not disaster,calls_for_help,0
Disaster Tweets,disaster_tweets,disaster_03969,not disaster,mentions_rescue_or_emergency_services,0
Disaster Tweets,disaster_tweets,disaster_03969,not disaster,mentions_evacuation_or_shelter,0
Disaster Tweets,disaster_tweets,disaster_03969,not disaster,gives_safety_instruction,0
Disaster Tweets,disaster_tweets,disaster_03969,not disaster,uses_metaphor_or_idiom,0
Disaster Tweets,disaster_tweets,disaster_03969,not disaster,refers_to_entertainment_or_sports,0
Disaster Tweets,disaster_tweets,disaster_03969,not disaster,expresses_joke_or_sarcasm,0
Disaster Tweets,disaster_tweets,disaster_03969,not disaster,discusses_non_event_context,1
