id,source_id,split,label
ade_00000,train_16638,train,non_ade
ade_00001,train_2662,train,non_ade
ade_00002,train_1998,train,non_ade
ade_00003,test_5327,test,non_ade
ade_00004,train_1338,test,non_ade
ade_00005,train_4500,train,non_ade
ade_00006,train_7956,train,non_ade
ade_00007,train_8199,train,non_ade
ade_00008,train_5626,train,non_ade
ade_00009,test_3213,train,non_ade
ade_00010,test_2104,train,ade
ade_00011,test_1666,train,non_ade
ade_00012,train_7720,train,non_ade
ade_00013,train_15792,train,non_ade
ade_00014,test_4695,train,non_ade
ade_00015,test_3655,train,ade
ade_00016,train_8686,train,ade
ade_00017,train_11676,train,non_ade
ade_00018,train_16600,train,non_ade
ade_00019,train_13775,train,non_ade
ade_00020,train_2637,train,non_ade
ade_00021,train_8698,test,non_ade
ade_00022,train_10364,train,ade
ade_00023,train_5587,test,non_ade
ade_00024,test_890,test,non_ade
ade_00025,train_12154,train,non_ade
ade_00026,test_546,train,non_ade
ade_00027,test_4688,train,non_ade
ade_00028,train_3098,train,non_ade
ade_00029,train_8502,test,non_ade
ade_00030,train_987,train,ade
ade_00031,test_5459,test,non_ade
ade_00032,test_1680,train,non_ade
ade_00033,train_4200,train,non_ade
ade_00034,test_5473,train,non_ade
ade_00035,train_9412,train,non_ade
ade_00036,train_1197,train,non_ade
ade_00037,test_1885,train,non_ade
ade_00038,train_13556,train,ade
ade_00039,train_11950,test,non_ade
ade_00040,train_11451,train,non_ade
ade_00041,test_3234,train,non_ade
ade_00042,train_1649,train,non_ade
ade_00043,train_11250,test,non_ade
ade_00044,train_14746,train,non_ade
ade_00045,train_12611,test,ade
ade_00046,train_1136,train,non_ade
ade_00047,train_11867,test,non_ade
ade_00048,test_1997,train,non_ade
ade_00049,train_16386,test,non_ade
ade_00050,test_3544,train,non_ade
ade_00051,train_14707,train,non_ade
ade_00052,test_2660,train,non_ade
ade_00053,train_16853,train,non_ade
ade_00054,train_3559,train,non_ade
ade_00055,train_2567,test,non_ade
ade_00056,train_9415,test,non_ade
ade_00057,train_3505,train,non_ade
ade_00058,train_7841,train,non_ade
ade_00059,train_16492,test,ade
ade_00060,train_3052,test,non_ade
ade_00061,train_3173,train,non_ade
ade_00062,train_9266,train,non_ade
ade_00063,train_9635,train,ade
ade_00064,train_14109,train,non_ade
ade_00065,train_16072,train,non_ade
ade_00066,train_6340,test,non_ade
ade_00067,test_3556,test,non_ade
ade_00068,train_2313,train,ade
ade_00069,train_1006,train,non_ade
ade_00070,train_11130,train,ade
ade_00071,train_2016,train,non_ade
ade_00072,test_2182,test,non_ade
ade_00073,train_13284,train,non_ade
ade_00074,test_1651,train,non_ade
ade_00075,test_4628,train,ade
ade_00076,train_8022,train,non_ade
ade_00077,train_1938,train,non_ade
ade_00078,train_13688,train,non_ade
ade_00079,test_3698,train,non_ade
ade_00080,train_13095,train,non_ade
ade_00081,train_15295,test,non_ade
ade_00082,train_14249,train,non_ade
ade_00083,train_6002,test,non_ade
ade_00084,train_4268,train,ade
ade_00085,train_9424,train,non_ade
ade_00086,test_3260,train,ade
ade_00087,train_17251,train,non_ade
ade_00088,train_14976,test,non_ade
ade_00089,test_1939,train,non_ade
ade_00090,train_11161,train,non_ade
ade_00091,train_8269,train,ade
ade_00092,test_5263,train,non_ade
ade_00093,train_14350,train,non_ade
ade_00094,test_1568,train,non_ade
ade_00095,test_4282,test,non_ade
ade_00096,train_10703,train,non_ade
ade_00097,train_16476,test,non_ade
ade_00098,train_7674,train,non_ade
ade_00099,test_4250,test,non_ade
ade_00100,train_11726,train,non_ade
ade_00101,train_17466,train,non_ade
ade_00102,train_2592,test,ade
ade_00103,train_30,train,non_ade
ade_00104,train_4173,train,ade
ade_00105,train_8360,train,ade
ade_00106,test_5549,train,non_ade
ade_00107,train_14207,train,non_ade
ade_00108,train_1028,train,non_ade
ade_00109,train_16888,train,ade
ade_00110,train_5595,train,non_ade
ade_00111,train_7273,train,non_ade
ade_00112,test_3918,train,non_ade
ade_00113,train_10756,train,ade
ade_00114,train_4653,train,non_ade
ade_00115,train_11716,test,non_ade
ade_00116,train_7289,test,non_ade
ade_00117,train_379,train,non_ade
ade_00118,train_5030,train,non_ade
ade_00119,train_16664,train,non_ade
ade_00120,test_5229,test,ade
ade_00121,train_14575,train,non_ade
ade_00122,test_1611,test,non_ade
ade_00123,train_17171,train,non_ade
ade_00124,train_8447,test,non_ade
ade_00125,train_13792,train,non_ade
ade_00126,train_12792,train,non_ade
ade_00127,train_9650,train,non_ade
ade_00128,test_156,train,non_ade
ade_00129,train_12598,train,non_ade
ade_00130,train_131,test,non_ade
ade_00131,test_1558,test,non_ade
ade_00132,test_4267,train,non_ade
ade_00133,train_1425,train,ade
ade_00134,train_16070,train,non_ade
ade_00135,train_6253,train,non_ade
ade_00136,train_2870,train,non_ade
ade_00137,train_5289,train,non_ade
ade_00138,train_11654,train,non_ade
ade_00139,train_2068,test,ade
ade_00140,train_4788,test,non_ade
ade_00141,train_946,train,ade
ade_00142,train_12656,train,non_ade
ade_00143,test_317,train,ade
ade_00144,train_3609,test,non_ade
ade_00145,train_8542,train,non_ade
ade_00146,test_4801,test,non_ade
ade_00147,train_13552,test,non_ade
ade_00148,test_926,test,non_ade
ade_00149,test_9,train,non_ade
ade_00150,train_15837,train,non_ade
ade_00151,train_6538,train,non_ade
ade_00152,train_11725,test,non_ade
ade_00153,test_429,train,ade
ade_00154,train_11192,train,ade
ade_00155,test_2964,train,non_ade
ade_00156,test_2031,test,non_ade
ade_00157,train_10780,train,non_ade
ade_00158,train_7000,train,non_ade
ade_00159,train_2910,train,ade
ade_00160,train_10577,train,ade
ade_00161,train_3181,train,ade
ade_00162,train_216,train,ade
ade_00163,train_15074,train,non_ade
ade_00164,train_7287,test,non_ade
ade_00165,train_7135,train,non_ade
ade_00166,train_15808,train,non_ade
ade_00167,train_17543,train,ade
ade_00168,test_46,train,non_ade
ade_00169,test_962,train,non_ade
ade_00170,train_10363,train,non_ade
ade_00171,test_5747,train,non_ade
ade_00172,train_17071,train,non_ade
ade_00173,train_3744,train,non_ade
ade_00174,train_6034,train,non_ade
ade_00175,train_11347,test,non_ade
ade_00176,train_14783,train,non_ade
ade_00177,test_5751,train,non_ade
ade_00178,test_1679,train,non_ade
ade_00179,train_7,train,non_ade
ade_00180,train_9614,train,non_ade
ade_00181,test_102,train,ade
ade_00182,train_1410,train,non_ade
ade_00183,train_16299,test,non_ade
ade_00184,test_1361,train,ade
ade_00185,train_14566,train,non_ade
ade_00186,train_7643,train,ade
ade_00187,test_5001,train,non_ade
ade_00188,train_6218,train,non_ade
ade_00189,train_8049,train,non_ade
ade_00190,test_386,train,ade
ade_00191,train_4717,train,non_ade
ade_00192,train_1151,test,non_ade
ade_00193,train_9270,train,non_ade
ade_00194,test_659,train,non_ade
ade_00195,train_2596,train,ade
ade_00196,train_1537,train,non_ade
ade_00197,train_12083,train,non_ade
ade_00198,train_1546,test,non_ade
ade_00199,test_4620,train,non_ade
ade_00200,train_3587,train,non_ade
ade_00201,train_1466,train,non_ade
ade_00202,test_473,test,non_ade
ade_00203,train_5847,test,non_ade
ade_00204,train_9528,train,ade
ade_00205,test_3820,train,non_ade
ade_00206,train_15313,train,non_ade
ade_00207,test_2929,test,non_ade
ade_00208,train_16588,train,ade
ade_00209,train_9196,test,non_ade
ade_00210,train_2074,train,non_ade
ade_00211,test_1827,test,non_ade
ade_00212,train_10570,train,non_ade
ade_00213,train_5447,train,non_ade
ade_00214,train_17446,train,non_ade
ade_00215,test_2548,train,ade
ade_00216,train_7786,train,non_ade
ade_00217,train_10749,train,non_ade
ade_00218,train_4051,train,ade
ade_00219,test_1982,train,ade
ade_00220,train_989,test,ade
ade_00221,train_11150,train,non_ade
ade_00222,train_6485,train,non_ade
ade_00223,train_16884,train,non_ade
ade_00224,train_11054,train,non_ade
ade_00225,train_17354,train,non_ade
ade_00226,train_10383,train,non_ade
ade_00227,train_3567,train,ade
ade_00228,train_10935,train,non_ade
ade_00229,test_2737,test,non_ade
ade_00230,train_12283,train,non_ade
ade_00231,train_9457,train,non_ade
ade_00232,test_3438,train,non_ade
ade_00233,train_1765,train,ade
ade_00234,train_17297,train,non_ade
ade_00235,test_5878,train,ade
ade_00236,train_13469,train,non_ade
ade_00237,test_4846,train,ade
ade_00238,train_13897,train,non_ade
ade_00239,train_8099,test,non_ade
ade_00240,train_9063,train,non_ade
ade_00241,train_15456,train,non_ade
ade_00242,train_8816,train,non_ade
ade_00243,train_16361,train,non_ade
ade_00244,test_3817,train,non_ade
ade_00245,train_327,train,non_ade
ade_00246,train_14945,train,non_ade
ade_00247,train_3364,train,non_ade
ade_00248,test_3636,train,non_ade
ade_00249,test_5385,train,non_ade
ade_00250,train_1969,train,non_ade
ade_00251,train_5247,test,ade
ade_00252,train_12254,test,ade
ade_00253,train_13061,test,ade
ade_00254,test_180,test,non_ade
ade_00255,test_5422,train,non_ade
ade_00256,train_3843,test,non_ade
ade_00257,train_13039,train,non_ade
ade_00258,train_11202,train,non_ade
ade_00259,train_11239,train,non_ade
ade_00260,train_5198,test,ade
ade_00261,train_17149,train,non_ade
ade_00262,train_8171,train,non_ade
ade_00263,train_156,train,non_ade
ade_00264,train_12090,test,non_ade
ade_00265,train_1761,train,ade
ade_00266,train_14570,train,non_ade
ade_00267,train_10007,train,non_ade
ade_00268,test_3490,train,ade
ade_00269,train_2047,train,non_ade
ade_00270,train_15043,train,non_ade
ade_00271,train_8982,train,non_ade
ade_00272,test_202,train,non_ade
ade_00273,train_8229,train,non_ade
ade_00274,test_2450,train,non_ade
ade_00275,test_3052,train,non_ade
ade_00276,train_7433,test,non_ade
ade_00277,train_9425,train,non_ade
ade_00278,train_3264,test,non_ade
ade_00279,train_1762,train,non_ade
ade_00280,test_2024,train,non_ade
ade_00281,train_4531,train,non_ade
ade_00282,train_8873,train,ade
ade_00283,train_15941,train,non_ade
ade_00284,test_1922,test,ade
ade_00285,train_10293,train,non_ade
ade_00286,train_14061,train,non_ade
ade_00287,train_6561,train,non_ade
ade_00288,test_52,train,non_ade
ade_00289,test_4553,train,non_ade
ade_00290,train_16035,train,ade
ade_00291,train_3643,test,non_ade
ade_00292,train_1623,train,ade
ade_00293,train_3524,train,non_ade
ade_00294,train_7813,train,non_ade
ade_00295,train_4727,train,non_ade
ade_00296,train_6272,train,non_ade
ade_00297,train_6781,train,non_ade
ade_00298,test_4616,train,non_ade
ade_00299,test_5604,train,non_ade
ade_00300,test_4586,train,non_ade
ade_00301,train_15284,train,ade
ade_00302,train_9761,train,non_ade
ade_00303,train_4110,train,ade
ade_00304,train_4278,train,non_ade
ade_00305,train_1678,train,non_ade
ade_00306,test_5838,train,non_ade
ade_00307,train_3144,train,non_ade
ade_00308,test_5445,train,non_ade
ade_00309,train_11334,test,non_ade
ade_00310,train_14352,train,non_ade
ade_00311,test_1031,train,non_ade
ade_00312,train_11551,test,non_ade
ade_00313,train_12989,test,non_ade
ade_00314,train_5012,test,non_ade
ade_00315,test_847,train,ade
ade_00316,train_6577,train,non_ade
ade_00317,train_2398,train,non_ade
ade_00318,train_15701,train,ade
ade_00319,train_14823,train,non_ade
ade_00320,test_2889,train,non_ade
ade_00321,train_12137,train,non_ade
ade_00322,train_10737,test,ade
ade_00323,train_2677,train,non_ade
ade_00324,train_10999,train,non_ade
ade_00325,train_535,test,non_ade
ade_00326,train_2249,train,ade
ade_00327,train_4492,train,non_ade
ade_00328,train_154,test,non_ade
ade_00329,train_6136,test,non_ade
ade_00330,train_9885,test,ade
ade_00331,train_16690,train,non_ade
ade_00332,train_4671,train,ade
ade_00333,train_702,train,non_ade
ade_00334,test_5117,test,non_ade
ade_00335,test_2135,train,non_ade
ade_00336,train_12800,train,non_ade
ade_00337,train_13924,train,non_ade
ade_00338,train_8806,train,non_ade
ade_00339,test_3129,train,ade
ade_00340,test_3387,test,non_ade
ade_00341,test_3075,train,non_ade
ade_00342,test_3110,test,non_ade
ade_00343,train_9553,train,non_ade
ade_00344,train_17042,train,non_ade
ade_00345,test_5144,train,non_ade
ade_00346,train_7840,train,non_ade
ade_00347,test_5661,train,non_ade
ade_00348,test_5666,train,non_ade
ade_00349,train_3334,train,non_ade
ade_00350,train_15402,test,non_ade
ade_00351,train_12667,train,non_ade
ade_00352,test_2931,train,non_ade
ade_00353,train_13117,train,non_ade
ade_00354,train_765,train,non_ade
ade_00355,train_10718,train,non_ade
ade_00356,train_8736,train,non_ade
ade_00357,train_17488,train,non_ade
ade_00358,train_2465,train,non_ade
ade_00359,train_15969,test,non_ade
ade_00360,train_2432,train,non_ade
ade_00361,train_5264,train,ade
ade_00362,train_4304,train,ade
ade_00363,train_3268,train,non_ade
ade_00364,train_12664,train,non_ade
ade_00365,train_8754,train,non_ade
ade_00366,test_750,test,non_ade
ade_00367,test_2785,train,non_ade
ade_00368,train_6112,train,ade
ade_00369,train_8642,train,ade
ade_00370,train_6550,test,non_ade
ade_00371,train_10633,train,non_ade
ade_00372,train_4093,test,non_ade
ade_00373,train_1195,train,non_ade
ade_00374,test_955,train,non_ade
ade_00375,train_11089,train,non_ade
ade_00376,test_2293,test,ade
ade_00377,train_9495,train,ade
ade_00378,train_9993,train,non_ade
ade_00379,train_9339,train,non_ade
ade_00380,train_2806,train,non_ade
ade_00381,train_1001,test,non_ade
ade_00382,train_15846,train,non_ade
ade_00383,train_17495,test,non_ade
ade_00384,test_5607,test,non_ade
ade_00385,train_8801,test,ade
ade_00386,train_628,train,ade
ade_00387,train_15066,train,non_ade
ade_00388,train_448,test,non_ade
ade_00389,test_3433,train,non_ade
ade_00390,test_5528,train,non_ade
ade_00391,train_1836,train,non_ade
ade_00392,test_4885,train,non_ade
ade_00393,test_331,test,non_ade
ade_00394,train_6551,train,non_ade
ade_00395,test_738,train,non_ade
ade_00396,train_10485,train,non_ade
ade_00397,test_4481,test,non_ade
ade_00398,test_749,train,non_ade
ade_00399,test_3012,train,non_ade
ade_00400,train_10963,train,non_ade
ade_00401,test_1540,train,ade
ade_00402,test_5145,train,non_ade
ade_00403,train_6289,train,non_ade
ade_00404,train_12477,train,non_ade
ade_00405,train_14490,train,non_ade
ade_00406,test_3795,train,ade
ade_00407,train_2743,train,ade
ade_00408,train_3793,train,non_ade
ade_00409,test_2088,test,non_ade
ade_00410,train_7179,train,non_ade
ade_00411,test_839,train,non_ade
ade_00412,test_2715,train,non_ade
ade_00413,train_15921,test,non_ade
ade_00414,train_4291,train,non_ade
ade_00415,test_2798,test,ade
ade_00416,train_7489,train,non_ade
ade_00417,train_11218,train,non_ade
ade_00418,train_2528,test,non_ade
ade_00419,train_7097,train,non_ade
ade_00420,train_5529,train,non_ade
ade_00421,train_2306,train,ade
ade_00422,train_14324,train,non_ade
ade_00423,train_2946,test,non_ade
ade_00424,train_8707,test,non_ade
ade_00425,train_7957,train,ade
ade_00426,train_10220,train,non_ade
ade_00427,train_11827,train,non_ade
ade_00428,train_12044,train,non_ade
ade_00429,train_8249,train,ade
ade_00430,train_5655,train,non_ade
ade_00431,test_5227,test,non_ade
ade_00432,train_7370,test,ade
ade_00433,train_15310,train,non_ade
ade_00434,train_2827,train,non_ade
ade_00435,train_600,train,non_ade
ade_00436,train_4033,train,non_ade
ade_00437,test_4538,test,non_ade
ade_00438,train_4036,train,non_ade
ade_00439,train_14786,test,non_ade
ade_00440,train_2926,train,non_ade
ade_00441,train_3560,test,ade
ade_00442,train_10870,train,non_ade
ade_00443,train_15584,train,non_ade
ade_00444,test_3321,train,ade
ade_00445,train_7726,train,ade
ade_00446,train_7757,train,non_ade
ade_00447,test_1772,train,non_ade
ade_00448,train_4747,train,non_ade
ade_00449,train_13696,train,ade
ade_00450,test_5207,test,non_ade
ade_00451,train_12592,train,non_ade
ade_00452,test_4972,train,non_ade
ade_00453,test_345,train,non_ade
ade_00454,train_10152,train,ade
ade_00455,train_8739,train,non_ade
ade_00456,train_1782,train,ade
ade_00457,train_1329,train,non_ade
ade_00458,train_11510,train,non_ade
ade_00459,test_3084,train,non_ade
ade_00460,train_13823,train,non_ade
ade_00461,train_15018,train,non_ade
ade_00462,train_7164,train,non_ade
ade_00463,train_13623,train,non_ade
ade_00464,train_5082,test,ade
ade_00465,train_1660,train,non_ade
ade_00466,train_4984,train,non_ade
ade_00467,train_883,train,ade
ade_00468,train_2294,train,non_ade
ade_00469,train_3723,train,ade
ade_00470,train_11473,train,non_ade
ade_00471,train_8649,train,ade
ade_00472,train_1722,train,non_ade
ade_00473,train_13403,train,ade
ade_00474,train_4759,test,non_ade
ade_00475,train_13869,train,non_ade
ade_00476,train_11077,train,ade
ade_00477,train_16782,train,non_ade
ade_00478,train_15838,train,non_ade
ade_00479,train_1909,train,non_ade
ade_00480,test_5483,train,non_ade
ade_00481,train_16309,train,ade
ade_00482,train_3687,train,non_ade
ade_00483,test_289,train,non_ade
ade_00484,train_11598,test,non_ade
ade_00485,test_3573,train,non_ade
ade_00486,train_1367,test,non_ade
ade_00487,train_12166,test,non_ade
ade_00488,train_8800,test,non_ade
ade_00489,train_9718,train,non_ade
ade_00490,test_1395,train,non_ade
ade_00491,train_16402,train,ade
ade_00492,train_13789,test,non_ade
ade_00493,test_4799,test,non_ade
ade_00494,test_42,train,non_ade
ade_00495,train_2209,train,ade
ade_00496,train_5467,train,non_ade
ade_00497,test_3290,train,ade
ade_00498,train_3358,train,non_ade
ade_00499,train_6487,test,non_ade
ade_00500,train_832,train,non_ade
ade_00501,train_1114,train,ade
ade_00502,train_14692,train,non_ade
ade_00503,test_1802,train,non_ade
ade_00504,train_6433,train,non_ade
ade_00505,test_4171,train,non_ade
ade_00506,train_3411,train,ade
ade_00507,train_17319,train,non_ade
ade_00508,train_4309,train,non_ade
ade_00509,train_7047,test,non_ade
ade_00510,train_2253,train,ade
ade_00511,train_10913,train,non_ade
ade_00512,train_6470,train,ade
ade_00513,train_11980,train,ade
ade_00514,test_2743,test,non_ade
ade_00515,train_3985,train,ade
ade_00516,train_2506,train,ade
ade_00517,train_4960,train,non_ade
ade_00518,train_10461,train,ade
ade_00519,train_12750,train,ade
ade_00520,train_10146,train,ade
ade_00521,train_16846,test,non_ade
ade_00522,train_3760,train,non_ade
ade_00523,train_5603,test,non_ade
ade_00524,train_7111,train,non_ade
ade_00525,test_5576,train,non_ade
ade_00526,test_3101,train,non_ade
ade_00527,train_11972,train,non_ade
ade_00528,train_13934,test,non_ade
ade_00529,test_1467,train,non_ade
ade_00530,train_15270,train,non_ade
ade_00531,train_11243,train,ade
ade_00532,train_16413,train,non_ade
ade_00533,train_13668,train,non_ade
ade_00534,train_13969,train,non_ade
ade_00535,train_10632,train,non_ade
ade_00536,train_8521,test,non_ade
ade_00537,train_8793,test,non_ade
ade_00538,train_14187,train,non_ade
ade_00539,test_2621,test,non_ade
ade_00540,train_5920,train,non_ade
ade_00541,test_2769,train,non_ade
ade_00542,train_7446,train,ade
ade_00543,train_6769,train,non_ade
ade_00544,train_3169,train,ade
ade_00545,train_1707,train,ade
ade_00546,train_11127,train,ade
ade_00547,train_13779,train,non_ade
ade_00548,test_3850,test,non_ade
ade_00549,train_3895,train,non_ade
ade_00550,test_3216,train,non_ade
ade_00551,train_15581,train,non_ade
ade_00552,test_4233,train,non_ade
ade_00553,test_2003,train,non_ade
ade_00554,train_10346,test,non_ade
ade_00555,train_950,train,ade
ade_00556,train_13308,train,non_ade
ade_00557,train_7270,train,non_ade
ade_00558,test_1058,train,ade
ade_00559,train_486,train,ade
ade_00560,train_11578,train,ade
ade_00561,test_1988,train,non_ade
ade_00562,train_6353,test,non_ade
ade_00563,train_2455,test,ade
ade_00564,train_7740,test,non_ade
ade_00565,train_16502,train,non_ade
ade_00566,train_5985,train,ade
ade_00567,train_11238,train,non_ade
ade_00568,train_863,train,non_ade
ade_00569,train_1906,test,non_ade
ade_00570,train_3118,train,non_ade
ade_00571,train_11087,train,non_ade
ade_00572,test_2346,train,non_ade
ade_00573,train_11610,train,ade
ade_00574,train_14272,train,non_ade
ade_00575,train_4012,train,non_ade
ade_00576,train_8872,train,non_ade
ade_00577,train_12801,train,non_ade
ade_00578,train_10634,train,non_ade
ade_00579,train_8920,train,non_ade
ade_00580,train_5410,train,non_ade
ade_00581,test_1564,train,non_ade
ade_00582,train_3076,train,non_ade
ade_00583,train_5029,train,ade
ade_00584,train_12673,train,non_ade
ade_00585,train_960,train,ade
ade_00586,train_3242,train,non_ade
ade_00587,test_2865,test,non_ade
ade_00588,train_738,train,ade
ade_00589,train_4175,train,non_ade
ade_00590,train_9802,train,non_ade
ade_00591,train_1794,train,non_ade
ade_00592,test_1652,train,ade
ade_00593,train_10836,test,non_ade
ade_00594,train_1184,train,ade
ade_00595,train_8292,train,non_ade
ade_00596,train_13388,train,non_ade
ade_00597,train_4803,test,non_ade
ade_00598,train_15743,train,non_ade
ade_00599,test_4205,test,ade
ade_00600,train_9809,test,non_ade
ade_00601,train_6223,train,non_ade
ade_00602,train_9250,train,ade
ade_00603,test_5775,train,non_ade
ade_00604,train_16738,train,non_ade
ade_00605,train_8676,test,non_ade
ade_00606,train_15689,train,non_ade
ade_00607,train_10612,train,ade
ade_00608,train_7981,train,ade
ade_00609,train_44,test,ade
ade_00610,train_11568,train,non_ade
ade_00611,train_15956,train,non_ade
ade_00612,test_5787,test,non_ade
ade_00613,train_14384,train,non_ade
ade_00614,test_59,train,non_ade
ade_00615,test_530,train,non_ade
ade_00616,test_2000,train,ade
ade_00617,train_2083,train,non_ade
ade_00618,train_4640,train,non_ade
ade_00619,train_13640,train,non_ade
ade_00620,test_2541,train,ade
ade_00621,train_7929,test,non_ade
ade_00622,train_2001,train,non_ade
ade_00623,train_6255,train,non_ade
ade_00624,train_9316,train,non_ade
ade_00625,train_14992,train,non_ade
ade_00626,train_534,train,non_ade
ade_00627,train_13544,train,non_ade
ade_00628,train_12195,train,ade
ade_00629,test_4279,train,non_ade
ade_00630,test_5440,train,non_ade
ade_00631,train_6349,train,non_ade
ade_00632,train_2888,train,ade
ade_00633,test_2973,train,non_ade
ade_00634,train_12769,train,non_ade
ade_00635,train_17214,test,ade
ade_00636,test_3349,train,ade
ade_00637,train_407,train,non_ade
ade_00638,train_4106,train,non_ade
ade_00639,train_5526,train,non_ade
ade_00640,train_9980,train,ade
ade_00641,train_8268,train,non_ade
ade_00642,train_4080,train,non_ade
ade_00643,train_5386,train,non_ade
ade_00644,train_8337,test,non_ade
ade_00645,train_2077,test,non_ade
ade_00646,train_2243,train,non_ade
ade_00647,test_5093,train,non_ade
ade_00648,train_15007,train,non_ade
ade_00649,train_7751,train,non_ade
ade_00650,train_10140,train,ade
ade_00651,train_15493,train,ade
ade_00652,train_16164,train,non_ade
ade_00653,train_1922,train,non_ade
ade_00654,train_13686,test,non_ade
ade_00655,train_14203,test,ade
ade_00656,test_2626,train,non_ade
ade_00657,test_2824,train,non_ade
ade_00658,train_434,train,ade
ade_00659,train_12053,test,non_ade
ade_00660,train_17535,train,ade
ade_00661,train_6628,train,non_ade
ade_00662,test_961,train,non_ade
ade_00663,train_7272,train,non_ade
ade_00664,train_2999,test,non_ade
ade_00665,train_17103,train,non_ade
ade_00666,train_15971,train,non_ade
ade_00667,train_10328,train,non_ade
ade_00668,train_14416,train,non_ade
ade_00669,train_1693,test,non_ade
ade_00670,train_10763,train,ade
ade_00671,train_8532,train,ade
ade_00672,train_7998,test,non_ade
ade_00673,train_5906,train,ade
ade_00674,train_7128,test,non_ade
ade_00675,train_14682,test,non_ade
ade_00676,train_15845,train,non_ade
ade_00677,train_2392,test,ade
ade_00678,train_13264,train,non_ade
ade_00679,train_11085,test,non_ade
ade_00680,train_16342,test,non_ade
ade_00681,train_17290,train,non_ade
ade_00682,train_3644,test,non_ade
ade_00683,train_11028,train,non_ade
ade_00684,train_10198,train,non_ade
ade_00685,train_8901,train,non_ade
ade_00686,test_4641,train,non_ade
ade_00687,test_1009,train,ade
ade_00688,test_4808,train,non_ade
ade_00689,train_13901,train,non_ade
ade_00690,train_400,train,ade
ade_00691,test_4890,test,non_ade
ade_00692,train_7363,train,non_ade
ade_00693,train_4003,train,non_ade
ade_00694,train_14902,test,non_ade
ade_00695,train_9153,train,non_ade
ade_00696,test_3261,test,non_ade
ade_00697,train_10773,train,non_ade
ade_00698,test_3369,train,ade
ade_00699,train_14689,test,non_ade
ade_00700,train_16728,train,non_ade
ade_00701,train_5448,train,non_ade
ade_00702,train_16394,test,non_ade
ade_00703,test_1253,train,non_ade
ade_00704,train_13559,train,non_ade
ade_00705,train_13418,train,non_ade
ade_00706,train_10341,test,non_ade
ade_00707,train_5876,test,non_ade
ade_00708,train_14468,train,non_ade
ade_00709,train_16244,train,non_ade
ade_00710,test_1686,train,non_ade
ade_00711,train_11773,train,non_ade
ade_00712,test_1773,train,non_ade
ade_00713,train_17128,train,non_ade
ade_00714,train_4903,test,ade
ade_00715,train_11288,train,non_ade
ade_00716,train_7115,test,non_ade
ade_00717,train_10939,train,ade
ade_00718,train_2132,test,non_ade
ade_00719,train_586,train,non_ade
ade_00720,train_16630,train,non_ade
ade_00721,train_1669,train,non_ade
ade_00722,train_13303,train,non_ade
ade_00723,train_2019,train,non_ade
ade_00724,test_3225,train,non_ade
ade_00725,train_5031,train,ade
ade_00726,train_2330,train,ade
ade_00727,train_6326,test,non_ade
ade_00728,train_4905,train,non_ade
ade_00729,test_4698,train,non_ade
ade_00730,train_7301,train,non_ade
ade_00731,train_14785,train,non_ade
ade_00732,test_2752,train,non_ade
ade_00733,train_4344,train,non_ade
ade_00734,test_4127,train,ade
ade_00735,train_14915,test,non_ade
ade_00736,train_10473,test,non_ade
ade_00737,train_16171,train,non_ade
ade_00738,train_14927,train,non_ade
ade_00739,train_6829,train,non_ade
ade_00740,train_3279,test,ade
ade_00741,test_1229,train,ade
ade_00742,train_1079,train,non_ade
ade_00743,train_4850,test,ade
ade_00744,test_965,test,non_ade
ade_00745,train_3997,train,non_ade
ade_00746,train_16579,train,non_ade
ade_00747,train_767,train,non_ade
ade_00748,train_432,train,non_ade
ade_00749,train_12392,test,non_ade
ade_00750,test_5594,train,non_ade
ade_00751,train_15363,train,non_ade
ade_00752,train_16275,test,ade
ade_00753,train_748,train,ade
ade_00754,train_15212,train,ade
ade_00755,train_13103,train,ade
ade_00756,train_16643,train,non_ade
ade_00757,train_688,train,non_ade
ade_00758,train_2384,train,non_ade
ade_00759,train_3233,train,non_ade
ade_00760,train_14624,train,non_ade
ade_00761,train_568,train,non_ade
ade_00762,train_2862,train,ade
ade_00763,test_5527,train,non_ade
ade_00764,train_13153,test,non_ade
ade_00765,train_4374,train,non_ade
ade_00766,train_13919,train,non_ade
ade_00767,test_2927,test,ade
ade_00768,train_6546,train,non_ade
ade_00769,train_1000,train,non_ade
ade_00770,train_17536,test,non_ade
ade_00771,train_4698,train,non_ade
ade_00772,train_13486,train,ade
ade_00773,test_441,train,ade
ade_00774,train_11285,train,non_ade
ade_00775,train_2188,train,non_ade
ade_00776,train_897,test,non_ade
ade_00777,train_408,train,ade
ade_00778,train_11888,test,non_ade
ade_00779,train_11299,test,non_ade
ade_00780,train_3204,test,ade
ade_00781,train_9918,train,non_ade
ade_00782,train_6021,train,ade
ade_00783,train_8889,train,non_ade
ade_00784,train_15441,train,ade
ade_00785,train_8291,test,non_ade
ade_00786,train_15317,test,non_ade
ade_00787,test_4457,train,non_ade
ade_00788,train_5883,train,ade
ade_00789,train_2210,train,non_ade
ade_00790,test_4667,train,ade
ade_00791,train_8117,train,non_ade
ade_00792,train_3596,train,non_ade
ade_00793,train_3754,train,non_ade
ade_00794,train_4660,train,non_ade
ade_00795,train_7170,train,non_ade
ade_00796,train_15388,train,non_ade
ade_00797,train_13494,train,non_ade
ade_00798,test_2623,train,ade
ade_00799,train_9780,train,non_ade
ade_00800,train_6118,train,non_ade
ade_00801,train_16977,train,non_ade
ade_00802,test_225,train,ade
ade_00803,train_6268,test,non_ade
ade_00804,train_2343,train,ade
ade_00805,test_5139,train,non_ade
ade_00806,train_1670,train,non_ade
ade_00807,train_10231,train,non_ade
ade_00808,train_12591,train,non_ade
ade_00809,train_12978,train,non_ade
ade_00810,test_4133,train,non_ade
ade_00811,train_7613,test,non_ade
ade_00812,train_8831,train,non_ade
ade_00813,train_7109,train,ade
ade_00814,train_9953,train,non_ade
ade_00815,train_6626,train,non_ade
ade_00816,train_8625,train,non_ade
ade_00817,train_14702,train,ade
ade_00818,train_7409,train,non_ade
ade_00819,train_15038,train,non_ade
ade_00820,train_6345,train,non_ade
ade_00821,test_4415,train,non_ade
ade_00822,train_6724,train,non_ade
ade_00823,test_3010,train,non_ade
ade_00824,test_4067,train,non_ade
ade_00825,test_1847,train,ade
ade_00826,train_1394,train,ade
ade_00827,train_6265,train,non_ade
ade_00828,test_2383,test,non_ade
ade_00829,test_5303,train,non_ade
ade_00830,train_3682,test,non_ade
ade_00831,test_4915,test,non_ade
ade_00832,train_11780,train,non_ade
ade_00833,train_2942,train,non_ade
ade_00834,train_569,train,ade
ade_00835,train_12016,test,non_ade
ade_00836,train_11466,train,non_ade
ade_00837,train_12002,train,non_ade
ade_00838,train_4490,test,ade
ade_00839,train_15304,train,ade
ade_00840,train_13147,train,non_ade
ade_00841,test_2158,train,non_ade
ade_00842,test_4372,train,non_ade
ade_00843,train_7449,train,non_ade
ade_00844,train_6298,train,non_ade
ade_00845,train_12936,train,non_ade
ade_00846,train_12655,train,non_ade
ade_00847,train_7965,train,ade
ade_00848,train_9026,train,non_ade
ade_00849,test_5637,train,non_ade
ade_00850,train_2751,train,non_ade
ade_00851,train_580,train,non_ade
ade_00852,train_8507,train,non_ade
ade_00853,test_766,train,ade
ade_00854,train_14467,train,non_ade
ade_00855,train_14302,train,non_ade
ade_00856,train_14239,train,non_ade
ade_00857,test_497,test,non_ade
ade_00858,test_3857,train,non_ade
ade_00859,train_14520,test,non_ade
ade_00860,train_11153,train,non_ade
ade_00861,train_13429,train,non_ade
ade_00862,test_5128,train,non_ade
ade_00863,train_5214,train,non_ade
ade_00864,train_2709,train,ade
ade_00865,train_5636,test,non_ade
ade_00866,train_9163,test,ade
ade_00867,train_1793,train,non_ade
ade_00868,test_2565,train,ade
ade_00869,test_2188,train,non_ade
ade_00870,train_17529,train,ade
ade_00871,train_1400,train,non_ade
ade_00872,train_17007,train,non_ade
ade_00873,train_16511,train,non_ade
ade_00874,train_1637,train,non_ade
ade_00875,test_756,train,non_ade
ade_00876,train_8933,train,non_ade
ade_00877,train_239,test,ade
ade_00878,train_5237,train,ade
ade_00879,train_11449,train,non_ade
ade_00880,train_9353,train,non_ade
ade_00881,train_8731,train,non_ade
ade_00882,train_12566,train,non_ade
ade_00883,train_13235,test,non_ade
ade_00884,train_8323,train,non_ade
ade_00885,train_16305,train,non_ade
ade_00886,train_3490,train,ade
ade_00887,train_10412,train,non_ade
ade_00888,train_2211,train,non_ade
ade_00889,test_352,train,non_ade
ade_00890,train_13334,train,ade
ade_00891,train_12944,train,non_ade
ade_00892,test_4622,train,non_ade
ade_00893,train_4124,test,ade
ade_00894,test_3690,train,non_ade
ade_00895,train_5226,train,non_ade
ade_00896,test_5730,train,non_ade
ade_00897,train_6341,train,non_ade
ade_00898,train_15468,train,non_ade
ade_00899,train_14482,train,non_ade
ade_00900,train_14718,train,non_ade
ade_00901,test_403,test,non_ade
ade_00902,train_2063,train,non_ade
ade_00903,train_17482,train,non_ade
ade_00904,test_771,test,ade
ade_00905,test_3273,train,non_ade
ade_00906,test_1319,train,ade
ade_00907,train_9611,train,non_ade
ade_00908,train_6415,test,non_ade
ade_00909,train_1650,test,ade
ade_00910,train_15578,train,non_ade
ade_00911,test_370,train,non_ade
ade_00912,test_2744,test,non_ade
ade_00913,train_10401,test,ade
ade_00914,test_2523,train,non_ade
ade_00915,train_10576,train,non_ade
ade_00916,train_9593,train,non_ade
ade_00917,train_14345,train,non_ade
ade_00918,train_16717,train,ade
ade_00919,train_16148,train,non_ade
ade_00920,train_16622,train,non_ade
ade_00921,test_2145,train,non_ade
ade_00922,test_311,train,non_ade
ade_00923,train_9853,train,non_ade
ade_00924,train_1783,train,non_ade
ade_00925,test_5266,test,non_ade
ade_00926,test_5876,train,non_ade
ade_00927,test_5,train,non_ade
ade_00928,test_45,train,non_ade
ade_00929,train_14127,train,ade
ade_00930,test_865,test,ade
ade_00931,train_14986,train,non_ade
ade_00932,train_7368,test,non_ade
ade_00933,test_1470,train,non_ade
ade_00934,train_5911,train,non_ade
ade_00935,train_14357,train,non_ade
ade_00936,train_10831,test,ade
ade_00937,train_2887,train,ade
ade_00938,test_1750,test,non_ade
ade_00939,train_5898,train,non_ade
ade_00940,test_20,train,non_ade
ade_00941,test_230,train,non_ade
ade_00942,train_2168,test,non_ade
ade_00943,test_4949,train,ade
ade_00944,train_7432,train,non_ade
ade_00945,train_6305,train,non_ade
ade_00946,train_3182,train,non_ade
ade_00947,train_2483,test,non_ade
ade_00948,train_6968,train,non_ade
ade_00949,test_4776,train,non_ade
ade_00950,test_1712,train,non_ade
ade_00951,train_5555,train,non_ade
ade_00952,test_4355,train,non_ade
ade_00953,test_3403,train,non_ade
ade_00954,test_4042,train,non_ade
ade_00955,train_13322,train,non_ade
ade_00956,train_8684,train,non_ade
ade_00957,train_7976,train,non_ade
ade_00958,train_10301,train,non_ade
ade_00959,test_5539,train,non_ade
ade_00960,test_5653,test,non_ade
ade_00961,train_10899,train,non_ade
ade_00962,train_13642,train,non_ade
ade_00963,test_1473,train,non_ade
ade_00964,train_1604,train,non_ade
ade_00965,test_3988,train,non_ade
ade_00966,train_9282,train,non_ade
ade_00967,test_618,train,non_ade
ade_00968,train_7487,train,non_ade
ade_00969,test_2055,train,non_ade
ade_00970,train_13821,train,non_ade
ade_00971,train_12687,train,non_ade
ade_00972,train_2165,train,non_ade
ade_00973,train_4489,train,non_ade
ade_00974,test_4525,test,non_ade
ade_00975,train_1093,train,non_ade
ade_00976,train_1154,test,non_ade
ade_00977,train_6587,train,non_ade
ade_00978,train_6984,train,non_ade
ade_00979,train_12244,test,non_ade
ade_00980,train_10360,train,ade
ade_00981,train_5618,train,non_ade
ade_00982,train_1218,train,non_ade
ade_00983,train_4626,test,non_ade
ade_00984,train_5055,train,non_ade
ade_00985,train_13382,test,non_ade
ade_00986,test_5567,train,non_ade
ade_00987,train_7157,train,non_ade
ade_00988,train_4940,train,non_ade
ade_00989,train_6735,train,non_ade
ade_00990,train_1473,train,non_ade
ade_00991,train_6418,train,non_ade
ade_00992,train_4670,train,non_ade
ade_00993,train_14766,train,non_ade
ade_00994,train_13353,train,non_ade
ade_00995,train_9074,test,non_ade
ade_00996,test_1495,train,non_ade
ade_00997,train_1919,train,non_ade
ade_00998,train_8612,train,non_ade
ade_00999,test_2615,train,non_ade
ade_01000,train_13068,train,non_ade
ade_01001,train_10447,train,non_ade
ade_01002,train_7744,train,non_ade
ade_01003,test_5809,train,non_ade
ade_01004,train_3462,test,ade
ade_01005,train_12788,train,non_ade
ade_01006,test_4063,train,non_ade
ade_01007,train_4805,train,non_ade
ade_01008,test_1754,train,non_ade
ade_01009,train_4609,train,non_ade
ade_01010,train_6330,train,non_ade
ade_01011,train_17442,test,non_ade
ade_01012,train_10117,train,ade
ade_01013,train_13163,train,ade
ade_01014,test_2489,train,non_ade
ade_01015,train_13509,test,non_ade
ade_01016,test_520,train,non_ade
ade_01017,train_8209,test,non_ade
ade_01018,test_5735,train,non_ade
ade_01019,test_5499,train,non_ade
ade_01020,train_4628,train,non_ade
ade_01021,train_17058,train,non_ade
ade_01022,train_9433,train,non_ade
ade_01023,train_12977,test,non_ade
ade_01024,train_3947,train,ade
ade_01025,train_8313,train,non_ade
ade_01026,train_2513,test,non_ade
ade_01027,train_13454,test,non_ade
ade_01028,train_2944,test,ade
ade_01029,test_5663,train,non_ade
ade_01030,train_1503,train,non_ade
ade_01031,train_8304,train,ade
ade_01032,train_12179,train,ade
ade_01033,train_12084,test,non_ade
ade_01034,test_2977,train,non_ade
ade_01035,train_17595,test,non_ade
ade_01036,test_5318,train,non_ade
ade_01037,test_270,train,ade
ade_01038,test_468,train,non_ade
ade_01039,train_8630,train,ade
ade_01040,train_14328,train,non_ade
ade_01041,test_2854,train,non_ade
ade_01042,train_8883,train,ade
ade_01043,train_6784,test,non_ade
ade_01044,train_7137,train,non_ade
ade_01045,train_12245,train,non_ade
ade_01046,train_4288,train,non_ade
ade_01047,train_11273,train,non_ade
ade_01048,train_5444,train,ade
ade_01049,train_17507,train,non_ade
ade_01050,train_12564,train,non_ade
ade_01051,test_2999,train,non_ade
ade_01052,train_7442,train,non_ade
ade_01053,test_774,train,non_ade
ade_01054,train_13169,train,non_ade
ade_01055,test_3504,train,non_ade
ade_01056,test_5501,train,non_ade
ade_01057,test_1868,train,non_ade
ade_01058,train_14796,train,non_ade
ade_01059,train_80,train,non_ade
ade_01060,test_191,train,non_ade
ade_01061,train_15735,train,ade
ade_01062,train_2111,test,non_ade
ade_01063,train_406,train,ade
ade_01064,train_8222,train,non_ade
ade_01065,train_6665,train,non_ade
ade_01066,train_3845,train,non_ade
ade_01067,train_10856,train,non_ade
ade_01068,train_11926,train,non_ade
ade_01069,train_9934,train,non_ade
ade_01070,train_11907,train,non_ade
ade_01071,train_6484,train,ade
ade_01072,train_247,test,ade
ade_01073,test_3477,train,non_ade
ade_01074,test_1693,train,non_ade
ade_01075,train_11244,train,non_ade
ade_01076,train_1810,train,non_ade
ade_01077,test_30,train,ade
ade_01078,train_785,test,non_ade
ade_01079,train_3794,train,non_ade
ade_01080,test_79,train,non_ade
ade_01081,train_636,train,non_ade
ade_01082,test_4385,train,non_ade
ade_01083,train_9786,test,non_ade
ade_01084,train_9107,train,non_ade
ade_01085,train_11559,train,non_ade
ade_01086,test_83,train,non_ade
ade_01087,train_3361,train,non_ade
ade_01088,train_2116,train,non_ade
ade_01089,train_8705,train,non_ade
ade_01090,test_2530,train,non_ade
ade_01091,test_4598,train,non_ade
ade_01092,train_3196,train,ade
ade_01093,test_3353,train,non_ade
ade_01094,train_11232,test,non_ade
ade_01095,test_1010,test,non_ade
ade_01096,test_2284,train,non_ade
ade_01097,train_1138,train,ade
ade_01098,train_13064,train,ade
ade_01099,test_2251,train,non_ade
ade_01100,train_8750,test,ade
ade_01101,train_9986,train,non_ade
ade_01102,train_5786,train,non_ade
ade_01103,train_6210,test,non_ade
ade_01104,train_6723,test,non_ade
ade_01105,train_3161,train,ade
ade_01106,train_4041,train,non_ade
ade_01107,train_3153,train,non_ade
ade_01108,train_426,train,non_ade
ade_01109,train_6842,train,non_ade
ade_01110,test_305,train,non_ade
ade_01111,train_2923,train,ade
ade_01112,train_16027,train,non_ade
ade_01113,train_13046,train,ade
ade_01114,train_14593,train,non_ade
ade_01115,test_706,test,non_ade
ade_01116,train_14511,train,non_ade
ade_01117,test_4349,train,non_ade
ade_01118,train_7476,test,ade
ade_01119,test_3089,train,non_ade
ade_01120,train_3451,train,non_ade
ade_01121,train_9406,train,non_ade
ade_01122,train_5073,train,ade
ade_01123,train_1105,train,ade
ade_01124,test_2758,test,non_ade
ade_01125,train_8681,train,ade
ade_01126,train_12331,train,ade
ade_01127,train_1179,train,non_ade
ade_01128,train_4768,train,non_ade
ade_01129,train_17501,train,non_ade
ade_01130,train_16503,train,non_ade
ade_01131,train_11364,train,ade
ade_01132,train_7139,train,non_ade
ade_01133,train_11035,train,ade
ade_01134,train_14348,train,non_ade
ade_01135,test_5037,train,non_ade
ade_01136,train_12348,test,non_ade
ade_01137,train_7076,train,non_ade
ade_01138,train_6787,train,ade
ade_01139,test_2514,train,non_ade
ade_01140,train_3835,train,non_ade
ade_01141,train_5825,train,non_ade
ade_01142,test_2540,test,non_ade
ade_01143,test_2141,train,ade
ade_01144,train_14610,train,non_ade
ade_01145,train_11001,train,non_ade
ade_01146,train_17099,test,non_ade
ade_01147,train_16558,train,non_ade
ade_01148,train_1390,train,non_ade
ade_01149,train_3468,train,ade
ade_01150,train_12997,train,non_ade
ade_01151,train_1032,train,non_ade
ade_01152,train_12096,train,ade
ade_01153,train_10040,train,non_ade
ade_01154,test_5583,train,ade
ade_01155,train_16123,train,non_ade
ade_01156,test_2515,train,ade
ade_01157,train_8315,train,non_ade
ade_01158,train_13286,train,non_ade
ade_01159,train_12644,test,non_ade
ade_01160,train_11269,train,non_ade
ade_01161,train_15694,train,non_ade
ade_01162,train_2459,train,non_ade
ade_01163,train_8316,train,non_ade
ade_01164,train_554,train,non_ade
ade_01165,test_4122,test,non_ade
ade_01166,train_4001,test,non_ade
ade_01167,train_8001,train,ade
ade_01168,train_1928,train,non_ade
ade_01169,test_1949,train,non_ade
ade_01170,train_11518,train,non_ade
ade_01171,train_7663,train,non_ade
ade_01172,train_541,test,non_ade
ade_01173,test_4757,train,non_ade
ade_01174,test_1911,test,non_ade
ade_01175,train_5259,train,non_ade
ade_01176,train_10597,test,ade
ade_01177,train_3122,train,non_ade
ade_01178,train_2084,train,non_ade
ade_01179,train_4779,train,non_ade
ade_01180,train_16733,train,non_ade
ade_01181,train_17607,test,non_ade
ade_01182,train_6454,train,ade
ade_01183,train_5269,test,non_ade
ade_01184,train_246,test,non_ade
ade_01185,train_16237,test,non_ade
ade_01186,train_17210,test,ade
ade_01187,train_4876,test,non_ade
ade_01188,train_6300,train,ade
ade_01189,test_4522,train,non_ade
ade_01190,train_3261,test,non_ade
ade_01191,train_6654,train,non_ade
ade_01192,train_10962,train,non_ade
ade_01193,train_15410,train,non_ade
ade_01194,test_3018,train,non_ade
ade_01195,train_1516,test,non_ade
ade_01196,train_11813,train,non_ade
ade_01197,train_3945,train,non_ade
ade_01198,train_9083,test,non_ade
ade_01199,test_585,test,non_ade
ade_01200,test_4790,train,ade
ade_01201,train_3950,train,ade
ade_01202,train_4648,test,non_ade
ade_01203,train_16482,test,ade
ade_01204,test_4592,train,non_ade
ade_01205,test_5292,train,non_ade
ade_01206,train_2059,train,non_ade
ade_01207,train_11745,test,ade
ade_01208,test_4181,train,non_ade
ade_01209,train_11677,train,non_ade
ade_01210,train_1980,train,non_ade
ade_01211,train_14082,train,ade
ade_01212,train_16154,test,non_ade
ade_01213,train_16241,train,non_ade
ade_01214,train_12490,test,non_ade
ade_01215,train_3626,train,non_ade
ade_01216,train_7747,train,non_ade
ade_01217,train_6475,test,ade
ade_01218,test_4084,test,non_ade
ade_01219,test_3804,train,non_ade
ade_01220,train_1689,test,ade
ade_01221,test_1138,train,non_ade
ade_01222,train_2947,train,non_ade
ade_01223,train_4741,train,non_ade
ade_01224,train_9485,train,non_ade
ade_01225,train_15762,train,non_ade
ade_01226,train_349,train,ade
ade_01227,test_131,train,non_ade
ade_01228,train_4863,train,ade
ade_01229,test_398,train,non_ade
ade_01230,train_1288,train,ade
ade_01231,test_4020,train,ade
ade_01232,train_11786,train,non_ade
ade_01233,train_15326,test,non_ade
ade_01234,train_2768,test,non_ade
ade_01235,train_232,train,non_ade
ade_01236,train_6262,test,non_ade
ade_01237,train_12757,train,ade
ade_01238,test_4635,train,ade
ade_01239,test_1757,train,non_ade
ade_01240,test_300,train,ade
ade_01241,test_1323,train,non_ade
ade_01242,train_15991,train,non_ade
ade_01243,train_5435,test,non_ade
ade_01244,test_4754,train,non_ade
ade_01245,train_9014,train,non_ade
ade_01246,train_7624,train,ade
ade_01247,train_14153,train,non_ade
ade_01248,train_14969,train,non_ade
ade_01249,train_16925,train,ade
ade_01250,train_3541,train,non_ade
ade_01251,test_3059,train,non_ade
ade_01252,train_7901,test,non_ade
ade_01253,train_17039,train,ade
ade_01254,test_4033,train,non_ade
ade_01255,train_2232,train,non_ade
ade_01256,train_15777,train,ade
ade_01257,train_4054,test,non_ade
ade_01258,train_7271,train,non_ade
ade_01259,train_15328,train,non_ade
ade_01260,train_9462,train,non_ade
ade_01261,train_7348,train,ade
ade_01262,train_17517,train,non_ade
ade_01263,train_6351,test,non_ade
ade_01264,train_14113,test,non_ade
ade_01265,train_14040,train,non_ade
ade_01266,train_14265,train,non_ade
ade_01267,test_4683,train,non_ade
ade_01268,test_806,train,non_ade
ade_01269,train_2783,test,non_ade
ade_01270,train_16151,test,non_ade
ade_01271,train_12183,train,non_ade
ade_01272,train_5822,train,non_ade
ade_01273,train_5209,train,non_ade
ade_01274,test_1249,train,non_ade
ade_01275,train_4637,train,non_ade
ade_01276,train_10155,train,non_ade
ade_01277,train_14730,test,non_ade
ade_01278,train_9787,train,non_ade
ade_01279,train_2403,train,ade
ade_01280,train_7475,train,non_ade
ade_01281,train_13190,train,non_ade
ade_01282,test_1844,test,non_ade
ade_01283,test_5870,train,non_ade
ade_01284,train_10057,train,ade
ade_01285,train_3212,train,non_ade
ade_01286,test_2365,train,non_ade
ade_01287,train_5353,train,non_ade
ade_01288,train_3965,train,non_ade
ade_01289,train_13650,train,ade
ade_01290,train_1577,test,ade
ade_01291,test_5444,train,non_ade
ade_01292,test_3616,train,non_ade
ade_01293,test_4541,train,ade
ade_01294,train_6504,test,ade
ade_01295,train_8996,train,ade
ade_01296,test_2121,train,non_ade
ade_01297,train_3502,test,ade
ade_01298,train_10300,train,non_ade
ade_01299,test_1658,train,non_ade
ade_01300,train_71,train,non_ade
ade_01301,test_668,train,non_ade
ade_01302,train_12204,train,ade
ade_01303,test_4442,test,non_ade
ade_01304,train_16617,train,ade
ade_01305,test_4740,train,non_ade
ade_01306,train_12915,train,non_ade
ade_01307,train_7379,train,non_ade
ade_01308,train_7838,train,ade
ade_01309,train_11170,train,ade
ade_01310,train_9131,train,non_ade
ade_01311,train_8987,train,non_ade
ade_01312,train_10037,train,non_ade
ade_01313,train_13872,train,non_ade
ade_01314,train_10026,test,non_ade
ade_01315,train_1915,train,non_ade
ade_01316,test_1603,train,non_ade
ade_01317,train_17435,train,non_ade
ade_01318,test_2413,train,ade
ade_01319,train_7117,train,ade
ade_01320,test_857,test,non_ade
ade_01321,train_2853,train,ade
ade_01322,train_17275,train,non_ade
ade_01323,test_2957,test,non_ade
ade_01324,test_681,test,ade
ade_01325,train_4050,train,non_ade
ade_01326,train_5257,train,non_ade
ade_01327,train_4574,train,non_ade
ade_01328,train_13502,train,non_ade
ade_01329,train_2192,test,non_ade
ade_01330,train_5563,test,non_ade
ade_01331,train_13484,train,ade
ade_01332,train_16272,train,non_ade
ade_01333,train_16582,train,non_ade
ade_01334,train_8310,train,ade
ade_01335,train_12035,train,ade
ade_01336,train_15098,train,non_ade
ade_01337,train_8183,train,non_ade
ade_01338,train_17427,train,non_ade
ade_01339,train_5760,test,non_ade
ade_01340,train_5396,train,non_ade
ade_01341,train_16984,train,non_ade
ade_01342,train_17334,test,non_ade
ade_01343,train_2848,train,non_ade
ade_01344,test_3357,train,non_ade
ade_01345,train_3597,train,non_ade
ade_01346,test_3601,test,non_ade
ade_01347,test_3195,test,non_ade
ade_01348,train_7544,train,non_ade
ade_01349,train_1158,train,non_ade
ade_01350,train_5056,train,non_ade
ade_01351,train_14829,train,ade
ade_01352,train_15373,train,non_ade
ade_01353,train_433,train,non_ade
ade_01354,train_7399,train,ade
ade_01355,train_4159,train,non_ade
ade_01356,train_3677,train,non_ade
ade_01357,train_2095,train,non_ade
ade_01358,test_2783,train,ade
ade_01359,train_9580,test,non_ade
ade_01360,train_5336,train,non_ade
ade_01361,train_8891,test,non_ade
ade_01362,train_6533,train,non_ade
ade_01363,train_9613,train,non_ade
ade_01364,train_16985,train,ade
ade_01365,train_16013,train,non_ade
ade_01366,train_8628,test,ade
ade_01367,train_5060,train,ade
ade_01368,test_385,train,non_ade
ade_01369,test_4650,train,non_ade
ade_01370,train_9438,train,ade
ade_01371,train_13844,train,non_ade
ade_01372,train_17329,test,non_ade
ade_01373,train_14469,test,ade
ade_01374,test_5169,test,non_ade
ade_01375,train_4458,train,non_ade
ade_01376,test_215,test,non_ade
ade_01377,train_14225,test,non_ade
ade_01378,test_5821,train,non_ade
ade_01379,train_12150,train,non_ade
ade_01380,test_2550,train,ade
ade_01381,train_10229,train,non_ade
ade_01382,test_690,test,non_ade
ade_01383,train_16835,train,non_ade
ade_01384,train_13376,train,non_ade
ade_01385,test_3447,train,non_ade
ade_01386,train_11046,train,non_ade
ade_01387,train_13389,train,non_ade
ade_01388,train_3980,train,non_ade
ade_01389,train_4607,train,non_ade
ade_01390,train_11330,train,non_ade
ade_01391,train_10537,test,non_ade
ade_01392,train_4247,test,ade
ade_01393,test_2897,train,ade
ade_01394,train_721,train,non_ade
ade_01395,train_16250,train,ade
ade_01396,train_10593,train,non_ade
ade_01397,train_15142,train,non_ade
ade_01398,train_15417,train,non_ade
ade_01399,train_16302,train,non_ade
ade_01400,test_379,train,non_ade
ade_01401,train_6670,train,non_ade
ade_01402,train_10926,train,non_ade
ade_01403,train_3277,train,non_ade
ade_01404,train_7793,train,non_ade
ade_01405,test_5378,train,non_ade
ade_01406,train_5913,train,non_ade
ade_01407,train_8530,train,non_ade
ade_01408,train_2477,train,non_ade
ade_01409,train_13618,train,non_ade
ade_01410,train_11213,train,ade
ade_01411,train_14515,train,non_ade
ade_01412,test_5040,train,non_ade
ade_01413,test_3111,train,non_ade
ade_01414,train_2476,train,non_ade
ade_01415,train_13005,train,non_ade
ade_01416,train_5183,test,non_ade
ade_01417,train_1674,train,non_ade
ade_01418,train_3788,train,non_ade
ade_01419,train_4020,train,ade
ade_01420,train_2466,train,non_ade
ade_01421,train_15779,train,non_ade
ade_01422,train_10640,train,non_ade
ade_01423,train_14600,train,non_ade
ade_01424,train_16422,train,non_ade
ade_01425,train_13268,train,non_ade
ade_01426,train_13693,train,non_ade
ade_01427,test_1535,train,non_ade
ade_01428,train_4830,train,non_ade
ade_01429,train_8741,train,non_ade
ade_01430,train_3492,test,non_ade
ade_01431,test_1497,train,non_ade
ade_01432,train_11372,test,non_ade
ade_01433,train_4958,train,ade
ade_01434,train_5072,train,non_ade
ade_01435,train_15374,test,non_ade
ade_01436,train_4872,train,ade
ade_01437,test_2166,train,non_ade
ade_01438,train_7724,test,non_ade
ade_01439,train_6195,train,non_ade
ade_01440,train_12539,train,non_ade
ade_01441,train_7174,train,non_ade
ade_01442,train_9552,train,ade
ade_01443,test_4822,train,non_ade
ade_01444,train_9524,train,non_ade
ade_01445,train_13995,test,non_ade
ade_01446,train_17309,train,non_ade
ade_01447,train_7529,train,ade
ade_01448,train_1083,train,non_ade
ade_01449,test_3609,train,ade
ade_01450,test_2547,train,non_ade
ade_01451,train_11294,train,non_ade
ade_01452,test_351,train,non_ade
ade_01453,train_7045,train,non_ade
ade_01454,train_14738,test,non_ade
ade_01455,train_15881,train,non_ade
ade_01456,train_16142,train,non_ade
ade_01457,train_6180,test,non_ade
ade_01458,train_12680,train,non_ade
ade_01459,train_15631,train,non_ade
ade_01460,train_6331,train,non_ade
ade_01461,test_1741,train,ade
ade_01462,train_2226,train,ade
ade_01463,train_17267,train,non_ade
ade_01464,train_14415,train,non_ade
ade_01465,train_2767,train,non_ade
ade_01466,train_7219,train,non_ade
ade_01467,train_758,test,non_ade
ade_01468,train_15706,train,ade
ade_01469,train_4992,test,ade
ade_01470,train_8150,train,ade
ade_01471,train_11807,train,non_ade
ade_01472,train_8008,test,non_ade
ade_01473,train_14391,train,non_ade
ade_01474,train_12900,test,non_ade
ade_01475,train_13200,train,non_ade
ade_01476,test_3488,train,non_ade
ade_01477,train_16001,train,non_ade
ade_01478,train_7373,test,ade
ade_01479,test_407,train,non_ade
ade_01480,train_1917,test,non_ade
ade_01481,train_7491,train,ade
ade_01482,train_16440,train,ade
ade_01483,train_7653,train,non_ade
ade_01484,test_2267,test,non_ade
ade_01485,train_2614,train,non_ade
ade_01486,train_12749,test,non_ade
ade_01487,train_353,train,non_ade
ade_01488,train_11081,train,ade
ade_01489,test_1646,train,ade
ade_01490,train_8425,train,non_ade
ade_01491,test_3622,train,non_ade
ade_01492,train_13343,test,non_ade
ade_01493,test_4354,train,non_ade
ade_01494,train_7835,train,ade
ade_01495,train_9878,train,non_ade
ade_01496,train_3271,train,ade
ade_01497,train_10811,train,non_ade
ade_01498,train_11593,train,non_ade
ade_01499,train_13985,train,non_ade
ade_01500,train_10066,train,non_ade
ade_01501,train_1891,train,ade
ade_01502,train_6260,train,non_ade
ade_01503,train_12781,test,non_ade
ade_01504,train_14812,train,non_ade
ade_01505,train_16506,test,non_ade
ade_01506,train_15890,train,non_ade
ade_01507,train_3074,train,non_ade
ade_01508,train_5622,train,non_ade
ade_01509,train_12325,train,ade
ade_01510,train_7295,train,non_ade
ade_01511,train_11548,test,non_ade
ade_01512,train_11152,train,ade
ade_01513,train_751,test,non_ade
ade_01514,train_15254,train,ade
ade_01515,train_6414,test,ade
ade_01516,test_2326,train,non_ade
ade_01517,test_1041,train,ade
ade_01518,train_4143,train,non_ade
ade_01519,test_2771,train,non_ade
ade_01520,train_8045,train,non_ade
ade_01521,train_10241,train,non_ade
ade_01522,train_8508,train,non_ade
ade_01523,test_5178,train,non_ade
ade_01524,train_6229,train,non_ade
ade_01525,train_1933,train,non_ade
ade_01526,test_4913,test,non_ade
ade_01527,test_1207,train,non_ade
ade_01528,train_3990,train,non_ade
ade_01529,train_9972,train,non_ade
ade_01530,train_4546,train,non_ade
ade_01531,test_4758,train,ade
ade_01532,train_11168,train,non_ade
ade_01533,test_3156,test,non_ade
ade_01534,train_10234,train,non_ade
ade_01535,test_2588,train,non_ade
ade_01536,train_15050,test,non_ade
ade_01537,train_12914,train,ade
ade_01538,test_1177,train,non_ade
ade_01539,train_15938,train,non_ade
ade_01540,train_2865,train,non_ade
ade_01541,test_2009,train,non_ade
ade_01542,train_3939,train,non_ade
ade_01543,train_13155,train,non_ade
ade_01544,train_674,train,non_ade
ade_01545,test_3708,train,ade
ade_01546,train_11082,train,ade
ade_01547,train_237,train,non_ade
ade_01548,test_2792,train,non_ade
ade_01549,test_1116,train,non_ade
ade_01550,train_3730,train,ade
ade_01551,train_1314,train,ade
ade_01552,train_2002,test,non_ade
ade_01553,train_17113,train,non_ade
ade_01554,train_12658,train,non_ade
ade_01555,train_3681,train,non_ade
ade_01556,train_746,test,non_ade
ade_01557,train_11487,train,non_ade
ade_01558,test_65,test,non_ade
ade_01559,train_5168,train,ade
ade_01560,train_16034,test,non_ade
ade_01561,train_3907,train,non_ade
ade_01562,train_5385,train,ade
ade_01563,train_9526,train,non_ade
ade_01564,train_8080,train,non_ade
ade_01565,test_3194,test,non_ade
ade_01566,train_12468,train,non_ade
ade_01567,train_13178,train,non_ade
ade_01568,train_5177,train,non_ade
ade_01569,train_13966,train,non_ade
ade_01570,train_12240,test,non_ade
ade_01571,train_304,train,non_ade
ade_01572,train_10094,train,non_ade
ade_01573,test_1583,train,non_ade
ade_01574,test_1778,train,non_ade
ade_01575,train_15545,train,ade
ade_01576,train_6111,train,ade
ade_01577,train_15395,test,non_ade
ade_01578,train_15704,train,non_ade
ade_01579,test_792,train,non_ade
ade_01580,train_2347,test,ade
ade_01581,test_1626,train,non_ade
ade_01582,test_4731,train,ade
ade_01583,train_11662,train,non_ade
ade_01584,test_1572,train,non_ade
ade_01585,train_12958,train,ade
ade_01586,train_7195,test,non_ade
ade_01587,test_5810,test,non_ade
ade_01588,train_53,train,non_ade
ade_01589,train_16183,train,non_ade
ade_01590,train_3450,test,non_ade
ade_01591,train_15383,train,non_ade
ade_01592,train_17472,test,non_ade
ade_01593,train_10441,train,non_ade
ade_01594,train_6012,test,non_ade
ade_01595,train_15948,train,non_ade
ade_01596,train_5543,train,non_ade
ade_01597,train_12794,train,ade
ade_01598,test_2566,test,ade
ade_01599,train_5434,test,non_ade
ade_01600,train_11480,train,non_ade
ade_01601,train_14700,test,non_ade
ade_01602,train_596,train,non_ade
ade_01603,train_17353,train,non_ade
ade_01604,test_3200,train,non_ade
ade_01605,train_9607,train,ade
ade_01606,test_3476,test,non_ade
ade_01607,train_3149,train,non_ade
ade_01608,train_8651,train,non_ade
ade_01609,train_1964,test,non_ade
ade_01610,train_9764,train,non_ade
ade_01611,train_6328,train,ade
ade_01612,train_12509,train,non_ade
ade_01613,test_5343,train,non_ade
ade_01614,train_15241,test,ade
ade_01615,test_964,train,ade
ade_01616,test_5540,train,non_ade
ade_01617,train_15343,train,non_ade
ade_01618,train_16914,train,non_ade
ade_01619,train_1382,train,non_ade
ade_01620,train_2191,train,ade
ade_01621,train_15344,train,non_ade
ade_01622,test_972,train,non_ade
ade_01623,train_7316,train,non_ade
ade_01624,test_157,train,non_ade
ade_01625,test_2531,train,non_ade
ade_01626,train_11520,train,ade
ade_01627,train_5687,train,ade
ade_01628,train_498,train,non_ade
ade_01629,train_8599,test,non_ade
ade_01630,train_3731,test,non_ade
ade_01631,train_16357,train,non_ade
ade_01632,train_16881,train,non_ade
ade_01633,train_1413,train,non_ade
ade_01634,train_17136,test,ade
ade_01635,train_4661,train,non_ade
ade_01636,test_2253,train,non_ade
ade_01637,train_17162,train,ade
ade_01638,train_5317,test,non_ade
ade_01639,train_6189,test,non_ade
ade_01640,train_11784,train,non_ade
ade_01641,test_4467,train,non_ade
ade_01642,train_5118,train,ade
ade_01643,train_14659,train,non_ade
ade_01644,test_321,train,ade
ade_01645,train_14149,train,non_ade
ade_01646,test_5125,train,non_ade
ade_01647,train_570,test,non_ade
ade_01648,train_5243,train,non_ade
ade_01649,train_8351,train,non_ade
ade_01650,train_3028,train,non_ade
ade_01651,train_8380,test,non_ade
ade_01652,train_9252,train,non_ade
ade_01653,train_12061,train,non_ade
ade_01654,train_4136,train,non_ade
ade_01655,train_16796,test,ade
ade_01656,train_3876,test,non_ade
ade_01657,train_7506,test,non_ade
ade_01658,train_11609,train,non_ade
ade_01659,train_4907,test,non_ade
ade_01660,train_7496,train,non_ade
ade_01661,test_555,train,non_ade
ade_01662,test_4859,train,non_ade
ade_01663,train_3999,train,non_ade
ade_01664,train_6065,test,non_ade
ade_01665,train_7709,train,non_ade
ade_01666,train_5979,train,non_ade
ade_01667,test_551,train,ade
ade_01668,train_6648,train,non_ade
ade_01669,train_9532,test,non_ade
ade_01670,test_4178,train,non_ade
ade_01671,test_4682,train,non_ade
ade_01672,train_1719,test,non_ade
ade_01673,test_306,test,non_ade
ade_01674,train_1263,test,ade
ade_01675,test_3776,train,non_ade
ade_01676,train_6413,train,non_ade
ade_01677,test_4647,train,ade
ade_01678,test_2271,train,ade
ade_01679,train_968,test,ade
ade_01680,test_396,test,non_ade
ade_01681,train_4144,test,non_ade
ade_01682,test_2940,train,non_ade
ade_01683,train_6411,test,non_ade
ade_01684,train_750,train,non_ade
ade_01685,train_10213,train,non_ade
ade_01686,train_8263,train,non_ade
ade_01687,test_3976,train,non_ade
ade_01688,test_3627,test,non_ade
ade_01689,test_1791,train,non_ade
ade_01690,train_9760,train,non_ade
ade_01691,test_646,train,ade
ade_01692,train_10435,train,non_ade
ade_01693,train_8519,train,ade
ade_01694,train_17396,train,non_ade
ade_01695,train_4613,train,non_ade
ade_01696,test_3931,train,non_ade
ade_01697,train_2855,test,ade
ade_01698,train_9750,train,non_ade
ade_01699,train_4499,train,non_ade
ade_01700,train_8332,train,non_ade
ade_01701,train_16709,train,ade
ade_01702,train_4387,train,non_ade
ade_01703,train_770,train,ade
ade_01704,train_7718,test,non_ade
ade_01705,train_14506,train,non_ade
ade_01706,train_2690,train,non_ade
ade_01707,train_4317,train,ade
ade_01708,train_7253,train,non_ade
ade_01709,test_5538,train,non_ade
ade_01710,train_13916,train,ade
ade_01711,test_1980,test,non_ade
ade_01712,train_8096,train,non_ade
ade_01713,test_1677,train,non_ade
ade_01714,test_4665,train,non_ade
ade_01715,train_4269,test,ade
ade_01716,train_15238,train,non_ade
ade_01717,train_8147,train,non_ade
ade_01718,train_8025,train,non_ade
ade_01719,train_1975,test,non_ade
ade_01720,train_3312,train,non_ade
ade_01721,test_4247,train,non_ade
ade_01722,test_2962,train,non_ade
ade_01723,train_5732,train,non_ade
ade_01724,train_13241,train,non_ade
ade_01725,train_3033,train,non_ade
ade_01726,test_1565,train,non_ade
ade_01727,train_5692,test,non_ade
ade_01728,test_5179,test,non_ade
ade_01729,train_5996,train,non_ade
ade_01730,train_9831,test,non_ade
ade_01731,test_1404,test,non_ade
ade_01732,train_12758,test,non_ade
ade_01733,train_16799,test,ade
ade_01734,test_3001,test,non_ade
ade_01735,train_185,train,non_ade
ade_01736,train_11643,train,non_ade
ade_01737,train_1893,train,non_ade
ade_01738,test_4307,train,non_ade
ade_01739,test_5201,train,non_ade
ade_01740,test_1091,train,non_ade
ade_01741,train_13635,train,non_ade
ade_01742,train_10781,test,non_ade
ade_01743,train_15937,train,non_ade
ade_01744,train_7230,train,ade
ade_01745,train_16351,test,ade
ade_01746,train_16983,train,non_ade
ade_01747,train_6214,train,ade
ade_01748,train_13977,train,non_ade
ade_01749,train_7763,test,non_ade
ade_01750,train_17364,test,ade
ade_01751,test_112,train,non_ade
ade_01752,train_17143,train,non_ade
ade_01753,train_14297,train,non_ade
ade_01754,train_6030,train,non_ade
ade_01755,test_3278,train,non_ade
ade_01756,test_2172,train,non_ade
ade_01757,train_9381,train,non_ade
ade_01758,train_8242,train,non_ade
ade_01759,train_7925,train,non_ade
ade_01760,test_4916,train,non_ade
ade_01761,train_15455,train,non_ade
ade_01762,train_8282,test,non_ade
ade_01763,train_17553,train,ade
ade_01764,train_2342,train,non_ade
ade_01765,test_1193,train,non_ade
ade_01766,train_3613,train,non_ade
ade_01767,train_11703,train,ade
ade_01768,test_5158,test,non_ade
ade_01769,train_4839,train,non_ade
ade_01770,train_5952,test,non_ade
ade_01771,train_13149,train,ade
ade_01772,train_12491,train,non_ade
ade_01773,train_2225,train,non_ade
ade_01774,train_16819,train,non_ade
ade_01775,train_15485,train,non_ade
ade_01776,train_4623,train,non_ade
ade_01777,train_5310,train,non_ade
ade_01778,train_6226,test,non_ade
ade_01779,train_8287,test,non_ade
ade_01780,test_4931,train,non_ade
ade_01781,train_4588,test,ade
ade_01782,test_2074,test,non_ade
ade_01783,train_16138,train,ade
ade_01784,train_10038,train,ade
ade_01785,train_2692,train,non_ade
ade_01786,train_16654,train,non_ade
ade_01787,train_5272,train,ade
ade_01788,train_4353,train,non_ade
ade_01789,test_1727,train,non_ade
ade_01790,train_9651,train,ade
ade_01791,train_12947,train,ade
ade_01792,train_10494,train,non_ade
ade_01793,train_11249,train,ade
ade_01794,test_1674,test,ade
ade_01795,train_6855,train,non_ade
ade_01796,test_689,test,non_ade
ade_01797,test_3393,train,non_ade
ade_01798,train_788,train,ade
ade_01799,train_578,train,ade
ade_01800,train_16101,train,ade
ade_01801,train_16798,train,non_ade
ade_01802,train_1169,train,non_ade
ade_01803,train_13676,train,non_ade
ade_01804,train_13956,train,non_ade
ade_01805,test_2475,train,non_ade
ade_01806,train_10268,train,non_ade
ade_01807,test_4706,train,non_ade
ade_01808,test_5754,test,non_ade
ade_01809,train_6934,train,non_ade
ade_01810,train_3385,test,non_ade
ade_01811,train_9541,test,non_ade
ade_01812,test_4735,train,non_ade
ade_01813,train_14517,test,non_ade
ade_01814,train_1215,train,non_ade
ade_01815,train_16745,train,non_ade
ade_01816,train_9364,test,ade
ade_01817,train_5051,train,non_ade
ade_01818,train_2278,train,non_ade
ade_01819,train_13448,train,non_ade
ade_01820,train_9556,test,non_ade
ade_01821,train_1518,train,non_ade
ade_01822,train_8454,train,non_ade
ade_01823,train_3407,train,non_ade
ade_01824,train_4283,train,non_ade
ade_01825,train_1132,test,ade
ade_01826,train_3347,train,ade
ade_01827,train_10934,train,non_ade
ade_01828,train_2659,train,non_ade
ade_01829,train_12336,train,non_ade
ade_01830,train_12453,train,non_ade
ade_01831,test_2004,train,non_ade
ade_01832,train_7816,train,non_ade
ade_01833,train_12394,train,non_ade
ade_01834,train_13349,train,non_ade
ade_01835,train_5518,train,non_ade
ade_01836,train_10789,train,non_ade
ade_01837,train_3602,train,non_ade
ade_01838,train_13893,train,non_ade
ade_01839,train_3791,train,non_ade
ade_01840,train_3055,train,non_ade
ade_01841,train_3135,train,non_ade
ade_01842,train_11370,train,non_ade
ade_01843,test_1612,train,non_ade
ade_01844,train_4010,train,non_ade
ade_01845,train_906,test,non_ade
ade_01846,train_2945,train,non_ade
ade_01847,train_10727,train,non_ade
ade_01848,test_170,test,non_ade
ade_01849,train_8622,train,non_ade
ade_01850,train_11060,test,non_ade
ade_01851,train_13212,train,non_ade
ade_01852,train_9667,train,non_ade
ade_01853,train_14560,train,non_ade
ade_01854,test_3207,train,non_ade
ade_01855,train_1578,train,non_ade
ade_01856,test_2336,train,non_ade
ade_01857,test_4485,train,non_ade
ade_01858,train_3766,train,ade
ade_01859,test_3547,train,non_ade
ade_01860,train_7028,train,ade
ade_01861,test_1574,train,non_ade
ade_01862,train_12188,train,non_ade
ade_01863,train_5351,test,non_ade
ade_01864,test_3282,train,non_ade
ade_01865,train_17597,train,non_ade
ade_01866,test_1507,test,ade
ade_01867,train_5691,test,non_ade
ade_01868,test_875,test,ade
ade_01869,train_14637,train,non_ade
ade_01870,test_3050,train,non_ade
ade_01871,train_16957,test,non_ade
ade_01872,train_5777,train,non_ade
ade_01873,test_4988,train,non_ade
ade_01874,train_451,train,non_ade
ade_01875,train_14968,train,non_ade
ade_01876,test_4978,train,non_ade
ade_01877,train_2304,test,non_ade
ade_01878,train_16449,train,non_ade
ade_01879,train_14580,train,ade
ade_01880,train_3562,test,ade
ade_01881,test_4787,train,non_ade
ade_01882,test_4856,train,non_ade
ade_01883,train_11171,train,non_ade
ade_01884,train_2880,train,non_ade
ade_01885,train_9232,test,non_ade
ade_01886,train_12173,train,non_ade
ade_01887,train_4432,train,non_ade
ade_01888,train_6394,test,non_ade
ade_01889,train_16273,train,non_ade
ade_01890,test_5638,train,non_ade
ade_01891,train_5220,test,non_ade
ade_01892,train_15878,train,non_ade
ade_01893,train_16953,train,non_ade
ade_01894,test_4298,test,ade
ade_01895,train_16317,train,non_ade
ade_01896,train_10973,train,non_ade
ade_01897,train_10275,train,ade
ade_01898,train_2539,train,ade
ade_01899,train_1768,train,non_ade
ade_01900,train_12633,train,non_ade
ade_01901,test_3580,train,non_ade
ade_01902,test_5412,train,non_ade
ade_01903,train_13174,train,non_ade
ade_01904,train_5193,train,non_ade
ade_01905,test_2924,test,non_ade
ade_01906,train_2482,train,non_ade
ade_01907,train_12967,train,non_ade
ade_01908,train_7032,train,non_ade
ade_01909,test_2399,train,non_ade
ade_01910,train_8254,train,non_ade
ade_01911,train_7861,train,non_ade
ade_01912,train_10705,train,non_ade
ade_01913,train_8010,test,non_ade
ade_01914,train_5428,test,non_ade
ade_01915,train_10266,train,non_ade
ade_01916,train_5320,train,non_ade
ade_01917,train_4893,test,non_ade
ade_01918,train_17318,train,non_ade
ade_01919,train_16172,train,non_ade
ade_01920,train_17008,test,non_ade
ade_01921,train_5486,train,ade
ade_01922,train_10386,train,non_ade
ade_01923,train_5067,train,non_ade
ade_01924,train_7795,test,non_ade
ade_01925,test_2817,train,non_ade
ade_01926,train_7820,test,ade
ade_01927,train_649,train,non_ade
ade_01928,train_5251,train,non_ade
ade_01929,train_14942,train,ade
ade_01930,train_3163,test,non_ade
ade_01931,test_472,train,non_ade
ade_01932,test_1202,test,non_ade
ade_01933,train_3897,train,non_ade
ade_01934,train_4704,train,non_ade
ade_01935,train_5338,train,non_ade
ade_01936,train_5253,test,non_ade
ade_01937,train_9522,train,ade
ade_01938,train_4678,train,non_ade
ade_01939,train_6862,train,non_ade
ade_01940,test_4270,train,non_ade
ade_01941,test_5160,train,non_ade
ade_01942,train_7703,test,non_ade
ade_01943,train_12599,train,non_ade
ade_01944,test_4568,train,non_ade
ade_01945,test_5548,train,non_ade
ade_01946,train_1721,train,non_ade
ade_01947,train_12462,test,non_ade
ade_01948,train_3189,train,ade
ade_01949,train_9978,train,non_ade
ade_01950,test_1510,test,non_ade
ade_01951,test_1040,train,non_ade
ade_01952,train_13847,train,non_ade
ade_01953,train_8663,train,non_ade
ade_01954,test_2583,train,non_ade
ade_01955,train_10511,train,non_ade
ade_01956,train_7123,train,non_ade
ade_01957,test_801,train,non_ade
ade_01958,test_4243,train,non_ade
ade_01959,train_3128,train,ade
ade_01960,test_2282,train,ade
ade_01961,train_7068,train,non_ade
ade_01962,train_2507,train,ade
ade_01963,train_14652,train,non_ade
ade_01964,train_4219,train,non_ade
ade_01965,train_2964,train,ade
ade_01966,test_5628,train,non_ade
ade_01967,test_4378,train,ade
ade_01968,train_9176,train,ade
ade_01969,test_3494,train,non_ade
ade_01970,train_12376,train,ade
ade_01971,train_3155,test,non_ade
ade_01972,train_8260,train,non_ade
ade_01973,train_372,train,non_ade
ade_01974,train_13495,train,non_ade
ade_01975,train_7874,train,ade
ade_01976,test_350,train,non_ade
ade_01977,train_13489,train,non_ade
ade_01978,train_10553,train,ade
ade_01979,train_4384,train,non_ade
ade_01980,train_12068,train,non_ade
ade_01981,test_910,train,ade
ade_01982,train_12059,train,non_ade
ade_01983,test_1119,train,non_ade
ade_01984,train_652,train,ade
ade_01985,train_15691,train,non_ade
ade_01986,train_14481,train,non_ade
ade_01987,test_25,train,non_ade
ade_01988,train_15606,train,non_ade
ade_01989,train_8846,train,non_ade
ade_01990,train_2771,train,non_ade
ade_01991,train_7556,train,non_ade
ade_01992,train_11164,train,non_ade
ade_01993,test_410,test,non_ade
ade_01994,train_1989,train,non_ade
ade_01995,train_7979,train,non_ade
ade_01996,train_11566,train,non_ade
ade_01997,train_5102,train,non_ade
ade_01998,train_4146,train,non_ade
ade_01999,train_12235,train,non_ade
ade_02000,test_5050,train,non_ade
ade_02001,test_4459,train,non_ade
ade_02002,train_8827,train,non_ade
ade_02003,train_13242,train,non_ade
ade_02004,train_2796,train,non_ade
ade_02005,train_1484,train,non_ade
ade_02006,train_7202,train,non_ade
ade_02007,train_12669,test,ade
ade_02008,train_13506,train,non_ade
ade_02009,train_2568,train,ade
ade_02010,train_3918,train,non_ade
ade_02011,train_16942,test,non_ade
ade_02012,train_13022,train,ade
ade_02013,train_10313,train,non_ade
ade_02014,train_15967,train,non_ade
ade_02015,train_10752,train,non_ade
ade_02016,train_4141,train,ade
ade_02017,train_17043,train,non_ade
ade_02018,train_16485,train,non_ade
ade_02019,train_14389,train,non_ade
ade_02020,train_8216,train,non_ade
ade_02021,train_11795,train,ade
ade_02022,train_11233,train,non_ade
ade_02023,train_5707,train,non_ade
ade_02024,test_391,train,non_ade
ade_02025,train_12951,train,non_ade
ade_02026,train_2951,train,non_ade
ade_02027,train_13965,train,non_ade
ade_02028,train_5315,test,non_ade
ade_02029,train_10125,train,ade
ade_02030,train_6761,test,non_ade
ade_02031,train_5494,test,non_ade
ade_02032,test_5174,train,ade
ade_02033,train_8403,train,ade
ade_02034,train_13562,train,non_ade
ade_02035,train_296,train,ade
ade_02036,train_12741,train,ade
ade_02037,train_3423,train,non_ade
ade_02038,train_2543,train,non_ade
ade_02039,test_164,train,non_ade
ade_02040,train_14154,train,non_ade
ade_02041,train_7953,test,ade
ade_02042,test_3687,train,non_ade
ade_02043,train_9416,train,non_ade
ade_02044,train_12969,train,non_ade
ade_02045,train_11138,train,non_ade
ade_02046,train_10907,train,non_ade
ade_02047,train_11920,train,ade
ade_02048,train_2357,train,non_ade
ade_02049,test_4629,train,non_ade
ade_02050,train_12873,train,non_ade
ade_02051,train_13115,test,non_ade
ade_02052,train_7086,train,non_ade
ade_02053,train_9717,test,non_ade
ade_02054,train_15760,train,non_ade
ade_02055,train_3949,train,non_ade
ade_02056,train_1774,train,non_ade
ade_02057,train_1614,train,ade
ade_02058,train_6497,train,ade
ade_02059,train_17084,train,non_ade
ade_02060,test_3895,train,ade
ade_02061,train_13687,test,non_ade
ade_02062,test_3652,test,ade
ade_02063,train_12455,test,non_ade
ade_02064,train_7484,test,non_ade
ade_02065,train_4622,test,ade
ade_02066,test_1526,test,non_ade
ade_02067,train_12847,train,non_ade
ade_02068,train_4250,train,ade
ade_02069,train_17589,train,non_ade
ade_02070,test_804,train,non_ade
ade_02071,train_16438,train,non_ade
ade_02072,test_980,test,ade
ade_02073,train_5809,test,non_ade
ade_02074,train_11013,train,non_ade
ade_02075,train_7513,train,ade
ade_02076,train_875,test,ade
ade_02077,train_8556,train,ade
ade_02078,test_3881,test,non_ade
ade_02079,train_9479,train,non_ade
ade_02080,train_16109,test,ade
ade_02081,train_7906,train,non_ade
ade_02082,train_9046,train,non_ade
ade_02083,train_17078,train,non_ade
ade_02084,train_4396,test,non_ade
ade_02085,test_4789,train,non_ade
ade_02086,test_249,test,non_ade
ade_02087,test_5530,train,non_ade
ade_02088,test_2701,test,non_ade
ade_02089,train_13490,train,non_ade
ade_02090,test_3346,train,ade
ade_02091,train_11486,train,non_ade
ade_02092,test_1110,train,non_ade
ade_02093,test_5063,train,non_ade
ade_02094,test_739,train,non_ade
ade_02095,train_4991,train,non_ade
ade_02096,test_141,train,ade
ade_02097,test_5113,train,non_ade
ade_02098,train_6467,test,non_ade
ade_02099,test_3244,train,non_ade
ade_02100,train_17496,train,non_ade
ade_02101,train_10169,train,ade
ade_02102,train_16063,train,non_ade
ade_02103,test_450,train,non_ade
ade_02104,train_14055,train,ade
ade_02105,train_4530,train,non_ade
ade_02106,test_4869,train,non_ade
ade_02107,train_15576,train,non_ade
ade_02108,train_9101,test,non_ade
ade_02109,train_9744,train,ade
ade_02110,train_10616,test,non_ade
ade_02111,test_518,train,non_ade
ade_02112,train_15497,test,non_ade
ade_02113,train_9606,train,non_ade
ade_02114,test_3303,test,ade
ade_02115,train_1442,train,ade
ade_02116,train_9517,test,ade
ade_02117,train_6892,train,non_ade
ade_02118,train_755,train,ade
ade_02119,train_14636,test,ade
ade_02120,test_2730,train,non_ade
ade_02121,test_3201,train,non_ade
ade_02122,train_17478,train,non_ade
ade_02123,test_78,train,non_ade
ade_02124,train_502,train,non_ade
ade_02125,train_4292,train,non_ade
ade_02126,test_2306,train,non_ade
ade_02127,train_3635,test,non_ade
ade_02128,train_4920,train,non_ade
ade_02129,train_14759,test,non_ade
ade_02130,train_12076,train,non_ade
ade_02131,train_1627,train,non_ade
ade_02132,train_8228,train,ade
ade_02133,test_954,train,ade
ade_02134,train_4684,train,ade
ade_02135,train_1438,train,ade
ade_02136,train_6955,train,non_ade
ade_02137,test_4791,train,non_ade
ade_02138,train_12690,train,non_ade
ade_02139,train_8553,train,non_ade
ade_02140,train_5080,test,ade
ade_02141,train_13829,train,non_ade
ade_02142,train_9483,test,non_ade
ade_02143,test_1079,train,non_ade
ade_02144,train_11406,train,ade
ade_02145,train_16282,test,non_ade
ade_02146,test_5797,test,non_ade
ade_02147,test_3458,train,non_ade
ade_02148,train_298,test,non_ade
ade_02149,train_5452,train,non_ade
ade_02150,test_4295,train,ade
ade_02151,test_1951,train,ade
ade_02152,test_1090,test,non_ade
ade_02153,train_14757,train,non_ade
ade_02154,test_2549,train,non_ade
ade_02155,train_16679,train,non_ade
ade_02156,train_13848,train,non_ade
ade_02157,train_7088,test,non_ade
ade_02158,train_3373,train,non_ade
ade_02159,train_4855,train,ade
ade_02160,train_15737,test,non_ade
ade_02161,train_12879,test,non_ade
ade_02162,train_12949,test,non_ade
ade_02163,train_3709,train,ade
ade_02164,test_348,train,non_ade
ade_02165,train_1813,train,non_ade
ade_02166,train_16753,train,non_ade
ade_02167,train_15809,test,non_ade
ade_02168,train_13990,train,non_ade
ade_02169,train_7337,train,ade
ade_02170,train_13402,train,non_ade
ade_02171,train_7150,train,ade
ade_02172,train_13171,test,ade
ade_02173,train_219,train,non_ade
ade_02174,train_4735,train,non_ade
ade_02175,train_14903,train,non_ade
ade_02176,train_6840,train,non_ade
ade_02177,test_1080,train,non_ade
ade_02178,train_1573,test,ade
ade_02179,test_158,train,non_ade
ade_02180,test_1156,train,non_ade
ade_02181,test_588,train,non_ade
ade_02182,train_9927,train,non_ade
ade_02183,train_16140,train,non_ade
ade_02184,train_11409,train,ade
ade_02185,test_976,train,non_ade
ade_02186,train_10732,train,non_ade
ade_02187,test_4144,train,ade
ade_02188,test_4460,train,non_ade
ade_02189,train_585,train,non_ade
ade_02190,train_13834,train,ade
ade_02191,test_1145,train,non_ade
ade_02192,test_1318,train,ade
ade_02193,train_13204,train,ade
ade_02194,test_3492,train,non_ade
ade_02195,train_16806,test,ade
ade_02196,train_36,train,non_ade
ade_02197,test_3958,train,ade
ade_02198,train_870,train,non_ade
ade_02199,train_14500,train,ade
ade_02200,train_16650,test,non_ade
ade_02201,test_3957,train,non_ade
ade_02202,test_3743,train,non_ade
ade_02203,train_1979,train,non_ade
ade_02204,test_3798,train,non_ade
ade_02205,train_7629,train,non_ade
ade_02206,train_10475,train,non_ade
ade_02207,train_13172,test,non_ade
ade_02208,train_13439,test,non_ade
ade_02209,test_805,train,non_ade
ade_02210,train_558,train,non_ade
ade_02211,train_4479,train,ade
ade_02212,test_3480,train,non_ade
ade_02213,train_8888,train,non_ade
ade_02214,test_3755,test,non_ade
ade_02215,test_3593,train,non_ade
ade_02216,train_14917,test,non_ade
ade_02217,test_513,train,non_ade
ade_02218,test_280,train,non_ade
ade_02219,train_5250,train,non_ade
ade_02220,train_208,test,non_ade
ade_02221,test_4163,train,non_ade
ade_02222,train_630,train,ade
ade_02223,train_4115,train,non_ade
ade_02224,train_17492,train,non_ade
ade_02225,train_6119,test,non_ade
ade_02226,train_16475,train,non_ade
ade_02227,train_454,train,ade
ade_02228,train_2196,train,ade
ade_02229,train_10914,train,non_ade
ade_02230,train_5471,train,non_ade
ade_02231,test_4785,test,ade
ade_02232,train_1852,train,ade
ade_02233,train_7189,train,non_ade
ade_02234,train_4230,train,non_ade
ade_02235,test_3054,train,non_ade
ade_02236,train_6153,train,non_ade
ade_02237,train_12823,train,non_ade
ade_02238,train_363,test,non_ade
ade_02239,train_10058,train,non_ade
ade_02240,train_14641,test,non_ade
ade_02241,train_882,train,non_ade
ade_02242,train_6459,test,non_ade
ade_02243,train_13636,train,non_ade
ade_02244,train_2430,train,non_ade
ade_02245,test_140,train,non_ade
ade_02246,test_181,train,non_ade
ade_02247,train_2100,train,ade
ade_02248,train_16771,train,non_ade
ade_02249,test_3091,train,non_ade
ade_02250,test_4124,train,non_ade
ade_02251,train_1712,train,ade
ade_02252,train_3768,train,ade
ade_02253,test_2277,test,non_ade
ade_02254,train_4158,test,non_ade
ade_02255,train_10134,train,non_ade
ade_02256,test_4198,train,non_ade
ade_02257,test_3304,train,non_ade
ade_02258,test_2870,train,ade
ade_02259,train_8951,train,non_ade
ade_02260,test_4829,train,non_ade
ade_02261,train_8483,test,ade
ade_02262,train_7725,train,ade
ade_02263,test_4828,train,non_ade
ade_02264,test_3461,train,non_ade
ade_02265,test_824,train,ade
ade_02266,train_10620,train,non_ade
ade_02267,train_11225,train,non_ade
ade_02268,train_1830,train,ade
ade_02269,train_6102,test,non_ade
ade_02270,train_15435,test,non_ade
ade_02271,train_1827,test,non_ade
ade_02272,train_17431,train,non_ade
ade_02273,train_12884,train,non_ade
ade_02274,test_678,train,non_ade
ade_02275,test_452,train,non_ade
ade_02276,train_15199,train,non_ade
ade_02277,train_654,train,non_ade
ade_02278,train_119,train,ade
ade_02279,train_9842,test,ade
ade_02280,train_716,train,non_ade
ade_02281,train_16641,test,non_ade
ade_02282,train_7649,train,ade
ade_02283,train_1392,train,non_ade
ade_02284,train_7134,train,non_ade
ade_02285,train_2399,train,non_ade
ade_02286,train_8906,train,ade
ade_02287,train_1430,train,ade
ade_02288,test_2161,test,non_ade
ade_02289,train_14875,train,non_ade
ade_02290,train_10643,train,non_ade
ade_02291,test_670,train,non_ade
ade_02292,train_6708,train,non_ade
ade_02293,train_2199,train,ade
ade_02294,test_3604,train,non_ade
ade_02295,train_16737,train,non_ade
ade_02296,test_4074,train,ade
ade_02297,test_2464,test,ade
ade_02298,train_94,train,non_ade
ade_02299,test_3559,train,ade
ade_02300,train_13728,train,non_ade
ade_02301,train_9871,train,non_ade
ade_02302,train_7384,train,non_ade
ade_02303,test_3530,train,non_ade
ade_02304,train_8004,train,non_ade
ade_02305,train_1253,train,ade
ade_02306,test_457,train,non_ade
ade_02307,test_5146,train,non_ade
ade_02308,train_2757,train,ade
ade_02309,train_2924,test,non_ade
ade_02310,test_777,train,non_ade
ade_02311,train_16705,train,non_ade
ade_02312,test_5674,test,non_ade
ade_02313,train_2258,train,ade
ade_02314,train_4963,train,non_ade
ade_02315,test_1111,train,non_ade
ade_02316,train_13379,train,non_ade
ade_02317,test_5223,train,non_ade
ade_02318,train_13996,train,non_ade
ade_02319,train_14681,train,ade
ade_02320,train_62,train,ade
ade_02321,train_12810,train,ade
ade_02322,train_13601,train,non_ade
ade_02323,test_3384,test,non_ade
ade_02324,train_11118,train,ade
ade_02325,train_3750,test,ade
ade_02326,train_37,test,non_ade
ade_02327,train_1194,train,non_ade
ade_02328,train_4163,train,non_ade
ade_02329,train_9692,test,non_ade
ade_02330,train_4427,train,non_ade
ade_02331,train_10422,train,non_ade
ade_02332,train_370,train,non_ade
ade_02333,train_16788,train,non_ade
ade_02334,train_6067,train,non_ade
ade_02335,train_5265,train,ade
ade_02336,test_5647,train,non_ade
ade_02337,train_17613,train,ade
ade_02338,train_5282,train,non_ade
ade_02339,train_5506,train,non_ade
ade_02340,test_4987,train,non_ade
ade_02341,train_9810,test,non_ade
ade_02342,test_1184,train,non_ade
ade_02343,train_8464,train,non_ade
ade_02344,train_14076,test,non_ade
ade_02345,train_9036,train,non_ade
ade_02346,train_11434,train,ade
ade_02347,train_5469,train,ade
ade_02348,train_1525,train,non_ade
ade_02349,test_2961,train,non_ade
ade_02350,test_4927,train,non_ade
ade_02351,train_10411,train,non_ade
ade_02352,train_14748,train,non_ade
ade_02353,test_2629,test,non_ade
ade_02354,train_11414,train,non_ade
ade_02355,train_15647,train,non_ade
ade_02356,train_3359,train,non_ade
ade_02357,train_10765,train,non_ade
ade_02358,train_3073,train,ade
ade_02359,train_3221,train,non_ade
ade_02360,train_5781,train,non_ade
ade_02361,train_542,train,non_ade
ade_02362,train_15404,train,non_ade
ade_02363,train_11000,test,non_ade
ade_02364,train_14694,train,non_ade
ade_02365,train_11348,train,ade
ade_02366,train_5408,train,non_ade
ade_02367,train_2891,train,ade
ade_02368,train_14086,train,non_ade
ade_02369,train_6044,train,ade
ade_02370,test_3586,train,ade
ade_02371,train_15051,train,non_ade
ade_02372,test_5425,train,non_ade
ade_02373,train_13105,train,non_ade
ade_02374,train_10991,test,ade
ade_02375,train_10138,train,non_ade
ade_02376,train_5224,train,non_ade
ade_02377,train_9994,train,ade
ade_02378,test_3744,train,non_ade
ade_02379,train_183,train,ade
ade_02380,test_224,test,non_ade
ade_02381,train_1867,train,non_ade
ade_02382,train_14997,train,ade
ade_02383,test_4638,train,non_ade
ade_02384,train_4406,train,non_ade
ade_02385,train_15193,train,non_ade
ade_02386,train_16955,train,non_ade
ade_02387,train_6084,train,non_ade
ade_02388,train_10470,train,non_ade
ade_02389,train_813,train,non_ade
ade_02390,test_874,test,non_ade
ade_02391,train_8896,test,ade
ade_02392,train_9312,train,non_ade
ade_02393,train_8164,train,non_ade
ade_02394,train_4906,train,non_ade
ade_02395,train_13849,train,non_ade
ade_02396,train_8187,train,non_ade
ade_02397,train_45,train,non_ade
ade_02398,test_322,train,non_ade
ade_02399,train_11809,train,non_ade
ade_02400,train_11845,train,non_ade
ade_02401,train_777,train,non_ade
ade_02402,test_3347,train,non_ade
ade_02403,test_2858,train,non_ade
ade_02404,train_7716,test,non_ade
ade_02405,train_900,train,non_ade
ade_02406,train_10695,train,non_ade
ade_02407,test_1391,train,non_ade
ade_02408,test_5250,train,non_ade
ade_02409,train_9224,train,non_ade
ade_02410,train_7571,train,non_ade
ade_02411,train_16892,test,non_ade
ade_02412,train_8946,train,non_ade
ade_02413,train_8127,train,non_ade
ade_02414,train_4453,train,non_ade
ade_02415,train_6213,train,non_ade
ade_02416,train_12660,train,non_ade
ade_02417,train_2303,train,non_ade
ade_02418,test_1584,train,non_ade
ade_02419,train_2547,test,ade
ade_02420,train_11271,train,non_ade
ade_02421,train_13236,train,non_ade
ade_02422,train_6972,train,non_ade
ade_02423,train_5335,train,non_ade
ade_02424,train_17420,train,non_ade
ade_02425,test_913,train,non_ade
ade_02426,train_12813,train,non_ade
ade_02427,train_16307,train,non_ade
ade_02428,train_1855,train,ade
ade_02429,test_1634,train,non_ade
ade_02430,test_2558,train,ade
ade_02431,train_13176,train,non_ade
ade_02432,test_1854,train,non_ade
ade_02433,train_6103,test,ade
ade_02434,train_7908,train,non_ade
ade_02435,train_927,train,non_ade
ade_02436,test_4574,train,non_ade
ade_02437,train_4431,train,non_ade
ade_02438,train_7890,test,non_ade
ade_02439,train_9325,train,non_ade
ade_02440,train_7407,train,non_ade
ade_02441,test_5632,train,non_ade
ade_02442,train_1792,train,non_ade
ade_02443,train_4299,train,ade
ade_02444,train_3,train,non_ade
ade_02445,train_1385,test,non_ade
ade_02446,train_10373,train,non_ade
ade_02447,train_8637,train,non_ade
ade_02448,train_15682,train,non_ade
ade_02449,train_13412,train,non_ade
ade_02450,test_4584,train,non_ade
ade_02451,train_6775,train,ade
ade_02452,train_17285,train,non_ade
ade_02453,train_17200,test,non_ade
ade_02454,train_9529,train,ade
ade_02455,test_3969,train,non_ade
ade_02456,test_1059,train,ade
ade_02457,train_1208,train,ade
ade_02458,train_2671,test,non_ade
ade_02459,test_4000,train,non_ade
ade_02460,train_6246,train,non_ade
ade_02461,test_4510,test,non_ade
ade_02462,train_3927,train,ade
ade_02463,train_3317,train,non_ade
ade_02464,train_8797,test,non_ade
ade_02465,train_13747,train,ade
ade_02466,train_1696,test,non_ade
ade_02467,train_2699,train,ade
ade_02468,test_652,train,ade
ade_02469,train_5477,test,non_ade
ade_02470,train_2578,train,non_ade
ade_02471,test_2241,train,ade
ade_02472,train_12984,train,non_ade
ade_02473,train_316,train,ade
ade_02474,train_4915,train,non_ade
ade_02475,train_8205,train,ade
ade_02476,train_13513,train,non_ade
ade_02477,test_5377,train,non_ade
ade_02478,train_9514,train,non_ade
ade_02479,test_5675,train,non_ade
ade_02480,train_9393,train,non_ade
ade_02481,train_2416,train,non_ade
ade_02482,train_2542,train,non_ade
ade_02483,train_11847,train,ade
ade_02484,train_17258,test,non_ade
ade_02485,train_413,train,non_ade
ade_02486,train_12164,train,non_ade
ade_02487,train_4029,train,non_ade
ade_02488,train_10122,train,non_ade
ade_02489,train_5431,train,non_ade
ade_02490,train_5947,train,non_ade
ade_02491,train_17444,train,non_ade
ade_02492,train_4938,train,non_ade
ade_02493,train_5531,test,non_ade
ade_02494,train_8635,test,non_ade
ade_02495,train_9724,test,non_ade
ade_02496,train_6336,train,non_ade
ade_02497,train_16774,train,non_ade
ade_02498,test_5563,train,ade
ade_02499,train_16196,train,non_ade
ade_02500,train_16088,test,non_ade
ade_02501,test_2101,train,non_ade
ade_02502,train_14861,test,non_ade
ade_02503,test_5728,train,non_ade
ade_02504,train_14380,test,ade
ade_02505,train_15376,train,ade
ade_02506,train_2921,train,non_ade
ade_02507,test_1770,train,non_ade
ade_02508,train_15239,train,ade
ade_02509,test_2890,train,non_ade
ade_02510,train_10953,train,non_ade
ade_02511,test_1647,train,non_ade
ade_02512,test_2690,test,non_ade
ade_02513,test_2120,train,ade
ade_02514,train_10941,train,non_ade
ade_02515,train_4294,test,non_ade
ade_02516,train_14284,train,non_ade
ade_02517,train_13816,train,non_ade
ade_02518,train_2502,train,non_ade
ade_02519,train_13903,train,non_ade
ade_02520,train_6062,train,non_ade
ade_02521,train_14115,train,ade
ade_02522,train_6599,train,non_ade
ade_02523,train_7344,train,non_ade
ade_02524,train_13256,train,non_ade
ade_02525,train_1502,train,non_ade
ade_02526,train_11351,test,non_ade
ade_02527,train_17584,test,non_ade
ade_02528,train_13367,train,non_ade
ade_02529,test_705,test,non_ade
ade_02530,train_7722,train,non_ade
ade_02531,train_6572,train,non_ade
ade_02532,test_64,train,ade
ade_02533,train_7773,train,non_ade
ade_02534,train_8957,train,non_ade
ade_02535,train_8418,train,non_ade
ade_02536,train_10112,test,ade
ade_02537,test_2192,train,non_ade
ade_02538,train_6839,train,non_ade
ade_02539,train_8083,train,non_ade
ade_02540,train_2380,train,non_ade
ade_02541,train_5881,train,non_ade
ade_02542,train_9236,train,non_ade
ade_02543,test_4261,train,non_ade
ade_02544,train_15764,train,non_ade
ade_02545,train_14951,train,non_ade
ade_02546,test_5581,train,non_ade
ade_02547,train_236,train,non_ade
ade_02548,test_4979,train,non_ade
ade_02549,test_3935,train,non_ade
ade_02550,train_10365,test,non_ade
ade_02551,train_15342,train,non_ade
ade_02552,train_5119,train,non_ade
ade_02553,test_3985,test,non_ade
ade_02554,train_915,train,ade
ade_02555,train_365,train,ade
ade_02556,train_3545,train,non_ade
ade_02557,train_4451,train,ade
ade_02558,test_2800,train,ade
ade_02559,train_14666,test,non_ade
ade_02560,train_4882,train,non_ade
ade_02561,train_11099,train,non_ade
ade_02562,train_12425,train,non_ade
ade_02563,train_16028,train,non_ade
ade_02564,test_4427,train,non_ade
ade_02565,test_1336,train,non_ade
ade_02566,train_2902,train,non_ade
ade_02567,test_448,train,non_ade
ade_02568,train_2876,train,non_ade
ade_02569,train_17363,train,ade
ade_02570,test_1769,test,ade
ade_02571,train_16786,train,non_ade
ade_02572,test_3036,train,non_ade
ade_02573,train_6921,train,non_ade
ade_02574,test_2436,test,non_ade
ade_02575,train_14525,train,non_ade
ade_02576,train_7732,train,non_ade
ade_02577,train_6172,train,non_ade
ade_02578,test_540,train,non_ade
ade_02579,train_11018,test,non_ade
ade_02580,test_5367,train,non_ade
ade_02581,test_4898,test,ade
ade_02582,train_17215,test,non_ade
ade_02583,train_7569,test,non_ade
ade_02584,train_9505,train,ade
ade_02585,test_2859,train,non_ade
ade_02586,train_15082,train,non_ade
ade_02587,train_3669,train,ade
ade_02588,train_7162,train,non_ade
ade_02589,test_661,train,non_ade
ade_02590,test_2564,train,non_ade
ade_02591,train_6358,test,non_ade
ade_02592,train_566,train,non_ade
ade_02593,train_15574,test,non_ade
ade_02594,train_16895,train,non_ade
ade_02595,train_7065,train,non_ade
ade_02596,test_2879,test,non_ade
ade_02597,train_6465,train,non_ade
ade_02598,train_9265,test,non_ade
ade_02599,train_9399,train,ade
ade_02600,train_15699,train,non_ade
ade_02601,train_12620,test,non_ade
ade_02602,test_3064,train,non_ade
ade_02603,train_8110,test,non_ade
ade_02604,train_14124,train,non_ade
ade_02605,test_2994,train,non_ade
ade_02606,train_15786,test,ade
ade_02607,train_17409,train,ade
ade_02608,train_16192,train,non_ade
ade_02609,train_7434,train,non_ade
ade_02610,train_15366,train,non_ade
ade_02611,train_10289,train,non_ade
ade_02612,train_10890,train,non_ade
ade_02613,test_2650,train,non_ade
ade_02614,train_15125,train,non_ade
ade_02615,train_8057,train,non_ade
ade_02616,train_6925,test,non_ade
ade_02617,train_15994,test,non_ade
ade_02618,train_2345,train,non_ade
ade_02619,train_4770,train,non_ade
ade_02620,train_14676,train,ade
ade_02621,train_2500,test,non_ade
ade_02622,test_3675,test,non_ade
ade_02623,train_9628,train,ade
ade_02624,train_13357,train,non_ade
ade_02625,train_15015,train,non_ade
ade_02626,train_4153,train,non_ade
ade_02627,test_5069,test,non_ade
ade_02628,test_3379,test,non_ade
ade_02629,train_6800,train,non_ade
ade_02630,train_8670,train,ade
ade_02631,test_253,train,non_ade
ade_02632,test_360,train,non_ade
ade_02633,train_984,test,non_ade
ade_02634,train_16291,train,non_ade
ade_02635,train_8462,train,ade
ade_02636,test_4580,train,non_ade
ade_02637,train_1796,train,non_ade
ade_02638,test_1814,train,non_ade
ade_02639,train_4021,train,non_ade
ade_02640,test_5557,train,non_ade
ade_02641,test_1333,train,non_ade
ade_02642,train_2405,train,non_ade
ade_02643,test_584,train,non_ade
ade_02644,train_7227,test,non_ade
ade_02645,train_10222,train,non_ade
ade_02646,train_12941,train,non_ade
ade_02647,test_5437,train,non_ade
ade_02648,train_2060,train,non_ade
ade_02649,test_602,train,non_ade
ade_02650,train_17327,train,non_ade
ade_02651,train_7589,train,non_ade
ade_02652,train_12114,train,non_ade
ade_02653,train_3904,test,ade
ade_02654,train_3924,train,non_ade
ade_02655,train_14478,train,non_ade
ade_02656,train_14381,train,non_ade
ade_02657,train_16463,train,non_ade
ade_02658,train_5368,train,ade
ade_02659,test_32,train,non_ade
ade_02660,train_12696,test,ade
ade_02661,train_6943,train,non_ade
ade_02662,test_1820,test,non_ade
ade_02663,train_2174,train,non_ade
ade_02664,train_17365,train,non_ade
ade_02665,train_10283,train,non_ade
ade_02666,train_12106,train,non_ade
ade_02667,train_3177,train,non_ade
ade_02668,train_7483,train,non_ade
ade_02669,train_8617,train,non_ade
ade_02670,train_8212,train,non_ade
ade_02671,train_12021,train,non_ade
ade_02672,train_9149,train,non_ade
ade_02673,train_4503,train,non_ade
ade_02674,train_8506,test,non_ade
ade_02675,test_1639,train,ade
ade_02676,test_1920,train,non_ade
ade_02677,train_2323,train,ade
ade_02678,test_730,test,non_ade
ade_02679,train_15167,train,non_ade
ade_02680,test_104,train,non_ade
ade_02681,test_2765,train,non_ade
ade_02682,test_5477,train,non_ade
ade_02683,train_4068,train,non_ade
ade_02684,train_17611,train,non_ade
ade_02685,train_5951,test,non_ade
ade_02686,train_6092,train,non_ade
ade_02687,train_12708,train,non_ade
ade_02688,train_3510,train,ade
ade_02689,train_8511,train,ade
ade_02690,train_346,test,non_ade
ade_02691,test_1159,train,non_ade
ade_02692,test_4876,train,non_ade
ade_02693,train_3591,test,non_ade
ade_02694,train_9565,train,ade
ade_02695,test_2122,train,non_ade
ade_02696,train_5135,train,non_ade
ade_02697,train_5546,train,non_ade
ade_02698,test_3241,train,non_ade
ade_02699,train_11808,train,ade
ade_02700,train_10944,test,ade
ade_02701,train_7727,test,ade
ade_02702,train_16469,train,non_ade
ade_02703,train_5038,train,non_ade
ade_02704,test_1946,train,non_ade
ade_02705,train_15709,train,non_ade
ade_02706,train_7184,train,non_ade
ade_02707,test_3206,train,ade
ade_02708,test_1523,train,non_ade
ade_02709,train_10250,test,non_ade
ade_02710,test_3176,test,non_ade
ade_02711,train_17380,train,non_ade
ade_02712,train_9093,train,non_ade
ade_02713,train_16157,train,non_ade
ade_02714,test_4312,train,non_ade
ade_02715,train_14836,train,non_ade
ade_02716,train_12780,train,non_ade
ade_02717,train_17480,train,non_ade
ade_02718,train_12605,train,non_ade
ade_02719,test_1328,train,non_ade
ade_02720,train_8105,test,non_ade
ade_02721,test_5857,train,non_ade
ade_02722,train_9939,train,non_ade
ade_02723,train_717,test,non_ade
ade_02724,train_14661,train,ade
ade_02725,train_12461,train,non_ade
ade_02726,train_6137,train,non_ade
ade_02727,train_13778,train,ade
ade_02728,train_4383,train,ade
ade_02729,test_3724,train,non_ade
ade_02730,train_571,train,ade
ade_02731,train_14512,train,non_ade
ade_02732,train_2026,test,non_ade
ade_02733,train_3103,train,ade
ade_02734,train_6508,train,ade
ade_02735,test_1532,test,non_ade
ade_02736,train_16675,train,non_ade
ade_02737,train_9943,train,non_ade
ade_02738,train_2312,train,non_ade
ade_02739,train_12683,train,non_ade
ade_02740,train_5192,train,non_ade
ade_02741,train_9318,train,ade
ade_02742,test_699,train,ade
ade_02743,train_3781,test,non_ade
ade_02744,train_2580,train,non_ade
ade_02745,train_1433,train,non_ade
ade_02746,train_9482,train,ade
ade_02747,train_6141,train,non_ade
ade_02748,train_5565,test,non_ade
ade_02749,train_13091,test,non_ade
ade_02750,train_319,train,non_ade
ade_02751,train_16421,train,non_ade
ade_02752,train_16354,train,non_ade
ade_02753,train_12483,train,ade
ade_02754,test_1450,train,non_ade
ade_02755,train_637,train,non_ade
ade_02756,train_10167,train,non_ade
ade_02757,train_15314,train,ade
ade_02758,train_7247,train,ade
ade_02759,train_3521,train,non_ade
ade_02760,train_8412,train,non_ade
ade_02761,train_10821,test,non_ade
ade_02762,train_13707,train,non_ade
ade_02763,train_1038,train,non_ade
ade_02764,train_11136,train,non_ade
ade_02765,train_8322,train,non_ade
ade_02766,train_12573,train,non_ade
ade_02767,train_15379,train,non_ade
ade_02768,test_277,train,non_ade
ade_02769,test_2521,train,non_ade
ade_02770,train_11331,train,non_ade
ade_02771,train_9900,test,non_ade
ade_02772,train_2729,train,non_ade
ade_02773,test_4341,train,non_ade
ade_02774,train_2776,train,non_ade
ade_02775,train_17222,test,non_ade
ade_02776,train_16493,train,non_ade
ade_02777,train_8921,train,ade
ade_02778,test_868,train,non_ade
ade_02779,train_15471,train,non_ade
ade_02780,train_2320,train,non_ade
ade_02781,train_14574,train,ade
ade_02782,train_12199,train,ade
ade_02783,train_8395,train,non_ade
ade_02784,train_16978,test,non_ade
ade_02785,train_8942,train,ade
ade_02786,train_3908,train,non_ade
ade_02787,train_9997,train,ade
ade_02788,train_15562,train,non_ade
ade_02789,train_14630,train,ade
ade_02790,train_13863,train,ade
ade_02791,train_12713,train,non_ade
ade_02792,train_14977,test,non_ade
ade_02793,train_4185,train,non_ade
ade_02794,train_4122,train,ade
ade_02795,train_1724,test,non_ade
ade_02796,train_2554,train,ade
ade_02797,train_5260,train,non_ade
ade_02798,test_5714,train,non_ade
ade_02799,train_17519,train,ade
ade_02800,train_16976,train,ade
ade_02801,train_6963,train,non_ade
ade_02802,test_971,train,non_ade
ade_02803,train_1983,train,non_ade
ade_02804,test_296,train,non_ade
ade_02805,train_3350,train,non_ade
ade_02806,test_2749,train,ade
ade_02807,train_12838,train,non_ade
ade_02808,train_288,train,non_ade
ade_02809,test_1556,test,non_ade
ade_02810,train_7299,train,non_ade
ade_02811,train_15013,train,non_ade
ade_02812,train_7389,train,non_ade
ade_02813,train_12284,train,ade
ade_02814,train_16616,train,non_ade
ade_02815,train_6423,train,non_ade
ade_02816,train_2962,train,non_ade
ade_02817,train_8448,train,ade
ade_02818,train_1898,test,non_ade
ade_02819,test_5013,train,non_ade
ade_02820,train_10055,train,non_ade
ade_02821,train_13479,test,ade
ade_02822,train_373,train,non_ade
ade_02823,train_17621,train,non_ade
ade_02824,train_12227,train,non_ade
ade_02825,train_13741,test,ade
ade_02826,test_1351,train,non_ade
ade_02827,train_2576,test,non_ade
ade_02828,train_9319,train,non_ade
ade_02829,train_17075,train,non_ade
ade_02830,train_5557,train,non_ade
ade_02831,train_5203,train,non_ade
ade_02832,train_743,train,non_ade
ade_02833,train_6847,train,ade
ade_02834,train_3479,train,non_ade
ade_02835,train_5815,train,ade
ade_02836,train_703,test,non_ade
ade_02837,train_16100,train,non_ade
ade_02838,train_8124,train,non_ade
ade_02839,train_7902,train,ade
ade_02840,train_10236,train,non_ade
ade_02841,train_14283,train,non_ade
ade_02842,train_15903,train,non_ade
ade_02843,train_9695,train,non_ade
ade_02844,train_14754,train,ade
ade_02845,train_15961,train,non_ade
ade_02846,test_3465,train,ade
ade_02847,test_2646,train,ade
ade_02848,train_15962,train,non_ade
ade_02849,train_15805,test,non_ade
ade_02850,train_4467,train,non_ade
ade_02851,train_12803,train,non_ade
ade_02852,test_4053,train,non_ade
ade_02853,train_8728,train,non_ade
ade_02854,test_5863,train,non_ade
ade_02855,test_1355,train,non_ade
ade_02856,test_4246,train,non_ade
ade_02857,test_3445,train,non_ade
ade_02858,train_7296,train,non_ade
ade_02859,train_14844,train,non_ade
ade_02860,train_9658,train,non_ade
ade_02861,train_2437,train,non_ade
ade_02862,train_4939,train,non_ade
ade_02863,train_10838,train,non_ade
ade_02864,train_16861,train,non_ade
ade_02865,train_16242,train,non_ade
ade_02866,train_11149,test,non_ade
ade_02867,train_4811,train,non_ade
ade_02868,train_1447,train,ade
ade_02869,train_6091,train,non_ade
ade_02870,train_1910,train,ade
ade_02871,train_1406,train,non_ade
ade_02872,train_6970,test,non_ade
ade_02873,train_14386,train,non_ade
ade_02874,train_4899,train,non_ade
ade_02875,test_463,train,non_ade
ade_02876,train_12820,train,non_ade
ade_02877,train_12441,train,non_ade
ade_02878,test_4744,train,ade
ade_02879,train_15030,train,ade
ade_02880,test_583,train,ade
ade_02881,train_11909,train,non_ade
ade_02882,train_7282,train,non_ade
ade_02883,train_3089,train,non_ade
ade_02884,train_6235,train,non_ade
ade_02885,train_17241,train,non_ade
ade_02886,train_9245,train,non_ade
ade_02887,test_200,train,ade
ade_02888,train_604,train,ade
ade_02889,train_9808,train,non_ade
ade_02890,test_3649,train,non_ade
ade_02891,train_16634,train,non_ade
ade_02892,test_4044,train,non_ade
ade_02893,train_4728,train,non_ade
ade_02894,train_2283,train,non_ade
ade_02895,train_532,train,non_ade
ade_02896,test_2842,train,non_ade
ade_02897,train_277,train,non_ade
ade_02898,train_12672,test,ade
ade_02899,train_6032,train,non_ade
ade_02900,train_14340,train,non_ade
ade_02901,test_2362,test,non_ade
ade_02902,test_3327,train,non_ade
ade_02903,train_14858,test,non_ade
ade_02904,train_3191,train,non_ade
ade_02905,train_9625,train,non_ade
ade_02906,train_8791,train,ade
ade_02907,train_8952,train,non_ade
ade_02908,train_3618,train,non_ade
ade_02909,test_27,train,non_ade
ade_02910,train_8652,test,ade
ade_02911,train_3063,train,ade
ade_02912,train_5026,train,non_ade
ade_02913,train_1786,train,non_ade
ade_02914,train_15508,train,ade
ade_02915,train_2857,train,non_ade
ade_02916,train_7666,train,ade
ade_02917,train_15998,train,ade
ade_02918,train_9248,train,non_ade
ade_02919,train_6646,train,non_ade
ade_02920,train_3111,train,non_ade
ade_02921,test_2331,test,non_ade
ade_02922,train_16425,test,non_ade
ade_02923,train_4107,train,non_ade
ade_02924,train_2761,train,non_ade
ade_02925,test_5842,train,non_ade
ade_02926,test_600,train,non_ade
ade_02927,train_12380,test,non_ade
ade_02928,test_5363,train,non_ade
ade_02929,test_4734,train,non_ade
ade_02930,train_7912,train,non_ade
ade_02931,train_17032,train,non_ade
ade_02932,train_16901,train,non_ade
ade_02933,train_12506,train,non_ade
ade_02934,test_1382,train,non_ade
ade_02935,train_14890,train,non_ade
ade_02936,train_13116,train,non_ade
ade_02937,train_9627,train,non_ade
ade_02938,train_8512,test,non_ade
ade_02939,train_10115,train,non_ade
ade_02940,train_6975,train,non_ade
ade_02941,train_2461,train,non_ade
ade_02942,test_3289,train,non_ade
ade_02943,train_7608,train,non_ade
ade_02944,train_13612,test,non_ade
ade_02945,train_10559,train,non_ade
ade_02946,train_7591,train,non_ade
ade_02947,test_3068,train,non_ade
ade_02948,train_6023,train,non_ade
ade_02949,train_6274,train,non_ade
ade_02950,train_6890,train,non_ade
ade_02951,train_14632,train,non_ade
ade_02952,train_1428,train,non_ade
ade_02953,train_8805,test,ade
ade_02954,train_1495,train,non_ade
ade_02955,test_2021,train,non_ade
ade_02956,train_2982,train,non_ade
ade_02957,train_14114,train,non_ade
ade_02958,train_148,train,non_ade
ade_02959,train_6192,train,non_ade
ade_02960,test_5187,test,non_ade
ade_02961,test_1594,train,non_ade
ade_02962,train_8406,train,non_ade
ade_02963,train_10627,train,non_ade
ade_02964,train_1017,train,ade
ade_02965,train_13443,train,non_ade
ade_02966,train_6864,train,non_ade
ade_02967,train_6466,train,non_ade
ade_02968,train_6950,train,non_ade
ade_02969,test_2438,train,non_ade
ade_02970,test_1505,train,non_ade
ade_02971,train_15421,test,non_ade
ade_02972,train_2949,train,ade
ade_02973,train_7437,train,ade
ade_02974,train_11823,train,non_ade
ade_02975,train_9091,train,non_ade
ade_02976,test_2265,train,non_ade
ade_02977,train_5334,train,ade
ade_02978,train_14434,train,non_ade
ade_02979,test_1348,train,non_ade
ade_02980,train_3393,train,non_ade
ade_02981,train_5195,train,non_ade
ade_02982,train_15639,train,non_ade
ade_02983,test_5415,test,non_ade
ade_02984,train_15032,train,non_ade
ade_02985,train_3973,train,non_ade
ade_02986,train_14892,train,non_ade
ade_02987,train_16195,train,ade
ade_02988,train_15196,train,ade
ade_02989,test_2126,train,non_ade
ade_02990,train_8006,train,ade
ade_02991,test_1425,train,non_ade
ade_02992,test_4395,train,non_ade
ade_02993,test_1482,test,non_ade
ade_02994,train_13278,train,non_ade
ade_02995,train_15406,train,non_ade
ade_02996,train_14269,train,non_ade
ade_02997,test_1995,train,non_ade
ade_02998,train_9299,train,non_ade
ade_02999,test_3851,train,ade
ade_03000,train_6804,train,ade
ade_03001,train_2696,train,non_ade
ade_03002,train_2462,train,non_ade
ade_03003,train_3469,train,ade
ade_03004,test_3196,train,ade
ade_03005,train_16777,train,ade
ade_03006,train_17422,train,ade
ade_03007,test_1165,test,ade
ade_03008,train_1583,train,non_ade
ade_03009,train_5276,train,non_ade
ade_03010,train_7826,test,non_ade
ade_03011,test_5848,train,non_ade
ade_03012,train_12580,test,non_ade
ade_03013,train_9973,test,ade
ade_03014,train_13986,train,non_ade
ade_03015,train_11504,train,non_ade
ade_03016,test_5101,train,non_ade
ade_03017,train_15551,train,non_ade
ade_03018,test_2609,train,non_ade
ade_03019,train_16563,train,non_ade
ade_03020,train_12640,test,non_ade
ade_03021,train_3871,train,non_ade
ade_03022,test_2506,train,non_ade
ade_03023,train_3625,train,non_ade
ade_03024,train_1360,test,ade
ade_03025,train_1586,test,ade
ade_03026,train_14307,train,non_ade
ade_03027,train_8355,train,non_ade
ade_03028,test_2278,train,ade
ade_03029,test_5657,train,non_ade
ade_03030,train_16498,train,non_ade
ade_03031,train_12911,train,non_ade
ade_03032,train_17193,train,non_ade
ade_03033,train_14252,train,ade
ade_03034,train_17513,train,non_ade
ade_03035,train_6547,test,non_ade
ade_03036,test_5522,train,ade
ade_03037,train_8850,test,non_ade
ade_03038,train_6660,train,non_ade
ade_03039,train_14293,train,ade
ade_03040,test_2469,train,ade
ade_03041,train_6503,test,non_ade
ade_03042,test_44,train,non_ade
ade_03043,train_10395,train,non_ade
ade_03044,train_10725,test,non_ade
ade_03045,test_3428,test,non_ade
ade_03046,train_4989,train,non_ade
ade_03047,test_3728,train,non_ade
ade_03048,train_3316,train,ade
ade_03049,test_2132,train,non_ade
ade_03050,train_3050,train,non_ade
ade_03051,train_331,test,non_ade
ade_03052,train_17362,train,ade
ade_03053,test_307,train,ade
ade_03054,train_10090,train,non_ade
ade_03055,train_6772,test,non_ade
ade_03056,train_3297,train,non_ade
ade_03057,test_3481,train,ade
ade_03058,train_7737,train,non_ade
ade_03059,train_6381,train,non_ade
ade_03060,train_16721,train,non_ade
ade_03061,train_8044,train,non_ade
ade_03062,train_7276,train,ade
ade_03063,train_11582,train,non_ade
ade_03064,test_717,train,non_ade
ade_03065,train_5215,train,non_ade
ade_03066,test_599,train,non_ade
ade_03067,train_1309,train,non_ade
ade_03068,test_5046,train,non_ade
ade_03069,train_11469,train,ade
ade_03070,train_15065,train,non_ade
ade_03071,train_3590,train,non_ade
ade_03072,train_5851,train,non_ade
ade_03073,train_8966,test,non_ade
ade_03074,train_14280,train,ade
ade_03075,test_93,train,ade
ade_03076,train_204,train,ade
ade_03077,train_13920,train,non_ade
ade_03078,train_5006,train,non_ade
ade_03079,train_14030,test,non_ade
ade_03080,train_10857,train,non_ade
ade_03081,test_4810,train,non_ade
ade_03082,train_9753,train,non_ade
ade_03083,train_14544,train,non_ade
ade_03084,train_846,test,non_ade
ade_03085,test_1661,train,non_ade
ade_03086,train_4845,train,non_ade
ade_03087,train_14929,train,non_ade
ade_03088,train_11693,train,non_ade
ade_03089,train_13196,train,non_ade
ade_03090,train_4763,train,non_ade
ade_03091,test_203,train,non_ade
ade_03092,train_8300,train,ade
ade_03093,train_11485,train,non_ade
ade_03094,train_659,train,non_ade
ade_03095,test_712,test,non_ade
ade_03096,test_1877,train,non_ade
ade_03097,train_8288,train,ade
ade_03098,train_15988,train,non_ade
ade_03099,train_4724,test,non_ade
ade_03100,train_15356,train,non_ade
ade_03101,test_1340,train,ade
ade_03102,train_12929,test,non_ade
ade_03103,train_15560,train,non_ade
ade_03104,test_861,test,non_ade
ade_03105,test_3966,train,ade
ade_03106,train_8815,train,non_ade
ade_03107,train_384,train,non_ade
ade_03108,train_16487,test,non_ade
ade_03109,train_1934,train,ade
ade_03110,test_4024,train,non_ade
ade_03111,test_222,test,non_ade
ade_03112,test_2213,train,non_ade
ade_03113,train_14214,train,non_ade
ade_03114,train_1480,train,non_ade
ade_03115,train_16954,train,non_ade
ade_03116,test_1064,train,non_ade
ade_03117,train_4055,train,non_ade
ade_03118,train_9657,train,non_ade
ade_03119,train_3424,train,non_ade
ade_03120,train_1409,train,non_ade
ade_03121,train_10255,train,non_ade
ade_03122,test_2183,train,non_ade
ade_03123,train_2056,train,non_ade
ade_03124,train_2881,train,non_ade
ade_03125,train_6867,test,non_ade
ade_03126,train_3474,train,non_ade
ade_03127,train_2829,train,non_ade
ade_03128,train_4679,train,non_ade
ade_03129,train_3678,train,ade
ade_03130,test_2500,train,non_ade
ade_03131,test_2702,train,non_ade
ade_03132,test_5080,train,non_ade
ade_03133,train_9589,train,non_ade
ade_03134,train_5473,test,ade
ade_03135,train_7802,train,ade
ade_03136,train_7741,train,non_ade
ade_03137,train_10691,train,non_ade
ade_03138,train_16363,train,ade
ade_03139,train_17606,train,non_ade
ade_03140,train_8540,train,ade
ade_03141,train_14674,train,non_ade
ade_03142,test_1130,train,non_ade
ade_03143,train_4151,train,non_ade
ade_03144,train_17301,train,non_ade
ade_03145,train_14552,train,non_ade
ade_03146,train_2082,test,non_ade
ade_03147,train_15340,train,non_ade
ade_03148,train_109,test,non_ade
ade_03149,train_15061,train,non_ade
ade_03150,test_1068,train,non_ade
ade_03151,train_13409,train,non_ade
ade_03152,train_14257,train,non_ade
ade_03153,train_12082,train,non_ade
ade_03154,test_3947,train,non_ade
ade_03155,test_2102,train,ade
ade_03156,test_1643,train,non_ade
ade_03157,train_5998,train,non_ade
ade_03158,test_5680,test,ade
ade_03159,train_13463,train,non_ade
ade_03160,train_1015,train,non_ade
ade_03161,train_15411,test,non_ade
ade_03162,train_4112,train,non_ade
ade_03163,train_17367,train,non_ade
ade_03164,train_17452,train,non_ade
ade_03165,train_1715,train,non_ade
ade_03166,test_4992,train,ade
ade_03167,train_4585,test,ade
ade_03168,train_12840,test,non_ade
ade_03169,train_3137,test,ade
ade_03170,train_13666,train,non_ade
ade_03171,train_5588,test,non_ade
ade_03172,train_13715,test,ade
ade_03173,train_13271,train,non_ade
ade_03174,train_14119,train,non_ade
ade_03175,train_4147,train,non_ade
ade_03176,train_15705,test,non_ade
ade_03177,train_10844,train,non_ade
ade_03178,train_17474,train,ade
ade_03179,train_8219,test,ade
ade_03180,train_8589,test,non_ade
ade_03181,train_3090,train,ade
ade_03182,train_564,test,non_ade
ade_03183,train_8255,train,non_ade
ade_03184,train_16851,train,non_ade
ade_03185,test_4095,train,non_ade
ade_03186,train_16697,test,non_ade
ade_03187,test_195,train,non_ade
ade_03188,train_113,train,non_ade
ade_03189,train_8804,test,non_ade
ade_03190,test_147,train,non_ade
ade_03191,test_2403,train,non_ade
ade_03192,train_11322,train,non_ade
ade_03193,train_1238,train,ade
ade_03194,train_3408,train,non_ade
ade_03195,train_17209,train,non_ade
ade_03196,train_16341,train,non_ade
ade_03197,train_17376,train,ade
ade_03198,test_845,train,non_ade
ade_03199,train_12722,test,non_ade
ade_03200,test_1168,train,non_ade
ade_03201,train_9280,train,non_ade
ade_03202,train_3729,test,ade
ade_03203,train_7696,train,non_ade
ade_03204,train_10119,test,non_ade
ade_03205,train_13146,train,non_ade
ade_03206,train_14777,test,non_ade
ade_03207,train_12765,train,non_ade
ade_03208,train_5718,train,non_ade
ade_03209,test_5294,train,non_ade
ade_03210,test_2659,train,non_ade
ade_03211,train_5100,train,non_ade
ade_03212,train_3721,train,ade
ade_03213,train_15416,train,ade
ade_03214,train_9604,train,ade
ade_03215,train_1709,train,ade
ade_03216,train_11513,train,non_ade
ade_03217,test_76,train,non_ade
ade_03218,train_14881,test,non_ade
ade_03219,train_524,train,non_ade
ade_03220,test_3053,train,non_ade
ade_03221,train_11320,train,non_ade
ade_03222,train_12347,train,non_ade
ade_03223,train_14943,train,non_ade
ade_03224,train_16711,train,non_ade
ade_03225,train_15226,test,non_ade
ade_03226,train_13444,train,non_ade
ade_03227,train_3878,test,non_ade
ade_03228,train_15439,train,non_ade
ade_03229,train_1318,train,non_ade
ade_03230,test_3362,test,non_ade
ade_03231,train_8813,train,ade
ade_03232,train_9328,test,non_ade
ade_03233,train_2411,train,ade
ade_03234,train_3472,train,ade
ade_03235,test_2219,test,non_ade
ade_03236,train_9536,train,non_ade
ade_03237,train_4783,train,non_ade
ade_03238,train_6762,train,ade
ade_03239,test_3029,train,non_ade
ade_03240,train_16319,train,non_ade
ade_03241,test_3067,test,non_ade
ade_03242,test_210,train,non_ade
ade_03243,train_6540,test,non_ade
ade_03244,train_10168,train,non_ade
ade_03245,test_197,train,non_ade
ade_03246,train_3311,train,non_ade
ade_03247,train_2904,train,non_ade
ade_03248,train_15384,train,non_ade
ade_03249,train_507,test,non_ade
ade_03250,train_1464,train,non_ade
ade_03251,test_1730,train,ade
ade_03252,train_17541,test,ade
ade_03253,test_1129,test,non_ade
ade_03254,train_15489,train,non_ade
ade_03255,train_13585,train,non_ade
ade_03256,train_817,train,ade
ade_03257,train_11440,train,non_ade
ade_03258,test_1864,test,ade
ade_03259,train_16829,train,ade
ade_03260,train_1613,train,non_ade
ade_03261,train_15882,train,non_ade
ade_03262,test_4880,train,non_ade
ade_03263,train_13889,train,non_ade
ade_03264,train_2315,train,non_ade
ade_03265,train_1323,test,non_ade
ade_03266,test_3406,train,ade
ade_03267,train_15392,test,non_ade
ade_03268,train_11699,test,ade
ade_03269,train_7010,train,non_ade
ade_03270,train_2140,test,ade
ade_03271,train_3367,train,non_ade
ade_03272,train_6473,train,non_ade
ade_03273,test_4077,train,non_ade
ade_03274,train_9864,train,non_ade
ade_03275,train_4182,train,non_ade
ade_03276,train_16672,train,non_ade
ade_03277,train_6881,train,non_ade
ade_03278,train_210,test,non_ade
ade_03279,train_13526,test,non_ade
ade_03280,train_2492,train,non_ade
ade_03281,train_14376,train,non_ade
ade_03282,train_5054,train,non_ade
ade_03283,test_1852,train,ade
ade_03284,train_6780,test,ade
ade_03285,train_17596,train,non_ade
ade_03286,train_6143,train,non_ade
ade_03287,train_9135,train,ade
ade_03288,train_3418,test,non_ade
ade_03289,train_9527,train,non_ade
ade_03290,train_4393,train,non_ade
ade_03291,test_986,train,ade
ade_03292,train_1027,train,non_ade
ade_03293,train_6989,test,non_ade
ade_03294,train_11636,test,ade
ade_03295,train_16443,train,non_ade
ade_03296,train_11141,train,non_ade
ade_03297,train_9222,train,non_ade
ade_03298,test_1427,train,non_ade
ade_03299,train_16659,train,non_ade
ade_03300,train_9977,train,non_ade
ade_03301,train_14793,train,non_ade
ade_03302,test_3295,train,ade
ade_03303,test_4347,train,non_ade
ade_03304,train_9875,train,non_ade
ade_03305,train_13955,train,non_ade
ade_03306,train_9429,train,non_ade
ade_03307,train_9111,train,non_ade
ade_03308,test_858,train,non_ade
ade_03309,train_2675,test,ade
ade_03310,test_1483,train,non_ade
ade_03311,test_5324,train,non_ade
ade_03312,test_4189,train,non_ade
ade_03313,train_1191,train,non_ade
ade_03314,test_5791,train,non_ade
ade_03315,train_6041,train,non_ade
ade_03316,train_4132,train,ade
ade_03317,train_16879,test,non_ade
ade_03318,train_5223,train,ade
ade_03319,train_4487,train,non_ade
ade_03320,test_3443,train,non_ade
ade_03321,train_1846,train,non_ade
ade_03322,train_11395,train,non_ade
ade_03323,train_16376,train,ade
ade_03324,train_3022,train,non_ade
ade_03325,train_8776,train,non_ade
ade_03326,train_15887,train,non_ade
ade_03327,train_4402,train,non_ade
ade_03328,train_7719,train,non_ade
ade_03329,train_3096,train,non_ade
ade_03330,train_13656,train,non_ade
ade_03331,train_13166,train,ade
ade_03332,train_8859,train,ade
ade_03333,train_16610,train,non_ade
ade_03334,train_7879,train,non_ade
ade_03335,train_11264,train,non_ade
ade_03336,test_973,train,non_ade
ade_03337,train_7580,train,non_ade
ade_03338,train_10107,train,non_ade
ade_03339,train_6240,train,ade
ade_03340,train_16370,train,non_ade
ade_03341,train_8100,train,non_ade
ade_03342,train_7736,test,non_ade
ade_03343,train_174,train,ade
ade_03344,train_8601,train,non_ade
ade_03345,test_2949,train,non_ade
ade_03346,train_3112,train,non_ade
ade_03347,test_3272,test,non_ade
ade_03348,train_2206,test,ade
ade_03349,test_5098,train,non_ade
ade_03350,train_9338,train,ade
ade_03351,train_1990,test,non_ade
ade_03352,train_7424,train,non_ade
ade_03353,train_7680,train,ade
ade_03354,test_4763,train,non_ade
ade_03355,train_440,train,non_ade
ade_03356,train_16058,train,non_ade
ade_03357,train_3874,train,non_ade
ade_03358,test_3256,train,ade
ade_03359,train_8071,train,non_ade
ade_03360,train_16784,test,non_ade
ade_03361,train_15594,train,non_ade
ade_03362,test_509,train,ade
ade_03363,test_2335,train,non_ade
ade_03364,test_4306,train,non_ade
ade_03365,train_12558,train,non_ade
ade_03366,test_4281,train,non_ade
ade_03367,train_13399,train,non_ade
ade_03368,train_15799,train,non_ade
ade_03369,train_2886,train,non_ade
ade_03370,train_6922,train,non_ade
ade_03371,test_1000,test,ade
ade_03372,train_11343,test,ade
ade_03373,test_5362,train,non_ade
ade_03374,train_530,train,non_ade
ade_03375,train_5022,test,ade
ade_03376,train_2739,train,non_ade
ade_03377,train_278,train,ade
ade_03378,train_10304,train,non_ade
ade_03379,train_14445,train,non_ade
ade_03380,test_4139,train,non_ade
ade_03381,test_3506,train,ade
ade_03382,train_8019,train,non_ade
ade_03383,train_3542,train,non_ade
ade_03384,train_12533,train,non_ade
ade_03385,train_7588,train,ade
ade_03386,train_13063,train,non_ade
ade_03387,train_16748,train,non_ade
ade_03388,train_1636,train,ade
ade_03389,train_1749,train,non_ade
ade_03390,train_17070,train,non_ade
ade_03391,train_11659,train,ade
ade_03392,train_7600,train,non_ade
ade_03393,test_3190,train,non_ade
ade_03394,train_16802,train,ade
ade_03395,train_861,train,non_ade
ade_03396,train_2553,train,non_ade
ade_03397,train_2013,train,ade
ade_03398,train_7766,test,non_ade
ade_03399,train_13629,test,non_ade
ade_03400,train_12519,train,ade
ade_03401,train_7686,test,ade
ade_03402,test_5017,train,non_ade
ade_03403,train_10842,test,non_ade
ade_03404,test_1735,train,non_ade
ade_03405,train_12360,test,non_ade
ade_03406,train_8032,train,non_ade
ade_03407,test_5070,train,non_ade
ade_03408,train_10,train,non_ade
ade_03409,train_3099,test,non_ade
ade_03410,test_5295,train,non_ade
ade_03411,train_299,train,non_ade
ade_03412,train_2195,train,ade
ade_03413,train_9426,train,non_ade
ade_03414,train_13828,train,non_ade
ade_03415,train_6608,train,ade
ade_03416,test_2263,train,non_ade
ade_03417,train_297,train,non_ade
ade_03418,test_2830,train,non_ade
ade_03419,test_4832,train,non_ade
ade_03420,train_16234,train,ade
ade_03421,train_4752,train,non_ade
ade_03422,test_4236,train,non_ade
ade_03423,test_789,test,non_ade
ade_03424,train_450,test,non_ade
ade_03425,train_15195,train,non_ade
ade_03426,train_3702,train,ade
ade_03427,train_5453,train,non_ade
ade_03428,test_3767,train,non_ade
ade_03429,train_764,train,non_ade
ade_03430,train_9357,train,non_ade
ade_03431,train_8953,train,non_ade
ade_03432,train_6754,train,non_ade
ade_03433,train_7843,train,non_ade
ade_03434,train_6135,test,non_ade
ade_03435,train_9806,test,ade
ade_03436,train_4172,test,ade
ade_03437,train_14487,train,non_ade
ade_03438,train_15148,train,non_ade
ade_03439,train_1697,train,non_ade
ade_03440,train_382,test,non_ade
ade_03441,train_6528,train,ade
ade_03442,train_3039,train,non_ade
ade_03443,train_6712,train,non_ade
ade_03444,train_5103,train,non_ade
ade_03445,test_3180,train,non_ade
ade_03446,train_14102,train,ade
ade_03447,train_16804,train,non_ade
ade_03448,train_5,train,non_ade
ade_03449,train_2852,train,ade
ade_03450,train_9716,train,non_ade
ade_03451,train_10512,train,ade
ade_03452,test_4262,train,non_ade
ade_03453,train_6823,train,non_ade
ade_03454,train_11740,train,non_ade
ade_03455,train_12400,train,non_ade
ade_03456,train_12144,train,non_ade
ade_03457,train_7873,train,ade
ade_03458,train_11286,train,non_ade
ade_03459,train_9805,test,non_ade
ade_03460,train_2643,train,non_ade
ade_03461,train_10878,train,non_ade
ade_03462,train_2457,train,non_ade
ade_03463,train_12572,train,non_ade
ade_03464,train_170,train,non_ade
ade_03465,train_12285,train,ade
ade_03466,train_2532,train,non_ade
ade_03467,train_1572,train,ade
ade_03468,train_4772,train,ade
ade_03469,train_16019,train,non_ade
ade_03470,train_5895,train,non_ade
ade_03471,train_8722,train,non_ade
ade_03472,train_8551,train,non_ade
ade_03473,test_2333,test,ade
ade_03474,train_6452,train,ade
ade_03475,train_2412,train,non_ade
ade_03476,train_12193,test,non_ade
ade_03477,train_17384,train,non_ade
ade_03478,test_5030,train,non_ade
ade_03479,train_8297,test,non_ade
ade_03480,train_9097,test,non_ade
ade_03481,train_1059,test,non_ade
ade_03482,test_1541,train,non_ade
ade_03483,train_3777,train,ade
ade_03484,train_12975,train,ade
ade_03485,train_7104,test,non_ade
ade_03486,train_5244,train,non_ade
ade_03487,train_956,train,non_ade
ade_03488,train_11934,train,non_ade
ade_03489,train_10813,train,ade
ade_03490,train_12482,train,non_ade
ade_03491,train_9677,train,non_ade
ade_03492,train_14882,train,non_ade
ade_03493,test_3016,train,ade
ade_03494,test_3571,train,non_ade
ade_03495,train_4252,test,non_ade
ade_03496,test_640,train,ade
ade_03497,train_12635,train,non_ade
ade_03498,train_11371,test,non_ade
ade_03499,test_4764,train,non_ade
ade_03500,test_1498,train,non_ade
ade_03501,train_8647,test,non_ade
ade_03502,train_16642,test,non_ade
ade_03503,train_9317,train,non_ade
ade_03504,test_5694,train,non_ade
ade_03505,train_14491,test,non_ade
ade_03506,train_9525,test,non_ade
ade_03507,train_4099,train,non_ade
ade_03508,train_1529,train,ade
ade_03509,train_6678,train,non_ade
ade_03510,train_4618,train,non_ade
ade_03511,train_1900,train,non_ade
ade_03512,train_1333,train,non_ade
ade_03513,train_2213,train,non_ade
ade_03514,train_4034,train,non_ade
ade_03515,train_16182,train,non_ade
ade_03516,test_794,train,non_ade
ade_03517,train_8661,test,non_ade
ade_03518,test_626,train,non_ade
ade_03519,train_4528,train,non_ade
ade_03520,train_8370,train,non_ade
ade_03521,train_3105,train,non_ade
ade_03522,train_2558,train,ade
ade_03523,train_9070,test,non_ade
ade_03524,test_2262,train,non_ade
ade_03525,train_13125,train,non_ade
ade_03526,train_1699,train,non_ade
ade_03527,train_13485,train,non_ade
ade_03528,test_4623,train,non_ade
ade_03529,train_6379,train,non_ade
ade_03530,test_5491,train,non_ade
ade_03531,test_3662,train,non_ade
ade_03532,test_902,train,non_ade
ade_03533,train_11557,test,non_ade
ade_03534,test_5495,train,non_ade
ade_03535,train_8935,train,non_ade
ade_03536,train_15602,train,non_ade
ade_03537,train_3123,train,non_ade
ade_03538,test_3005,train,ade
ade_03539,train_11017,test,non_ade
ade_03540,train_9094,test,ade
ade_03541,test_556,test,non_ade
ade_03542,train_8035,test,non_ade
ade_03543,train_4657,train,non_ade
ade_03544,train_9752,train,ade
ade_03545,test_2719,train,non_ade
ade_03546,train_7867,train,non_ade
ade_03547,test_486,train,non_ade
ade_03548,test_2691,test,ade
ade_03549,train_12239,train,non_ade
ade_03550,train_9759,train,non_ade
ade_03551,test_3567,train,non_ade
ade_03552,test_3783,train,non_ade
ade_03553,train_4887,train,ade
ade_03554,train_3882,train,ade
ade_03555,train_12709,train,non_ade
ade_03556,test_4500,train,non_ade
ade_03557,test_2697,train,ade
ade_03558,test_2416,train,ade
ade_03559,train_13685,train,ade
ade_03560,test_387,train,non_ade
ade_03561,test_3037,train,non_ade
ade_03562,train_16428,test,non_ade
ade_03563,test_1490,train,non_ade
ade_03564,train_2207,train,non_ade
ade_03565,train_16343,train,non_ade
ade_03566,test_3056,train,non_ade
ade_03567,train_9708,train,non_ade
ade_03568,test_1830,test,non_ade
ade_03569,train_15418,train,non_ade
ade_03570,test_1858,train,ade
ade_03571,train_2608,test,non_ade
ade_03572,train_14325,train,non_ade
ade_03573,train_2387,test,ade
ade_03574,train_10903,test,ade
ade_03575,train_4730,test,non_ade
ade_03576,test_1256,train,ade
ade_03577,train_4328,train,non_ade
ade_03578,test_2380,train,non_ade
ade_03579,train_6426,train,non_ade
ade_03580,train_15467,train,ade
ade_03581,train_15232,train,non_ade
ade_03582,train_4901,train,non_ade
ade_03583,train_12971,train,ade
ade_03584,train_5849,train,non_ade
ade_03585,train_4206,train,non_ade
ade_03586,train_321,train,non_ade
ade_03587,test_3,train,non_ade
ade_03588,train_13029,test,non_ade
ade_03589,train_7256,test,non_ade
ade_03590,train_16591,train,non_ade
ade_03591,test_1888,train,non_ade
ade_03592,test_3913,train,non_ade
ade_03593,train_11172,train,non_ade
ade_03594,test_884,test,non_ade
ade_03595,train_11002,test,non_ade
ade_03596,train_4486,train,non_ade
ade_03597,train_11040,test,non_ade
ade_03598,train_17205,test,ade
ade_03599,train_14678,train,non_ade
ade_03600,test_3585,train,non_ade
ade_03601,train_13255,train,non_ade
ade_03602,train_233,train,non_ade
ade_03603,train_1431,test,non_ade
ade_03604,train_1055,train,non_ade
ade_03605,train_5441,train,non_ade
ade_03606,test_2348,train,non_ade
ade_03607,train_10062,train,non_ade
ade_03608,train_9361,test,non_ade
ade_03609,train_3338,train,non_ade
ade_03610,train_15060,train,non_ade
ade_03611,train_203,train,non_ade
ade_03612,train_16968,train,non_ade
ade_03613,test_2751,train,non_ade
ade_03614,test_822,train,non_ade
ade_03615,test_826,train,non_ade
ade_03616,train_5889,train,ade
ade_03617,test_3590,train,non_ade
ade_03618,train_9001,train,non_ade
ade_03619,train_13136,train,non_ade
ade_03620,train_1812,train,non_ade
ade_03621,train_16385,train,non_ade
ade_03622,train_838,test,non_ade
ade_03623,train_6347,train,non_ade
ade_03624,train_12386,train,ade
ade_03625,test_87,test,non_ade
ade_03626,train_9408,train,non_ade
ade_03627,train_9461,train,non_ade
ade_03628,train_57,train,non_ade
ade_03629,train_7323,train,non_ade
ade_03630,train_13086,train,non_ade
ade_03631,test_2116,train,non_ade
ade_03632,test_3682,train,non_ade
ade_03633,test_5221,train,non_ade
ade_03634,train_1523,train,non_ade
ade_03635,test_5205,train,non_ade
ade_03636,train_11224,train,ade
ade_03637,test_5077,test,non_ade
ade_03638,train_1187,train,non_ade
ade_03639,train_8048,test,non_ade
ade_03640,train_8607,train,non_ade
ade_03641,train_5891,train,non_ade
ade_03642,train_13737,train,ade
ade_03643,test_4255,test,non_ade
ade_03644,train_11922,train,non_ade
ade_03645,test_3396,train,non_ade
ade_03646,train_17091,train,non_ade
ade_03647,train_2808,test,non_ade
ade_03648,train_10455,train,ade
ade_03649,train_3214,train,ade
ade_03650,train_15977,train,non_ade
ade_03651,train_922,train,non_ade
ade_03652,train_7632,test,ade
ade_03653,train_9869,train,non_ade
ade_03654,test_1625,train,ade
ade_03655,train_17219,test,non_ade
ade_03656,train_10645,test,non_ade
ade_03657,train_5013,test,ade
ade_03658,test_1566,test,non_ade
ade_03659,train_1434,train,non_ade
ade_03660,train_14776,train,non_ade
ade_03661,train_11736,train,ade
ade_03662,test_3130,train,non_ade
ade_03663,train_3461,train,ade
ade_03664,train_8319,test,non_ade
ade_03665,train_7735,train,non_ade
ade_03666,train_12675,train,non_ade
ade_03667,train_7392,train,non_ade
ade_03668,train_2727,train,ade
ade_03669,train_9579,train,non_ade
ade_03670,train_998,train,non_ade
ade_03671,train_14166,train,non_ade
ade_03672,train_16105,train,non_ade
ade_03673,train_741,train,non_ade
ade_03674,train_7994,train,non_ade
ade_03675,train_6750,train,non_ade
ade_03676,train_306,train,non_ade
ade_03677,train_14559,train,non_ade
ade_03678,test_3612,train,ade
ade_03679,test_2912,train,non_ade
ade_03680,train_3285,train,non_ade
ade_03681,train_16090,test,non_ade
ade_03682,train_14541,test,non_ade
ade_03683,train_12271,train,non_ade
ade_03684,test_3721,test,non_ade
ade_03685,train_13982,train,non_ade
ade_03686,test_2580,train,non_ade
ade_03687,train_9886,test,ade
ade_03688,train_9002,train,ade
ade_03689,train_17163,train,ade
ade_03690,train_4674,train,non_ade
ade_03691,test_2657,train,non_ade
ade_03692,train_11858,test,ade
ade_03693,test_3869,train,non_ade
ade_03694,train_13093,train,ade
ade_03695,train_16393,train,non_ade
ade_03696,train_2723,test,non_ade
ade_03697,train_195,train,non_ade
ade_03698,train_2180,train,non_ade
ade_03699,train_12087,test,non_ade
ade_03700,test_4779,train,non_ade
ade_03701,train_6310,train,non_ade
ade_03702,train_12512,test,non_ade
ade_03703,test_3085,train,non_ade
ade_03704,train_1521,train,non_ade
ade_03705,test_5513,train,non_ade
ade_03706,train_2798,train,ade
ade_03707,train_2220,train,ade
ade_03708,train_1802,train,ade
ade_03709,train_10782,train,non_ade
ade_03710,train_14245,train,ade
ade_03711,train_7425,test,ade
ade_03712,train_771,train,ade
ade_03713,test_5537,train,non_ade
ade_03714,train_7625,train,ade
ade_03715,test_2037,train,ade
ade_03716,train_8839,train,non_ade
ade_03717,train_2169,train,ade
ade_03718,train_5234,train,ade
ade_03719,test_1508,train,non_ade
ade_03720,train_11941,train,non_ade
ade_03721,train_7586,train,ade
ade_03722,train_13055,train,non_ade
ade_03723,train_11391,test,non_ade
ade_03724,train_8354,train,non_ade
ade_03725,train_13825,train,non_ade
ade_03726,train_16980,train,non_ade
ade_03727,train_15253,train,non_ade
ade_03728,train_4737,train,non_ade
ade_03729,train_16708,test,non_ade
ade_03730,train_3817,train,non_ade
ade_03731,train_6338,train,non_ade
ade_03732,train_4229,train,non_ade
ade_03733,train_1293,train,non_ade
ade_03734,train_6040,train,non_ade
ade_03735,train_12156,train,non_ade
ade_03736,train_14053,train,non_ade
ade_03737,train_15984,train,non_ade
ade_03738,train_13102,train,non_ade
ade_03739,train_3783,train,non_ade
ade_03740,train_8499,train,ade
ade_03741,train_6173,train,non_ade
ade_03742,test_5786,train,non_ade
ade_03743,train_1398,test,ade
ade_03744,test_4468,train,non_ade
ade_03745,train_1680,train,non_ade
ade_03746,test_3212,train,non_ade
ade_03747,train_2202,train,non_ade
ade_03748,train_16320,train,non_ade
ade_03749,test_2676,train,ade
ade_03750,test_2539,train,non_ade
ade_03751,train_7644,train,ade
ade_03752,train_6690,train,non_ade
ade_03753,train_14320,train,non_ade
ade_03754,test_4781,train,non_ade
ade_03755,test_4660,train,non_ade
ade_03756,train_11039,test,non_ade
ade_03757,train_2228,test,non_ade
ade_03758,train_7527,train,non_ade
ade_03759,test_3901,train,non_ade
ade_03760,train_8907,train,non_ade
ade_03761,train_11965,train,non_ade
ade_03762,train_4532,train,non_ade
ade_03763,train_4290,train,non_ade
ade_03764,test_5387,train,non_ade
ade_03765,train_5344,train,non_ade
ade_03766,test_3519,train,non_ade
ade_03767,train_1943,train,ade
ade_03768,train_25,train,ade
ade_03769,train_5261,train,non_ade
ade_03770,train_8974,test,non_ade
ade_03771,train_14404,test,non_ade
ade_03772,test_576,train,non_ade
ade_03773,test_4772,train,non_ade
ade_03774,test_1546,train,non_ade
ade_03775,test_4409,train,non_ade
ade_03776,train_13683,train,non_ade
ade_03777,test_1448,train,non_ade
ade_03778,test_2802,test,non_ade
ade_03779,train_3283,test,non_ade
ade_03780,train_7738,train,non_ade
ade_03781,train_10579,train,ade
ade_03782,train_16707,train,non_ade
ade_03783,train_3263,train,ade
ade_03784,train_3758,train,non_ade
ade_03785,train_10076,train,non_ade
ade_03786,train_10160,train,non_ade
ade_03787,train_4598,train,non_ade
ade_03788,train_13953,train,non_ade
ade_03789,train_2913,test,non_ade
ade_03790,train_14083,train,non_ade
ade_03791,train_13007,train,non_ade
ade_03792,train_12632,train,ade
ade_03793,train_7505,train,non_ade
ade_03794,train_4008,train,non_ade
ade_03795,train_9277,test,non_ade
ade_03796,train_2214,test,non_ade
ade_03797,test_1860,test,non_ade
ade_03798,test_4424,train,non_ade
ade_03799,test_1977,train,non_ade
ade_03800,train_7131,test,non_ade
ade_03801,train_14508,train,ade
ade_03802,train_11462,train,non_ade
ade_03803,train_15635,train,non_ade
ade_03804,train_9278,train,non_ade
ade_03805,train_1581,train,non_ade
ade_03806,train_15725,train,non_ade
ade_03807,test_5436,train,non_ade
ade_03808,test_68,test,non_ade
ade_03809,train_15341,train,non_ade
ade_03810,test_1016,train,non_ade
ade_03811,train_8718,train,non_ade
ade_03812,train_3473,train,non_ade
ade_03813,train_11646,train,non_ade
ade_03814,test_5216,train,ade
ade_03815,train_2150,train,ade
ade_03816,train_3710,train,non_ade
ade_03817,train_5175,train,non_ade
ade_03818,train_10551,train,non_ade
ade_03819,train_9952,train,ade
ade_03820,test_5376,test,non_ade
ade_03821,train_5411,test,non_ade
ade_03822,train_13411,train,ade
ade_03823,train_16490,train,ade
ade_03824,train_11658,train,non_ade
ade_03825,train_10242,train,non_ade
ade_03826,train_8202,train,non_ade
ade_03827,train_4176,train,non_ade
ade_03828,train_4502,train,non_ade
ade_03829,test_3921,train,non_ade
ade_03830,train_7361,train,ade
ade_03831,train_322,train,non_ade
ade_03832,test_326,test,non_ade
ade_03833,train_17059,test,ade
ade_03834,train_9792,train,non_ade
ade_03835,train_12287,test,non_ade
ade_03836,train_17340,train,non_ade
ade_03837,test_4812,train,ade
ade_03838,train_6395,train,non_ade
ade_03839,train_12374,train,non_ade
ade_03840,test_1200,test,non_ade
ade_03841,test_4160,train,non_ade
ade_03842,train_13909,train,non_ade
ade_03843,train_11876,test,non_ade
ade_03844,test_4743,train,non_ade
ade_03845,test_5308,train,ade
ade_03846,train_13593,test,ade
ade_03847,train_3762,train,non_ade
ade_03848,train_5123,train,non_ade
ade_03849,train_17232,train,ade
ade_03850,train_14626,train,non_ade
ade_03851,train_6295,train,non_ade
ade_03852,train_6417,train,non_ade
ade_03853,train_12391,train,ade
ade_03854,train_6986,train,ade
ade_03855,train_4150,train,non_ade
ade_03856,train_4890,train,non_ade
ade_03857,train_6980,train,non_ade
ade_03858,train_10532,test,ade
ade_03859,test_5541,train,ade
ade_03860,train_51,test,ade
ade_03861,train_6026,train,non_ade
ade_03862,train_14794,train,non_ade
ade_03863,train_3160,train,ade
ade_03864,train_6036,train,non_ade
ade_03865,test_4370,train,non_ade
ade_03866,test_568,train,ade
ade_03867,train_2269,train,non_ade
ade_03868,train_3696,train,non_ade
ade_03869,train_16663,train,non_ade
ade_03870,test_4440,train,non_ade
ade_03871,train_3298,train,ade
ade_03872,train_5832,train,non_ade
ade_03873,test_598,train,non_ade
ade_03874,train_11594,train,non_ade
ade_03875,test_5645,train,non_ade
ade_03876,train_11596,train,ade
ade_03877,train_14806,train,non_ade
ade_03878,train_10751,train,non_ade
ade_03879,train_4601,train,ade
ade_03880,train_12187,train,non_ade
ade_03881,train_3636,train,non_ade
ade_03882,train_165,train,non_ade
ade_03883,train_6104,train,non_ade
ade_03884,train_15393,test,non_ade
ade_03885,train_7306,train,non_ade
ade_03886,train_2089,test,ade
ade_03887,train_9019,train,non_ade
ade_03888,train_16220,test,non_ade
ade_03889,train_3561,test,non_ade
ade_03890,train_7215,test,non_ade
ade_03891,train_9454,train,non_ade
ade_03892,test_2445,train,non_ade
ade_03893,test_1440,train,ade
ade_03894,train_5590,train,ade
ade_03895,train_8932,train,non_ade
ade_03896,train_5647,test,ade
ade_03897,train_9687,test,non_ade
ade_03898,test_562,train,non_ade
ade_03899,train_8376,train,non_ade
ade_03900,test_2484,test,ade
ade_03901,train_2784,train,non_ade
ade_03902,test_3597,train,non_ade
ade_03903,train_16264,train,ade
ade_03904,train_809,train,ade
ade_03905,train_16128,train,non_ade
ade_03906,train_3902,train,non_ade
ade_03907,train_7365,test,non_ade
ade_03908,train_14805,train,non_ade
ade_03909,train_374,test,non_ade
ade_03910,train_16229,train,non_ade
ade_03911,train_2953,train,ade
ade_03912,train_8666,train,ade
ade_03913,train_4568,test,non_ade
ade_03914,test_4976,train,non_ade
ade_03915,train_4284,train,ade
ade_03916,train_15080,train,non_ade
ade_03917,train_12291,train,non_ade
ade_03918,train_8672,train,non_ade
ade_03919,train_3850,train,ade
ade_03920,train_5658,train,ade
ade_03921,test_257,train,non_ade
ade_03922,train_5430,train,non_ade
ade_03923,train_3293,train,non_ade
ade_03924,train_5865,train,ade
ade_03925,train_4767,train,non_ade
ade_03926,train_12412,train,ade
ade_03927,train_17036,train,non_ade
ade_03928,test_97,train,non_ade
ade_03929,train_11829,train,non_ade
ade_03930,train_2917,train,non_ade
ade_03931,train_10345,train,non_ade
ade_03932,test_2356,train,non_ade
ade_03933,train_14957,test,non_ade
ade_03934,train_16024,train,non_ade
ade_03935,train_17352,train,non_ade
ade_03936,test_593,train,non_ade
ade_03937,train_5415,test,non_ade
ade_03938,train_6303,train,non_ade
ade_03939,train_3439,test,non_ade
ade_03940,train_13034,test,non_ade
ade_03941,train_5027,train,ade
ade_03942,test_2117,test,ade
ade_03943,train_14684,train,ade
ade_03944,train_11543,train,non_ade
ade_03945,train_16939,train,non_ade
ade_03946,train_10444,train,non_ade
ade_03947,train_17514,train,ade
ade_03948,train_12972,test,non_ade
ade_03949,test_4577,train,non_ade
ade_03950,train_15289,train,ade
ade_03951,train_12429,test,non_ade
ade_03952,test_5449,train,ade
ade_03953,train_3611,train,non_ade
ade_03954,train_2038,train,ade
ade_03955,train_6718,train,ade
ade_03956,test_1781,train,non_ade
ade_03957,train_4726,train,non_ade
ade_03958,train_7781,train,ade
ade_03959,train_12584,train,non_ade
ade_03960,train_15565,train,non_ade
ade_03961,train_12571,train,non_ade
ade_03962,train_10278,train,non_ade
ade_03963,train_4138,train,non_ade
ade_03964,train_13871,train,non_ade
ade_03965,train_259,train,non_ade
ade_03966,test_1560,train,non_ade
ade_03967,train_8248,train,ade
ade_03968,test_4034,train,non_ade
ade_03969,train_1143,train,ade
ade_03970,train_12444,train,ade
ade_03971,test_411,train,ade
ade_03972,train_9394,train,non_ade
ade_03973,train_17441,train,ade
ade_03974,train_866,train,non_ade
ade_03975,test_2499,train,non_ade
ade_03976,test_3725,train,non_ade
ade_03977,test_2716,train,non_ade
ade_03978,test_4720,train,non_ade
ade_03979,train_1236,train,non_ade
ade_03980,test_5190,test,non_ade
ade_03981,train_7623,train,non_ade
ade_03982,train_17434,train,non_ade
ade_03983,train_2844,train,non_ade
ade_03984,train_12310,train,non_ade
ade_03985,train_11840,train,non_ade
ade_03986,train_8005,train,non_ade
ade_03987,train_5200,train,non_ade
ade_03988,train_13219,train,non_ade
ade_03989,train_9323,train,non_ade
ade_03990,train_4746,test,ade
ade_03991,train_11764,test,non_ade
ade_03992,train_3944,train,non_ade
ade_03993,train_2046,train,ade
ade_03994,test_5287,train,non_ade
ade_03995,train_3915,test,ade
ade_03996,train_9910,train,non_ade
ade_03997,train_9762,train,non_ade
ade_03998,test_3875,train,non_ade
ade_03999,train_7898,train,non_ade
ade_04000,train_10717,train,non_ade
ade_04001,train_15732,train,non_ade
ade_04002,train_16287,train,ade
ade_04003,train_3134,train,non_ade
ade_04004,train_11424,train,non_ade
ade_04005,test_3929,test,non_ade
ade_04006,train_3552,train,non_ade
ade_04007,train_12562,train,non_ade
ade_04008,test_3191,train,non_ade
ade_04009,test_4359,train,ade
ade_04010,train_14642,train,non_ade
ade_04011,train_16803,train,non_ade
ade_04012,train_5211,train,ade
ade_04013,train_13280,train,non_ade
ade_04014,test_2882,test,ade
ade_04015,train_7330,train,non_ade
ade_04016,train_198,test,non_ade
ade_04017,train_13230,test,non_ade
ade_04018,train_9379,train,non_ade
ade_04019,train_6082,train,non_ade
ade_04020,train_14911,train,ade
ade_04021,train_8023,train,non_ade
ade_04022,train_6401,train,non_ade
ade_04023,train_10318,train,non_ade
ade_04024,test_783,train,non_ade
ade_04025,test_3231,train,non_ade
ade_04026,train_9285,train,non_ade
ade_04027,train_4118,train,non_ade
ade_04028,train_5914,train,ade
ade_04029,train_5456,test,non_ade
ade_04030,test_3883,test,non_ade
ade_04031,train_186,train,non_ade
ade_04032,train_12863,train,non_ade
ade_04033,train_8626,test,non_ade
ade_04034,test_1173,train,non_ade
ade_04035,test_1942,train,non_ade
ade_04036,train_10562,test,non_ade
ade_04037,test_4945,train,non_ade
ade_04038,train_9612,train,ade
ade_04039,train_3654,test,non_ade
ade_04040,train_11872,train,non_ade
ade_04041,train_3394,test,non_ade
ade_04042,train_1316,train,non_ade
ade_04043,train_13915,train,non_ade
ade_04044,train_13665,test,non_ade
ade_04045,test_2389,train,non_ade
ade_04046,train_289,train,non_ade
ade_04047,test_4893,train,ade
ade_04048,train_16520,train,non_ade
ade_04049,train_16741,test,ade
ade_04050,train_11634,train,non_ade
ade_04051,train_11511,train,non_ade
ade_04052,train_13358,test,non_ade
ade_04053,train_10940,test,non_ade
ade_04054,train_13266,test,non_ade
ade_04055,train_14422,train,non_ade
ade_04056,train_6273,train,non_ade
ade_04057,test_2323,train,non_ade
ade_04058,train_3201,train,non_ade
ade_04059,train_446,train,non_ade
ade_04060,train_6248,train,non_ade
ade_04061,test_4245,train,non_ade
ade_04062,test_1380,train,non_ade
ade_04063,train_8655,train,non_ade
ade_04064,train_16025,train,non_ade
ade_04065,train_8139,train,non_ade
ade_04066,train_11263,train,non_ade
ade_04067,train_13164,train,non_ade
ade_04068,train_8657,train,ade
ade_04069,train_8339,train,non_ade
ade_04070,test_232,train,non_ade
ade_04071,train_3688,train,non_ade
ade_04072,train_4804,train,non_ade
ade_04073,test_3790,test,non_ade
ade_04074,train_3629,train,non_ade
ade_04075,train_6936,train,non_ade
ade_04076,train_3386,train,non_ade
ade_04077,test_4017,train,non_ade
ade_04078,train_13899,train,non_ade
ade_04079,test_3421,train,non_ade
ade_04080,train_3017,train,non_ade
ade_04081,test_2679,train,non_ade
ade_04082,train_911,train,non_ade
ade_04083,test_4803,train,non_ade
ade_04084,test_3435,train,non_ade
ade_04085,test_4426,train,non_ade
ade_04086,test_4452,train,non_ade
ade_04087,test_3641,train,non_ade
ade_04088,train_12367,test,non_ade
ade_04089,train_16190,train,ade
ade_04090,test_3167,train,ade
ade_04091,train_618,train,ade
ade_04092,train_8078,train,non_ade
ade_04093,test_397,test,non_ade
ade_04094,train_711,train,ade
ade_04095,train_12724,train,non_ade
ade_04096,train_3014,train,non_ade
ade_04097,test_605,train,non_ade
ade_04098,train_3607,train,non_ade
ade_04099,train_6674,train,non_ade
ade_04100,train_3458,train,non_ade
ade_04101,test_4964,train,non_ade
ade_04102,train_8112,train,ade
ade_04103,train_6766,train,non_ade
ade_04104,train_690,train,non_ade
ade_04105,train_8086,test,non_ade
ade_04106,test_2788,train,ade
ade_04107,test_3595,train,non_ade
ade_04108,test_1072,train,ade
ade_04109,train_8115,test,non_ade
ade_04110,train_11848,train,non_ade
ade_04111,test_406,train,ade
ade_04112,train_879,train,ade
ade_04113,train_8770,test,ade
ade_04114,train_7358,train,non_ade
ade_04115,train_14492,train,non_ade
ade_04116,test_4219,train,non_ade
ade_04117,test_4391,test,non_ade
ade_04118,test_1719,train,non_ade
ade_04119,train_6337,train,non_ade
ade_04120,train_11528,train,non_ade
ade_04121,test_2270,train,ade
ade_04122,test_3309,test,non_ade
ade_04123,test_5095,train,non_ade
ade_04124,test_5020,train,non_ade
ade_04125,test_5301,train,non_ade
ade_04126,train_15671,train,non_ade
ade_04127,train_2335,train,non_ade
ade_04128,train_15298,train,non_ade
ade_04129,train_15415,train,non_ade
ade_04130,test_4438,train,non_ade
ade_04131,train_16326,train,non_ade
ade_04132,train_14298,train,non_ade
ade_04133,train_495,train,non_ade
ade_04134,test_2476,train,non_ade
ade_04135,test_5677,train,non_ade
ade_04136,test_349,train,non_ade
ade_04137,train_9371,train,ade
ade_04138,train_11975,train,ade
ade_04139,train_4980,train,non_ade
ade_04140,test_1815,train,non_ade
ade_04141,train_2719,train,non_ade
ade_04142,train_4791,train,non_ade
ade_04143,test_1241,train,non_ade
ade_04144,train_10148,train,non_ade
ade_04145,test_143,test,non_ade
ade_04146,test_4412,train,non_ade
ade_04147,test_4762,test,non_ade
ade_04148,test_883,train,non_ade
ade_04149,train_8950,train,non_ade
ade_04150,train_2840,train,non_ade
ade_04151,train_6605,test,non_ade
ade_04152,train_8190,train,non_ade
ade_04153,test_3264,train,non_ade
ade_04154,test_160,train,non_ade
ade_04155,train_15138,train,non_ade
ade_04156,train_850,test,ade
ade_04157,train_1662,train,non_ade
ade_04158,train_1883,train,ade
ade_04159,train_118,train,non_ade
ade_04160,train_2354,test,non_ade
ade_04161,train_15655,train,non_ade
ade_04162,test_3042,train,non_ade
ade_04163,train_7015,train,non_ade
ade_04164,train_11253,train,non_ade
ade_04165,train_13261,train,non_ade
ade_04166,test_2371,test,non_ade
ade_04167,train_10060,test,non_ade
ade_04168,train_12811,test,non_ade
ade_04169,train_1117,train,non_ade
ade_04170,train_4194,train,ade
ade_04171,train_5960,train,non_ade
ade_04172,test_2869,train,ade
ade_04173,train_15972,train,non_ade
ade_04174,train_15216,train,ade
ade_04175,test_5214,train,non_ade
ade_04176,train_7277,train,non_ade
ade_04177,train_15403,train,non_ade
ade_04178,train_3243,test,non_ade
ade_04179,train_2230,train,non_ade
ade_04180,train_2381,train,non_ade
ade_04181,train_11857,train,non_ade
ade_04182,train_7269,train,non_ade
ade_04183,train_17424,test,non_ade
ade_04184,test_5270,train,non_ade
ade_04185,train_11983,test,non_ade
ade_04186,train_14005,train,non_ade
ade_04187,train_6493,train,non_ade
ade_04188,train_549,test,non_ade
ade_04189,train_4113,train,non_ade
ade_04190,test_2386,train,non_ade
ade_04191,train_15722,train,non_ade
ade_04192,train_74,test,ade
ade_04193,train_15897,train,non_ade
ade_04194,test_3376,train,non_ade
ade_04195,train_3540,train,non_ade
ade_04196,train_6236,train,non_ade
ade_04197,test_2678,train,non_ade
ade_04198,train_720,test,non_ade
ade_04199,test_3237,train,non_ade
ade_04200,test_1797,train,non_ade
ade_04201,train_7516,train,non_ade
ade_04202,train_5120,train,non_ade
ade_04203,train_3410,train,non_ade
ade_04204,test_4545,train,non_ade
ade_04205,test_3557,test,non_ade
ade_04206,train_17226,train,non_ade
ade_04207,train_6101,train,non_ade
ade_04208,train_5969,test,non_ade
ade_04209,test_3815,train,non_ade
ade_04210,train_6882,train,non_ade
ade_04211,train_1965,train,non_ade
ade_04212,train_10778,train,non_ade
ade_04213,train_14093,train,non_ade
ade_04214,train_14643,train,non_ade
ade_04215,train_5746,train,non_ade
ade_04216,train_7558,test,ade
ade_04217,test_2426,train,non_ade
ade_04218,test_3694,test,non_ade
ade_04219,train_9876,train,ade
ade_04220,train_7326,train,ade
ade_04221,train_7172,train,non_ade
ade_04222,train_9450,train,non_ade
ade_04223,train_12619,test,ade
ade_04224,test_3833,train,non_ade
ade_04225,train_889,train,non_ade
ade_04226,train_1618,train,non_ade
ade_04227,train_9360,train,non_ade
ade_04228,train_4476,train,non_ade
ade_04229,train_4289,train,ade
ade_04230,train_5146,train,non_ade
ade_04231,train_8043,train,non_ade
ade_04232,train_2943,train,ade
ade_04233,train_7992,test,non_ade
ade_04234,train_978,train,non_ade
ade_04235,train_3172,test,non_ade
ade_04236,train_17498,train,non_ade
ade_04237,train_5735,train,non_ade
ade_04238,train_15770,train,non_ade
ade_04239,train_1714,train,non_ade
ade_04240,test_335,train,non_ade
ade_04241,train_2301,test,non_ade
ade_04242,train_849,train,non_ade
ade_04243,train_7678,train,non_ade
ade_04244,test_2680,test,non_ade
ade_04245,train_3755,train,ade
ade_04246,train_3329,test,non_ade
ade_04247,train_15813,train,non_ade
ade_04248,train_5932,train,ade
ade_04249,train_15213,test,ade
ade_04250,train_9725,test,non_ade
ade_04251,train_10047,train,non_ade
ade_04252,train_14537,train,non_ade
ade_04253,train_3706,train,non_ade
ade_04254,train_11405,train,non_ade
ade_04255,train_15233,train,non_ade
ade_04256,train_4555,test,non_ade
ade_04257,train_11641,train,non_ade
ade_04258,test_4739,train,non_ade
ade_04259,train_3912,train,non_ade
ade_04260,train_13087,train,non_ade
ade_04261,train_6699,train,non_ade
ade_04262,train_4955,train,non_ade
ade_04263,test_1707,train,non_ade
ade_04264,train_17166,train,non_ade
ade_04265,train_6751,train,non_ade
ade_04266,test_5493,train,non_ade
ade_04267,test_3610,test,non_ade
ade_04268,train_7601,train,non_ade
ade_04269,test_3965,train,non_ade
ade_04270,train_1868,train,ade
ade_04271,train_6571,train,non_ade
ade_04272,train_2615,train,non_ade
ade_04273,train_10336,train,ade
ade_04274,train_15449,train,non_ade
ade_04275,test_963,test,non_ade
ade_04276,test_4473,test,non_ade
ade_04277,train_10650,train,ade
ade_04278,train_1848,test,non_ade
ade_04279,train_5421,test,non_ade
ade_04280,test_7,train,non_ade
ade_04281,test_1524,train,non_ade
ade_04282,train_11145,train,non_ade
ade_04283,test_4176,train,non_ade
ade_04284,train_3259,train,non_ade
ade_04285,train_2718,train,ade
ade_04286,train_8321,train,non_ade
ade_04287,train_8160,test,ade
ade_04288,train_5660,train,non_ade
ade_04289,train_2546,train,ade
ade_04290,test_1472,train,non_ade
ade_04291,train_11004,train,non_ade
ade_04292,test_5235,train,non_ade
ade_04293,train_12019,train,non_ade
ade_04294,test_3796,train,non_ade
ade_04295,train_10529,train,non_ade
ade_04296,test_1981,train,non_ade
ade_04297,test_811,train,non_ade
ade_04298,test_1296,test,non_ade
ade_04299,train_14267,test,non_ade
ade_04300,train_5981,test,ade
ade_04301,train_3628,train,non_ade
ade_04302,train_31,train,non_ade
ade_04303,train_9942,train,non_ade
ade_04304,train_3525,train,ade
ade_04305,train_851,test,non_ade
ade_04306,train_15130,train,non_ade
ade_04307,test_1274,train,non_ade
ade_04308,train_10728,train,non_ade
ade_04309,train_9585,train,non_ade
ade_04310,train_10800,train,ade
ade_04311,train_5850,train,non_ade
ade_04312,train_13302,train,non_ade
ade_04313,train_3280,train,non_ade
ade_04314,test_1430,train,non_ade
ade_04315,test_5341,train,non_ade
ade_04316,test_372,train,non_ade
ade_04317,train_12744,train,non_ade
ade_04318,train_3504,train,non_ade
ade_04319,train_10175,train,ade
ade_04320,test_1452,train,ade
ade_04321,train_14369,train,ade
ade_04322,train_11923,test,non_ade
ade_04323,train_17332,train,non_ade
ade_04324,test_319,test,non_ade
ade_04325,train_17623,train,non_ade
ade_04326,test_650,train,non_ade
ade_04327,train_15865,train,non_ade
ade_04328,train_10232,train,non_ade
ade_04329,train_7051,train,ade
ade_04330,train_9373,test,non_ade
ade_04331,train_3661,train,ade
ade_04332,test_2232,train,non_ade
ade_04333,train_17520,train,non_ade
ade_04334,train_10816,train,ade
ade_04335,train_1322,train,non_ade
ade_04336,test_15,train,non_ade
ade_04337,test_601,test,non_ade
ade_04338,train_17185,train,non_ade
ade_04339,train_10901,train,ade
ade_04340,train_11205,train,non_ade
ade_04341,train_11403,test,non_ade
ade_04342,train_3701,test,non_ade
ade_04343,train_6642,train,non_ade
ade_04344,train_13132,train,ade
ade_04345,train_11968,train,non_ade
ade_04346,train_10327,train,non_ade
ade_04347,train_11930,train,non_ade
ade_04348,train_422,train,ade
ade_04349,train_4909,train,non_ade
ade_04350,train_11217,test,non_ade
ade_04351,test_854,train,non_ade
ade_04352,train_388,train,non_ade
ade_04353,train_8232,train,ade
ade_04354,train_6375,train,ade
ade_04355,test_3978,train,non_ade
ade_04356,test_150,test,non_ade
ade_04357,train_4301,train,non_ade
ade_04358,test_3911,train,ade
ade_04359,train_8363,train,ade
ade_04360,train_13260,train,non_ade
ade_04361,train_4307,train,non_ade
ade_04362,test_5086,test,non_ade
ade_04363,train_14727,train,ade
ade_04364,train_6462,train,ade
ade_04365,train_10259,train,non_ade
ade_04366,test_3208,train,non_ade
ade_04367,train_5032,train,ade
ade_04368,train_12731,train,non_ade
ade_04369,train_11751,train,non_ade
ade_04370,train_16761,test,non_ade
ade_04371,train_16934,train,non_ade
ade_04372,train_2184,test,ade
ade_04373,test_3945,train,non_ade
ade_04374,train_10607,train,non_ade
ade_04375,test_864,test,non_ade
ade_04376,test_2095,test,ade
ade_04377,test_425,test,non_ade
ade_04378,train_3651,train,non_ade
ade_04379,train_17177,train,non_ade
ade_04380,train_7025,train,non_ade
ade_04381,train_12604,train,non_ade
ade_04382,train_16746,train,non_ade
ade_04383,train_6370,train,non_ade
ade_04384,train_9903,train,non_ade
ade_04385,train_5020,train,non_ade
ade_04386,test_4786,train,non_ade
ade_04387,train_412,train,non_ade
ade_04388,test_2028,train,non_ade
ade_04389,test_4497,train,non_ade
ade_04390,train_16817,train,non_ade
ade_04391,train_12172,train,non_ade
ade_04392,train_2501,test,non_ade
ade_04393,train_1368,train,non_ade
ade_04394,test_5203,train,non_ade
ade_04395,train_12665,train,non_ade
ade_04396,test_5066,train,non_ade
ade_04397,train_10071,test,ade
ade_04398,train_4417,test,non_ade
ade_04399,train_15172,train,non_ade
ade_04400,train_4116,train,non_ade
ade_04401,test_3711,train,non_ade
ade_04402,train_12015,train,non_ade
ade_04403,train_15504,test,non_ade
ade_04404,train_5188,test,non_ade
ade_04405,test_246,test,ade
ade_04406,train_5341,test,non_ade
ade_04407,train_12147,train,ade
ade_04408,test_1870,train,ade
ade_04409,train_8033,train,non_ade
ade_04410,train_4751,train,non_ade
ade_04411,train_11572,train,non_ade
ade_04412,train_15201,train,non_ade
ade_04413,train_2058,train,ade
ade_04414,train_17476,train,non_ade
ade_04415,train_4282,train,non_ade
ade_04416,train_10089,train,non_ade
ade_04417,train_2574,test,non_ade
ade_04418,train_14107,train,non_ade
ade_04419,train_3417,train,ade
ade_04420,train_699,train,non_ade
ade_04421,train_10450,train,non_ade
ade_04422,train_13478,test,non_ade
ade_04423,train_17328,train,non_ade
ade_04424,train_7896,train,non_ade
ade_04425,test_4156,test,non_ade
ade_04426,train_12272,train,ade
ade_04427,train_12229,train,non_ade
ade_04428,train_6200,train,non_ade
ade_04429,train_11483,test,non_ade
ade_04430,train_17134,train,non_ade
ade_04431,train_5286,train,ade
ade_04432,train_2054,test,non_ade
ade_04433,test_3107,train,non_ade
ade_04434,train_2369,train,non_ade
ade_04435,train_9550,train,ade
ade_04436,train_1469,test,ade
ade_04437,train_7659,train,non_ade
ade_04438,train_3456,test,non_ade
ade_04439,train_4040,train,ade
ade_04440,train_13356,train,non_ade
ade_04441,train_3894,test,non_ade
ade_04442,train_2248,train,ade
ade_04443,train_4308,train,non_ade
ade_04444,train_5623,train,non_ade
ade_04445,train_5509,train,non_ade
ade_04446,train_5528,test,non_ade
ade_04447,train_11080,train,non_ade
ade_04448,test_1996,train,ade
ade_04449,train_9917,test,ade
ade_04450,train_2760,train,non_ade
ade_04451,test_1194,train,non_ade
ade_04452,train_14880,train,non_ade
ade_04453,test_4322,train,non_ade
ade_04454,test_17,train,ade
ade_04455,test_1149,train,non_ade
ade_04456,test_1223,train,non_ade
ade_04457,test_2298,train,non_ade
ade_04458,train_10291,train,non_ade
ade_04459,train_4279,train,non_ade
ade_04460,train_1037,train,non_ade
ade_04461,train_16613,train,non_ade
ade_04462,train_7347,train,non_ade
ade_04463,train_2307,train,non_ade
ade_04464,train_17578,train,non_ade
ade_04465,test_3332,train,non_ade
ade_04466,train_14371,train,non_ade
ade_04467,train_3743,train,non_ade
ade_04468,train_4104,train,non_ade
ade_04469,test_2014,train,ade
ade_04470,train_1126,train,non_ade
ade_04471,train_15923,test,non_ade
ade_04472,test_1925,train,non_ade
ade_04473,test_4607,test,non_ade
ade_04474,train_7082,train,non_ade
ade_04475,train_10971,train,non_ade
ade_04476,train_14466,train,non_ade
ade_04477,test_1722,train,ade
ade_04478,train_15360,train,non_ade
ade_04479,train_5553,train,ade
ade_04480,train_11846,train,non_ade
ade_04481,train_6515,train,non_ade
ade_04482,train_2114,train,non_ade
ade_04483,train_10924,train,non_ade
ade_04484,train_15128,train,ade
ade_04485,test_5073,train,non_ade
ade_04486,train_4743,train,ade
ade_04487,test_4353,train,non_ade
ade_04488,train_1932,train,non_ade
ade_04489,test_5185,test,non_ade
ade_04490,test_4324,train,non_ade
ade_04491,train_9584,train,non_ade
ade_04492,train_4941,train,non_ade
ade_04493,train_16383,test,non_ade
ade_04494,train_8968,train,non_ade
ade_04495,train_9174,train,non_ade
ade_04496,test_1520,train,non_ade
ade_04497,train_15089,test,non_ade
ade_04498,train_13892,train,non_ade
ade_04499,train_8098,train,non_ade
ade_04500,train_10817,test,non_ade
ade_04501,train_868,train,non_ade
ade_04502,test_4365,train,non_ade
ade_04503,train_1240,train,non_ade
ade_04504,train_5392,test,non_ade
ade_04505,train_1606,train,ade
ade_04506,train_2393,train,non_ade
ade_04507,train_6536,train,non_ade
ade_04508,train_8919,train,non_ade
ade_04509,train_2866,train,non_ade
ade_04510,train_2049,train,non_ade
ade_04511,train_8461,train,ade
ade_04512,test_5428,train,non_ade
ade_04513,test_3394,train,non_ade
ade_04514,test_3048,train,non_ade
ade_04515,train_2085,train,non_ade
ade_04516,train_13912,train,non_ade
ade_04517,train_5418,test,non_ade
ade_04518,train_8126,train,non_ade
ade_04519,test_4168,train,non_ade
ade_04520,train_6912,train,non_ade
ade_04521,train_16219,test,non_ade
ade_04522,train_9902,train,ade
ade_04523,test_217,train,non_ade
ade_04524,train_820,train,non_ade
ade_04525,test_1352,train,non_ade
ade_04526,train_16754,train,non_ade
ade_04527,test_671,test,non_ade
ade_04528,train_11336,train,non_ade
ade_04529,train_8274,train,non_ade
ade_04530,train_2495,test,non_ade
ade_04531,train_10118,test,ade
ade_04532,train_7769,train,non_ade
ade_04533,train_1090,test,non_ade
ade_04534,train_15096,test,non_ade
ade_04535,train_5942,train,non_ade
ade_04536,test_1454,train,non_ade
ade_04537,train_3787,train,non_ade
ade_04538,train_13846,train,non_ade
ade_04539,test_1829,test,non_ade
ade_04540,train_499,train,non_ade
ade_04541,train_5391,train,ade
ade_04542,test_701,train,non_ade
ade_04543,train_11697,train,non_ade
ade_04544,train_13391,train,non_ade
ade_04545,train_5086,train,ade
ade_04546,train_13498,train,non_ade
ade_04547,train_1978,train,non_ade
ade_04548,train_10531,train,non_ade
ade_04549,train_8653,train,ade
ade_04550,test_935,train,non_ade
ade_04551,train_8107,train,non_ade
ade_04552,train_14448,train,non_ade
ade_04553,train_14294,train,non_ade
ade_04554,test_2926,train,non_ade
ade_04555,train_550,train,non_ade
ade_04556,train_7933,train,non_ade
ade_04557,train_16553,test,non_ade
ade_04558,train_13960,train,non_ade
ade_04559,test_5788,train,non_ade
ade_04560,train_99,train,ade
ade_04561,train_8061,train,non_ade
ade_04562,train_12804,train,non_ade
ade_04563,test_1423,train,non_ade
ade_04564,train_8709,train,ade
ade_04565,train_1595,train,non_ade
ade_04566,train_10394,train,non_ade
ade_04567,train_4926,train,non_ade
ade_04568,test_5724,train,non_ade
ade_04569,train_7774,train,non_ade
ade_04570,train_745,train,non_ade
ade_04571,train_15084,train,non_ade
ade_04572,train_10861,train,non_ade
ade_04573,train_17231,train,non_ade
ade_04574,train_11044,train,non_ade
ade_04575,test_5777,test,non_ade
ade_04576,train_17150,test,non_ade
ade_04577,test_759,train,non_ade
ade_04578,train_5437,test,non_ade
ade_04579,train_13891,train,ade
ade_04580,train_12190,train,non_ade
ade_04581,train_17019,train,non_ade
ade_04582,train_5427,train,ade
ade_04583,train_9982,train,non_ade
ade_04584,train_6738,train,ade
ade_04585,train_14789,train,ade
ade_04586,train_11996,train,ade
ade_04587,train_1209,train,non_ade
ade_04588,train_6124,test,non_ade
ade_04589,test_190,test,non_ade
ade_04590,train_4037,train,non_ade
ade_04591,train_16076,train,non_ade
ade_04592,train_5071,train,ade
ade_04593,train_8120,train,non_ade
ade_04594,train_7892,test,ade
ade_04595,train_4720,test,non_ade
ade_04596,test_5640,train,non_ade
ade_04597,train_1705,train,non_ade
ade_04598,train_2653,test,non_ade
ade_04599,train_1665,train,non_ade
ade_04600,train_6460,train,non_ade
ade_04601,train_6601,train,non_ade
ade_04602,train_6909,train,non_ade
ade_04603,train_9714,train,non_ade
ade_04604,test_2794,train,non_ade
ade_04605,train_12736,train,non_ade
ade_04606,test_3771,train,non_ade
ade_04607,train_3898,train,non_ade
ade_04608,train_12039,train,non_ade
ade_04609,train_1274,train,non_ade
ade_04610,train_11245,train,ade
ade_04611,train_9958,train,non_ade
ade_04612,train_3639,train,non_ade
ade_04613,train_10443,test,non_ade
ade_04614,train_15516,train,non_ade
ade_04615,train_3534,train,non_ade
ade_04616,train_2308,train,non_ade
ade_04617,train_13807,train,non_ade
ade_04618,train_13021,train,non_ade
ade_04619,train_14300,train,non_ade
ade_04620,train_11453,test,non_ade
ade_04621,test_5688,test,non_ade
ade_04622,train_3374,train,ade
ade_04623,train_2593,train,non_ade
ade_04624,train_7438,test,ade
ade_04625,train_7408,train,non_ade
ade_04626,train_15683,train,non_ade
ade_04627,train_16969,train,non_ade
ade_04628,train_16206,test,non_ade
ade_04629,train_17369,train,non_ade
ade_04630,train_8720,train,non_ade
ade_04631,train_10131,train,ade
ade_04632,train_11951,train,non_ade
ade_04633,train_378,train,ade
ade_04634,train_4220,train,non_ade
ade_04635,train_10083,train,ade
ade_04636,train_6627,test,non_ade
ade_04637,test_3877,train,non_ade
ade_04638,train_15680,test,non_ade
ade_04639,train_3399,train,ade
ade_04640,test_919,train,non_ade
ade_04641,train_5522,test,ade
ade_04642,train_13867,train,non_ade
ade_04643,train_3244,train,non_ade
ade_04644,train_13882,train,non_ade
ade_04645,train_15929,train,non_ade
ade_04646,train_10137,test,non_ade
ade_04647,train_1952,train,non_ade
ade_04648,test_5793,train,non_ade
ade_04649,train_3740,train,non_ade
ade_04650,train_12298,train,non_ade
ade_04651,train_4414,train,non_ade
ade_04652,train_4362,train,non_ade
ade_04653,test_5598,train,non_ade
ade_04654,train_13672,train,ade
ade_04655,train_5688,test,non_ade
ade_04656,test_3223,test,non_ade
ade_04657,train_9778,train,non_ade
ade_04658,train_9230,train,ade
ade_04659,train_16912,train,ade
ade_04660,train_16684,test,non_ade
ade_04661,train_1440,train,non_ade
ade_04662,test_5469,test,non_ade
ade_04663,train_4686,test,non_ade
ade_04664,train_15502,train,ade
ade_04665,train_13917,train,non_ade
ade_04666,test_2688,train,non_ade
ade_04667,train_10218,train,non_ade
ade_04668,test_4823,train,non_ade
ade_04669,test_4484,test,non_ade
ade_04670,train_1920,train,non_ade
ade_04671,train_13647,train,non_ade
ade_04672,test_2013,test,non_ade
ade_04673,train_1571,test,non_ade
ade_04674,train_15008,train,non_ade
ade_04675,train_13238,train,non_ade
ade_04676,train_4831,train,ade
ade_04677,train_65,train,non_ade
ade_04678,test_5152,test,non_ade
ade_04679,test_3623,train,non_ade
ade_04680,train_5795,train,non_ade
ade_04681,train_95,train,ade
ade_04682,train_2526,train,non_ade
ade_04683,train_7397,train,non_ade
ade_04684,train_5900,test,ade
ade_04685,train_582,train,non_ade
ade_04686,train_16605,train,non_ade
ade_04687,train_10490,train,ade
ade_04688,train_6613,train,ade
ade_04689,train_10048,train,ade
ade_04690,train_9294,train,ade
ade_04691,test_4982,test,non_ade
ade_04692,train_12597,test,ade
ade_04693,train_14762,train,non_ade
ade_04694,train_16967,train,ade
ade_04695,train_1814,train,non_ade
ade_04696,train_6848,train,non_ade
ade_04697,train_11546,train,non_ade
ade_04698,train_3554,train,non_ade
ade_04699,train_1233,train,non_ade
ade_04700,test_82,train,non_ade
ade_04701,test_185,train,non_ade
ade_04702,train_7717,train,non_ade
ade_04703,train_9105,train,ade
ade_04704,train_3429,test,non_ade
ade_04705,train_226,train,non_ade
ade_04706,test_1304,train,non_ade
ade_04707,train_10454,test,non_ade
ade_04708,train_14876,train,ade
ade_04709,train_4274,train,ade
ade_04710,train_753,train,ade
ade_04711,train_6904,train,non_ade
ade_04712,test_829,train,non_ade
ade_04713,train_24,train,ade
ade_04714,test_5631,test,non_ade
ade_04715,train_942,train,ade
ade_04716,test_5386,train,non_ade
ade_04717,test_2649,test,non_ade
ade_04718,train_2583,train,non_ade
ade_04719,train_11680,test,ade
ade_04720,train_12343,train,non_ade
ade_04721,train_13011,train,non_ade
ade_04722,train_17120,train,non_ade
ade_04723,train_3819,train,ade
ade_04724,train_15010,train,ade
ade_04725,train_1832,test,non_ade
ade_04726,train_5869,test,non_ade
ade_04727,train_16127,train,non_ade
ade_04728,train_5852,train,ade
ade_04729,train_16603,train,ade
ade_04730,train_15698,test,non_ade
ade_04731,train_12253,train,non_ade
ade_04732,train_15003,train,non_ade
ade_04733,test_2918,train,non_ade
ade_04734,train_10954,train,ade
ade_04735,test_3704,train,non_ade
ade_04736,train_12101,test,non_ade
ade_04737,train_6795,train,non_ade
ade_04738,train_5242,test,non_ade
ade_04739,train_4919,train,non_ade
ade_04740,train_13654,test,non_ade
ade_04741,train_8471,train,ade
ade_04742,test_3033,train,non_ade
ade_04743,train_1903,test,non_ade
ade_04744,test_2814,train,non_ade
ade_04745,train_16104,train,non_ade
ade_04746,train_4732,test,ade
ade_04747,train_15832,train,non_ade
ade_04748,train_12465,train,non_ade
ade_04749,test_770,train,ade
ade_04750,train_7267,train,non_ade
ade_04751,test_3548,train,non_ade
ade_04752,train_8476,train,non_ade
ade_04753,train_9384,train,non_ade
ade_04754,train_4701,test,ade
ade_04755,train_4105,train,ade
ade_04756,train_3859,test,non_ade
ade_04757,train_14830,train,non_ade
ade_04758,train_4597,test,non_ade
ade_04759,train_6893,train,non_ade
ade_04760,test_4381,train,non_ade
ade_04761,train_13287,train,non_ade
ade_04762,train_3419,train,non_ade
ade_04763,train_10219,train,non_ade
ade_04764,train_5919,train,non_ade
ade_04765,test_4285,train,non_ade
ade_04766,test_1363,train,non_ade
ade_04767,test_1518,train,ade
ade_04768,train_6058,test,non_ade
ade_04769,train_8503,test,non_ade
ade_04770,test_809,test,non_ade
ade_04771,train_8335,train,non_ade
ade_04772,test_3294,train,non_ade
ade_04773,train_14121,train,non_ade
ade_04774,train_11797,train,ade
ade_04775,test_1002,test,non_ade
ade_04776,train_14137,train,non_ade
ade_04777,train_6383,train,non_ade
ade_04778,train_9197,test,non_ade
ade_04779,train_11211,train,non_ade
ade_04780,train_3060,train,ade
ade_04781,train_268,train,non_ade
ade_04782,train_3955,test,non_ade
ade_04783,train_7259,test,non_ade
ade_04784,train_13067,train,non_ade
ade_04785,train_11229,train,non_ade
ade_04786,train_4540,train,ade
ade_04787,test_5749,train,non_ade
ade_04788,train_17421,train,non_ade
ade_04789,test_1416,train,ade
ade_04790,train_12753,train,non_ade
ade_04791,train_3048,train,non_ade
ade_04792,train_6617,train,non_ade
ade_04793,train_8486,train,ade
ade_04794,train_1408,train,non_ade
ade_04795,train_1311,test,non_ade
ade_04796,train_4883,test,non_ade
ade_04797,test_2160,train,non_ade
ade_04798,train_15263,train,non_ade
ade_04799,train_10524,test,non_ade
ade_04800,train_16411,train,non_ade
ade_04801,train_14023,train,non_ade
ade_04802,train_16310,train,ade
ade_04803,train_1605,train,non_ade
ade_04804,train_3278,test,ade
ade_04805,train_2601,test,non_ade
ade_04806,train_3906,train,non_ade
ade_04807,train_17487,train,non_ade
ade_04808,test_4610,train,ade
ade_04809,train_8430,train,non_ade
ade_04810,test_4798,train,non_ade
ade_04811,train_1137,test,non_ade
ade_04812,test_4984,train,non_ade
ade_04813,train_1471,train,non_ade
ade_04814,train_9533,test,non_ade
ade_04815,train_10194,train,non_ade
ade_04816,train_9800,train,non_ade
ade_04817,train_10343,train,non_ade
ade_04818,train_8318,train,non_ade
ade_04819,test_1648,train,non_ade
ade_04820,train_10885,train,ade
ade_04821,train_10564,train,ade
ade_04822,train_12007,test,non_ade
ade_04823,train_15963,train,non_ade
ade_04824,train_1847,train,non_ade
ade_04825,train_8041,train,non_ade
ade_04826,train_13661,train,non_ade
ade_04827,train_3875,train,ade
ade_04828,train_14031,train,non_ade
ade_04829,train_17368,train,non_ade
ade_04830,train_5628,train,non_ade
ade_04831,test_1724,train,non_ade
ade_04832,test_3667,test,non_ade
ade_04833,train_7660,train,non_ade
ade_04834,train_1861,test,non_ade
ade_04835,train_2983,test,ade
ade_04836,train_5081,test,non_ade
ade_04837,train_16040,train,non_ade
ade_04838,train_6871,train,ade
ade_04839,train_14547,test,non_ade
ade_04840,train_8796,train,non_ade
ade_04841,test_1880,train,non_ade
ade_04842,train_1939,train,ade
ade_04843,test_799,train,non_ade
ade_04844,test_1519,train,non_ade
ade_04845,test_1563,train,non_ade
ade_04846,test_5116,train,non_ade
ade_04847,train_11137,train,non_ade
ade_04848,train_2265,train,non_ade
ade_04849,train_2527,train,ade
ade_04850,train_7303,train,ade
ade_04851,train_10474,train,non_ade
ade_04852,train_7454,train,non_ade
ade_04853,train_6537,train,ade
ade_04854,train_2955,test,ade
ade_04855,train_17268,test,non_ade
ade_04856,train_6783,train,ade
ade_04857,test_5029,train,non_ade
ade_04858,train_1788,train,non_ade
ade_04859,train_16267,test,non_ade
ade_04860,train_5508,train,non_ade
ade_04861,test_643,test,non_ade
ade_04862,test_743,test,non_ade
ade_04863,train_1779,train,non_ade
ade_04864,train_9148,test,non_ade
ade_04865,train_17259,train,non_ade
ade_04866,train_8936,test,ade
ade_04867,train_16564,train,non_ade
ade_04868,test_5731,test,non_ade
ade_04869,train_14501,train,non_ade
ade_04870,train_12874,train,non_ade
ade_04871,train_14388,train,non_ade
ade_04872,train_10665,train,non_ade
ade_04873,train_14460,train,non_ade
ade_04874,train_12778,train,non_ade
ade_04875,train_6574,train,non_ade
ade_04876,train_14045,train,non_ade
ade_04877,train_11631,test,non_ade
ade_04878,test_199,train,non_ade
ade_04879,train_10649,test,non_ade
ade_04880,test_5355,train,non_ade
ade_04881,train_1463,train,non_ade
ade_04882,train_3588,train,non_ade
ade_04883,train_10776,train,non_ade
ade_04884,train_17630,train,non_ade
ade_04885,train_10849,train,non_ade
ade_04886,train_17556,train,non_ade
ade_04887,train_3589,train,non_ade
ade_04888,train_1953,train,non_ade
ade_04889,train_6584,train,non_ade
ade_04890,test_271,train,non_ade
ade_04891,train_5132,train,non_ade
ade_04892,train_7138,train,non_ade
ade_04893,train_8141,train,non_ade
ade_04894,test_227,train,non_ade
ade_04895,train_2135,train,non_ade
ade_04896,train_8724,test,ade
ade_04897,train_1305,train,non_ade
ade_04898,train_13129,train,non_ade
ade_04899,train_6193,test,non_ade
ade_04900,train_1104,train,non_ade
ade_04901,train_1282,test,non_ade
ade_04902,train_252,train,non_ade
ade_04903,train_7382,test,non_ade
ade_04904,train_13195,train,non_ade
ade_04905,train_12177,test,non_ade
ade_04906,train_802,train,ade
ade_04907,train_4187,test,non_ade
ade_04908,train_8075,train,ade
ade_04909,train_12449,train,non_ade
ade_04910,train_9731,train,non_ade
ade_04911,test_4773,train,non_ade
ade_04912,train_11454,test,non_ade
ade_04913,train_13589,train,non_ade
ade_04914,test_11,train,non_ade
ade_04915,train_12293,test,ade
ade_04916,train_4929,test,non_ade
ade_04917,train_9056,train,ade
ade_04918,test_3268,train,non_ade
ade_04919,train_10415,test,ade
ade_04920,train_6944,train,non_ade
ade_04921,train_8272,train,non_ade
ade_04922,train_13678,train,non_ade
ade_04923,train_1740,train,non_ade
ade_04924,train_11541,train,non_ade
ade_04925,train_4824,test,ade
ade_04926,train_8185,train,non_ade
ade_04927,train_11463,train,non_ade
ade_04928,train_12759,train,non_ade
ade_04929,train_420,test,ade
ade_04930,train_8549,train,non_ade
ade_04931,train_13521,train,non_ade
ade_04932,train_8383,train,non_ade
ade_04933,train_2489,train,non_ade
ade_04934,train_1372,train,ade
ade_04935,train_2113,test,ade
ade_04936,train_5307,train,non_ade
ade_04937,train_12450,test,non_ade
ade_04938,train_5706,test,non_ade
ade_04939,train_15054,train,non_ade
ade_04940,train_14967,train,non_ade
ade_04941,train_4228,train,non_ade
ade_04942,train_1245,train,ade
ade_04943,train_12513,train,non_ade
ade_04944,train_9000,train,ade
ade_04945,train_15346,test,ade
ade_04946,train_6505,train,non_ade
ade_04947,test_850,test,non_ade
ade_04948,train_6177,train,non_ade
ade_04949,train_2649,test,non_ade
ade_04950,train_5202,test,non_ade
ade_04951,train_12480,train,non_ade
ade_04952,test_2668,train,non_ade
ade_04953,train_1807,train,non_ade
ade_04954,train_4164,train,ade
ade_04955,test_5465,train,non_ade
ade_04956,test_3512,train,non_ade
ade_04957,test_1545,train,non_ade
ade_04958,train_6161,train,non_ade
ade_04959,test_4070,test,non_ade
ade_04960,test_2044,train,non_ade
ade_04961,train_7546,train,non_ade
ade_04962,train_9295,test,non_ade
ade_04963,train_8379,train,ade
ade_04964,train_11971,train,ade
ade_04965,train_6656,test,non_ade
ade_04966,train_6207,test,non_ade
ade_04967,train_9688,train,ade
ade_04968,test_3880,train,non_ade
ade_04969,train_16713,train,non_ade
ade_04970,train_2365,test,ade
ade_04971,train_6575,train,ade
ade_04972,test_487,train,non_ade
ade_04973,train_5841,test,ade
ade_04974,train_7003,train,non_ade
ade_04975,test_946,train,non_ade
ade_04976,train_8231,train,non_ade
ade_04977,train_13830,train,ade
ade_04978,test_422,train,non_ade
ade_04979,train_3457,test,non_ade
ade_04980,test_5148,train,non_ade
ade_04981,train_7187,train,non_ade
ade_04982,test_4471,train,ade
ade_04983,train_8095,train,non_ade
ade_04984,train_1273,train,non_ade
ade_04985,test_3247,train,non_ade
ade_04986,train_6923,test,non_ade
ade_04987,train_2922,train,non_ade
ade_04988,train_15575,train,non_ade
ade_04989,train_2186,train,ade
ade_04990,test_1366,train,non_ade
ade_04991,test_1172,train,non_ade
ade_04992,train_14918,train,non_ade
ade_04993,test_607,train,non_ade
ade_04994,train_2431,train,non_ade
ade_04995,train_4337,train,ade
ade_04996,test_5251,train,non_ade
ade_04997,train_16718,train,non_ade
ade_04998,train_4258,train,non_ade
ade_04999,train_10983,train,non_ade
